sample_index,elapsed_us,sample_valid,calibrated_valid,fn_1_raw_v,ft_1_raw_v,fn_1_zero_v,ft_1_zero_v,clean_force_n,clean_handle_torque_nm,fn_2_raw_v,ft_2_raw_v,fn_2_zero_v,ft_2_zero_v,clean_force_2_n,clean_handle_torque_2_nm
0,5910,1,1,-0.061,-2.339,-0.059,-2.34,-0.001228874416,2.111049752e-06,-0.727,-3.748,-0.733,-3.738,0.006806666838,-4.00120917e-06
1,15039,1,1,-0.061,-2.339,-0.059,-2.34,-0.001228874416,2.111049752e-06,-0.743,-3.747,-0.733,-3.738,-0.01134444473,-3.601088253e-06
2,25280,1,1,-0.062,-2.339,-0.059,-2.34,-0.001843311624,2.111049752e-06,-0.743,-3.747,-0.733,-3.738,-0.01134444473,-3.601088253e-06
3,35667,1,1,-0.06,-2.338,-0.059,-2.34,-0.0006144372081,4.222099503e-06,-0.729,-3.749,-0.733,-3.738,0.004537777892,-4.401330087e-06
4,48001,1,1,-0.06,-2.338,-0.059,-2.34,-0.0006144372081,4.222099503e-06,-0.734,-3.745,-0.733,-3.738,-0.001134444473,-2.800846419e-06
5,54902,1,1,-0.06,-2.338,-0.059,-2.34,-0.0006144372081,4.222099503e-06,-0.734,-3.745,-0.733,-3.738,-0.001134444473,-2.800846419e-06
6,65227,1,1,-0.06,-2.338,-0.059,-2.34,-0.0006144372081,4.222099503e-06,-0.734,-3.745,-0.733,-3.738,-0.001134444473,-2.800846419e-06
7,75449,1,1,-0.06,-2.338,-0.059,-2.34,-0.0006144372081,4.222099503e-06,-0.734,-3.745,-0.733,-3.738,-0.001134444473,-2.800846419e-06
8,85784,1,1,-0.062,-2.34,-0.059,-2.34,-0.001843311624,0,-0.734,-3.745,-0.733,-3.738,-0.001134444473,-2.800846419e-06
9,94922,1,1,-0.06,-2.338,-0.059,-2.34,-0.0006144372081,4.222099503e-06,-0.729,-3.749,-0.733,-3.738,0.004537777892,-4.401330087e-06
10,105141,1,1,-0.06,-2.338,-0.059,-2.34,-0.0006144372081,4.222099503e-06,-0.727,-3.748,-0.733,-3.738,0.006806666838,-4.00120917e-06
11,115232,1,1,-0.062,-2.34,-0.059,-2.34,-0.001843311624,0,-0.733,-3.745,-0.733,-3.738,0,-2.800846419e-06
12,124946,1,1,-0.061,-2.339,-0.059,-2.34,-0.001228874416,2.111049752e-06,-0.731,-3.756,-0.733,-3.738,0.002268888946,-7.202176506e-06
13,135100,1,1,-0.061,-2.339,-0.059,-2.34,-0.001228874416,2.111049752e-06,-0.739,-3.749,-0.733,-3.738,-0.006806666838,-4.401330087e-06
14,147797,1,1,-0.062,-2.34,-0.059,-2.34,-0.001843311624,0,-0.739,-3.749,-0.733,-3.738,-0.006806666838,-4.401330087e-06
15,154925,1,1,-0.062,-2.339,-0.059,-2.34,-0.001843311624,2.111049752e-06,-0.739,-3.749,-0.733,-3.738,-0.006806666838,-4.401330087e-06
16,165214,1,1,-0.061,-2.339,-0.059,-2.34,-0.001228874416,2.111049752e-06,-0.728,-3.748,-0.733,-3.738,0.005672222365,-4.00120917e-06
17,175247,1,1,-0.062,-2.34,-0.059,-2.34,-0.001843311624,0,-0.739,-3.746,-0.733,-3.738,-0.006806666838,-3.200967336e-06
18,185362,1,1,-0.061,-2.34,-0.059,-2.34,-0.001228874416,0,-0.729,-3.749,-0.733,-3.738,0.004537777892,-4.401330087e-06
19,194960,1,1,-0.061,-2.34,-0.059,-2.34,-0.001228874416,0,-0.741,-3.76,-0.733,-3.738,-0.009075555784,-8.802660174e-06
20,205180,1,1,-0.062,-2.34,-0.059,-2.34,-0.001843311624,0,-0.741,-3.76,-0.733,-3.738,-0.009075555784,-8.802660174e-06
21,215185,1,1,-0.06,-2.339,-0.059,-2.34,-0.0006144372081,2.111049752e-06,-0.728,-3.751,-0.733,-3.738,0.005672222365,-5.201571921e-06
22,225467,1,1,-0.06,-2.339,-0.059,-2.34,-0.0006144372081,2.111049752e-06,-0.74,-3.758,-0.733,-3.738,-0.007941111311,-8.00241834e-06
23,235244,1,1,-0.061,-2.34,-0.059,-2.34,-0.001228874416,0,-0.74,-3.758,-0.733,-3.738,-0.007941111311,-8.00241834e-06
24,248516,1,1,-0.06,-2.337,-0.059,-2.34,-0.0006144372081,6.333149255e-06,-0.731,-3.746,-0.733,-3.738,0.002268888946,-3.200967336e-06
25,254921,1,1,-0.06,-2.337,-0.059,-2.34,-0.0006144372081,6.333149255e-06,-0.741,-3.757,-0.733,-3.738,-0.009075555784,-7.602297423e-06
26,264965,1,1,-0.061,-2.34,-0.059,-2.34,-0.001228874416,0,-0.741,-3.757,-0.733,-3.738,-0.009075555784,-7.602297423e-06
27,275108,1,1,-0.061,-2.338,-0.059,-2.34,-0.001228874416,4.222099503e-06,-0.727,-3.749,-0.733,-3.738,0.006806666838,-4.401330087e-06
28,285131,1,1,-0.061,-2.338,-0.059,-2.34,-0.001228874416,4.222099503e-06,-0.739,-3.749,-0.733,-3.738,-0.006806666838,-4.401330087e-06
29,294964,1,1,-0.062,-2.34,-0.059,-2.34,-0.001843311624,0,-0.739,-3.749,-0.733,-3.738,-0.006806666838,-4.401330087e-06
30,305823,1,1,-0.061,-2.338,-0.059,-2.34,-0.001228874416,4.222099503e-06,-0.728,-3.749,-0.733,-3.738,0.005672222365,-4.401330087e-06
31,315020,1,1,-0.061,-2.338,-0.059,-2.34,-0.001228874416,4.222099503e-06,-0.738,-3.756,-0.733,-3.738,-0.005672222365,-7.202176506e-06
32,325212,1,1,-0.062,-2.34,-0.059,-2.34,-0.001843311624,0,-0.738,-3.756,-0.733,-3.738,-0.005672222365,-7.202176506e-06
33,334987,1,1,-0.06,-2.338,-0.059,-2.34,-0.0006144372081,4.222099503e-06,-0.727,-3.749,-0.733,-3.738,0.006806666838,-4.401330087e-06
34,348480,1,1,-0.06,-2.338,-0.059,-2.34,-0.0006144372081,4.222099503e-06,-0.739,-3.749,-0.733,-3.738,-0.006806666838,-4.401330087e-06
35,355389,1,1,-0.062,-2.339,-0.059,-2.34,-0.001843311624,2.111049752e-06,-0.739,-3.749,-0.733,-3.738,-0.006806666838,-4.401330087e-06
36,365148,1,1,-0.061,-2.339,-0.059,-2.34,-0.001228874416,2.111049752e-06,-0.739,-3.749,-0.733,-3.738,-0.006806666838,-4.401330087e-06
37,375227,1,1,-0.061,-2.339,-0.059,-2.34,-0.001228874416,2.111049752e-06,-0.739,-3.749,-0.733,-3.738,-0.006806666838,-4.401330087e-06
38,385026,1,1,-0.062,-2.34,-0.059,-2.34,-0.001843311624,0,-0.739,-3.749,-0.733,-3.738,-0.006806666838,-4.401330087e-06
39,395102,1,1,-0.061,-2.337,-0.059,-2.34,-0.001228874416,6.333149255e-06,-0.729,-3.748,-0.733,-3.738,0.004537777892,-4.00120917e-06
40,405157,1,1,-0.061,-2.337,-0.059,-2.34,-0.001228874416,6.333149255e-06,-0.741,-3.76,-0.733,-3.738,-0.009075555784,-8.802660174e-06
41,415208,1,1,-0.062,-2.34,-0.059,-2.34,-0.001843311624,0,-0.741,-3.76,-0.733,-3.738,-0.009075555784,-8.802660174e-06
42,425271,1,1,-0.061,-2.337,-0.059,-2.34,-0.001228874416,6.333149255e-06,-0.728,-3.749,-0.733,-3.738,0.005672222365,-4.401330087e-06
43,435020,1,1,-0.061,-2.337,-0.059,-2.34,-0.001228874416,6.333149255e-06,-0.739,-3.75,-0.733,-3.738,-0.006806666838,-4.801451004e-06
44,447770,1,1,-0.062,-2.339,-0.059,-2.34,-0.001843311624,2.111049752e-06,-0.739,-3.75,-0.733,-3.738,-0.006806666838,-4.801451004e-06
45,455108,1,1,-0.062,-2.339,-0.059,-2.34,-0.001843311624,2.111049752e-06,-0.739,-3.75,-0.733,-3.738,-0.006806666838,-4.801451004e-06
46,465247,1,1,-0.062,-2.339,-0.059,-2.34,-0.001843311624,2.111049752e-06,-0.726,-3.748,-0.733,-3.738,0.007941111311,-4.00120917e-06
47,475346,1,1,-0.062,-2.339,-0.059,-2.34,-0.001843311624,2.111049752e-06,-0.736,-3.749,-0.733,-3.738,-0.003403333419,-4.401330087e-06
48,485196,1,1,-0.06,-2.338,-0.059,-2.34,-0.0006144372081,4.222099503e-06,-0.736,-3.76,-0.733,-3.738,-0.003403333419,-8.802660174e-06
49,495710,1,1,-0.06,-2.338,-0.059,-2.34,-0.0006144372081,4.222099503e-06,-0.741,-3.749,-0.733,-3.738,-0.009075555784,-4.401330087e-06
50,505430,1,1,-0.062,-2.34,-0.059,-2.34,-0.001843311624,0,-0.741,-3.749,-0.733,-3.738,-0.009075555784,-4.401330087e-06
51,515792,1,1,-0.062,-2.339,-0.059,-2.34,-0.001843311624,2.111049752e-06,-0.728,-3.749,-0.733,-3.738,0.005672222365,-4.401330087e-06
52,524929,1,1,-0.062,-2.339,-0.059,-2.34,-0.001843311624,2.111049752e-06,-0.741,-3.757,-0.733,-3.738,-0.009075555784,-7.602297423e-06
53,535253,1,1,-0.062,-2.34,-0.059,-2.34,-0.001843311624,0,-0.741,-3.757,-0.733,-3.738,-0.009075555784,-7.602297423e-06
54,547100,1,1,-0.061,-2.339,-0.059,-2.34,-0.001228874416,2.111049752e-06,-0.728,-3.749,-0.733,-3.738,0.005672222365,-4.401330087e-06
55,555415,1,1,-0.061,-2.339,-0.059,-2.34,-0.001228874416,2.111049752e-06,-0.745,-3.754,-0.733,-3.738,-0.01361333368,-6.401934672e-06
56,565449,1,1,-0.061,-2.339,-0.059,-2.34,-0.001228874416,2.111049752e-06,-0.745,-3.754,-0.733,-3.738,-0.01361333368,-6.401934672e-06
57,575728,1,1,-0.061,-2.339,-0.059,-2.34,-0.001228874416,2.111049752e-06,-0.728,-3.748,-0.733,-3.738,0.005672222365,-4.00120917e-06
58,585053,1,1,-0.061,-2.339,-0.059,-2.34,-0.001228874416,2.111049752e-06,-0.737,-3.747,-0.733,-3.738,-0.004537777892,-3.601088253e-06
59,595854,1,1,-0.062,-2.34,-0.059,-2.34,-0.001843311624,0,-0.737,-3.747,-0.733,-3.738,-0.004537777892,-3.601088253e-06
60,605485,1,1,-0.062,-2.34,-0.059,-2.34,-0.001843311624,0,-0.728,-3.748,-0.733,-3.738,0.005672222365,-4.00120917e-06
61,615593,1,1,-0.062,-2.34,-0.059,-2.34,-0.001843311624,0,-0.73,-3.746,-0.733,-3.738,0.003403333419,-3.200967336e-06
62,625729,1,1,-0.062,-2.339,-0.059,-2.34,-0.001843311624,2.111049752e-06,-0.73,-3.746,-0.733,-3.738,0.003403333419,-3.200967336e-06
63,636193,1,1,-0.062,-2.339,-0.059,-2.34,-0.001843311624,2.111049752e-06,-0.728,-3.749,-0.733,-3.738,0.005672222365,-4.401330087e-06
64,647984,1,1,-0.062,-2.34,-0.059,-2.34,-0.001843311624,0,-0.739,-3.757,-0.733,-3.738,-0.006806666838,-7.602297423e-06
65,655297,1,1,-0.062,-2.34,-0.059,-2.34,-0.001843311624,0,-0.739,-3.757,-0.733,-3.738,-0.006806666838,-7.602297423e-06
66,665230,1,1,-0.062,-2.339,-0.059,-2.34,-0.001843311624,2.111049752e-06,-0.73,-3.749,-0.733,-3.738,0.003403333419,-4.401330087e-06
67,675179,1,1,-0.062,-2.339,-0.059,-2.34,-0.001843311624,2.111049752e-06,-0.729,-3.745,-0.733,-3.738,0.004537777892,-2.800846419e-06
68,685251,1,1,-0.062,-2.34,-0.059,-2.34,-0.001843311624,0,-0.729,-3.745,-0.733,-3.738,0.004537777892,-2.800846419e-06
69,694849,1,1,-0.061,-2.339,-0.059,-2.34,-0.001228874416,2.111049752e-06,-0.742,-3.749,-0.733,-3.738,-0.01021000026,-4.401330087e-06
70,705120,1,1,-0.061,-2.339,-0.059,-2.34,-0.001228874416,2.111049752e-06,-0.734,-3.757,-0.733,-3.738,-0.001134444473,-7.602297423e-06
71,715195,1,1,-0.062,-2.34,-0.059,-2.34,-0.001843311624,0,-0.734,-3.757,-0.733,-3.738,-0.001134444473,-7.602297423e-06
72,725340,1,1,-0.061,-2.339,-0.059,-2.34,-0.001228874416,2.111049752e-06,-0.729,-3.75,-0.733,-3.738,0.004537777892,-4.801451004e-06
73,735314,1,1,-0.061,-2.339,-0.059,-2.34,-0.001228874416,2.111049752e-06,-0.729,-3.747,-0.733,-3.738,0.004537777892,-3.601088253e-06
74,747765,1,1,-0.061,-2.338,-0.059,-2.34,-0.001228874416,4.222099503e-06,-0.729,-3.747,-0.733,-3.738,0.004537777892,-3.601088253e-06
75,755429,1,1,-0.061,-2.338,-0.059,-2.34,-0.001228874416,4.222099503e-06,-0.731,-3.756,-0.733,-3.738,0.002268888946,-7.202176506e-06
76,765310,1,1,-0.061,-2.338,-0.059,-2.34,-0.001228874416,4.222099503e-06,-0.735,-3.758,-0.733,-3.738,-0.002268888946,-8.00241834e-06
77,775130,1,1,-0.062,-2.34,-0.059,-2.34,-0.001843311624,0,-0.735,-3.758,-0.733,-3.738,-0.002268888946,-8.00241834e-06
78,785176,1,1,-0.062,-2.339,-0.059,-2.34,-0.001843311624,2.111049752e-06,-0.728,-3.75,-0.733,-3.738,0.005672222365,-4.801451004e-06
79,795029,1,1,-0.062,-2.339,-0.059,-2.34,-0.001843311624,2.111049752e-06,-0.729,-3.747,-0.733,-3.738,0.004537777892,-3.601088253e-06
80,805571,1,1,-0.062,-2.339,-0.059,-2.34,-0.001843311624,2.111049752e-06,-0.729,-3.747,-0.733,-3.738,0.004537777892,-3.601088253e-06
81,814967,1,1,-0.062,-2.339,-0.059,-2.34,-0.001843311624,2.111049752e-06,-0.729,-3.754,-0.733,-3.738,0.004537777892,-6.401934672e-06
82,825254,1,1,-0.062,-2.339,-0.059,-2.34,-0.001843311624,2.111049752e-06,-0.74,-3.757,-0.733,-3.738,-0.007941111311,-7.602297423e-06
83,835403,1,1,-0.062,-2.339,-0.059,-2.34,-0.001843311624,2.111049752e-06,-0.74,-3.757,-0.733,-3.738,-0.007941111311,-7.602297423e-06
84,848314,1,1,-0.061,-2.337,-0.059,-2.34,-0.001228874416,6.333149255e-06,-0.728,-3.751,-0.733,-3.738,0.005672222365,-5.201571921e-06
85,855328,1,1,-0.061,-2.337,-0.059,-2.34,-0.001228874416,6.333149255e-06,-0.727,-3.749,-0.733,-3.738,0.006806666838,-4.401330087e-06
86,865144,1,1,-0.062,-2.339,-0.059,-2.34,-0.001843311624,2.111049752e-06,-0.727,-3.749,-0.733,-3.738,0.006806666838,-4.401330087e-06
87,874909,1,1,-0.062,-2.34,-0.059,-2.34,-0.001843311624,0,-0.731,-3.756,-0.733,-3.738,0.002268888946,-7.202176506e-06
88,885285,1,1,-0.061,-2.336,-0.059,-2.34,-0.001228874416,8.444199006e-06,-0.736,-3.749,-0.733,-3.738,-0.003403333419,-4.401330087e-06
89,895067,1,1,-0.061,-2.339,-0.059,-2.34,-0.001228874416,2.111049752e-06,-0.736,-3.749,-0.733,-3.738,-0.003403333419,-4.401330087e-06
90,905183,1,1,-0.058,-2.337,-0.059,-2.34,0.0006144372081,6.333149255e-06,-0.735,-3.759,-0.733,-3.738,-0.002268888946,-8.402539257e-06
91,915180,1,1,-0.058,-2.337,-0.059,-2.34,0.0006144372081,6.333149255e-06,-0.729,-3.751,-0.733,-3.738,0.004537777892,-5.201571921e-06
92,925007,1,1,-0.062,-2.339,-0.059,-2.34,-0.001843311624,2.111049752e-06,-0.729,-3.751,-0.733,-3.738,0.004537777892,-5.201571921e-06
93,935262,1,1,-0.062,-2.337,-0.059,-2.34,-0.001843311624,6.333149255e-06,-0.73,-3.757,-0.733,-3.738,0.003403333419,-7.602297423e-06
94,948268,1,1,-0.062,-2.337,-0.059,-2.34,-0.001843311624,6.333149255e-06,-0.727,-3.749,-0.733,-3.738,0.006806666838,-4.401330087e-06
95,955209,1,1,-0.06,-2.34,-0.059,-2.34,-0.0006144372081,0,-0.727,-3.749,-0.733,-3.738,0.006806666838,-4.401330087e-06
96,964947,1,1,-0.059,-2.337,-0.059,-2.34,0,6.333149255e-06,-0.73,-3.755,-0.733,-3.738,0.003403333419,-6.802055589e-06
97,975497,1,1,-0.059,-2.337,-0.059,-2.34,0,6.333149255e-06,-0.736,-3.763,-0.733,-3.738,-0.003403333419,-1.000302292e-05
98,985892,1,1,-0.061,-2.338,-0.059,-2.34,-0.001228874416,4.222099503e-06,-0.736,-3.763,-0.733,-3.738,-0.003403333419,-1.000302292e-05
99,996856,1,1,-0.061,-2.338,-0.059,-2.34,-0.001228874416,4.222099503e-06,-0.727,-3.75,-0.733,-3.738,0.006806666838,-4.801451004e-06
100,1005301,1,1,-0.061,-2.338,-0.059,-2.34,-0.001228874416,4.222099503e-06,-0.727,-3.749,-0.733,-3.738,0.006806666838,-4.401330087e-06
101,1015279,1,1,-0.065,-2.339,-0.059,-2.34,-0.003686623249,2.111049752e-06,-0.727,-3.749,-0.733,-3.738,0.006806666838,-4.401330087e-06
102,1025664,1,1,-0.062,-2.34,-0.059,-2.34,-0.001843311624,0,-0.737,-3.745,-0.733,-3.738,-0.004537777892,-2.800846419e-06
103,1034941,1,1,-0.062,-2.34,-0.059,-2.34,-0.001843311624,0,-0.742,-3.75,-0.733,-3.738,-0.01021000026,-4.801451004e-06
104,1047503,1,1,-0.062,-2.34,-0.059,-2.34,-0.001843311624,0,-0.738,-3.758,-0.733,-3.738,-0.005672222365,-8.00241834e-06
105,1055202,1,1,-0.062,-2.34,-0.059,-2.34,-0.001843311624,0,-0.73,-3.75,-0.733,-3.738,0.003403333419,-4.801451004e-06
106,1065252,1,1,-0.062,-2.34,-0.059,-2.34,-0.001843311624,0,-0.727,-3.75,-0.733,-3.738,0.006806666838,-4.801451004e-06
107,1075064,1,1,-0.06,-2.339,-0.059,-2.34,-0.0006144372081,2.111049752e-06,-0.727,-3.75,-0.733,-3.738,0.006806666838,-4.801451004e-06
108,1085120,1,1,-0.06,-2.339,-0.059,-2.34,-0.0006144372081,2.111049752e-06,-0.727,-3.75,-0.733,-3.738,0.006806666838,-4.801451004e-06
109,1095871,1,1,-0.06,-2.339,-0.059,-2.34,-0.0006144372081,2.111049752e-06,-0.736,-3.758,-0.733,-3.738,-0.003403333419,-8.00241834e-06
110,1105041,1,1,-0.062,-2.339,-0.059,-2.34,-0.001843311624,2.111049752e-06,-0.736,-3.758,-0.733,-3.738,-0.003403333419,-8.00241834e-06
111,1115106,1,1,-0.06,-2.339,-0.059,-2.34,-0.0006144372081,2.111049752e-06,-0.736,-3.758,-0.733,-3.738,-0.003403333419,-8.00241834e-06
112,1125840,1,1,-0.06,-2.339,-0.059,-2.34,-0.0006144372081,2.111049752e-06,-0.727,-3.75,-0.733,-3.738,0.006806666838,-4.801451004e-06
113,1135598,1,1,-0.061,-2.339,-0.059,-2.34,-0.001228874416,2.111049752e-06,-0.734,-3.755,-0.733,-3.738,-0.001134444473,-6.802055589e-06
114,1148508,1,1,-0.06,-2.339,-0.059,-2.34,-0.0006144372081,2.111049752e-06,-0.726,-3.747,-0.733,-3.738,0.007941111311,-3.601088253e-06
115,1158309,1,1,-0.06,-2.339,-0.059,-2.34,-0.0006144372081,2.111049752e-06,-0.734,-3.76,-0.733,-3.738,-0.001134444473,-8.802660174e-06
116,1164905,1,1,-0.063,-2.339,-0.059,-2.34,-0.002457748832,2.111049752e-06,-0.734,-3.76,-0.733,-3.738,-0.001134444473,-8.802660174e-06
117,1175410,1,1,-0.062,-2.338,-0.059,-2.34,-0.001843311624,4.222099503e-06,-0.729,-3.752,-0.733,-3.738,0.004537777892,-5.601692838e-06
118,1185211,1,1,-0.062,-2.338,-0.059,-2.34,-0.001843311624,4.222099503e-06,-0.739,-3.755,-0.733,-3.738,-0.006806666838,-6.802055589e-06
119,1194911,1,1,-0.061,-2.34,-0.059,-2.34,-0.001228874416,0,-0.739,-3.755,-0.733,-3.738,-0.006806666838,-6.802055589e-06
120,1205419,1,1,-0.061,-2.339,-0.059,-2.34,-0.001228874416,2.111049752e-06,-0.731,-3.749,-0.733,-3.738,0.002268888946,-4.401330087e-06
121,1215190,1,1,-0.061,-2.339,-0.059,-2.34,-0.001228874416,2.111049752e-06,-0.742,-3.754,-0.733,-3.738,-0.01021000026,-6.401934672e-06
122,1225270,1,1,-0.063,-2.339,-0.059,-2.34,-0.002457748832,2.111049752e-06,-0.742,-3.754,-0.733,-3.738,-0.01021000026,-6.401934672e-06
123,1235251,1,1,-0.061,-2.338,-0.059,-2.34,-0.001228874416,4.222099503e-06,-0.733,-3.757,-0.733,-3.738,0,-7.602297423e-06
124,1248106,1,1,-0.061,-2.338,-0.059,-2.34,-0.001228874416,4.222099503e-06,-0.728,-3.747,-0.733,-3.738,0.005672222365,-3.601088253e-06
125,1257744,1,1,-0.061,-2.338,-0.059,-2.34,-0.001228874416,4.222099503e-06,-0.728,-3.747,-0.733,-3.738,0.005672222365,-3.601088253e-06
126,1264997,1,1,-0.061,-2.338,-0.059,-2.34,-0.001228874416,4.222099503e-06,-0.74,-3.748,-0.733,-3.738,-0.007941111311,-4.00120917e-06
127,1274951,1,1,-0.061,-2.338,-0.059,-2.34,-0.001228874416,4.222099503e-06,-0.734,-3.746,-0.733,-3.738,-0.001134444473,-3.200967336e-06
128,1285262,1,1,-0.061,-2.34,-0.059,-2.34,-0.001228874416,0,-0.734,-3.746,-0.733,-3.738,-0.001134444473,-3.200967336e-06
129,1295132,1,1,-0.061,-2.34,-0.059,-2.34,-0.001228874416,0,-0.728,-3.749,-0.733,-3.738,0.005672222365,-4.401330087e-06
130,1304936,1,1,-0.061,-2.34,-0.059,-2.34,-0.001228874416,0,-0.737,-3.754,-0.733,-3.738,-0.004537777892,-6.401934672e-06
131,1315195,1,1,-0.062,-2.34,-0.059,-2.34,-0.001843311624,0,-0.737,-3.754,-0.733,-3.738,-0.004537777892,-6.401934672e-06
132,1324978,1,1,-0.062,-2.339,-0.059,-2.34,-0.001843311624,2.111049752e-06,-0.728,-3.75,-0.733,-3.738,0.005672222365,-4.801451004e-06
133,1335179,1,1,-0.062,-2.339,-0.059,-2.34,-0.001843311624,2.111049752e-06,-0.741,-3.755,-0.733,-3.738,-0.009075555784,-6.802055589e-06
134,1347385,1,1,-0.062,-2.339,-0.059,-2.34,-0.001843311624,2.111049752e-06,-0.741,-3.755,-0.733,-3.738,-0.009075555784,-6.802055589e-06
135,1358443,1,1,-0.061,-2.34,-0.059,-2.34,-0.001228874416,0,-0.727,-3.748,-0.733,-3.738,0.006806666838,-4.00120917e-06
136,1365302,1,1,-0.061,-2.34,-0.059,-2.34,-0.001228874416,0,-0.736,-3.757,-0.733,-3.738,-0.003403333419,-7.602297423e-06
137,1375446,1,1,-0.062,-2.339,-0.059,-2.34,-0.001843311624,2.111049752e-06,-0.736,-3.757,-0.733,-3.738,-0.003403333419,-7.602297423e-06
138,1385181,1,1,-0.062,-2.339,-0.059,-2.34,-0.001843311624,2.111049752e-06,-0.73,-3.751,-0.733,-3.738,0.003403333419,-5.201571921e-06
139,1395146,1,1,-0.062,-2.339,-0.059,-2.34,-0.001843311624,2.111049752e-06,-0.739,-3.756,-0.733,-3.738,-0.006806666838,-7.202176506e-06
140,1405628,1,1,-0.061,-2.339,-0.059,-2.34,-0.001228874416,2.111049752e-06,-0.739,-3.756,-0.733,-3.738,-0.006806666838,-7.202176506e-06
141,1415150,1,1,-0.061,-2.339,-0.059,-2.34,-0.001228874416,2.111049752e-06,-0.731,-3.75,-0.733,-3.738,0.002268888946,-4.801451004e-06
142,1425213,1,1,-0.061,-2.339,-0.059,-2.34,-0.001228874416,2.111049752e-06,-0.74,-3.749,-0.733,-3.738,-0.007941111311,-4.401330087e-06
143,1434487,1,1,-0.062,-2.339,-0.059,-2.34,-0.001843311624,2.111049752e-06,-0.74,-3.749,-0.733,-3.738,-0.007941111311,-4.401330087e-06
144,1448238,1,1,-0.06,-2.338,-0.059,-2.34,-0.0006144372081,4.222099503e-06,-0.728,-3.748,-0.733,-3.738,0.005672222365,-4.00120917e-06
145,1458104,1,1,-0.06,-2.338,-0.059,-2.34,-0.0006144372081,4.222099503e-06,-0.742,-3.753,-0.733,-3.738,-0.01021000026,-6.001813755e-06
146,1465473,1,1,-0.062,-2.339,-0.059,-2.34,-0.001843311624,2.111049752e-06,-0.742,-3.753,-0.733,-3.738,-0.01021000026,-6.001813755e-06
147,1476049,1,1,-0.062,-2.338,-0.059,-2.34,-0.001843311624,4.222099503e-06,-0.733,-3.756,-0.733,-3.738,0,-7.202176506e-06
148,1485153,1,1,-0.062,-2.338,-0.059,-2.34,-0.001843311624,4.222099503e-06,-0.733,-3.756,-0.733,-3.738,0,-7.202176506e-06
149,1495127,1,1,-0.062,-2.339,-0.059,-2.34,-0.001843311624,2.111049752e-06,-0.733,-3.756,-0.733,-3.738,0,-7.202176506e-06
150,1506253,1,1,-0.061,-2.337,-0.059,-2.34,-0.001228874416,6.333149255e-06,-0.727,-3.749,-0.733,-3.738,0.006806666838,-4.401330087e-06
151,1515272,1,1,-0.061,-2.337,-0.059,-2.34,-0.001228874416,6.333149255e-06,-0.734,-3.758,-0.733,-3.738,-0.001134444473,-8.00241834e-06
152,1525878,1,1,-0.061,-2.337,-0.059,-2.34,-0.001228874416,6.333149255e-06,-0.734,-3.758,-0.733,-3.738,-0.001134444473,-8.00241834e-06
153,1535142,1,1,-0.061,-2.337,-0.059,-2.34,-0.001228874416,6.333149255e-06,-0.734,-3.758,-0.733,-3.738,-0.001134444473,-8.00241834e-06
154,1546919,1,1,-0.061,-2.337,-0.059,-2.34,-0.001228874416,6.333149255e-06,-0.727,-3.75,-0.733,-3.738,0.006806666838,-4.801451004e-06
155,1556760,1,1,-0.062,-2.338,-0.059,-2.34,-0.001843311624,4.222099503e-06,-0.737,-3.758,-0.733,-3.738,-0.004537777892,-8.00241834e-06
156,1565761,1,1,-0.061,-2.338,-0.059,-2.34,-0.001228874416,4.222099503e-06,-0.729,-3.751,-0.733,-3.738,0.004537777892,-5.201571921e-06
157,1575014,1,1,-0.061,-2.338,-0.059,-2.34,-0.001228874416,4.222099503e-06,-0.741,-3.752,-0.733,-3.738,-0.009075555784,-5.601692838e-06
158,1585301,1,1,-0.062,-2.339,-0.059,-2.34,-0.001843311624,2.111049752e-06,-0.741,-3.752,-0.733,-3.738,-0.009075555784,-5.601692838e-06
159,1595133,1,1,-0.06,-2.338,-0.059,-2.34,-0.0006144372081,4.222099503e-06,-0.729,-3.75,-0.733,-3.738,0.004537777892,-4.801451004e-06
160,1605241,1,1,-0.06,-2.338,-0.059,-2.34,-0.0006144372081,4.222099503e-06,-0.74,-3.76,-0.733,-3.738,-0.007941111311,-8.802660174e-06
161,1614986,1,1,-0.062,-2.339,-0.059,-2.34,-0.001843311624,2.111049752e-06,-0.74,-3.76,-0.733,-3.738,-0.007941111311,-8.802660174e-06
162,1625055,1,1,-0.061,-2.339,-0.059,-2.34,-0.001228874416,2.111049752e-06,-0.728,-3.751,-0.733,-3.738,0.005672222365,-5.201571921e-06
163,1635493,1,1,-0.06,-2.337,-0.059,-2.34,-0.0006144372081,6.333149255e-06,-0.745,-3.755,-0.733,-3.738,-0.01361333368,-6.802055589e-06
164,1648447,1,1,-0.062,-2.339,-0.059,-2.34,-0.001843311624,2.111049752e-06,-0.745,-3.755,-0.733,-3.738,-0.01361333368,-6.802055589e-06
165,1657472,1,1,-0.062,-2.339,-0.059,-2.34,-0.001843311624,2.111049752e-06,-0.726,-3.748,-0.733,-3.738,0.007941111311,-4.00120917e-06
166,1665215,1,1,-0.062,-2.339,-0.059,-2.34,-0.001843311624,2.111049752e-06,-0.735,-3.762,-0.733,-3.738,-0.002268888946,-9.602902008e-06
167,1675150,1,1,-0.062,-2.339,-0.059,-2.34,-0.001843311624,2.111049752e-06,-0.735,-3.762,-0.733,-3.738,-0.002268888946,-9.602902008e-06
168,1685205,1,1,-0.061,-2.338,-0.059,-2.34,-0.001228874416,4.222099503e-06,-0.732,-3.752,-0.733,-3.738,0.001134444473,-5.601692838e-06
169,1695102,1,1,-0.061,-2.338,-0.059,-2.34,-0.001228874416,4.222099503e-06,-0.731,-3.755,-0.733,-3.738,0.002268888946,-6.802055589e-06
170,1705467,1,1,-0.062,-2.339,-0.059,-2.34,-0.001843311624,2.111049752e-06,-0.731,-3.755,-0.733,-3.738,0.002268888946,-6.802055589e-06
171,1715390,1,1,-0.061,-2.337,-0.059,-2.34,-0.001228874416,6.333149255e-06,-0.729,-3.751,-0.733,-3.738,0.004537777892,-5.201571921e-06
172,1725303,1,1,-0.061,-2.337,-0.059,-2.34,-0.001228874416,6.333149255e-06,-0.74,-3.755,-0.733,-3.738,-0.007941111311,-6.802055589e-06
173,1735842,1,1,-0.061,-2.337,-0.059,-2.34,-0.001228874416,6.333149255e-06,-0.74,-3.755,-0.733,-3.738,-0.007941111311,-6.802055589e-06
174,1748193,1,1,-0.061,-2.337,-0.059,-2.34,-0.001228874416,6.333149255e-06,-0.726,-3.749,-0.733,-3.738,0.007941111311,-4.401330087e-06
175,1758988,1,1,-0.061,-2.337,-0.059,-2.34,-0.001228874416,6.333149255e-06,-0.731,-3.755,-0.733,-3.738,0.002268888946,-6.802055589e-06
176,1765757,1,1,-0.062,-2.339,-0.059,-2.34,-0.001843311624,2.111049752e-06,-0.731,-3.755,-0.733,-3.738,0.002268888946,-6.802055589e-06
177,1775572,1,1,-0.061,-2.337,-0.059,-2.34,-0.001228874416,6.333149255e-06,-0.729,-3.75,-0.733,-3.738,0.004537777892,-4.801451004e-06
178,1784526,1,1,-0.061,-2.337,-0.059,-2.34,-0.001228874416,6.333149255e-06,-0.739,-3.756,-0.733,-3.738,-0.006806666838,-7.202176506e-06
179,1795589,1,1,-0.062,-2.339,-0.059,-2.34,-0.001843311624,2.111049752e-06,-0.739,-3.756,-0.733,-3.738,-0.006806666838,-7.202176506e-06
180,1804887,1,1,-0.06,-2.337,-0.059,-2.34,-0.0006144372081,6.333149255e-06,-0.732,-3.752,-0.733,-3.738,0.001134444473,-5.601692838e-06
181,1815666,1,1,-0.06,-2.337,-0.059,-2.34,-0.0006144372081,6.333149255e-06,-0.731,-3.746,-0.733,-3.738,0.002268888946,-3.200967336e-06
182,1825012,1,1,-0.06,-2.337,-0.059,-2.34,-0.0006144372081,6.333149255e-06,-0.731,-3.746,-0.733,-3.738,0.002268888946,-3.200967336e-06
183,1835536,1,1,-0.06,-2.337,-0.059,-2.34,-0.0006144372081,6.333149255e-06,-0.727,-3.759,-0.733,-3.738,0.006806666838,-8.402539257e-06
184,1848005,1,1,-0.06,-2.337,-0.059,-2.34,-0.0006144372081,6.333149255e-06,-0.727,-3.759,-0.733,-3.738,0.006806666838,-8.402539257e-06
185,1859025,1,1,-0.062,-2.339,-0.059,-2.34,-0.001843311624,2.111049752e-06,-0.727,-3.759,-0.733,-3.738,0.006806666838,-8.402539257e-06
186,1864933,1,1,-0.061,-2.338,-0.059,-2.34,-0.001228874416,4.222099503e-06,-0.72,-3.743,-0.733,-3.738,0.01474777815,-2.000604585e-06
187,1874887,1,1,-0.061,-2.338,-0.059,-2.34,-0.001228874416,4.222099503e-06,-0.603,-3.531,-0.733,-3.738,0.1474777815,8.282502982e-05
188,1885429,1,1,-0.062,-2.339,-0.059,-2.34,-0.001843311624,2.111049752e-06,-0.603,-3.531,-0.733,-3.738,0.1474777815,8.282502982e-05
189,1895617,1,1,-0.061,-2.334,-0.059,-2.34,-0.001228874416,1.266629851e-05,-0.523,-3.489,-0.733,-3.738,0.2382333393,9.963010833e-05
190,1905753,1,1,-0.061,-2.334,-0.059,-2.34,-0.001228874416,1.266629851e-05,-0.324,-3.255,-0.733,-3.738,0.4639877895,0.0001932584029
191,1914876,1,1,-0.064,-2.334,-0.059,-2.34,-0.00307218604,1.266629851e-05,-0.324,-3.255,-0.733,-3.738,0.4639877895,0.0001932584029
192,1925339,1,1,-0.066,-2.332,-0.059,-2.34,-0.004301060457,1.688839801e-05,-0.298,-3.283,-0.733,-3.738,0.4934833458,0.0001820550172
193,1934887,1,1,-0.065,-2.338,-0.059,-2.34,-0.003686623249,4.222099503e-06,-0.247,-3.145,-0.733,-3.738,0.5513400139,0.0002372717038
194,1946850,1,1,-0.066,-2.335,-0.059,-2.34,-0.004301060457,1.055524876e-05,-0.247,-3.145,-0.733,-3.738,0.5513400139,0.0002372717038
195,1955240,1,1,-0.066,-2.35,-0.059,-2.34,-0.004301060457,-2.111049752e-05,-0.218,-3.161,-0.733,-3.738,0.5842389036,0.0002308697691
196,1966604,1,1,-0.066,-2.35,-0.059,-2.34,-0.004301060457,-2.111049752e-05,-0.174,-3.124,-0.733,-3.738,0.6341544604,0.000245674243
197,1975857,1,1,-0.065,-2.33,-0.059,-2.34,-0.003686623249,2.111049752e-05,-0.174,-3.124,-0.733,-3.738,0.6341544604,0.000245674243
198,1984839,1,1,-0.064,-2.323,-0.059,-2.34,-0.00307218604,3.588784578e-05,-0.155,-3.103,-0.733,-3.738,0.6557089054,0.0002540767823
199,1995262,1,1,-0.064,-2.323,-0.059,-2.34,-0.00307218604,3.588784578e-05,-0.164,-3.042,-0.733,-3.738,0.6454989051,0.0002784841582
200,2005349,1,1,-0.065,-2.341,-0.059,-2.34,-0.003686623249,-2.111049752e-06,-0.164,-3.042,-0.733,-3.738,0.6454989051,0.0002784841582
201,2014911,1,1,-0.063,-2.361,-0.059,-2.34,-0.002457748832,-4.433204478e-05,-0.141,-3.058,-0.733,-3.738,0.671591128,0.0002720822236
202,2024968,1,1,-0.063,-2.361,-0.059,-2.34,-0.002457748832,-4.433204478e-05,-0.076,-2.827,-0.733,-3.738,0.7453300188,0.0003645101554
203,2035323,1,1,-0.063,-2.342,-0.059,-2.34,-0.002457748832,-4.222099503e-06,-0.076,-2.827,-0.733,-3.738,0.7453300188,0.0003645101554
204,2048811,1,1,-0.062,-2.331,-0.059,-2.34,-0.001843311624,1.899944776e-05,-0.033,-2.473,-0.733,-3.738,0.7941111311,0.00050615296
205,2055843,1,1,-0.062,-2.331,-0.059,-2.34,-0.001843311624,1.899944776e-05,-0.03,-2.903,-0.733,-3.738,0.7975144645,0.0003341009657
206,2065142,1,1,-0.059,-2.337,-0.059,-2.34,0,6.333149255e-06,-0.03,-2.903,-0.733,-3.738,0.7975144645,0.0003341009657
207,2075272,1,1,-0.058,-2.367,-0.059,-2.34,0.0006144372081,-5.699834329e-05,-0.017,-2.64,-0.733,-3.738,0.8122622427,0.0004393327669
208,2084926,1,1,-0.058,-2.367,-0.059,-2.34,0.0006144372081,-5.699834329e-05,0.015,-2.793,-0.733,-3.738,0.8485644658,0.0003781142666
209,2096435,1,1,-0.059,-2.339,-0.059,-2.34,0,2.111049752e-06,0.015,-2.793,-0.733,-3.738,0.8485644658,0.0003781142666
210,2105166,1,1,-0.057,-2.355,-0.059,-2.34,0.001228874416,-3.166574627e-05,0.076,-2.693,-0.733,-3.738,0.9177655787,0.0004181263583
211,2115055,1,1,-0.057,-2.355,-0.059,-2.34,0.001228874416,-3.166574627e-05,0.056,-2.689,-0.733,-3.738,0.8950766892,0.0004197268419
212,2125627,1,1,-0.062,-2.324,-0.059,-2.34,-0.001843311624,3.377679603e-05,0.056,-2.689,-0.733,-3.738,0.8950766892,0.0004197268419
213,2135108,1,1,-0.055,-2.358,-0.059,-2.34,0.002457748832,-3.799889553e-05,0.056,-2.689,-0.733,-3.738,0.8950766892,0.0004197268419
214,2147054,1,1,-0.055,-2.358,-0.059,-2.34,0.002457748832,-3.799889553e-05,0.056,-2.689,-0.733,-3.738,0.8950766892,0.0004197268419
215,2155063,1,1,-0.06,-2.387,-0.059,-2.34,-0.0006144372081,-9.921933832e-05,0.056,-2.689,-0.733,-3.738,0.8950766892,0.0004197268419
216,2164909,1,1,-0.053,-2.333,-0.059,-2.34,0.003686623249,1.477734826e-05,0.056,-2.94,-0.733,-3.738,0.8950766892,0.0003192964918
217,2175096,1,1,-0.053,-2.333,-0.059,-2.34,0.003686623249,1.477734826e-05,0.088,-3.802,-0.733,-3.738,0.9313789123,-2.560773869e-05
218,2185265,1,1,-0.054,-2.35,-0.059,-2.34,0.00307218604,-2.111049752e-05,0.088,-3.802,-0.733,-3.738,0.9313789123,-2.560773869e-05
219,2195877,1,1,-0.046,-2.388,-0.059,-2.34,0.007987683705,-0.0001013303881,0.115,-2.439,-0.733,-3.738,0.9620089131,0.0005197570712
220,2205157,1,1,-0.046,-2.388,-0.059,-2.34,0.007987683705,-0.0001013303881,0.101,-2.416,-0.733,-3.738,0.9461266905,0.0005289598523
221,2216045,1,1,-0.034,-2.394,-0.059,-2.34,0.0153609302,-0.0001139966866,0.101,-2.416,-0.733,-3.738,0.9461266905,0.0005289598523
222,2225562,1,1,-0.033,-2.368,-0.059,-2.34,0.01597536741,-5.910939304e-05,0.101,-2.416,-0.733,-3.738,0.9461266905,0.0005289598523
223,2234908,1,1,-0.033,-2.368,-0.059,-2.34,0.01597536741,-5.910939304e-05,-0.368,-3.16,-0.733,-3.738,0.4140722326,0.00023126989
224,2248985,1,1,-0.037,-2.371,-0.059,-2.34,0.01351761858,-6.54425423e-05,-0.333,-3.528,-0.733,-3.738,0.4537777892,8.402539257e-05
225,2254900,1,1,-0.037,-2.371,-0.059,-2.34,0.01351761858,-6.54425423e-05,-0.327,-3.475,-0.733,-3.738,0.460584456,0.0001052318012
226,2264972,1,1,-0.037,-2.371,-0.059,-2.34,0.01351761858,-6.54425423e-05,-0.34,-3.618,-0.733,-3.738,0.4458366779,4.801451004e-05
227,2275385,1,1,-0.06,-2.349,-0.059,-2.34,-0.0006144372081,-1.899944776e-05,-0.34,-3.618,-0.733,-3.738,0.4458366779,4.801451004e-05
228,2285109,1,1,-0.056,-2.335,-0.059,-2.34,0.001843311624,1.055524876e-05,-0.321,-3.545,-0.733,-3.738,0.4673911229,7.722333698e-05
229,2295087,1,1,-0.056,-2.335,-0.059,-2.34,0.001843311624,1.055524876e-05,-0.338,-3.544,-0.733,-3.738,0.4481055668,7.76234579e-05
230,2304995,1,1,-0.078,-2.377,-0.059,-2.34,-0.01167430695,-7.810884081e-05,-0.338,-3.544,-0.733,-3.738,0.4481055668,7.76234579e-05
231,2315082,1,1,-0.082,-2.349,-0.059,-2.34,-0.01413205579,-1.899944776e-05,-0.324,-3.539,-0.733,-3.738,0.4639877895,7.962406248e-05
232,2325565,1,1,-0.082,-2.349,-0.059,-2.34,-0.01413205579,-1.899944776e-05,-0.348,-3.507,-0.733,-3.738,0.4367611221,9.242793183e-05
233,2335358,1,1,-0.085,-2.379,-0.059,-2.34,-0.01597536741,-8.233094031e-05,-0.348,-3.507,-0.733,-3.738,0.4367611221,9.242793183e-05
234,2347105,1,1,-0.08,-2.343,-0.059,-2.34,-0.01290318137,-6.333149255e-06,-0.348,-3.507,-0.733,-3.738,0.4367611221,9.242793183e-05
235,2355779,1,1,-0.08,-2.343,-0.059,-2.34,-0.01290318137,-6.333149255e-06,-0.348,-3.507,-0.733,-3.738,0.4367611221,9.242793183e-05
236,2365555,1,1,-0.075,-2.366,-0.059,-2.34,-0.00983099533,-5.488729354e-05,-0.348,-3.507,-0.733,-3.738,0.4367611221,9.242793183e-05
237,2375334,1,1,-0.067,-2.354,-0.059,-2.34,-0.004915497665,-2.955469652e-05,-0.33,-3.522,-0.733,-3.738,0.4571811226,8.642611807e-05
238,2385056,1,1,-0.067,-2.354,-0.059,-2.34,-0.004915497665,-2.955469652e-05,-0.335,-3.495,-0.733,-3.738,0.4515089003,9.722938283e-05
239,2394904,1,1,-0.058,-2.356,-0.059,-2.34,0.0006144372081,-3.377679603e-05,-0.335,-3.495,-0.733,-3.738,0.4515089003,9.722938283e-05
240,2405257,1,1,-0.055,-2.361,-0.059,-2.34,0.002457748832,-4.433204478e-05,-0.329,-3.533,-0.733,-3.738,0.4583155671,8.202478799e-05
241,2415283,1,1,-0.055,-2.361,-0.059,-2.34,0.002457748832,-4.433204478e-05,-0.382,-3.484,-0.733,-3.738,0.39819001,0.0001016307129
242,2424996,1,1,-0.049,-2.356,-0.059,-2.34,0.006144372081,-3.377679603e-05,-0.382,-3.484,-0.733,-3.738,0.39819001,0.0001016307129
243,2435490,1,1,-0.045,-2.351,-0.059,-2.34,0.008602120913,-2.322154727e-05,-0.349,-3.52,-0.733,-3.738,0.4356266776,8.722635991e-05
244,2447566,1,1,-0.045,-2.351,-0.059,-2.34,0.008602120913,-2.322154727e-05,-0.346,-3.424,-0.733,-3.738,0.4390300111,0.0001256379679
245,2454877,1,1,-0.05,-2.313,-0.059,-2.34,0.005529934873,5.699834329e-05,-0.373,-2.872,-0.733,-3.738,0.4084000103,0.0003465047141
246,2464901,1,1,-0.051,-2.375,-0.059,-2.34,0.004915497665,-7.38867413e-05,-0.604,-4.247,-0.733,-3.738,0.146343337,-0.0002036615468
247,2475673,1,1,-0.051,-2.375,-0.059,-2.34,0.004915497665,-7.38867413e-05,-0.938,-4.288,-0.733,-3.738,-0.232561117,-0.0002200665044
248,2484976,1,1,-0.075,-2.47,-0.059,-2.34,-0.00983099533,-0.0002744364677,-0.938,-4.288,-0.733,-3.738,-0.232561117,-0.0002200665044
249,2495746,1,1,-0.025,-2.374,-0.059,-2.34,0.02089086508,-7.177569155e-05,-3.764,-2.83,-0.733,-3.738,-3.438501198,0.0003633097926
250,2505813,1,1,-0.025,-2.374,-0.059,-2.34,0.02089086508,-7.177569155e-05,-2.752,-4.345,-0.733,-3.738,-2.290443391,-0.0002428733966
251,2515724,1,1,-0.021,-2.352,-0.059,-2.34,0.02334861391,-2.533259702e-05,-2.752,-4.345,-0.733,-3.738,-2.290443391,-0.0002428733966
252,2525876,1,1,-0.049,-2.37,-0.059,-2.34,0.006144372081,-6.333149255e-05,-2.507,-4.882,-0.733,-3.738,-2.012504495,-0.000457738329
253,2534909,1,1,-0.049,-2.37,-0.059,-2.34,0.006144372081,-6.333149255e-05,-1.79,-2.348,-0.733,-3.738,-1.199107808,0.0005561680746
254,2547746,1,1,-0.033,-2.348,-0.059,-2.34,0.01597536741,-1.688839801e-05,-1.79,-2.348,-0.733,-3.738,-1.199107808,0.0005561680746
255,2555238,1,1,-0.033,-2.348,-0.059,-2.34,0.01597536741,-1.688839801e-05,-1.352,-3.453,-0.733,-3.738,-0.7022211288,0.0001140344613
256,2564876,1,1,-0.033,-2.348,-0.059,-2.34,0.01597536741,-1.688839801e-05,-1.027,-2.143,-0.733,-3.738,-0.3335266751,0.0006381928626
257,2574896,1,1,-0.033,-2.348,-0.059,-2.34,0.01597536741,-1.688839801e-05,-1.027,-2.143,-0.733,-3.738,-0.3335266751,0.0006381928626
258,2586116,1,1,-0.033,-2.348,-0.059,-2.34,0.01597536741,-1.688839801e-05,-0.883,-2.735,-0.733,-3.738,-0.170166671,0.0004013212798
259,2595304,1,1,-0.033,-2.348,-0.059,-2.34,0.01597536741,-1.688839801e-05,-0.912,-1.971,-0.733,-3.738,-0.2030655607,0.0007070136603
260,2605034,1,1,-0.039,-2.444,-0.059,-2.34,0.01228874416,-0.0002195491742,-0.912,-1.971,-0.733,-3.738,-0.2030655607,0.0007070136603
261,2615637,1,1,-0.046,-2.418,-0.059,-2.34,0.007987683705,-0.0001646618806,-0.566,-1.184,-0.733,-3.738,0.189452227,0.001021908822
262,2624890,1,1,-0.046,-2.418,-0.059,-2.34,0.007987683705,-0.0001646618806,-0.63,-1.603,-0.733,-3.738,0.1168477807,0.0008542581578
263,2635539,1,1,-0.062,-2.399,-0.059,-2.34,-0.001843311624,-0.0001245519353,-0.63,-1.603,-0.733,-3.738,0.1168477807,0.0008542581578
264,2648812,1,1,-0.07,-2.437,-0.059,-2.34,-0.006758809289,-0.0002047718259,-0.707,-5.252,-0.733,-3.738,0.0294955563,-0.0006057830683
265,2655620,1,1,-0.07,-2.437,-0.059,-2.34,-0.006758809289,-0.0002047718259,-0.304,-2.018,-0.733,-3.738,0.4866766789,0.0006882079772
266,2665125,1,1,-0.06,-2.365,-0.059,-2.34,-0.0006144372081,-5.277624379e-05,-0.304,-2.018,-0.733,-3.738,0.4866766789,0.0006882079772
267,2674883,1,1,0.015,-2.456,-0.059,-2.34,0.0454683534,-0.0002448817712,-0.304,-1.186,-0.733,-3.738,0.4866766789,0.00102110858
268,2685125,1,1,-0.013,-2.374,-0.059,-2.34,0.02826411157,-7.177569155e-05,-0.916,-1.672,-0.733,-3.738,-0.2076033386,0.0008266498145
269,2695359,1,1,-0.06,-2.298,-0.059,-2.34,-0.0006144372081,8.866408957e-05,-0.916,-1.672,-0.733,-3.738,-0.2076033386,0.0008266498145
270,2705428,1,1,-0.069,-2.508,-0.059,-2.34,-0.006144372081,-0.0003546563583,-0.916,-1.672,-0.733,-3.738,-0.2076033386,0.0008266498145
271,2715649,1,1,-0.069,-2.508,-0.059,-2.34,-0.006144372081,-0.0003546563583,-0.885,-2.795,-0.733,-3.738,-0.1724355599,0.0003773140247
272,2726882,1,1,-0.115,-2.359,-0.059,-2.34,-0.03440848365,-4.010994528e-05,-0.885,-2.795,-0.733,-3.738,-0.1724355599,0.0003773140247
273,2735368,1,1,-0.057,-2.345,-0.059,-2.34,0.001228874416,-1.055524876e-05,-0.885,-2.795,-0.733,-3.738,-0.1724355599,0.0003773140247
274,2748684,1,1,-0.057,-2.345,-0.059,-2.34,0.001228874416,-1.055524876e-05,-0.885,-2.795,-0.733,-3.738,-0.1724355599,0.0003773140247
275,2755942,1,1,-0.101,-2.331,-0.059,-2.34,-0.02580636274,1.899944776e-05,-0.885,-2.795,-0.733,-3.738,-0.1724355599,0.0003773140247
276,2765937,1,1,-0.089,-2.331,-0.059,-2.34,-0.01843311624,1.899944776e-05,-0.827,-1.206,-0.733,-3.738,-0.1066377805,0.001013106162
277,2776117,1,1,-0.089,-2.331,-0.059,-2.34,-0.01843311624,1.899944776e-05,-0.842,-2.408,-0.733,-3.738,-0.1236544476,0.0005321608196
278,2785456,1,1,-0.028,-2.336,-0.059,-2.34,0.01904755345,8.444199006e-06,-0.842,-2.408,-0.733,-3.738,-0.1236544476,0.0005321608196
279,2795762,1,1,-0.066,-2.312,-0.059,-2.34,-0.004301060457,5.910939304e-05,-0.787,-1.818,-0.733,-3.738,-0.06126000154,0.0007682321606
280,2806054,1,1,-0.066,-2.312,-0.059,-2.34,-0.004301060457,5.910939304e-05,-0.797,-2.394,-0.733,-3.738,-0.07260444627,0.0005377625124
281,2815313,1,1,-0.013,-2.396,-0.059,-2.34,0.02826411157,-0.0001182187861,-0.797,-2.394,-0.733,-3.738,-0.07260444627,0.0005377625124
282,2825585,1,1,-0.048,-2.333,-0.059,-2.34,0.006758809289,1.477734826e-05,-0.797,-2.394,-0.733,-3.738,-0.07260444627,0.0005377625124
283,2836160,1,1,-0.048,-2.333,-0.059,-2.34,0.006758809289,1.477734826e-05,-0.826,-1.765,-0.733,-3.738,-0.105503336,0.0007894385692
284,2849146,1,1,-0.072,-2.378,-0.059,-2.34,-0.007987683705,-8.021989056e-05,-0.793,-1.834,-0.733,-3.738,-0.06806666838,0.000761830226
285,2856142,1,1,-0.072,-2.378,-0.059,-2.34,-0.007987683705,-8.021989056e-05,-0.774,-2.277,-0.733,-3.738,-0.04651222339,0.0005845766597
286,2865452,1,1,-0.072,-2.378,-0.059,-2.34,-0.007987683705,-8.021989056e-05,-0.75,-2.498,-0.733,-3.738,-0.01928555604,0.0004961499371
287,2875727,1,1,-0.081,-2.383,-0.059,-2.34,-0.01351761858,-9.077513932e-05,-0.75,-2.498,-0.733,-3.738,-0.01928555604,0.0004961499371
288,2887691,1,1,-0.083,-2.394,-0.059,-2.34,-0.01474649299,-0.0001139966866,-0.75,-2.498,-0.733,-3.738,-0.01928555604,0.0004961499371
289,2895635,1,1,-0.083,-2.394,-0.059,-2.34,-0.01474649299,-0.0001139966866,-0.75,-2.498,-0.733,-3.738,-0.01928555604,0.0004961499371
290,2905601,1,1,-0.089,-2.357,-0.059,-2.34,-0.01843311624,-3.588784578e-05,-0.75,-2.498,-0.733,-3.738,-0.01928555604,0.0004961499371
291,2915337,1,1,-0.089,-2.378,-0.059,-2.34,-0.01843311624,-8.021989056e-05,-0.757,-2.656,-0.733,-3.738,-0.02722666735,0.0004329308322
292,2925759,1,1,-0.089,-2.378,-0.059,-2.34,-0.01843311624,-8.021989056e-05,-0.739,-3.016,-0.733,-3.738,-0.006806666838,0.0002888873021
293,2935803,1,1,-0.065,-2.351,-0.059,-2.34,-0.003686623249,-2.322154727e-05,-0.739,-3.016,-0.733,-3.738,-0.006806666838,0.0002888873021
294,2949138,1,1,-0.059,-2.359,-0.059,-2.34,0,-4.010994528e-05,-0.739,-3.016,-0.733,-3.738,-0.006806666838,0.0002888873021
295,2956224,1,1,-0.059,-2.359,-0.059,-2.34,0,-4.010994528e-05,-0.739,-3.016,-0.733,-3.738,-0.006806666838,0.0002888873021
296,2965324,1,1,-0.057,-2.352,-0.059,-2.34,0.001228874416,-2.533259702e-05,-0.739,-3.016,-0.733,-3.738,-0.006806666838,0.0002888873021
297,2975623,1,1,-0.051,-2.346,-0.059,-2.34,0.004915497665,-1.266629851e-05,-0.739,-3.016,-0.733,-3.738,-0.006806666838,0.0002888873021
298,2988436,1,1,-0.051,-2.346,-0.059,-2.34,0.004915497665,-1.266629851e-05,-0.739,-3.016,-0.733,-3.738,-0.006806666838,0.0002888873021
299,2995945,1,1,-0.051,-2.375,-0.059,-2.34,0.004915497665,-7.38867413e-05,-0.739,-3.016,-0.733,-3.738,-0.006806666838,0.0002888873021
300,3005242,1,1,-0.05,-2.35,-0.059,-2.34,0.005529934873,-2.111049752e-05,-0.726,-3.191,-0.733,-3.738,0.007941111311,0.0002188661416
301,3015390,1,1,-0.05,-2.35,-0.059,-2.34,0.005529934873,-2.111049752e-05,-0.75,-3.742,-0.733,-3.738,-0.01928555604,-1.600483668e-06
302,3025526,1,1,-0.051,-2.372,-0.059,-2.34,0.004915497665,-6.755359205e-05,-0.75,-3.742,-0.733,-3.738,-0.01928555604,-1.600483668e-06
303,3035653,1,1,-0.053,-2.369,-0.059,-2.34,0.003686623249,-6.12204428e-05,-0.75,-3.742,-0.733,-3.738,-0.01928555604,-1.600483668e-06
304,3049943,1,1,-0.055,-2.36,-0.059,-2.34,0.002457748832,-4.222099503e-05,-0.746,-4.094,-0.733,-3.738,-0.01474777815,-0.0001424430465
305,3058171,1,1,-0.06,-2.36,-0.059,-2.34,-0.0006144372081,-4.222099503e-05,-0.746,-4.094,-0.733,-3.738,-0.01474777815,-0.0001424430465
306,3065726,1,1,-0.06,-2.36,-0.059,-2.34,-0.0006144372081,-4.222099503e-05,-0.746,-4.094,-0.733,-3.738,-0.01474777815,-0.0001424430465
307,3075888,1,1,-0.06,-2.36,-0.059,-2.34,-0.0006144372081,-4.222099503e-05,-0.746,-4.094,-0.733,-3.738,-0.01474777815,-0.0001424430465
308,3087564,1,1,-0.065,-2.365,-0.059,-2.34,-0.003686623249,-5.277624379e-05,-0.746,-4.094,-0.733,-3.738,-0.01474777815,-0.0001424430465
309,3095698,1,1,-0.065,-2.365,-0.059,-2.34,-0.003686623249,-5.277624379e-05,-0.746,-4.094,-0.733,-3.738,-0.01474777815,-0.0001424430465
310,3105939,1,1,-0.065,-2.365,-0.059,-2.34,-0.003686623249,-5.277624379e-05,-0.746,-4.094,-0.733,-3.738,-0.01474777815,-0.0001424430465
311,3115426,1,1,-0.061,-2.356,-0.059,-2.34,-0.001228874416,-3.377679603e-05,-0.746,-4.094,-0.733,-3.738,-0.01474777815,-0.0001424430465
312,3125435,1,1,-0.06,-2.366,-0.059,-2.34,-0.0006144372081,-5.488729354e-05,-0.746,-4.094,-0.733,-3.738,-0.01474777815,-0.0001424430465
313,3135836,1,1,-0.06,-2.366,-0.059,-2.34,-0.0006144372081,-5.488729354e-05,-0.74,-4.075,-0.733,-3.738,-0.007941111311,-0.000134840749
314,3149064,1,1,-0.057,-2.358,-0.059,-2.34,0.001228874416,-3.799889553e-05,-0.743,-4.092,-0.733,-3.738,-0.01134444473,-0.0001416428046
315,3156084,1,1,-0.057,-2.358,-0.059,-2.34,0.001228874416,-3.799889553e-05,-0.743,-4.092,-0.733,-3.738,-0.01134444473,-0.0001416428046
316,3165424,1,1,-0.057,-2.358,-0.059,-2.34,0.001228874416,-3.799889553e-05,-0.743,-4.092,-0.733,-3.738,-0.01134444473,-0.0001416428046
317,3175410,1,1,-0.059,-2.368,-0.059,-2.34,0,-5.910939304e-05,-0.743,-4.092,-0.733,-3.738,-0.01134444473,-0.0001416428046
318,3185473,1,1,-0.059,-2.359,-0.059,-2.34,0,-4.010994528e-05,-0.735,-4.076,-0.733,-3.738,-0.002268888946,-0.0001352408699
319,3195551,1,1,-0.059,-2.359,-0.059,-2.34,0,-4.010994528e-05,-0.75,-4.096,-0.733,-3.738,-0.01928555604,-0.0001432432883
320,3205784,1,1,-0.06,-2.367,-0.059,-2.34,-0.0006144372081,-5.699834329e-05,-0.75,-4.096,-0.733,-3.738,-0.01928555604,-0.0001432432883
321,3216152,1,1,-0.062,-2.363,-0.059,-2.34,-0.001843311624,-4.855414429e-05,-0.75,-4.096,-0.733,-3.738,-0.01928555604,-0.0001432432883
322,3226012,1,1,-0.062,-2.363,-0.059,-2.34,-0.001843311624,-4.855414429e-05,-0.74,-4.093,-0.733,-3.738,-0.007941111311,-0.0001420429255
323,3236482,1,1,-0.063,-2.364,-0.059,-2.34,-0.002457748832,-5.066519404e-05,-0.741,-4.093,-0.733,-3.738,-0.009075555784,-0.0001420429255
324,3248380,1,1,-0.063,-2.362,-0.059,-2.34,-0.002457748832,-4.644309453e-05,-0.753,-4.113,-0.733,-3.738,-0.02268888946,-0.0001500453439
325,3255223,1,1,-0.063,-2.362,-0.059,-2.34,-0.002457748832,-4.644309453e-05,-0.753,-4.113,-0.733,-3.738,-0.02268888946,-0.0001500453439
326,3265394,1,1,-0.063,-2.363,-0.059,-2.34,-0.002457748832,-4.855414429e-05,-0.753,-4.113,-0.733,-3.738,-0.02268888946,-0.0001500453439
327,3275599,1,1,-0.06,-2.359,-0.059,-2.34,-0.0006144372081,-4.010994528e-05,-0.742,-4.103,-0.733,-3.738,-0.01021000026,-0.0001460441347
328,3287211,1,1,-0.06,-2.359,-0.059,-2.34,-0.0006144372081,-4.010994528e-05,-0.745,-4.09,-0.733,-3.738,-0.01361333368,-0.0001408425628
329,3295318,1,1,-0.06,-2.359,-0.059,-2.34,-0.0006144372081,-4.010994528e-05,-0.754,-4.103,-0.733,-3.738,-0.02382333393,-0.0001460441347
330,3305418,1,1,-0.06,-2.359,-0.059,-2.34,-0.0006144372081,-4.010994528e-05,-0.743,-4.094,-0.733,-3.738,-0.01134444473,-0.0001424430465
331,3315954,1,1,-0.06,-2.359,-0.059,-2.34,-0.0006144372081,-4.010994528e-05,-0.755,-4.102,-0.733,-3.738,-0.02495777841,-0.0001456440138
332,3325882,1,1,-0.058,-2.362,-0.059,-2.34,0.0006144372081,-4.644309453e-05,-0.755,-4.102,-0.733,-3.738,-0.02495777841,-0.0001456440138
333,3335724,1,1,-0.058,-2.362,-0.059,-2.34,0.0006144372081,-4.644309453e-05,-0.749,-4.105,-0.733,-3.738,-0.01815111157,-0.0001468443765
334,3348045,1,1,-0.058,-2.362,-0.059,-2.34,0.0006144372081,-4.644309453e-05,-0.744,-4.098,-0.733,-3.738,-0.0124788892,-0.0001440435301
335,3355425,1,1,-0.055,-2.36,-0.059,-2.34,0.002457748832,-4.222099503e-05,-0.753,-4.101,-0.733,-3.738,-0.02268888946,-0.0001452438929
336,3365525,1,1,-0.054,-2.362,-0.059,-2.34,0.00307218604,-4.644309453e-05,-0.744,-4.1,-0.733,-3.738,-0.0124788892,-0.000144843772
337,3375343,1,1,-0.054,-2.362,-0.059,-2.34,0.00307218604,-4.644309453e-05,-0.758,-4.106,-0.733,-3.738,-0.02836111183,-0.0001472444975
338,3385604,1,1,-0.056,-2.362,-0.059,-2.34,0.001843311624,-4.644309453e-05,-0.758,-4.106,-0.733,-3.738,-0.02836111183,-0.0001472444975
339,3395442,1,1,-0.063,-2.364,-0.059,-2.34,-0.002457748832,-5.066519404e-05,-0.743,-4.098,-0.733,-3.738,-0.01134444473,-0.0001440435301
340,3405590,1,1,-0.063,-2.362,-0.059,-2.34,-0.002457748832,-4.644309453e-05,-0.758,-4.102,-0.733,-3.738,-0.02836111183,-0.0001456440138
341,3416489,1,1,-0.068,-2.363,-0.059,-2.34,-0.005529934873,-4.855414429e-05,-0.758,-4.102,-0.733,-3.738,-0.02836111183,-0.0001456440138
342,3426103,1,1,-0.066,-2.361,-0.059,-2.34,-0.004301060457,-4.433204478e-05,-0.741,-4.099,-0.733,-3.738,-0.009075555784,-0.000144443651
343,3435424,1,1,-0.066,-2.361,-0.059,-2.34,-0.004301060457,-4.433204478e-05,-0.756,-4.109,-0.733,-3.738,-0.02609222288,-0.0001484448602
344,3449810,1,1,-0.066,-2.361,-0.059,-2.34,-0.004301060457,-4.433204478e-05,-0.756,-4.109,-0.733,-3.738,-0.02609222288,-0.0001484448602
345,3457274,1,1,-0.066,-2.361,-0.059,-2.34,-0.004301060457,-4.433204478e-05,-0.739,-4.101,-0.733,-3.738,-0.006806666838,-0.0001452438929
346,3466073,1,1,-0.066,-2.361,-0.059,-2.34,-0.004301060457,-4.433204478e-05,-0.753,-4.095,-0.733,-3.738,-0.02268888946,-0.0001428431674
347,3475367,1,1,-0.064,-2.361,-0.059,-2.34,-0.00307218604,-4.433204478e-05,-0.753,-4.095,-0.733,-3.738,-0.02268888946,-0.0001428431674
348,3485482,1,1,-0.064,-2.36,-0.059,-2.34,-0.00307218604,-4.222099503e-05,-0.743,-4.097,-0.733,-3.738,-0.01134444473,-0.0001436434092
349,3495189,1,1,-0.064,-2.36,-0.059,-2.34,-0.00307218604,-4.222099503e-05,-0.755,-4.103,-0.733,-3.738,-0.02495777841,-0.0001460441347
350,3506094,1,1,-0.063,-2.359,-0.059,-2.34,-0.002457748832,-4.010994528e-05,-0.755,-4.103,-0.733,-3.738,-0.02495777841,-0.0001460441347
351,3515584,1,1,-0.063,-2.359,-0.059,-2.34,-0.002457748832,-4.010994528e-05,-0.744,-4.099,-0.733,-3.738,-0.0124788892,-0.000144443651
352,3525562,1,1,-0.063,-2.359,-0.059,-2.34,-0.002457748832,-4.010994528e-05,-0.751,-4.099,-0.733,-3.738,-0.02042000051,-0.000144443651
353,3535540,1,1,-0.06,-2.363,-0.059,-2.34,-0.0006144372081,-4.855414429e-05,-0.751,-4.099,-0.733,-3.738,-0.02042000051,-0.000144443651
354,3550257,1,1,-0.06,-2.363,-0.059,-2.34,-0.0006144372081,-4.855414429e-05,-0.743,-4.097,-0.733,-3.738,-0.01134444473,-0.0001436434092
355,3557135,1,1,-0.06,-2.363,-0.059,-2.34,-0.0006144372081,-4.855414429e-05,-0.756,-4.108,-0.733,-3.738,-0.02609222288,-0.0001480447393
356,3564810,1,1,-0.055,-2.359,-0.059,-2.34,0.002457748832,-4.010994528e-05,-0.756,-4.108,-0.733,-3.738,-0.02609222288,-0.0001480447393
357,3575424,1,1,-0.053,-2.36,-0.059,-2.34,0.003686623249,-4.222099503e-05,-0.74,-4.101,-0.733,-3.738,-0.007941111311,-0.0001452438929
358,3585355,1,1,-0.053,-2.36,-0.059,-2.34,0.003686623249,-4.222099503e-05,-0.749,-4.103,-0.733,-3.738,-0.01815111157,-0.0001460441347
359,3595381,1,1,-0.053,-2.359,-0.059,-2.34,0.003686623249,-4.010994528e-05,-0.749,-4.103,-0.733,-3.738,-0.01815111157,-0.0001460441347
360,3605597,1,1,-0.054,-2.36,-0.059,-2.34,0.00307218604,-4.222099503e-05,-0.741,-4.103,-0.733,-3.738,-0.009075555784,-0.0001460441347
361,3615376,1,1,-0.054,-2.36,-0.059,-2.34,0.00307218604,-4.222099503e-05,-0.752,-4.111,-0.733,-3.738,-0.02155444499,-0.000149245102
362,3625457,1,1,-0.054,-2.36,-0.059,-2.34,0.00307218604,-4.222099503e-05,-0.752,-4.111,-0.733,-3.738,-0.02155444499,-0.000149245102
363,3635521,1,1,-0.054,-2.36,-0.059,-2.34,0.00307218604,-4.222099503e-05,-0.743,-4.106,-0.733,-3.738,-0.01134444473,-0.0001472444975
364,3651176,1,1,-0.054,-2.362,-0.059,-2.34,0.00307218604,-4.644309453e-05,-0.751,-4.1,-0.733,-3.738,-0.02042000051,-0.000144843772
365,3658175,1,1,-0.059,-2.363,-0.059,-2.34,0,-4.855414429e-05,-0.751,-4.1,-0.733,-3.738,-0.02042000051,-0.000144843772
366,3665377,1,1,-0.059,-2.363,-0.059,-2.34,0,-4.855414429e-05,-0.751,-4.1,-0.733,-3.738,-0.02042000051,-0.000144843772
367,3675726,1,1,-0.059,-2.363,-0.059,-2.34,0,-4.855414429e-05,-0.756,-4.105,-0.733,-3.738,-0.02609222288,-0.0001468443765
368,3686145,1,1,-0.065,-2.363,-0.059,-2.34,-0.003686623249,-4.855414429e-05,-0.756,-4.105,-0.733,-3.738,-0.02609222288,-0.0001468443765
369,3698418,1,1,-0.065,-2.363,-0.059,-2.34,-0.003686623249,-4.855414429e-05,-0.741,-4.104,-0.733,-3.738,-0.009075555784,-0.0001464442556
370,3705229,1,1,-0.065,-2.363,-0.059,-2.34,-0.003686623249,-4.855414429e-05,-0.752,-4.113,-0.733,-3.738,-0.02155444499,-0.0001500453439
371,3715179,1,1,-0.067,-2.365,-0.059,-2.34,-0.004915497665,-5.277624379e-05,-0.752,-4.113,-0.733,-3.738,-0.02155444499,-0.0001500453439
372,3725507,1,1,-0.068,-2.364,-0.059,-2.34,-0.005529934873,-5.066519404e-05,-0.742,-4.104,-0.733,-3.738,-0.01021000026,-0.0001464442556
373,3735537,1,1,-0.068,-2.364,-0.059,-2.34,-0.005529934873,-5.066519404e-05,-0.753,-4.11,-0.733,-3.738,-0.02268888946,-0.0001488449811
374,3749433,1,1,-0.063,-2.361,-0.059,-2.34,-0.002457748832,-4.433204478e-05,-0.753,-4.11,-0.733,-3.738,-0.02268888946,-0.0001488449811
375,3757962,1,1,-0.063,-2.361,-0.059,-2.34,-0.002457748832,-4.433204478e-05,-0.739,-4.105,-0.733,-3.738,-0.006806666838,-0.0001468443765
376,3765414,1,1,-0.063,-2.361,-0.059,-2.34,-0.002457748832,-4.433204478e-05,-0.746,-4.105,-0.733,-3.738,-0.01474777815,-0.0001468443765
377,3775242,1,1,-0.06,-2.361,-0.059,-2.34,-0.0006144372081,-4.433204478e-05,-0.746,-4.105,-0.733,-3.738,-0.01474777815,-0.0001468443765
378,3785392,1,1,-0.055,-2.361,-0.059,-2.34,0.002457748832,-4.433204478e-05,-0.746,-4.105,-0.733,-3.738,-0.01474777815,-0.0001468443765
379,3796452,1,1,-0.055,-2.361,-0.059,-2.34,0.002457748832,-4.433204478e-05,-0.746,-4.105,-0.733,-3.738,-0.01474777815,-0.0001468443765
380,3805509,1,1,-0.057,-2.362,-0.059,-2.34,0.001228874416,-4.644309453e-05,-0.746,-4.105,-0.733,-3.738,-0.01474777815,-0.0001468443765
381,3815611,1,1,-0.058,-2.362,-0.059,-2.34,0.0006144372081,-4.644309453e-05,-0.741,-4.105,-0.733,-3.738,-0.009075555784,-0.0001468443765
382,3825676,1,1,-0.058,-2.362,-0.059,-2.34,0.0006144372081,-4.644309453e-05,-0.757,-4.108,-0.733,-3.738,-0.02722666735,-0.0001480447393
383,3835197,1,1,-0.061,-2.362,-0.059,-2.34,-0.001228874416,-4.644309453e-05,-0.757,-4.108,-0.733,-3.738,-0.02722666735,-0.0001480447393
384,3848245,1,1,-0.062,-2.363,-0.059,-2.34,-0.001843311624,-4.855414429e-05,-0.74,-4.106,-0.733,-3.738,-0.007941111311,-0.0001472444975
385,3855801,1,1,-0.062,-2.363,-0.059,-2.34,-0.001843311624,-4.855414429e-05,-0.75,-4.105,-0.733,-3.738,-0.01928555604,-0.0001468443765
386,3865123,1,1,-0.063,-2.362,-0.059,-2.34,-0.002457748832,-4.644309453e-05,-0.75,-4.105,-0.733,-3.738,-0.01928555604,-0.0001468443765
387,3875422,1,1,-0.064,-2.362,-0.059,-2.34,-0.00307218604,-4.644309453e-05,-0.75,-4.105,-0.733,-3.738,-0.01928555604,-0.0001468443765
388,3885628,1,1,-0.064,-2.362,-0.059,-2.34,-0.00307218604,-4.644309453e-05,-0.742,-4.107,-0.733,-3.738,-0.01021000026,-0.0001476446184
389,3896709,1,1,-0.064,-2.362,-0.059,-2.34,-0.00307218604,-4.644309453e-05,-0.749,-4.111,-0.733,-3.738,-0.01815111157,-0.000149245102
390,3905383,1,1,-0.063,-2.363,-0.059,-2.34,-0.002457748832,-4.855414429e-05,-0.749,-4.111,-0.733,-3.738,-0.01815111157,-0.000149245102
391,3915524,1,1,-0.063,-2.363,-0.059,-2.34,-0.002457748832,-4.855414429e-05,-0.759,-4.114,-0.733,-3.738,-0.0294955563,-0.0001504454648
392,3925345,1,1,-0.061,-2.364,-0.059,-2.34,-0.001228874416,-5.066519404e-05,-0.759,-4.114,-0.733,-3.738,-0.0294955563,-0.0001504454648
393,3935986,1,1,-0.061,-2.363,-0.059,-2.34,-0.001228874416,-4.855414429e-05,-0.749,-4.115,-0.733,-3.738,-0.01815111157,-0.0001508455857
394,3950889,1,1,-0.06,-2.363,-0.059,-2.34,-0.0006144372081,-4.855414429e-05,-0.749,-4.112,-0.733,-3.738,-0.01815111157,-0.000149645223
395,3958790,1,1,-0.06,-2.362,-0.059,-2.34,-0.0006144372081,-4.644309453e-05,-0.749,-4.112,-0.733,-3.738,-0.01815111157,-0.000149645223
396,3965553,1,1,-0.06,-2.362,-0.059,-2.34,-0.0006144372081,-4.644309453e-05,-0.743,-4.113,-0.733,-3.738,-0.01134444473,-0.0001500453439
397,3976204,1,1,-0.06,-2.362,-0.059,-2.34,-0.0006144372081,-4.644309453e-05,-0.749,-4.122,-0.733,-3.738,-0.01815111157,-0.0001536464321
398,3985449,1,1,-0.059,-2.363,-0.059,-2.34,0,-4.855414429e-05,-0.749,-4.122,-0.733,-3.738,-0.01815111157,-0.0001536464321
399,3995470,1,1,-0.059,-2.363,-0.059,-2.34,0,-4.855414429e-05,-0.743,-4.112,-0.733,-3.738,-0.01134444473,-0.000149645223
400,4006621,1,1,-0.059,-2.363,-0.059,-2.34,0,-4.855414429e-05,-0.742,-4.11,-0.733,-3.738,-0.01021000026,-0.0001488449811
401,4015479,1,1,-0.06,-2.363,-0.059,-2.34,-0.0006144372081,-4.855414429e-05,-0.742,-4.11,-0.733,-3.738,-0.01021000026,-0.0001488449811
402,4025372,1,1,-0.061,-2.363,-0.059,-2.34,-0.001228874416,-4.855414429e-05,-0.744,-4.128,-0.733,-3.738,-0.0124788892,-0.0001560471576
403,4036409,1,1,-0.061,-2.363,-0.059,-2.34,-0.001228874416,-4.855414429e-05,-0.639,-4.159,-0.733,-3.738,0.1066377805,-0.0001684509061
404,4051585,1,1,-0.061,-2.363,-0.059,-2.34,-0.001228874416,-4.855414429e-05,-0.639,-4.159,-0.733,-3.738,0.1066377805,-0.0001684509061
405,4057383,1,1,-0.061,-2.363,-0.059,-2.34,-0.001228874416,-4.855414429e-05,-0.519,-4.143,-0.733,-3.738,0.2427711172,-0.0001620489714
406,4065424,1,1,-0.061,-2.363,-0.059,-2.34,-0.001228874416,-4.855414429e-05,-0.418,-4.137,-0.733,-3.738,0.357350009,-0.0001596482459
407,4075563,1,1,-0.061,-2.36,-0.059,-2.34,-0.001228874416,-4.222099503e-05,-0.418,-4.137,-0.733,-3.738,0.357350009,-0.0001596482459
408,4086383,1,1,-0.061,-2.363,-0.059,-2.34,-0.001228874416,-4.855414429e-05,-0.399,-4.063,-0.733,-3.738,0.378904454,-0.000130039298
409,4098620,1,1,-0.061,-2.363,-0.059,-2.34,-0.001228874416,-4.855414429e-05,-0.345,-3.9,-0.733,-3.738,0.4401644555,-6.481958855e-05
410,4105364,1,1,-0.063,-2.361,-0.059,-2.34,-0.002457748832,-4.433204478e-05,-0.345,-3.9,-0.733,-3.738,0.4401644555,-6.481958855e-05
411,4115140,1,1,-0.062,-2.358,-0.059,-2.34,-0.001843311624,-3.799889553e-05,-0.336,-3.891,-0.733,-3.738,0.4503744558,-6.12185003e-05
412,4125456,1,1,-0.062,-2.358,-0.059,-2.34,-0.001843311624,-3.799889553e-05,-0.339,-3.878,-0.733,-3.738,0.4469711224,-5.601692838e-05
413,4135506,1,1,-0.065,-2.365,-0.059,-2.34,-0.003686623249,-5.277624379e-05,-0.339,-3.878,-0.733,-3.738,0.4469711224,-5.601692838e-05
414,4148733,1,1,-0.064,-2.367,-0.059,-2.34,-0.00307218604,-5.699834329e-05,-0.339,-3.878,-0.733,-3.738,0.4469711224,-5.601692838e-05
415,4160521,1,1,-0.064,-2.362,-0.059,-2.34,-0.00307218604,-4.644309453e-05,-0.339,-3.878,-0.733,-3.738,0.4469711224,-5.601692838e-05
416,4167810,1,1,-0.064,-2.362,-0.059,-2.34,-0.00307218604,-4.644309453e-05,-0.339,-3.878,-0.733,-3.738,0.4469711224,-5.601692838e-05
417,4175500,1,1,-0.064,-2.362,-0.059,-2.34,-0.00307218604,-4.644309453e-05,-0.34,-3.891,-0.733,-3.738,0.4458366779,-6.12185003e-05
418,4186063,1,1,-0.064,-2.362,-0.059,-2.34,-0.00307218604,-4.644309453e-05,-0.312,-3.801,-0.733,-3.738,0.4776011231,-2.520761777e-05
419,4195577,1,1,-0.062,-2.365,-0.059,-2.34,-0.001843311624,-5.277624379e-05,-0.312,-3.801,-0.733,-3.738,0.4776011231,-2.520761777e-05
420,4206443,1,1,-0.062,-2.363,-0.059,-2.34,-0.001843311624,-4.855414429e-05,-0.31,-3.811,-0.733,-3.738,0.4798700121,-2.920882694e-05
421,4215491,1,1,-0.062,-2.363,-0.059,-2.34,-0.001843311624,-4.855414429e-05,-0.317,-3.781,-0.733,-3.738,0.4719289008,-1.720519943e-05
422,4225515,1,1,-0.059,-2.363,-0.059,-2.34,0,-4.855414429e-05,-0.317,-3.781,-0.733,-3.738,0.4719289008,-1.720519943e-05
423,4235532,1,1,-0.059,-2.36,-0.059,-2.34,0,-4.222099503e-05,-0.317,-3.781,-0.733,-3.738,0.4719289008,-1.720519943e-05
424,4248671,1,1,-0.059,-2.36,-0.059,-2.34,0,-4.222099503e-05,-0.3,-3.7,-0.733,-3.738,0.4912144568,1.520459485e-05
425,4259009,1,1,-0.058,-2.361,-0.059,-2.34,0.0006144372081,-4.433204478e-05,-0.315,-3.644,-0.733,-3.738,0.4741977897,3.76113662e-05
426,4266452,1,1,-0.058,-2.361,-0.059,-2.34,0.0006144372081,-4.433204478e-05,-0.315,-3.644,-0.733,-3.738,0.4741977897,3.76113662e-05
427,4275432,1,1,-0.058,-2.361,-0.059,-2.34,0.0006144372081,-4.433204478e-05,-0.315,-3.644,-0.733,-3.738,0.4741977897,3.76113662e-05
428,4286127,1,1,-0.058,-2.364,-0.059,-2.34,0.0006144372081,-5.066519404e-05,-0.315,-3.644,-0.733,-3.738,0.4741977897,3.76113662e-05
429,4295196,1,1,-0.058,-2.364,-0.059,-2.34,0.0006144372081,-5.066519404e-05,-0.3,-3.663,-0.733,-3.738,0.4912144568,3.000906878e-05
430,4305997,1,1,-0.058,-2.364,-0.059,-2.34,0.0006144372081,-5.066519404e-05,-0.303,-3.649,-0.733,-3.738,0.4878111234,3.561076161e-05
431,4315547,1,1,-0.059,-2.374,-0.059,-2.34,0,-7.177569155e-05,-0.303,-3.649,-0.733,-3.738,0.4878111234,3.561076161e-05
432,4325945,1,1,-0.057,-2.337,-0.059,-2.34,0.001228874416,6.333149255e-06,-0.308,-3.67,-0.733,-3.738,0.482138901,2.720822236e-05
433,4335486,1,1,-0.057,-2.337,-0.059,-2.34,0.001228874416,6.333149255e-06,-0.287,-3.511,-0.733,-3.738,0.505962235,9.082744816e-05
434,4348839,1,1,-0.058,-2.369,-0.059,-2.34,0.0006144372081,-6.12204428e-05,-0.287,-3.511,-0.733,-3.738,0.505962235,9.082744816e-05
435,4358819,1,1,-0.058,-2.369,-0.059,-2.34,0.0006144372081,-6.12204428e-05,-0.293,-3.472,-0.733,-3.738,0.4991555681,0.0001064321639
436,4365169,1,1,-0.058,-2.369,-0.059,-2.34,0.0006144372081,-6.12204428e-05,-0.285,-3.507,-0.733,-3.738,0.5082311239,9.242793183e-05
437,4375231,1,1,-0.058,-2.374,-0.059,-2.34,0.0006144372081,-7.177569155e-05,-0.286,-3.525,-0.733,-3.738,0.5070966794,8.522575532e-05
438,4385381,1,1,-0.058,-2.345,-0.059,-2.34,0.0006144372081,-1.055524876e-05,-0.299,-3.514,-0.733,-3.738,0.4923489013,8.962708541e-05
439,4395340,1,1,-0.058,-2.345,-0.059,-2.34,0.0006144372081,-1.055524876e-05,-0.297,-3.504,-0.733,-3.738,0.4946177902,9.362829458e-05
440,4405369,1,1,-0.058,-2.376,-0.059,-2.34,0.0006144372081,-7.599779106e-05,-0.297,-3.504,-0.733,-3.738,0.4946177902,9.362829458e-05
441,4415470,1,1,-0.058,-2.374,-0.059,-2.34,0.0006144372081,-7.177569155e-05,-0.286,-3.502,-0.733,-3.738,0.5070966794,9.442853641e-05
442,4425434,1,1,-0.058,-2.374,-0.059,-2.34,0.0006144372081,-7.177569155e-05,-0.293,-3.525,-0.733,-3.738,0.4991555681,8.522575532e-05
443,4435396,1,1,-0.059,-2.354,-0.059,-2.34,0,-2.955469652e-05,-0.293,-3.525,-0.733,-3.738,0.4991555681,8.522575532e-05
444,4448735,1,1,-0.059,-2.368,-0.059,-2.34,0,-5.910939304e-05,-0.284,-3.522,-0.733,-3.738,0.5093655684,8.642611807e-05
445,4459841,1,1,-0.057,-2.36,-0.059,-2.34,0.001228874416,-4.222099503e-05,-0.298,-3.552,-0.733,-3.738,0.4934833458,7.442249056e-05
446,4466414,1,1,-0.055,-2.352,-0.059,-2.34,0.002457748832,-2.533259702e-05,-0.298,-3.552,-0.733,-3.738,0.4934833458,7.442249056e-05
447,4475606,1,1,-0.055,-2.352,-0.059,-2.34,0.002457748832,-2.533259702e-05,-0.291,-3.544,-0.733,-3.738,0.5014244571,7.76234579e-05
448,4485241,1,1,-0.055,-2.352,-0.059,-2.34,0.002457748832,-2.533259702e-05,-0.274,-3.297,-0.733,-3.738,0.5207100131,0.0001764533244
449,4495489,1,1,-0.058,-2.349,-0.059,-2.34,0.0006144372081,-1.899944776e-05,-0.274,-3.297,-0.733,-3.738,0.5207100131,0.0001764533244
450,4506425,1,1,-0.053,-2.367,-0.059,-2.34,0.003686623249,-5.699834329e-05,-0.277,-3.768,-0.733,-3.738,0.5173066797,-1.200362751e-05
451,4515367,1,1,-0.053,-2.367,-0.059,-2.34,0.003686623249,-5.699834329e-05,-0.277,-3.472,-0.733,-3.738,0.5173066797,0.0001064321639
452,4525421,1,1,-0.052,-2.371,-0.059,-2.34,0.004301060457,-6.54425423e-05,-0.277,-3.472,-0.733,-3.738,0.5173066797,0.0001064321639
453,4535460,1,1,-0.053,-2.357,-0.059,-2.34,0.003686623249,-3.588784578e-05,-0.267,-3.399,-0.733,-3.738,0.5286511244,0.0001356409909
454,4549083,1,1,-0.053,-2.357,-0.059,-2.34,0.003686623249,-3.588784578e-05,-0.275,-3.306,-0.733,-3.738,0.5195755686,0.0001728522361
455,4562000,1,1,-0.061,-2.395,-0.059,-2.34,-0.001228874416,-0.0001161077363,-0.275,-3.306,-0.733,-3.738,0.5195755686,0.0001728522361
456,4568381,1,1,-0.061,-2.395,-0.059,-2.34,-0.001228874416,-0.0001161077363,-0.264,-3.443,-0.733,-3.738,0.5320544578,0.0001180356705
457,4576569,1,1,-0.061,-2.395,-0.059,-2.34,-0.001228874416,-0.0001161077363,-0.259,-3.366,-0.733,-3.738,0.5377266802,0.0001488449811
458,4585363,1,1,-0.058,-2.377,-0.059,-2.34,0.0006144372081,-7.810884081e-05,-0.259,-3.366,-0.733,-3.738,0.5377266802,0.0001488449811
459,4595161,1,1,-0.061,-2.372,-0.059,-2.34,-0.001228874416,-6.755359205e-05,-0.254,-3.374,-0.733,-3.738,0.5433989026,0.0001456440138
460,4605976,1,1,-0.061,-2.372,-0.059,-2.34,-0.001228874416,-6.755359205e-05,-0.262,-3.355,-0.733,-3.738,0.5343233468,0.0001532463112
461,4615656,1,1,-0.061,-2.372,-0.059,-2.34,-0.001228874416,-6.755359205e-05,-0.262,-3.355,-0.733,-3.738,0.5343233468,0.0001532463112
462,4625511,1,1,-0.061,-2.372,-0.059,-2.34,-0.001228874416,-6.755359205e-05,-0.251,-3.365,-0.733,-3.738,0.546802236,0.000149245102
463,4635973,1,1,-0.061,-2.372,-0.059,-2.34,-0.001228874416,-6.755359205e-05,-0.388,-3.991,-0.733,-3.738,0.3913833432,-0.000101230592
464,4650655,1,1,-0.056,-2.353,-0.059,-2.34,0.001843311624,-2.744364677e-05,-0.388,-3.991,-0.733,-3.738,0.3913833432,-0.000101230592
465,4662683,1,1,-0.056,-2.353,-0.059,-2.34,0.001843311624,-2.744364677e-05,-0.375,-3.877,-0.733,-3.738,0.4061311213,-5.561680746e-05
466,4670903,1,1,-0.058,-2.396,-0.059,-2.34,0.0006144372081,-0.0001182187861,-0.375,-3.877,-0.733,-3.738,0.4061311213,-5.561680746e-05
467,4677268,1,1,-0.056,-2.373,-0.059,-2.34,0.001843311624,-6.96646418e-05,-0.375,-3.877,-0.733,-3.738,0.4061311213,-5.561680746e-05
468,4685490,1,1,-0.056,-2.373,-0.059,-2.34,0.001843311624,-6.96646418e-05,-0.37,-3.866,-0.733,-3.738,0.4118033437,-5.121547738e-05
469,4695550,1,1,-0.056,-2.373,-0.059,-2.34,0.001843311624,-6.96646418e-05,-0.372,-3.885,-0.733,-3.738,0.4095344548,-5.88177748e-05
470,4705535,1,1,-0.047,-2.33,-0.059,-2.34,0.007373246497,2.111049752e-05,-0.372,-3.885,-0.733,-3.738,0.4095344548,-5.88177748e-05
471,4717100,1,1,-0.047,-2.369,-0.059,-2.34,0.007373246497,-6.12204428e-05,-0.362,-3.834,-0.733,-3.738,0.4208788995,-3.841160803e-05
472,4725595,1,1,-0.047,-2.369,-0.059,-2.34,0.007373246497,-6.12204428e-05,-0.364,-3.863,-0.733,-3.738,0.4186100105,-5.001511462e-05
473,4735539,1,1,-0.032,-2.362,-0.059,-2.34,0.01658980462,-4.644309453e-05,-0.364,-3.863,-0.733,-3.738,0.4186100105,-5.001511462e-05
474,4749223,1,1,-0.032,-2.365,-0.059,-2.34,0.01658980462,-5.277624379e-05,-0.369,-3.82,-0.733,-3.738,0.4129377882,-3.280991519e-05
475,4755481,1,1,-0.032,-2.365,-0.059,-2.34,0.01658980462,-5.277624379e-05,-0.38,-3.853,-0.733,-3.738,0.400458899,-4.601390546e-05
476,4765318,1,1,-0.039,-2.424,-0.059,-2.34,0.01228874416,-0.0001773281791,-0.38,-3.853,-0.733,-3.738,0.400458899,-4.601390546e-05
477,4776035,1,1,-0.043,-2.355,-0.059,-2.34,0.00983099533,-3.166574627e-05,-0.369,-3.85,-0.733,-3.738,0.4129377882,-4.48135427e-05
478,4785355,1,1,-0.043,-2.355,-0.059,-2.34,0.00983099533,-3.166574627e-05,-0.373,-3.842,-0.733,-3.738,0.4084000103,-4.161257537e-05
479,4795492,1,1,-0.063,-2.361,-0.059,-2.34,-0.002457748832,-4.433204478e-05,-0.373,-3.842,-0.733,-3.738,0.4084000103,-4.161257537e-05
480,4805305,1,1,-0.062,-2.366,-0.059,-2.34,-0.001843311624,-5.488729354e-05,-0.39,-3.861,-0.733,-3.738,0.3891144542,-4.921487279e-05
481,4815561,1,1,-0.062,-2.366,-0.059,-2.34,-0.001843311624,-5.488729354e-05,-0.39,-3.812,-0.733,-3.738,0.3891144542,-2.960894786e-05
482,4825441,1,1,-0.068,-2.371,-0.059,-2.34,-0.005529934873,-6.54425423e-05,-0.39,-3.812,-0.733,-3.738,0.3891144542,-2.960894786e-05
483,4835495,1,1,-0.066,-2.361,-0.059,-2.34,-0.004301060457,-4.433204478e-05,-0.386,-3.774,-0.733,-3.738,0.3936522321,-1.440435301e-05
484,4849013,1,1,-0.066,-2.361,-0.059,-2.34,-0.004301060457,-4.433204478e-05,-0.387,-3.724,-0.733,-3.738,0.3925177877,5.601692838e-06
485,4856298,1,1,-0.064,-2.376,-0.059,-2.34,-0.00307218604,-7.599779106e-05,-0.387,-3.724,-0.733,-3.738,0.3925177877,5.601692838e-06
486,4867165,1,1,-0.054,-2.368,-0.059,-2.34,0.00307218604,-5.910939304e-05,-0.384,-3.629,-0.733,-3.738,0.3959211211,4.361317995e-05
487,4875680,1,1,-0.054,-2.368,-0.059,-2.34,0.00307218604,-5.910939304e-05,-0.666,-3.822,-0.733,-3.738,0.07600777969,-3.361015703e-05
488,4885585,1,1,-0.048,-2.364,-0.059,-2.34,0.006758809289,-5.066519404e-05,-0.666,-3.822,-0.733,-3.738,0.07600777969,-3.361015703e-05
489,4895383,1,1,-0.044,-2.37,-0.059,-2.34,0.009216558121,-6.333149255e-05,-0.666,-3.822,-0.733,-3.738,0.07600777969,-3.361015703e-05
490,4905436,1,1,-0.044,-2.37,-0.059,-2.34,0.009216558121,-6.333149255e-05,-0.666,-3.822,-0.733,-3.738,0.07600777969,-3.361015703e-05
491,4916137,1,1,-0.044,-2.364,-0.059,-2.34,0.009216558121,-5.066519404e-05,-0.666,-3.822,-0.733,-3.738,0.07600777969,-3.361015703e-05
492,4925514,1,1,-0.044,-2.364,-0.059,-2.34,0.009216558121,-5.066519404e-05,-0.664,-3.428,-0.733,-3.738,0.07827666864,0.0001240374843
493,4935355,1,1,-0.044,-2.364,-0.059,-2.34,0.009216558121,-5.066519404e-05,-1.761,-4.561,-0.733,-3.738,-1.166208918,-0.0003292995147
494,4948020,1,1,-0.05,-2.394,-0.059,-2.34,0.005529934873,-0.0001139966866,-1.761,-4.561,-0.733,-3.738,-1.166208918,-0.0003292995147
495,4955161,1,1,-0.05,-2.394,-0.059,-2.34,0.005529934873,-0.0001139966866,-2.715,-3.275,-0.733,-3.738,-2.248468945,0.0001852559846
496,4965418,1,1,-0.05,-2.394,-0.059,-2.34,0.005529934873,-0.0001139966866,-1.749,-4.925,-0.733,-3.738,-1.152595585,-0.0004749435285
497,4976052,1,1,-0.052,-2.321,-0.059,-2.34,0.004301060457,4.010994528e-05,-1.749,-4.925,-0.733,-3.738,-1.152595585,-0.0004749435285
498,4985378,1,1,-0.015,-2.373,-0.059,-2.34,0.02703523716,-6.96646418e-05,-1.749,-4.925,-0.733,-3.738,-1.152595585,-0.0004749435285
499,4995636,1,1,-0.015,-2.373,-0.059,-2.34,0.02703523716,-6.96646418e-05,-1.749,-4.925,-0.733,-3.738,-1.152595585,-0.0004749435285
500,5005722,1,1,-0.074,-2.285,-0.059,-2.34,-0.009216558121,0.0001161077363,-1.749,-4.925,-0.733,-3.738,-1.152595585,-0.0004749435285
501,5018139,1,1,-0.074,-2.285,-0.059,-2.34,-0.009216558121,0.0001161077363,-1.409,-3.482,-0.733,-3.738,-0.7668844637,0.0001024309548
502,5025385,1,1,-0.074,-2.285,-0.059,-2.34,-0.009216558121,0.0001161077363,-0.951,-2.357,-0.733,-3.738,-0.2473088951,0.0005525669864
503,5035496,1,1,-0.017,-2.352,-0.059,-2.34,0.02580636274,-2.533259702e-05,-0.873,-1.041,-0.733,-3.738,-0.1588222262,0.001079126113
504,5048553,1,1,-0.03,-2.479,-0.059,-2.34,0.01781867903,-0.0002934359155,-0.898,-1.97,-0.733,-3.738,-0.187183338,0.0007074137813
505,5055392,1,1,-0.03,-2.479,-0.059,-2.34,0.01781867903,-0.0002934359155,-0.504,-1.831,-0.733,-3.738,0.2597877843,0.0007630305887
506,5065130,1,1,-0.03,-2.479,-0.059,-2.34,0.01781867903,-0.0002934359155,-0.504,-1.831,-0.733,-3.738,0.2597877843,0.0007630305887
507,5075960,1,1,-0.03,-2.479,-0.059,-2.34,0.01781867903,-0.0002934359155,-0.466,-1.532,-0.733,-3.738,0.3028966743,0.0008826667429
508,5085518,1,1,-0.03,-2.479,-0.059,-2.34,0.01781867903,-0.0002934359155,-1.466,-1.99,-0.733,-3.738,-0.8315477987,0.0006994113629
509,5095211,1,1,-0.043,-2.423,-0.059,-2.34,0.00983099533,-0.0001752171294,-0.331,-1.026,-0.733,-3.738,0.4560466781,0.001085127927
510,5105381,1,1,-0.046,-2.381,-0.059,-2.34,0.007987683705,-8.655303981e-05,-0.331,-1.026,-0.733,-3.738,0.4560466781,0.001085127927
511,5117055,1,1,-0.046,-2.381,-0.059,-2.34,0.007987683705,-8.655303981e-05,-0.715,-1.357,-0.733,-3.738,0.02042000051,0.0009526879034
512,5125297,1,1,-0.046,-2.381,-0.059,-2.34,0.007987683705,-8.655303981e-05,-0.715,-1.357,-0.733,-3.738,0.02042000051,0.0009526879034
513,5135466,1,1,-0.046,-2.381,-0.059,-2.34,0.007987683705,-8.655303981e-05,-0.714,-2.146,-0.733,-3.738,0.02155444499,0.0006369924999
514,5147896,1,1,-0.046,-2.381,-0.059,-2.34,0.007987683705,-8.655303981e-05,-0.773,-1.436,-0.733,-3.738,-0.04537777892,0.0009210783509
515,5155285,1,1,-0.063,-2.37,-0.059,-2.34,-0.002457748832,-6.333149255e-05,-0.773,-1.436,-0.733,-3.738,-0.04537777892,0.0009210783509
516,5166185,1,1,-0.067,-2.384,-0.059,-2.34,-0.004915497665,-9.288618907e-05,-0.752,-2.163,-0.733,-3.738,-0.02155444499,0.0006301904443
517,5175516,1,1,-0.067,-2.384,-0.059,-2.34,-0.004915497665,-9.288618907e-05,-0.841,-0.96,-0.733,-3.738,-0.1225200031,0.001111535907
518,5185308,1,1,-0.181,-2.35,-0.059,-2.34,-0.07496133939,-2.111049752e-05,-0.841,-0.96,-0.733,-3.738,-0.1225200031,0.001111535907
519,5195305,1,1,-0.178,-2.412,-0.059,-2.34,-0.07311802776,-0.0001519955821,-0.84,-1.871,-0.733,-3.738,-0.1213855586,0.000747025752
520,5205396,1,1,-0.178,-2.412,-0.059,-2.34,-0.07311802776,-0.0001519955821,-0.857,-1.679,-0.733,-3.738,-0.1406711147,0.0008238489681
521,5215182,1,1,0.005,-2.44,-0.059,-2.34,0.03932398132,-0.0002111049752,-0.857,-1.679,-0.733,-3.738,-0.1406711147,0.0008238489681
522,5225471,1,1,-0.131,-2.337,-0.059,-2.34,-0.04423947898,6.333149255e-06,-0.83,-1.483,-0.733,-3.738,-0.1100411139,0.0009022726678
523,5235292,1,1,-0.131,-2.337,-0.059,-2.34,-0.04423947898,6.333149255e-06,-0.811,-2.002,-0.733,-3.738,-0.08848666889,0.0006946099119
524,5249105,1,1,-0.131,-2.337,-0.059,-2.34,-0.04423947898,6.333149255e-06,-0.811,-2.002,-0.733,-3.738,-0.08848666889,0.0006946099119
525,5255449,1,1,-0.131,-2.337,-0.059,-2.34,-0.04423947898,6.333149255e-06,-0.811,-2.002,-0.733,-3.738,-0.08848666889,0.0006946099119
526,5265243,1,1,-0.131,-2.337,-0.059,-2.34,-0.04423947898,6.333149255e-06,-0.811,-2.002,-0.733,-3.738,-0.08848666889,0.0006946099119
527,5277298,1,1,-0.041,-2.386,-0.059,-2.34,0.01105986975,-9.710828857e-05,-0.811,-2.002,-0.733,-3.738,-0.08848666889,0.0006946099119
528,5285428,1,1,0.007,-2.393,-0.059,-2.34,0.04055285573,-0.0001118856368,-0.805,-1.678,-0.733,-3.738,-0.08168000206,0.000824249089
529,5295443,1,1,0.007,-2.393,-0.059,-2.34,0.04055285573,-0.0001118856368,-0.686,-2.096,-0.733,-3.738,0.05331889023,0.0006569985457
530,5305380,1,1,-0.059,-2.297,-0.059,-2.34,0,9.077513932e-05,-0.686,-2.096,-0.733,-3.738,0.05331889023,0.0006569985457
531,5315297,1,1,-0.037,-2.353,-0.059,-2.34,0.01351761858,-2.744364677e-05,-0.635,-2.233,-0.733,-3.738,0.1111755584,0.0006021819801
532,5327161,1,1,-0.028,-2.388,-0.059,-2.34,0.01904755345,-0.0001013303881,-0.427,-2.645,-0.733,-3.738,0.3471400087,0.0004373321623
533,5335605,1,1,-0.043,-2.353,-0.059,-2.34,0.00983099533,-2.744364677e-05,-0.427,-2.645,-0.733,-3.738,0.3471400087,0.0004373321623
534,5348158,1,1,-0.077,-2.348,-0.059,-2.34,-0.01105986975,-1.688839801e-05,-0.377,-2.545,-0.733,-3.738,0.4038622324,0.000477344254
535,5355323,1,1,-0.077,-2.348,-0.059,-2.34,-0.01105986975,-1.688839801e-05,-0.315,-3.14,-0.733,-3.738,0.4741977897,0.0002392723084
536,5365202,1,1,-0.061,-2.386,-0.059,-2.34,-0.001228874416,-9.710828857e-05,-0.27,-3.282,-0.733,-3.738,0.525247791,0.0001824551382
537,5375963,1,1,-0.073,-2.394,-0.059,-2.34,-0.008602120913,-0.0001139966866,-0.292,-3.303,-0.733,-3.738,0.5002900126,0.0001740525989
538,5385342,1,1,-0.073,-2.394,-0.059,-2.34,-0.008602120913,-0.0001139966866,-0.29,-3.222,-0.733,-3.738,0.5025589015,0.0002064623932
539,5395440,1,1,-0.084,-2.368,-0.059,-2.34,-0.0153609302,-5.910939304e-05,-0.29,-3.222,-0.733,-3.738,0.5025589015,0.0002064623932
540,5405638,1,1,-0.074,-2.384,-0.059,-2.34,-0.009216558121,-9.288618907e-05,-0.29,-3.222,-0.733,-3.738,0.5025589015,0.0002064623932
541,5415309,1,1,-0.074,-2.384,-0.059,-2.34,-0.009216558121,-9.288618907e-05,-0.29,-3.222,-0.733,-3.738,0.5025589015,0.0002064623932
542,5425150,1,1,-0.054,-2.353,-0.059,-2.34,0.00307218604,-2.744364677e-05,-0.29,-3.222,-0.733,-3.738,0.5025589015,0.0002064623932
543,5435171,1,1,-0.048,-2.411,-0.059,-2.34,0.006758809289,-0.0001498845324,-0.29,-3.222,-0.733,-3.738,0.5025589015,0.0002064623932
544,5449016,1,1,-0.048,-2.411,-0.059,-2.34,0.006758809289,-0.0001498845324,-0.29,-3.222,-0.733,-3.738,0.5025589015,0.0002064623932
545,5456377,1,1,-0.028,-2.367,-0.059,-2.34,0.01904755345,-5.699834329e-05,-0.29,-3.222,-0.733,-3.738,0.5025589015,0.0002064623932
546,5465493,1,1,-0.028,-2.367,-0.059,-2.34,0.01904755345,-5.699834329e-05,-0.298,-3.305,-0.733,-3.738,0.4934833458,0.0001732523571
547,5475337,1,1,-0.028,-2.367,-0.059,-2.34,0.01904755345,-5.699834329e-05,-0.306,-3.318,-0.733,-3.738,0.48440779,0.0001680507851
548,5485483,1,1,-0.027,-2.363,-0.059,-2.34,0.01966199066,-4.855414429e-05,-0.306,-3.318,-0.733,-3.738,0.48440779,0.0001680507851
549,5495378,1,1,-0.028,-2.359,-0.059,-2.34,0.01904755345,-4.010994528e-05,-0.288,-3.246,-0.733,-3.738,0.5048277905,0.0001968594912
550,5505346,1,1,-0.028,-2.359,-0.059,-2.34,0.01904755345,-4.010994528e-05,-0.298,-3.314,-0.733,-3.738,0.4934833458,0.0001696512688
551,5515510,1,1,-0.041,-2.374,-0.059,-2.34,0.01105986975,-7.177569155e-05,-0.298,-3.314,-0.733,-3.738,0.4934833458,0.0001696512688
552,5525975,1,1,-0.039,-2.36,-0.059,-2.34,0.01228874416,-4.222099503e-05,-0.298,-3.314,-0.733,-3.738,0.4934833458,0.0001696512688
553,5535330,1,1,-0.039,-2.36,-0.059,-2.34,0.01228874416,-4.222099503e-05,-0.288,-3.301,-0.733,-3.738,0.5048277905,0.0001748528407
554,5548511,1,1,-0.046,-2.353,-0.059,-2.34,0.007987683705,-2.744364677e-05,-0.288,-3.34,-0.733,-3.738,0.5048277905,0.000159248125
555,5556064,1,1,-0.046,-2.353,-0.059,-2.34,0.007987683705,-2.744364677e-05,-0.304,-3.34,-0.733,-3.738,0.4866766789,0.000159248125
556,5565323,1,1,-0.046,-2.353,-0.059,-2.34,0.007987683705,-2.744364677e-05,-0.275,-3.303,-0.733,-3.738,0.5195755686,0.0001740525989
557,5575439,1,1,-0.053,-2.374,-0.059,-2.34,0.003686623249,-7.177569155e-05,-0.275,-3.303,-0.733,-3.738,0.5195755686,0.0001740525989
558,5585220,1,1,-0.049,-2.358,-0.059,-2.34,0.006144372081,-3.799889553e-05,-0.289,-3.312,-0.733,-3.738,0.503693346,0.0001704515106
559,5595819,1,1,-0.049,-2.358,-0.059,-2.34,0.006144372081,-3.799889553e-05,-0.289,-3.312,-0.733,-3.738,0.503693346,0.0001704515106
560,5605152,1,1,-0.045,-2.366,-0.059,-2.34,0.008602120913,-5.488729354e-05,-0.289,-3.312,-0.733,-3.738,0.503693346,0.0001704515106
561,5616060,1,1,-0.042,-2.36,-0.059,-2.34,0.01044543254,-4.222099503e-05,-0.294,-3.298,-0.733,-3.738,0.4980211236,0.0001760532035
562,5627543,1,1,-0.042,-2.36,-0.059,-2.34,0.01044543254,-4.222099503e-05,-0.282,-3.298,-0.733,-3.738,0.5116344573,0.0001760532035
563,5635884,1,1,-0.041,-2.359,-0.059,-2.34,0.01105986975,-4.010994528e-05,-0.282,-3.298,-0.733,-3.738,0.5116344573,0.0001760532035
564,5648588,1,1,-0.043,-2.388,-0.059,-2.34,0.00983099533,-0.0001013303881,-0.281,-3.297,-0.733,-3.738,0.5127689018,0.0001764533244
565,5655962,1,1,-0.043,-2.388,-0.059,-2.34,0.00983099533,-0.0001013303881,-0.281,-3.297,-0.733,-3.738,0.5127689018,0.0001764533244
566,5665313,1,1,-0.046,-2.383,-0.059,-2.34,0.007987683705,-9.077513932e-05,-0.281,-3.297,-0.733,-3.738,0.5127689018,0.0001764533244
567,5675472,1,1,-0.047,-2.366,-0.059,-2.34,0.007373246497,-5.488729354e-05,-0.278,-3.249,-0.733,-3.738,0.5161722352,0.0001956591284
568,5687109,1,1,-0.047,-2.366,-0.059,-2.34,0.007373246497,-5.488729354e-05,-0.287,-3.186,-0.733,-3.738,0.505962235,0.0002208667462
569,5694990,1,1,-0.047,-2.366,-0.059,-2.34,0.007373246497,-5.488729354e-05,-0.287,-3.186,-0.733,-3.738,0.505962235,0.0002208667462
570,5705911,1,1,-0.047,-2.366,-0.059,-2.34,0.007373246497,-5.488729354e-05,-0.289,-3.194,-0.733,-3.738,0.503693346,0.0002176657788
571,5715694,1,1,-0.047,-2.366,-0.059,-2.34,0.007373246497,-5.488729354e-05,-0.289,-3.185,-0.733,-3.738,0.503693346,0.0002212668671
572,5725315,1,1,-0.044,-2.339,-0.059,-2.34,0.009216558121,2.111049752e-06,-0.289,-3.185,-0.733,-3.738,0.503693346,0.0002212668671
573,5735886,1,1,-0.047,-2.383,-0.059,-2.34,0.007373246497,-9.077513932e-05,-0.289,-3.185,-0.733,-3.738,0.503693346,0.0002212668671
574,5748503,1,1,-0.047,-2.383,-0.059,-2.34,0.007373246497,-9.077513932e-05,-0.289,-3.185,-0.733,-3.738,0.503693346,0.0002212668671
575,5755389,1,1,-0.045,-2.359,-0.059,-2.34,0.008602120913,-4.010994528e-05,-0.289,-3.185,-0.733,-3.738,0.503693346,0.0002212668671
576,5765167,1,1,-0.043,-2.348,-0.059,-2.34,0.00983099533,-1.688839801e-05,-0.306,-3.213,-0.733,-3.738,0.48440779,0.0002100634814
577,5775355,1,1,-0.043,-2.348,-0.059,-2.34,0.00983099533,-1.688839801e-05,-0.334,-3.348,-0.733,-3.738,0.4526433447,0.0001560471576
578,5785656,1,1,-0.04,-2.341,-0.059,-2.34,0.01167430695,-2.111049752e-06,-0.334,-3.348,-0.733,-3.738,0.4526433447,0.0001560471576
579,5794925,1,1,-0.032,-2.364,-0.059,-2.34,0.01658980462,-5.066519404e-05,-0.334,-3.348,-0.733,-3.738,0.4526433447,0.0001560471576
580,5805082,1,1,-0.032,-2.364,-0.059,-2.34,0.01658980462,-5.066519404e-05,-0.334,-3.348,-0.733,-3.738,0.4526433447,0.0001560471576
581,5815355,1,1,-0.03,-2.351,-0.059,-2.34,0.01781867903,-2.322154727e-05,-0.334,-3.348,-0.733,-3.738,0.4526433447,0.0001560471576
582,5825128,1,1,-0.022,-2.343,-0.059,-2.34,0.0227341767,-6.333149255e-06,-0.397,-3.423,-0.733,-3.738,0.3811733429,0.0001260380889
583,5836038,1,1,-0.022,-2.343,-0.059,-2.34,0.0227341767,-6.333149255e-06,-0.403,-3.403,-0.733,-3.738,0.3743666761,0.0001340405072
584,5848019,1,1,-0.027,-2.347,-0.059,-2.34,0.01966199066,-1.477734826e-05,-0.403,-3.403,-0.733,-3.738,0.3743666761,0.0001340405072
585,5855249,1,1,-0.039,-2.355,-0.059,-2.34,0.01228874416,-3.166574627e-05,-0.419,-3.399,-0.733,-3.738,0.3562155645,0.0001356409909
586,5864992,1,1,-0.04,-2.353,-0.059,-2.34,0.01167430695,-2.744364677e-05,-0.399,-3.395,-0.733,-3.738,0.378904454,0.0001372414745
587,5875133,1,1,-0.06,-2.36,-0.059,-2.34,-0.0006144372081,-4.222099503e-05,-0.399,-3.395,-0.733,-3.738,0.378904454,0.0001372414745
588,5885925,1,1,-0.059,-2.361,-0.059,-2.34,0,-4.433204478e-05,-0.403,-3.399,-0.733,-3.738,0.3743666761,0.0001356409909
589,5894995,1,1,-0.059,-2.361,-0.059,-2.34,0,-4.433204478e-05,-0.399,-3.406,-0.733,-3.738,0.378904454,0.0001328401444
590,5905127,1,1,-0.062,-2.37,-0.059,-2.34,-0.001843311624,-6.333149255e-05,-0.403,-3.388,-0.733,-3.738,0.3743666761,0.000140042321
591,5915938,1,1,-0.06,-2.361,-0.059,-2.34,-0.0006144372081,-4.433204478e-05,-0.403,-3.388,-0.733,-3.738,0.3743666761,0.000140042321
592,5925578,1,1,-0.06,-2.361,-0.059,-2.34,-0.0006144372081,-4.433204478e-05,-0.403,-3.388,-0.733,-3.738,0.3743666761,0.000140042321
593,5935861,1,1,-0.056,-2.369,-0.059,-2.34,0.001843311624,-6.12204428e-05,-0.403,-3.388,-0.733,-3.738,0.3743666761,0.000140042321
594,5947859,1,1,-0.051,-2.366,-0.059,-2.34,0.004915497665,-5.488729354e-05,-0.403,-3.388,-0.733,-3.738,0.3743666761,0.000140042321
595,5955142,1,1,-0.051,-2.366,-0.059,-2.34,0.004915497665,-5.488729354e-05,-0.403,-3.388,-0.733,-3.738,0.3743666761,0.000140042321
596,5964917,1,1,-0.044,-2.359,-0.059,-2.34,0.009216558121,-4.010994528e-05,-0.403,-3.388,-0.733,-3.738,0.3743666761,0.000140042321
597,5975182,1,1,-0.037,-2.364,-0.059,-2.34,0.01351761858,-5.066519404e-05,-0.403,-3.388,-0.733,-3.738,0.3743666761,0.000140042321
598,5985311,1,1,-0.037,-2.364,-0.059,-2.34,0.01351761858,-5.066519404e-05,-0.403,-3.388,-0.733,-3.738,0.3743666761,0.000140042321
599,5995282,1,1,-0.037,-2.355,-0.059,-2.34,0.01351761858,-3.166574627e-05,-0.403,-3.388,-0.733,-3.738,0.3743666761,0.000140042321
600,6005230,1,1,-0.036,-2.353,-0.059,-2.34,0.01413205579,-2.744364677e-05,-0.414,-3.404,-0.733,-3.738,0.3618877869,0.0001336403863
601,6015323,1,1,-0.036,-2.353,-0.059,-2.34,0.01413205579,-2.744364677e-05,-0.402,-3.382,-0.733,-3.738,0.3755011206,0.0001424430465
602,6025398,1,1,-0.036,-2.355,-0.059,-2.34,0.01413205579,-3.166574627e-05,-0.43,-3.388,-0.733,-3.738,0.3437366753,0.000140042321
603,6035022,1,1,-0.047,-2.3,-0.059,-2.34,0.007373246497,8.444199006e-05,-0.426,-3.402,-0.733,-3.738,0.3482744532,0.0001344406281
604,6048004,1,1,-0.042,-2.364,-0.059,-2.34,0.01044543254,-5.066519404e-05,-0.428,-3.371,-0.733,-3.738,0.3460055643,0.0001468443765
605,6055200,1,1,0.006,-2.323,-0.059,-2.34,0.03993841853,3.588784578e-05,-0.428,-3.371,-0.733,-3.738,0.3460055643,0.0001468443765
606,6065186,1,1,0.005,-2.45,-0.059,-2.34,0.03932398132,-0.0002322154727,-0.428,-3.371,-0.733,-3.738,0.3460055643,0.0001468443765
607,6075242,1,1,0.005,-2.45,-0.059,-2.34,0.03932398132,-0.0002322154727,-0.752,-3.67,-0.733,-3.738,-0.02155444499,2.720822236e-05
608,6085892,1,1,-0.003,-2.289,-0.059,-2.34,0.03440848365,0.0001076635373,-2.702,-5.464,-0.733,-3.738,-2.233721167,-0.0006906087027
609,6094883,1,1,-0.003,-2.289,-0.059,-2.34,0.03440848365,0.0001076635373,-1.514,-1.805,-0.733,-3.738,-0.8860011334,0.0007734337326
610,6105946,1,1,-0.003,-2.289,-0.059,-2.34,0.03440848365,0.0001076635373,-1.189,-2.249,-0.733,-3.738,-0.5173066797,0.0005957800454
611,6115466,1,1,-0.055,-2.353,-0.059,-2.34,0.002457748832,-2.744364677e-05,-1.189,-2.249,-0.733,-3.738,-0.5173066797,0.0005957800454
612,6125154,1,1,-0.041,-2.33,-0.059,-2.34,0.01105986975,2.111049752e-05,-1.039,-2.469,-0.733,-3.738,-0.3471400087,0.0005077534437
613,6136680,1,1,-0.041,-2.33,-0.059,-2.34,0.01105986975,2.111049752e-05,-0.903,-1.233,-0.733,-3.738,-0.1928555604,0.001002302897
614,6148306,1,1,-0.125,-2.288,-0.059,-2.34,-0.04055285573,0.0001097745871,-0.903,-1.233,-0.733,-3.738,-0.1928555604,0.001002302897
615,6155320,1,1,-0.125,-2.288,-0.059,-2.34,-0.04055285573,0.0001097745871,-0.903,-1.233,-0.733,-3.738,-0.1928555604,0.001002302897
616,6165299,1,1,-0.125,-2.288,-0.059,-2.34,-0.04055285573,0.0001097745871,-0.557,-2.565,-0.733,-3.738,0.1996622272,0.0004693418356
617,6175235,1,1,-0.065,-2.368,-0.059,-2.34,-0.003686623249,-5.910939304e-05,-0.557,-2.565,-0.733,-3.738,0.1996622272,0.0004693418356
618,6185044,1,1,-0.081,-2.34,-0.059,-2.34,-0.01351761858,0,-0.603,-1.468,-0.733,-3.738,0.1474777815,0.0009082744816
619,6195800,1,1,-0.081,-2.34,-0.059,-2.34,-0.01351761858,0,-1.28,-0.76,-0.733,-3.738,-0.6205411267,0.001191560091
620,6205598,1,1,-0.153,-2.493,-0.059,-2.34,-0.05775709756,-0.000322990612,-1.28,-0.76,-0.733,-3.738,-0.6205411267,0.001191560091
621,6215769,1,1,0.038,-2.216,-0.059,-2.34,0.05960040919,0.0002617701692,-1.28,-0.76,-0.733,-3.738,-0.6205411267,0.001191560091
622,6224965,1,1,0.038,-2.216,-0.059,-2.34,0.05960040919,0.0002617701692,-1.28,-0.76,-0.733,-3.738,-0.6205411267,0.001191560091
623,6235960,1,1,-0.243,-2.393,-0.059,-2.34,-0.1130564463,-0.0001118856368,-1.28,-0.76,-0.733,-3.738,-0.6205411267,0.001191560091
624,6247898,1,1,-0.213,-2.277,-0.059,-2.34,-0.09462333005,0.0001329961343,-0.489,-1.242,-0.733,-3.738,0.2768044514,0.0009987018088
625,6255860,1,1,-0.213,-2.277,-0.059,-2.34,-0.09462333005,0.0001329961343,-0.89,-4.02,-0.733,-3.738,-0.1781077823,-0.0001128340986
626,6265165,1,1,-0.213,-2.277,-0.059,-2.34,-0.09462333005,0.0001329961343,-0.89,-4.02,-0.733,-3.738,-0.1781077823,-0.0001128340986
627,6275010,1,1,-0.213,-2.277,-0.059,-2.34,-0.09462333005,0.0001329961343,-1.068,-1.942,-0.733,-3.738,-0.3800388985,0.0007186171669
628,6285170,1,1,-0.213,-2.277,-0.059,-2.34,-0.09462333005,0.0001329961343,-0.65,-1.721,-0.733,-3.738,0.09415889126,0.0008070438896
629,6295837,1,1,-0.045,-2.455,-0.059,-2.34,0.008602120913,-0.0002427707214,-0.65,-1.721,-0.733,-3.738,0.09415889126,0.0008070438896
630,6305414,1,1,0.009,-2.332,-0.059,-2.34,0.04178173015,1.688839801e-05,-0.795,-2.238,-0.733,-3.738,-0.07033555733,0.0006001813755
631,6315247,1,1,-0.103,-2.33,-0.059,-2.34,-0.02703523716,2.111049752e-05,-0.725,-2.205,-0.733,-3.738,0.009075555784,0.0006133853658
632,6325255,1,1,0.023,-2.386,-0.059,-2.34,0.05038385106,-9.710828857e-05,-0.725,-2.205,-0.733,-3.738,0.009075555784,0.0006133853658
633,6335615,1,1,0.023,-2.386,-0.059,-2.34,0.05038385106,-9.710828857e-05,-0.725,-2.205,-0.733,-3.738,0.009075555784,0.0006133853658
634,6347070,1,1,0.023,-2.386,-0.059,-2.34,0.05038385106,-9.710828857e-05,-0.725,-2.205,-0.733,-3.738,0.009075555784,0.0006133853658
635,6356043,1,1,-0.046,-2.378,-0.059,-2.34,0.007987683705,-8.021989056e-05,-0.725,-2.205,-0.733,-3.738,0.009075555784,0.0006133853658
636,6365051,1,1,-0.068,-2.377,-0.059,-2.34,-0.005529934873,-7.810884081e-05,-0.729,-2.224,-0.733,-3.738,0.004537777892,0.0006057830683
637,6374909,1,1,-0.057,-2.38,-0.059,-2.34,0.001228874416,-8.444199006e-05,-0.615,-2.981,-0.733,-3.738,0.1338644478,0.0003028915342
638,6385141,1,1,-0.094,-2.376,-0.059,-2.34,-0.02150530228,-7.599779106e-05,-0.616,-1.667,-0.733,-3.738,0.1327300033,0.0008286504191
639,6395298,1,1,-0.094,-2.376,-0.059,-2.34,-0.02150530228,-7.599779106e-05,-0.586,-2.399,-0.733,-3.738,0.1667633375,0.0005357619079
640,6405525,1,1,-0.094,-2.376,-0.059,-2.34,-0.02150530228,-7.599779106e-05,-0.432,-2.358,-0.733,-3.738,0.3414677864,0.0005521668655
641,6415342,1,1,-0.07,-2.395,-0.059,-2.34,-0.006758809289,-0.0001161077363,-0.432,-2.358,-0.733,-3.738,0.3414677864,0.0005521668655
642,6425101,1,1,-0.073,-2.352,-0.059,-2.34,-0.008602120913,-2.533259702e-05,-0.432,-2.358,-0.733,-3.738,0.3414677864,0.0005521668655
643,6435512,1,1,-0.073,-2.352,-0.059,-2.34,-0.008602120913,-2.533259702e-05,-0.407,-2.844,-0.733,-3.738,0.3698288982,0.0003577080998
644,6447722,1,1,-0.059,-2.367,-0.059,-2.34,0,-5.699834329e-05,-0.407,-2.844,-0.733,-3.738,0.3698288982,0.0003577080998
645,6455229,1,1,-0.059,-2.367,-0.059,-2.34,0,-5.699834329e-05,-0.407,-2.844,-0.733,-3.738,0.3698288982,0.0003577080998
646,6465740,1,1,-0.059,-2.367,-0.059,-2.34,0,-5.699834329e-05,-0.385,-2.622,-0.733,-3.738,0.3947866766,0.0004465349434
647,6475186,1,1,-0.042,-2.386,-0.059,-2.34,0.01044543254,-9.710828857e-05,-0.402,-2.624,-0.733,-3.738,0.3755011206,0.0004457347015
648,6485309,1,1,-0.036,-2.353,-0.059,-2.34,0.01413205579,-2.744364677e-05,-0.402,-2.624,-0.733,-3.738,0.3755011206,0.0004457347015
649,6495161,1,1,-0.036,-2.353,-0.059,-2.34,0.01413205579,-2.744364677e-05,-0.385,-2.648,-0.733,-3.738,0.3947866766,0.0004361317995
650,6505449,1,1,-0.036,-2.353,-0.059,-2.34,0.01413205579,-2.744364677e-05,-0.4,-2.662,-0.733,-3.738,0.3777700095,0.0004305301067
651,6515247,1,1,-0.036,-2.353,-0.059,-2.34,0.01413205579,-2.744364677e-05,-0.392,-2.657,-0.733,-3.738,0.3868455653,0.0004325307113
652,6525376,1,1,-0.036,-2.353,-0.059,-2.34,0.01413205579,-2.744364677e-05,-0.392,-2.631,-0.733,-3.738,0.3868455653,0.0004429338551
653,6535363,1,1,-0.038,-2.373,-0.059,-2.34,0.01290318137,-6.96646418e-05,-0.392,-2.631,-0.733,-3.738,0.3868455653,0.0004429338551
654,6548712,1,1,-0.038,-2.373,-0.059,-2.34,0.01290318137,-6.96646418e-05,-0.384,-2.824,-0.733,-3.738,0.3959211211,0.0003657105181
655,6555394,1,1,-0.038,-2.373,-0.059,-2.34,0.01290318137,-6.96646418e-05,-0.383,-2.856,-0.733,-3.738,0.3970555655,0.0003529066488
656,6564958,1,1,-0.048,-2.359,-0.059,-2.34,0.006758809289,-4.010994528e-05,-0.383,-2.856,-0.733,-3.738,0.3970555655,0.0003529066488
657,6575260,1,1,-0.047,-2.358,-0.059,-2.34,0.007373246497,-3.799889553e-05,-0.379,-2.784,-0.733,-3.738,0.4015933434,0.0003817153548
658,6585320,1,1,-0.047,-2.358,-0.059,-2.34,0.007373246497,-3.799889553e-05,-0.374,-2.69,-0.733,-3.738,0.4072655658,0.000419326721
659,6594935,1,1,-0.05,-2.367,-0.059,-2.34,0.005529934873,-5.699834329e-05,-0.374,-2.69,-0.733,-3.738,0.4072655658,0.000419326721
660,6605750,1,1,-0.061,-2.348,-0.059,-2.34,-0.001228874416,-1.688839801e-05,-0.366,-2.691,-0.733,-3.738,0.4163411216,0.0004189266001
661,6615046,1,1,-0.061,-2.348,-0.059,-2.34,-0.001228874416,-1.688839801e-05,-0.364,-2.676,-0.733,-3.738,0.4186100105,0.0004249284139
662,6625251,1,1,-0.057,-2.38,-0.059,-2.34,0.001228874416,-8.444199006e-05,-0.364,-2.676,-0.733,-3.738,0.4186100105,0.0004249284139
663,6634941,1,1,-0.043,-2.361,-0.059,-2.34,0.00983099533,-4.433204478e-05,-0.361,-2.606,-0.733,-3.738,0.422013344,0.000452936878
664,6647549,1,1,-0.043,-2.361,-0.059,-2.34,0.00983099533,-4.433204478e-05,-0.365,-2.623,-0.733,-3.738,0.4174755661,0.0004461348225
665,6655546,1,1,-0.042,-2.36,-0.059,-2.34,0.01044543254,-4.222099503e-05,-0.365,-2.623,-0.733,-3.738,0.4174755661,0.0004461348225
666,6665136,1,1,-0.039,-2.376,-0.059,-2.34,0.01228874416,-7.599779106e-05,-0.374,-2.678,-0.733,-3.738,0.4072655658,0.000424128172
667,6675488,1,1,-0.039,-2.376,-0.059,-2.34,0.01228874416,-7.599779106e-05,-0.287,-2.651,-0.733,-3.738,0.505962235,0.0004349314368
668,6685737,1,1,-0.047,-2.375,-0.059,-2.34,0.007373246497,-7.38867413e-05,-0.287,-2.651,-0.733,-3.738,0.505962235,0.0004349314368
669,6695035,1,1,-0.045,-2.356,-0.059,-2.34,0.008602120913,-3.377679603e-05,-0.289,-2.745,-0.733,-3.738,0.503693346,0.0003973200706
670,6705351,1,1,-0.045,-2.356,-0.059,-2.34,0.008602120913,-3.377679603e-05,-0.276,-2.597,-0.733,-3.738,0.5184411242,0.0004565379663
671,6714974,1,1,-0.051,-2.375,-0.059,-2.34,0.004915497665,-7.38867413e-05,-0.276,-2.597,-0.733,-3.738,0.5184411242,0.0004565379663
672,6725334,1,1,-0.053,-2.381,-0.059,-2.34,0.003686623249,-8.655303981e-05,-0.274,-2.644,-0.733,-3.738,0.5207100131,0.0004377322832
673,6735091,1,1,-0.053,-2.381,-0.059,-2.34,0.003686623249,-8.655303981e-05,-0.285,-2.482,-0.733,-3.738,0.5082311239,0.0005025518718
674,6748326,1,1,-0.061,-2.379,-0.059,-2.34,-0.001228874416,-8.233094031e-05,-0.285,-2.482,-0.733,-3.738,0.5082311239,0.0005025518718
675,6758968,1,1,-0.061,-2.379,-0.059,-2.34,-0.001228874416,-8.233094031e-05,-0.267,-2.498,-0.733,-3.738,0.5286511244,0.0004961499371
676,6765223,1,1,-0.061,-2.379,-0.059,-2.34,-0.001228874416,-8.233094031e-05,-0.279,-2.509,-0.733,-3.738,0.5150377907,0.000491748607
677,6775652,1,1,-0.057,-2.373,-0.059,-2.34,0.001228874416,-6.96646418e-05,-0.279,-2.509,-0.733,-3.738,0.5150377907,0.000491748607
678,6785135,1,1,-0.058,-2.36,-0.059,-2.34,0.0006144372081,-4.222099503e-05,-0.273,-2.469,-0.733,-3.738,0.5218444576,0.0005077534437
679,6795387,1,1,-0.058,-2.36,-0.059,-2.34,0.0006144372081,-4.222099503e-05,-0.319,-1.671,-0.733,-3.738,0.4696600118,0.0008270499354
680,6805224,1,1,-0.032,-2.327,-0.059,-2.34,0.01658980462,2.744364677e-05,-0.319,-1.671,-0.733,-3.738,0.4696600118,0.0008270499354
681,6814971,1,1,-0.03,-2.381,-0.059,-2.34,0.01781867903,-8.655303981e-05,-0.317,-3.083,-0.733,-3.738,0.4719289008,0.0002620792006
682,6826190,1,1,-0.03,-2.381,-0.059,-2.34,0.01781867903,-8.655303981e-05,-0.348,-3.027,-0.733,-3.738,0.4367611221,0.000284485972
683,6835475,1,1,-0.03,-2.381,-0.059,-2.34,0.01781867903,-8.655303981e-05,-0.348,-3.027,-0.733,-3.738,0.4367611221,0.000284485972
684,6848170,1,1,-0.03,-2.381,-0.059,-2.34,0.01781867903,-8.655303981e-05,-0.339,-3.04,-0.733,-3.738,0.4469711224,0.0002792844001
685,6856858,1,1,-0.03,-2.381,-0.059,-2.34,0.01781867903,-8.655303981e-05,-0.352,-2.954,-0.733,-3.738,0.4322233442,0.0003136947989
686,6865069,1,1,-0.03,-2.371,-0.059,-2.34,0.01781867903,-6.54425423e-05,-0.352,-2.954,-0.733,-3.738,0.4322233442,0.0003136947989
687,6875363,1,1,-0.028,-2.331,-0.059,-2.34,0.01904755345,1.899944776e-05,-0.337,-2.974,-0.733,-3.738,0.4492400113,0.0003056923806
688,6885444,1,1,-0.028,-2.331,-0.059,-2.34,0.01904755345,1.899944776e-05,-0.341,-2.966,-0.733,-3.738,0.4447022334,0.0003088933479
689,6895255,1,1,-0.035,-2.349,-0.059,-2.34,0.01474649299,-1.899944776e-05,-0.341,-2.966,-0.733,-3.738,0.4447022334,0.0003088933479
690,6905028,1,1,-0.04,-2.362,-0.059,-2.34,0.01167430695,-4.644309453e-05,-0.341,-2.966,-0.733,-3.738,0.4447022334,0.0003088933479
691,6915364,1,1,-0.04,-2.362,-0.059,-2.34,0.01167430695,-4.644309453e-05,-0.353,-2.953,-0.733,-3.738,0.4310888997,0.0003140949198
692,6924942,1,1,-0.047,-2.359,-0.059,-2.34,0.007373246497,-4.010994528e-05,-0.353,-2.953,-0.733,-3.738,0.4310888997,0.0003140949198
693,6935491,1,1,-0.065,-2.366,-0.059,-2.34,-0.003686623249,-5.488729354e-05,-0.339,-2.949,-0.733,-3.738,0.4469711224,0.0003156954035
694,6949422,1,1,-0.064,-2.357,-0.059,-2.34,-0.00307218604,-3.588784578e-05,-0.349,-2.959,-0.733,-3.738,0.4356266776,0.0003116941943
695,6958729,1,1,-0.061,-2.357,-0.059,-2.34,-0.001228874416,-3.588784578e-05,-0.349,-2.959,-0.733,-3.738,0.4356266776,0.0003116941943
696,6965294,1,1,-0.061,-2.357,-0.059,-2.34,-0.001228874416,-3.588784578e-05,-0.344,-2.958,-0.733,-3.738,0.4412989,0.0003120943153
697,6975396,1,1,-0.061,-2.357,-0.059,-2.34,-0.001228874416,-3.588784578e-05,-0.358,-2.963,-0.733,-3.738,0.4254166774,0.0003100937107
698,6985106,1,1,-0.055,-2.363,-0.059,-2.34,0.002457748832,-4.855414429e-05,-0.358,-2.963,-0.733,-3.738,0.4254166774,0.0003100937107
699,6994856,1,1,-0.047,-2.36,-0.059,-2.34,0.007373246497,-4.222099503e-05,-0.344,-2.952,-0.733,-3.738,0.4412989,0.0003144950408
700,7005476,1,1,-0.047,-2.36,-0.059,-2.34,0.007373246497,-4.222099503e-05,-0.355,-2.971,-0.733,-3.738,0.4288200108,0.0003068927433
701,7015555,1,1,-0.039,-2.357,-0.059,-2.34,0.01228874416,-3.588784578e-05,-0.355,-2.971,-0.733,-3.738,0.4288200108,0.0003068927433
702,7025496,1,1,-0.039,-2.357,-0.059,-2.34,0.01228874416,-3.588784578e-05,-0.375,-2.917,-0.733,-3.738,0.4061311213,0.0003284992729
703,7035179,1,1,-0.039,-2.357,-0.059,-2.34,0.01228874416,-3.588784578e-05,-0.386,-2.917,-0.733,-3.738,0.3936522321,0.0003284992729
704,7048757,1,1,-0.039,-2.347,-0.059,-2.34,0.01228874416,-1.477734826e-05,-0.386,-2.917,-0.733,-3.738,0.3936522321,0.0003284992729
705,7058688,1,1,-0.039,-2.347,-0.059,-2.34,0.01228874416,-1.477734826e-05,-0.565,-4.308,-0.733,-3.738,0.1905866715,-0.0002280689227
706,7065221,1,1,-0.039,-2.347,-0.059,-2.34,0.01228874416,-1.477734826e-05,-0.614,-3.94,-0.733,-3.738,0.1349988923,-8.082442523e-05
707,7075014,1,1,-0.047,-2.362,-0.059,-2.34,0.007373246497,-4.644309453e-05,-0.614,-3.94,-0.733,-3.738,0.1349988923,-8.082442523e-05
708,7085673,1,1,-0.042,-2.325,-0.059,-2.34,0.01044543254,3.166574627e-05,-0.617,-3.026,-0.733,-3.738,0.1315955589,0.0002848860929
709,7095675,1,1,-0.042,-2.325,-0.059,-2.34,0.01044543254,3.166574627e-05,-1.864,-8.445,-0.733,-3.738,-1.283056699,-0.001883369156
710,7105118,1,1,-0.01,-2.296,-0.059,-2.34,0.0301074232,9.288618907e-05,-1.864,-8.445,-0.733,-3.738,-1.283056699,-0.001883369156
711,7115706,1,1,0.005,-2.184,-0.059,-2.34,0.03932398132,0.0003293237612,-3.504,-0.441,-0.733,-3.738,-3.143545635,0.001319198663
712,7125161,1,1,0.005,-2.184,-0.059,-2.34,0.03932398132,0.0003293237612,-3.397,-6.544,-0.733,-3.738,-3.022160076,-0.001122739293
713,7135209,1,1,-0.084,-2.216,-0.059,-2.34,-0.0153609302,0.0002617701692,-3.397,-6.544,-0.733,-3.738,-3.022160076,-0.001122739293
714,7146882,1,1,-0.016,-2.264,-0.059,-2.34,0.02642079995,0.0001604397811,-3.397,-6.544,-0.733,-3.738,-3.022160076,-0.001122739293
715,7155199,1,1,-0.016,-2.264,-0.059,-2.34,0.02642079995,0.0001604397811,-3.397,-6.544,-0.733,-3.738,-3.022160076,-0.001122739293
716,7165483,1,1,-0.061,-2.382,-0.059,-2.34,-0.001228874416,-8.866408957e-05,-3.397,-6.544,-0.733,-3.738,-3.022160076,-0.001122739293
717,7175438,1,1,-0.054,-2.292,-0.059,-2.34,0.00307218604,0.0001013303881,-3.235,-5.793,-0.733,-3.738,-2.838380071,-0.0008222484844
718,7186490,1,1,-0.054,-2.292,-0.059,-2.34,0.00307218604,0.0001013303881,-1.03,-0.561,-0.733,-3.738,-0.3369300085,0.001271184153
719,7195770,1,1,-0.062,-2.402,-0.059,-2.34,-0.001843311624,-0.0001308850846,-1.008,-2.425,-0.733,-3.738,-0.3119722301,0.000525358764
720,7206343,1,1,-0.103,-2.446,-0.059,-2.34,-0.02703523716,-0.0002237712737,-0.974,-1.158,-0.733,-3.738,-0.273401118,0.001032311966
721,7215216,1,1,-0.103,-2.446,-0.059,-2.34,-0.02703523716,-0.0002237712737,-0.538,-1.636,-0.733,-3.738,0.2212166722,0.0008410541675
722,7224985,1,1,-0.103,-2.446,-0.059,-2.34,-0.02703523716,-0.0002237712737,-1.377,-0.741,-0.733,-3.738,-0.7305822406,0.001199162388
723,7235034,1,1,-0.103,-2.446,-0.059,-2.34,-0.02703523716,-0.0002237712737,-1.126,-0.773,-0.733,-3.738,-0.4458366779,0.001186358519
724,7247609,1,1,-0.103,-2.446,-0.059,-2.34,-0.02703523716,-0.0002237712737,-0.738,-2.909,-0.733,-3.738,-0.005672222365,0.0003317002402
725,7256123,1,1,-0.064,-2.437,-0.059,-2.34,-0.00307218604,-0.0002047718259,-0.738,-2.909,-0.733,-3.738,-0.005672222365,0.0003317002402
726,7264954,1,1,-0.065,-2.374,-0.059,-2.34,-0.003686623249,-7.177569155e-05,-1.012,-2.393,-0.733,-3.738,-0.316510008,0.0005381626334
727,7275146,1,1,-0.065,-2.374,-0.059,-2.34,-0.003686623249,-7.177569155e-05,-1.012,-2.393,-0.733,-3.738,-0.316510008,0.0005381626334
728,7284964,1,1,-0.164,-2.423,-0.059,-2.34,-0.06451590685,-0.0001752171294,-1.012,-2.393,-0.733,-3.738,-0.316510008,0.0005381626334
729,7294980,1,1,-0.164,-2.423,-0.059,-2.34,-0.06451590685,-0.0001752171294,-1.028,-1.757,-0.733,-3.738,-0.3346611195,0.0007926395366
730,7305077,1,1,-0.164,-2.423,-0.059,-2.34,-0.06451590685,-0.0001752171294,-0.775,-1.93,-0.733,-3.738,-0.04764666787,0.0007234186179
731,7314935,1,1,-0.039,-2.412,-0.059,-2.34,0.01228874416,-0.0001519955821,-0.775,-1.93,-0.733,-3.738,-0.04764666787,0.0007234186179
732,7325333,1,1,-0.188,-2.406,-0.059,-2.34,-0.07926239984,-0.0001393292836,-0.795,-1.635,-0.733,-3.738,-0.07033555733,0.0008414542885
733,7335180,1,1,-0.188,-2.406,-0.059,-2.34,-0.07926239984,-0.0001393292836,-0.292,-1.129,-0.733,-3.738,0.5002900126,0.001043915472
734,7347770,1,1,-0.048,-2.377,-0.059,-2.34,0.006758809289,-7.810884081e-05,-0.292,-1.129,-0.733,-3.738,0.5002900126,0.001043915472
735,7356034,1,1,-0.058,-2.347,-0.059,-2.34,0.0006144372081,-1.477734826e-05,-0.793,-1.372,-0.733,-3.738,-0.06806666838,0.0009466860896
736,7365285,1,1,-0.058,-2.347,-0.059,-2.34,0.0006144372081,-1.477734826e-05,-0.832,-1.3,-0.733,-3.738,-0.1123100028,0.0009754947956
737,7374934,1,1,0.023,-2.41,-0.059,-2.34,0.05038385106,-0.0001477734826,-0.832,-1.3,-0.733,-3.738,-0.1123100028,0.0009754947956
738,7385468,1,1,0.023,-2.41,-0.059,-2.34,0.05038385106,-0.0001477734826,-0.814,-1.305,-0.733,-3.738,-0.09189000231,0.0009734941911
739,7395729,1,1,0.023,-2.41,-0.059,-2.34,0.05038385106,-0.0001477734826,-0.814,-1.305,-0.733,-3.738,-0.09189000231,0.0009734941911
740,7405546,1,1,-0.054,-2.376,-0.059,-2.34,0.00307218604,-7.599779106e-05,-0.814,-1.305,-0.733,-3.738,-0.09189000231,0.0009734941911
741,7415302,1,1,0.039,-2.373,-0.059,-2.34,0.06021484639,-6.96646418e-05,-0.802,-1.606,-0.733,-3.738,-0.07827666864,0.000853057795
742,7425577,1,1,0.039,-2.373,-0.059,-2.34,0.06021484639,-6.96646418e-05,-0.817,-1.963,-0.733,-3.738,-0.09529333573,0.0007102146277
743,7435779,1,1,-0.046,-2.335,-0.059,-2.34,0.007987683705,1.055524876e-05,-0.817,-1.963,-0.733,-3.738,-0.09529333573,0.0007102146277
744,7448085,1,1,-0.006,-2.374,-0.059,-2.34,0.03256517203,-7.177569155e-05,-0.77,-2.002,-0.733,-3.738,-0.0419744455,0.0006946099119
745,7458735,1,1,-0.006,-2.374,-0.059,-2.34,0.03256517203,-7.177569155e-05,-0.776,-2.306,-0.733,-3.738,-0.04878111234,0.0005729731531
746,7465009,1,1,-0.105,-2.333,-0.059,-2.34,-0.02826411157,1.477734826e-05,-0.776,-2.306,-0.733,-3.738,-0.04878111234,0.0005729731531
747,7475716,1,1,-0.105,-2.333,-0.059,-2.34,-0.02826411157,1.477734826e-05,-0.791,-1.958,-0.733,-3.738,-0.06579777943,0.0007122152323
748,7485164,1,1,-0.105,-2.333,-0.059,-2.34,-0.02826411157,1.477734826e-05,-0.807,-2.73,-0.733,-3.738,-0.083948891,0.0004033218843
749,7495445,1,1,-0.105,-2.333,-0.059,-2.34,-0.02826411157,1.477734826e-05,-0.807,-2.73,-0.733,-3.738,-0.083948891,0.0004033218843
750,7504970,1,1,-0.105,-2.333,-0.059,-2.34,-0.02826411157,1.477734826e-05,-0.807,-2.73,-0.733,-3.738,-0.083948891,0.0004033218843
751,7515136,1,1,-0.105,-2.333,-0.059,-2.34,-0.02826411157,1.477734826e-05,-0.807,-2.73,-0.733,-3.738,-0.083948891,0.0004033218843
752,7524960,1,1,-0.07,-2.386,-0.059,-2.34,-0.006758809289,-9.710828857e-05,-0.807,-2.73,-0.733,-3.738,-0.083948891,0.0004033218843
753,7535373,1,1,-0.094,-2.367,-0.059,-2.34,-0.02150530228,-5.699834329e-05,-0.814,-2.876,-0.733,-3.738,-0.09189000231,0.0003449042305
754,7547924,1,1,-0.094,-2.367,-0.059,-2.34,-0.02150530228,-5.699834329e-05,-0.751,-3.011,-0.733,-3.738,-0.02042000051,0.0002908879067
755,7557440,1,1,-0.091,-2.362,-0.059,-2.34,-0.01966199066,-4.644309453e-05,-0.751,-3.011,-0.733,-3.738,-0.02042000051,0.0002908879067
756,7565486,1,1,-0.091,-2.362,-0.059,-2.34,-0.01966199066,-4.644309453e-05,-0.764,-3.324,-0.733,-3.738,-0.03516777866,0.0001656500596
757,7574835,1,1,-0.091,-2.362,-0.059,-2.34,-0.01966199066,-4.644309453e-05,-0.755,-3.355,-0.733,-3.738,-0.02495777841,0.0001532463112
758,7585741,1,1,-0.083,-2.378,-0.059,-2.34,-0.01474649299,-8.021989056e-05,-0.755,-3.355,-0.733,-3.738,-0.02495777841,0.0001532463112
759,7594799,1,1,-0.082,-2.379,-0.059,-2.34,-0.01413205579,-8.233094031e-05,-0.764,-3.344,-0.733,-3.738,-0.03516777866,0.0001576476413
760,7605595,1,1,-0.082,-2.379,-0.059,-2.34,-0.01413205579,-8.233094031e-05,-0.762,-3.38,-0.733,-3.738,-0.03289888972,0.0001432432883
761,7615396,1,1,-0.048,-2.362,-0.059,-2.34,0.006758809289,-4.644309453e-05,-0.762,-3.38,-0.733,-3.738,-0.03289888972,0.0001432432883
762,7625321,1,1,-0.032,-2.369,-0.059,-2.34,0.01658980462,-6.12204428e-05,-0.762,-3.38,-0.733,-3.738,-0.03289888972,0.0001432432883
763,7634895,1,1,-0.032,-2.369,-0.059,-2.34,0.01658980462,-6.12204428e-05,-0.758,-3.393,-0.733,-3.738,-0.02836111183,0.0001380417164
764,7646986,1,1,-0.039,-2.357,-0.059,-2.34,0.01228874416,-3.588784578e-05,-0.761,-3.389,-0.733,-3.738,-0.03176444524,0.0001396422
765,7655257,1,1,-0.038,-2.357,-0.059,-2.34,0.01290318137,-3.588784578e-05,-0.762,-3.391,-0.733,-3.738,-0.03289888972,0.0001388419582
766,7665231,1,1,-0.038,-2.357,-0.059,-2.34,0.01290318137,-3.588784578e-05,-0.759,-3.382,-0.733,-3.738,-0.0294955563,0.0001424430465
767,7675190,1,1,-0.038,-2.357,-0.059,-2.34,0.01290318137,-3.588784578e-05,-0.759,-3.382,-0.733,-3.738,-0.0294955563,0.0001424430465
768,7685552,1,1,-0.038,-2.357,-0.059,-2.34,0.01290318137,-3.588784578e-05,-0.757,-3.388,-0.733,-3.738,-0.02722666735,0.000140042321
769,7695122,1,1,-0.038,-2.357,-0.059,-2.34,0.01290318137,-3.588784578e-05,-0.771,-3.395,-0.733,-3.738,-0.04310888997,0.0001372414745
770,7705742,1,1,-0.036,-2.36,-0.059,-2.34,0.01413205579,-4.222099503e-05,-0.771,-3.395,-0.733,-3.738,-0.04310888997,0.0001372414745
771,7715836,1,1,-0.036,-2.36,-0.059,-2.34,0.01413205579,-4.222099503e-05,-0.755,-3.38,-0.733,-3.738,-0.02495777841,0.0001432432883
772,7724886,1,1,-0.036,-2.36,-0.059,-2.34,0.01413205579,-4.222099503e-05,-0.766,-3.377,-0.733,-3.738,-0.03743666761,0.000144443651
773,7735083,1,1,-0.052,-2.358,-0.059,-2.34,0.004301060457,-3.799889553e-05,-0.766,-3.377,-0.733,-3.738,-0.03743666761,0.000144443651
774,7748330,1,1,-0.052,-2.358,-0.059,-2.34,0.004301060457,-3.799889553e-05,-0.758,-3.384,-0.733,-3.738,-0.02836111183,0.0001416428046
775,7755496,1,1,-0.052,-2.358,-0.059,-2.34,0.004301060457,-3.799889553e-05,-0.76,-3.385,-0.733,-3.738,-0.03063000077,0.0001412426837
776,7765258,1,1,-0.054,-2.37,-0.059,-2.34,0.00307218604,-6.333149255e-05,-0.76,-3.385,-0.733,-3.738,-0.03063000077,0.0001412426837
777,7774908,1,1,-0.056,-2.359,-0.059,-2.34,0.001843311624,-4.010994528e-05,-0.76,-3.386,-0.733,-3.738,-0.03063000077,0.0001408425628
778,7785351,1,1,-0.056,-2.359,-0.059,-2.34,0.001843311624,-4.010994528e-05,-0.767,-3.386,-0.733,-3.738,-0.03857111208,0.0001408425628
779,7795019,1,1,-0.063,-2.37,-0.059,-2.34,-0.002457748832,-6.333149255e-05,-0.767,-3.386,-0.733,-3.738,-0.03857111208,0.0001408425628
780,7804858,1,1,-0.052,-2.372,-0.059,-2.34,0.004301060457,-6.755359205e-05,-0.765,-3.398,-0.733,-3.738,-0.03630222314,0.0001360411118
781,7814897,1,1,-0.052,-2.372,-0.059,-2.34,0.004301060457,-6.755359205e-05,-0.762,-3.377,-0.733,-3.738,-0.03289888972,0.000144443651
782,7824838,1,1,-0.044,-2.364,-0.059,-2.34,0.009216558121,-5.066519404e-05,-0.762,-3.377,-0.733,-3.738,-0.03289888972,0.000144443651
783,7835381,1,1,-0.043,-2.374,-0.059,-2.34,0.00983099533,-7.177569155e-05,-0.759,-3.39,-0.733,-3.738,-0.0294955563,0.0001392420791
784,7847869,1,1,-0.043,-2.374,-0.059,-2.34,0.00983099533,-7.177569155e-05,-0.758,-3.391,-0.733,-3.738,-0.02836111183,0.0001388419582
785,7854926,1,1,-0.046,-2.363,-0.059,-2.34,0.007987683705,-4.855414429e-05,-0.758,-3.391,-0.733,-3.738,-0.02836111183,0.0001388419582
786,7865814,1,1,-0.045,-2.364,-0.059,-2.34,0.008602120913,-5.066519404e-05,-0.758,-3.391,-0.733,-3.738,-0.02836111183,0.0001388419582
787,7875229,1,1,-0.045,-2.364,-0.059,-2.34,0.008602120913,-5.066519404e-05,-0.758,-3.391,-0.733,-3.738,-0.02836111183,0.0001388419582
788,7885322,1,1,-0.054,-2.363,-0.059,-2.34,0.00307218604,-4.855414429e-05,-0.758,-3.391,-0.733,-3.738,-0.02836111183,0.0001388419582
789,7894819,1,1,-0.057,-2.361,-0.059,-2.34,0.001228874416,-4.433204478e-05,-0.769,-3.391,-0.733,-3.738,-0.04084000103,0.0001388419582
790,7905810,1,1,-0.057,-2.361,-0.059,-2.34,0.001228874416,-4.433204478e-05,-0.759,-3.382,-0.733,-3.738,-0.0294955563,0.0001424430465
791,7916220,1,1,-0.058,-2.365,-0.059,-2.34,0.0006144372081,-5.277624379e-05,-0.759,-3.382,-0.733,-3.738,-0.0294955563,0.0001424430465
792,7925227,1,1,-0.058,-2.365,-0.059,-2.34,0.0006144372081,-5.277624379e-05,-0.771,-3.388,-0.733,-3.738,-0.04310888997,0.000140042321
793,7935234,1,1,-0.058,-2.365,-0.059,-2.34,0.0006144372081,-5.277624379e-05,-0.758,-3.378,-0.733,-3.738,-0.02836111183,0.0001440435301
794,7946892,1,1,-0.054,-2.362,-0.059,-2.34,0.00307218604,-4.644309453e-05,-0.758,-3.378,-0.733,-3.738,-0.02836111183,0.0001440435301
795,7955153,1,1,-0.054,-2.362,-0.059,-2.34,0.00307218604,-4.644309453e-05,-0.768,-3.388,-0.733,-3.738,-0.03970555656,0.000140042321
796,7964955,1,1,-0.054,-2.362,-0.059,-2.34,0.00307218604,-4.644309453e-05,-0.759,-3.377,-0.733,-3.738,-0.0294955563,0.000144443651
797,7975005,1,1,-0.05,-2.365,-0.059,-2.34,0.005529934873,-5.277624379e-05,-0.759,-3.377,-0.733,-3.738,-0.0294955563,0.000144443651
798,7984505,1,1,-0.049,-2.366,-0.059,-2.34,0.006144372081,-5.488729354e-05,-0.759,-3.377,-0.733,-3.738,-0.0294955563,0.000144443651
799,7995293,1,1,-0.049,-2.366,-0.059,-2.34,0.006144372081,-5.488729354e-05,-0.759,-3.377,-0.733,-3.738,-0.0294955563,0.000144443651
800,8004852,1,1,-0.043,-2.367,-0.059,-2.34,0.00983099533,-5.699834329e-05,-0.759,-3.377,-0.733,-3.738,-0.0294955563,0.000144443651
801,8015438,1,1,-0.044,-2.369,-0.059,-2.34,0.009216558121,-6.12204428e-05,-0.759,-3.377,-0.733,-3.738,-0.0294955563,0.000144443651
802,8025109,1,1,-0.044,-2.369,-0.059,-2.34,0.009216558121,-6.12204428e-05,-0.759,-3.377,-0.733,-3.738,-0.0294955563,0.000144443651
803,8035449,1,1,-0.044,-2.366,-0.059,-2.34,0.009216558121,-5.488729354e-05,-0.759,-3.377,-0.733,-3.738,-0.0294955563,0.000144443651
804,8047218,1,1,-0.046,-2.369,-0.059,-2.34,0.007987683705,-6.12204428e-05,-0.759,-3.377,-0.733,-3.738,-0.0294955563,0.000144443651
805,8055138,1,1,-0.046,-2.369,-0.059,-2.34,0.007987683705,-6.12204428e-05,-0.761,-3.378,-0.733,-3.738,-0.03176444524,0.0001440435301
806,8064888,1,1,-0.054,-2.365,-0.059,-2.34,0.00307218604,-5.277624379e-05,-0.757,-3.384,-0.733,-3.738,-0.02722666735,0.0001416428046
807,8074903,1,1,-0.055,-2.365,-0.059,-2.34,0.002457748832,-5.277624379e-05,-0.763,-3.385,-0.733,-3.738,-0.03403333419,0.0001412426837
808,8085721,1,1,-0.055,-2.365,-0.059,-2.34,0.002457748832,-5.277624379e-05,-0.758,-3.382,-0.733,-3.738,-0.02836111183,0.0001424430465
809,8094929,1,1,-0.057,-2.368,-0.059,-2.34,0.001228874416,-5.910939304e-05,-0.758,-3.382,-0.733,-3.738,-0.02836111183,0.0001424430465
810,8104861,1,1,-0.06,-2.366,-0.059,-2.34,-0.0006144372081,-5.488729354e-05,-0.758,-3.382,-0.733,-3.738,-0.02836111183,0.0001424430465
811,8114935,1,1,-0.06,-2.366,-0.059,-2.34,-0.0006144372081,-5.488729354e-05,-0.763,-3.38,-0.733,-3.738,-0.03403333419,0.0001432432883
812,8124975,1,1,-0.059,-2.365,-0.059,-2.34,0,-5.277624379e-05,-0.728,-3.386,-0.733,-3.738,0.005672222365,0.0001408425628
813,8134943,1,1,-0.058,-2.365,-0.059,-2.34,0.0006144372081,-5.277624379e-05,-0.676,-3.385,-0.733,-3.738,0.06466333496,0.0001412426837
814,8148781,1,1,-0.058,-2.365,-0.059,-2.34,0.0006144372081,-5.277624379e-05,-0.487,-3.143,-0.733,-3.738,0.2790733404,0.0002380719456
815,8155035,1,1,-0.058,-2.365,-0.059,-2.34,0.0006144372081,-5.277624379e-05,-0.487,-3.143,-0.733,-3.738,0.2790733404,0.0002380719456
816,8164841,1,1,-0.058,-2.365,-0.059,-2.34,0.0006144372081,-5.277624379e-05,-0.376,-3.03,-0.733,-3.738,0.4049966769,0.0002832856092
817,8175070,1,1,-0.058,-2.365,-0.059,-2.34,0.0006144372081,-5.277624379e-05,-0.298,-2.774,-0.733,-3.738,0.4934833458,0.000385716564
818,8185272,1,1,-0.053,-2.366,-0.059,-2.34,0.003686623249,-5.488729354e-05,-0.298,-2.774,-0.733,-3.738,0.4934833458,0.000385716564
819,8194862,1,1,-0.049,-2.365,-0.059,-2.34,0.006144372081,-5.277624379e-05,-0.272,-2.777,-0.733,-3.738,0.5229789021,0.0003845162012
820,8205341,1,1,-0.049,-2.365,-0.059,-2.34,0.006144372081,-5.277624379e-05,-0.198,-2.525,-0.733,-3.738,0.6069277931,0.0004853466723
821,8215824,1,1,-0.047,-2.361,-0.059,-2.34,0.007373246497,-4.433204478e-05,-0.198,-2.525,-0.733,-3.738,0.6069277931,0.0004853466723
822,8225530,1,1,-0.05,-2.369,-0.059,-2.34,0.005529934873,-6.12204428e-05,-0.201,-2.497,-0.733,-3.738,0.6035244596,0.000496550058
823,8235025,1,1,-0.048,-2.365,-0.059,-2.34,0.006758809289,-5.277624379e-05,-0.193,-2.361,-0.733,-3.738,0.6126000154,0.0005509665027
824,8247584,1,1,-0.054,-2.378,-0.059,-2.34,0.00307218604,-8.021989056e-05,-0.193,-2.361,-0.733,-3.738,0.6126000154,0.0005509665027
825,8255015,1,1,-0.054,-2.378,-0.059,-2.34,0.00307218604,-8.021989056e-05,-0.181,-2.332,-0.733,-3.738,0.6262133491,0.0005625700093
826,8265394,1,1,-0.054,-2.378,-0.059,-2.34,0.00307218604,-8.021989056e-05,-0.111,-2.247,-0.733,-3.738,0.7056244622,0.0005965802872
827,8275025,1,1,-0.057,-2.386,-0.059,-2.34,0.001228874416,-9.710828857e-05,-0.111,-2.247,-0.733,-3.738,0.7056244622,0.0005965802872
828,8284888,1,1,-0.056,-2.371,-0.059,-2.34,0.001843311624,-6.54425423e-05,-0.101,-2.078,-0.733,-3.738,0.7169689069,0.0006642007222
829,8295542,1,1,-0.059,-2.374,-0.059,-2.34,0,-7.177569155e-05,-0.08,-2.128,-0.733,-3.738,0.7407922409,0.0006441946764
830,8305517,1,1,-0.057,-2.384,-0.059,-2.34,0.001228874416,-9.288618907e-05,-0.08,-2.128,-0.733,-3.738,0.7407922409,0.0006441946764
831,8315250,1,1,-0.052,-2.353,-0.059,-2.34,0.004301060457,-2.744364677e-05,-0.057,-1.976,-0.733,-3.738,0.7668844637,0.0007050130558
832,8324994,1,1,-0.052,-2.353,-0.059,-2.34,0.004301060457,-2.744364677e-05,-0.041,-1.975,-0.733,-3.738,0.7850355753,0.0007054131767
833,8335196,1,1,-0.046,-2.37,-0.059,-2.34,0.007987683705,-6.333149255e-05,-0.041,-1.975,-0.733,-3.738,0.7850355753,0.0007054131767
834,8346983,1,1,-0.046,-2.37,-0.059,-2.34,0.007987683705,-6.333149255e-05,-0.031,-2.02,-0.733,-3.738,0.79638002,0.0006874077354
835,8354914,1,1,-0.046,-2.37,-0.059,-2.34,0.007987683705,-6.333149255e-05,-0.023,-1.946,-0.733,-3.738,0.8054555758,0.0007170166833
836,8365019,1,1,-0.042,-2.365,-0.059,-2.34,0.01044543254,-5.277624379e-05,-0.023,-1.946,-0.733,-3.738,0.8054555758,0.0007170166833
837,8374934,1,1,-0.045,-2.369,-0.059,-2.34,0.008602120913,-6.12204428e-05,-0.023,-1.946,-0.733,-3.738,0.8054555758,0.0007170166833
838,8385175,1,1,-0.045,-2.369,-0.059,-2.34,0.008602120913,-6.12204428e-05,-0.014,-1.987,-0.733,-3.738,0.8156655761,0.0007006117257
839,8394925,1,1,-0.045,-2.369,-0.059,-2.34,0.008602120913,-6.12204428e-05,-0.02,-1.995,-0.733,-3.738,0.8088589092,0.0006974107583
840,8405037,1,1,-0.045,-2.369,-0.059,-2.34,0.008602120913,-6.12204428e-05,-0.038,-1.973,-0.733,-3.738,0.7884389087,0.0007062134185
841,8415110,1,1,-0.045,-2.369,-0.059,-2.34,0.008602120913,-6.12204428e-05,-0.025,-1.924,-0.733,-3.738,0.8031866869,0.0007258193434
842,8424959,1,1,-0.045,-2.369,-0.059,-2.34,0.008602120913,-6.12204428e-05,-0.025,-1.924,-0.733,-3.738,0.8031866869,0.0007258193434
843,8435790,1,1,-0.045,-2.369,-0.059,-2.34,0.008602120913,-6.12204428e-05,-0.025,-1.924,-0.733,-3.738,0.8031866869,0.0007258193434
844,8447695,1,1,-0.045,-2.369,-0.059,-2.34,0.008602120913,-6.12204428e-05,-0.025,-1.924,-0.733,-3.738,0.8031866869,0.0007258193434
845,8455806,1,1,-0.044,-2.343,-0.059,-2.34,0.009216558121,-6.333149255e-06,-0.025,-1.924,-0.733,-3.738,0.8031866869,0.0007258193434
846,8465077,1,1,-0.048,-2.366,-0.059,-2.34,0.006758809289,-5.488729354e-05,0.004,-2.225,-0.733,-3.738,0.8360855766,0.0006053829474
847,8475119,1,1,-0.048,-2.366,-0.059,-2.34,0.006758809289,-5.488729354e-05,0.003,-1.925,-0.733,-3.738,0.8349511321,0.0007254192225
848,8484922,1,1,-0.043,-2.349,-0.059,-2.34,0.00983099533,-1.899944776e-05,0.003,-1.925,-0.733,-3.738,0.8349511321,0.0007254192225
849,8494880,1,1,-0.043,-2.349,-0.059,-2.34,0.00983099533,-1.899944776e-05,-0.016,-2.146,-0.733,-3.738,0.8133966871,0.0006369924999
850,8505236,1,1,-0.043,-2.349,-0.059,-2.34,0.00983099533,-1.899944776e-05,0.005,-2.237,-0.733,-3.738,0.8372200211,0.0006005814964
851,8515610,1,1,-0.051,-2.384,-0.059,-2.34,0.004915497665,-9.288618907e-05,-0.007,-2.262,-0.733,-3.738,0.8236066874,0.0005905784735
852,8525160,1,1,-0.051,-2.384,-0.059,-2.34,0.004915497665,-9.288618907e-05,-0.007,-2.262,-0.733,-3.738,0.8236066874,0.0005905784735
853,8534978,1,1,-0.051,-2.384,-0.059,-2.34,0.004915497665,-9.288618907e-05,-0.002,-2.177,-0.733,-3.738,0.8292789098,0.0006245887514
854,8547352,1,1,-0.046,-2.35,-0.059,-2.34,0.007987683705,-2.111049752e-05,-0.016,-2.82,-0.733,-3.738,0.8133966871,0.0003673110018
855,8554924,1,1,-0.053,-2.392,-0.059,-2.34,0.003686623249,-0.0001097745871,-0.063,-2.213,-0.733,-3.738,0.7600777969,0.0006101843984
856,8565190,1,1,-0.051,-2.366,-0.059,-2.34,0.004915497665,-5.488729354e-05,-0.153,-2.733,-0.733,-3.738,0.6579777943,0.0004021215216
857,8574973,1,1,-0.048,-2.364,-0.059,-2.34,0.006758809289,-5.066519404e-05,-0.153,-2.733,-0.733,-3.738,0.6579777943,0.0004021215216
858,8585279,1,1,-0.048,-2.364,-0.059,-2.34,0.006758809289,-5.066519404e-05,-0.139,-2.714,-0.733,-3.738,0.673860017,0.000409723819
859,8594959,1,1,-0.048,-2.364,-0.059,-2.34,0.006758809289,-5.066519404e-05,-0.145,-2.66,-0.733,-3.738,0.6670533501,0.0004313303485
860,8605185,1,1,-0.034,-2.345,-0.059,-2.34,0.0153609302,-1.055524876e-05,-0.145,-2.66,-0.733,-3.738,0.6670533501,0.0004313303485
861,8615217,1,1,-0.048,-2.39,-0.059,-2.34,0.006758809289,-0.0001055524876,-0.143,-2.721,-0.733,-3.738,0.6693222391,0.0004069229726
862,8625552,1,1,-0.048,-2.39,-0.059,-2.34,0.006758809289,-0.0001055524876,-0.153,-2.677,-0.733,-3.738,0.6579777943,0.0004245282929
863,8636635,1,1,-0.049,-2.373,-0.059,-2.34,0.006144372081,-6.96646418e-05,-0.153,-2.677,-0.733,-3.738,0.6579777943,0.0004245282929
864,8646486,1,1,-0.044,-2.353,-0.059,-2.34,0.009216558121,-2.744364677e-05,-0.138,-2.731,-0.733,-3.738,0.6749944614,0.0004029217634
865,8655214,1,1,-0.044,-2.353,-0.059,-2.34,0.009216558121,-2.744364677e-05,-0.147,-2.685,-0.733,-3.738,0.6647844612,0.0004213273256
866,8665059,1,1,-0.059,-2.38,-0.059,-2.34,0,-8.444199006e-05,-0.147,-2.685,-0.733,-3.738,0.6647844612,0.0004213273256
867,8675516,1,1,-0.059,-2.38,-0.059,-2.34,0,-8.444199006e-05,-0.14,-2.767,-0.733,-3.738,0.6727255725,0.0003885174104
868,8685744,1,1,-0.059,-2.38,-0.059,-2.34,0,-8.444199006e-05,-0.154,-2.743,-0.733,-3.738,0.6568433499,0.0003981203124
869,8694914,1,1,-0.056,-2.368,-0.059,-2.34,0.001843311624,-5.910939304e-05,-0.154,-2.743,-0.733,-3.738,0.6568433499,0.0003981203124
870,8705700,1,1,-0.061,-2.382,-0.059,-2.34,-0.001228874416,-8.866408957e-05,-0.154,-2.743,-0.733,-3.738,0.6568433499,0.0003981203124
871,8715392,1,1,-0.061,-2.382,-0.059,-2.34,-0.001228874416,-8.866408957e-05,-0.154,-2.743,-0.733,-3.738,0.6568433499,0.0003981203124
872,8725290,1,1,-0.059,-2.364,-0.059,-2.34,0,-5.066519404e-05,-0.154,-2.743,-0.733,-3.738,0.6568433499,0.0003981203124
873,8735611,1,1,-0.061,-2.371,-0.059,-2.34,-0.001228874416,-6.54425423e-05,-0.139,-2.775,-0.733,-3.738,0.673860017,0.0003853164431
874,8748536,1,1,-0.061,-2.371,-0.059,-2.34,-0.001228874416,-6.54425423e-05,-0.148,-2.835,-0.733,-3.738,0.6636500167,0.0003613091881
875,8755424,1,1,-0.055,-2.378,-0.059,-2.34,0.002457748832,-8.021989056e-05,-0.148,-2.835,-0.733,-3.738,0.6636500167,0.0003613091881
876,8765519,1,1,-0.055,-2.378,-0.059,-2.34,0.002457748832,-8.021989056e-05,-0.127,-2.808,-0.733,-3.738,0.6874733506,0.0003721124528
877,8775334,1,1,-0.055,-2.378,-0.059,-2.34,0.002457748832,-8.021989056e-05,-0.177,-2.797,-0.733,-3.738,0.630751127,0.0003765137829
878,8786022,1,1,-0.048,-2.356,-0.059,-2.34,0.006758809289,-3.377679603e-05,-0.177,-2.797,-0.733,-3.738,0.630751127,0.0003765137829
879,8795704,1,1,-0.048,-2.373,-0.059,-2.34,0.006758809289,-6.96646418e-05,-0.177,-2.797,-0.733,-3.738,0.630751127,0.0003765137829
880,8805138,1,1,-0.048,-2.373,-0.059,-2.34,0.006758809289,-6.96646418e-05,-0.177,-2.797,-0.733,-3.738,0.630751127,0.0003765137829
881,8815204,1,1,-0.046,-2.355,-0.059,-2.34,0.007987683705,-3.166574627e-05,-0.177,-2.797,-0.733,-3.738,0.630751127,0.0003765137829
882,8825263,1,1,-0.048,-2.372,-0.059,-2.34,0.006758809289,-6.755359205e-05,-0.162,-2.816,-0.733,-3.738,0.6477677941,0.0003689114855
883,8835399,1,1,-0.048,-2.372,-0.059,-2.34,0.006758809289,-6.755359205e-05,-0.532,-3.212,-0.733,-3.738,0.2280233391,0.0002104636023
884,8848337,1,1,-0.048,-2.372,-0.059,-2.34,0.006758809289,-6.755359205e-05,-0.545,-2.731,-0.733,-3.738,0.2132755609,0.0004029217634
885,8855750,1,1,-0.048,-2.372,-0.059,-2.34,0.006758809289,-6.755359205e-05,-0.796,-3.649,-0.733,-3.738,-0.0714700018,3.561076161e-05
886,8865631,1,1,-0.048,-2.372,-0.059,-2.34,0.006758809289,-6.755359205e-05,-2.746,-5.476,-0.733,-3.738,-2.283636724,-0.0006954101537
887,8875264,1,1,-0.048,-2.325,-0.059,-2.34,0.006758809289,3.166574627e-05,-2.746,-5.476,-0.733,-3.738,-2.283636724,-0.0006954101537
888,8885140,1,1,-0.051,-2.328,-0.059,-2.34,0.004915497665,2.533259702e-05,-2.746,-5.476,-0.733,-3.738,-2.283636724,-0.0006954101537
889,8895092,1,1,-0.051,-2.328,-0.059,-2.34,0.004915497665,2.533259702e-05,-2.746,-5.476,-0.733,-3.738,-2.283636724,-0.0006954101537
890,8905552,1,1,-0.004,-2.261,-0.059,-2.34,0.03379404645,0.0001667729304,-2.746,-5.476,-0.733,-3.738,-2.283636724,-0.0006954101537
891,8916078,1,1,0.002,-2.433,-0.059,-2.34,0.03748066969,-0.0001963276269,-2.801,-5.678,-0.733,-3.738,-2.34603117,-0.000776234579
892,8925508,1,1,0.002,-2.433,-0.059,-2.34,0.03748066969,-0.0001963276269,-1.567,-3.053,-0.733,-3.738,-0.9461266905,0.0002740828281
893,8936218,1,1,-0.01,-2.291,-0.059,-2.34,0.0301074232,0.0001034414378,-1.336,-2.303,-0.733,-3.738,-0.6840700172,0.0005741735159
894,8948939,1,1,-0.006,-2.481,-0.059,-2.34,0.03256517203,-0.000297658015,-1.021,-0.989,-0.733,-3.738,-0.3267200082,0.001099932401
895,8955326,1,1,-0.006,-2.481,-0.059,-2.34,0.03256517203,-0.000297658015,-1.061,-1.952,-0.733,-3.738,-0.3720977871,0.0007146159578
896,8965122,1,1,-0.021,-2.272,-0.059,-2.34,0.02334861391,0.0001435513831,-1.061,-1.952,-0.733,-3.738,-0.3720977871,0.0007146159578
897,8975216,1,1,-0.109,-2.291,-0.059,-2.34,-0.0307218604,0.0001034414378,-1.061,-1.952,-0.733,-3.738,-0.3720977871,0.0007146159578
898,8985500,1,1,-0.1,-2.326,-0.059,-2.34,-0.02519192553,2.955469652e-05,-0.632,-1.401,-0.733,-3.738,0.1145788918,0.000935082583
899,8995229,1,1,-0.1,-2.326,-0.059,-2.34,-0.02519192553,2.955469652e-05,-1.361,-1.011,-0.733,-3.738,-0.712431129,0.001091129741
900,9005602,1,1,-0.1,-2.326,-0.059,-2.34,-0.02519192553,2.955469652e-05,-0.719,-3.73,-0.733,-3.738,0.01588222262,3.200967336e-06
901,9015399,1,1,-0.1,-2.326,-0.059,-2.34,-0.02519192553,2.955469652e-05,-1.038,-2.195,-0.733,-3.738,-0.3460055643,0.0006173865749
902,9025230,1,1,-0.062,-2.354,-0.059,-2.34,-0.001843311624,-2.955469652e-05,-1.038,-2.195,-0.733,-3.738,-0.3460055643,0.0006173865749
903,9035687,1,1,-0.081,-2.332,-0.059,-2.34,-0.01351761858,1.688839801e-05,-0.975,-1.713,-0.733,-3.738,-0.2745355625,0.0008102448569
904,9049107,1,1,-0.081,-2.332,-0.059,-2.34,-0.01351761858,1.688839801e-05,-0.799,-2.008,-0.733,-3.738,-0.07487333522,0.0006922091864
905,9055963,1,1,-0.165,-2.454,-0.059,-2.34,-0.06513034406,-0.0002406596717,-0.799,-2.008,-0.733,-3.738,-0.07487333522,0.0006922091864
906,9065328,1,1,0.014,-2.435,-0.059,-2.34,0.04485391619,-0.0002005497264,-0.84,-2.927,-0.733,-3.738,-0.1213855586,0.0003244980637
907,9075109,1,1,0.014,-2.435,-0.059,-2.34,0.04485391619,-0.0002005497264,-0.778,-2.078,-0.733,-3.738,-0.05105000129,0.0006642007222
908,9086868,1,1,0.014,-2.435,-0.059,-2.34,0.04485391619,-0.0002005497264,-0.778,-2.078,-0.733,-3.738,-0.05105000129,0.0006642007222
909,9095298,1,1,0.014,-2.435,-0.059,-2.34,0.04485391619,-0.0002005497264,-0.767,-2.074,-0.733,-3.738,-0.03857111208,0.0006658012059
910,9105668,1,1,0.014,-2.435,-0.059,-2.34,0.04485391619,-0.0002005497264,-0.765,-1.398,-0.733,-3.738,-0.03630222314,0.0009362829458
911,9115863,1,1,-0.137,-2.129,-0.059,-2.34,-0.04792610223,0.0004454314976,-0.765,-1.398,-0.733,-3.738,-0.03630222314,0.0009362829458
912,9125697,1,1,-0.137,-2.129,-0.059,-2.34,-0.04792610223,0.0004454314976,-0.7,-2.168,-0.733,-3.738,0.03743666761,0.0006281898397
913,9135194,1,1,-0.137,-2.129,-0.059,-2.34,-0.04792610223,0.0004454314976,-0.568,-1.592,-0.733,-3.738,0.187183338,0.0008586594879
914,9148202,1,1,-0.126,-2.378,-0.059,-2.34,-0.04116729294,-8.021989056e-05,-0.568,-1.592,-0.733,-3.738,0.187183338,0.0008586594879
915,9155962,1,1,-0.014,-2.363,-0.059,-2.34,0.02764967436,-4.855414429e-05,-0.568,-1.592,-0.733,-3.738,0.187183338,0.0008586594879
916,9165256,1,1,-0.014,-2.363,-0.059,-2.34,0.02764967436,-4.855414429e-05,-0.568,-1.592,-0.733,-3.738,0.187183338,0.0008586594879
917,9175082,1,1,0.007,-2.408,-0.059,-2.34,0.04055285573,-0.0001435513831,-0.568,-1.592,-0.733,-3.738,0.187183338,0.0008586594879
918,9185480,1,1,-0.023,-2.356,-0.059,-2.34,0.02211973949,-3.377679603e-05,-0.473,-1.949,-0.733,-3.738,0.294955563,0.0007158163205
919,9195226,1,1,-0.023,-2.356,-0.059,-2.34,0.02211973949,-3.377679603e-05,-0.38,-1.405,-0.733,-3.738,0.400458899,0.0009334820994
920,9205788,1,1,-0.032,-2.335,-0.059,-2.34,0.01658980462,1.055524876e-05,-0.38,-1.405,-0.733,-3.738,0.400458899,0.0009334820994
921,9215168,1,1,-0.085,-2.342,-0.059,-2.34,-0.01597536741,-4.222099503e-06,-0.382,-1.734,-0.733,-3.738,0.39819001,0.0008018423177
922,9225467,1,1,-0.078,-2.37,-0.059,-2.34,-0.01167430695,-6.333149255e-05,-0.204,-2.057,-0.733,-3.738,0.6001211262,0.0006726032615
923,9235686,1,1,-0.105,-2.361,-0.059,-2.34,-0.02826411157,-4.433204478e-05,-0.204,-2.057,-0.733,-3.738,0.6001211262,0.0006726032615
924,9251929,1,1,-0.124,-2.371,-0.059,-2.34,-0.03993841853,-6.54425423e-05,-0.19,-1.954,-0.733,-3.738,0.6160033488,0.0007138157159
925,9258432,1,1,-0.124,-2.371,-0.059,-2.34,-0.03993841853,-6.54425423e-05,-0.194,-1.906,-0.733,-3.738,0.6114655709,0.0007330215199
926,9265598,1,1,-0.097,-2.369,-0.059,-2.34,-0.02334861391,-6.12204428e-05,-0.191,-1.884,-0.733,-3.738,0.6148689044,0.0007418241801
927,9275517,1,1,-0.105,-2.362,-0.059,-2.34,-0.02826411157,-4.644309453e-05,-0.188,-1.965,-0.733,-3.738,0.6182722378,0.0007094143858
928,9285490,1,1,-0.105,-2.362,-0.059,-2.34,-0.02826411157,-4.644309453e-05,-0.198,-1.911,-0.733,-3.738,0.6069277931,0.0007310209154
929,9295381,1,1,-0.105,-2.362,-0.059,-2.34,-0.02826411157,-4.644309453e-05,-0.198,-1.911,-0.733,-3.738,0.6069277931,0.0007310209154
930,9305255,1,1,-0.105,-2.362,-0.059,-2.34,-0.02826411157,-4.644309453e-05,-0.172,-1.947,-0.733,-3.738,0.6364233494,0.0007166165623
931,9315415,1,1,-0.105,-2.362,-0.059,-2.34,-0.02826411157,-4.644309453e-05,-0.137,-1.916,-0.733,-3.738,0.6761289059,0.0007290203108
932,9325443,1,1,-0.085,-2.37,-0.059,-2.34,-0.01597536741,-6.333149255e-05,-0.137,-1.916,-0.733,-3.738,0.6761289059,0.0007290203108
933,9335431,1,1,-0.085,-2.375,-0.059,-2.34,-0.01597536741,-7.38867413e-05,-0.148,-1.943,-0.733,-3.738,0.6636500167,0.000718217046
934,9348601,1,1,-0.085,-2.375,-0.059,-2.34,-0.01597536741,-7.38867413e-05,-0.149,-1.921,-0.733,-3.738,0.6625155722,0.0007270197062
935,9355332,1,1,-0.055,-2.372,-0.059,-2.34,0.002457748832,-6.755359205e-05,-0.149,-1.921,-0.733,-3.738,0.6625155722,0.0007270197062
936,9366066,1,1,-0.055,-2.373,-0.059,-2.34,0.002457748832,-6.96646418e-05,-0.143,-1.938,-0.733,-3.738,0.6693222391,0.0007202176506
937,9375349,1,1,-0.055,-2.373,-0.059,-2.34,0.002457748832,-6.96646418e-05,-0.135,-2.072,-0.733,-3.738,0.6783977949,0.0006666014477
938,9385629,1,1,-0.051,-2.37,-0.059,-2.34,0.004915497665,-6.333149255e-05,-0.15,-2.156,-0.733,-3.738,0.6613811278,0.0006329912907
939,9396182,1,1,-0.048,-2.363,-0.059,-2.34,0.006758809289,-4.855414429e-05,-0.124,-2.157,-0.733,-3.738,0.6908766841,0.0006325911698
940,9405908,1,1,-0.048,-2.363,-0.059,-2.34,0.006758809289,-4.855414429e-05,-0.132,-2.405,-0.733,-3.738,0.6818011283,0.0005333611824
941,9415715,1,1,-0.05,-2.383,-0.059,-2.34,0.005529934873,-9.077513932e-05,-0.132,-2.405,-0.733,-3.738,0.6818011283,0.0005333611824
942,9425546,1,1,-0.06,-2.365,-0.059,-2.34,-0.0006144372081,-5.277624379e-05,-0.118,-2.453,-0.733,-3.738,0.6976833509,0.0005141553783
943,9435319,1,1,-0.081,-2.358,-0.059,-2.34,-0.01351761858,-3.799889553e-05,-0.131,-2.582,-0.733,-3.738,0.6829355727,0.0004625397801
944,9448601,1,1,-0.081,-2.365,-0.059,-2.34,-0.01351761858,-5.277624379e-05,-0.131,-2.582,-0.733,-3.738,0.6829355727,0.0004625397801
945,9455253,1,1,-0.081,-2.365,-0.059,-2.34,-0.01351761858,-5.277624379e-05,-0.118,-2.553,-0.733,-3.738,0.6976833509,0.0004741432866
946,9465586,1,1,-0.081,-2.365,-0.059,-2.34,-0.01351761858,-5.277624379e-05,-0.086,-2.548,-0.733,-3.738,0.733985574,0.0004761438912
947,9475176,1,1,-0.074,-2.382,-0.059,-2.34,-0.009216558121,-8.866408957e-05,-0.086,-2.548,-0.733,-3.738,0.733985574,0.0004761438912
948,9485770,1,1,-0.073,-2.392,-0.059,-2.34,-0.008602120913,-0.0001097745871,-0.059,-2.571,-0.733,-3.738,0.7646155748,0.0004669411101
949,9495468,1,1,-0.054,-2.354,-0.059,-2.34,0.00307218604,-2.955469652e-05,-0.062,-2.672,-0.733,-3.738,0.7612122414,0.0004265288975
950,9505846,1,1,-0.065,-2.405,-0.059,-2.34,-0.003686623249,-0.0001372182339,-0.062,-2.672,-0.733,-3.738,0.7612122414,0.0004265288975
951,9515232,1,1,-0.065,-2.405,-0.059,-2.34,-0.003686623249,-0.0001372182339,-0.049,-2.655,-0.733,-3.738,0.7759600195,0.0004333309531
952,9525175,1,1,-0.065,-2.405,-0.059,-2.34,-0.003686623249,-0.0001372182339,0.011,-2.655,-0.733,-3.738,0.8440266879,0.0004333309531
953,9535263,1,1,-0.063,-2.365,-0.059,-2.34,-0.002457748832,-5.277624379e-05,0.011,-2.655,-0.733,-3.738,0.8440266879,0.0004333309531
954,9547827,1,1,-0.065,-2.36,-0.059,-2.34,-0.003686623249,-4.222099503e-05,0.026,-2.716,-0.733,-3.738,0.861043355,0.0004089235772
955,9555170,1,1,-0.065,-2.36,-0.059,-2.34,-0.003686623249,-4.222099503e-05,0.059,-2.77,-0.733,-3.738,0.8984800226,0.0003873170477
956,9565464,1,1,-0.077,-2.378,-0.059,-2.34,-0.01105986975,-8.021989056e-05,0.059,-2.77,-0.733,-3.738,0.8984800226,0.0003873170477
957,9575250,1,1,-0.077,-2.378,-0.059,-2.34,-0.01105986975,-8.021989056e-05,0.07,-2.724,-0.733,-3.738,0.9109589118,0.0004057226098
958,9585721,1,1,-0.077,-2.378,-0.059,-2.34,-0.01105986975,-8.021989056e-05,0.092,-2.743,-0.733,-3.738,0.9359166902,0.0003981203124
959,9595346,1,1,-0.071,-2.373,-0.059,-2.34,-0.007373246497,-6.96646418e-05,0.092,-2.743,-0.733,-3.738,0.9359166902,0.0003981203124
960,9605301,1,1,-0.073,-2.383,-0.059,-2.34,-0.008602120913,-9.077513932e-05,0.095,-2.721,-0.733,-3.738,0.9393200236,0.0004069229726
961,9615434,1,1,-0.073,-2.383,-0.059,-2.34,-0.008602120913,-9.077513932e-05,0.043,-2.661,-0.733,-3.738,0.880328911,0.0004309302276
962,9625926,1,1,-0.066,-2.378,-0.059,-2.34,-0.004301060457,-8.021989056e-05,0.043,-2.661,-0.733,-3.738,0.880328911,0.0004309302276
963,9635997,1,1,-0.065,-2.388,-0.059,-2.34,-0.003686623249,-0.0001013303881,0.035,-2.61,-0.733,-3.738,0.8712533553,0.0004513363944
964,9648971,1,1,-0.065,-2.388,-0.059,-2.34,-0.003686623249,-0.0001013303881,-0.113,-3.001,-0.733,-3.738,0.7033555733,0.0002948891158
965,9655198,1,1,-0.057,-2.388,-0.059,-2.34,0.001228874416,-0.0001013303881,-0.113,-3.001,-0.733,-3.738,0.7033555733,0.0002948891158
966,9665452,1,1,-0.055,-2.402,-0.059,-2.34,0.002457748832,-0.0001308850846,-0.106,-2.941,-0.733,-3.738,0.7112966846,0.0003188963708
967,9675694,1,1,-0.055,-2.402,-0.059,-2.34,0.002457748832,-0.0001308850846,-0.121,-2.958,-0.733,-3.738,0.6942800175,0.0003120943153
968,9685278,1,1,-0.043,-2.347,-0.059,-2.34,0.00983099533,-1.477734826e-05,-0.121,-2.958,-0.733,-3.738,0.6942800175,0.0003120943153
969,9695288,1,1,-0.048,-2.392,-0.059,-2.34,0.006758809289,-0.0001097745871,-0.112,-2.934,-0.733,-3.738,0.7044900177,0.0003216972173
970,9705845,1,1,-0.048,-2.392,-0.059,-2.34,0.006758809289,-0.0001097745871,-0.113,-3.018,-0.733,-3.738,0.7033555733,0.0002880870602
971,9715264,1,1,-0.047,-2.323,-0.059,-2.34,0.007373246497,3.588784578e-05,-0.113,-3.018,-0.733,-3.738,0.7033555733,0.0002880870602
972,9725915,1,1,-0.047,-2.323,-0.059,-2.34,0.007373246497,3.588784578e-05,-0.113,-3.018,-0.733,-3.738,0.7033555733,0.0002880870602
973,9735091,1,1,-0.047,-2.323,-0.059,-2.34,0.007373246497,3.588784578e-05,-0.113,-3.018,-0.733,-3.738,0.7033555733,0.0002880870602
974,9749368,1,1,-0.053,-2.358,-0.059,-2.34,0.003686623249,-3.799889553e-05,-0.113,-3.018,-0.733,-3.738,0.7033555733,0.0002880870602
975,9755803,1,1,-0.053,-2.358,-0.059,-2.34,0.003686623249,-3.799889553e-05,-0.104,-2.998,-0.733,-3.738,0.7135655735,0.0002960894786
976,9765306,1,1,-0.053,-2.358,-0.059,-2.34,0.003686623249,-3.799889553e-05,-0.118,-3.009,-0.733,-3.738,0.6976833509,0.0002916881485
977,9775184,1,1,-0.072,-2.36,-0.059,-2.34,-0.007987683705,-4.222099503e-05,-0.118,-3.009,-0.733,-3.738,0.6976833509,0.0002916881485
978,9785524,1,1,-0.072,-2.374,-0.059,-2.34,-0.007987683705,-7.177569155e-05,-0.11,-2.996,-0.733,-3.738,0.7067589067,0.0002968897204
979,9795288,1,1,-0.072,-2.374,-0.059,-2.34,-0.007987683705,-7.177569155e-05,-0.106,-2.981,-0.733,-3.738,0.7112966846,0.0003028915342
980,9806269,1,1,-0.08,-2.362,-0.059,-2.34,-0.01290318137,-4.644309453e-05,-0.145,-3.01,-0.733,-3.738,0.6670533501,0.0002912880276
981,9815202,1,1,-0.085,-2.373,-0.059,-2.34,-0.01597536741,-6.96646418e-05,-0.135,-3.004,-0.733,-3.738,0.6783977949,0.0002936887531
982,9825417,1,1,-0.085,-2.373,-0.059,-2.34,-0.01597536741,-6.96646418e-05,-0.196,-3.005,-0.733,-3.738,0.609196682,0.0002932886322
983,9835150,1,1,-0.076,-2.365,-0.059,-2.34,-0.01044543254,-5.277624379e-05,-0.196,-3.005,-0.733,-3.738,0.609196682,0.0002932886322
984,9848997,1,1,-0.076,-2.365,-0.059,-2.34,-0.01044543254,-5.277624379e-05,-0.186,-2.992,-0.733,-3.738,0.6205411267,0.0002984902041
985,9858730,1,1,-0.076,-2.365,-0.059,-2.34,-0.01044543254,-5.277624379e-05,-0.186,-2.992,-0.733,-3.738,0.6205411267,0.0002984902041
986,9866182,1,1,-0.061,-2.359,-0.059,-2.34,-0.001228874416,-4.010994528e-05,-0.186,-2.992,-0.733,-3.738,0.6205411267,0.0002984902041
987,9875359,1,1,-0.061,-2.359,-0.059,-2.34,-0.001228874416,-4.010994528e-05,-0.177,-2.978,-0.733,-3.738,0.630751127,0.0003040918969
988,9885438,1,1,-0.061,-2.359,-0.059,-2.34,-0.001228874416,-4.010994528e-05,-0.176,-2.947,-0.733,-3.738,0.6318855715,0.0003164956453
989,9895557,1,1,-0.051,-2.366,-0.059,-2.34,0.004915497665,-5.488729354e-05,-0.176,-2.947,-0.733,-3.738,0.6318855715,0.0003164956453
990,9906033,1,1,-0.049,-2.356,-0.059,-2.34,0.006144372081,-3.377679603e-05,-0.176,-2.947,-0.733,-3.738,0.6318855715,0.0003164956453
991,9915170,1,1,-0.049,-2.356,-0.059,-2.34,0.006144372081,-3.377679603e-05,-0.176,-2.947,-0.733,-3.738,0.6318855715,0.0003164956453
992,9925619,1,1,-0.051,-2.367,-0.059,-2.34,0.004915497665,-5.699834329e-05,-0.176,-2.947,-0.733,-3.738,0.6318855715,0.0003164956453
993,9935972,1,1,-0.051,-2.362,-0.059,-2.34,0.004915497665,-4.644309453e-05,-0.184,-2.893,-0.733,-3.738,0.6228100157,0.0003381021749
994,9949565,1,1,-0.051,-2.362,-0.059,-2.34,0.004915497665,-4.644309453e-05,-0.438,-3.655,-0.733,-3.738,0.3346611195,3.321003611e-05
995,9962124,1,1,-0.062,-2.361,-0.059,-2.34,-0.001843311624,-4.433204478e-05,-0.438,-3.655,-0.733,-3.738,0.3346611195,3.321003611e-05
996,9968098,1,1,-0.062,-2.361,-0.059,-2.34,-0.001843311624,-4.433204478e-05,-0.438,-3.655,-0.733,-3.738,0.3346611195,3.321003611e-05
997,9975437,1,1,-0.062,-2.361,-0.059,-2.34,-0.001843311624,-4.433204478e-05,-0.438,-3.655,-0.733,-3.738,0.3346611195,3.321003611e-05
998,9985525,1,1,-0.056,-2.366,-0.059,-2.34,0.001843311624,-5.488729354e-05,-0.438,-3.655,-0.733,-3.738,0.3346611195,3.321003611e-05
999,9995699,1,1,-0.024,-2.206,-0.059,-2.34,0.02150530228,0.0002828806667,-0.553,-3.467,-0.733,-3.738,0.2042000051,0.0001084327685
1000,10007332,1,1,-0.024,-2.206,-0.059,-2.34,0.02150530228,0.0002828806667,-3.145,0.415,-0.733,-3.738,-2.736280069,0.001661702168
1001,10015198,1,1,-0.092,-2.399,-0.059,-2.34,-0.02027642787,-0.0001245519353,-3.145,0.415,-0.733,-3.738,-2.736280069,0.001661702168
1002,10025161,1,1,-0.081,-2.205,-0.059,-2.34,-0.01351761858,0.0002849917165,-3.145,0.415,-0.733,-3.738,-2.736280069,0.001661702168
1003,10035320,1,1,-0.081,-2.205,-0.059,-2.34,-0.01351761858,0.0002849917165,-2.118,-2.508,-0.733,-3.738,-1.571205595,0.0004921487279
1004,10048539,1,1,-0.061,-2.413,-0.059,-2.34,-0.001228874416,-0.0001541066319,-1.244,-2.983,-0.733,-3.738,-0.5797011257,0.0003020912923
1005,10057849,1,1,-0.061,-2.413,-0.059,-2.34,-0.001228874416,-0.0001541066319,-1.051,-0.018,-0.733,-3.738,-0.3607533424,0.001488449811
1006,10065692,1,1,-0.061,-2.413,-0.059,-2.34,-0.001228874416,-0.0001541066319,-0.966,-2.204,-0.733,-3.738,-0.2643255622,0.0006137854867
1007,10075299,1,1,-0.064,-2.467,-0.059,-2.34,-0.00307218604,-0.0002681033184,-0.509,-1.419,-0.733,-3.738,0.254115562,0.0009278804065
1008,10085668,1,1,-0.096,-2.426,-0.059,-2.34,-0.0227341767,-0.0001815502786,-0.524,-3.008,-0.733,-3.738,0.2370988949,0.0002920882694
1009,10095735,1,1,-0.096,-2.426,-0.059,-2.34,-0.0227341767,-0.0001815502786,-1.175,-2.178,-0.733,-3.738,-0.5014244571,0.0006241886305
1010,10105751,1,1,-0.061,-2.382,-0.059,-2.34,-0.001228874416,-8.866408957e-05,-1.175,-2.178,-0.733,-3.738,-0.5014244571,0.0006241886305
1011,10115318,1,1,-0.061,-2.382,-0.059,-2.34,-0.001228874416,-8.866408957e-05,-1.362,-1.015,-0.733,-3.738,-0.7135655735,0.001089529257
1012,10125395,1,1,-0.061,-2.382,-0.059,-2.34,-0.001228874416,-8.866408957e-05,-0.405,-1.054,-0.733,-3.738,0.3720977871,0.001073924541
1013,10135558,1,1,-0.178,-2.343,-0.059,-2.34,-0.07311802776,-6.333149255e-06,-0.405,-1.054,-0.733,-3.738,0.3720977871,0.001073924541
1014,10148089,1,1,-0.153,-2.474,-0.059,-2.34,-0.05775709756,-0.0002828806667,-0.939,-3.469,-0.733,-3.738,-0.2336955614,0.0001076325267
1015,10160005,1,1,-0.094,-2.43,-0.059,-2.34,-0.02150530228,-0.0001899944776,-0.939,-3.469,-0.733,-3.738,-0.2336955614,0.0001076325267
1016,10166312,1,1,-0.129,-2.399,-0.059,-2.34,-0.04301060457,-0.0001245519353,-0.939,-3.469,-0.733,-3.738,-0.2336955614,0.0001076325267
1017,10175494,1,1,-0.285,-2.436,-0.059,-2.34,-0.138862809,-0.0002026607762,-1.066,-1.434,-0.733,-3.738,-0.3777700095,0.0009218785928
1018,10185313,1,1,-0.285,-2.436,-0.059,-2.34,-0.138862809,-0.0002026607762,-0.736,-1.094,-0.733,-3.738,-0.003403333419,0.001057919705
1019,10195571,1,1,-0.285,-2.436,-0.059,-2.34,-0.138862809,-0.0002026607762,-0.736,-1.094,-0.733,-3.738,-0.003403333419,0.001057919705
1020,10208031,1,1,-0.285,-2.436,-0.059,-2.34,-0.138862809,-0.0002026607762,-0.821,-2.088,-0.733,-3.738,-0.09983111362,0.000660199513
1021,10215623,1,1,-0.285,-2.436,-0.059,-2.34,-0.138862809,-0.0002026607762,-0.763,-2.054,-0.733,-3.738,-0.03403333419,0.0006738036242
1022,10225724,1,1,-0.014,-2.448,-0.059,-2.34,0.02764967436,-0.0002279933732,-0.788,-1.711,-0.733,-3.738,-0.06239444602,0.0008110450988
1023,10235240,1,1,-0.018,-2.425,-0.059,-2.34,0.02519192553,-0.0001794392289,-0.754,-1.745,-0.733,-3.738,-0.02382333393,0.0007974409876
1024,10248576,1,1,-0.018,-2.425,-0.059,-2.34,0.02519192553,-0.0001794392289,-0.691,-2.318,-0.733,-3.738,0.04764666787,0.0005681717021
1025,10259791,1,1,-0.017,-2.402,-0.059,-2.34,0.02580636274,-0.0001308850846,-0.691,-2.318,-0.733,-3.738,0.04764666787,0.0005681717021
1026,10266119,1,1,-0.017,-2.402,-0.059,-2.34,0.02580636274,-0.0001308850846,-0.611,-2.113,-0.733,-3.738,0.1384022257,0.0006501964901
1027,10275269,1,1,-0.017,-2.402,-0.059,-2.34,0.02580636274,-0.0001308850846,-0.271,-2.629,-0.733,-3.738,0.5241133465,0.000443734097
1028,10285244,1,1,-0.08,-2.364,-0.059,-2.34,-0.01290318137,-5.066519404e-05,-0.271,-2.629,-0.733,-3.738,0.5241133465,0.000443734097
1029,10295068,1,1,0.019,-2.398,-0.059,-2.34,0.04792610223,-0.0001224408856,-0.271,-2.629,-0.733,-3.738,0.5241133465,0.000443734097
1030,10305261,1,1,0.019,-2.398,-0.059,-2.34,0.04792610223,-0.0001224408856,-0.271,-2.629,-0.733,-3.738,0.5241133465,0.000443734097
1031,10315516,1,1,0.019,-2.398,-0.059,-2.34,0.04792610223,-0.0001224408856,-0.271,-2.629,-0.733,-3.738,0.5241133465,0.000443734097
1032,10325275,1,1,0.019,-2.398,-0.059,-2.34,0.04792610223,-0.0001224408856,-0.271,-2.629,-0.733,-3.738,0.5241133465,0.000443734097
1033,10335521,1,1,0.019,-2.398,-0.059,-2.34,0.04792610223,-0.0001224408856,-0.122,-3.091,-0.733,-3.738,0.693145573,0.0002588782333
1034,10348949,1,1,-0.026,-2.382,-0.059,-2.34,0.02027642787,-8.866408957e-05,-0.139,-3.09,-0.733,-3.738,0.673860017,0.0002592783542
1035,10359009,1,1,-0.086,-2.335,-0.059,-2.34,-0.01658980462,1.055524876e-05,-0.139,-3.09,-0.733,-3.738,0.673860017,0.0002592783542
1036,10365299,1,1,-0.086,-2.335,-0.059,-2.34,-0.01658980462,1.055524876e-05,-0.139,-3.09,-0.733,-3.738,0.673860017,0.0002592783542
1037,10375301,1,1,-0.072,-2.394,-0.059,-2.34,-0.007987683705,-0.0001139966866,-0.139,-3.09,-0.733,-3.738,0.673860017,0.0002592783542
1038,10385296,1,1,-0.084,-2.376,-0.059,-2.34,-0.0153609302,-7.599779106e-05,-0.128,-3.164,-0.733,-3.738,0.6863389062,0.0002296694064
1039,10395327,1,1,-0.084,-2.376,-0.059,-2.34,-0.0153609302,-7.599779106e-05,-0.103,-3.151,-0.733,-3.738,0.714700018,0.0002348709783
1040,10406317,1,1,-0.066,-2.391,-0.059,-2.34,-0.004301060457,-0.0001076635373,-0.109,-3.149,-0.733,-3.738,0.7078933512,0.0002356712201
1041,10418436,1,1,-0.076,-2.367,-0.059,-2.34,-0.01044543254,-5.699834329e-05,-0.103,-3.159,-0.733,-3.738,0.714700018,0.0002316700109
1042,10425982,1,1,-0.076,-2.367,-0.059,-2.34,-0.01044543254,-5.699834329e-05,-0.111,-3.149,-0.733,-3.738,0.7056244622,0.0002356712201
1043,10435362,1,1,-0.077,-2.364,-0.059,-2.34,-0.01105986975,-5.066519404e-05,-0.113,-3.138,-0.733,-3.738,0.7033555733,0.0002400725502
1044,10449495,1,1,-0.047,-2.384,-0.059,-2.34,0.007373246497,-9.288618907e-05,-0.127,-3.134,-0.733,-3.738,0.6874733506,0.0002416730339
1045,10458805,1,1,-0.047,-2.384,-0.059,-2.34,0.007373246497,-9.288618907e-05,-0.127,-3.134,-0.733,-3.738,0.6874733506,0.0002416730339
1046,10465419,1,1,-0.04,-2.359,-0.059,-2.34,0.01167430695,-4.010994528e-05,-0.127,-3.134,-0.733,-3.738,0.6874733506,0.0002416730339
1047,10475079,1,1,-0.041,-2.366,-0.059,-2.34,0.01105986975,-5.488729354e-05,-0.127,-3.134,-0.733,-3.738,0.6874733506,0.0002416730339
1048,10485376,1,1,-0.041,-2.366,-0.059,-2.34,0.01105986975,-5.488729354e-05,-0.133,-3.122,-0.733,-3.738,0.6806666838,0.0002464744849
1049,10494988,1,1,-0.045,-2.368,-0.059,-2.34,0.008602120913,-5.910939304e-05,-0.147,-3.131,-0.733,-3.738,0.6647844612,0.0002428733966
1050,10505575,1,1,-0.049,-2.362,-0.059,-2.34,0.006144372081,-4.644309453e-05,-0.137,-3.128,-0.733,-3.738,0.6761289059,0.0002440737594
1051,10515965,1,1,-0.049,-2.362,-0.059,-2.34,0.006144372081,-4.644309453e-05,-0.137,-3.128,-0.733,-3.738,0.6761289059,0.0002440737594
1052,10525704,1,1,-0.061,-2.364,-0.059,-2.34,-0.001228874416,-5.066519404e-05,-0.137,-3.128,-0.733,-3.738,0.6761289059,0.0002440737594
1053,10535130,1,1,-0.067,-2.362,-0.059,-2.34,-0.004915497665,-4.644309453e-05,-0.133,-3.126,-0.733,-3.738,0.6806666838,0.0002448740012
1054,10547859,1,1,-0.067,-2.362,-0.059,-2.34,-0.004915497665,-4.644309453e-05,-0.143,-3.129,-0.733,-3.738,0.6693222391,0.0002436736385
1055,10555445,1,1,-0.062,-2.373,-0.059,-2.34,-0.001843311624,-6.96646418e-05,-0.143,-3.129,-0.733,-3.738,0.6693222391,0.0002436736385
1056,10566894,1,1,-0.063,-2.369,-0.059,-2.34,-0.002457748832,-6.12204428e-05,-0.136,-3.118,-0.733,-3.738,0.6772633504,0.0002480749685
1057,10575293,1,1,-0.063,-2.369,-0.059,-2.34,-0.002457748832,-6.12204428e-05,-0.137,-3.128,-0.733,-3.738,0.6761289059,0.0002440737594
1058,10585270,1,1,-0.062,-2.37,-0.059,-2.34,-0.001843311624,-6.333149255e-05,-0.137,-3.128,-0.733,-3.738,0.6761289059,0.0002440737594
1059,10595610,1,1,-0.056,-2.371,-0.059,-2.34,0.001843311624,-6.54425423e-05,-0.142,-3.13,-0.733,-3.738,0.6704566835,0.0002432735175
1060,10605117,1,1,-0.056,-2.371,-0.059,-2.34,0.001843311624,-6.54425423e-05,-0.148,-3.126,-0.733,-3.738,0.6636500167,0.0002448740012
1061,10616719,1,1,-0.053,-2.369,-0.059,-2.34,0.003686623249,-6.12204428e-05,-0.148,-3.126,-0.733,-3.738,0.6636500167,0.0002448740012
1062,10625408,1,1,-0.053,-2.369,-0.059,-2.34,0.003686623249,-6.12204428e-05,-0.15,-3.122,-0.733,-3.738,0.6613811278,0.0002464744849
1063,10635489,1,1,-0.053,-2.369,-0.059,-2.34,0.003686623249,-6.12204428e-05,-0.156,-3.125,-0.733,-3.738,0.6545744609,0.0002452741221
1064,10648013,1,1,-0.048,-2.369,-0.059,-2.34,0.006758809289,-6.12204428e-05,-0.156,-3.125,-0.733,-3.738,0.6545744609,0.0002452741221
1065,10655788,1,1,-0.048,-2.369,-0.059,-2.34,0.006758809289,-6.12204428e-05,-0.157,-3.123,-0.733,-3.738,0.6534400164,0.000246074364
1066,10667625,1,1,-0.048,-2.369,-0.059,-2.34,0.006758809289,-6.12204428e-05,-0.158,-3.132,-0.733,-3.738,0.652305572,0.0002424732757
1067,10675338,1,1,-0.054,-2.364,-0.059,-2.34,0.00307218604,-5.066519404e-05,-0.158,-3.132,-0.733,-3.738,0.652305572,0.0002424732757
1068,10685400,1,1,-0.053,-2.367,-0.059,-2.34,0.003686623249,-5.699834329e-05,-0.158,-3.132,-0.733,-3.738,0.652305572,0.0002424732757
1069,10695510,1,1,-0.053,-2.367,-0.059,-2.34,0.003686623249,-5.699834329e-05,-0.158,-3.132,-0.733,-3.738,0.652305572,0.0002424732757
1070,10705278,1,1,-0.062,-2.369,-0.059,-2.34,-0.001843311624,-6.12204428e-05,-0.158,-3.132,-0.733,-3.738,0.652305572,0.0002424732757
1071,10715342,1,1,-0.064,-2.365,-0.059,-2.34,-0.00307218604,-5.277624379e-05,-0.158,-3.125,-0.733,-3.738,0.652305572,0.0002452741221
1072,10725173,1,1,-0.064,-2.365,-0.059,-2.34,-0.00307218604,-5.277624379e-05,-0.156,-3.121,-0.733,-3.738,0.6545744609,0.0002468746058
1073,10735366,1,1,-0.064,-2.372,-0.059,-2.34,-0.00307218604,-6.755359205e-05,-0.156,-3.121,-0.733,-3.738,0.6545744609,0.0002468746058
1074,10747905,1,1,-0.065,-2.368,-0.059,-2.34,-0.003686623249,-5.910939304e-05,-0.156,-3.118,-0.733,-3.738,0.6545744609,0.0002480749685
1075,10755270,1,1,-0.065,-2.368,-0.059,-2.34,-0.003686623249,-5.910939304e-05,-0.163,-3.124,-0.733,-3.738,0.6466333496,0.000245674243
1076,10766024,1,1,-0.056,-2.369,-0.059,-2.34,0.001843311624,-6.12204428e-05,-0.163,-3.124,-0.733,-3.738,0.6466333496,0.000245674243
1077,10775275,1,1,-0.056,-2.369,-0.059,-2.34,0.001843311624,-6.12204428e-05,-0.163,-3.124,-0.733,-3.738,0.6466333496,0.000245674243
1078,10785384,1,1,-0.056,-2.369,-0.059,-2.34,0.001843311624,-6.12204428e-05,-0.163,-3.124,-0.733,-3.738,0.6466333496,0.000245674243
1079,10795990,1,1,-0.056,-2.369,-0.059,-2.34,0.001843311624,-6.12204428e-05,-0.163,-3.124,-0.733,-3.738,0.6466333496,0.000245674243
1080,10805086,1,1,-0.056,-2.369,-0.059,-2.34,0.001843311624,-6.12204428e-05,-0.163,-3.124,-0.733,-3.738,0.6466333496,0.000245674243
1081,10815468,1,1,-0.056,-2.369,-0.059,-2.34,0.001843311624,-6.12204428e-05,-0.163,-3.124,-0.733,-3.738,0.6466333496,0.000245674243
1082,10825308,1,1,-0.053,-2.368,-0.059,-2.34,0.003686623249,-5.910939304e-05,-0.163,-3.124,-0.733,-3.738,0.6466333496,0.000245674243
1083,10835211,1,1,-0.047,-2.366,-0.059,-2.34,0.007373246497,-5.488729354e-05,-0.161,-3.12,-0.733,-3.738,0.6489022386,0.0002472747267
1084,10848626,1,1,-0.047,-2.366,-0.059,-2.34,0.007373246497,-5.488729354e-05,-0.164,-3.116,-0.733,-3.738,0.6454989051,0.0002488752104
1085,10855500,1,1,-0.047,-2.366,-0.059,-2.34,0.007373246497,-5.488729354e-05,-0.164,-3.116,-0.733,-3.738,0.6454989051,0.0002488752104
1086,10866836,1,1,-0.047,-2.367,-0.059,-2.34,0.007373246497,-5.699834329e-05,-0.163,-3.12,-0.733,-3.738,0.6466333496,0.0002472747267
1087,10875492,1,1,-0.047,-2.367,-0.059,-2.34,0.007373246497,-5.699834329e-05,-0.175,-3.129,-0.733,-3.738,0.6330200159,0.0002436736385
1088,10886052,1,1,-0.051,-2.368,-0.059,-2.34,0.004915497665,-5.910939304e-05,-0.175,-3.129,-0.733,-3.738,0.6330200159,0.0002436736385
1089,10895295,1,1,-0.053,-2.369,-0.059,-2.34,0.003686623249,-6.12204428e-05,-0.175,-3.129,-0.733,-3.738,0.6330200159,0.0002436736385
1090,10905417,1,1,-0.053,-2.369,-0.059,-2.34,0.003686623249,-6.12204428e-05,-0.168,-3.123,-0.733,-3.738,0.6409611272,0.000246074364
1091,10916095,1,1,-0.06,-2.369,-0.059,-2.34,-0.0006144372081,-6.12204428e-05,-0.165,-3.122,-0.733,-3.738,0.6443644607,0.0002464744849
1092,10928738,1,1,-0.066,-2.366,-0.059,-2.34,-0.004301060457,-5.488729354e-05,-0.168,-3.122,-0.733,-3.738,0.6409611272,0.0002464744849
1093,10935450,1,1,-0.066,-2.366,-0.059,-2.34,-0.004301060457,-5.488729354e-05,-0.177,-3.115,-0.733,-3.738,0.630751127,0.0002492753313
1094,10948169,1,1,-0.061,-2.368,-0.059,-2.34,-0.001228874416,-5.910939304e-05,-0.177,-3.115,-0.733,-3.738,0.630751127,0.0002492753313
1095,10955233,1,1,-0.061,-2.368,-0.059,-2.34,-0.001228874416,-5.910939304e-05,-0.176,-3.127,-0.733,-3.738,0.6318855715,0.0002444738803
1096,10965609,1,1,-0.061,-2.368,-0.059,-2.34,-0.001228874416,-5.910939304e-05,-0.182,-3.116,-0.733,-3.738,0.6250789046,0.0002488752104
1097,10975325,1,1,-0.052,-2.369,-0.059,-2.34,0.004301060457,-6.12204428e-05,-0.182,-3.116,-0.733,-3.738,0.6250789046,0.0002488752104
1098,10985755,1,1,-0.052,-2.369,-0.059,-2.34,0.004301060457,-6.12204428e-05,-0.167,-3.119,-0.733,-3.738,0.6420955717,0.0002476748476
1099,10995371,1,1,-0.052,-2.369,-0.059,-2.34,0.004301060457,-6.12204428e-05,-0.165,-3.119,-0.733,-3.738,0.6443644607,0.0002476748476
1100,11005697,1,1,-0.049,-2.366,-0.059,-2.34,0.006144372081,-5.488729354e-05,-0.165,-3.119,-0.733,-3.738,0.6443644607,0.0002476748476
1101,11015136,1,1,-0.047,-2.364,-0.059,-2.34,0.007373246497,-5.066519404e-05,-0.169,-3.125,-0.733,-3.738,0.6398266828,0.0002452741221
1102,11025993,1,1,-0.047,-2.364,-0.059,-2.34,0.007373246497,-5.066519404e-05,-0.178,-3.128,-0.733,-3.738,0.6296166825,0.0002440737594
1103,11035703,1,1,-0.051,-2.369,-0.059,-2.34,0.004915497665,-6.12204428e-05,-0.178,-3.128,-0.733,-3.738,0.6296166825,0.0002440737594
1104,11048000,1,1,-0.051,-2.369,-0.059,-2.34,0.004915497665,-6.12204428e-05,-0.166,-3.12,-0.733,-3.738,0.6432300162,0.0002472747267
1105,11055484,1,1,-0.051,-2.369,-0.059,-2.34,0.004915497665,-6.12204428e-05,-0.168,-3.119,-0.733,-3.738,0.6409611272,0.0002476748476
1106,11065217,1,1,-0.055,-2.368,-0.059,-2.34,0.002457748832,-5.910939304e-05,-0.168,-3.119,-0.733,-3.738,0.6409611272,0.0002476748476
1107,11076959,1,1,-0.056,-2.368,-0.059,-2.34,0.001843311624,-5.910939304e-05,-0.169,-3.119,-0.733,-3.738,0.6398266828,0.0002476748476
1108,11085292,1,1,-0.056,-2.368,-0.059,-2.34,0.001843311624,-5.910939304e-05,-0.177,-3.124,-0.733,-3.738,0.630751127,0.000245674243
1109,11096620,1,1,-0.063,-2.368,-0.059,-2.34,-0.002457748832,-5.910939304e-05,-0.177,-3.124,-0.733,-3.738,0.630751127,0.000245674243
1110,11105201,1,1,-0.062,-2.367,-0.059,-2.34,-0.001843311624,-5.699834329e-05,-0.173,-3.119,-0.733,-3.738,0.6352889049,0.0002476748476
1111,11115525,1,1,-0.062,-2.367,-0.059,-2.34,-0.001843311624,-5.699834329e-05,-0.172,-3.12,-0.733,-3.738,0.6364233494,0.0002472747267
1112,11125599,1,1,-0.063,-2.37,-0.059,-2.34,-0.002457748832,-6.333149255e-05,-0.172,-3.12,-0.733,-3.738,0.6364233494,0.0002472747267
1113,11135820,1,1,-0.063,-2.37,-0.059,-2.34,-0.002457748832,-6.333149255e-05,-0.175,-3.121,-0.733,-3.738,0.6330200159,0.0002468746058
1114,11148415,1,1,-0.063,-2.37,-0.059,-2.34,-0.002457748832,-6.333149255e-05,-0.18,-3.126,-0.733,-3.738,0.6273477936,0.0002448740012
1115,11155142,1,1,-0.059,-2.37,-0.059,-2.34,0,-6.333149255e-05,-0.18,-3.126,-0.733,-3.738,0.6273477936,0.0002448740012
1116,11165325,1,1,-0.058,-2.368,-0.059,-2.34,0.0006144372081,-5.910939304e-05,-0.177,-3.119,-0.733,-3.738,0.630751127,0.0002476748476
1117,11175639,1,1,-0.058,-2.368,-0.059,-2.34,0.0006144372081,-5.910939304e-05,-0.174,-3.119,-0.733,-3.738,0.6341544604,0.0002476748476
1118,11185437,1,1,-0.054,-2.368,-0.059,-2.34,0.00307218604,-5.910939304e-05,-0.174,-3.119,-0.733,-3.738,0.6341544604,0.0002476748476
1119,11195214,1,1,-0.053,-2.367,-0.059,-2.34,0.003686623249,-5.699834329e-05,-0.188,-3.124,-0.733,-3.738,0.6182722378,0.000245674243
1120,11205257,1,1,-0.053,-2.367,-0.059,-2.34,0.003686623249,-5.699834329e-05,-0.182,-3.121,-0.733,-3.738,0.6250789046,0.0002468746058
1121,11215203,1,1,-0.053,-2.368,-0.059,-2.34,0.003686623249,-5.910939304e-05,-0.182,-3.121,-0.733,-3.738,0.6250789046,0.0002468746058
1122,11225240,1,1,-0.053,-2.368,-0.059,-2.34,0.003686623249,-5.910939304e-05,-0.175,-3.117,-0.733,-3.738,0.6330200159,0.0002484750895
1123,11235280,1,1,-0.053,-2.368,-0.059,-2.34,0.003686623249,-5.910939304e-05,-0.174,-3.116,-0.733,-3.738,0.6341544604,0.0002488752104
1124,11248140,1,1,-0.056,-2.368,-0.059,-2.34,0.001843311624,-5.910939304e-05,-0.174,-3.116,-0.733,-3.738,0.6341544604,0.0002488752104
1125,11255352,1,1,-0.056,-2.368,-0.059,-2.34,0.001843311624,-5.910939304e-05,-0.191,-3.119,-0.733,-3.738,0.6148689044,0.0002476748476
1126,11265516,1,1,-0.056,-2.368,-0.059,-2.34,0.001843311624,-5.910939304e-05,-0.181,-3.125,-0.733,-3.738,0.6262133491,0.0002452741221
1127,11275424,1,1,-0.059,-2.367,-0.059,-2.34,0,-5.699834329e-05,-0.181,-3.125,-0.733,-3.738,0.6262133491,0.0002452741221
1128,11285154,1,1,-0.059,-2.367,-0.059,-2.34,0,-5.699834329e-05,-0.177,-3.118,-0.733,-3.738,0.630751127,0.0002480749685
1129,11295321,1,1,-0.059,-2.367,-0.059,-2.34,0,-5.699834329e-05,-0.185,-3.116,-0.733,-3.738,0.6216755712,0.0002488752104
1130,11305388,1,1,-0.058,-2.367,-0.059,-2.34,0.0006144372081,-5.699834329e-05,-0.185,-3.116,-0.733,-3.738,0.6216755712,0.0002488752104
1131,11315313,1,1,-0.059,-2.367,-0.059,-2.34,0,-5.699834329e-05,-0.176,-3.119,-0.733,-3.738,0.6318855715,0.0002476748476
1132,11325240,1,1,-0.059,-2.367,-0.059,-2.34,0,-5.699834329e-05,-0.186,-3.126,-0.733,-3.738,0.6205411267,0.0002448740012
1133,11335677,1,1,-0.058,-2.369,-0.059,-2.34,0.0006144372081,-6.12204428e-05,-0.186,-3.126,-0.733,-3.738,0.6205411267,0.0002448740012
1134,11348395,1,1,-0.057,-2.368,-0.059,-2.34,0.001228874416,-5.910939304e-05,-0.181,-3.12,-0.733,-3.738,0.6262133491,0.0002472747267
1135,11355331,1,1,-0.057,-2.368,-0.059,-2.34,0.001228874416,-5.910939304e-05,-0.188,-3.116,-0.733,-3.738,0.6182722378,0.0002488752104
1136,11365507,1,1,-0.057,-2.369,-0.059,-2.34,0.001228874416,-6.12204428e-05,-0.188,-3.116,-0.733,-3.738,0.6182722378,0.0002488752104
1137,11375279,1,1,-0.057,-2.368,-0.059,-2.34,0.001228874416,-5.910939304e-05,-0.18,-3.123,-0.733,-3.738,0.6273477936,0.000246074364
1138,11385480,1,1,-0.056,-2.367,-0.059,-2.34,0.001843311624,-5.699834329e-05,-0.186,-3.124,-0.733,-3.738,0.6205411267,0.000245674243
1139,11395483,1,1,-0.058,-2.369,-0.059,-2.34,0.0006144372081,-6.12204428e-05,-0.186,-3.124,-0.733,-3.738,0.6205411267,0.000245674243
1140,11405401,1,1,-0.058,-2.369,-0.059,-2.34,0.0006144372081,-6.12204428e-05,-0.186,-3.124,-0.733,-3.738,0.6205411267,0.000245674243
1141,11415312,1,1,-0.058,-2.369,-0.059,-2.34,0.0006144372081,-6.12204428e-05,-0.186,-3.124,-0.733,-3.738,0.6205411267,0.000245674243
1142,11425190,1,1,-0.058,-2.369,-0.059,-2.34,0.0006144372081,-6.12204428e-05,-0.186,-3.124,-0.733,-3.738,0.6205411267,0.000245674243
1143,11435359,1,1,-0.057,-2.367,-0.059,-2.34,0.001228874416,-5.699834329e-05,-0.183,-3.119,-0.733,-3.738,0.6239444601,0.0002476748476
1144,11448105,1,1,-0.057,-2.367,-0.059,-2.34,0.001228874416,-5.699834329e-05,-0.191,-3.115,-0.733,-3.738,0.6148689044,0.0002492753313
1145,11455245,1,1,-0.057,-2.368,-0.059,-2.34,0.001228874416,-5.910939304e-05,-0.191,-3.115,-0.733,-3.738,0.6148689044,0.0002492753313
1146,11465480,1,1,-0.056,-2.367,-0.059,-2.34,0.001843311624,-5.699834329e-05,-0.181,-3.121,-0.733,-3.738,0.6262133491,0.0002468746058
1147,11475494,1,1,-0.056,-2.367,-0.059,-2.34,0.001843311624,-5.699834329e-05,-0.184,-3.123,-0.733,-3.738,0.6228100157,0.000246074364
1148,11486007,1,1,-0.055,-2.368,-0.059,-2.34,0.002457748832,-5.910939304e-05,-0.184,-3.123,-0.733,-3.738,0.6228100157,0.000246074364
1149,11495146,1,1,-0.055,-2.368,-0.059,-2.34,0.002457748832,-5.910939304e-05,-0.184,-3.123,-0.733,-3.738,0.6228100157,0.000246074364
1150,11505319,1,1,-0.055,-2.368,-0.059,-2.34,0.002457748832,-5.910939304e-05,-0.18,-3.118,-0.733,-3.738,0.6273477936,0.0002480749685
1151,11515520,1,1,-0.055,-2.368,-0.059,-2.34,0.002457748832,-5.910939304e-05,-0.179,-3.118,-0.733,-3.738,0.628482238,0.0002480749685
1152,11525442,1,1,-0.058,-2.368,-0.059,-2.34,0.0006144372081,-5.910939304e-05,-0.179,-3.118,-0.733,-3.738,0.628482238,0.0002480749685
1153,11535766,1,1,-0.058,-2.367,-0.059,-2.34,0.0006144372081,-5.699834329e-05,-0.179,-3.118,-0.733,-3.738,0.628482238,0.0002480749685
1154,11549286,1,1,-0.058,-2.366,-0.059,-2.34,0.0006144372081,-5.488729354e-05,-0.179,-3.118,-0.733,-3.738,0.628482238,0.0002480749685
1155,11556149,1,1,-0.058,-2.366,-0.059,-2.34,0.0006144372081,-5.488729354e-05,-0.181,-3.12,-0.733,-3.738,0.6262133491,0.0002472747267
1156,11565992,1,1,-0.058,-2.366,-0.059,-2.34,0.0006144372081,-5.488729354e-05,-0.185,-3.127,-0.733,-3.738,0.6216755712,0.0002444738803
1157,11574566,1,1,-0.06,-2.369,-0.059,-2.34,-0.0006144372081,-6.12204428e-05,-0.185,-3.127,-0.733,-3.738,0.6216755712,0.0002444738803
1158,11585965,1,1,-0.059,-2.368,-0.059,-2.34,0,-5.910939304e-05,-0.18,-3.121,-0.733,-3.738,0.6273477936,0.0002468746058
1159,11595833,1,1,-0.059,-2.368,-0.059,-2.34,0,-5.910939304e-05,-0.197,-3.12,-0.733,-3.738,0.6080622375,0.0002472747267
1160,11605148,1,1,-0.06,-2.369,-0.059,-2.34,-0.0006144372081,-6.12204428e-05,-0.197,-3.12,-0.733,-3.738,0.6080622375,0.0002472747267
1161,11616117,1,1,-0.06,-2.369,-0.059,-2.34,-0.0006144372081,-6.12204428e-05,-0.184,-3.128,-0.733,-3.738,0.6228100157,0.0002440737594
1162,11625525,1,1,-0.06,-2.369,-0.059,-2.34,-0.0006144372081,-6.12204428e-05,-0.181,-3.12,-0.733,-3.738,0.6262133491,0.0002472747267
1163,11636906,1,1,-0.056,-2.367,-0.059,-2.34,0.001843311624,-5.699834329e-05,-0.188,-3.127,-0.733,-3.738,0.6182722378,0.0002444738803
1164,11648462,1,1,-0.056,-2.367,-0.059,-2.34,0.001843311624,-5.699834329e-05,-0.181,-3.12,-0.733,-3.738,0.6262133491,0.0002472747267
1165,11656650,1,1,-0.056,-2.367,-0.059,-2.34,0.001843311624,-5.699834329e-05,-0.187,-3.117,-0.733,-3.738,0.6194066823,0.0002484750895
1166,11665472,1,1,-0.057,-2.368,-0.059,-2.34,0.001228874416,-5.910939304e-05,-0.187,-3.117,-0.733,-3.738,0.6194066823,0.0002484750895
1167,11675127,1,1,-0.057,-2.368,-0.059,-2.34,0.001228874416,-5.910939304e-05,-0.187,-3.117,-0.733,-3.738,0.6194066823,0.0002484750895
1168,11685525,1,1,-0.057,-2.368,-0.059,-2.34,0.001228874416,-5.910939304e-05,-0.187,-3.117,-0.733,-3.738,0.6194066823,0.0002484750895
1169,11695284,1,1,-0.054,-2.368,-0.059,-2.34,0.00307218604,-5.910939304e-05,-0.187,-3.117,-0.733,-3.738,0.6194066823,0.0002484750895
1170,11704901,1,1,-0.053,-2.366,-0.059,-2.34,0.003686623249,-5.488729354e-05,-0.183,-3.124,-0.733,-3.738,0.6239444601,0.000245674243
1171,11714904,1,1,-0.053,-2.366,-0.059,-2.34,0.003686623249,-5.488729354e-05,-0.197,-3.125,-0.733,-3.738,0.6080622375,0.0002452741221
1172,11724942,1,1,-0.054,-2.366,-0.059,-2.34,0.00307218604,-5.488729354e-05,-0.197,-3.125,-0.733,-3.738,0.6080622375,0.0002452741221
1173,11735329,1,1,-0.055,-2.367,-0.059,-2.34,0.002457748832,-5.699834329e-05,-0.197,-3.125,-0.733,-3.738,0.6080622375,0.0002452741221
1174,11746885,1,1,-0.055,-2.367,-0.059,-2.34,0.002457748832,-5.699834329e-05,-0.197,-3.125,-0.733,-3.738,0.6080622375,0.0002452741221
1175,11755190,1,1,-0.058,-2.368,-0.059,-2.34,0.0006144372081,-5.910939304e-05,-0.197,-3.125,-0.733,-3.738,0.6080622375,0.0002452741221
1176,11764903,1,1,-0.06,-2.368,-0.059,-2.34,-0.0006144372081,-5.910939304e-05,-0.197,-3.125,-0.733,-3.738,0.6080622375,0.0002452741221
1177,11774939,1,1,-0.06,-2.368,-0.059,-2.34,-0.0006144372081,-5.910939304e-05,-0.197,-3.125,-0.733,-3.738,0.6080622375,0.0002452741221
1178,11785273,1,1,-0.061,-2.369,-0.059,-2.34,-0.001228874416,-6.12204428e-05,-0.197,-3.125,-0.733,-3.738,0.6080622375,0.0002452741221
1179,11794948,1,1,-0.061,-2.369,-0.059,-2.34,-0.001228874416,-6.12204428e-05,-0.185,-3.119,-0.733,-3.738,0.6216755712,0.0002476748476
1180,11805612,1,1,-0.061,-2.369,-0.059,-2.34,-0.001228874416,-6.12204428e-05,-0.188,-3.116,-0.733,-3.738,0.6182722378,0.0002488752104
1181,11815109,1,1,-0.06,-2.369,-0.059,-2.34,-0.0006144372081,-6.12204428e-05,-0.188,-3.116,-0.733,-3.738,0.6182722378,0.0002488752104
1182,11824946,1,1,-0.059,-2.369,-0.059,-2.34,0,-6.12204428e-05,-0.2,-3.128,-0.733,-3.738,0.6046589041,0.0002440737594
1183,11835134,1,1,-0.059,-2.369,-0.059,-2.34,0,-6.12204428e-05,-0.184,-3.118,-0.733,-3.738,0.6228100157,0.0002480749685
1184,11847005,1,1,-0.057,-2.368,-0.059,-2.34,0.001228874416,-5.910939304e-05,-0.189,-3.121,-0.733,-3.738,0.6171377933,0.0002468746058
1185,11855274,1,1,-0.057,-2.368,-0.059,-2.34,0.001228874416,-5.910939304e-05,-0.189,-3.121,-0.733,-3.738,0.6171377933,0.0002468746058
1186,11865178,1,1,-0.057,-2.368,-0.059,-2.34,0.001228874416,-5.910939304e-05,-0.189,-3.121,-0.733,-3.738,0.6171377933,0.0002468746058
1187,11874842,1,1,-0.055,-2.367,-0.059,-2.34,0.002457748832,-5.699834329e-05,-0.189,-3.121,-0.733,-3.738,0.6171377933,0.0002468746058
1188,11884858,1,1,-0.054,-2.367,-0.059,-2.34,0.00307218604,-5.699834329e-05,-0.189,-3.121,-0.733,-3.738,0.6171377933,0.0002468746058
1189,11894896,1,1,-0.054,-2.367,-0.059,-2.34,0.00307218604,-5.699834329e-05,-0.183,-3.119,-0.733,-3.738,0.6239444601,0.0002476748476
1190,11905382,1,1,-0.055,-2.367,-0.059,-2.34,0.002457748832,-5.699834329e-05,-0.185,-3.119,-0.733,-3.738,0.6216755712,0.0002476748476
1191,11916118,1,1,-0.055,-2.367,-0.059,-2.34,0.002457748832,-5.699834329e-05,-0.186,-3.119,-0.733,-3.738,0.6205411267,0.0002476748476
1192,11925439,1,1,-0.055,-2.367,-0.059,-2.34,0.002457748832,-5.699834329e-05,-0.193,-3.123,-0.733,-3.738,0.6126000154,0.000246074364
1193,11935336,1,1,-0.056,-2.367,-0.059,-2.34,0.001843311624,-5.699834329e-05,-0.193,-3.123,-0.733,-3.738,0.6126000154,0.000246074364
1194,11948647,1,1,-0.057,-2.367,-0.059,-2.34,0.001228874416,-5.699834329e-05,-0.186,-3.116,-0.733,-3.738,0.6205411267,0.0002488752104
1195,11954911,1,1,-0.057,-2.367,-0.059,-2.34,0.001228874416,-5.699834329e-05,-0.186,-3.116,-0.733,-3.738,0.6205411267,0.0002488752104
1196,11965078,1,1,-0.059,-2.368,-0.059,-2.34,0,-5.910939304e-05,-0.201,-3.124,-0.733,-3.738,0.6035244596,0.000245674243
1197,11975609,1,1,-0.059,-2.368,-0.059,-2.34,0,-5.910939304e-05,-0.188,-3.117,-0.733,-3.738,0.6182722378,0.0002484750895
1198,11984841,1,1,-0.059,-2.368,-0.059,-2.34,0,-5.910939304e-05,-0.197,-3.124,-0.733,-3.738,0.6080622375,0.000245674243
1199,11995484,1,1,-0.059,-2.369,-0.059,-2.34,0,-6.12204428e-05,-0.197,-3.124,-0.733,-3.738,0.6080622375,0.000245674243
1200,12005096,1,1,-0.043,-2.185,-0.059,-2.34,0.00983099533,0.0003272127115,-0.191,-3.119,-0.733,-3.738,0.6148689044,0.0002476748476
1201,12015080,1,1,-0.043,-2.185,-0.059,-2.34,0.00983099533,0.0003272127115,-0.191,-3.115,-0.733,-3.738,0.6148689044,0.0002492753313
1202,12025101,1,1,-0.059,-2.369,-0.059,-2.34,0,-6.12204428e-05,-0.191,-3.115,-0.733,-3.738,0.6148689044,0.0002492753313
1203,12035988,1,1,-0.059,-2.369,-0.059,-2.34,0,-6.12204428e-05,-0.187,-3.118,-0.733,-3.738,0.6194066823,0.0002480749685
1204,12049892,1,1,-0.059,-2.369,-0.059,-2.34,0,-6.12204428e-05,-0.195,-3.124,-0.733,-3.738,0.6103311265,0.000245674243
1205,12055694,1,1,-0.057,-2.369,-0.059,-2.34,0.001228874416,-6.12204428e-05,-0.195,-3.124,-0.733,-3.738,0.6103311265,0.000245674243
1206,12065233,1,1,-0.056,-2.366,-0.059,-2.34,0.001843311624,-5.488729354e-05,-0.19,-3.119,-0.733,-3.738,0.6160033488,0.0002476748476
1207,12075740,1,1,-0.056,-2.366,-0.059,-2.34,0.001843311624,-5.488729354e-05,-0.191,-3.115,-0.733,-3.738,0.6148689044,0.0002492753313
1208,12085917,1,1,-0.056,-2.368,-0.059,-2.34,0.001843311624,-5.910939304e-05,-0.191,-3.115,-0.733,-3.738,0.6148689044,0.0002492753313
1209,12095772,1,1,-0.055,-2.367,-0.059,-2.34,0.002457748832,-5.699834329e-05,-0.191,-3.115,-0.733,-3.738,0.6148689044,0.0002492753313
1210,12106258,1,1,-0.055,-2.367,-0.059,-2.34,0.002457748832,-5.699834329e-05,-0.191,-3.115,-0.733,-3.738,0.6148689044,0.0002492753313
1211,12115454,1,1,-0.056,-2.367,-0.059,-2.34,0.001843311624,-5.699834329e-05,-0.191,-3.115,-0.733,-3.738,0.6148689044,0.0002492753313
1212,12125102,1,1,-0.056,-2.366,-0.059,-2.34,0.001843311624,-5.488729354e-05,-0.19,-3.123,-0.733,-3.738,0.6160033488,0.000246074364
1213,12135261,1,1,-0.056,-2.366,-0.059,-2.34,0.001843311624,-5.488729354e-05,-0.195,-3.126,-0.733,-3.738,0.6103311265,0.0002448740012
1214,12148081,1,1,-0.056,-2.366,-0.059,-2.34,0.001843311624,-5.488729354e-05,-0.195,-3.126,-0.733,-3.738,0.6103311265,0.0002448740012
1215,12155027,1,1,-0.056,-2.366,-0.059,-2.34,0.001843311624,-5.488729354e-05,-0.19,-3.119,-0.733,-3.738,0.6160033488,0.0002476748476
1216,12165259,1,1,-0.056,-2.366,-0.059,-2.34,0.001843311624,-5.488729354e-05,-0.192,-3.116,-0.733,-3.738,0.6137344599,0.0002488752104
1217,12175988,1,1,-0.057,-2.368,-0.059,-2.34,0.001228874416,-5.910939304e-05,-0.192,-3.116,-0.733,-3.738,0.6137344599,0.0002488752104
1218,12185275,1,1,-0.056,-2.366,-0.059,-2.34,0.001843311624,-5.488729354e-05,-0.192,-3.116,-0.733,-3.738,0.6137344599,0.0002488752104
1219,12195032,1,1,-0.056,-2.366,-0.059,-2.34,0.001843311624,-5.488729354e-05,-0.187,-3.119,-0.733,-3.738,0.6194066823,0.0002476748476
1220,12204961,1,1,-0.057,-2.368,-0.059,-2.34,0.001228874416,-5.910939304e-05,-0.192,-3.122,-0.733,-3.738,0.6137344599,0.0002464744849
1221,12215263,1,1,-0.057,-2.366,-0.059,-2.34,0.001228874416,-5.488729354e-05,-0.191,-3.121,-0.733,-3.738,0.6148689044,0.0002468746058
1222,12225546,1,1,-0.057,-2.366,-0.059,-2.34,0.001228874416,-5.488729354e-05,-0.19,-3.121,-0.733,-3.738,0.6160033488,0.0002468746058
1223,12235569,1,1,-0.058,-2.368,-0.059,-2.34,0.0006144372081,-5.910939304e-05,-0.19,-3.121,-0.733,-3.738,0.6160033488,0.0002468746058
1224,12248888,1,1,-0.057,-2.366,-0.059,-2.34,0.001228874416,-5.488729354e-05,-0.19,-3.123,-0.733,-3.738,0.6160033488,0.000246074364
1225,12255192,1,1,-0.057,-2.366,-0.059,-2.34,0.001228874416,-5.488729354e-05,-0.198,-3.129,-0.733,-3.738,0.6069277931,0.0002436736385
1226,12265443,1,1,-0.059,-2.368,-0.059,-2.34,0,-5.910939304e-05,-0.198,-3.129,-0.733,-3.738,0.6069277931,0.0002436736385
1227,12275284,1,1,-0.058,-2.367,-0.059,-2.34,0.0006144372081,-5.699834329e-05,-0.193,-3.121,-0.733,-3.738,0.6126000154,0.0002468746058
1228,12285465,1,1,-0.058,-2.367,-0.059,-2.34,0.0006144372081,-5.699834329e-05,-0.191,-3.121,-0.733,-3.738,0.6148689044,0.0002468746058
1229,12295666,1,1,-0.059,-2.368,-0.059,-2.34,0,-5.910939304e-05,-0.191,-3.121,-0.733,-3.738,0.6148689044,0.0002468746058
1230,12305185,1,1,-0.057,-2.366,-0.059,-2.34,0.001228874416,-5.488729354e-05,-0.202,-3.129,-0.733,-3.738,0.6023900152,0.0002436736385
1231,12315006,1,1,-0.057,-2.366,-0.059,-2.34,0.001228874416,-5.488729354e-05,-0.194,-3.125,-0.733,-3.738,0.6114655709,0.0002452741221
1232,12324917,1,1,-0.058,-2.368,-0.059,-2.34,0.0006144372081,-5.910939304e-05,-0.194,-3.125,-0.733,-3.738,0.6114655709,0.0002452741221
1233,12336372,1,1,-0.058,-2.368,-0.059,-2.34,0.0006144372081,-5.910939304e-05,-0.191,-3.122,-0.733,-3.738,0.6148689044,0.0002464744849
1234,12352116,1,1,-0.057,-2.369,-0.059,-2.34,0.001228874416,-6.12204428e-05,-0.19,-3.119,-0.733,-3.738,0.6160033488,0.0002476748476
1235,12357396,1,1,-0.056,-2.368,-0.059,-2.34,0.001843311624,-5.910939304e-05,-0.19,-3.119,-0.733,-3.738,0.6160033488,0.0002476748476
1236,12365164,1,1,-0.056,-2.368,-0.059,-2.34,0.001843311624,-5.910939304e-05,-0.201,-3.131,-0.733,-3.738,0.6035244596,0.0002428733966
1237,12375510,1,1,-0.056,-2.368,-0.059,-2.34,0.001843311624,-5.910939304e-05,-0.196,-3.123,-0.733,-3.738,0.609196682,0.000246074364
1238,12385268,1,1,-0.056,-2.368,-0.059,-2.34,0.001843311624,-5.910939304e-05,-0.196,-3.123,-0.733,-3.738,0.609196682,0.000246074364
1239,12395024,1,1,-0.056,-2.368,-0.059,-2.34,0.001843311624,-5.910939304e-05,-0.193,-3.119,-0.733,-3.738,0.6126000154,0.0002476748476
1240,12404962,1,1,-0.056,-2.368,-0.059,-2.34,0.001843311624,-5.910939304e-05,-0.193,-3.119,-0.733,-3.738,0.6126000154,0.0002476748476
1241,12415027,1,1,-0.056,-2.368,-0.059,-2.34,0.001843311624,-5.910939304e-05,-0.193,-3.119,-0.733,-3.738,0.6126000154,0.0002476748476
1242,12425397,1,1,-0.055,-2.366,-0.059,-2.34,0.002457748832,-5.488729354e-05,-0.192,-3.12,-0.733,-3.738,0.6137344599,0.0002472747267
1243,12435187,1,1,-0.055,-2.366,-0.059,-2.34,0.002457748832,-5.488729354e-05,-0.197,-3.125,-0.733,-3.738,0.6080622375,0.0002452741221
1244,12448299,1,1,-0.058,-2.367,-0.059,-2.34,0.0006144372081,-5.699834329e-05,-0.197,-3.125,-0.733,-3.738,0.6080622375,0.0002452741221
1245,12455033,1,1,-0.058,-2.367,-0.059,-2.34,0.0006144372081,-5.699834329e-05,-0.195,-3.119,-0.733,-3.738,0.6103311265,0.0002476748476
1246,12465383,1,1,-0.058,-2.367,-0.059,-2.34,0.0006144372081,-5.699834329e-05,-0.192,-3.12,-0.733,-3.738,0.6137344599,0.0002472747267
1247,12474939,1,1,-0.059,-2.368,-0.059,-2.34,0,-5.910939304e-05,-0.192,-3.12,-0.733,-3.738,0.6137344599,0.0002472747267
1248,12485305,1,1,-0.059,-2.366,-0.059,-2.34,0,-5.488729354e-05,-0.205,-3.129,-0.733,-3.738,0.5989866817,0.0002436736385
1249,12495054,1,1,-0.059,-2.366,-0.059,-2.34,0,-5.488729354e-05,-0.198,-3.125,-0.733,-3.738,0.6069277931,0.0002452741221
1250,12505620,1,1,-0.059,-2.366,-0.059,-2.34,0,-5.488729354e-05,-0.198,-3.125,-0.733,-3.738,0.6069277931,0.0002452741221
1251,12515468,1,1,-0.059,-2.366,-0.059,-2.34,0,-5.488729354e-05,-0.197,-3.121,-0.733,-3.738,0.6080622375,0.0002468746058
1252,12525114,1,1,-0.059,-2.366,-0.059,-2.34,0,-5.488729354e-05,-0.193,-3.119,-0.733,-3.738,0.6126000154,0.0002476748476
1253,12534884,1,1,-0.059,-2.368,-0.059,-2.34,0,-5.910939304e-05,-0.193,-3.119,-0.733,-3.738,0.6126000154,0.0002476748476
1254,12546596,1,1,-0.059,-2.367,-0.059,-2.34,0,-5.699834329e-05,-0.194,-3.119,-0.733,-3.738,0.6114655709,0.0002476748476
1255,12554928,1,1,-0.059,-2.367,-0.059,-2.34,0,-5.699834329e-05,-0.198,-3.124,-0.733,-3.738,0.6069277931,0.000245674243
1256,12565035,1,1,-0.057,-2.367,-0.059,-2.34,0.001228874416,-5.699834329e-05,-0.198,-3.124,-0.733,-3.738,0.6069277931,0.000245674243
1257,12576051,1,1,-0.058,-2.368,-0.059,-2.34,0.0006144372081,-5.910939304e-05,-0.193,-3.118,-0.733,-3.738,0.6126000154,0.0002480749685
1258,12585779,1,1,-0.058,-2.368,-0.059,-2.34,0.0006144372081,-5.910939304e-05,-0.194,-3.118,-0.733,-3.738,0.6114655709,0.0002480749685
1259,12594977,1,1,-0.058,-2.368,-0.059,-2.34,0.0006144372081,-5.910939304e-05,-0.194,-3.118,-0.733,-3.738,0.6114655709,0.0002480749685
1260,12604955,1,1,-0.058,-2.368,-0.059,-2.34,0.0006144372081,-5.910939304e-05,-0.202,-3.117,-0.733,-3.738,0.6023900152,0.0002484750895
1261,12615271,1,1,-0.058,-2.368,-0.059,-2.34,0.0006144372081,-5.910939304e-05,-0.198,-3.124,-0.733,-3.738,0.6069277931,0.000245674243
1262,12624968,1,1,-0.056,-2.368,-0.059,-2.34,0.001843311624,-5.910939304e-05,-0.198,-3.124,-0.733,-3.738,0.6069277931,0.000245674243
1263,12635504,1,1,-0.056,-2.368,-0.059,-2.34,0.001843311624,-5.910939304e-05,-0.195,-3.117,-0.733,-3.738,0.6103311265,0.0002484750895
1264,12647959,1,1,-0.056,-2.368,-0.059,-2.34,0.001843311624,-5.910939304e-05,-0.194,-3.119,-0.733,-3.738,0.6114655709,0.0002476748476
1265,12657726,1,1,-0.055,-2.366,-0.059,-2.34,0.002457748832,-5.488729354e-05,-0.194,-3.119,-0.733,-3.738,0.6114655709,0.0002476748476
1266,12664879,1,1,-0.055,-2.366,-0.059,-2.34,0.002457748832,-5.488729354e-05,-0.201,-3.124,-0.733,-3.738,0.6035244596,0.000245674243
1267,12675177,1,1,-0.055,-2.366,-0.059,-2.34,0.002457748832,-5.488729354e-05,-0.209,-3.125,-0.733,-3.738,0.5944489039,0.0002452741221
1268,12685771,1,1,-0.057,-2.368,-0.059,-2.34,0.001228874416,-5.910939304e-05,-0.209,-3.125,-0.733,-3.738,0.5944489039,0.0002452741221
1269,12694995,1,1,-0.057,-2.368,-0.059,-2.34,0.001228874416,-5.910939304e-05,-0.197,-3.118,-0.733,-3.738,0.6080622375,0.0002480749685
1270,12704921,1,1,-0.057,-2.368,-0.059,-2.34,0.001228874416,-5.910939304e-05,-0.193,-3.119,-0.733,-3.738,0.6126000154,0.0002476748476
1271,12715368,1,1,-0.057,-2.367,-0.059,-2.34,0.001228874416,-5.699834329e-05,-0.193,-3.119,-0.733,-3.738,0.6126000154,0.0002476748476
1272,12724945,1,1,-0.059,-2.368,-0.059,-2.34,0,-5.910939304e-05,-0.193,-3.119,-0.733,-3.738,0.6126000154,0.0002476748476
1273,12735054,1,1,-0.059,-2.368,-0.059,-2.34,0,-5.910939304e-05,-0.193,-3.119,-0.733,-3.738,0.6126000154,0.0002476748476
1274,12748054,1,1,-0.059,-2.368,-0.059,-2.34,0,-5.910939304e-05,-0.193,-3.119,-0.733,-3.738,0.6126000154,0.0002476748476
1275,12756996,1,1,-0.058,-2.367,-0.059,-2.34,0.0006144372081,-5.699834329e-05,-0.195,-3.121,-0.733,-3.738,0.6103311265,0.0002468746058
1276,12765722,1,1,-0.058,-2.367,-0.059,-2.34,0.0006144372081,-5.699834329e-05,-0.2,-3.128,-0.733,-3.738,0.6046589041,0.0002440737594
1277,12774854,1,1,-0.058,-2.368,-0.059,-2.34,0.0006144372081,-5.910939304e-05,-0.2,-3.128,-0.733,-3.738,0.6046589041,0.0002440737594
1278,12785666,1,1,-0.058,-2.369,-0.059,-2.34,0.0006144372081,-6.12204428e-05,-0.195,-3.122,-0.733,-3.738,0.6103311265,0.0002464744849
1279,12794913,1,1,-0.058,-2.369,-0.059,-2.34,0.0006144372081,-6.12204428e-05,-0.203,-3.118,-0.733,-3.738,0.6012555707,0.0002480749685
1280,12805109,1,1,-0.057,-2.368,-0.059,-2.34,0.001228874416,-5.910939304e-05,-0.203,-3.118,-0.733,-3.738,0.6012555707,0.0002480749685
1281,12815193,1,1,-0.057,-2.368,-0.059,-2.34,0.001228874416,-5.910939304e-05,-0.203,-3.118,-0.733,-3.738,0.6012555707,0.0002480749685
1282,12824962,1,1,-0.057,-2.368,-0.059,-2.34,0.001228874416,-5.910939304e-05,-0.196,-3.12,-0.733,-3.738,0.609196682,0.0002472747267
1283,12834929,1,1,-0.057,-2.368,-0.059,-2.34,0.001228874416,-5.910939304e-05,-0.208,-3.127,-0.733,-3.738,0.5955833483,0.0002444738803
1284,12847832,1,1,-0.056,-2.367,-0.059,-2.34,0.001843311624,-5.699834329e-05,-0.195,-3.12,-0.733,-3.738,0.6103311265,0.0002472747267
1285,12856797,1,1,-0.056,-2.367,-0.059,-2.34,0.001843311624,-5.699834329e-05,-0.194,-3.121,-0.733,-3.738,0.6114655709,0.0002468746058
1286,12866024,1,1,-0.057,-2.368,-0.059,-2.34,0.001228874416,-5.910939304e-05,-0.21,-3.128,-0.733,-3.738,0.5933144594,0.0002440737594
1287,12874896,1,1,-0.057,-2.368,-0.059,-2.34,0.001228874416,-5.910939304e-05,-0.206,-3.129,-0.733,-3.738,0.5978522373,0.0002436736385
1288,12886085,1,1,-0.057,-2.368,-0.059,-2.34,0.001228874416,-5.910939304e-05,-0.201,-3.124,-0.733,-3.738,0.6035244596,0.000245674243
1289,12894887,1,1,-0.057,-2.368,-0.059,-2.34,0.001228874416,-5.910939304e-05,-0.201,-3.124,-0.733,-3.738,0.6035244596,0.000245674243
1290,12904977,1,1,-0.058,-2.367,-0.059,-2.34,0.0006144372081,-5.699834329e-05,-0.196,-3.121,-0.733,-3.738,0.609196682,0.0002468746058
1291,12914918,1,1,-0.058,-2.367,-0.059,-2.34,0.0006144372081,-5.699834329e-05,-0.211,-3.129,-0.733,-3.738,0.5921800149,0.0002436736385
1292,12925104,1,1,-0.058,-2.368,-0.059,-2.34,0.0006144372081,-5.910939304e-05,-0.211,-3.129,-0.733,-3.738,0.5921800149,0.0002436736385
1293,12935188,1,1,-0.057,-2.365,-0.059,-2.34,0.001228874416,-5.277624379e-05,-0.204,-3.128,-0.733,-3.738,0.6001211262,0.0002440737594
1294,12947650,1,1,-0.057,-2.365,-0.059,-2.34,0.001228874416,-5.277624379e-05,-0.211,-3.127,-0.733,-3.738,0.5921800149,0.0002444738803
1295,12956821,1,1,-0.058,-2.368,-0.059,-2.34,0.0006144372081,-5.910939304e-05,-0.211,-3.127,-0.733,-3.738,0.5921800149,0.0002444738803
1296,12965669,1,1,-0.058,-2.368,-0.059,-2.34,0.0006144372081,-5.910939304e-05,-0.195,-3.122,-0.733,-3.738,0.6103311265,0.0002464744849
1297,12974943,1,1,-0.058,-2.368,-0.059,-2.34,0.0006144372081,-5.910939304e-05,-0.212,-3.129,-0.733,-3.738,0.5910455704,0.0002436736385
1298,12985705,1,1,-0.058,-2.368,-0.059,-2.34,0.0006144372081,-5.910939304e-05,-0.212,-3.129,-0.733,-3.738,0.5910455704,0.0002436736385
1299,12995109,1,1,-0.058,-2.368,-0.059,-2.34,0.0006144372081,-5.910939304e-05,-0.205,-3.128,-0.733,-3.738,0.5989866817,0.0002440737594
1300,13004958,1,1,-0.058,-2.368,-0.059,-2.34,0.0006144372081,-5.910939304e-05,-0.21,-3.126,-0.733,-3.738,0.5933144594,0.0002448740012
1301,13015093,1,1,-0.058,-2.368,-0.059,-2.34,0.0006144372081,-5.910939304e-05,-0.21,-3.126,-0.733,-3.738,0.5933144594,0.0002448740012
1302,13025313,1,1,-0.057,-2.366,-0.059,-2.34,0.001228874416,-5.488729354e-05,-0.21,-3.126,-0.733,-3.738,0.5933144594,0.0002448740012
1303,13035670,1,1,-0.057,-2.366,-0.059,-2.34,0.001228874416,-5.488729354e-05,-0.21,-3.126,-0.733,-3.738,0.5933144594,0.0002448740012
1304,13049662,1,1,-0.058,-2.368,-0.059,-2.34,0.0006144372081,-5.910939304e-05,-0.21,-3.126,-0.733,-3.738,0.5933144594,0.0002448740012
1305,13056883,1,1,-0.058,-2.368,-0.059,-2.34,0.0006144372081,-5.910939304e-05,-0.196,-3.12,-0.733,-3.738,0.609196682,0.0002472747267
1306,13065149,1,1,-0.058,-2.368,-0.059,-2.34,0.0006144372081,-5.910939304e-05,-0.215,-3.12,-0.733,-3.738,0.587642237,0.0002472747267
1307,13075552,1,1,-0.058,-2.368,-0.059,-2.34,0.0006144372081,-5.910939304e-05,-0.215,-3.12,-0.733,-3.738,0.587642237,0.0002472747267
1308,13085103,1,1,-0.058,-2.368,-0.059,-2.34,0.0006144372081,-5.910939304e-05,-0.205,-3.125,-0.733,-3.738,0.5989866817,0.0002452741221
1309,13095078,1,1,-0.058,-2.368,-0.059,-2.34,0.0006144372081,-5.910939304e-05,-0.197,-3.12,-0.733,-3.738,0.6080622375,0.0002472747267
1310,13105130,1,1,-0.057,-2.368,-0.059,-2.34,0.001228874416,-5.910939304e-05,-0.201,-3.122,-0.733,-3.738,0.6035244596,0.0002464744849
1311,13115767,1,1,-0.056,-2.366,-0.059,-2.34,0.001843311624,-5.488729354e-05,-0.198,-3.118,-0.733,-3.738,0.6069277931,0.0002480749685
1312,13126148,1,1,-0.056,-2.367,-0.059,-2.34,0.001843311624,-5.699834329e-05,-0.214,-3.126,-0.733,-3.738,0.5887766815,0.0002448740012
1313,13135540,1,1,-0.057,-2.368,-0.059,-2.34,0.001228874416,-5.910939304e-05,-0.214,-3.126,-0.733,-3.738,0.5887766815,0.0002448740012
1314,13147727,1,1,-0.057,-2.368,-0.059,-2.34,0.001228874416,-5.910939304e-05,-0.205,-3.127,-0.733,-3.738,0.5989866817,0.0002444738803
1315,13154936,1,1,-0.057,-2.368,-0.059,-2.34,0.001228874416,-5.910939304e-05,-0.205,-3.127,-0.733,-3.738,0.5989866817,0.0002444738803
1316,13165407,1,1,-0.058,-2.367,-0.059,-2.34,0.0006144372081,-5.699834329e-05,-0.205,-3.127,-0.733,-3.738,0.5989866817,0.0002444738803
1317,13175191,1,1,-0.058,-2.368,-0.059,-2.34,0.0006144372081,-5.910939304e-05,-0.198,-3.119,-0.733,-3.738,0.6069277931,0.0002476748476
1318,13184992,1,1,-0.059,-2.368,-0.059,-2.34,0,-5.910939304e-05,-0.206,-3.125,-0.733,-3.738,0.5978522373,0.0002452741221
1319,13194971,1,1,-0.059,-2.368,-0.059,-2.34,0,-5.910939304e-05,-0.206,-3.125,-0.733,-3.738,0.5978522373,0.0002452741221
1320,13205077,1,1,-0.059,-2.368,-0.059,-2.34,0,-5.910939304e-05,-0.202,-3.12,-0.733,-3.738,0.6023900152,0.0002472747267
1321,13214929,1,1,-0.059,-2.368,-0.059,-2.34,0,-5.910939304e-05,-0.199,-3.119,-0.733,-3.738,0.6057933486,0.0002476748476
1322,13226171,1,1,-0.058,-2.367,-0.059,-2.34,0.0006144372081,-5.699834329e-05,-0.199,-3.119,-0.733,-3.738,0.6057933486,0.0002476748476
1323,13235242,1,1,-0.058,-2.367,-0.059,-2.34,0.0006144372081,-5.699834329e-05,-0.201,-3.123,-0.733,-3.738,0.6035244596,0.000246074364
1324,13247380,1,1,-0.058,-2.367,-0.059,-2.34,0.0006144372081,-5.699834329e-05,-0.203,-3.121,-0.733,-3.738,0.6012555707,0.0002468746058
1325,13255246,1,1,-0.058,-2.367,-0.059,-2.34,0.0006144372081,-5.699834329e-05,-0.203,-3.121,-0.733,-3.738,0.6012555707,0.0002468746058
1326,13265099,1,1,-0.058,-2.367,-0.059,-2.34,0.0006144372081,-5.699834329e-05,-0.201,-3.119,-0.733,-3.738,0.6035244596,0.0002476748476
1327,13276267,1,1,-0.058,-2.367,-0.059,-2.34,0.0006144372081,-5.699834329e-05,-0.198,-3.119,-0.733,-3.738,0.6069277931,0.0002476748476
1328,13285021,1,1,-0.057,-2.367,-0.059,-2.34,0.001228874416,-5.699834329e-05,-0.198,-3.119,-0.733,-3.738,0.6069277931,0.0002476748476
1329,13295054,1,1,-0.057,-2.367,-0.059,-2.34,0.001228874416,-5.699834329e-05,-0.198,-3.119,-0.733,-3.738,0.6069277931,0.0002476748476
1330,13304875,1,1,-0.057,-2.367,-0.059,-2.34,0.001228874416,-5.699834329e-05,-0.198,-3.119,-0.733,-3.738,0.6069277931,0.0002476748476
1331,13314834,1,1,-0.057,-2.367,-0.059,-2.34,0.001228874416,-5.699834329e-05,-0.198,-3.119,-0.733,-3.738,0.6069277931,0.0002476748476
1332,13325003,1,1,-0.057,-2.367,-0.059,-2.34,0.001228874416,-5.699834329e-05,-0.204,-3.128,-0.733,-3.738,0.6001211262,0.0002440737594
1333,13335890,1,1,-0.057,-2.368,-0.059,-2.34,0.001228874416,-5.910939304e-05,-0.214,-3.129,-0.733,-3.738,0.5887766815,0.0002436736385
1334,13346873,1,1,-0.058,-2.367,-0.059,-2.34,0.0006144372081,-5.699834329e-05,-0.214,-3.129,-0.733,-3.738,0.5887766815,0.0002436736385
1335,13355476,1,1,-0.058,-2.367,-0.059,-2.34,0.0006144372081,-5.699834329e-05,-0.204,-3.12,-0.733,-3.738,0.6001211262,0.0002472747267
1336,13365406,1,1,-0.058,-2.367,-0.059,-2.34,0.0006144372081,-5.699834329e-05,-0.204,-3.12,-0.733,-3.738,0.6001211262,0.0002472747267
1337,13375098,1,1,-0.059,-2.368,-0.059,-2.34,0,-5.910939304e-05,-0.204,-3.12,-0.733,-3.738,0.6001211262,0.0002472747267
1338,13385494,1,1,-0.058,-2.367,-0.059,-2.34,0.0006144372081,-5.699834329e-05,-0.204,-3.12,-0.733,-3.738,0.6001211262,0.0002472747267
1339,13395362,1,1,-0.058,-2.367,-0.059,-2.34,0.0006144372081,-5.699834329e-05,-0.204,-3.12,-0.733,-3.738,0.6001211262,0.0002472747267
1340,13404881,1,1,-0.059,-2.368,-0.059,-2.34,0,-5.910939304e-05,-0.204,-3.12,-0.733,-3.738,0.6001211262,0.0002472747267
1341,13415425,1,1,-0.059,-2.368,-0.059,-2.34,0,-5.910939304e-05,-0.204,-3.12,-0.733,-3.738,0.6001211262,0.0002472747267
1342,13425612,1,1,-0.059,-2.368,-0.059,-2.34,0,-5.910939304e-05,-0.204,-3.12,-0.733,-3.738,0.6001211262,0.0002472747267
1343,13435078,1,1,-0.058,-2.368,-0.059,-2.34,0.0006144372081,-5.910939304e-05,-0.204,-3.12,-0.733,-3.738,0.6001211262,0.0002472747267
1344,13447065,1,1,-0.057,-2.366,-0.059,-2.34,0.001228874416,-5.488729354e-05,-0.199,-3.119,-0.733,-3.738,0.6057933486,0.0002476748476
1345,13455259,1,1,-0.057,-2.366,-0.059,-2.34,0.001228874416,-5.488729354e-05,-0.198,-3.119,-0.733,-3.738,0.6069277931,0.0002476748476
1346,13465543,1,1,-0.057,-2.368,-0.059,-2.34,0.001228874416,-5.910939304e-05,-0.198,-3.119,-0.733,-3.738,0.6069277931,0.0002476748476
1347,13474861,1,1,-0.057,-2.367,-0.059,-2.34,0.001228874416,-5.699834329e-05,-0.198,-3.119,-0.733,-3.738,0.6069277931,0.0002476748476
1348,13485570,1,1,-0.057,-2.367,-0.059,-2.34,0.001228874416,-5.699834329e-05,-0.199,-3.121,-0.733,-3.738,0.6057933486,0.0002468746058
1349,13495329,1,1,-0.057,-2.368,-0.059,-2.34,0.001228874416,-5.910939304e-05,-0.214,-3.12,-0.733,-3.738,0.5887766815,0.0002472747267
1350,13506006,1,1,-0.056,-2.366,-0.059,-2.34,0.001843311624,-5.488729354e-05,-0.205,-3.128,-0.733,-3.738,0.5989866817,0.0002440737594
1351,13515023,1,1,-0.056,-2.366,-0.059,-2.34,0.001843311624,-5.488729354e-05,-0.199,-3.121,-0.733,-3.738,0.6057933486,0.0002468746058
1352,13525340,1,1,-0.058,-2.368,-0.059,-2.34,0.0006144372081,-5.910939304e-05,-0.2,-3.121,-0.733,-3.738,0.6046589041,0.0002468746058
1353,13535364,1,1,-0.056,-2.366,-0.059,-2.34,0.001843311624,-5.488729354e-05,-0.203,-3.129,-0.733,-3.738,0.6012555707,0.0002436736385
1354,13547624,1,1,-0.056,-2.366,-0.059,-2.34,0.001843311624,-5.488729354e-05,-0.198,-3.122,-0.733,-3.738,0.6069277931,0.0002464744849
1355,13555252,1,1,-0.058,-2.368,-0.059,-2.34,0.0006144372081,-5.910939304e-05,-0.198,-3.122,-0.733,-3.738,0.6069277931,0.0002464744849
1356,13565348,1,1,-0.057,-2.365,-0.059,-2.34,0.001228874416,-5.277624379e-05,-0.2,-3.128,-0.733,-3.738,0.6046589041,0.0002440737594
1357,13575111,1,1,-0.057,-2.365,-0.059,-2.34,0.001228874416,-5.277624379e-05,-0.214,-3.128,-0.733,-3.738,0.5887766815,0.0002440737594
1358,13584913,1,1,-0.057,-2.365,-0.059,-2.34,0.001228874416,-5.277624379e-05,-0.214,-3.128,-0.733,-3.738,0.5887766815,0.0002440737594
1359,13595115,1,1,-0.057,-2.365,-0.059,-2.34,0.001228874416,-5.277624379e-05,-0.213,-3.132,-0.733,-3.738,0.589911126,0.0002424732757
1360,13605318,1,1,-0.057,-2.365,-0.059,-2.34,0.001228874416,-5.277624379e-05,-0.209,-3.121,-0.733,-3.738,0.5944489039,0.0002468746058
1361,13615073,1,1,-0.059,-2.367,-0.059,-2.34,0,-5.699834329e-05,-0.209,-3.121,-0.733,-3.738,0.5944489039,0.0002468746058
1362,13625158,1,1,-0.057,-2.366,-0.059,-2.34,0.001228874416,-5.488729354e-05,-0.2,-3.125,-0.733,-3.738,0.6046589041,0.0002452741221
1363,13635149,1,1,-0.057,-2.366,-0.059,-2.34,0.001228874416,-5.488729354e-05,-0.209,-3.121,-0.733,-3.738,0.5944489039,0.0002468746058
1364,13647822,1,1,-0.057,-2.366,-0.059,-2.34,0.001228874416,-5.488729354e-05,-0.209,-3.121,-0.733,-3.738,0.5944489039,0.0002468746058
1365,13655143,1,1,-0.057,-2.366,-0.059,-2.34,0.001228874416,-5.488729354e-05,-0.204,-3.126,-0.733,-3.738,0.6001211262,0.0002448740012
1366,13665260,1,1,-0.057,-2.366,-0.059,-2.34,0.001228874416,-5.488729354e-05,-0.201,-3.121,-0.733,-3.738,0.6035244596,0.0002468746058
1367,13675037,1,1,-0.059,-2.368,-0.059,-2.34,0,-5.910939304e-05,-0.201,-3.121,-0.733,-3.738,0.6035244596,0.0002468746058
1368,13685320,1,1,-0.058,-2.366,-0.059,-2.34,0.0006144372081,-5.488729354e-05,-0.214,-3.119,-0.733,-3.738,0.5887766815,0.0002476748476
1369,13695496,1,1,-0.058,-2.366,-0.059,-2.34,0.0006144372081,-5.488729354e-05,-0.203,-3.118,-0.733,-3.738,0.6012555707,0.0002480749685
1370,13704955,1,1,-0.059,-2.367,-0.059,-2.34,0,-5.699834329e-05,-0.203,-3.118,-0.733,-3.738,0.6012555707,0.0002480749685
1371,13716302,1,1,-0.057,-2.366,-0.059,-2.34,0.001228874416,-5.488729354e-05,-0.202,-3.12,-0.733,-3.738,0.6023900152,0.0002472747267
1372,13727730,1,1,-0.057,-2.366,-0.059,-2.34,0.001228874416,-5.488729354e-05,-0.2,-3.12,-0.733,-3.738,0.6046589041,0.0002472747267
1373,13735630,1,1,-0.058,-2.368,-0.059,-2.34,0.0006144372081,-5.910939304e-05,-0.2,-3.12,-0.733,-3.738,0.6046589041,0.0002472747267
1374,13747536,1,1,-0.057,-2.366,-0.059,-2.34,0.001228874416,-5.488729354e-05,-0.201,-3.12,-0.733,-3.738,0.6035244596,0.0002472747267
1375,13755106,1,1,-0.057,-2.366,-0.059,-2.34,0.001228874416,-5.488729354e-05,-0.203,-3.121,-0.733,-3.738,0.6012555707,0.0002468746058
1376,13765183,1,1,-0.058,-2.367,-0.059,-2.34,0.0006144372081,-5.699834329e-05,-0.219,-3.126,-0.733,-3.738,0.5831044591,0.0002448740012
1377,13774882,1,1,-0.056,-2.365,-0.059,-2.34,0.001843311624,-5.277624379e-05,-0.206,-3.126,-0.733,-3.738,0.5978522373,0.0002448740012
1378,13785461,1,1,-0.056,-2.365,-0.059,-2.34,0.001843311624,-5.277624379e-05,-0.204,-3.117,-0.733,-3.738,0.6001211262,0.0002484750895
1379,13795473,1,1,-0.057,-2.366,-0.059,-2.34,0.001228874416,-5.488729354e-05,-0.204,-3.117,-0.733,-3.738,0.6001211262,0.0002484750895
1380,13805687,1,1,-0.057,-2.366,-0.059,-2.34,0.001228874416,-5.488729354e-05,-0.202,-3.12,-0.733,-3.738,0.6023900152,0.0002472747267
1381,13815566,1,1,-0.057,-2.366,-0.059,-2.34,0.001228874416,-5.488729354e-05,-0.207,-3.126,-0.733,-3.738,0.5967177928,0.0002448740012
1382,13825684,1,1,-0.058,-2.367,-0.059,-2.34,0.0006144372081,-5.699834329e-05,-0.207,-3.126,-0.733,-3.738,0.5967177928,0.0002448740012
1383,13834927,1,1,-0.057,-2.365,-0.059,-2.34,0.001228874416,-5.277624379e-05,-0.207,-3.126,-0.733,-3.738,0.5967177928,0.0002448740012
1384,13847570,1,1,-0.057,-2.365,-0.059,-2.34,0.001228874416,-5.277624379e-05,-0.207,-3.126,-0.733,-3.738,0.5967177928,0.0002448740012
1385,13854957,1,1,-0.058,-2.368,-0.059,-2.34,0.0006144372081,-5.910939304e-05,-0.207,-3.126,-0.733,-3.738,0.5967177928,0.0002448740012
1386,13865342,1,1,-0.058,-2.366,-0.059,-2.34,0.0006144372081,-5.488729354e-05,-0.202,-3.12,-0.733,-3.738,0.6023900152,0.0002472747267
1387,13876649,1,1,-0.058,-2.366,-0.059,-2.34,0.0006144372081,-5.488729354e-05,-0.2,-3.121,-0.733,-3.738,0.6046589041,0.0002468746058
1388,13885084,1,1,-0.059,-2.368,-0.059,-2.34,0,-5.910939304e-05,-0.2,-3.121,-0.733,-3.738,0.6046589041,0.0002468746058
1389,13895107,1,1,-0.058,-2.367,-0.059,-2.34,0.0006144372081,-5.699834329e-05,-0.2,-3.121,-0.733,-3.738,0.6046589041,0.0002468746058
1390,13905346,1,1,-0.058,-2.367,-0.059,-2.34,0.0006144372081,-5.699834329e-05,-0.2,-3.121,-0.733,-3.738,0.6046589041,0.0002468746058
1391,13915086,1,1,-0.058,-2.367,-0.059,-2.34,0.0006144372081,-5.699834329e-05,-0.2,-3.121,-0.733,-3.738,0.6046589041,0.0002468746058
1392,13925795,1,1,-0.058,-2.367,-0.059,-2.34,0.0006144372081,-5.699834329e-05,-0.201,-3.119,-0.733,-3.738,0.6035244596,0.0002476748476
1393,13934951,1,1,-0.058,-2.367,-0.059,-2.34,0.0006144372081,-5.699834329e-05,-0.212,-3.129,-0.733,-3.738,0.5910455704,0.0002436736385
1394,13948245,1,1,-0.058,-2.367,-0.059,-2.34,0.0006144372081,-5.699834329e-05,-0.212,-3.129,-0.733,-3.738,0.5910455704,0.0002436736385
1395,13955259,1,1,-0.058,-2.367,-0.059,-2.34,0.0006144372081,-5.699834329e-05,-0.212,-3.129,-0.733,-3.738,0.5910455704,0.0002436736385
1396,13965199,1,1,-0.058,-2.367,-0.059,-2.34,0.0006144372081,-5.699834329e-05,-0.201,-3.12,-0.733,-3.738,0.6035244596,0.0002472747267
1397,13975713,1,1,-0.058,-2.368,-0.059,-2.34,0.0006144372081,-5.910939304e-05,-0.201,-3.12,-0.733,-3.738,0.6035244596,0.0002472747267
1398,13985300,1,1,-0.058,-2.367,-0.059,-2.34,0.0006144372081,-5.699834329e-05,-0.209,-3.118,-0.733,-3.738,0.5944489039,0.0002480749685
1399,13994856,1,1,-0.058,-2.367,-0.059,-2.34,0.0006144372081,-5.699834329e-05,-0.2,-3.12,-0.733,-3.738,0.6046589041,0.0002472747267
1400,14005309,1,1,-0.058,-2.368,-0.059,-2.34,0.0006144372081,-5.910939304e-05,-0.21,-3.128,-0.733,-3.738,0.5933144594,0.0002440737594
1401,14015537,1,1,-0.057,-2.368,-0.059,-2.34,0.001228874416,-5.910939304e-05,-0.203,-3.118,-0.733,-3.738,0.6012555707,0.0002480749685
1402,14024940,1,1,-0.057,-2.368,-0.059,-2.34,0.001228874416,-5.910939304e-05,-0.201,-3.125,-0.733,-3.738,0.6035244596,0.0002452741221
1403,14035092,1,1,-0.058,-2.367,-0.059,-2.34,0.0006144372081,-5.699834329e-05,-0.201,-3.125,-0.733,-3.738,0.6035244596,0.0002452741221
1404,14046853,1,1,-0.058,-2.366,-0.059,-2.34,0.0006144372081,-5.488729354e-05,-0.201,-3.12,-0.733,-3.738,0.6035244596,0.0002472747267
1405,14055496,1,1,-0.059,-2.367,-0.059,-2.34,0,-5.699834329e-05,-0.205,-3.125,-0.733,-3.738,0.5989866817,0.0002452741221
1406,14065874,1,1,-0.059,-2.367,-0.059,-2.34,0,-5.699834329e-05,-0.205,-3.125,-0.733,-3.738,0.5989866817,0.0002452741221
1407,14075967,1,1,-0.059,-2.367,-0.059,-2.34,0,-5.699834329e-05,-0.201,-3.12,-0.733,-3.738,0.6035244596,0.0002472747267
1408,14085551,1,1,-0.059,-2.367,-0.059,-2.34,0,-5.699834329e-05,-0.201,-3.121,-0.733,-3.738,0.6035244596,0.0002468746058
1409,14095196,1,1,-0.059,-2.367,-0.059,-2.34,0,-5.699834329e-05,-0.201,-3.121,-0.733,-3.738,0.6035244596,0.0002468746058
1410,14104898,1,1,-0.059,-2.367,-0.059,-2.34,0,-5.699834329e-05,-0.205,-3.126,-0.733,-3.738,0.5989866817,0.0002448740012
1411,14115449,1,1,-0.059,-2.367,-0.059,-2.34,0,-5.699834329e-05,-0.212,-3.13,-0.733,-3.738,0.5910455704,0.0002432735175
1412,14124988,1,1,-0.059,-2.368,-0.059,-2.34,0,-5.910939304e-05,-0.212,-3.13,-0.733,-3.738,0.5910455704,0.0002432735175
1413,14135022,1,1,-0.058,-2.366,-0.059,-2.34,0.0006144372081,-5.488729354e-05,-0.202,-3.123,-0.733,-3.738,0.6023900152,0.000246074364
1414,14146828,1,1,-0.058,-2.366,-0.059,-2.34,0.0006144372081,-5.488729354e-05,-0.201,-3.122,-0.733,-3.738,0.6035244596,0.0002464744849
1415,14154987,1,1,-0.059,-2.367,-0.059,-2.34,0,-5.699834329e-05,-0.201,-3.122,-0.733,-3.738,0.6035244596,0.0002464744849
1416,14165074,1,1,-0.059,-2.368,-0.059,-2.34,0,-5.910939304e-05,-0.205,-3.128,-0.733,-3.738,0.5989866817,0.0002440737594
1417,14175519,1,1,-0.059,-2.368,-0.059,-2.34,0,-5.910939304e-05,-0.215,-3.129,-0.733,-3.738,0.587642237,0.0002436736385
1418,14185209,1,1,-0.058,-2.368,-0.059,-2.34,0.0006144372081,-5.910939304e-05,-0.215,-3.129,-0.733,-3.738,0.587642237,0.0002436736385
1419,14194943,1,1,-0.058,-2.368,-0.059,-2.34,0.0006144372081,-5.910939304e-05,-0.205,-3.122,-0.733,-3.738,0.5989866817,0.0002464744849
1420,14205182,1,1,-0.057,-2.366,-0.059,-2.34,0.001228874416,-5.488729354e-05,-0.201,-3.122,-0.733,-3.738,0.6035244596,0.0002464744849
1421,14215446,1,1,-0.058,-2.368,-0.059,-2.34,0.0006144372081,-5.910939304e-05,-0.201,-3.122,-0.733,-3.738,0.6035244596,0.0002464744849
1422,14225706,1,1,-0.057,-2.366,-0.059,-2.34,0.001228874416,-5.488729354e-05,-0.201,-3.122,-0.733,-3.738,0.6035244596,0.0002464744849
1423,14235427,1,1,-0.057,-2.366,-0.059,-2.34,0.001228874416,-5.488729354e-05,-0.201,-3.122,-0.733,-3.738,0.6035244596,0.0002464744849
1424,14248630,1,1,-0.058,-2.367,-0.059,-2.34,0.0006144372081,-5.699834329e-05,-0.201,-3.122,-0.733,-3.738,0.6035244596,0.0002464744849
1425,14255218,1,1,-0.058,-2.367,-0.059,-2.34,0.0006144372081,-5.699834329e-05,-0.207,-3.129,-0.733,-3.738,0.5967177928,0.0002436736385
1426,14265279,1,1,-0.058,-2.367,-0.059,-2.34,0.0006144372081,-5.699834329e-05,-0.213,-3.128,-0.733,-3.738,0.589911126,0.0002440737594
1427,14275595,1,1,-0.058,-2.367,-0.059,-2.34,0.0006144372081,-5.699834329e-05,-0.213,-3.128,-0.733,-3.738,0.589911126,0.0002440737594
1428,14284890,1,1,-0.057,-2.366,-0.059,-2.34,0.001228874416,-5.488729354e-05,-0.206,-3.121,-0.733,-3.738,0.5978522373,0.0002468746058
1429,14294912,1,1,-0.057,-2.366,-0.059,-2.34,0.001228874416,-5.488729354e-05,-0.203,-3.121,-0.733,-3.738,0.6012555707,0.0002468746058
1430,14305136,1,1,-0.059,-2.367,-0.059,-2.34,0,-5.699834329e-05,-0.203,-3.121,-0.733,-3.738,0.6012555707,0.0002468746058
1431,14315195,1,1,-0.059,-2.367,-0.059,-2.34,0,-5.699834329e-05,-0.219,-3.122,-0.733,-3.738,0.5831044591,0.0002464744849
1432,14325230,1,1,-0.059,-2.367,-0.059,-2.34,0,-5.699834329e-05,-0.205,-3.123,-0.733,-3.738,0.5989866817,0.000246074364
1433,14335518,1,1,-0.059,-2.367,-0.059,-2.34,0,-5.699834329e-05,-0.207,-3.127,-0.733,-3.738,0.5967177928,0.0002444738803
1434,14348482,1,1,-0.059,-2.367,-0.059,-2.34,0,-5.699834329e-05,-0.203,-3.121,-0.733,-3.738,0.6012555707,0.0002468746058
1435,14355788,1,1,-0.059,-2.367,-0.059,-2.34,0,-5.699834329e-05,-0.212,-3.118,-0.733,-3.738,0.5910455704,0.0002480749685
1436,14365652,1,1,-0.058,-2.367,-0.059,-2.34,0.0006144372081,-5.699834329e-05,-0.212,-3.118,-0.733,-3.738,0.5910455704,0.0002480749685
1437,14374880,1,1,-0.058,-2.367,-0.059,-2.34,0.0006144372081,-5.699834329e-05,-0.203,-3.126,-0.733,-3.738,0.6012555707,0.0002448740012
1438,14385150,1,1,-0.058,-2.367,-0.059,-2.34,0.0006144372081,-5.699834329e-05,-0.215,-3.131,-0.733,-3.738,0.587642237,0.0002428733966
1439,14395421,1,1,-0.058,-2.368,-0.059,-2.34,0.0006144372081,-5.910939304e-05,-0.215,-3.131,-0.733,-3.738,0.587642237,0.0002428733966
1440,14405673,1,1,-0.058,-2.367,-0.059,-2.34,0.0006144372081,-5.699834329e-05,-0.204,-3.122,-0.733,-3.738,0.6001211262,0.0002464744849
1441,14415804,1,1,-0.058,-2.367,-0.059,-2.34,0.0006144372081,-5.699834329e-05,-0.212,-3.12,-0.733,-3.738,0.5910455704,0.0002472747267
1442,14425119,1,1,-0.058,-2.367,-0.059,-2.34,0.0006144372081,-5.699834329e-05,-0.212,-3.12,-0.733,-3.738,0.5910455704,0.0002472747267
1443,14435283,1,1,-0.058,-2.367,-0.059,-2.34,0.0006144372081,-5.699834329e-05,-0.202,-3.125,-0.733,-3.738,0.6023900152,0.0002452741221
1444,14449445,1,1,-0.057,-2.366,-0.059,-2.34,0.001228874416,-5.488729354e-05,-0.208,-3.127,-0.733,-3.738,0.5955833483,0.0002444738803
1445,14456464,1,1,-0.057,-2.366,-0.059,-2.34,0.001228874416,-5.488729354e-05,-0.208,-3.127,-0.733,-3.738,0.5955833483,0.0002444738803
1446,14465146,1,1,-0.058,-2.367,-0.059,-2.34,0.0006144372081,-5.699834329e-05,-0.206,-3.122,-0.733,-3.738,0.5978522373,0.0002464744849
1447,14475658,1,1,-0.058,-2.367,-0.059,-2.34,0.0006144372081,-5.699834329e-05,-0.212,-3.119,-0.733,-3.738,0.5910455704,0.0002476748476
1448,14485252,1,1,-0.058,-2.367,-0.059,-2.34,0.0006144372081,-5.699834329e-05,-0.212,-3.119,-0.733,-3.738,0.5910455704,0.0002476748476
1449,14495199,1,1,-0.058,-2.367,-0.059,-2.34,0.0006144372081,-5.699834329e-05,-0.204,-3.125,-0.733,-3.738,0.6001211262,0.0002452741221
1450,14505451,1,1,-0.058,-2.367,-0.059,-2.34,0.0006144372081,-5.699834329e-05,-0.209,-3.128,-0.733,-3.738,0.5944489039,0.0002440737594
1451,14514908,1,1,-0.058,-2.367,-0.059,-2.34,0.0006144372081,-5.699834329e-05,-0.209,-3.128,-0.733,-3.738,0.5944489039,0.0002440737594
1452,14525328,1,1,-0.059,-2.367,-0.059,-2.34,0,-5.699834329e-05,-0.207,-3.122,-0.733,-3.738,0.5967177928,0.0002464744849
1453,14535094,1,1,-0.059,-2.367,-0.059,-2.34,0,-5.699834329e-05,-0.208,-3.119,-0.733,-3.738,0.5955833483,0.0002476748476
1454,14547579,1,1,-0.059,-2.367,-0.059,-2.34,0,-5.699834329e-05,-0.208,-3.119,-0.733,-3.738,0.5955833483,0.0002476748476
1455,14555730,1,1,-0.059,-2.367,-0.059,-2.34,0,-5.699834329e-05,-0.205,-3.122,-0.733,-3.738,0.5989866817,0.0002464744849
1456,14565267,1,1,-0.059,-2.367,-0.059,-2.34,0,-5.699834329e-05,-0.211,-3.129,-0.733,-3.738,0.5921800149,0.0002436736385
1457,14575187,1,1,-0.058,-2.367,-0.059,-2.34,0.0006144372081,-5.699834329e-05,-0.211,-3.129,-0.733,-3.738,0.5921800149,0.0002436736385
1458,14585502,1,1,-0.059,-2.367,-0.059,-2.34,0,-5.699834329e-05,-0.206,-3.123,-0.733,-3.738,0.5978522373,0.000246074364
1459,14594838,1,1,-0.059,-2.367,-0.059,-2.34,0,-5.699834329e-05,-0.209,-3.118,-0.733,-3.738,0.5944489039,0.0002480749685
1460,14605129,1,1,-0.059,-2.367,-0.059,-2.34,0,-5.699834329e-05,-0.209,-3.118,-0.733,-3.738,0.5944489039,0.0002480749685
1461,14614954,1,1,-0.059,-2.367,-0.059,-2.34,0,-5.699834329e-05,-0.205,-3.126,-0.733,-3.738,0.5989866817,0.0002448740012
1462,14626149,1,1,-0.059,-2.367,-0.059,-2.34,0,-5.699834329e-05,-0.216,-3.125,-0.733,-3.738,0.5865077925,0.0002452741221
1463,14637031,1,1,-0.057,-2.366,-0.059,-2.34,0.001228874416,-5.488729354e-05,-0.216,-3.125,-0.733,-3.738,0.5865077925,0.0002452741221
1464,14647245,1,1,-0.058,-2.367,-0.059,-2.34,0.0006144372081,-5.699834329e-05,-0.206,-3.121,-0.733,-3.738,0.5978522373,0.0002468746058
1465,14655090,1,1,-0.058,-2.367,-0.059,-2.34,0.0006144372081,-5.699834329e-05,-0.209,-3.118,-0.733,-3.738,0.5944489039,0.0002480749685
1466,14665416,1,1,-0.058,-2.367,-0.059,-2.34,0.0006144372081,-5.699834329e-05,-0.209,-3.118,-0.733,-3.738,0.5944489039,0.0002480749685
1467,14675014,1,1,-0.058,-2.367,-0.059,-2.34,0.0006144372081,-5.699834329e-05,-0.205,-3.125,-0.733,-3.738,0.5989866817,0.0002452741221
1468,14685117,1,1,-0.058,-2.367,-0.059,-2.34,0.0006144372081,-5.699834329e-05,-0.211,-3.127,-0.733,-3.738,0.5921800149,0.0002444738803
1469,14695239,1,1,-0.058,-2.367,-0.059,-2.34,0.0006144372081,-5.699834329e-05,-0.211,-3.127,-0.733,-3.738,0.5921800149,0.0002444738803
1470,14705656,1,1,-0.058,-2.366,-0.059,-2.34,0.0006144372081,-5.488729354e-05,-0.211,-3.127,-0.733,-3.738,0.5921800149,0.0002444738803
1471,14715120,1,1,-0.058,-2.366,-0.059,-2.34,0.0006144372081,-5.488729354e-05,-0.211,-3.127,-0.733,-3.738,0.5921800149,0.0002444738803
1472,14725218,1,1,-0.059,-2.367,-0.059,-2.34,0,-5.699834329e-05,-0.211,-3.127,-0.733,-3.738,0.5921800149,0.0002444738803
1473,14735686,1,1,-0.059,-2.367,-0.059,-2.34,0,-5.699834329e-05,-0.206,-3.121,-0.733,-3.738,0.5978522373,0.0002468746058
1474,14747812,1,1,-0.059,-2.367,-0.059,-2.34,0,-5.699834329e-05,-0.21,-3.117,-0.733,-3.738,0.5933144594,0.0002484750895
1475,14755134,1,1,-0.06,-2.367,-0.059,-2.34,-0.0006144372081,-5.699834329e-05,-0.21,-3.117,-0.733,-3.738,0.5933144594,0.0002484750895
1476,14765076,1,1,-0.059,-2.367,-0.059,-2.34,0,-5.699834329e-05,-0.209,-3.126,-0.733,-3.738,0.5944489039,0.0002448740012
1477,14775536,1,1,-0.059,-2.367,-0.059,-2.34,0,-5.699834329e-05,-0.211,-3.127,-0.733,-3.738,0.5921800149,0.0002444738803
1478,14786010,1,1,-0.059,-2.367,-0.059,-2.34,0,-5.699834329e-05,-0.211,-3.127,-0.733,-3.738,0.5921800149,0.0002444738803
1479,14796341,1,1,-0.059,-2.367,-0.059,-2.34,0,-5.699834329e-05,-0.211,-3.127,-0.733,-3.738,0.5921800149,0.0002444738803
1480,14805180,1,1,-0.059,-2.367,-0.059,-2.34,0,-5.699834329e-05,-0.211,-3.127,-0.733,-3.738,0.5921800149,0.0002444738803
1481,14815763,1,1,-0.059,-2.367,-0.059,-2.34,0,-5.699834329e-05,-0.211,-3.127,-0.733,-3.738,0.5921800149,0.0002444738803
1482,14824910,1,1,-0.059,-2.367,-0.059,-2.34,0,-5.699834329e-05,-0.206,-3.121,-0.733,-3.738,0.5978522373,0.0002468746058
1483,14835187,1,1,-0.059,-2.367,-0.059,-2.34,0,-5.699834329e-05,-0.205,-3.121,-0.733,-3.738,0.5989866817,0.0002468746058
1484,14848711,1,1,-0.058,-2.366,-0.059,-2.34,0.0006144372081,-5.488729354e-05,-0.203,-3.121,-0.733,-3.738,0.6012555707,0.0002468746058
1485,14855124,1,1,-0.058,-2.366,-0.059,-2.34,0.0006144372081,-5.488729354e-05,-0.212,-3.128,-0.733,-3.738,0.5910455704,0.0002440737594
1486,14865415,1,1,-0.058,-2.366,-0.059,-2.34,0.0006144372081,-5.488729354e-05,-0.217,-3.123,-0.733,-3.738,0.5853733481,0.000246074364
1487,14875392,1,1,-0.058,-2.367,-0.059,-2.34,0.0006144372081,-5.699834329e-05,-0.217,-3.123,-0.733,-3.738,0.5853733481,0.000246074364
1488,14885182,1,1,-0.057,-2.365,-0.059,-2.34,0.001228874416,-5.277624379e-05,-0.217,-3.123,-0.733,-3.738,0.5853733481,0.000246074364
1489,14896001,1,1,-0.057,-2.365,-0.059,-2.34,0.001228874416,-5.277624379e-05,-0.217,-3.123,-0.733,-3.738,0.5853733481,0.000246074364
1490,14905164,1,1,-0.058,-2.367,-0.059,-2.34,0.0006144372081,-5.699834329e-05,-0.217,-3.123,-0.733,-3.738,0.5853733481,0.000246074364
1491,14915220,1,1,-0.058,-2.367,-0.059,-2.34,0.0006144372081,-5.699834329e-05,-0.208,-3.121,-0.733,-3.738,0.5955833483,0.0002468746058
1492,14925730,1,1,-0.058,-2.367,-0.059,-2.34,0.0006144372081,-5.699834329e-05,0.417,-3.153,-0.733,-3.738,1.304611144,0.0002340707364
1493,14935260,1,1,-0.058,-2.367,-0.059,-2.34,0.0006144372081,-5.699834329e-05,0.826,-2.802,-0.733,-3.738,1.768598933,0.0003745131783
1494,14947642,1,1,-0.058,-2.367,-0.059,-2.34,0.0006144372081,-5.699834329e-05,-0.205,-3.121,-0.733,-3.738,0.5989866817,0.0002468746058
1495,14955002,1,1,-0.058,-2.367,-0.059,-2.34,0.0006144372081,-5.699834329e-05,-0.216,-3.126,-0.733,-3.738,0.5865077925,0.0002448740012
1496,14965695,1,1,-0.058,-2.367,-0.059,-2.34,0.0006144372081,-5.699834329e-05,-0.216,-3.126,-0.733,-3.738,0.5865077925,0.0002448740012
1497,14975012,1,1,-0.058,-2.366,-0.059,-2.34,0.0006144372081,-5.488729354e-05,-0.216,-3.126,-0.733,-3.738,0.5865077925,0.0002448740012
1498,14985125,1,1,-0.058,-2.366,-0.059,-2.34,0.0006144372081,-5.488729354e-05,-0.207,-3.121,-0.733,-3.738,0.5967177928,0.0002468746058
1499,14995237,1,1,-0.059,-2.367,-0.059,-2.34,0,-5.699834329e-05,-0.206,-3.122,-0.733,-3.738,0.5978522373,0.0002464744849
1500,15005536,1,1,-0.059,-2.367,-0.059,-2.34,0,-5.699834329e-05,-0.207,-3.123,-0.733,-3.738,0.5967177928,0.000246074364
1501,15015315,1,1,-0.059,-2.367,-0.059,-2.34,0,-5.699834329e-05,-0.209,-3.123,-0.733,-3.738,0.5944489039,0.000246074364
1502,15025327,1,1,-0.059,-2.367,-0.059,-2.34,0,-5.699834329e-05,-0.209,-3.123,-0.733,-3.738,0.5944489039,0.000246074364
1503,15035718,1,1,-0.058,-2.366,-0.059,-2.34,0.0006144372081,-5.488729354e-05,-0.207,-3.122,-0.733,-3.738,0.5967177928,0.0002464744849
1504,15048026,1,1,-0.058,-2.366,-0.059,-2.34,0.0006144372081,-5.488729354e-05,-0.218,-3.126,-0.733,-3.738,0.5842389036,0.0002448740012
1505,15055239,1,1,-0.059,-2.367,-0.059,-2.34,0,-5.699834329e-05,-0.218,-3.126,-0.733,-3.738,0.5842389036,0.0002448740012
1506,15065338,1,1,-0.058,-2.365,-0.059,-2.34,0.0006144372081,-5.277624379e-05,-0.21,-3.128,-0.733,-3.738,0.5933144594,0.0002440737594
1507,15074971,1,1,-0.058,-2.365,-0.059,-2.34,0.0006144372081,-5.277624379e-05,-0.21,-3.126,-0.733,-3.738,0.5933144594,0.0002448740012
1508,15084949,1,1,-0.059,-2.367,-0.059,-2.34,0,-5.699834329e-05,-0.21,-3.126,-0.733,-3.738,0.5933144594,0.0002448740012
1509,15094889,1,1,-0.058,-2.366,-0.059,-2.34,0.0006144372081,-5.488729354e-05,-0.209,-3.121,-0.733,-3.738,0.5944489039,0.0002468746058
1510,15104944,1,1,-0.058,-2.366,-0.059,-2.34,0.0006144372081,-5.488729354e-05,-0.205,-3.12,-0.733,-3.738,0.5989866817,0.0002472747267
1511,15115414,1,1,-0.058,-2.367,-0.059,-2.34,0.0006144372081,-5.699834329e-05,-0.205,-3.12,-0.733,-3.738,0.5989866817,0.0002472747267
1512,15125861,1,1,-0.058,-2.367,-0.059,-2.34,0.0006144372081,-5.699834329e-05,-0.208,-3.122,-0.733,-3.738,0.5955833483,0.0002464744849
1513,15135136,1,1,-0.058,-2.367,-0.059,-2.34,0.0006144372081,-5.699834329e-05,-0.211,-3.124,-0.733,-3.738,0.5921800149,0.000245674243
1514,15147689,1,1,-0.058,-2.367,-0.059,-2.34,0.0006144372081,-5.699834329e-05,-0.211,-3.124,-0.733,-3.738,0.5921800149,0.000245674243
1515,15155132,1,1,-0.058,-2.367,-0.059,-2.34,0.0006144372081,-5.699834329e-05,-0.21,-3.123,-0.733,-3.738,0.5933144594,0.000246074364
1516,15165094,1,1,-0.058,-2.367,-0.059,-2.34,0.0006144372081,-5.699834329e-05,-0.207,-3.121,-0.733,-3.738,0.5967177928,0.0002468746058
1517,15175249,1,1,-0.058,-2.367,-0.059,-2.34,0.0006144372081,-5.699834329e-05,-0.207,-3.121,-0.733,-3.738,0.5967177928,0.0002468746058
1518,15185512,1,1,-0.058,-2.367,-0.059,-2.34,0.0006144372081,-5.699834329e-05,-0.208,-3.122,-0.733,-3.738,0.5955833483,0.0002464744849
1519,15195666,1,1,-0.058,-2.367,-0.059,-2.34,0.0006144372081,-5.699834329e-05,-0.21,-3.128,-0.733,-3.738,0.5933144594,0.0002440737594
1520,15205182,1,1,-0.058,-2.367,-0.059,-2.34,0.0006144372081,-5.699834329e-05,-0.21,-3.128,-0.733,-3.738,0.5933144594,0.0002440737594
1521,15215694,1,1,-0.059,-2.367,-0.059,-2.34,0,-5.699834329e-05,-0.209,-3.123,-0.733,-3.738,0.5944489039,0.000246074364
1522,15225076,1,1,-0.059,-2.367,-0.059,-2.34,0,-5.699834329e-05,-0.207,-3.122,-0.733,-3.738,0.5967177928,0.0002464744849
1523,15235352,1,1,-0.059,-2.367,-0.059,-2.34,0,-5.699834329e-05,-0.207,-3.122,-0.733,-3.738,0.5967177928,0.0002464744849
1524,15247446,1,1,-0.059,-2.367,-0.059,-2.34,0,-5.699834329e-05,-0.207,-3.123,-0.733,-3.738,0.5967177928,0.000246074364
1525,15257844,1,1,-0.059,-2.367,-0.059,-2.34,0,-5.699834329e-05,-0.215,-3.126,-0.733,-3.738,0.587642237,0.0002448740012
1526,15265723,1,1,-0.058,-2.366,-0.059,-2.34,0.0006144372081,-5.488729354e-05,-0.215,-3.126,-0.733,-3.738,0.587642237,0.0002448740012
1527,15275366,1,1,-0.059,-2.367,-0.059,-2.34,0,-5.699834329e-05,-0.21,-3.123,-0.733,-3.738,0.5933144594,0.000246074364
1528,15285145,1,1,-0.058,-2.366,-0.059,-2.34,0.0006144372081,-5.488729354e-05,-0.208,-3.12,-0.733,-3.738,0.5955833483,0.0002472747267
1529,15294952,1,1,-0.059,-2.367,-0.059,-2.34,0,-5.699834329e-05,-0.208,-3.12,-0.733,-3.738,0.5955833483,0.0002472747267
1530,15305191,1,1,-0.059,-2.367,-0.059,-2.34,0,-5.699834329e-05,-0.222,-3.128,-0.733,-3.738,0.5797011257,0.0002440737594
1531,15315455,1,1,-0.059,-2.367,-0.059,-2.34,0,-5.699834329e-05,-0.212,-3.127,-0.733,-3.738,0.5910455704,0.0002444738803
1532,15324880,1,1,-0.059,-2.367,-0.059,-2.34,0,-5.699834329e-05,-0.212,-3.127,-0.733,-3.738,0.5910455704,0.0002444738803
1533,15335700,1,1,-0.059,-2.367,-0.059,-2.34,0,-5.699834329e-05,-0.207,-3.121,-0.733,-3.738,0.5967177928,0.0002468746058
1534,15347926,1,1,-0.059,-2.367,-0.059,-2.34,0,-5.699834329e-05,-0.206,-3.121,-0.733,-3.738,0.5978522373,0.0002468746058
1535,15358259,1,1,-0.058,-2.367,-0.059,-2.34,0.0006144372081,-5.699834329e-05,-0.206,-3.121,-0.733,-3.738,0.5978522373,0.0002468746058
1536,15365705,1,1,-0.058,-2.366,-0.059,-2.34,0.0006144372081,-5.488729354e-05,-0.207,-3.122,-0.733,-3.738,0.5967177928,0.0002464744849
1537,15374946,1,1,-0.058,-2.366,-0.059,-2.34,0.0006144372081,-5.488729354e-05,-0.212,-3.127,-0.733,-3.738,0.5910455704,0.0002444738803
1538,15384974,1,1,-0.058,-2.366,-0.059,-2.34,0.0006144372081,-5.488729354e-05,-0.212,-3.127,-0.733,-3.738,0.5910455704,0.0002444738803
1539,15395574,1,1,-0.058,-2.366,-0.059,-2.34,0.0006144372081,-5.488729354e-05,-0.208,-3.121,-0.733,-3.738,0.5955833483,0.0002468746058
1540,15405958,1,1,-0.058,-2.366,-0.059,-2.34,0.0006144372081,-5.488729354e-05,-0.206,-3.122,-0.733,-3.738,0.5978522373,0.0002464744849
1541,15414982,1,1,-0.058,-2.367,-0.059,-2.34,0.0006144372081,-5.699834329e-05,-0.206,-3.122,-0.733,-3.738,0.5978522373,0.0002464744849
1542,15425245,1,1,-0.058,-2.367,-0.059,-2.34,0.0006144372081,-5.699834329e-05,-0.221,-3.13,-0.733,-3.738,0.5808355702,0.0002432735175
1543,15435389,1,1,-0.058,-2.367,-0.059,-2.34,0.0006144372081,-5.699834329e-05,-0.211,-3.126,-0.733,-3.738,0.5921800149,0.0002448740012
1544,15447928,1,1,-0.058,-2.367,-0.059,-2.34,0.0006144372081,-5.699834329e-05,-0.211,-3.126,-0.733,-3.738,0.5921800149,0.0002448740012
1545,15455869,1,1,-0.059,-2.367,-0.059,-2.34,0,-5.699834329e-05,-0.208,-3.12,-0.733,-3.738,0.5955833483,0.0002472747267
1546,15465160,1,1,-0.058,-2.365,-0.059,-2.34,0.0006144372081,-5.277624379e-05,-0.211,-3.125,-0.733,-3.738,0.5921800149,0.0002452741221
1547,15475126,1,1,-0.058,-2.365,-0.059,-2.34,0.0006144372081,-5.277624379e-05,-0.211,-3.125,-0.733,-3.738,0.5921800149,0.0002452741221
1548,15485708,1,1,-0.058,-2.365,-0.059,-2.34,0.0006144372081,-5.277624379e-05,-0.207,-3.121,-0.733,-3.738,0.5967177928,0.0002468746058
1549,15495137,1,1,-0.058,-2.365,-0.059,-2.34,0.0006144372081,-5.277624379e-05,-0.212,-3.126,-0.733,-3.738,0.5910455704,0.0002448740012
1550,15505350,1,1,-0.059,-2.367,-0.059,-2.34,0,-5.699834329e-05,-0.212,-3.126,-0.733,-3.738,0.5910455704,0.0002448740012
1551,15515042,1,1,-0.059,-2.367,-0.059,-2.34,0,-5.699834329e-05,-0.211,-3.121,-0.733,-3.738,0.5921800149,0.0002468746058
1552,15525290,1,1,-0.059,-2.367,-0.059,-2.34,0,-5.699834329e-05,-0.208,-3.121,-0.733,-3.738,0.5955833483,0.0002468746058
1553,15535078,1,1,-0.059,-2.367,-0.059,-2.34,0,-5.699834329e-05,-0.208,-3.121,-0.733,-3.738,0.5955833483,0.0002468746058
1554,15549649,1,1,-0.059,-2.367,-0.059,-2.34,0,-5.699834329e-05,-0.207,-3.12,-0.733,-3.738,0.5967177928,0.0002472747267
1555,15559198,1,1,-0.059,-2.367,-0.059,-2.34,0,-5.699834329e-05,-0.213,-3.128,-0.733,-3.738,0.589911126,0.0002440737594
1556,15565139,1,1,-0.059,-2.367,-0.059,-2.34,0,-5.699834329e-05,-0.213,-3.128,-0.733,-3.738,0.589911126,0.0002440737594
1557,15574950,1,1,-0.058,-2.367,-0.059,-2.34,0.0006144372081,-5.699834329e-05,-0.21,-3.121,-0.733,-3.738,0.5933144594,0.0002468746058
1558,15585500,1,1,-0.058,-2.367,-0.059,-2.34,0.0006144372081,-5.699834329e-05,-0.207,-3.121,-0.733,-3.738,0.5967177928,0.0002468746058
1559,15595129,1,1,-0.059,-2.367,-0.059,-2.34,0,-5.699834329e-05,-0.207,-3.121,-0.733,-3.738,0.5967177928,0.0002468746058
1560,15605074,1,1,-0.058,-2.366,-0.059,-2.34,0.0006144372081,-5.488729354e-05,-0.22,-3.128,-0.733,-3.738,0.5819700146,0.0002440737594
1561,15615561,1,1,-0.058,-2.366,-0.059,-2.34,0.0006144372081,-5.488729354e-05,-0.218,-3.125,-0.733,-3.738,0.5842389036,0.0002452741221
1562,15625104,1,1,-0.059,-2.367,-0.059,-2.34,0,-5.699834329e-05,-0.218,-3.125,-0.733,-3.738,0.5842389036,0.0002452741221
1563,15635227,1,1,-0.058,-2.366,-0.059,-2.34,0.0006144372081,-5.488729354e-05,-0.211,-3.121,-0.733,-3.738,0.5921800149,0.0002468746058
1564,15647773,1,1,-0.058,-2.366,-0.059,-2.34,0.0006144372081,-5.488729354e-05,-0.209,-3.122,-0.733,-3.738,0.5944489039,0.0002464744849
1565,15657003,1,1,-0.058,-2.365,-0.059,-2.34,0.0006144372081,-5.277624379e-05,-0.209,-3.122,-0.733,-3.738,0.5944489039,0.0002464744849
1566,15665544,1,1,-0.059,-2.367,-0.059,-2.34,0,-5.699834329e-05,-0.209,-3.122,-0.733,-3.738,0.5944489039,0.0002464744849
1567,15675284,1,1,-0.059,-2.367,-0.059,-2.34,0,-5.699834329e-05,-0.209,-3.122,-0.733,-3.738,0.5944489039,0.0002464744849
1568,15685382,1,1,-0.059,-2.367,-0.059,-2.34,0,-5.699834329e-05,-0.209,-3.122,-0.733,-3.738,0.5944489039,0.0002464744849
1569,15694898,1,1,-0.059,-2.367,-0.059,-2.34,0,-5.699834329e-05,-0.223,-3.123,-0.733,-3.738,0.5785666812,0.000246074364
1570,15705877,1,1,-0.059,-2.367,-0.059,-2.34,0,-5.699834329e-05,-0.214,-3.128,-0.733,-3.738,0.5887766815,0.0002440737594
1571,15715977,1,1,-0.059,-2.367,-0.059,-2.34,0,-5.699834329e-05,-0.214,-3.128,-0.733,-3.738,0.5887766815,0.0002440737594
1572,15724998,1,1,-0.059,-2.367,-0.059,-2.34,0,-5.699834329e-05,-0.211,-3.122,-0.733,-3.738,0.5921800149,0.0002464744849
1573,15735517,1,1,-0.059,-2.367,-0.059,-2.34,0,-5.699834329e-05,-0.215,-3.12,-0.733,-3.738,0.587642237,0.0002472747267
1574,15748236,1,1,-0.059,-2.367,-0.059,-2.34,0,-5.699834329e-05,-0.215,-3.12,-0.733,-3.738,0.587642237,0.0002472747267
1575,15754900,1,1,-0.059,-2.367,-0.059,-2.34,0,-5.699834329e-05,-0.223,-3.131,-0.733,-3.738,0.5785666812,0.0002428733966
1576,15765399,1,1,-0.059,-2.367,-0.059,-2.34,0,-5.699834329e-05,-0.209,-3.123,-0.733,-3.738,0.5944489039,0.000246074364
1577,15775205,1,1,-0.059,-2.367,-0.059,-2.34,0,-5.699834329e-05,-0.222,-3.129,-0.733,-3.738,0.5797011257,0.0002436736385
1578,15784967,1,1,-0.058,-2.367,-0.059,-2.34,0.0006144372081,-5.699834329e-05,-0.212,-3.123,-0.733,-3.738,0.5910455704,0.000246074364
1579,15795540,1,1,-0.058,-2.367,-0.059,-2.34,0.0006144372081,-5.699834329e-05,-0.209,-3.122,-0.733,-3.738,0.5944489039,0.0002464744849
1580,15806306,1,1,-0.058,-2.367,-0.059,-2.34,0.0006144372081,-5.699834329e-05,-0.209,-3.122,-0.733,-3.738,0.5944489039,0.0002464744849
1581,15818583,1,1,-0.058,-2.367,-0.059,-2.34,0.0006144372081,-5.699834329e-05,-0.209,-3.123,-0.733,-3.738,0.5944489039,0.000246074364
1582,15836120,1,1,-0.058,-2.365,-0.059,-2.34,0.0006144372081,-5.277624379e-05,-0.215,-3.128,-0.733,-3.738,0.587642237,0.0002440737594
1583,15852254,1,1,-0.057,-2.364,-0.059,-2.34,0.001228874416,-5.066519404e-05,-0.209,-3.123,-0.733,-3.738,0.5944489039,0.000246074364
1584,15861324,1,1,-0.058,-2.365,-0.059,-2.34,0.0006144372081,-5.277624379e-05,-0.209,-3.123,-0.733,-3.738,0.5944489039,0.000246074364
1585,15869813,1,1,-0.058,-2.365,-0.059,-2.34,0.0006144372081,-5.277624379e-05,-0.209,-3.123,-0.733,-3.738,0.5944489039,0.000246074364
1586,15875942,1,1,-0.059,-2.366,-0.059,-2.34,0,-5.488729354e-05,-0.212,-3.12,-0.733,-3.738,0.5910455704,0.0002472747267
1587,15885336,1,1,-0.059,-2.366,-0.059,-2.34,0,-5.488729354e-05,-0.221,-3.129,-0.733,-3.738,0.5808355702,0.0002436736385
1588,15895265,1,1,-0.059,-2.367,-0.059,-2.34,0,-5.699834329e-05,-0.221,-3.129,-0.733,-3.738,0.5808355702,0.0002436736385
1589,15908987,1,1,-0.058,-2.365,-0.059,-2.34,0.0006144372081,-5.277624379e-05,-0.208,-3.122,-0.733,-3.738,0.5955833483,0.0002464744849
1590,15918004,1,1,-0.058,-2.365,-0.059,-2.34,0.0006144372081,-5.277624379e-05,-0.208,-3.123,-0.733,-3.738,0.5955833483,0.000246074364
1591,15925824,1,1,-0.059,-2.367,-0.059,-2.34,0,-5.699834329e-05,-0.208,-3.123,-0.733,-3.738,0.5955833483,0.000246074364
1592,15935303,1,1,-0.057,-2.364,-0.059,-2.34,0.001228874416,-5.066519404e-05,-0.212,-3.131,-0.733,-3.738,0.5910455704,0.0002428733966
1593,15946135,1,1,-0.057,-2.364,-0.059,-2.34,0.001228874416,-5.066519404e-05,-0.221,-3.131,-0.733,-3.738,0.5808355702,0.0002428733966
1594,15958844,1,1,-0.058,-2.365,-0.059,-2.34,0.0006144372081,-5.277624379e-05,-0.221,-3.131,-0.733,-3.738,0.5808355702,0.0002428733966
1595,15965548,1,1,-0.058,-2.365,-0.059,-2.34,0.0006144372081,-5.277624379e-05,-0.211,-3.123,-0.733,-3.738,0.5921800149,0.000246074364
1596,15976382,1,1,-0.058,-2.365,-0.059,-2.34,0.0006144372081,-5.277624379e-05,-0.208,-3.122,-0.733,-3.738,0.5955833483,0.0002464744849
1597,15985488,1,1,-0.058,-2.366,-0.059,-2.34,0.0006144372081,-5.488729354e-05,-0.208,-3.122,-0.733,-3.738,0.5955833483,0.0002464744849
1598,15996246,1,1,-0.059,-2.366,-0.059,-2.34,0,-5.488729354e-05,-0.209,-3.121,-0.733,-3.738,0.5944489039,0.0002468746058
1599,16005187,1,1,-0.059,-2.366,-0.059,-2.34,0,-5.488729354e-05,-0.213,-3.123,-0.733,-3.738,0.589911126,0.000246074364
1600,16015517,1,1,-0.059,-2.367,-0.059,-2.34,0,-5.699834329e-05,-0.213,-3.123,-0.733,-3.738,0.589911126,0.000246074364
1601,16025551,1,1,-0.058,-2.366,-0.059,-2.34,0.0006144372081,-5.488729354e-05,-0.21,-3.122,-0.733,-3.738,0.5933144594,0.0002464744849
1602,16035444,1,1,-0.058,-2.366,-0.059,-2.34,0.0006144372081,-5.488729354e-05,-0.208,-3.12,-0.733,-3.738,0.5955833483,0.0002472747267
1603,16044917,1,1,-0.059,-2.367,-0.059,-2.34,0,-5.699834329e-05,-0.208,-3.12,-0.733,-3.738,0.5955833483,0.0002472747267
1604,16058096,1,1,-0.059,-2.367,-0.059,-2.34,0,-5.699834329e-05,-0.206,-3.12,-0.733,-3.738,0.5978522373,0.0002472747267
1605,16065325,1,1,-0.059,-2.367,-0.059,-2.34,0,-5.699834329e-05,-0.213,-3.123,-0.733,-3.738,0.589911126,0.000246074364
1606,16075613,1,1,-0.059,-2.367,-0.059,-2.34,0,-5.699834329e-05,-0.213,-3.123,-0.733,-3.738,0.589911126,0.000246074364
1607,16086704,1,1,-0.058,-2.365,-0.059,-2.34,0.0006144372081,-5.277624379e-05,-0.207,-3.126,-0.733,-3.738,0.5967177928,0.0002448740012
1608,16095018,1,1,-0.058,-2.365,-0.059,-2.34,0.0006144372081,-5.277624379e-05,-0.208,-3.121,-0.733,-3.738,0.5955833483,0.0002468746058
1609,16105683,1,1,-0.059,-2.367,-0.059,-2.34,0,-5.699834329e-05,-0.208,-3.121,-0.733,-3.738,0.5955833483,0.0002468746058
1610,16115095,1,1,-0.059,-2.366,-0.059,-2.34,0,-5.488729354e-05,-0.216,-3.129,-0.733,-3.738,0.5865077925,0.0002436736385
1611,16125160,1,1,-0.059,-2.366,-0.059,-2.34,0,-5.488729354e-05,-0.214,-3.124,-0.733,-3.738,0.5887766815,0.000245674243
1612,16135013,1,1,-0.06,-2.366,-0.059,-2.34,-0.0006144372081,-5.488729354e-05,-0.214,-3.124,-0.733,-3.738,0.5887766815,0.000245674243
1613,16144867,1,1,-0.059,-2.365,-0.059,-2.34,0,-5.277624379e-05,-0.211,-3.121,-0.733,-3.738,0.5921800149,0.0002468746058
1614,16158623,1,1,-0.059,-2.365,-0.059,-2.34,0,-5.277624379e-05,-0.21,-3.121,-0.733,-3.738,0.5933144594,0.0002468746058
1615,16165452,1,1,-0.059,-2.367,-0.059,-2.34,0,-5.699834329e-05,-0.21,-3.121,-0.733,-3.738,0.5933144594,0.0002468746058
1616,16175080,1,1,-0.059,-2.366,-0.059,-2.34,0,-5.488729354e-05,-0.217,-3.127,-0.733,-3.738,0.5853733481,0.0002444738803
1617,16185614,1,1,-0.059,-2.366,-0.059,-2.34,0,-5.488729354e-05,-0.214,-3.117,-0.733,-3.738,0.5887766815,0.0002484750895
1618,16195513,1,1,-0.059,-2.366,-0.059,-2.34,0,-5.488729354e-05,-0.214,-3.117,-0.733,-3.738,0.5887766815,0.0002484750895
1619,16205463,1,1,-0.058,-2.364,-0.059,-2.34,0.0006144372081,-5.066519404e-05,-0.214,-3.117,-0.733,-3.738,0.5887766815,0.0002484750895
1620,16215588,1,1,-0.058,-2.364,-0.059,-2.34,0.0006144372081,-5.066519404e-05,-0.214,-3.117,-0.733,-3.738,0.5887766815,0.0002484750895
1621,16225781,1,1,-0.059,-2.366,-0.059,-2.34,0,-5.488729354e-05,-0.214,-3.117,-0.733,-3.738,0.5887766815,0.0002484750895
1622,16235509,1,1,-0.058,-2.366,-0.059,-2.34,0.0006144372081,-5.488729354e-05,-0.213,-3.123,-0.733,-3.738,0.589911126,0.000246074364
1623,16245335,1,1,-0.058,-2.366,-0.059,-2.34,0.0006144372081,-5.488729354e-05,-0.213,-3.123,-0.733,-3.738,0.589911126,0.000246074364
1624,16257607,1,1,-0.058,-2.366,-0.059,-2.34,0.0006144372081,-5.488729354e-05,-0.213,-3.123,-0.733,-3.738,0.589911126,0.000246074364
1625,16265510,1,1,-0.058,-2.366,-0.059,-2.34,0.0006144372081,-5.488729354e-05,-0.209,-3.122,-0.733,-3.738,0.5944489039,0.0002464744849
1626,16275027,1,1,-0.058,-2.366,-0.059,-2.34,0.0006144372081,-5.488729354e-05,-0.21,-3.12,-0.733,-3.738,0.5933144594,0.0002472747267
1627,16285527,1,1,-0.058,-2.365,-0.059,-2.34,0.0006144372081,-5.277624379e-05,-0.21,-3.12,-0.733,-3.738,0.5933144594,0.0002472747267
1628,16295833,1,1,-0.058,-2.365,-0.059,-2.34,0.0006144372081,-5.277624379e-05,-0.21,-3.12,-0.733,-3.738,0.5933144594,0.0002472747267
1629,16306406,1,1,-0.058,-2.365,-0.059,-2.34,0.0006144372081,-5.277624379e-05,-0.214,-3.117,-0.733,-3.738,0.5887766815,0.0002484750895
1630,16315179,1,1,-0.059,-2.367,-0.059,-2.34,0,-5.699834329e-05,-0.209,-3.121,-0.733,-3.738,0.5944489039,0.0002468746058
1631,16325192,1,1,-0.059,-2.366,-0.059,-2.34,0,-5.488729354e-05,-0.215,-3.122,-0.733,-3.738,0.587642237,0.0002464744849
1632,16335189,1,1,-0.059,-2.366,-0.059,-2.34,0,-5.488729354e-05,-0.215,-3.122,-0.733,-3.738,0.587642237,0.0002464744849
1633,16345172,1,1,-0.06,-2.367,-0.059,-2.34,-0.0006144372081,-5.699834329e-05,-0.215,-3.122,-0.733,-3.738,0.587642237,0.0002464744849
1634,16358450,1,1,-0.059,-2.366,-0.059,-2.34,0,-5.488729354e-05,-0.209,-3.123,-0.733,-3.738,0.5944489039,0.000246074364
1635,16366140,1,1,-0.059,-2.366,-0.059,-2.34,0,-5.488729354e-05,-0.209,-3.123,-0.733,-3.738,0.5944489039,0.000246074364
1636,16375289,1,1,-0.059,-2.367,-0.059,-2.34,0,-5.699834329e-05,-0.209,-3.123,-0.733,-3.738,0.5944489039,0.000246074364
1637,16385463,1,1,-0.059,-2.366,-0.059,-2.34,0,-5.488729354e-05,-0.211,-3.124,-0.733,-3.738,0.5921800149,0.000245674243
1638,16395385,1,1,-0.059,-2.366,-0.059,-2.34,0,-5.488729354e-05,-0.213,-3.128,-0.733,-3.738,0.589911126,0.0002440737594
1639,16405807,1,1,-0.059,-2.366,-0.059,-2.34,0,-5.488729354e-05,-0.213,-3.128,-0.733,-3.738,0.589911126,0.0002440737594
1640,16416031,1,1,-0.059,-2.366,-0.059,-2.34,0,-5.488729354e-05,-0.211,-3.124,-0.733,-3.738,0.5921800149,0.000245674243
1641,16425977,1,1,-0.059,-2.366,-0.059,-2.34,0,-5.488729354e-05,-0.209,-3.123,-0.733,-3.738,0.5944489039,0.000246074364
1642,16436073,1,1,-0.058,-2.365,-0.059,-2.34,0.0006144372081,-5.277624379e-05,-0.209,-3.123,-0.733,-3.738,0.5944489039,0.000246074364
1643,16446051,1,1,-0.059,-2.367,-0.059,-2.34,0,-5.699834329e-05,-0.211,-3.124,-0.733,-3.738,0.5921800149,0.000245674243
1644,16457821,1,1,-0.059,-2.367,-0.059,-2.34,0,-5.699834329e-05,-0.221,-3.131,-0.733,-3.738,0.5808355702,0.0002428733966
1645,16466073,1,1,-0.057,-2.364,-0.059,-2.34,0.001228874416,-5.066519404e-05,-0.221,-3.131,-0.733,-3.738,0.5808355702,0.0002428733966
1646,16474951,1,1,-0.058,-2.366,-0.059,-2.34,0.0006144372081,-5.488729354e-05,-0.213,-3.124,-0.733,-3.738,0.589911126,0.000245674243
1647,16485751,1,1,-0.058,-2.366,-0.059,-2.34,0.0006144372081,-5.488729354e-05,-0.212,-3.121,-0.733,-3.738,0.5910455704,0.0002468746058
1648,16495943,1,1,-0.058,-2.365,-0.059,-2.34,0.0006144372081,-5.277624379e-05,-0.212,-3.121,-0.733,-3.738,0.5910455704,0.0002468746058
1649,16505793,1,1,-0.058,-2.365,-0.059,-2.34,0.0006144372081,-5.277624379e-05,-0.21,-3.127,-0.733,-3.738,0.5933144594,0.0002444738803
1650,16515347,1,1,-0.058,-2.365,-0.059,-2.34,0.0006144372081,-5.277624379e-05,-0.22,-3.131,-0.733,-3.738,0.5819700146,0.0002428733966
1651,16525020,1,1,-0.059,-2.366,-0.059,-2.34,0,-5.488729354e-05,-0.22,-3.131,-0.733,-3.738,0.5819700146,0.0002428733966
1652,16535384,1,1,-0.059,-2.366,-0.059,-2.34,0,-5.488729354e-05,-0.213,-3.123,-0.733,-3.738,0.589911126,0.000246074364
1653,16545456,1,1,-0.059,-2.366,-0.059,-2.34,0,-5.488729354e-05,-0.214,-3.12,-0.733,-3.738,0.5887766815,0.0002472747267
1654,16558614,1,1,-0.059,-2.366,-0.059,-2.34,0,-5.488729354e-05,-0.214,-3.12,-0.733,-3.738,0.5887766815,0.0002472747267
1655,16565184,1,1,-0.059,-2.366,-0.059,-2.34,0,-5.488729354e-05,-0.211,-3.122,-0.733,-3.738,0.5921800149,0.0002464744849
1656,16575196,1,1,-0.059,-2.366,-0.059,-2.34,0,-5.488729354e-05,-0.219,-3.129,-0.733,-3.738,0.5831044591,0.0002436736385
1657,16584940,1,1,-0.059,-2.367,-0.059,-2.34,0,-5.699834329e-05,-0.219,-3.129,-0.733,-3.738,0.5831044591,0.0002436736385
1658,16595413,1,1,-0.06,-2.367,-0.059,-2.34,-0.0006144372081,-5.699834329e-05,-0.219,-3.129,-0.733,-3.738,0.5831044591,0.0002436736385
1659,16605113,1,1,-0.06,-2.367,-0.059,-2.34,-0.0006144372081,-5.699834329e-05,-0.219,-3.129,-0.733,-3.738,0.5831044591,0.0002436736385
1660,16615538,1,1,-0.06,-2.366,-0.059,-2.34,-0.0006144372081,-5.488729354e-05,-0.219,-3.129,-0.733,-3.738,0.5831044591,0.0002436736385
1661,16625012,1,1,-0.06,-2.366,-0.059,-2.34,-0.0006144372081,-5.488729354e-05,-0.215,-3.123,-0.733,-3.738,0.587642237,0.000246074364
1662,16635440,1,1,-0.06,-2.366,-0.059,-2.34,-0.0006144372081,-5.488729354e-05,-0.214,-3.121,-0.733,-3.738,0.5887766815,0.0002468746058
1663,16644952,1,1,-0.059,-2.367,-0.059,-2.34,0,-5.699834329e-05,-0.214,-3.121,-0.733,-3.738,0.5887766815,0.0002468746058
1664,16656839,1,1,-0.059,-2.366,-0.059,-2.34,0,-5.488729354e-05,-0.213,-3.123,-0.733,-3.738,0.589911126,0.000246074364
1665,16666385,1,1,-0.059,-2.366,-0.059,-2.34,0,-5.488729354e-05,-0.219,-3.13,-0.733,-3.738,0.5831044591,0.0002432735175
1666,16675527,1,1,-0.059,-2.367,-0.059,-2.34,0,-5.699834329e-05,-0.219,-3.13,-0.733,-3.738,0.5831044591,0.0002432735175
1667,16685325,1,1,-0.059,-2.367,-0.059,-2.34,0,-5.699834329e-05,-0.219,-3.13,-0.733,-3.738,0.5831044591,0.0002432735175
1668,16695525,1,1,-0.059,-2.367,-0.059,-2.34,0,-5.699834329e-05,-0.219,-3.13,-0.733,-3.738,0.5831044591,0.0002432735175
1669,16705358,1,1,-0.059,-2.367,-0.059,-2.34,0,-5.699834329e-05,-0.219,-3.13,-0.733,-3.738,0.5831044591,0.0002432735175
1670,16715515,1,1,-0.058,-2.365,-0.059,-2.34,0.0006144372081,-5.277624379e-05,-0.219,-3.13,-0.733,-3.738,0.5831044591,0.0002432735175
1671,16725391,1,1,-0.058,-2.365,-0.059,-2.34,0.0006144372081,-5.277624379e-05,-0.213,-3.121,-0.733,-3.738,0.589911126,0.0002468746058
1672,16736020,1,1,-0.059,-2.367,-0.059,-2.34,0,-5.699834329e-05,-0.21,-3.122,-0.733,-3.738,0.5933144594,0.0002464744849
1673,16746559,1,1,-0.059,-2.367,-0.059,-2.34,0,-5.699834329e-05,-0.211,-3.123,-0.733,-3.738,0.5921800149,0.000246074364
1674,16757771,1,1,-0.059,-2.367,-0.059,-2.34,0,-5.699834329e-05,-0.216,-3.127,-0.733,-3.738,0.5865077925,0.0002444738803
1675,16765398,1,1,-0.059,-2.367,-0.059,-2.34,0,-5.699834329e-05,-0.216,-3.127,-0.733,-3.738,0.5865077925,0.0002444738803
1676,16775392,1,1,-0.059,-2.365,-0.059,-2.34,0,-5.277624379e-05,-0.216,-3.127,-0.733,-3.738,0.5865077925,0.0002444738803
1677,16785447,1,1,-0.059,-2.365,-0.059,-2.34,0,-5.277624379e-05,-0.21,-3.122,-0.733,-3.738,0.5933144594,0.0002464744849
1678,16795532,1,1,-0.059,-2.367,-0.059,-2.34,0,-5.699834329e-05,-0.212,-3.122,-0.733,-3.738,0.5910455704,0.0002464744849
1679,16804941,1,1,-0.059,-2.367,-0.059,-2.34,0,-5.699834329e-05,-0.222,-3.134,-0.733,-3.738,0.5797011257,0.0002416730339
1680,16815288,1,1,-0.059,-2.367,-0.059,-2.34,0,-5.699834329e-05,-0.223,-3.13,-0.733,-3.738,0.5785666812,0.0002432735175
1681,16825008,1,1,-0.06,-2.366,-0.059,-2.34,-0.0006144372081,-5.488729354e-05,-0.223,-3.13,-0.733,-3.738,0.5785666812,0.0002432735175
1682,16835830,1,1,-0.059,-2.365,-0.059,-2.34,0,-5.277624379e-05,-0.212,-3.121,-0.733,-3.738,0.5910455704,0.0002468746058
1683,16845421,1,1,-0.059,-2.365,-0.059,-2.34,0,-5.277624379e-05,-0.212,-3.123,-0.733,-3.738,0.5910455704,0.000246074364
1684,16858213,1,1,-0.058,-2.365,-0.059,-2.34,0.0006144372081,-5.277624379e-05,-0.212,-3.123,-0.733,-3.738,0.5910455704,0.000246074364
1685,16865604,1,1,-0.058,-2.365,-0.059,-2.34,0.0006144372081,-5.277624379e-05,-0.211,-3.122,-0.733,-3.738,0.5921800149,0.0002464744849
1686,16874911,1,1,-0.058,-2.365,-0.059,-2.34,0.0006144372081,-5.277624379e-05,-0.221,-3.131,-0.733,-3.738,0.5808355702,0.0002428733966
1687,16885258,1,1,-0.059,-2.367,-0.059,-2.34,0,-5.699834329e-05,-0.221,-3.131,-0.733,-3.738,0.5808355702,0.0002428733966
1688,16894964,1,1,-0.059,-2.365,-0.059,-2.34,0,-5.277624379e-05,-0.212,-3.123,-0.733,-3.738,0.5910455704,0.000246074364
1689,16905590,1,1,-0.059,-2.365,-0.059,-2.34,0,-5.277624379e-05,-0.212,-3.122,-0.733,-3.738,0.5910455704,0.0002464744849
1690,16915034,1,1,-0.059,-2.366,-0.059,-2.34,0,-5.488729354e-05,-0.212,-3.122,-0.733,-3.738,0.5910455704,0.0002464744849
1691,16924976,1,1,-0.058,-2.364,-0.059,-2.34,0.0006144372081,-5.066519404e-05,-0.214,-3.126,-0.733,-3.738,0.5887766815,0.0002448740012
1692,16935404,1,1,-0.058,-2.364,-0.059,-2.34,0.0006144372081,-5.066519404e-05,-0.221,-3.131,-0.733,-3.738,0.5808355702,0.0002428733966
1693,16945582,1,1,-0.059,-2.367,-0.059,-2.34,0,-5.699834329e-05,-0.221,-3.131,-0.733,-3.738,0.5808355702,0.0002428733966
1694,16956828,1,1,-0.059,-2.367,-0.059,-2.34,0,-5.699834329e-05,-0.212,-3.122,-0.733,-3.738,0.5910455704,0.0002464744849
1695,16964914,1,1,-0.059,-2.367,-0.059,-2.34,0,-5.699834329e-05,-0.212,-3.123,-0.733,-3.738,0.5910455704,0.000246074364
1696,16975382,1,1,-0.058,-2.366,-0.059,-2.34,0.0006144372081,-5.488729354e-05,-0.212,-3.123,-0.733,-3.738,0.5910455704,0.000246074364
1697,16985518,1,1,-0.058,-2.366,-0.059,-2.34,0.0006144372081,-5.488729354e-05,-0.212,-3.123,-0.733,-3.738,0.5910455704,0.000246074364
1698,16994912,1,1,-0.058,-2.366,-0.059,-2.34,0.0006144372081,-5.488729354e-05,-0.221,-3.131,-0.733,-3.738,0.5808355702,0.0002428733966
1699,17005386,1,1,-0.059,-2.366,-0.059,-2.34,0,-5.488729354e-05,-0.221,-3.131,-0.733,-3.738,0.5808355702,0.0002428733966
1700,17015500,1,1,-0.058,-2.364,-0.059,-2.34,0.0006144372081,-5.066519404e-05,-0.215,-3.124,-0.733,-3.738,0.587642237,0.000245674243
1701,17025351,1,1,-0.058,-2.364,-0.059,-2.34,0.0006144372081,-5.066519404e-05,-0.213,-3.123,-0.733,-3.738,0.589911126,0.000246074364
1702,17035435,1,1,-0.059,-2.366,-0.059,-2.34,0,-5.488729354e-05,-0.213,-3.123,-0.733,-3.738,0.589911126,0.000246074364
1703,17045629,1,1,-0.058,-2.364,-0.059,-2.34,0.0006144372081,-5.066519404e-05,-0.216,-3.128,-0.733,-3.738,0.5865077925,0.0002440737594
1704,17057447,1,1,-0.058,-2.364,-0.059,-2.34,0.0006144372081,-5.066519404e-05,-0.222,-3.132,-0.733,-3.738,0.5797011257,0.0002424732757
1705,17064937,1,1,-0.059,-2.367,-0.059,-2.34,0,-5.699834329e-05,-0.222,-3.132,-0.733,-3.738,0.5797011257,0.0002424732757
1706,17075544,1,1,-0.059,-2.365,-0.059,-2.34,0,-5.277624379e-05,-0.222,-3.132,-0.733,-3.738,0.5797011257,0.0002424732757
1707,17085051,1,1,-0.059,-2.365,-0.059,-2.34,0,-5.277624379e-05,-0.212,-3.123,-0.733,-3.738,0.5910455704,0.000246074364
1708,17095584,1,1,-0.059,-2.366,-0.059,-2.34,0,-5.488729354e-05,-0.227,-3.131,-0.733,-3.738,0.5740289033,0.0002428733966
1709,17105545,1,1,-0.058,-2.365,-0.059,-2.34,0.0006144372081,-5.277624379e-05,-0.213,-3.127,-0.733,-3.738,0.589911126,0.0002444738803
1710,17115558,1,1,-0.058,-2.365,-0.059,-2.34,0.0006144372081,-5.277624379e-05,-0.218,-3.128,-0.733,-3.738,0.5842389036,0.0002440737594
1711,17125225,1,1,-0.059,-2.367,-0.059,-2.34,0,-5.699834329e-05,-0.218,-3.128,-0.733,-3.738,0.5842389036,0.0002440737594
1712,17134882,1,1,-0.058,-2.365,-0.059,-2.34,0.0006144372081,-5.277624379e-05,-0.213,-3.123,-0.733,-3.738,0.589911126,0.000246074364
1713,17145758,1,1,-0.058,-2.365,-0.059,-2.34,0.0006144372081,-5.277624379e-05,-0.229,-3.125,-0.733,-3.738,0.5717600144,0.0002452741221
1714,17157677,1,1,-0.058,-2.365,-0.059,-2.34,0.0006144372081,-5.277624379e-05,-0.229,-3.125,-0.733,-3.738,0.5717600144,0.0002452741221
1715,17165489,1,1,-0.058,-2.365,-0.059,-2.34,0.0006144372081,-5.277624379e-05,-0.216,-3.123,-0.733,-3.738,0.5865077925,0.000246074364
1716,17175468,1,1,-0.058,-2.365,-0.059,-2.34,0.0006144372081,-5.277624379e-05,-0.22,-3.129,-0.733,-3.738,0.5819700146,0.0002436736385
1717,17185923,1,1,-0.058,-2.364,-0.059,-2.34,0.0006144372081,-5.066519404e-05,-0.22,-3.129,-0.733,-3.738,0.5819700146,0.0002436736385
1718,17195455,1,1,-0.058,-2.364,-0.059,-2.34,0.0006144372081,-5.066519404e-05,-0.22,-3.129,-0.733,-3.738,0.5819700146,0.0002436736385
1719,17206422,1,1,-0.058,-2.364,-0.059,-2.34,0.0006144372081,-5.066519404e-05,-0.22,-3.129,-0.733,-3.738,0.5819700146,0.0002436736385
1720,17215304,1,1,-0.058,-2.366,-0.059,-2.34,0.0006144372081,-5.488729354e-05,-0.22,-3.129,-0.733,-3.738,0.5819700146,0.0002436736385
1721,17225400,1,1,-0.057,-2.365,-0.059,-2.34,0.001228874416,-5.277624379e-05,-0.22,-3.129,-0.733,-3.738,0.5819700146,0.0002436736385
1722,17235290,1,1,-0.057,-2.365,-0.059,-2.34,0.001228874416,-5.277624379e-05,-0.22,-3.129,-0.733,-3.738,0.5819700146,0.0002436736385
1723,17245185,1,1,-0.059,-2.366,-0.059,-2.34,0,-5.488729354e-05,-0.22,-3.129,-0.733,-3.738,0.5819700146,0.0002436736385
1724,17257554,1,1,-0.059,-2.365,-0.059,-2.34,0,-5.277624379e-05,-0.213,-3.122,-0.733,-3.738,0.589911126,0.0002464744849
1725,17265328,1,1,-0.059,-2.365,-0.059,-2.34,0,-5.277624379e-05,-0.228,-3.125,-0.733,-3.738,0.5728944589,0.0002452741221
1726,17275260,1,1,-0.06,-2.366,-0.059,-2.34,-0.0006144372081,-5.488729354e-05,-0.228,-3.125,-0.733,-3.738,0.5728944589,0.0002452741221
1727,17285022,1,1,-0.059,-2.364,-0.059,-2.34,0,-5.066519404e-05,-0.217,-3.128,-0.733,-3.738,0.5853733481,0.0002440737594
1728,17295269,1,1,-0.059,-2.364,-0.059,-2.34,0,-5.066519404e-05,-0.214,-3.123,-0.733,-3.738,0.5887766815,0.000246074364
1729,17305247,1,1,-0.06,-2.366,-0.059,-2.34,-0.0006144372081,-5.488729354e-05,-0.212,-3.122,-0.733,-3.738,0.5910455704,0.0002464744849
1730,17315294,1,1,-0.058,-2.364,-0.059,-2.34,0.0006144372081,-5.066519404e-05,-0.223,-3.127,-0.733,-3.738,0.5785666812,0.0002444738803
1731,17325196,1,1,-0.058,-2.364,-0.059,-2.34,0.0006144372081,-5.066519404e-05,-0.229,-3.129,-0.733,-3.738,0.5717600144,0.0002436736385
1732,17335261,1,1,-0.059,-2.366,-0.059,-2.34,0,-5.488729354e-05,-0.229,-3.129,-0.733,-3.738,0.5717600144,0.0002436736385
1733,17345321,1,1,-0.058,-2.364,-0.059,-2.34,0.0006144372081,-5.066519404e-05,-0.215,-3.123,-0.733,-3.738,0.587642237,0.000246074364
1734,17357036,1,1,-0.058,-2.364,-0.059,-2.34,0.0006144372081,-5.066519404e-05,-0.22,-3.13,-0.733,-3.738,0.5819700146,0.0002432735175
1735,17365688,1,1,-0.059,-2.366,-0.059,-2.34,0,-5.488729354e-05,-0.22,-3.13,-0.733,-3.738,0.5819700146,0.0002432735175
1736,17375120,1,1,-0.058,-2.364,-0.059,-2.34,0.0006144372081,-5.066519404e-05,-0.215,-3.122,-0.733,-3.738,0.587642237,0.0002464744849
1737,17385163,1,1,-0.058,-2.364,-0.059,-2.34,0.0006144372081,-5.066519404e-05,0.225,-2.787,-0.733,-3.738,1.086797805,0.0003805149921
1738,17395722,1,1,-0.059,-2.366,-0.059,-2.34,0,-5.488729354e-05,0.225,-2.787,-0.733,-3.738,1.086797805,0.0003805149921
1739,17405377,1,1,-0.058,-2.364,-0.059,-2.34,0.0006144372081,-5.066519404e-05,-0.212,-3.123,-0.733,-3.738,0.5910455704,0.000246074364
1740,17415507,1,1,-0.058,-2.364,-0.059,-2.34,0.0006144372081,-5.066519404e-05,-0.223,-3.131,-0.733,-3.738,0.5785666812,0.0002428733966
1741,17425202,1,1,-0.059,-2.366,-0.059,-2.34,0,-5.488729354e-05,-0.223,-3.131,-0.733,-3.738,0.5785666812,0.0002428733966
1742,17435472,1,1,-0.058,-2.365,-0.059,-2.34,0.0006144372081,-5.277624379e-05,-0.216,-3.125,-0.733,-3.738,0.5865077925,0.0002452741221
1743,17445499,1,1,-0.058,-2.365,-0.059,-2.34,0.0006144372081,-5.277624379e-05,-0.217,-3.126,-0.733,-3.738,0.5853733481,0.0002448740012
1744,17458773,1,1,-0.058,-2.364,-0.059,-2.34,0.0006144372081,-5.066519404e-05,-0.217,-3.126,-0.733,-3.738,0.5853733481,0.0002448740012
1745,17464992,1,1,-0.058,-2.364,-0.059,-2.34,0.0006144372081,-5.066519404e-05,-0.214,-3.123,-0.733,-3.738,0.5887766815,0.000246074364
1746,17475156,1,1,-0.058,-2.364,-0.059,-2.34,0.0006144372081,-5.066519404e-05,-0.221,-3.131,-0.733,-3.738,0.5808355702,0.0002428733966
1747,17485782,1,1,-0.06,-2.366,-0.059,-2.34,-0.0006144372081,-5.488729354e-05,-0.221,-3.131,-0.733,-3.738,0.5808355702,0.0002428733966
1748,17495490,1,1,-0.06,-2.366,-0.059,-2.34,-0.0006144372081,-5.488729354e-05,-0.216,-3.124,-0.733,-3.738,0.5865077925,0.000245674243
1749,17504996,1,1,-0.06,-2.366,-0.059,-2.34,-0.0006144372081,-5.488729354e-05,-0.223,-3.13,-0.733,-3.738,0.5785666812,0.0002432735175
1750,17516077,1,1,-0.06,-2.365,-0.059,-2.34,-0.0006144372081,-5.277624379e-05,-0.223,-3.13,-0.733,-3.738,0.5785666812,0.0002432735175
1751,17526290,1,1,-0.059,-2.364,-0.059,-2.34,0,-5.066519404e-05,-0.223,-3.13,-0.733,-3.738,0.5785666812,0.0002432735175
1752,17534960,1,1,-0.059,-2.364,-0.059,-2.34,0,-5.066519404e-05,-0.223,-3.13,-0.733,-3.738,0.5785666812,0.0002432735175
1753,17545708,1,1,-0.059,-2.366,-0.059,-2.34,0,-5.488729354e-05,-0.223,-3.13,-0.733,-3.738,0.5785666812,0.0002432735175
1754,17558927,1,1,-0.059,-2.366,-0.059,-2.34,0,-5.488729354e-05,-0.213,-3.123,-0.733,-3.738,0.589911126,0.000246074364
1755,17565071,1,1,-0.059,-2.366,-0.059,-2.34,0,-5.488729354e-05,-0.226,-3.128,-0.733,-3.738,0.5751633478,0.0002440737594
1756,17575278,1,1,-0.06,-2.365,-0.059,-2.34,-0.0006144372081,-5.277624379e-05,-0.226,-3.128,-0.733,-3.738,0.5751633478,0.0002440737594
1757,17585038,1,1,-0.059,-2.365,-0.059,-2.34,0,-5.277624379e-05,-0.217,-3.125,-0.733,-3.738,0.5853733481,0.0002452741221
1758,17595289,1,1,-0.059,-2.365,-0.059,-2.34,0,-5.277624379e-05,-0.213,-3.124,-0.733,-3.738,0.589911126,0.000245674243
1759,17605266,1,1,-0.059,-2.366,-0.059,-2.34,0,-5.488729354e-05,-0.224,-3.13,-0.733,-3.738,0.5774322368,0.0002432735175
1760,17615510,1,1,-0.059,-2.366,-0.059,-2.34,0,-5.488729354e-05,-0.217,-3.123,-0.733,-3.738,0.5853733481,0.000246074364
1761,17625374,1,1,-0.059,-2.366,-0.059,-2.34,0,-5.488729354e-05,-0.228,-3.129,-0.733,-3.738,0.5728944589,0.0002436736385
1762,17635561,1,1,-0.059,-2.366,-0.059,-2.34,0,-5.488729354e-05,-0.228,-3.129,-0.733,-3.738,0.5728944589,0.0002436736385
1763,17645840,1,1,-0.059,-2.365,-0.059,-2.34,0,-5.277624379e-05,-0.215,-3.124,-0.733,-3.738,0.587642237,0.000245674243
1764,17659658,1,1,-0.059,-2.365,-0.059,-2.34,0,-5.277624379e-05,-0.226,-3.132,-0.733,-3.738,0.5751633478,0.0002424732757
1765,17664995,1,1,-0.059,-2.365,-0.059,-2.34,0,-5.277624379e-05,-0.226,-3.132,-0.733,-3.738,0.5751633478,0.0002424732757
1766,17675300,1,1,-0.059,-2.366,-0.059,-2.34,0,-5.488729354e-05,-0.226,-3.132,-0.733,-3.738,0.5751633478,0.0002424732757
1767,17686031,1,1,-0.059,-2.366,-0.059,-2.34,0,-5.488729354e-05,-0.226,-3.132,-0.733,-3.738,0.5751633478,0.0002424732757
1768,17695289,1,1,-0.059,-2.366,-0.059,-2.34,0,-5.488729354e-05,-0.226,-3.132,-0.733,-3.738,0.5751633478,0.0002424732757
1769,17705371,1,1,-0.059,-2.365,-0.059,-2.34,0,-5.277624379e-05,-0.215,-3.122,-0.733,-3.738,0.587642237,0.0002464744849
1770,17716079,1,1,-0.059,-2.365,-0.059,-2.34,0,-5.277624379e-05,-0.234,-3.123,-0.733,-3.738,0.566087792,0.000246074364
1771,17725645,1,1,-0.06,-2.366,-0.059,-2.34,-0.0006144372081,-5.488729354e-05,-0.234,-3.123,-0.733,-3.738,0.566087792,0.000246074364
1772,17735725,1,1,-0.06,-2.366,-0.059,-2.34,-0.0006144372081,-5.488729354e-05,-0.219,-3.129,-0.733,-3.738,0.5831044591,0.0002436736385
1773,17746062,1,1,-0.06,-2.366,-0.059,-2.34,-0.0006144372081,-5.488729354e-05,-0.214,-3.122,-0.733,-3.738,0.5887766815,0.0002464744849
1774,17761767,1,1,-0.06,-2.366,-0.059,-2.34,-0.0006144372081,-5.488729354e-05,-0.236,-3.128,-0.733,-3.738,0.5638189031,0.0002440737594
1775,17770369,1,1,-0.06,-2.366,-0.059,-2.34,-0.0006144372081,-5.488729354e-05,-0.227,-3.121,-0.733,-3.738,0.5740289033,0.0002468746058
1776,17779286,1,1,-0.06,-2.366,-0.059,-2.34,-0.0006144372081,-5.488729354e-05,-0.231,-3.126,-0.733,-3.738,0.5694911254,0.0002448740012
1777,17786225,1,1,-0.059,-2.366,-0.059,-2.34,0,-5.488729354e-05,-0.231,-3.126,-0.733,-3.738,0.5694911254,0.0002448740012
1778,17795285,1,1,-0.059,-2.366,-0.059,-2.34,0,-5.488729354e-05,-0.221,-3.13,-0.733,-3.738,0.5808355702,0.0002432735175
1779,17805356,1,1,-0.059,-2.366,-0.059,-2.34,0,-5.488729354e-05,-0.218,-3.129,-0.733,-3.738,0.5842389036,0.0002436736385
1780,17815434,1,1,-0.059,-2.366,-0.059,-2.34,0,-5.488729354e-05,-0.218,-3.129,-0.733,-3.738,0.5842389036,0.0002436736385
1781,17825226,1,1,-0.059,-2.366,-0.059,-2.34,0,-5.488729354e-05,-0.217,-3.124,-0.733,-3.738,0.5853733481,0.000245674243
1782,17836592,1,1,-0.059,-2.366,-0.059,-2.34,0,-5.488729354e-05,-0.23,-3.132,-0.733,-3.738,0.5706255699,0.0002424732757
1783,17845166,1,1,-0.06,-2.366,-0.059,-2.34,-0.0006144372081,-5.488729354e-05,-0.23,-3.132,-0.733,-3.738,0.5706255699,0.0002424732757
1784,17859335,1,1,-0.059,-2.365,-0.059,-2.34,0,-5.277624379e-05,-0.214,-3.122,-0.733,-3.738,0.5887766815,0.0002464744849
1785,17866790,1,1,-0.059,-2.365,-0.059,-2.34,0,-5.277624379e-05,-0.218,-3.131,-0.733,-3.738,0.5842389036,0.0002428733966
1786,17876004,1,1,-0.059,-2.366,-0.059,-2.34,0,-5.488729354e-05,-0.218,-3.131,-0.733,-3.738,0.5842389036,0.0002428733966
1787,17886228,1,1,-0.059,-2.365,-0.059,-2.34,0,-5.277624379e-05,-0.214,-3.124,-0.733,-3.738,0.5887766815,0.000245674243
1788,17895790,1,1,-0.059,-2.365,-0.059,-2.34,0,-5.277624379e-05,-0.228,-3.13,-0.733,-3.738,0.5728944589,0.0002432735175
1789,17907375,1,1,-0.059,-2.366,-0.059,-2.34,0,-5.488729354e-05,-0.228,-3.13,-0.733,-3.738,0.5728944589,0.0002432735175
1790,17915987,1,1,-0.059,-2.366,-0.059,-2.34,0,-5.488729354e-05,-0.216,-3.123,-0.733,-3.738,0.5865077925,0.000246074364
1791,17925736,1,1,-0.059,-2.366,-0.059,-2.34,0,-5.488729354e-05,-0.226,-3.131,-0.733,-3.738,0.5751633478,0.0002428733966
1792,17935991,1,1,-0.059,-2.366,-0.059,-2.34,0,-5.488729354e-05,-0.226,-3.131,-0.733,-3.738,0.5751633478,0.0002428733966
1793,17945286,1,1,-0.06,-2.365,-0.059,-2.34,-0.0006144372081,-5.277624379e-05,-0.216,-3.125,-0.733,-3.738,0.5865077925,0.0002452741221
1794,17960246,1,1,-0.06,-2.365,-0.059,-2.34,-0.0006144372081,-5.277624379e-05,-0.227,-3.13,-0.733,-3.738,0.5740289033,0.0002432735175
1795,17971689,1,1,-0.06,-2.366,-0.059,-2.34,-0.0006144372081,-5.488729354e-05,-0.227,-3.13,-0.733,-3.738,0.5740289033,0.0002432735175
1796,17980259,1,1,-0.06,-2.366,-0.059,-2.34,-0.0006144372081,-5.488729354e-05,-0.233,-3.129,-0.733,-3.738,0.5672222365,0.0002436736385
1797,17987224,1,1,-0.06,-2.366,-0.059,-2.34,-0.0006144372081,-5.488729354e-05,-0.22,-3.129,-0.733,-3.738,0.5819700146,0.0002436736385
1798,17995769,1,1,-0.06,-2.366,-0.059,-2.34,-0.0006144372081,-5.488729354e-05,-0.22,-3.129,-0.733,-3.738,0.5819700146,0.0002436736385
1799,18005871,1,1,-0.059,-2.364,-0.059,-2.34,0,-5.066519404e-05,-0.214,-3.124,-0.733,-3.738,0.5887766815,0.000245674243
1800,18016505,1,1,-0.059,-2.364,-0.059,-2.34,0,-5.066519404e-05,-0.226,-3.131,-0.733,-3.738,0.5751633478,0.0002428733966
1801,18025545,1,1,-0.06,-2.366,-0.059,-2.34,-0.0006144372081,-5.488729354e-05,-0.226,-3.131,-0.733,-3.738,0.5751633478,0.0002428733966
1802,18035994,1,1,-0.058,-2.364,-0.059,-2.34,0.0006144372081,-5.066519404e-05,-0.215,-3.123,-0.733,-3.738,0.587642237,0.000246074364
1803,18045561,1,1,-0.058,-2.364,-0.059,-2.34,0.0006144372081,-5.066519404e-05,-0.22,-3.128,-0.733,-3.738,0.5819700146,0.0002440737594
1804,18059861,1,1,-0.059,-2.364,-0.059,-2.34,0,-5.066519404e-05,-0.22,-3.128,-0.733,-3.738,0.5819700146,0.0002440737594
1805,18068983,1,1,-0.059,-2.364,-0.059,-2.34,0,-5.066519404e-05,-0.213,-3.122,-0.733,-3.738,0.589911126,0.0002464744849
1806,18078508,1,1,-0.059,-2.364,-0.059,-2.34,0,-5.066519404e-05,-0.228,-3.131,-0.733,-3.738,0.5728944589,0.0002428733966
1807,18094446,1,1,-0.058,-2.363,-0.059,-2.34,0.0006144372081,-4.855414429e-05,-0.22,-3.126,-0.733,-3.738,0.5819700146,0.0002448740012
1808,18101624,1,1,-0.058,-2.363,-0.059,-2.34,0.0006144372081,-4.855414429e-05,-0.22,-3.126,-0.733,-3.738,0.5819700146,0.0002448740012
1809,18113724,1,1,-0.058,-2.363,-0.059,-2.34,0.0006144372081,-4.855414429e-05,-0.22,-3.126,-0.733,-3.738,0.5819700146,0.0002448740012
1810,18122467,1,1,-0.058,-2.363,-0.059,-2.34,0.0006144372081,-4.855414429e-05,-0.22,-3.126,-0.733,-3.738,0.5819700146,0.0002448740012
1811,18128304,1,1,-0.058,-2.363,-0.059,-2.34,0.0006144372081,-4.855414429e-05,-0.214,-3.123,-0.733,-3.738,0.5887766815,0.000246074364
1812,18135487,1,1,-0.058,-2.363,-0.059,-2.34,0.0006144372081,-4.855414429e-05,-0.22,-3.128,-0.733,-3.738,0.5819700146,0.0002440737594
1813,18145907,1,1,-0.059,-2.365,-0.059,-2.34,0,-5.277624379e-05,-0.22,-3.128,-0.733,-3.738,0.5819700146,0.0002440737594
1814,18159465,1,1,-0.059,-2.365,-0.059,-2.34,0,-5.277624379e-05,-0.22,-3.128,-0.733,-3.738,0.5819700146,0.0002440737594
1815,18172835,1,1,-0.059,-2.366,-0.059,-2.34,0,-5.488729354e-05,-0.22,-3.128,-0.733,-3.738,0.5819700146,0.0002440737594
1816,18179214,1,1,-0.058,-2.364,-0.059,-2.34,0.0006144372081,-5.066519404e-05,-0.22,-3.128,-0.733,-3.738,0.5819700146,0.0002440737594
1817,18186691,1,1,-0.058,-2.364,-0.059,-2.34,0.0006144372081,-5.066519404e-05,-0.216,-3.121,-0.733,-3.738,0.5865077925,0.0002468746058
1818,18195356,1,1,-0.058,-2.364,-0.059,-2.34,0.0006144372081,-5.066519404e-05,-0.214,-3.123,-0.733,-3.738,0.5887766815,0.000246074364
1819,18205334,1,1,-0.06,-2.366,-0.059,-2.34,-0.0006144372081,-5.488729354e-05,-0.222,-3.129,-0.733,-3.738,0.5797011257,0.0002436736385
1820,18216363,1,1,-0.06,-2.366,-0.059,-2.34,-0.0006144372081,-5.488729354e-05,-0.219,-3.125,-0.733,-3.738,0.5831044591,0.0002452741221
1821,18225167,1,1,-0.059,-2.364,-0.059,-2.34,0,-5.066519404e-05,-0.214,-3.121,-0.733,-3.738,0.5887766815,0.0002468746058
1822,18235948,1,1,-0.059,-2.364,-0.059,-2.34,0,-5.066519404e-05,-0.225,-3.13,-0.733,-3.738,0.5762977923,0.0002432735175
1823,18245390,1,1,-0.059,-2.364,-0.059,-2.34,0,-5.066519404e-05,-0.218,-3.123,-0.733,-3.738,0.5842389036,0.000246074364
1824,18260027,1,1,-0.059,-2.364,-0.059,-2.34,0,-5.066519404e-05,-0.232,-3.126,-0.733,-3.738,0.568356681,0.0002448740012
1825,18271127,1,1,-0.059,-2.364,-0.059,-2.34,0,-5.066519404e-05,-0.232,-3.126,-0.733,-3.738,0.568356681,0.0002448740012
1826,18279095,1,1,-0.059,-2.364,-0.059,-2.34,0,-5.066519404e-05,-0.215,-3.123,-0.733,-3.738,0.587642237,0.000246074364
1827,18289172,1,1,-0.059,-2.364,-0.059,-2.34,0,-5.066519404e-05,-0.224,-3.132,-0.733,-3.738,0.5774322368,0.0002424732757
1828,18297236,1,1,-0.058,-2.364,-0.059,-2.34,0.0006144372081,-5.066519404e-05,-0.224,-3.132,-0.733,-3.738,0.5774322368,0.0002424732757
1829,18305265,1,1,-0.058,-2.364,-0.059,-2.34,0.0006144372081,-5.066519404e-05,-0.224,-3.132,-0.733,-3.738,0.5774322368,0.0002424732757
1830,18315372,1,1,-0.058,-2.364,-0.059,-2.34,0.0006144372081,-5.066519404e-05,-0.224,-3.132,-0.733,-3.738,0.5774322368,0.0002424732757
1831,18325547,1,1,-0.059,-2.366,-0.059,-2.34,0,-5.488729354e-05,-0.224,-3.132,-0.733,-3.738,0.5774322368,0.0002424732757
1832,18335655,1,1,-0.059,-2.364,-0.059,-2.34,0,-5.066519404e-05,-0.214,-3.123,-0.733,-3.738,0.5887766815,0.000246074364
1833,18345251,1,1,-0.059,-2.364,-0.059,-2.34,0,-5.066519404e-05,-0.228,-3.13,-0.733,-3.738,0.5728944589,0.0002432735175
1834,18358557,1,1,-0.059,-2.365,-0.059,-2.34,0,-5.277624379e-05,-0.228,-3.13,-0.733,-3.738,0.5728944589,0.0002432735175
1835,18370304,1,1,-0.058,-2.364,-0.059,-2.34,0.0006144372081,-5.066519404e-05,-0.214,-3.123,-0.733,-3.738,0.5887766815,0.000246074364
1836,18377571,1,1,-0.058,-2.364,-0.059,-2.34,0.0006144372081,-5.066519404e-05,-0.214,-3.123,-0.733,-3.738,0.5887766815,0.000246074364
1837,18385674,1,1,-0.06,-2.365,-0.059,-2.34,-0.0006144372081,-5.277624379e-05,-0.225,-3.129,-0.733,-3.738,0.5762977923,0.0002436736385
1838,18395362,1,1,-0.058,-2.363,-0.059,-2.34,0.0006144372081,-4.855414429e-05,-0.217,-3.123,-0.733,-3.738,0.5853733481,0.000246074364
1839,18406382,1,1,-0.058,-2.363,-0.059,-2.34,0.0006144372081,-4.855414429e-05,-0.229,-3.126,-0.733,-3.738,0.5717600144,0.0002448740012
1840,18415718,1,1,-0.06,-2.365,-0.059,-2.34,-0.0006144372081,-5.277624379e-05,-0.229,-3.126,-0.733,-3.738,0.5717600144,0.0002448740012
1841,18426135,1,1,-0.06,-2.364,-0.059,-2.34,-0.0006144372081,-5.066519404e-05,-0.216,-3.124,-0.733,-3.738,0.5865077925,0.000245674243
1842,18435535,1,1,-0.06,-2.364,-0.059,-2.34,-0.0006144372081,-5.066519404e-05,-0.231,-3.127,-0.733,-3.738,0.5694911254,0.0002444738803
1843,18445694,1,1,-0.06,-2.364,-0.059,-2.34,-0.0006144372081,-5.066519404e-05,-0.231,-3.127,-0.733,-3.738,0.5694911254,0.0002444738803
1844,18458218,1,1,-0.06,-2.364,-0.059,-2.34,-0.0006144372081,-5.066519404e-05,-0.216,-3.123,-0.733,-3.738,0.5865077925,0.000246074364
1845,18465429,1,1,-0.06,-2.364,-0.059,-2.34,-0.0006144372081,-5.066519404e-05,-0.223,-3.133,-0.733,-3.738,0.5785666812,0.0002420731548
1846,18476398,1,1,-0.06,-2.365,-0.059,-2.34,-0.0006144372081,-5.277624379e-05,-0.223,-3.133,-0.733,-3.738,0.5785666812,0.0002420731548
1847,18485280,1,1,-0.058,-2.363,-0.059,-2.34,0.0006144372081,-4.855414429e-05,-0.219,-3.125,-0.733,-3.738,0.5831044591,0.0002452741221
1848,18495620,1,1,-0.058,-2.363,-0.059,-2.34,0.0006144372081,-4.855414429e-05,-0.22,-3.131,-0.733,-3.738,0.5819700146,0.0002428733966
1849,18505874,1,1,-0.06,-2.366,-0.059,-2.34,-0.0006144372081,-5.488729354e-05,-0.22,-3.131,-0.733,-3.738,0.5819700146,0.0002428733966
1850,18515439,1,1,-0.06,-2.366,-0.059,-2.34,-0.0006144372081,-5.488729354e-05,-0.218,-3.124,-0.733,-3.738,0.5842389036,0.000245674243
1851,18526090,1,1,-0.06,-2.366,-0.059,-2.34,-0.0006144372081,-5.488729354e-05,-0.227,-3.131,-0.733,-3.738,0.5740289033,0.0002428733966
1852,18535340,1,1,-0.06,-2.366,-0.059,-2.34,-0.0006144372081,-5.488729354e-05,-0.227,-3.131,-0.733,-3.738,0.5740289033,0.0002428733966
1853,18545403,1,1,-0.059,-2.365,-0.059,-2.34,0,-5.277624379e-05,-0.219,-3.124,-0.733,-3.738,0.5831044591,0.000245674243
1854,18558470,1,1,-0.058,-2.363,-0.059,-2.34,0.0006144372081,-4.855414429e-05,-0.224,-3.125,-0.733,-3.738,0.5774322368,0.0002452741221
1855,18565996,1,1,-0.058,-2.363,-0.059,-2.34,0.0006144372081,-4.855414429e-05,-0.224,-3.125,-0.733,-3.738,0.5774322368,0.0002452741221
1856,18576710,1,1,-0.058,-2.363,-0.059,-2.34,0.0006144372081,-4.855414429e-05,-0.215,-3.124,-0.733,-3.738,0.587642237,0.000245674243
1857,18585362,1,1,-0.058,-2.363,-0.059,-2.34,0.0006144372081,-4.855414429e-05,-0.227,-3.13,-0.733,-3.738,0.5740289033,0.0002432735175
1858,18595450,1,1,-0.06,-2.365,-0.059,-2.34,-0.0006144372081,-5.277624379e-05,-0.227,-3.13,-0.733,-3.738,0.5740289033,0.0002432735175
1859,18605263,1,1,-0.06,-2.365,-0.059,-2.34,-0.0006144372081,-5.277624379e-05,-0.219,-3.125,-0.733,-3.738,0.5831044591,0.0002452741221
1860,18615617,1,1,-0.06,-2.365,-0.059,-2.34,-0.0006144372081,-5.277624379e-05,-0.219,-3.125,-0.733,-3.738,0.5831044591,0.0002452741221
1861,18626480,1,1,-0.059,-2.366,-0.059,-2.34,0,-5.488729354e-05,-0.219,-3.125,-0.733,-3.738,0.5831044591,0.0002452741221
1862,18635256,1,1,-0.06,-2.365,-0.059,-2.34,-0.0006144372081,-5.277624379e-05,-0.219,-3.125,-0.733,-3.738,0.5831044591,0.0002452741221
1863,18645617,1,1,-0.06,-2.365,-0.059,-2.34,-0.0006144372081,-5.277624379e-05,-0.219,-3.125,-0.733,-3.738,0.5831044591,0.0002452741221
1864,18659631,1,1,-0.06,-2.366,-0.059,-2.34,-0.0006144372081,-5.488729354e-05,-0.219,-3.125,-0.733,-3.738,0.5831044591,0.0002452741221
1865,18666108,1,1,-0.059,-2.365,-0.059,-2.34,0,-5.277624379e-05,-0.217,-3.124,-0.733,-3.738,0.5853733481,0.000245674243
1866,18676773,1,1,-0.059,-2.365,-0.059,-2.34,0,-5.277624379e-05,-0.22,-3.126,-0.733,-3.738,0.5819700146,0.0002448740012
1867,18686257,1,1,-0.06,-2.366,-0.059,-2.34,-0.0006144372081,-5.488729354e-05,-0.22,-3.126,-0.733,-3.738,0.5819700146,0.0002448740012
1868,18696161,1,1,-0.059,-2.365,-0.059,-2.34,0,-5.277624379e-05,-0.22,-3.126,-0.733,-3.738,0.5819700146,0.0002448740012
1869,18705207,1,1,-0.059,-2.365,-0.059,-2.34,0,-5.277624379e-05,-0.215,-3.123,-0.733,-3.738,0.587642237,0.000246074364
1870,18715311,1,1,-0.059,-2.365,-0.059,-2.34,0,-5.277624379e-05,-0.215,-3.123,-0.733,-3.738,0.587642237,0.000246074364
1871,18725587,1,1,-0.059,-2.365,-0.059,-2.34,0,-5.277624379e-05,-0.22,-3.123,-0.733,-3.738,0.5819700146,0.000246074364
1872,18735607,1,1,-0.059,-2.365,-0.059,-2.34,0,-5.277624379e-05,-0.225,-3.12,-0.733,-3.738,0.5762977923,0.0002472747267
1873,18745533,1,1,-0.06,-2.366,-0.059,-2.34,-0.0006144372081,-5.488729354e-05,-0.225,-3.12,-0.733,-3.738,0.5762977923,0.0002472747267
1874,18758322,1,1,-0.06,-2.366,-0.059,-2.34,-0.0006144372081,-5.488729354e-05,-0.225,-3.12,-0.733,-3.738,0.5762977923,0.0002472747267
1875,18765992,1,1,-0.06,-2.366,-0.059,-2.34,-0.0006144372081,-5.488729354e-05,-0.225,-3.12,-0.733,-3.738,0.5762977923,0.0002472747267
1876,18776145,1,1,-0.059,-2.365,-0.059,-2.34,0,-5.277624379e-05,-0.225,-3.12,-0.733,-3.738,0.5762977923,0.0002472747267
1877,18786403,1,1,-0.059,-2.365,-0.059,-2.34,0,-5.277624379e-05,-0.231,-3.129,-0.733,-3.738,0.5694911254,0.0002436736385
1878,18795339,1,1,-0.059,-2.365,-0.059,-2.34,0,-5.277624379e-05,-0.231,-3.129,-0.733,-3.738,0.5694911254,0.0002436736385
1879,18805414,1,1,-0.06,-2.366,-0.059,-2.34,-0.0006144372081,-5.488729354e-05,-0.231,-3.129,-0.733,-3.738,0.5694911254,0.0002436736385
1880,18815441,1,1,-0.06,-2.366,-0.059,-2.34,-0.0006144372081,-5.488729354e-05,-0.216,-3.122,-0.733,-3.738,0.5865077925,0.0002464744849
1881,18825546,1,1,-0.06,-2.366,-0.059,-2.34,-0.0006144372081,-5.488729354e-05,-0.232,-3.123,-0.733,-3.738,0.568356681,0.000246074364
1882,18836206,1,1,-0.06,-2.366,-0.059,-2.34,-0.0006144372081,-5.488729354e-05,-0.232,-3.123,-0.733,-3.738,0.568356681,0.000246074364
1883,18845389,1,1,-0.06,-2.366,-0.059,-2.34,-0.0006144372081,-5.488729354e-05,-0.232,-3.123,-0.733,-3.738,0.568356681,0.000246074364
1884,18859088,1,1,-0.06,-2.366,-0.059,-2.34,-0.0006144372081,-5.488729354e-05,-0.214,-3.123,-0.733,-3.738,0.5887766815,0.000246074364
1885,18865833,1,1,-0.059,-2.365,-0.059,-2.34,0,-5.277624379e-05,-0.232,-3.124,-0.733,-3.738,0.568356681,0.000245674243
1886,18875403,1,1,-0.059,-2.365,-0.059,-2.34,0,-5.277624379e-05,-0.213,-3.122,-0.733,-3.738,0.589911126,0.0002464744849
1887,18885543,1,1,-0.059,-2.365,-0.059,-2.34,0,-5.277624379e-05,-0.23,-3.132,-0.733,-3.738,0.5706255699,0.0002424732757
1888,18895783,1,1,-0.06,-2.366,-0.059,-2.34,-0.0006144372081,-5.488729354e-05,-0.23,-3.132,-0.733,-3.738,0.5706255699,0.0002424732757
1889,18905428,1,1,-0.06,-2.365,-0.059,-2.34,-0.0006144372081,-5.277624379e-05,-0.216,-3.121,-0.733,-3.738,0.5865077925,0.0002468746058
1890,18915902,1,1,-0.06,-2.365,-0.059,-2.34,-0.0006144372081,-5.277624379e-05,-0.231,-3.134,-0.733,-3.738,0.5694911254,0.0002416730339
1891,18925539,1,1,-0.06,-2.365,-0.059,-2.34,-0.0006144372081,-5.277624379e-05,-0.231,-3.134,-0.733,-3.738,0.5694911254,0.0002416730339
1892,18935696,1,1,-0.06,-2.366,-0.059,-2.34,-0.0006144372081,-5.488729354e-05,-0.216,-3.121,-0.733,-3.738,0.5865077925,0.0002468746058
1893,18945817,1,1,-0.06,-2.366,-0.059,-2.34,-0.0006144372081,-5.488729354e-05,-0.232,-3.126,-0.733,-3.738,0.568356681,0.0002448740012
1894,18958739,1,1,-0.059,-2.365,-0.059,-2.34,0,-5.277624379e-05,-0.232,-3.126,-0.733,-3.738,0.568356681,0.0002448740012
1895,18967030,1,1,-0.059,-2.365,-0.059,-2.34,0,-5.277624379e-05,-0.215,-3.123,-0.733,-3.738,0.587642237,0.000246074364
1896,18975468,1,1,-0.059,-2.365,-0.059,-2.34,0,-5.277624379e-05,-0.229,-3.117,-0.733,-3.738,0.5717600144,0.0002484750895
1897,18987143,1,1,-0.058,-2.364,-0.059,-2.34,0.0006144372081,-5.066519404e-05,-0.229,-3.117,-0.733,-3.738,0.5717600144,0.0002484750895
1898,18995319,1,1,-0.058,-2.364,-0.059,-2.34,0.0006144372081,-5.066519404e-05,-0.216,-3.123,-0.733,-3.738,0.5865077925,0.000246074364
1899,19005173,1,1,-0.058,-2.364,-0.059,-2.34,0.0006144372081,-5.066519404e-05,-0.231,-3.127,-0.733,-3.738,0.5694911254,0.0002444738803
1900,19015190,1,1,-0.059,-2.365,-0.059,-2.34,0,-5.277624379e-05,-0.231,-3.127,-0.733,-3.738,0.5694911254,0.0002444738803
1901,19025572,1,1,-0.059,-2.366,-0.059,-2.34,0,-5.488729354e-05,-0.217,-3.122,-0.733,-3.738,0.5853733481,0.0002464744849
1902,19035945,1,1,-0.059,-2.366,-0.059,-2.34,0,-5.488729354e-05,-0.23,-3.121,-0.733,-3.738,0.5706255699,0.0002468746058
1903,19045572,1,1,-0.06,-2.366,-0.059,-2.34,-0.0006144372081,-5.488729354e-05,-0.23,-3.121,-0.733,-3.738,0.5706255699,0.0002468746058
1904,19058469,1,1,-0.06,-2.366,-0.059,-2.34,-0.0006144372081,-5.488729354e-05,-0.214,-3.122,-0.733,-3.738,0.5887766815,0.0002464744849
1905,19065401,1,1,-0.06,-2.366,-0.059,-2.34,-0.0006144372081,-5.488729354e-05,-0.232,-3.126,-0.733,-3.738,0.568356681,0.0002448740012
1906,19075861,1,1,-0.06,-2.366,-0.059,-2.34,-0.0006144372081,-5.488729354e-05,-0.232,-3.126,-0.733,-3.738,0.568356681,0.0002448740012
1907,19086519,1,1,-0.059,-2.364,-0.059,-2.34,0,-5.066519404e-05,-0.216,-3.123,-0.733,-3.738,0.5865077925,0.000246074364
1908,19095239,1,1,-0.059,-2.364,-0.059,-2.34,0,-5.066519404e-05,-0.23,-3.123,-0.733,-3.738,0.5706255699,0.000246074364
1909,19105583,1,1,-0.06,-2.366,-0.059,-2.34,-0.0006144372081,-5.488729354e-05,-0.23,-3.123,-0.733,-3.738,0.5706255699,0.000246074364
1910,19115530,1,1,-0.06,-2.366,-0.059,-2.34,-0.0006144372081,-5.488729354e-05,-0.216,-3.125,-0.733,-3.738,0.5865077925,0.0002452741221
1911,19125145,1,1,-0.06,-2.366,-0.059,-2.34,-0.0006144372081,-5.488729354e-05,-0.232,-3.128,-0.733,-3.738,0.568356681,0.0002440737594
1912,19135950,1,1,-0.102,-2.348,-0.059,-2.34,-0.02642079995,-1.688839801e-05,-0.232,-3.128,-0.733,-3.738,0.568356681,0.0002440737594
1913,19146331,1,1,-0.06,-2.366,-0.059,-2.34,-0.0006144372081,-5.488729354e-05,-0.217,-3.124,-0.733,-3.738,0.5853733481,0.000245674243
1914,19158214,1,1,-0.06,-2.366,-0.059,-2.34,-0.0006144372081,-5.488729354e-05,-0.23,-3.121,-0.733,-3.738,0.5706255699,0.0002468746058
1915,19165789,1,1,-0.06,-2.366,-0.059,-2.34,-0.0006144372081,-5.488729354e-05,-0.23,-3.121,-0.733,-3.738,0.5706255699,0.0002468746058
1916,19175832,1,1,-0.06,-2.366,-0.059,-2.34,-0.0006144372081,-5.488729354e-05,-0.215,-3.123,-0.733,-3.738,0.587642237,0.000246074364
1917,19185501,1,1,-0.06,-2.366,-0.059,-2.34,-0.0006144372081,-5.488729354e-05,-0.235,-3.126,-0.733,-3.738,0.5649533476,0.0002448740012
1918,19197015,1,1,-0.059,-2.365,-0.059,-2.34,0,-5.277624379e-05,-0.235,-3.126,-0.733,-3.738,0.5649533476,0.0002448740012
1919,19205809,1,1,-0.06,-2.366,-0.059,-2.34,-0.0006144372081,-5.488729354e-05,-0.217,-3.124,-0.733,-3.738,0.5853733481,0.000245674243
1920,19215480,1,1,-0.06,-2.366,-0.059,-2.34,-0.0006144372081,-5.488729354e-05,-0.228,-3.123,-0.733,-3.738,0.5728944589,0.000246074364
1921,19225498,1,1,-0.059,-2.366,-0.059,-2.34,0,-5.488729354e-05,-0.228,-3.123,-0.733,-3.738,0.5728944589,0.000246074364
1922,19235443,1,1,-0.059,-2.366,-0.059,-2.34,0,-5.488729354e-05,-0.228,-3.123,-0.733,-3.738,0.5728944589,0.000246074364
1923,19246525,1,1,-0.059,-2.366,-0.059,-2.34,0,-5.488729354e-05,-0.228,-3.123,-0.733,-3.738,0.5728944589,0.000246074364
1924,19258244,1,1,-0.06,-2.365,-0.059,-2.34,-0.0006144372081,-5.277624379e-05,-0.228,-3.123,-0.733,-3.738,0.5728944589,0.000246074364
1925,19265391,1,1,-0.059,-2.365,-0.059,-2.34,0,-5.277624379e-05,-0.216,-3.123,-0.733,-3.738,0.5865077925,0.000246074364
1926,19276308,1,1,-0.059,-2.365,-0.059,-2.34,0,-5.277624379e-05,-0.232,-3.127,-0.733,-3.738,0.568356681,0.0002444738803
1927,19285585,1,1,-0.06,-2.366,-0.059,-2.34,-0.0006144372081,-5.488729354e-05,-0.232,-3.127,-0.733,-3.738,0.568356681,0.0002444738803
1928,19296085,1,1,-0.06,-2.366,-0.059,-2.34,-0.0006144372081,-5.488729354e-05,-0.232,-3.127,-0.733,-3.738,0.568356681,0.0002444738803
1929,19305817,1,1,-0.06,-2.366,-0.059,-2.34,-0.0006144372081,-5.488729354e-05,-0.232,-3.127,-0.733,-3.738,0.568356681,0.0002444738803
1930,19316521,1,1,-0.06,-2.366,-0.059,-2.34,-0.0006144372081,-5.488729354e-05,-0.232,-3.127,-0.733,-3.738,0.568356681,0.0002444738803
1931,19325621,1,1,-0.06,-2.366,-0.059,-2.34,-0.0006144372081,-5.488729354e-05,-0.217,-3.123,-0.733,-3.738,0.5853733481,0.000246074364
1932,19335589,1,1,-0.06,-2.366,-0.059,-2.34,-0.0006144372081,-5.488729354e-05,-0.229,-3.119,-0.733,-3.738,0.5717600144,0.0002476748476
1933,19345939,1,1,-0.06,-2.366,-0.059,-2.34,-0.0006144372081,-5.488729354e-05,-0.229,-3.119,-0.733,-3.738,0.5717600144,0.0002476748476
1934,19358153,1,1,-0.06,-2.366,-0.059,-2.34,-0.0006144372081,-5.488729354e-05,-0.216,-3.123,-0.733,-3.738,0.5865077925,0.000246074364
1935,19365130,1,1,-0.06,-2.366,-0.059,-2.34,-0.0006144372081,-5.488729354e-05,-0.215,-3.123,-0.733,-3.738,0.587642237,0.000246074364
1936,19375270,1,1,-0.06,-2.365,-0.059,-2.34,-0.0006144372081,-5.277624379e-05,-0.227,-3.123,-0.733,-3.738,0.5740289033,0.000246074364
1937,19385173,1,1,-0.059,-2.364,-0.059,-2.34,0,-5.066519404e-05,-0.227,-3.123,-0.733,-3.738,0.5740289033,0.000246074364
1938,19395353,1,1,-0.059,-2.364,-0.059,-2.34,0,-5.066519404e-05,-0.216,-3.123,-0.733,-3.738,0.5865077925,0.000246074364
1939,19405394,1,1,-0.06,-2.366,-0.059,-2.34,-0.0006144372081,-5.488729354e-05,-0.228,-3.122,-0.733,-3.738,0.5728944589,0.0002464744849
1940,19415355,1,1,-0.059,-2.364,-0.059,-2.34,0,-5.066519404e-05,-0.216,-3.123,-0.733,-3.738,0.5865077925,0.000246074364
1941,19425272,1,1,-0.059,-2.364,-0.059,-2.34,0,-5.066519404e-05,-0.231,-3.126,-0.733,-3.738,0.5694911254,0.0002448740012
1942,19435392,1,1,-0.06,-2.365,-0.059,-2.34,-0.0006144372081,-5.277624379e-05,-0.231,-3.126,-0.733,-3.738,0.5694911254,0.0002448740012
1943,19445423,1,1,-0.059,-2.366,-0.059,-2.34,0,-5.488729354e-05,-0.231,-3.126,-0.733,-3.738,0.5694911254,0.0002448740012
1944,19459488,1,1,-0.058,-2.364,-0.059,-2.34,0.0006144372081,-5.066519404e-05,-0.231,-3.126,-0.733,-3.738,0.5694911254,0.0002448740012
1945,19468366,1,1,-0.059,-2.364,-0.059,-2.34,0,-5.066519404e-05,-0.231,-3.126,-0.733,-3.738,0.5694911254,0.0002448740012
1946,19477087,1,1,-0.059,-2.364,-0.059,-2.34,0,-5.066519404e-05,-0.215,-3.121,-0.733,-3.738,0.587642237,0.0002468746058
1947,19485303,1,1,-0.059,-2.364,-0.059,-2.34,0,-5.066519404e-05,-0.225,-3.122,-0.733,-3.738,0.5762977923,0.0002464744849
1948,19497672,1,1,-0.059,-2.365,-0.059,-2.34,0,-5.277624379e-05,-0.225,-3.122,-0.733,-3.738,0.5762977923,0.0002464744849
1949,19505557,1,1,-0.059,-2.363,-0.059,-2.34,0,-4.855414429e-05,-0.225,-3.122,-0.733,-3.738,0.5762977923,0.0002464744849
1950,19515829,1,1,-0.059,-2.363,-0.059,-2.34,0,-4.855414429e-05,-0.225,-3.122,-0.733,-3.738,0.5762977923,0.0002464744849
1951,19525529,1,1,-0.06,-2.364,-0.059,-2.34,-0.0006144372081,-5.066519404e-05,-0.225,-3.122,-0.733,-3.738,0.5762977923,0.0002464744849
1952,19535506,1,1,-0.06,-2.364,-0.059,-2.34,-0.0006144372081,-5.066519404e-05,-0.233,-3.131,-0.733,-3.738,0.5672222365,0.0002428733966
1953,19546801,1,1,-0.06,-2.364,-0.059,-2.34,-0.0006144372081,-5.066519404e-05,-0.233,-3.131,-0.733,-3.738,0.5672222365,0.0002428733966
1954,19558606,1,1,-0.059,-2.363,-0.059,-2.34,0,-4.855414429e-05,-0.233,-3.131,-0.733,-3.738,0.5672222365,0.0002428733966
1955,19565592,1,1,-0.059,-2.363,-0.059,-2.34,0,-4.855414429e-05,-0.219,-3.125,-0.733,-3.738,0.5831044591,0.0002452741221
1956,19575496,1,1,-0.059,-2.363,-0.059,-2.34,0,-4.855414429e-05,-0.233,-3.126,-0.733,-3.738,0.5672222365,0.0002448740012
1957,19585542,1,1,-0.06,-2.365,-0.059,-2.34,-0.0006144372081,-5.277624379e-05,-0.233,-3.126,-0.733,-3.738,0.5672222365,0.0002448740012
1958,19595571,1,1,-0.059,-2.364,-0.059,-2.34,0,-5.066519404e-05,-0.233,-3.126,-0.733,-3.738,0.5672222365,0.0002448740012
1959,19606231,1,1,-0.059,-2.364,-0.059,-2.34,0,-5.066519404e-05,-0.233,-3.126,-0.733,-3.738,0.5672222365,0.0002448740012
1960,19615168,1,1,-0.06,-2.366,-0.059,-2.34,-0.0006144372081,-5.488729354e-05,-0.233,-3.126,-0.733,-3.738,0.5672222365,0.0002448740012
1961,19625410,1,1,-0.058,-2.364,-0.059,-2.34,0.0006144372081,-5.066519404e-05,-0.233,-3.126,-0.733,-3.738,0.5672222365,0.0002448740012
1962,19635153,1,1,-0.058,-2.364,-0.059,-2.34,0.0006144372081,-5.066519404e-05,-0.233,-3.126,-0.733,-3.738,0.5672222365,0.0002448740012
1963,19645418,1,1,-0.06,-2.365,-0.059,-2.34,-0.0006144372081,-5.277624379e-05,-0.233,-3.126,-0.733,-3.738,0.5672222365,0.0002448740012
1964,19657670,1,1,-0.059,-2.363,-0.059,-2.34,0,-4.855414429e-05,-0.233,-3.126,-0.733,-3.738,0.5672222365,0.0002448740012
1965,19665734,1,1,-0.059,-2.363,-0.059,-2.34,0,-4.855414429e-05,-0.216,-3.123,-0.733,-3.738,0.5865077925,0.000246074364
1966,19675398,1,1,-0.06,-2.365,-0.059,-2.34,-0.0006144372081,-5.277624379e-05,-0.215,-3.122,-0.733,-3.738,0.587642237,0.0002464744849
1967,19685308,1,1,-0.058,-2.363,-0.059,-2.34,0.0006144372081,-4.855414429e-05,-0.216,-3.122,-0.733,-3.738,0.5865077925,0.0002464744849
1968,19695218,1,1,-0.058,-2.363,-0.059,-2.34,0.0006144372081,-4.855414429e-05,-0.215,-3.122,-0.733,-3.738,0.587642237,0.0002464744849
1969,19705447,1,1,-0.059,-2.364,-0.059,-2.34,0,-5.066519404e-05,-0.226,-3.119,-0.733,-3.738,0.5751633478,0.0002476748476
1970,19715556,1,1,-0.059,-2.364,-0.059,-2.34,0,-5.066519404e-05,-0.226,-3.119,-0.733,-3.738,0.5751633478,0.0002476748476
1971,19725967,1,1,-0.059,-2.364,-0.059,-2.34,0,-5.066519404e-05,-0.226,-3.119,-0.733,-3.738,0.5751633478,0.0002476748476
1972,19735133,1,1,-0.06,-2.365,-0.059,-2.34,-0.0006144372081,-5.277624379e-05,-0.226,-3.119,-0.733,-3.738,0.5751633478,0.0002476748476
1973,19745541,1,1,-0.059,-2.363,-0.059,-2.34,0,-4.855414429e-05,-0.227,-3.131,-0.733,-3.738,0.5740289033,0.0002428733966
1974,19758832,1,1,-0.059,-2.363,-0.059,-2.34,0,-4.855414429e-05,-0.217,-3.123,-0.733,-3.738,0.5853733481,0.000246074364
1975,19765165,1,1,-0.06,-2.365,-0.059,-2.34,-0.0006144372081,-5.277624379e-05,-0.217,-3.123,-0.733,-3.738,0.5853733481,0.000246074364
1976,19775264,1,1,-0.06,-2.364,-0.059,-2.34,-0.0006144372081,-5.066519404e-05,-0.227,-3.121,-0.733,-3.738,0.5740289033,0.0002468746058
1977,19785241,1,1,-0.06,-2.364,-0.059,-2.34,-0.0006144372081,-5.066519404e-05,-0.232,-3.122,-0.733,-3.738,0.568356681,0.0002464744849
1978,19795125,1,1,-0.06,-2.365,-0.059,-2.34,-0.0006144372081,-5.277624379e-05,-0.232,-3.122,-0.733,-3.738,0.568356681,0.0002464744849
1979,19805203,1,1,-0.059,-2.363,-0.059,-2.34,0,-4.855414429e-05,-0.232,-3.125,-0.733,-3.738,0.568356681,0.0002452741221
1980,19815598,1,1,-0.059,-2.363,-0.059,-2.34,0,-4.855414429e-05,-0.224,-3.121,-0.733,-3.738,0.5774322368,0.0002468746058
1981,19825113,1,1,-0.06,-2.365,-0.059,-2.34,-0.0006144372081,-5.277624379e-05,-0.224,-3.121,-0.733,-3.738,0.5774322368,0.0002468746058
1982,19835325,1,1,-0.059,-2.364,-0.059,-2.34,0,-5.066519404e-05,-0.224,-3.121,-0.733,-3.738,0.5774322368,0.0002468746058
1983,19845333,1,1,-0.059,-2.364,-0.059,-2.34,0,-5.066519404e-05,-0.218,-3.123,-0.733,-3.738,0.5842389036,0.000246074364
1984,19858305,1,1,-0.058,-2.363,-0.059,-2.34,0.0006144372081,-4.855414429e-05,-0.223,-3.127,-0.733,-3.738,0.5785666812,0.0002444738803
1985,19864923,1,1,-0.058,-2.363,-0.059,-2.34,0.0006144372081,-4.855414429e-05,-0.235,-3.132,-0.733,-3.738,0.5649533476,0.0002424732757
1986,19875016,1,1,-0.058,-2.363,-0.059,-2.34,0.0006144372081,-4.855414429e-05,-0.217,-3.122,-0.733,-3.738,0.5853733481,0.0002464744849
1987,19885420,1,1,-0.06,-2.365,-0.059,-2.34,-0.0006144372081,-5.277624379e-05,-0.234,-3.132,-0.733,-3.738,0.566087792,0.0002424732757
1988,19895815,1,1,-0.059,-2.364,-0.059,-2.34,0,-5.066519404e-05,-0.217,-3.123,-0.733,-3.738,0.5853733481,0.000246074364
1989,19905426,1,1,-0.059,-2.364,-0.059,-2.34,0,-5.066519404e-05,-0.217,-3.123,-0.733,-3.738,0.5853733481,0.000246074364
1990,19915812,1,1,-0.06,-2.365,-0.059,-2.34,-0.0006144372081,-5.277624379e-05,-0.217,-3.123,-0.733,-3.738,0.5853733481,0.000246074364
1991,19924958,1,1,-0.059,-2.364,-0.059,-2.34,0,-5.066519404e-05,-0.226,-3.136,-0.733,-3.738,0.5751633478,0.000240872792
1992,19935720,1,1,-0.059,-2.364,-0.059,-2.34,0,-5.066519404e-05,-0.22,-3.126,-0.733,-3.738,0.5819700146,0.0002448740012
1993,19945333,1,1,-0.06,-2.365,-0.059,-2.34,-0.0006144372081,-5.277624379e-05,-0.22,-3.126,-0.733,-3.738,0.5819700146,0.0002448740012
1994,19958029,1,1,-0.059,-2.363,-0.059,-2.34,0,-4.855414429e-05,-0.217,-3.123,-0.733,-3.738,0.5853733481,0.000246074364
1995,19965694,1,1,-0.059,-2.363,-0.059,-2.34,0,-4.855414429e-05,-0.217,-3.123,-0.733,-3.738,0.5853733481,0.000246074364
1996,19975524,1,1,-0.06,-2.365,-0.059,-2.34,-0.0006144372081,-5.277624379e-05,-0.217,-3.123,-0.733,-3.738,0.5853733481,0.000246074364
1997,19986119,1,1,-0.059,-2.364,-0.059,-2.34,0,-5.066519404e-05,-0.223,-3.129,-0.733,-3.738,0.5785666812,0.0002436736385
1998,19995656,1,1,-0.059,-2.364,-0.059,-2.34,0,-5.066519404e-05,-0.229,-3.13,-0.733,-3.738,0.5717600144,0.0002432735175
1999,20005277,1,1,-0.06,-2.365,-0.059,-2.34,-0.0006144372081,-5.277624379e-05,-0.229,-3.13,-0.733,-3.738,0.5717600144,0.0002432735175
2000,20015320,1,1,-0.059,-2.364,-0.059,-2.34,0,-5.066519404e-05,-0.229,-3.13,-0.733,-3.738,0.5717600144,0.0002432735175
2001,20025448,1,1,-0.059,-2.364,-0.059,-2.34,0,-5.066519404e-05,-0.218,-3.122,-0.733,-3.738,0.5842389036,0.0002464744849
2002,20035858,1,1,-0.06,-2.365,-0.059,-2.34,-0.0006144372081,-5.277624379e-05,-0.234,-3.13,-0.733,-3.738,0.566087792,0.0002432735175
2003,20045299,1,1,-0.059,-2.363,-0.059,-2.34,0,-4.855414429e-05,-0.221,-3.129,-0.733,-3.738,0.5808355702,0.0002436736385
2004,20057891,1,1,-0.059,-2.363,-0.059,-2.34,0,-4.855414429e-05,-0.221,-3.129,-0.733,-3.738,0.5808355702,0.0002436736385
2005,20066052,1,1,-0.06,-2.364,-0.059,-2.34,-0.0006144372081,-5.066519404e-05,-0.221,-3.129,-0.733,-3.738,0.5808355702,0.0002436736385
2006,20075269,1,1,-0.06,-2.364,-0.059,-2.34,-0.0006144372081,-5.066519404e-05,-0.219,-3.124,-0.733,-3.738,0.5831044591,0.000245674243
2007,20085467,1,1,-0.06,-2.364,-0.059,-2.34,-0.0006144372081,-5.066519404e-05,-0.222,-3.126,-0.733,-3.738,0.5797011257,0.0002448740012
2008,20094900,1,1,-0.06,-2.365,-0.059,-2.34,-0.0006144372081,-5.277624379e-05,-0.222,-3.126,-0.733,-3.738,0.5797011257,0.0002448740012
2009,20105548,1,1,-0.059,-2.363,-0.059,-2.34,0,-4.855414429e-05,-0.222,-3.126,-0.733,-3.738,0.5797011257,0.0002448740012
2010,20115186,1,1,-0.059,-2.363,-0.059,-2.34,0,-4.855414429e-05,-0.222,-3.126,-0.733,-3.738,0.5797011257,0.0002448740012
2011,20125580,1,1,-0.06,-2.365,-0.059,-2.34,-0.0006144372081,-5.277624379e-05,-0.222,-3.126,-0.733,-3.738,0.5797011257,0.0002448740012
2012,20134939,1,1,-0.059,-2.364,-0.059,-2.34,0,-5.066519404e-05,-0.222,-3.126,-0.733,-3.738,0.5797011257,0.0002448740012
2013,20145707,1,1,-0.059,-2.364,-0.059,-2.34,0,-5.066519404e-05,-0.217,-3.123,-0.733,-3.738,0.5853733481,0.000246074364
2014,20157058,1,1,-0.058,-2.363,-0.059,-2.34,0.0006144372081,-4.855414429e-05,-0.226,-3.131,-0.733,-3.738,0.5751633478,0.0002428733966
2015,20166101,1,1,-0.058,-2.363,-0.059,-2.34,0.0006144372081,-4.855414429e-05,-0.226,-3.131,-0.733,-3.738,0.5751633478,0.0002428733966
2016,20175215,1,1,-0.058,-2.363,-0.059,-2.34,0.0006144372081,-4.855414429e-05,-0.226,-3.131,-0.733,-3.738,0.5751633478,0.0002428733966
2017,20185385,1,1,-0.06,-2.365,-0.059,-2.34,-0.0006144372081,-5.277624379e-05,-0.226,-3.131,-0.733,-3.738,0.5751633478,0.0002428733966
2018,20195039,1,1,-0.059,-2.364,-0.059,-2.34,0,-5.066519404e-05,-0.221,-3.124,-0.733,-3.738,0.5808355702,0.000245674243
2019,20205263,1,1,-0.059,-2.364,-0.059,-2.34,0,-5.066519404e-05,-0.216,-3.123,-0.733,-3.738,0.5865077925,0.000246074364
2020,20215558,1,1,-0.061,-2.365,-0.059,-2.34,-0.001228874416,-5.277624379e-05,-0.234,-3.13,-0.733,-3.738,0.566087792,0.0002432735175
2021,20225830,1,1,-0.059,-2.363,-0.059,-2.34,0,-4.855414429e-05,-0.234,-3.13,-0.733,-3.738,0.566087792,0.0002432735175
2022,20235180,1,1,-0.059,-2.363,-0.059,-2.34,0,-4.855414429e-05,-0.234,-3.13,-0.733,-3.738,0.566087792,0.0002432735175
2023,20245422,1,1,-0.061,-2.365,-0.059,-2.34,-0.001228874416,-5.277624379e-05,-0.234,-3.13,-0.733,-3.738,0.566087792,0.0002432735175
2024,20258765,1,1,-0.06,-2.364,-0.059,-2.34,-0.0006144372081,-5.066519404e-05,-0.221,-3.123,-0.733,-3.738,0.5808355702,0.000246074364
2025,20267066,1,1,-0.06,-2.364,-0.059,-2.34,-0.0006144372081,-5.066519404e-05,-0.23,-3.121,-0.733,-3.738,0.5706255699,0.0002468746058
2026,20275112,1,1,-0.061,-2.365,-0.059,-2.34,-0.001228874416,-5.277624379e-05,-0.233,-3.126,-0.733,-3.738,0.5672222365,0.0002448740012
2027,20285584,1,1,-0.059,-2.363,-0.059,-2.34,0,-4.855414429e-05,-0.226,-3.126,-0.733,-3.738,0.5751633478,0.0002448740012
2028,20295529,1,1,-0.059,-2.363,-0.059,-2.34,0,-4.855414429e-05,-0.218,-3.124,-0.733,-3.738,0.5842389036,0.000245674243
2029,20305320,1,1,-0.06,-2.365,-0.059,-2.34,-0.0006144372081,-5.277624379e-05,-0.226,-3.132,-0.733,-3.738,0.5751633478,0.0002424732757
2030,20315598,1,1,-0.06,-2.365,-0.059,-2.34,-0.0006144372081,-5.277624379e-05,-0.217,-3.124,-0.733,-3.738,0.5853733481,0.000245674243
2031,20325445,1,1,-0.06,-2.365,-0.059,-2.34,-0.0006144372081,-5.277624379e-05,-0.234,-3.125,-0.733,-3.738,0.566087792,0.0002452741221
2032,20335152,1,1,-0.06,-2.365,-0.059,-2.34,-0.0006144372081,-5.277624379e-05,-0.234,-3.125,-0.733,-3.738,0.566087792,0.0002452741221
2033,20345553,1,1,-0.059,-2.363,-0.059,-2.34,0,-4.855414429e-05,-0.231,-3.129,-0.733,-3.738,0.5694911254,0.0002436736385
2034,20358266,1,1,-0.059,-2.363,-0.059,-2.34,0,-4.855414429e-05,-0.231,-3.129,-0.733,-3.738,0.5694911254,0.0002436736385
2035,20366862,1,1,-0.059,-2.364,-0.059,-2.34,0,-5.066519404e-05,-0.231,-3.129,-0.733,-3.738,0.5694911254,0.0002436736385
2036,20375104,1,1,-0.059,-2.364,-0.059,-2.34,0,-5.066519404e-05,-0.231,-3.129,-0.733,-3.738,0.5694911254,0.0002436736385
2037,20385914,1,1,-0.059,-2.364,-0.059,-2.34,0,-5.066519404e-05,-0.231,-3.129,-0.733,-3.738,0.5694911254,0.0002436736385
2038,20395024,1,1,-0.06,-2.365,-0.059,-2.34,-0.0006144372081,-5.277624379e-05,-0.231,-3.129,-0.733,-3.738,0.5694911254,0.0002436736385
2039,20405035,1,1,-0.059,-2.363,-0.059,-2.34,0,-4.855414429e-05,-0.231,-3.129,-0.733,-3.738,0.5694911254,0.0002436736385
2040,20415801,1,1,-0.059,-2.363,-0.059,-2.34,0,-4.855414429e-05,-0.231,-3.129,-0.733,-3.738,0.5694911254,0.0002436736385
2041,20425369,1,1,-0.06,-2.365,-0.059,-2.34,-0.0006144372081,-5.277624379e-05,-0.231,-3.129,-0.733,-3.738,0.5694911254,0.0002436736385
2042,20434992,1,1,-0.06,-2.364,-0.059,-2.34,-0.0006144372081,-5.066519404e-05,-0.219,-3.125,-0.733,-3.738,0.5831044591,0.0002452741221
2043,20445834,1,1,-0.06,-2.364,-0.059,-2.34,-0.0006144372081,-5.066519404e-05,-0.228,-3.132,-0.733,-3.738,0.5728944589,0.0002424732757
2044,20458769,1,1,-0.059,-2.363,-0.059,-2.34,0,-4.855414429e-05,-0.228,-3.132,-0.733,-3.738,0.5728944589,0.0002424732757
2045,20468839,1,1,-0.059,-2.363,-0.059,-2.34,0,-4.855414429e-05,-0.218,-3.126,-0.733,-3.738,0.5842389036,0.0002448740012
2046,20475848,1,1,-0.059,-2.363,-0.059,-2.34,0,-4.855414429e-05,-0.218,-3.126,-0.733,-3.738,0.5842389036,0.0002448740012
2047,20485328,1,1,-0.06,-2.365,-0.059,-2.34,-0.0006144372081,-5.277624379e-05,-0.218,-3.126,-0.733,-3.738,0.5842389036,0.0002448740012
2048,20494965,1,1,-0.06,-2.364,-0.059,-2.34,-0.0006144372081,-5.066519404e-05,-0.218,-3.126,-0.733,-3.738,0.5842389036,0.0002448740012
2049,20505578,1,1,-0.06,-2.364,-0.059,-2.34,-0.0006144372081,-5.066519404e-05,-0.218,-3.126,-0.733,-3.738,0.5842389036,0.0002448740012
2050,20515043,1,1,-0.06,-2.365,-0.059,-2.34,-0.0006144372081,-5.277624379e-05,-0.218,-3.126,-0.733,-3.738,0.5842389036,0.0002448740012
2051,20525563,1,1,-0.059,-2.363,-0.059,-2.34,0,-4.855414429e-05,-0.218,-3.126,-0.733,-3.738,0.5842389036,0.0002448740012
2052,20534956,1,1,-0.059,-2.363,-0.059,-2.34,0,-4.855414429e-05,-0.22,-3.125,-0.733,-3.738,0.5819700146,0.0002452741221
2053,20545804,1,1,-0.059,-2.364,-0.059,-2.34,0,-5.066519404e-05,-0.219,-3.123,-0.733,-3.738,0.5831044591,0.000246074364
2054,20558132,1,1,-0.059,-2.364,-0.059,-2.34,0,-5.066519404e-05,-0.219,-3.124,-0.733,-3.738,0.5831044591,0.000245674243
2055,20568018,1,1,-0.059,-2.364,-0.059,-2.34,0,-5.066519404e-05,-0.224,-3.121,-0.733,-3.738,0.5774322368,0.0002468746058
2056,20575695,1,1,-0.059,-2.362,-0.059,-2.34,0,-4.644309453e-05,-0.224,-3.121,-0.733,-3.738,0.5774322368,0.0002468746058
2057,20585019,1,1,-0.059,-2.362,-0.059,-2.34,0,-4.644309453e-05,-0.224,-3.121,-0.733,-3.738,0.5774322368,0.0002468746058
2058,20595809,1,1,-0.059,-2.362,-0.059,-2.34,0,-4.644309453e-05,-0.224,-3.121,-0.733,-3.738,0.5774322368,0.0002468746058
2059,20605352,1,1,-0.059,-2.362,-0.059,-2.34,0,-4.644309453e-05,-0.224,-3.121,-0.733,-3.738,0.5774322368,0.0002468746058
2060,20615557,1,1,-0.059,-2.362,-0.059,-2.34,0,-4.644309453e-05,-0.224,-3.121,-0.733,-3.738,0.5774322368,0.0002468746058
2061,20624927,1,1,-0.059,-2.362,-0.059,-2.34,0,-4.644309453e-05,-0.22,-3.124,-0.733,-3.738,0.5819700146,0.000245674243
2062,20635931,1,1,-0.06,-2.364,-0.059,-2.34,-0.0006144372081,-5.066519404e-05,-0.225,-3.129,-0.733,-3.738,0.5762977923,0.0002436736385
2063,20646038,1,1,-0.06,-2.364,-0.059,-2.34,-0.0006144372081,-5.066519404e-05,-0.219,-3.123,-0.733,-3.738,0.5831044591,0.000246074364
2064,20659205,1,1,-0.06,-2.364,-0.059,-2.34,-0.0006144372081,-5.066519404e-05,-0.22,-3.123,-0.733,-3.738,0.5819700146,0.000246074364
2065,20668514,1,1,-0.059,-2.362,-0.059,-2.34,0,-4.644309453e-05,-0.22,-3.123,-0.733,-3.738,0.5819700146,0.000246074364
2066,20675165,1,1,-0.059,-2.362,-0.059,-2.34,0,-4.644309453e-05,-0.22,-3.123,-0.733,-3.738,0.5819700146,0.000246074364
2067,20685744,1,1,-0.059,-2.362,-0.059,-2.34,0,-4.644309453e-05,-0.218,-3.123,-0.733,-3.738,0.5842389036,0.000246074364
2068,20695058,1,1,-0.06,-2.365,-0.059,-2.34,-0.0006144372081,-5.277624379e-05,-0.225,-3.129,-0.733,-3.738,0.5762977923,0.0002436736385
2069,20705236,1,1,-0.06,-2.365,-0.059,-2.34,-0.0006144372081,-5.277624379e-05,-0.22,-3.124,-0.733,-3.738,0.5819700146,0.000245674243
2070,20715631,1,1,-0.059,-2.363,-0.059,-2.34,0,-4.855414429e-05,-0.22,-3.12,-0.733,-3.738,0.5819700146,0.0002472747267
2071,20725367,1,1,-0.06,-2.365,-0.059,-2.34,-0.0006144372081,-5.277624379e-05,-0.22,-3.12,-0.733,-3.738,0.5819700146,0.0002472747267
2072,20734993,1,1,-0.059,-2.363,-0.059,-2.34,0,-4.855414429e-05,-0.22,-3.12,-0.733,-3.738,0.5819700146,0.0002472747267
2073,20745659,1,1,-0.059,-2.363,-0.059,-2.34,0,-4.855414429e-05,-0.22,-3.12,-0.733,-3.738,0.5819700146,0.0002472747267
2074,20758080,1,1,-0.059,-2.363,-0.059,-2.34,0,-4.855414429e-05,-0.22,-3.12,-0.733,-3.738,0.5819700146,0.0002472747267
2075,20765435,1,1,-0.059,-2.363,-0.059,-2.34,0,-4.855414429e-05,-0.22,-3.124,-0.733,-3.738,0.5819700146,0.000245674243
2076,20775434,1,1,-0.059,-2.363,-0.059,-2.34,0,-4.855414429e-05,-0.221,-3.13,-0.733,-3.738,0.5808355702,0.0002432735175
2077,20785104,1,1,-0.06,-2.365,-0.059,-2.34,-0.0006144372081,-5.277624379e-05,-0.221,-3.13,-0.733,-3.738,0.5808355702,0.0002432735175
2078,20795281,1,1,-0.059,-2.363,-0.059,-2.34,0,-4.855414429e-05,-0.221,-3.13,-0.733,-3.738,0.5808355702,0.0002432735175
2079,20805365,1,1,-0.059,-2.363,-0.059,-2.34,0,-4.855414429e-05,-0.221,-3.13,-0.733,-3.738,0.5808355702,0.0002432735175
2080,20815148,1,1,-0.06,-2.364,-0.059,-2.34,-0.0006144372081,-5.066519404e-05,-0.221,-3.13,-0.733,-3.738,0.5808355702,0.0002432735175
2081,20825264,1,1,-0.059,-2.362,-0.059,-2.34,0,-4.644309453e-05,-0.219,-3.124,-0.733,-3.738,0.5831044591,0.000245674243
2082,20835286,1,1,-0.059,-2.362,-0.059,-2.34,0,-4.644309453e-05,-0.222,-3.121,-0.733,-3.738,0.5797011257,0.0002468746058
2083,20845096,1,1,-0.06,-2.365,-0.059,-2.34,-0.0006144372081,-5.277624379e-05,-0.222,-3.121,-0.733,-3.738,0.5797011257,0.0002468746058
2084,20857607,1,1,-0.058,-2.363,-0.059,-2.34,0.0006144372081,-4.855414429e-05,-0.222,-3.121,-0.733,-3.738,0.5797011257,0.0002468746058
2085,20865579,1,1,-0.058,-2.363,-0.059,-2.34,0.0006144372081,-4.855414429e-05,-0.222,-3.121,-0.733,-3.738,0.5797011257,0.0002468746058
2086,20875679,1,1,-0.058,-2.363,-0.059,-2.34,0.0006144372081,-4.855414429e-05,-0.222,-3.121,-0.733,-3.738,0.5797011257,0.0002468746058
2087,20885037,1,1,-0.058,-2.363,-0.059,-2.34,0.0006144372081,-4.855414429e-05,-0.232,-3.132,-0.733,-3.738,0.568356681,0.0002424732757
2088,20895149,1,1,-0.058,-2.363,-0.059,-2.34,0.0006144372081,-4.855414429e-05,-0.219,-3.124,-0.733,-3.738,0.5831044591,0.000245674243
2089,20905184,1,1,-0.059,-2.365,-0.059,-2.34,0,-5.277624379e-05,-0.224,-3.132,-0.733,-3.738,0.5774322368,0.0002424732757
2090,20915655,1,1,-0.058,-2.363,-0.059,-2.34,0.0006144372081,-4.855414429e-05,-0.224,-3.132,-0.733,-3.738,0.5774322368,0.0002424732757
2091,20926255,1,1,-0.058,-2.363,-0.059,-2.34,0.0006144372081,-4.855414429e-05,-0.224,-3.132,-0.733,-3.738,0.5774322368,0.0002424732757
2092,20935307,1,1,-0.061,-2.364,-0.059,-2.34,-0.001228874416,-5.066519404e-05,-0.224,-3.132,-0.733,-3.738,0.5774322368,0.0002424732757
2093,20945099,1,1,-0.06,-2.363,-0.059,-2.34,-0.0006144372081,-4.855414429e-05,-0.224,-3.132,-0.733,-3.738,0.5774322368,0.0002424732757
2094,20957853,1,1,-0.06,-2.363,-0.059,-2.34,-0.0006144372081,-4.855414429e-05,-0.22,-3.125,-0.733,-3.738,0.5819700146,0.0002452741221
2095,20965438,1,1,-0.062,-2.365,-0.059,-2.34,-0.001843311624,-5.277624379e-05,-0.22,-3.123,-0.733,-3.738,0.5819700146,0.000246074364
2096,20975151,1,1,-0.061,-2.364,-0.059,-2.34,-0.001228874416,-5.066519404e-05,-0.22,-3.123,-0.733,-3.738,0.5819700146,0.000246074364
2097,20985385,1,1,-0.061,-2.364,-0.059,-2.34,-0.001228874416,-5.066519404e-05,-0.217,-3.124,-0.733,-3.738,0.5853733481,0.000245674243
2098,20995464,1,1,-0.061,-2.365,-0.059,-2.34,-0.001228874416,-5.277624379e-05,-0.229,-3.131,-0.733,-3.738,0.5717600144,0.0002428733966
2099,21005660,1,1,-0.059,-2.363,-0.059,-2.34,0,-4.855414429e-05,-0.229,-3.131,-0.733,-3.738,0.5717600144,0.0002428733966
2100,21015907,1,1,-0.059,-2.363,-0.059,-2.34,0,-4.855414429e-05,-0.219,-3.123,-0.733,-3.738,0.5831044591,0.000246074364
2101,21026256,1,1,-0.059,-2.364,-0.059,-2.34,0,-5.066519404e-05,-0.234,-3.125,-0.733,-3.738,0.566087792,0.0002452741221
2102,21035079,1,1,-0.058,-2.363,-0.059,-2.34,0.0006144372081,-4.855414429e-05,-0.234,-3.125,-0.733,-3.738,0.566087792,0.0002452741221
2103,21045378,1,1,-0.058,-2.363,-0.059,-2.34,0.0006144372081,-4.855414429e-05,-0.234,-3.125,-0.733,-3.738,0.566087792,0.0002452741221
2104,21057774,1,1,-0.058,-2.363,-0.059,-2.34,0.0006144372081,-4.855414429e-05,-0.234,-3.125,-0.733,-3.738,0.566087792,0.0002452741221
2105,21065416,1,1,-0.058,-2.363,-0.059,-2.34,0.0006144372081,-4.855414429e-05,-0.234,-3.125,-0.733,-3.738,0.566087792,0.0002452741221
2106,21075223,1,1,-0.058,-2.363,-0.059,-2.34,0.0006144372081,-4.855414429e-05,-0.234,-3.125,-0.733,-3.738,0.566087792,0.0002452741221
2107,21085135,1,1,-0.06,-2.365,-0.059,-2.34,-0.0006144372081,-5.277624379e-05,-0.234,-3.125,-0.733,-3.738,0.566087792,0.0002452741221
2108,21095298,1,1,-0.059,-2.363,-0.059,-2.34,0,-4.855414429e-05,-0.218,-3.123,-0.733,-3.738,0.5842389036,0.000246074364
2109,21105469,1,1,-0.059,-2.363,-0.059,-2.34,0,-4.855414429e-05,-0.229,-3.126,-0.733,-3.738,0.5717600144,0.0002448740012
2110,21115570,1,1,-0.06,-2.363,-0.059,-2.34,-0.0006144372081,-4.855414429e-05,-0.229,-3.126,-0.733,-3.738,0.5717600144,0.0002448740012
2111,21125867,1,1,-0.06,-2.363,-0.059,-2.34,-0.0006144372081,-4.855414429e-05,-0.226,-3.13,-0.733,-3.738,0.5751633478,0.0002432735175
2112,21136741,1,1,-0.06,-2.363,-0.059,-2.34,-0.0006144372081,-4.855414429e-05,-0.218,-3.122,-0.733,-3.738,0.5842389036,0.0002464744849
2113,21144955,1,1,-0.061,-2.365,-0.059,-2.34,-0.001228874416,-5.277624379e-05,-0.218,-3.122,-0.733,-3.738,0.5842389036,0.0002464744849
2114,21157996,1,1,-0.059,-2.363,-0.059,-2.34,0,-4.855414429e-05,-0.218,-3.122,-0.733,-3.738,0.5842389036,0.0002464744849
2115,21165134,1,1,-0.059,-2.363,-0.059,-2.34,0,-4.855414429e-05,-0.218,-3.122,-0.733,-3.738,0.5842389036,0.0002464744849
2116,21175475,1,1,-0.06,-2.363,-0.059,-2.34,-0.0006144372081,-4.855414429e-05,-0.218,-3.122,-0.733,-3.738,0.5842389036,0.0002464744849
2117,21186289,1,1,-0.06,-2.363,-0.059,-2.34,-0.0006144372081,-4.855414429e-05,-0.218,-3.122,-0.733,-3.738,0.5842389036,0.0002464744849
2118,21194997,1,1,-0.06,-2.363,-0.059,-2.34,-0.0006144372081,-4.855414429e-05,-0.218,-3.122,-0.733,-3.738,0.5842389036,0.0002464744849
2119,21205287,1,1,-0.061,-2.365,-0.059,-2.34,-0.001228874416,-5.277624379e-05,-0.218,-3.122,-0.733,-3.738,0.5842389036,0.0002464744849
2120,21215538,1,1,-0.06,-2.363,-0.059,-2.34,-0.0006144372081,-4.855414429e-05,-0.218,-3.122,-0.733,-3.738,0.5842389036,0.0002464744849
2121,21225178,1,1,-0.06,-2.363,-0.059,-2.34,-0.0006144372081,-4.855414429e-05,-0.22,-3.124,-0.733,-3.738,0.5819700146,0.000245674243
2122,21235357,1,1,-0.06,-2.365,-0.059,-2.34,-0.0006144372081,-5.277624379e-05,-0.219,-3.123,-0.733,-3.738,0.5831044591,0.000246074364
2123,21245047,1,1,-0.059,-2.364,-0.059,-2.34,0,-5.066519404e-05,-0.228,-3.131,-0.733,-3.738,0.5728944589,0.0002428733966
2124,21257757,1,1,-0.059,-2.364,-0.059,-2.34,0,-5.066519404e-05,-0.228,-3.131,-0.733,-3.738,0.5728944589,0.0002428733966
2125,21265273,1,1,-0.06,-2.365,-0.059,-2.34,-0.0006144372081,-5.277624379e-05,-0.228,-3.131,-0.733,-3.738,0.5728944589,0.0002428733966
2126,21274969,1,1,-0.059,-2.362,-0.059,-2.34,0,-4.644309453e-05,-0.228,-3.131,-0.733,-3.738,0.5728944589,0.0002428733966
2127,21285160,1,1,-0.059,-2.362,-0.059,-2.34,0,-4.644309453e-05,-0.22,-3.124,-0.733,-3.738,0.5819700146,0.000245674243
2128,21295449,1,1,-0.06,-2.365,-0.059,-2.34,-0.0006144372081,-5.277624379e-05,-0.221,-3.124,-0.733,-3.738,0.5808355702,0.000245674243
2129,21305141,1,1,-0.059,-2.363,-0.059,-2.34,0,-4.855414429e-05,-0.221,-3.124,-0.733,-3.738,0.5808355702,0.000245674243
2130,21315859,1,1,-0.059,-2.363,-0.059,-2.34,0,-4.855414429e-05,-0.221,-3.124,-0.733,-3.738,0.5808355702,0.000245674243
2131,21325386,1,1,-0.061,-2.365,-0.059,-2.34,-0.001228874416,-5.277624379e-05,-0.224,-3.13,-0.733,-3.738,0.5774322368,0.0002432735175
2132,21335914,1,1,-0.059,-2.362,-0.059,-2.34,0,-4.644309453e-05,-0.224,-3.13,-0.733,-3.738,0.5774322368,0.0002432735175
2133,21344943,1,1,-0.059,-2.362,-0.059,-2.34,0,-4.644309453e-05,-0.221,-3.125,-0.733,-3.738,0.5808355702,0.0002452741221
2134,21358638,1,1,-0.061,-2.363,-0.059,-2.34,-0.001228874416,-4.855414429e-05,-0.226,-3.121,-0.733,-3.738,0.5751633478,0.0002468746058
2135,21365573,1,1,-0.061,-2.363,-0.059,-2.34,-0.001228874416,-4.855414429e-05,-0.227,-3.132,-0.733,-3.738,0.5740289033,0.0002424732757
2136,21375009,1,1,-0.061,-2.363,-0.059,-2.34,-0.001228874416,-4.855414429e-05,-0.234,-3.131,-0.733,-3.738,0.566087792,0.0002428733966
2137,21385379,1,1,-0.063,-2.365,-0.059,-2.34,-0.002457748832,-5.277624379e-05,-0.234,-3.131,-0.733,-3.738,0.566087792,0.0002428733966
2138,21395342,1,1,-0.061,-2.363,-0.059,-2.34,-0.001228874416,-4.855414429e-05,-0.221,-3.124,-0.733,-3.738,0.5808355702,0.000245674243
2139,21405739,1,1,-0.061,-2.363,-0.059,-2.34,-0.001228874416,-4.855414429e-05,-0.219,-3.125,-0.733,-3.738,0.5831044591,0.0002452741221
2140,21415315,1,1,-0.063,-2.365,-0.059,-2.34,-0.002457748832,-5.277624379e-05,-0.219,-3.125,-0.733,-3.738,0.5831044591,0.0002452741221
2141,21425610,1,1,-0.063,-2.364,-0.059,-2.34,-0.002457748832,-5.066519404e-05,-0.23,-3.121,-0.733,-3.738,0.5706255699,0.0002468746058
2142,21435671,1,1,-0.063,-2.364,-0.059,-2.34,-0.002457748832,-5.066519404e-05,-0.237,-3.127,-0.733,-3.738,0.5626844586,0.0002444738803
2143,21444970,1,1,-0.065,-2.366,-0.059,-2.34,-0.003686623249,-5.488729354e-05,-0.237,-3.127,-0.733,-3.738,0.5626844586,0.0002444738803
2144,21457707,1,1,-0.063,-2.363,-0.059,-2.34,-0.002457748832,-4.855414429e-05,-0.237,-3.127,-0.733,-3.738,0.5626844586,0.0002444738803
2145,21465198,1,1,-0.063,-2.363,-0.059,-2.34,-0.002457748832,-4.855414429e-05,-0.237,-3.127,-0.733,-3.738,0.5626844586,0.0002444738803
2146,21475484,1,1,-0.062,-2.364,-0.059,-2.34,-0.001843311624,-5.066519404e-05,-0.237,-3.127,-0.733,-3.738,0.5626844586,0.0002444738803
2147,21485283,1,1,-0.062,-2.364,-0.059,-2.34,-0.001843311624,-5.066519404e-05,-0.237,-3.127,-0.733,-3.738,0.5626844586,0.0002444738803
2148,21495207,1,1,-0.062,-2.364,-0.059,-2.34,-0.001843311624,-5.066519404e-05,-0.22,-3.124,-0.733,-3.738,0.5819700146,0.000245674243
2149,21505437,1,1,-0.063,-2.366,-0.059,-2.34,-0.002457748832,-5.488729354e-05,-0.231,-3.134,-0.733,-3.738,0.5694911254,0.0002416730339
2150,21515779,1,1,-0.062,-2.364,-0.059,-2.34,-0.001843311624,-5.066519404e-05,-0.223,-3.126,-0.733,-3.738,0.5785666812,0.0002448740012
2151,21524939,1,1,-0.062,-2.364,-0.059,-2.34,-0.001843311624,-5.066519404e-05,-0.22,-3.123,-0.733,-3.738,0.5819700146,0.000246074364
2152,21535089,1,1,-0.066,-2.365,-0.059,-2.34,-0.004301060457,-5.277624379e-05,-0.234,-3.131,-0.733,-3.738,0.566087792,0.0002428733966
2153,21545175,1,1,-0.065,-2.364,-0.059,-2.34,-0.003686623249,-5.066519404e-05,-0.234,-3.131,-0.733,-3.738,0.566087792,0.0002428733966
2154,21558091,1,1,-0.065,-2.364,-0.059,-2.34,-0.003686623249,-5.066519404e-05,-0.234,-3.131,-0.733,-3.738,0.566087792,0.0002428733966
2155,21565924,1,1,-0.068,-2.366,-0.059,-2.34,-0.005529934873,-5.488729354e-05,-0.234,-3.131,-0.733,-3.738,0.566087792,0.0002428733966
2156,21575086,1,1,-0.067,-2.363,-0.059,-2.34,-0.004915497665,-4.855414429e-05,-0.221,-3.127,-0.733,-3.738,0.5808355702,0.0002444738803
2157,21584953,1,1,-0.067,-2.363,-0.059,-2.34,-0.004915497665,-4.855414429e-05,-0.234,-3.131,-0.733,-3.738,0.566087792,0.0002428733966
2158,21595233,1,1,-0.067,-2.366,-0.059,-2.34,-0.004915497665,-5.488729354e-05,-0.234,-3.131,-0.733,-3.738,0.566087792,0.0002428733966
2159,21605120,1,1,-0.066,-2.366,-0.059,-2.34,-0.004301060457,-5.488729354e-05,-0.232,-3.132,-0.733,-3.738,0.568356681,0.0002424732757
2160,21615182,1,1,-0.066,-2.366,-0.059,-2.34,-0.004301060457,-5.488729354e-05,-0.22,-3.125,-0.733,-3.738,0.5819700146,0.0002452741221
2161,21625185,1,1,-0.066,-2.367,-0.059,-2.34,-0.004301060457,-5.699834329e-05,-0.224,-3.129,-0.733,-3.738,0.5774322368,0.0002436736385
2162,21635206,1,1,-0.065,-2.364,-0.059,-2.34,-0.003686623249,-5.066519404e-05,-0.221,-3.124,-0.733,-3.738,0.5808355702,0.000245674243
2163,21645057,1,1,-0.065,-2.364,-0.059,-2.34,-0.003686623249,-5.066519404e-05,-0.234,-3.123,-0.733,-3.738,0.566087792,0.000246074364
2164,21658265,1,1,-0.067,-2.366,-0.059,-2.34,-0.004915497665,-5.488729354e-05,-0.234,-3.123,-0.733,-3.738,0.566087792,0.000246074364
2165,21666741,1,1,-0.067,-2.366,-0.059,-2.34,-0.004915497665,-5.488729354e-05,-0.234,-3.123,-0.733,-3.738,0.566087792,0.000246074364
2166,21675354,1,1,-0.067,-2.366,-0.059,-2.34,-0.004915497665,-5.488729354e-05,-0.234,-3.123,-0.733,-3.738,0.566087792,0.000246074364
2167,21685658,1,1,-0.069,-2.366,-0.059,-2.34,-0.006144372081,-5.488729354e-05,-0.234,-3.123,-0.733,-3.738,0.566087792,0.000246074364
2168,21695339,1,1,-0.069,-2.366,-0.059,-2.34,-0.006144372081,-5.488729354e-05,-0.23,-3.131,-0.733,-3.738,0.5706255699,0.0002428733966
2169,21705790,1,1,-0.069,-2.366,-0.059,-2.34,-0.006144372081,-5.488729354e-05,-0.223,-3.129,-0.733,-3.738,0.5785666812,0.0002436736385
2170,21715184,1,1,-0.069,-2.366,-0.059,-2.34,-0.006144372081,-5.488729354e-05,-0.223,-3.129,-0.733,-3.738,0.5785666812,0.0002436736385
2171,21724963,1,1,-0.07,-2.367,-0.059,-2.34,-0.006758809289,-5.699834329e-05,-0.223,-3.129,-0.733,-3.738,0.5785666812,0.0002436736385
2172,21735741,1,1,-0.07,-2.367,-0.059,-2.34,-0.006758809289,-5.699834329e-05,-0.219,-3.125,-0.733,-3.738,0.5831044591,0.0002452741221
2173,21745092,1,1,-0.07,-2.366,-0.059,-2.34,-0.006758809289,-5.488729354e-05,-0.239,-3.125,-0.733,-3.738,0.5604155697,0.0002452741221
2174,21758351,1,1,-0.069,-2.366,-0.059,-2.34,-0.006144372081,-5.488729354e-05,-0.22,-3.123,-0.733,-3.738,0.5819700146,0.000246074364
2175,21765361,1,1,-0.069,-2.366,-0.059,-2.34,-0.006144372081,-5.488729354e-05,-0.224,-3.126,-0.733,-3.738,0.5774322368,0.0002448740012
2176,21775707,1,1,-0.069,-2.367,-0.059,-2.34,-0.006144372081,-5.699834329e-05,-0.224,-3.126,-0.733,-3.738,0.5774322368,0.0002448740012
2177,21785305,1,1,-0.068,-2.364,-0.059,-2.34,-0.005529934873,-5.066519404e-05,-0.221,-3.126,-0.733,-3.738,0.5808355702,0.0002448740012
2178,21795284,1,1,-0.068,-2.364,-0.059,-2.34,-0.005529934873,-5.066519404e-05,-0.239,-3.127,-0.733,-3.738,0.5604155697,0.0002444738803
2179,21805533,1,1,-0.07,-2.367,-0.059,-2.34,-0.006758809289,-5.699834329e-05,-0.239,-3.127,-0.733,-3.738,0.5604155697,0.0002444738803
2180,21814942,1,1,-0.07,-2.367,-0.059,-2.34,-0.006758809289,-5.699834329e-05,-0.226,-3.132,-0.733,-3.738,0.5751633478,0.0002424732757
2181,21825142,1,1,-0.07,-2.367,-0.059,-2.34,-0.006758809289,-5.699834329e-05,-0.228,-3.132,-0.733,-3.738,0.5728944589,0.0002424732757
2182,21835419,1,1,-0.071,-2.367,-0.059,-2.34,-0.007373246497,-5.699834329e-05,-0.228,-3.132,-0.733,-3.738,0.5728944589,0.0002424732757
2183,21845605,1,1,-0.071,-2.366,-0.059,-2.34,-0.007373246497,-5.488729354e-05,-0.229,-3.127,-0.733,-3.738,0.5717600144,0.0002444738803
2184,21857873,1,1,-0.071,-2.366,-0.059,-2.34,-0.007373246497,-5.488729354e-05,-0.239,-3.132,-0.733,-3.738,0.5604155697,0.0002424732757
2185,21865000,1,1,-0.071,-2.366,-0.059,-2.34,-0.007373246497,-5.488729354e-05,-0.239,-3.132,-0.733,-3.738,0.5604155697,0.0002424732757
2186,21875087,1,1,-0.071,-2.366,-0.059,-2.34,-0.007373246497,-5.488729354e-05,-0.227,-3.13,-0.733,-3.738,0.5740289033,0.0002432735175
2187,21885131,1,1,-0.071,-2.366,-0.059,-2.34,-0.007373246497,-5.488729354e-05,-0.229,-3.133,-0.733,-3.738,0.5717600144,0.0002420731548
2188,21895174,1,1,-0.071,-2.366,-0.059,-2.34,-0.007373246497,-5.488729354e-05,-0.229,-3.133,-0.733,-3.738,0.5717600144,0.0002420731548
2189,21905540,1,1,-0.071,-2.366,-0.059,-2.34,-0.007373246497,-5.488729354e-05,-0.22,-3.125,-0.733,-3.738,0.5819700146,0.0002452741221
2190,21915428,1,1,-0.071,-2.366,-0.059,-2.34,-0.007373246497,-5.488729354e-05,-0.241,-3.129,-0.733,-3.738,0.5581466807,0.0002436736385
2191,21925166,1,1,-0.072,-2.367,-0.059,-2.34,-0.007987683705,-5.699834329e-05,-0.241,-3.129,-0.733,-3.738,0.5581466807,0.0002436736385
2192,21935278,1,1,-0.072,-2.366,-0.059,-2.34,-0.007987683705,-5.488729354e-05,-0.228,-3.133,-0.733,-3.738,0.5728944589,0.0002420731548
2193,21944955,1,1,-0.072,-2.366,-0.059,-2.34,-0.007987683705,-5.488729354e-05,-0.228,-3.133,-0.733,-3.738,0.5728944589,0.0002420731548
2194,21958897,1,1,-0.073,-2.367,-0.059,-2.34,-0.008602120913,-5.699834329e-05,-0.228,-3.133,-0.733,-3.738,0.5728944589,0.0002420731548
2195,21965493,1,1,-0.073,-2.367,-0.059,-2.34,-0.008602120913,-5.699834329e-05,-0.22,-3.125,-0.733,-3.738,0.5819700146,0.0002452741221
2196,21975098,1,1,-0.073,-2.367,-0.059,-2.34,-0.008602120913,-5.699834329e-05,-0.232,-3.132,-0.733,-3.738,0.568356681,0.0002424732757
2197,21985263,1,1,-0.073,-2.367,-0.059,-2.34,-0.008602120913,-5.699834329e-05,-0.232,-3.132,-0.733,-3.738,0.568356681,0.0002424732757
2198,21994952,1,1,-0.072,-2.367,-0.059,-2.34,-0.007987683705,-5.699834329e-05,-0.232,-3.132,-0.733,-3.738,0.568356681,0.0002424732757
2199,22005503,1,1,-0.072,-2.367,-0.059,-2.34,-0.007987683705,-5.699834329e-05,-0.232,-3.132,-0.733,-3.738,0.568356681,0.0002424732757
2200,22015137,1,1,-0.071,-2.367,-0.059,-2.34,-0.007373246497,-5.699834329e-05,-0.232,-3.132,-0.733,-3.738,0.568356681,0.0002424732757
2201,22025386,1,1,-0.071,-2.366,-0.059,-2.34,-0.007373246497,-5.488729354e-05,-0.222,-3.127,-0.733,-3.738,0.5797011257,0.0002444738803
2202,22035016,1,1,-0.071,-2.366,-0.059,-2.34,-0.007373246497,-5.488729354e-05,-0.219,-3.125,-0.733,-3.738,0.5831044591,0.0002452741221
2203,22045122,1,1,-0.072,-2.367,-0.059,-2.34,-0.007987683705,-5.699834329e-05,-0.23,-3.132,-0.733,-3.738,0.5706255699,0.0002424732757
2204,22058742,1,1,-0.073,-2.367,-0.059,-2.34,-0.008602120913,-5.699834329e-05,-0.22,-3.124,-0.733,-3.738,0.5819700146,0.000245674243
2205,22065357,1,1,-0.073,-2.367,-0.059,-2.34,-0.008602120913,-5.699834329e-05,-0.22,-3.123,-0.733,-3.738,0.5819700146,0.000246074364
2206,22075233,1,1,-0.073,-2.367,-0.059,-2.34,-0.008602120913,-5.699834329e-05,-0.225,-3.125,-0.733,-3.738,0.5762977923,0.0002452741221
2207,22086142,1,1,-0.073,-2.367,-0.059,-2.34,-0.008602120913,-5.699834329e-05,-0.22,-3.125,-0.733,-3.738,0.5819700146,0.0002452741221
2208,22096236,1,1,-0.073,-2.367,-0.059,-2.34,-0.008602120913,-5.699834329e-05,-0.236,-3.128,-0.733,-3.738,0.5638189031,0.0002440737594
2209,22105037,1,1,-0.073,-2.367,-0.059,-2.34,-0.008602120913,-5.699834329e-05,-0.236,-3.128,-0.733,-3.738,0.5638189031,0.0002440737594
2210,22115237,1,1,-0.073,-2.367,-0.059,-2.34,-0.008602120913,-5.699834329e-05,-0.236,-3.128,-0.733,-3.738,0.5638189031,0.0002440737594
2211,22125039,1,1,-0.073,-2.367,-0.059,-2.34,-0.008602120913,-5.699834329e-05,-0.236,-3.128,-0.733,-3.738,0.5638189031,0.0002440737594
2212,22135176,1,1,-0.072,-2.367,-0.059,-2.34,-0.007987683705,-5.699834329e-05,-0.236,-3.128,-0.733,-3.738,0.5638189031,0.0002440737594
2213,22145783,1,1,-0.072,-2.367,-0.059,-2.34,-0.007987683705,-5.699834329e-05,-0.224,-3.128,-0.733,-3.738,0.5774322368,0.0002440737594
2214,22158170,1,1,-0.072,-2.367,-0.059,-2.34,-0.007987683705,-5.699834329e-05,-0.224,-3.128,-0.733,-3.738,0.5774322368,0.0002440737594
2215,22165189,1,1,-0.071,-2.367,-0.059,-2.34,-0.007373246497,-5.699834329e-05,-0.224,-3.128,-0.733,-3.738,0.5774322368,0.0002440737594
2216,22174916,1,1,-0.071,-2.367,-0.059,-2.34,-0.007373246497,-5.699834329e-05,-0.22,-3.123,-0.733,-3.738,0.5819700146,0.000246074364
2217,22185203,1,1,-0.071,-2.367,-0.059,-2.34,-0.007373246497,-5.699834329e-05,-0.233,-3.13,-0.733,-3.738,0.5672222365,0.0002432735175
2218,22195366,1,1,-0.072,-2.366,-0.059,-2.34,-0.007987683705,-5.488729354e-05,-0.233,-3.13,-0.733,-3.738,0.5672222365,0.0002432735175
2219,22204997,1,1,-0.072,-2.366,-0.059,-2.34,-0.007987683705,-5.488729354e-05,-0.233,-3.13,-0.733,-3.738,0.5672222365,0.0002432735175
2220,22215305,1,1,-0.072,-2.366,-0.059,-2.34,-0.007987683705,-5.488729354e-05,-0.221,-3.123,-0.733,-3.738,0.5808355702,0.000246074364
2221,22225363,1,1,-0.072,-2.367,-0.059,-2.34,-0.007987683705,-5.699834329e-05,-0.221,-3.122,-0.733,-3.738,0.5808355702,0.0002464744849
2222,22234988,1,1,-0.073,-2.367,-0.059,-2.34,-0.008602120913,-5.699834329e-05,-0.222,-3.128,-0.733,-3.738,0.5797011257,0.0002440737594
2223,22245570,1,1,-0.073,-2.367,-0.059,-2.34,-0.008602120913,-5.699834329e-05,-0.224,-3.129,-0.733,-3.738,0.5774322368,0.0002436736385
