frame_index,source_timestamp_100ns,callback_elapsed_us,keyframe,discontinuity
0,19155743555,1146501,1,0
1,19156121666,1164112,1,0
2,19159928888,1178520,1,0
3,19160251444,1196952,1,0
4,19160590666,1215842,1,0
5,19160923888,1230116,1,0
6,19161259222,1247106,1,0
7,19161595777,1265264,1,0
8,19161938666,1282953,1,0
9,19162262777,1301144,1,0
10,19162613777,1315205,1,0
11,19162942333,1326921,1,0
12,19163276555,1362800,1,0
13,19163594000,1395851,1,0
14,19163935555,1429266,1,0
15,19164252111,1463917,1,0
16,19164600777,1497525,1,0
17,19164933222,1529997,1,0
18,19165265333,1563033,1,0
19,19165603333,1596631,1,0
20,19165943000,1628839,1,0
21,19166262888,1660559,1,0
22,19166592666,1694969,1,0
23,19166923333,1727937,1,0
24,19167268666,1760223,1,0
25,19167594777,1794345,1,0
26,19167929444,1827467,1,0
27,19168266111,1860924,1,0
28,19168596888,1894316,1,0
29,19168939222,1927272,1,0
30,19169260111,1961722,1,0
31,19169607444,1996033,1,0
32,19169959444,2027088,1,0
33,19170270000,2061997,1,0
34,19170595888,2097269,1,0
35,19170945000,2128453,1,0
36,19171268111,2169808,1,0
37,19171675000,2196189,1,0
38,19171928444,2228167,1,0
39,19172267888,2261487,1,0
40,19172600333,2294836,1,0
41,19172938333,2327642,1,0
42,19173261222,2362999,1,0
43,19173596111,2398513,1,0
44,19173975888,2430277,1,0
45,19174265555,2462467,1,0
46,19174598555,2495038,1,0
47,19174937888,2530065,1,0
48,19175270111,2562432,1,0
49,19175599333,2597689,1,0
50,19175945000,2630615,1,0
51,19176271222,2665564,1,0
52,19176606333,2699396,1,0
53,19176951666,2730406,1,0
54,19177272444,2767255,1,0
55,19177619222,2809337,1,0
56,19177996666,2831423,1,0
57,19178263555,2864823,1,0
58,19178620444,2898913,1,0
59,19178948111,2931308,1,0
60,19179283888,2964824,1,0
61,19179614111,2997433,1,0
62,19179952888,3030616,1,0
63,19180270555,3064997,1,0
64,19180613333,3097857,1,0
65,19180943777,3130687,1,0
66,19181268555,3162757,1,0
67,19181604777,3199200,1,0
68,19181960444,3231469,1,0
69,19182286111,3264818,1,0
70,19182613444,3297659,1,0
71,19182941444,3330009,1,0
72,19183277444,3366286,1,0
73,19183633000,3397950,1,0
74,19183950444,3434777,1,0
75,19184327888,3462063,1,0
76,19184616111,3496577,1,0
77,19184947333,3530829,1,0
78,19185286111,3563781,1,0
79,19185622888,3597455,1,0
80,19185959222,3628365,1,0
81,19186276222,3664243,1,0
82,19186614000,3698491,1,0
83,19186958888,3732523,1,0
84,19187287888,3766957,1,0
85,19187634888,3797918,1,0
86,19187948000,3830734,1,0
87,19188275777,3865564,1,0
88,19188619888,3898107,1,0
89,19188951444,3931662,1,0
90,19189282888,3965167,1,0
91,19189611333,4000335,1,0
92,19189974444,4031773,1,0
93,19190286777,4066119,1,0
94,19190629111,4100544,1,0
95,19190957666,4135185,1,0
96,19191313555,4169889,1,0
97,19191667333,4199157,1,0
98,19191950000,4233016,1,0
99,19192289333,4265710,1,0
100,19192625000,4299770,1,0
101,19192960000,4333349,1,0
102,19193296888,4367945,1,0
103,19193624777,4399888,1,0
104,19193972333,4433129,1,0
105,19194291666,4466797,1,0
106,19194637333,4499529,1,0
107,19194958222,4532992,1,0
108,19195304111,4565183,1,0
109,19195618333,4598908,1,0
110,19195960444,4632361,1,0
111,19196291444,4666759,1,0
112,19196626000,4699278,1,0
113,19196956222,4736702,1,0
114,19197332888,4766848,1,0
115,19197629000,4801671,1,0
116,19197971000,4831835,1,0
117,19198293222,4865960,1,0
118,19198628333,4902059,1,0
119,19198987333,4933196,1,0
120,19199290888,4966909,1,0
121,19199634666,5000513,1,0
122,19199971000,5032538,1,0
123,19200291555,5067026,1,0
124,19200633888,5100407,1,0
125,19200968888,5134511,1,0
126,19201298333,5166385,1,0
127,19201631666,5201269,1,0
128,19201972555,5233244,1,0
129,19202305111,5266379,1,0
130,19202637222,5301898,1,0
131,19202970000,5337082,1,0
132,19203298000,5368376,1,0
133,19203647000,5400132,1,0
134,19203970777,5433461,1,0
135,19204300444,5467104,1,0
136,19204637333,5500907,1,0
137,19204965777,5537943,1,0
138,19205334000,5604333,1,0
139,19205989222,5680022,1,0
140,19205989222,5691387,1,0
141,19205989222,5702158,1,0
142,19206635777,5719743,1,0
143,19206966000,5736716,1,0
144,19207336222,5768048,1,0
145,19207640000,5800889,1,0
146,19207979222,5837031,1,0
147,19208317444,5867300,1,0
148,19208636444,5902729,1,0
149,19208988777,5933522,1,0
150,19209308777,5968174,1,0
151,19209642444,6002835,1,0
152,19209988777,6033389,1,0
153,19210309888,6069262,1,0
154,19210649333,6101542,1,0
155,19210986000,6132328,1,0
156,19211296666,6169594,1,0
157,19211656222,6201750,1,0
158,19211986777,6235554,1,0
159,19212306888,6267827,1,0
160,19212644000,6335915,1,0
161,19213312888,6413080,1,0
162,19213312888,6424262,1,0
163,19213312888,6435123,1,0
164,19213995666,6450799,1,0
165,19214315888,6472096,1,0
166,19214657888,6501732,1,0
167,19214979333,6536241,1,0
168,19215313111,6568093,1,0
169,19215650888,6607001,1,0
170,19216029555,6636006,1,0
171,19216309222,6668871,1,0
172,19216659333,6702156,1,0
173,19216981555,6736309,1,0
174,19217313444,6770167,1,0
175,19217655111,6801598,1,0
176,19217990777,6833904,1,0
177,19218311666,6869835,1,0
178,19218652888,6901224,1,0
179,19218983333,6935467,1,0
180,19219314777,6970334,1,0
181,19219661444,7002714,1,0
182,19219986444,7035036,1,0
183,19220315777,7069510,1,0
184,19220659888,7100865,1,0
185,19220978111,7136377,1,0
186,19221314444,7170819,1,0
187,19221670111,7202337,1,0
188,19221993888,7235697,1,0
189,19222324222,7269412,1,0
190,19222655777,7304163,1,0
191,19222995333,7335211,1,0
192,19223312333,7368706,1,0
193,19223655333,7401761,1,0
194,19223981666,7437342,1,0
195,19224340333,7469938,1,0
196,19224659000,7501744,1,0
197,19224990666,7536455,1,0
198,19225326333,7567511,1,0
199,19225649777,7603352,1,0
200,19225995000,7635613,1,0
201,19226324333,7669741,1,0
202,19226666111,7704803,1,0
203,19226996444,7738038,1,0
204,19227339222,7769838,1,0
205,19227658444,7804483,1,0
206,19227999888,7842617,1,0
207,19228338555,7874043,1,0
208,19228695555,7904456,1,0
209,19228999888,7937228,1,0
210,19229323111,7971673,1,0
211,19229676666,8002391,1,0
212,19229997333,8036811,1,0
213,19230328333,8070940,1,0
214,19230672444,8102318,1,0
215,19230990000,8134993,1,0
216,19231323555,8172338,1,0
217,19231660555,8203147,1,0
218,19231995777,8237165,1,0
219,19232330555,8272514,1,0
220,19232689333,8304633,1,0
221,19233005777,8336966,1,0
222,19233340000,8369843,1,0
223,19233669111,8402953,1,0
224,19233996222,8436000,1,0
225,19234336333,8470283,1,0
226,19234667333,8503904,1,0
227,19235007555,8536725,1,0
228,19235334888,8573973,1,0
229,19235688555,8603962,1,0
230,19236000444,8635757,1,0
231,19236327777,8671557,1,0
232,19236677888,8709502,1,0
233,19237045333,8739537,1,0
234,19237352333,8772840,1,0
235,19237671555,8805252,1,0
236,19238012444,8838008,1,0
237,19238342666,8873136,1,0
238,19238690777,8903049,1,0
239,19239001444,8935420,1,0
240,19239331666,8971488,1,0
241,19239675777,9003504,1,0
242,19240004888,9036722,1,0
243,19240332888,9070016,1,0
244,19240666666,9104759,1,0
245,19241005555,9137618,1,0
246,19241340444,9169803,1,0
247,19241668777,9205640,1,0
248,19242010333,9236934,1,0
249,19242336333,9270274,1,0
250,19242670333,9305422,1,0
251,19243017444,9340678,1,0
252,19243363444,9371612,1,0
253,19243680444,9406553,1,0
254,19244022555,9437690,1,0
255,19244351111,9472091,1,0
256,19244679000,9504792,1,0
257,19245014777,9543728,1,0
258,19245404777,9570232,1,0
259,19245669111,9605192,1,0
260,19246020444,9638164,1,0
261,19246345888,9674043,1,0
262,19246684333,9704987,1,0
263,19247013888,9739398,1,0
264,19247351000,9771650,1,0
265,19247687888,9806916,1,0
266,19248017888,9837809,1,0
267,19248345444,9871038,1,0
268,19248675777,9907533,1,0
269,19249022222,9937856,1,0
270,19249347888,9972415,1,0
271,19249686222,10004946,1,0
272,19250017888,10041233,1,0
273,19250354777,10073236,1,0
274,19250681777,10106841,1,0
275,19251017888,10139698,1,0
276,19251351000,10176134,1,0
277,19251694333,10204625,1,0
278,19252020444,10238350,1,0
279,19252345222,10276743,1,0
280,19252694777,10305837,1,0
281,19253015888,10338251,1,0
282,19253345444,10372537,1,0
283,19253686000,10405013,1,0
284,19254021222,10438580,1,0
285,19254352333,10470755,1,0
286,19254686111,10505384,1,0
287,19255021333,10541108,1,0
288,19255351222,10573035,1,0
289,19255687222,10605716,1,0
290,19256018111,10638890,1,0
291,19256345888,10673387,1,0
292,19256691777,10706497,1,0
293,19257015777,10740535,1,0
294,19257361444,10775180,1,0
295,19257710444,10810197,1,0
296,19258061888,10840300,1,0
297,19258362333,10873136,1,0
298,19258692777,10905429,1,0
299,19259016555,10940409,1,0
300,19259353222,10974340,1,0
301,19259699333,11009493,1,0
302,19260055666,11041127,1,0
303,19260368333,11072925,1,0
304,19260690111,11109661,1,0
305,19261034888,11143869,1,0
306,19261400666,11173739,1,0
307,19261698444,11206363,1,0
308,19262029444,11240006,1,0
309,19262357666,11273426,1,0
310,19262695555,11306283,1,0
311,19263031222,11340683,1,0
312,19263356000,11372405,1,0
313,19263695222,11410274,1,0
314,19264036777,11441143,1,0
315,19264367555,11473554,1,0
316,19264696444,11507340,1,0
317,19265037444,11539828,1,0
318,19265360000,11577714,1,0
319,19265705444,11608585,1,0
320,19266050555,11639740,1,0
321,19266356666,11674759,1,0
322,19266700000,11708376,1,0
323,19267052333,11740851,1,0
324,19267365888,11775942,1,0
325,19267710555,11805734,1,0
326,19268027444,11842275,1,0
327,19268385000,11877323,1,0
328,19268725777,11907082,1,0
329,19269030333,11939262,1,0
330,19269359888,11974555,1,0
331,19269708111,12007958,1,0
332,19270045888,12040423,1,0
333,19270369444,12074067,1,0
334,19270706222,12108322,1,0
335,19271056000,12140870,1,0
336,19271369444,12173763,1,0
337,19271710555,12208046,1,0
338,19272049111,12242929,1,0
339,19272383444,12280255,1,0
340,19272765666,12309155,1,0
341,19273040555,12340815,1,0
342,19273366000,12373163,1,0
343,19273703777,12410672,1,0
344,19274063888,12440202,1,0
345,19274367555,12475379,1,0
346,19274716222,12509098,1,0
347,19275049000,12540833,1,0
348,19275384000,12574436,1,0
349,19275717444,12608264,1,0
350,19276048444,12640734,1,0
351,19276370444,12674529,1,0
352,19276710666,12711112,1,0
353,19277063000,12741500,1,0
354,19277380000,12773997,1,0
355,19277704888,12810251,1,0
356,19278053555,12842386,1,0
357,19278366888,12876599,1,0
358,19278713000,12908786,1,0
359,19279044111,12943488,1,0
360,19279383111,12973840,1,0
361,19279705222,13008435,1,0
362,19280048000,13042079,1,0
363,19280381666,13075790,1,0
364,19280712444,13108975,1,0
365,19281049888,13141602,1,0
366,19281384888,13176409,1,0
367,19281729222,13211638,1,0
368,19282075666,13242235,1,0
369,19282390000,13279577,1,0
370,19282763111,13308765,1,0
371,19283038111,13343842,1,0
372,19283394444,13374328,1,0
373,19283719555,13408824,1,0
374,19284050888,13443186,1,0
375,19284385555,13476120,1,0
376,19284726222,13508514,1,0
377,19285048888,13542575,1,0
378,19285373444,13576623,1,0
379,19285723333,13608836,1,0
380,19286053777,13641777,1,0
381,19286392888,13677500,1,0
382,19286724444,13708726,1,0
383,19287051888,13743269,1,0
384,19287396444,13775362,1,0
385,19287718333,13809855,1,0
386,19288060333,13842799,1,0
387,19288390000,13876575,1,0
388,19288729222,13910457,1,0
389,19289067333,13942246,1,0
390,19289387444,13976259,1,0
391,19289722444,14011281,1,0
392,19290079333,14042233,1,0
393,19290386000,14075610,1,0
394,19290721777,14110160,1,0
395,19291067333,14142506,1,0
396,19291389444,14175598,1,0
397,19291721555,14208754,1,0
398,19292051333,14244388,1,0
399,19292377777,14278661,1,0
400,19292743777,14309523,1,0
401,19293061333,14342951,1,0
402,19293396666,14377154,1,0
403,19293730333,14411562,1,0
404,19294088000,14443121,1,0
405,19294399000,14476853,1,0
406,19294723888,14510093,1,0
407,19295061888,14542698,1,0
408,19295396000,14576918,1,0
409,19295733333,14610227,1,0
410,19296066666,14642954,1,0
411,19296406777,14675801,1,0
412,19296725444,14712136,1,0
413,19297079666,14742497,1,0
414,19297386555,14776216,1,0
415,19297723222,14810966,1,0
416,19298076666,14842769,1,0
417,19298389555,14877980,1,0
418,19298742888,14909733,1,0
419,19299065777,14943993,1,0
420,19299401666,14978591,1,0
421,19299737666,15010158,1,0
422,19300066000,15044159,1,0
423,19300403666,15075323,1,0
424,19300729333,15111137,1,0
425,19301076333,15143030,1,0
426,19301404888,15178397,1,0
427,19301740000,15211995,1,0
428,19302081222,15241999,1,0
429,19302385333,15281061,1,0
430,19302735666,15312420,1,0
431,19303078333,15345419,1,0
432,19303419000,15376780,1,0
433,19303733777,15414056,1,0
434,19304099888,15446850,1,0
435,19304420222,15477393,1,0
436,19304733555,15511192,1,0
437,19305078000,15542916,1,0
438,19305391777,15576621,1,0
439,19305724444,15609194,1,0
440,19306068333,15644722,1,0
441,19306405555,15677780,1,0
442,19306740000,15711159,1,0
443,19307077888,15743977,1,0
444,19307408000,15777139,1,0
445,19307740888,15810581,1,0
446,19308072888,15844623,1,0
447,19308406555,15878635,1,0
448,19308749000,15909740,1,0
449,19309070888,15945064,1,0
450,19309418555,15978199,1,0
451,19309740444,16010944,1,0
452,19310081777,16044051,1,0
453,19310407000,16079197,1,0
454,19310755666,16111352,1,0
455,19311078555,16144290,1,0
456,19311411000,16178788,1,0
457,19311747888,16214232,1,0
458,19312103888,16243251,1,0
459,19312400666,16277385,1,0
460,19312745222,16312253,1,0
461,19313083111,16344569,1,0
462,19313407555,16376905,1,0
463,19313739888,16413678,1,0
464,19314097444,16444643,1,0
465,19314408444,16479555,1,0
466,19314747666,16514378,1,0
467,19315113444,16544722,1,0
468,19315414777,16578542,1,0
469,19315739444,16612569,1,0
470,19316096888,16644703,1,0
471,19316409000,16679501,1,0
472,19316752888,16712300,1,0
473,19317095333,16745225,1,0
474,19317422888,16779319,1,0
475,19317754000,16811816,1,0
476,19318086333,16843624,1,0
477,19318409555,16878614,1,0
478,19318749333,16910285,1,0
479,19319070888,16946797,1,0
480,19319433888,16979540,1,0
481,19319756444,17013131,1,0
482,19320093888,17046259,1,0
483,19320417444,17078977,1,0
484,19320749444,17113026,1,0
485,19321095222,17147694,1,0
486,19321436888,17179994,1,0
487,19321763888,17214451,1,0
488,19322103555,17244492,1,0
489,19322408888,17279858,1,0
490,19322764000,17315536,1,0
491,19323094222,17345372,1,0
492,19323428222,17377632,1,0
493,19323749777,17412955,1,0
494,19324095888,17445207,1,0
495,19324422888,17480049,1,0
496,19324761888,17512890,1,0
497,19325088444,17552551,1,0
498,19325486777,17578178,1,0
499,19325758222,17612510,1,0
500,19326094000,17645183,1,0
501,19326426111,17678705,1,0
502,19326758333,17713382,1,0
503,19327103666,17747636,1,0
504,19327427666,17779179,1,0
505,19327755777,17812454,1,0
506,19328096555,17845967,1,0
507,19328424888,17879202,1,0
508,19328755888,17912902,1,0
509,19329096888,17948499,1,0
510,19329433888,17979257,1,0
511,19329756666,18015449,1,0
512,19330106444,18046835,1,0
513,19330425777,18079473,1,0
514,19330760333,18113414,1,0
515,19331098777,18146646,1,0
516,19331427888,18179857,1,0
517,19331771111,18213215,1,0
518,19332094888,18244854,1,0
519,19332414111,18280912,1,0
520,19332758666,18314743,1,0
521,19333109777,18347108,1,0
522,19333430444,18379810,1,0
523,19333761222,18413568,1,0
524,19334102444,18446142,1,0
525,19334426444,18480050,1,0
526,19334769777,18513997,1,0
527,19335103000,18546498,1,0
528,19335434222,18579074,1,0
529,19335757777,18613647,1,0
530,19336101777,18647795,1,0
531,19336443555,18681444,1,0
532,19336768222,18712668,1,0
533,19337095444,18750300,1,0
534,19337460000,18779829,1,0
535,19337771555,18814056,1,0
536,19338109888,18845175,1,0
537,19338420555,18879507,1,0
538,19338765555,18915678,1,0
539,19339115111,18946895,1,0
540,19339435666,18980226,1,0
541,19339767333,19014377,1,0
542,19340114222,19045695,1,0
543,19340430444,19081430,1,0
544,19340773555,19113802,1,0
545,19341108000,19147234,1,0
546,19341435777,19183225,1,0
547,19341788888,19216504,1,0
548,19342124222,19246370,1,0
549,19342434888,19280624,1,0
550,19342774888,19315332,1,0
551,19343111333,19346628,1,0
552,19343435333,19382776,1,0
553,19343779111,19413630,1,0
554,19344103555,19447743,1,0
555,19344447333,19481891,1,0
556,19344779777,19513887,1,0
557,19345111777,19546633,1,0
558,19345427333,19581754,1,0
559,19345775777,19616730,1,0
560,19346114888,19648833,1,0
561,19346450888,19681134,1,0
562,19346777888,19714140,1,0
563,19347114111,19748250,1,0
564,19347443555,19780595,1,0
565,19347777222,19815509,1,0
566,19348115888,19847605,1,0
567,19348437888,19882039,1,0
568,19348784333,19913979,1,0
569,19349113000,19947180,1,0
570,19349438666,19981500,1,0
571,19349780777,20016596,1,0
572,19350128000,20047372,1,0
573,19350443222,20082438,1,0
574,19350791666,20113492,1,0
575,19351107777,20147330,1,0
576,19351443333,20181093,1,0
577,19351776777,20215983,1,0
578,19352122444,20249251,1,0
579,19352452333,20287045,1,0
580,19352805888,20317851,1,0
581,19353115888,20349197,1,0
582,19353454777,20382465,1,0
583,19353790222,20416410,1,0
584,19354127222,20449044,1,0
585,19354456000,20482567,1,0
586,19354796666,20514962,1,0
587,19355113777,20548390,1,0
588,19355446222,20583584,1,0
589,19355794444,20616123,1,0
590,19356125333,20649086,1,0
591,19356444333,20684674,1,0
592,19356818333,20716087,1,0
593,19357134000,20752437,1,0
594,19357474111,20783385,1,0
595,19357789000,20814980,1,0
596,19358121666,20849806,1,0
597,19358463444,20883457,1,0
598,19358797222,20918038,1,0
599,19359145444,20948759,1,0
600,19359461555,20981804,1,0
601,19359781000,21015167,1,0
602,19360117666,21048693,1,0
603,19360462222,21082452,1,0
604,19360797222,21115906,1,0
605,19361123666,21148680,1,0
606,19361463555,21184229,1,0
607,19361798222,21217769,1,0
608,19362130333,21247724,1,0
609,19362448333,21281696,1,0
610,19362789000,21319984,1,0
611,19363128555,21348583,1,0
612,19363456666,21383297,1,0
613,19363790666,21417082,1,0
614,19364129888,21449166,1,0
615,19364459777,21485692,1,0
616,19364814888,21517296,1,0
617,19365135777,21549828,1,0
618,19365460333,21582338,1,0
619,19365797222,21617700,1,0
620,19366140000,21650610,1,0
621,19366465222,21684249,1,0
622,19366801555,21718409,1,0
623,19367138777,21751636,1,0
624,19367482111,21783530,1,0
625,19367795555,21816657,1,0
626,19368135444,21850743,1,0
627,19368462888,21882448,1,0
628,19368797222,21917971,1,0
629,19369138777,21953971,1,0
630,19369481000,21983906,1,0
631,19369803888,22018287,1,0
632,19370155444,22050754,1,0
633,19370469888,22084311,1,0
634,19370807444,22118059,1,0
635,19371142777,22149388,1,0
636,19371458444,22183651,1,0
637,19371801555,22219643,1,0
638,19372154444,22250773,1,0
639,19372475222,22284650,1,0
640,19372811888,22319002,1,0
641,19373152222,22348650,1,0
642,19373462333,22386135,1,0
643,19373821444,22418368,1,0
644,19374146555,22453474,1,0
645,19374479444,22484082,1,0
646,19374806555,22519914,1,0
647,19375158111,22552245,1,0
648,19375495666,22584581,1,0
649,19375816888,22617058,1,0
650,19376144111,22651184,1,0
651,19376478333,22685108,1,0
652,19376810333,22719452,1,0
653,19377156333,22750551,1,0
654,19377481222,22784914,1,0
655,19377809888,22818630,1,0
656,19378149888,22854694,1,0
657,19378492888,22886607,1,0
658,19378815555,22921579,1,0
659,19379146111,22951841,1,0
660,19379468111,22991211,1,0
661,19379830333,23019782,1,0
662,19380157777,23054599,1,0
663,19380479222,23086870,1,0
664,19380820222,23120904,1,0
665,19381162222,23152453,1,0
666,19381485666,23185643,1,0
667,19381825777,23223907,1,0
668,19382203222,23251034,1,0
669,19382474222,23285712,1,0
670,19382821555,23319380,1,0
671,19383158333,23356870,1,0
672,19383480555,23385000,1,0
673,19383814333,23417716,1,0
674,19384142444,23453712,1,0
675,19384478666,23485293,1,0
676,19384820000,23520540,1,0
677,19385160888,23552012,1,0
678,19385485888,23586572,1,0
679,19385825000,23620314,1,0
680,19386150444,23651595,1,0
681,19386477888,23687175,1,0
682,19386835000,23718950,1,0
683,19387157777,23753487,1,0
684,19387496777,23786556,1,0
685,19387826111,23820244,1,0
686,19388153000,23852726,1,0
687,19388488111,23887358,1,0
688,19388829888,23918853,1,0
689,19389155222,23953417,1,0
690,19389492444,23985552,1,0
691,19389819333,24019196,1,0
692,19390154444,24053115,1,0
693,19390490777,24087795,1,0
694,19390823444,24118161,1,0
695,19391149000,24151620,1,0
696,19391491777,24185837,1,0
697,19391813777,24220059,1,0
698,19392164888,24252324,1,0
699,19392484111,24286523,1,0
700,19392823222,24320483,1,0
701,19393161000,24354956,1,0
702,19393488000,24387177,1,0
703,19393830777,24420272,1,0
704,19394165222,24453274,1,0
705,19394499222,24492349,1,0
706,19394881777,24519761,1,0
707,19395157888,24552709,1,0
708,19395492000,24588241,1,0
709,19395835111,24619317,1,0
710,19396157222,24654091,1,0
711,19396495444,24689628,1,0
712,19396831666,24720533,1,0
713,19397162888,24754117,1,0
714,19397500333,24787313,1,0
715,19397834888,24819421,1,0
716,19398167888,24853899,1,0
717,19398489333,24890038,1,0
718,19398835888,24920286,1,0
719,19399177333,24953779,1,0
720,19399511111,24987920,1,0
721,19399840222,25020139,1,0
722,19400173222,25052384,1,0
723,19400497888,25086395,1,0
724,19400827777,25122499,1,0
725,19401192777,25153008,1,0
726,19401500888,25187226,1,0
727,19401835333,25221615,1,0
728,19402177777,25253112,1,0
729,19402494111,25287284,1,0
730,19402838888,25320609,1,0
731,19403166444,25355208,1,0
732,19403516000,25386167,1,0
733,19403827888,25420759,1,0
734,19404167444,25453992,1,0
735,19404502888,25490048,1,0
736,19404837666,25522668,1,0
737,19405186333,25557772,1,0
738,19405512888,25587322,1,0
739,19405833444,25621706,1,0
740,19406181222,25653562,1,0
741,19406499777,25688407,1,0
742,19406833666,25722500,1,0
743,19407189888,25756004,1,0
744,19407532222,25788527,1,0
745,19407848888,25822648,1,0
746,19408187777,25855365,1,0
747,19408520333,25886996,1,0
748,19408842333,25924263,1,0
749,19409210111,25954604,1,0
750,19409516666,25988676,1,0
751,19409849444,26022572,1,0
752,19410197000,26057076,1,0
753,19410525777,26087859,1,0
754,19410845888,26122259,1,0
755,19411183111,26158232,1,0
756,19411529111,26187957,1,0
757,19411842333,26223778,1,0
758,19412189888,26256303,1,0
759,19412513000,26321853,1,0
760,19413186000,26400805,1,0
761,19413186000,26412105,1,0
762,19413186000,26422576,1,0
763,19413867333,26438852,1,0
764,19414182777,26454642,1,0
765,19414517222,26488655,1,0
766,19414850666,26522486,1,0
767,19415183666,26556536,1,0
768,19415518444,26592161,1,0
769,19415874888,26623701,1,0
770,19416180555,26657270,1,0
771,19416530333,26689019,1,0
772,19416852444,26723872,1,0
773,19417192333,26754684,1,0
774,19417517444,26789369,1,0
775,19417855333,26822537,1,0
776,19418190333,26855125,1,0
777,19418518111,26888489,1,0
778,19418857222,26920593,1,0
779,19419174333,26953256,1,0
780,19419507222,26988938,1,0
781,19419856555,27021466,1,0
782,19420179333,27055419,1,0
783,19420516111,27089812,1,0
784,19420850555,27123325,1,0
785,19421194000,27155308,1,0
786,19421513777,27190994,1,0
787,19421866333,27223557,1,0
788,19422195555,27255065,1,0
789,19422514888,27290173,1,0
790,19422863000,27324141,1,0
791,19423195333,27353952,1,0
792,19423515222,27391552,1,0
793,19423881000,27421995,1,0
794,19424185666,27456656,1,0
795,19424527555,27491025,1,0
796,19424862000,27522828,1,0
797,19425185555,27556668,1,0
798,19425521555,27588820,1,0
799,19425857666,27622261,1,0
800,19426195444,27654803,1,0
801,19426514666,27689738,1,0
802,19426859111,27722547,1,0
803,19427198777,27757559,1,0
804,19427534222,27791508,1,0
805,19427867444,27823026,1,0
806,19428198777,27861904,1,0
807,19428588222,27889022,1,0
808,19428858111,27921868,1,0
809,19429190777,27956798,1,0
810,19429528444,27990058,1,0
811,19429852444,28023530,1,0
812,19430195777,28056569,1,0
813,19430530000,28090105,1,0
814,19430859888,28125661,1,0
815,19431190888,28157301,1,0
816,19431532000,28190065,1,0
817,19431862333,28224986,1,0
818,19432207333,28258445,1,0
819,19432524000,28290888,1,0
820,19432869000,28324534,1,0
821,19433204444,28357199,1,0
822,19433533333,28388914,1,0
823,19433853555,28425822,1,0
824,19434214888,28456194,1,0
825,19434530777,28495284,1,0
826,19434901333,28526265,1,0
827,19435210777,28556951,1,0
828,19435538111,28591178,1,0
829,19435873000,28624578,1,0
830,19436210777,28655756,1,0
831,19436528888,28691043,1,0
832,19436871888,28724199,1,0
833,19437204888,28756422,1,0
834,19437530888,28791686,1,0
835,19437885333,28825460,1,0
836,19438220222,28859752,1,0
837,19438562888,28888850,1,0
838,19438862888,28924324,1,0
839,19439212444,28958333,1,0
840,19439540111,28990425,1,0
841,19439867222,29025193,1,0
842,19440213333,29056755,1,0
843,19440532222,29090698,1,0
844,19440872888,29128176,1,0
845,19441240333,29157666,1,0
846,19441532666,29191500,1,0
847,19441877888,29226581,1,0
848,19442225333,29257940,1,0
849,19442541444,29290895,1,0
850,19442873777,29330996,1,0
851,19443266000,29357515,1,0
852,19443540777,29390422,1,0
853,19443870111,29425951,1,0
854,19444228000,29458439,1,0
855,19444545444,29493009,1,0
856,19444889222,29524303,1,0
857,19445213888,29558888,1,0
858,19445546555,29592850,1,0
859,19445888222,29628235,1,0
860,19446234222,29658510,1,0
861,19446543444,29691135,1,0
862,19446875333,29725772,1,0
863,19447219222,29760042,1,0
864,19447562333,29792314,1,0
865,19447887777,29826170,1,0
866,19448220333,29857820,1,0
867,19448542555,29893913,1,0
868,19448887444,29924999,1,0
869,19449215888,29962020,1,0
870,19449569777,29991376,1,0
871,19449881777,30026745,1,0
872,19450237777,30057704,1,0
873,19450553666,30090817,1,0
874,19450881222,30125130,1,0
875,19451220666,30158096,1,0
876,19451551777,30194745,1,0
877,19451920888,30224182,1,0
878,19452215333,30257758,1,0
879,19452546333,30291562,1,0
880,19452889111,30326572,1,0
881,19453231222,30361263,1,0
882,19453558444,30390877,1,0
883,19453880222,30425030,1,0
884,19454214888,30460289,1,0
885,19454565888,30493127,1,0
886,19454889111,30525515,1,0
887,19455218666,30558167,1,0
888,19455552222,30592857,1,0
889,19455891111,30626568,1,0
890,19456233333,30658987,1,0
891,19456559000,30691125,1,0
892,19456878111,30725674,1,0
893,19457226777,30758788,1,0
894,19457558000,30794083,1,0
895,19457897888,30826976,1,0
896,19458224777,30859335,1,0
897,19458563555,30892088,1,0
898,19458889333,30926434,1,0
899,19459229888,30962667,1,0
900,19459585444,30993151,1,0
901,19459900666,31026141,1,0
902,19460235222,31059216,1,0
903,19460555444,31093186,1,0
904,19460895333,31127592,1,0
905,19461248777,31159382,1,0
906,19461559111,31192104,1,0
907,19461894222,31227898,1,0
908,19462249000,31259726,1,0
909,19462569888,31292388,1,0
910,19462895222,31327623,1,0
911,19463234777,31359274,1,0
912,19463563111,31393343,1,0
913,19463898444,31426761,1,0
914,19464226333,31459408,1,0
915,19464559888,31492639,1,0
916,19464895888,31527842,1,0
917,19465233888,31559164,1,0
918,19465559888,31592641,1,0
919,19465893333,31628370,1,0
920,19466244000,31659562,1,0
921,19466562444,31695084,1,0
922,19466914444,31727343,1,0
923,19467228666,31762329,1,0
924,19467573333,31793080,1,0
925,19467904333,31830093,1,0
926,19468259111,31860700,1,0
927,19468575222,31895384,1,0
928,19468905444,31926620,1,0
929,19469230777,31962988,1,0
930,19469588444,31993258,1,0
931,19469898111,32025003,1,0
932,19470222666,32059209,1,0
933,19470560555,32093580,1,0
934,19470903444,32126074,1,0
935,19471235444,32160775,1,0
936,19471571222,32194392,1,0
937,19471903777,32229667,1,0
938,19472245333,32262270,1,0
939,19472582222,32294480,1,0
940,19472906444,32327504,1,0
941,19473243000,32364508,1,0
942,19473595888,32394192,1,0
943,19473904000,32428073,1,0
944,19474248666,32462046,1,0
945,19474578666,32494141,1,0
946,19474908777,32527028,1,0
947,19475243666,32560424,1,0
948,19475576333,32592488,1,0
949,19475897222,32628108,1,0
950,19476254111,32659989,1,0
951,19476571111,32697399,1,0
952,19476932666,32729040,1,0
953,19477247888,32765048,1,0
954,19477591888,32800593,1,0
955,19477924555,32834313,1,0
956,19478248888,32866414,1,0
957,19478578111,32898961,1,0
958,19478911777,32929416,1,0
959,19479244777,32962088,1,0
960,19479580333,32995636,1,0
961,19479913888,33028132,1,0
962,19480258555,33062020,1,0
963,19480578333,33095732,1,0
964,19480920555,33128270,1,0
965,19481248777,33163248,1,0
966,19481587777,33196220,1,0
967,19481925333,33227760,1,0
968,19482252222,33261366,1,0
969,19482578333,33295735,1,0
970,19482920666,33330856,1,0
971,19483278000,33360957,1,0
972,19483577666,33396941,1,0
973,19483909444,33430158,1,0
974,19484232666,33465144,1,0
975,19484580666,33497432,1,0
976,19484924444,33529272,1,0
977,19485262888,33562232,1,0
978,19485589000,33594628,1,0
979,19485913555,33628925,1,0
980,19486253000,33663175,1,0
981,19486584777,33695775,1,0
982,19486916222,33728879,1,0
983,19487254111,33762477,1,0
984,19487590333,33794429,1,0
985,19487918444,33828366,1,0
986,19488243333,33864516,1,0
987,19488594666,33896974,1,0
988,19488927888,33929687,1,0
989,19489260666,33963092,1,0
990,19489589777,33994651,1,0
991,19489912222,34030492,1,0
992,19490272333,34063190,1,0
993,19490592777,34097242,1,0
994,19490924000,34131790,1,0
995,19491272555,34162558,1,0
996,19491589666,34197146,1,0
997,19491932777,34230625,1,0
998,19492271333,34260968,1,0
999,19492580666,34297405,1,0
1000,19492931888,34331816,1,0
1001,19493273777,34362366,1,0
1002,19493592444,34396666,1,0
1003,19493932444,34434237,1,0
1004,19494262444,34467193,1,0
1005,19494592000,34498398,1,0
1006,19494937777,34530968,1,0
1007,19495265888,34564067,1,0
1008,19495597222,34598319,1,0
1009,19495933888,34632060,1,0
1010,19496271888,34662121,1,0
1011,19496588666,34697268,1,0
1012,19496942777,34730030,1,0
1013,19497258666,34763215,1,0
1014,19497600666,34802181,1,0
1015,19497977000,34832063,1,0
1016,19498281777,34866467,1,0
1017,19498607777,34895875,1,0
1018,19498928555,34931918,1,0
1019,19499268444,34964303,1,0
1020,19499600111,34997645,1,0
1021,19499932222,35029868,1,0
1022,19500262222,35062937,1,0
1023,19500598333,35095970,1,0
1024,19500925333,35132165,1,0
1025,19501273888,35164652,1,0
1026,19501604444,35197382,1,0
1027,19501932888,35235035,1,0
1028,19502283777,35264654,1,0
1029,19502603777,35296803,1,0
1030,19502933777,35329494,1,0
1031,19503260666,35367136,1,0
1032,19503623222,35397222,1,0
1033,19503933000,35435135,1,0
1034,19504315333,35465513,1,0
1035,19504615777,35498009,1,0
1036,19504932333,35530772,1,0
1037,19505271888,35564424,1,0
1038,19505602888,35598956,1,0
1039,19505946000,35640916,1,0
1040,19506371777,35664391,1,0
1041,19506602333,35698701,1,0
1042,19506947333,35734894,1,0
1043,19507302444,35765952,1,0
1044,19507615333,35798882,1,0
1045,19507949111,35831717,1,0
1046,19508279444,35865588,1,0
1047,19508612333,35898166,1,0
1048,19508936000,35933202,1,0
1049,19509286777,35966915,1,0
1050,19509611333,36003098,1,0
1051,19509949333,36032119,1,0
1052,19510280888,36065222,1,0
1053,19510614888,36097273,1,0
1054,19510943333,36132725,1,0
1055,19511284777,36165103,1,0
1056,19511612888,36197673,1,0
1057,19511932333,36232076,1,0
1058,19512279111,36269688,1,0
1059,19512655444,36297948,1,0
1060,19512946000,36333259,1,0
1061,19513297333,36364640,1,0
1062,19513607333,36398957,1,0
1063,19513953888,36433942,1,0
1064,19514291333,36467459,1,0
1065,19514621000,36498316,1,0
1066,19514945333,36534267,1,0
1067,19515306555,36564306,1,0
1068,19515606666,36597211,1,0
1069,19515935666,36631693,1,0
1070,19516286000,36665422,1,0
1071,19516609111,36701607,1,0
1072,19516948222,36734833,1,0
1073,19517320444,36765850,1,0
1074,19517629222,36799776,1,0
1075,19517951222,36831911,1,0
1076,19518287111,36865348,1,0
1077,19518617000,36902940,1,0
1078,19518983444,36931975,1,0
1079,19519284000,36966399,1,0
1080,19519625444,37001356,1,0
1081,19519948111,37032432,1,0
1082,19520289777,37064036,1,0
1083,19520609222,37098550,1,0
1084,19520947888,37134458,1,0
1085,19521287333,37167685,1,0
1086,19521619222,37198239,1,0
1087,19521943777,37235537,1,0
1088,19522292222,37266412,1,0
1089,19522623111,37300158,1,0
1090,19522957888,37334193,1,0
1091,19523300888,37367141,1,0
1092,19523628222,37401016,1,0
1093,19523950555,37433337,1,0
1094,19524288666,37468695,1,0
1095,19524621222,37500443,1,0
1096,19524958111,37535626,1,0
1097,19525309888,37565929,1,0
1098,19525627888,37599594,1,0
1099,19525958555,37635357,1,0
1100,19526323444,37666910,1,0
1101,19526624222,37700274,1,0
1102,19526962888,37734239,1,0
1103,19527303777,37766833,1,0
1104,19527629666,37800278,1,0
1105,19527962888,37835009,1,0
1106,19528301444,37867348,1,0
1107,19528628444,37899664,1,0
1108,19528957777,37933773,1,0
1109,19529294111,37967254,1,0
1110,19529632333,37999553,1,0
1111,19529956111,38036857,1,0
1112,19530324888,38068711,1,0
1113,19530632222,38102535,1,0
1114,19530980333,38137101,1,0
1115,19531325777,38169668,1,0
1116,19531637333,38203314,1,0
1117,19531984222,38237170,1,0
1118,19532330222,38268556,1,0
1119,19532637888,38303879,1,0
1120,19532990444,38336681,1,0
1121,19533326666,38369812,1,0
1122,19533664000,38402692,1,0
1123,19533997888,38436329,1,0
1124,19534324777,38472005,1,0
1125,19534661555,38501185,1,0
1126,19534972555,38536629,1,0
1127,19535306777,38568338,1,0
1128,19535641222,38603572,1,0
1129,19535992333,38633456,1,0
1130,19536297222,38667525,1,0
1131,19536633444,38702796,1,0
1132,19536974222,38734337,1,0
1133,19537304222,38769836,1,0
1134,19537649000,38800844,1,0
1135,19537969555,38835165,1,0
1136,19538311888,38867584,1,0
1137,19538636444,38901055,1,0
1138,19538967555,38934562,1,0
1139,19539303222,38969674,1,0
1140,19539649777,39001751,1,0
1141,19539980777,39035981,1,0
1142,19540306666,39066877,1,0
1143,19540633222,39100328,1,0
1144,19540965333,39138386,1,0
1145,19541310888,39167663,1,0
1146,19541643444,39200513,1,0
1147,19541970444,39236197,1,0
1148,19542313777,39266922,1,0
1149,19542633666,39302172,1,0
1150,19542979888,39335062,1,0
1151,19543312333,39369188,1,0
1152,19543648777,39402460,1,0
1153,19543979111,39436419,1,0
1154,19544329000,39469250,1,0
1155,19544647000,39503603,1,0
1156,19544978444,39537896,1,0
1157,19545317777,39569451,1,0
1158,19545644888,39601526,1,0
1159,19545981000,39635645,1,0
1160,19546326222,39668031,1,0
1161,19546644666,39703493,1,0
1162,19546987888,39735735,1,0
1163,19547321333,39768780,1,0
1164,19547649111,39801383,1,0
1165,19547978666,39838629,1,0
1166,19548343555,39866448,1,0
1167,19548639777,39901447,1,0
1168,19548974000,39936908,1,0
1169,19549328222,39971608,1,0
1170,19549679444,40003573,1,0
1171,19549990444,40038144,1,0
1172,19550345333,40068071,1,0
1173,19550647888,40100825,1,0
1174,19550981888,40138056,1,0
1175,19551323666,40168436,1,0
1176,19551648222,40202244,1,0
1177,19551979111,40235472,1,0
1178,19552315444,40269270,1,0
1179,19552654777,40303089,1,0
1180,19552993888,40370261,1,0
1181,19553666222,40448059,1,0
1182,19553666222,40458815,1,0
1183,19553666222,40469209,1,0
1184,19554328333,40485274,1,0
1185,19554707333,40502431,1,0
1186,19554984000,40536578,1,0
1187,19555328222,40569728,1,0
1188,19555653000,40603266,1,0
1189,19555985888,40636134,1,0
1190,19556316444,40668976,1,0
1191,19556648111,40703377,1,0
1192,19556992333,40736179,1,0
1193,19557332777,40770892,1,0
1194,19557669888,40802494,1,0
1195,19557987777,40836081,1,0
1196,19558328555,40869782,1,0
1197,19558663888,40908683,1,0
1198,19559045444,40935693,1,0
1199,19559322777,40970741,1,0
1200,19559660444,41003520,1,0
1201,19559993444,41037776,1,0
1202,19560344222,41068628,1,0
1203,19560655222,41105821,1,0
1204,19561017333,41136730,1,0
1205,19561333888,41169925,1,0
1206,19561664111,41202272,1,0
1207,19561993666,41236535,1,0
1208,19562333777,41269898,1,0
1209,19562666555,41304105,1,0
1210,19562998222,41337411,1,0
1211,19563333777,41369902,1,0
1212,19563661888,41402176,1,0
1213,19563993666,41438218,1,0
1214,19564335888,41470124,1,0
1215,19564661444,41504381,1,0
1216,19565000777,41538549,1,0
1217,19565342333,41573374,1,0
1218,19565681111,41602494,1,0
1219,19565995333,41638454,1,0
1220,19566341888,41669940,1,0
1221,19566660777,41704382,1,0
1222,19567008333,41738822,1,0
1223,19567343222,41770609,1,0
1224,19567671333,41804759,1,0
1225,19567998888,41837171,1,0
1226,19568337777,41871091,1,0
1227,19568675222,41903118,1,0
1228,19568999888,41939384,1,0
1229,19569361444,41971457,1,0
1230,19569675333,42005149,1,0
1231,19570008333,42038303,1,0
1232,19570343000,42068869,1,0
1233,19570660222,42106099,1,0
1234,19571018555,42137622,1,0
1235,19571341777,42170142,1,0
1236,19571666111,42203165,1,0
1237,19572002222,42235766,1,0
1238,19572328777,42271680,1,0
1239,19572672888,42304784,1,0
1240,19573014111,42338492,1,0
1241,19573343333,42372597,1,0
1242,19573674888,42403436,1,0
1243,19574001333,42439179,1,0
1244,19574356777,42471187,1,0
1245,19574679888,42507023,1,0
1246,19575010777,42539007,1,0
1247,19575356000,42572628,1,0
1248,19575696111,42603778,1,0
1249,19576011222,42637330,1,0
1250,19576342333,42670703,1,0
1251,19576675222,42704276,1,0
1252,19577013666,42739822,1,0
1253,19577350777,42770193,1,0
1254,19577675777,42804584,1,0
1255,19578010666,42837159,1,0
1256,19578345111,42870979,1,0
1257,19578669555,42904576,1,0
1258,19579004222,42937731,1,0
1259,19579342222,42972700,1,0
1260,19579685888,43004398,1,0
1261,19580007333,43038999,1,0
1262,19580355333,43071373,1,0
1263,19580680666,43106178,1,0
1264,19581024444,43142331,1,0
1265,19581385000,43175940,1,0
1266,19581721666,43205764,1,0
1267,19582013777,43240303,1,0
1268,19582356777,43271983,1,0
1269,19582684777,43304959,1,0
1270,19583013222,43343186,1,0
1271,19583394666,43370916,1,0
1272,19583684666,43406299,1,0
1273,19584018555,43441640,1,0
1274,19584362333,43471755,1,0
1275,19584684222,43504245,1,0
1276,19585015666,43538882,1,0
1277,19585359777,43574430,1,0
1278,19585697777,43604578,1,0
1279,19586009111,43640035,1,0
1280,19586359777,43672900,1,0
1281,19586683888,43705785,1,0
1282,19587019888,43739252,1,0
1283,19587350777,43771526,1,0
1284,19587682888,43805750,1,0
1285,19588015888,43839910,1,0
1286,19588361666,43872955,1,0
1287,19588688555,43906645,1,0
1288,19589022666,43940476,1,0
1289,19589361888,43972852,1,0
1290,19589688666,44005221,1,0
1291,19590012444,44039535,1,0
1292,19590364666,44073691,1,0
1293,19590683333,44106284,1,0
1294,19591022333,44141892,1,0
1295,19591368444,44173551,1,0
1296,19591695222,44205984,1,0
1297,19592020888,44239079,1,0
1298,19592359888,44273523,1,0
1299,19592687777,44306141,1,0
1300,19593034111,44342735,1,0
1301,19593382444,44375438,1,0
1302,19593699777,44405782,1,0
1303,19594024888,44438512,1,0
1304,19594355666,44475548,1,0
1305,19594704777,44505794,1,0
1306,19595025444,44540745,1,0
1307,19595370888,44577991,1,0
1308,19595708222,44605367,1,0
1309,19596021555,44639199,1,0
1310,19596356666,44676325,1,0
1311,19596716777,44709330,1,0
1312,19597045333,44740943,1,0
1313,19597367888,44772999,1,0
1314,19597684222,44805730,1,0
1315,19598031222,44840702,1,0
1316,19598363888,44876841,1,0
1317,19598715777,44905332,1,0
1318,19599022777,44940106,1,0
1319,19599362666,44974341,1,0
1320,19599698222,45005969,1,0
1321,19600019777,45042163,1,0
1322,19600380555,45075974,1,0
1323,19600706444,45106721,1,0
1324,19601035111,45141579,1,0
1325,19601384666,45174065,1,0
1326,19601708444,45205842,1,0
1327,19602030222,45242486,1,0
1328,19602379111,45275002,1,0
1329,19602711333,45309304,1,0
1330,19603042333,45341315,1,0
1331,19603372333,45373134,1,0
1332,19603700333,45408360,1,0
1333,19604041555,45441699,1,0
1334,19604384333,45473742,1,0
1335,19604705333,45507867,1,0
1336,19605037777,45541132,1,0
1337,19605375222,45573987,1,0
1338,19605697333,45607587,1,0
1339,19606037888,45641821,1,0
1340,19606384888,45675341,1,0
1341,19606701555,45708083,1,0
1342,19607045666,45742726,1,0
1343,19607387555,45775082,1,0
1344,19607705333,45810927,1,0
1345,19608070222,45843372,1,0
1346,19608396666,45874953,1,0
1347,19608706222,45908623,1,0
1348,19609044888,45942000,1,0
1349,19609389000,45973916,1,0
1350,19609702666,46007596,1,0
1351,19610034777,46040653,1,0
1352,19610378111,46074609,1,0
1353,19610705333,46108624,1,0
1354,19611046444,46141284,1,0
1355,19611375333,46175939,1,0
1356,19611715444,46207359,1,0
1357,19612042555,46243628,1,0
1358,19612387888,46274983,1,0
1359,19612709666,46308167,1,0
1360,19613043888,46343436,1,0
1361,19613391333,46373796,1,0
1362,19613702111,46407916,1,0
1363,19614048444,46441326,1,0
1364,19614385888,46475346,1,0
1365,19614711333,46510501,1,0
1366,19615056222,46542390,1,0
1367,19615389666,46576722,1,0
1368,19615717666,46609222,1,0
1369,19616055666,46641683,1,0
1370,19616388555,46676464,1,0
1371,19616718222,46709974,1,0
1372,19617053777,46742654,1,0
1373,19617384111,46777149,1,0
1374,19617729777,46808375,1,0
1375,19618047111,46843585,1,0
1376,19618385222,46875665,1,0
1377,19618712222,46909479,1,0
1378,19619053111,46943043,1,0
1379,19619382777,46975334,1,0
1380,19619716444,47008356,1,0
1381,19620050111,47043179,1,0
1382,19620389444,47074687,1,0
1383,19620714222,47110629,1,0
1384,19621059666,47143061,1,0
1385,19621390222,47177120,1,0
1386,19621726444,47209021,1,0
1387,19622059222,47244322,1,0
1388,19622400555,47276357,1,0
1389,19622725222,47310252,1,0
1390,19623064666,47342794,1,0
1391,19623391444,47375704,1,0
1392,19623727111,47411072,1,0
1393,19624072222,47442825,1,0
1394,19624392666,47477458,1,0
1395,19624732777,47512482,1,0
1396,19625091888,47543743,1,0
1397,19625398444,47577217,1,0
1398,19625726888,47608329,1,0
1399,19626052222,47644301,1,0
1400,19626403111,47675721,1,0
1401,19626729666,47710044,1,0
1402,19627068666,47742499,1,0
1403,19627387111,47777117,1,0
1404,19627733444,47808845,1,0
1405,19628058222,47845259,1,0
1406,19628413222,47879277,1,0
1407,19628746777,47910396,1,0
1408,19629068333,47943650,1,0
1409,19629402222,47976672,1,0
1410,19629728777,48009818,1,0
1411,19630067777,48046112,1,0
1412,19630416222,48076125,1,0
1413,19630727111,48112018,1,0
1414,19631073555,48144726,1,0
1415,19631410222,48177439,1,0
1416,19631738000,48210217,1,0
1417,19632061666,48244479,1,0
1418,19632406777,48278714,1,0
1419,19632746111,48312638,1,0
1420,19633079888,48344822,1,0
1421,19633408666,48377094,1,0
1422,19633740111,48411146,1,0
1423,19634073111,48445247,1,0
1424,19634410666,48476870,1,0
1425,19634735111,48512641,1,0
1426,19635093222,48542050,1,0
1427,19635394222,48576556,1,0
1428,19635733777,48610061,1,0
1429,19636056666,48643435,1,0
1430,19636396444,48677956,1,0
1431,19636741888,48711584,1,0
1432,19637072666,48744076,1,0
1433,19637404888,48777992,1,0
1434,19637742777,48812155,1,0
1435,19638072777,48842881,1,0
1436,19638399666,48877809,1,0
1437,19638737888,48911540,1,0
1438,19639077777,48944661,1,0
1439,19639419777,48979075,1,0
1440,19639746333,49012606,1,0
1441,19640088333,49045924,1,0
1442,19640414000,49077412,1,0
1443,19640736555,49111542,1,0
1444,19641083555,49146272,1,0
1445,19641424222,49178943,1,0
1446,19641747111,49211570,1,0
1447,19642075666,49245748,1,0
1448,19642421000,49278553,1,0
1449,19642740888,49312641,1,0
1450,19643087444,49346377,1,0
1451,19643425333,49377165,1,0
1452,19643742222,49411254,1,0
1453,19644076777,49446301,1,0
1454,19644423888,49479060,1,0
1455,19644747111,49512615,1,0
1456,19645081111,49548520,1,0
1457,19645450777,49578482,1,0
1458,19645743444,49610839,1,0
1459,19646073111,49646706,1,0
1460,19646434000,49678347,1,0
1461,19646739444,49712311,1,0
1462,19647091333,49746539,1,0
1463,19647425222,49779376,1,0
1464,19647749888,49811895,1,0
1465,19648071333,49846515,1,0
1466,19648428222,49878547,1,0
1467,19648744000,49910112,1,0
1468,19649073222,49946393,1,0
1469,19649426111,49979358,1,0
1470,19649747555,50012528,1,0
1471,19650091333,50045834,1,0
1472,19650423777,50078476,1,0
1473,19650746555,50112676,1,0
1474,19651078222,50146374,1,0
1475,19651437777,50177059,1,0
1476,19651742666,50212588,1,0
1477,19652091222,50244638,1,0
1478,19652417111,50280713,1,0
1479,19652752555,50311067,1,0
1480,19653080222,50345458,1,0
1481,19653426222,50379341,1,0
1482,19653757222,50412525,1,0
1483,19654088222,50447089,1,0
1484,19654427333,50479956,1,0
1485,19654764111,50512001,1,0
1486,19655087333,50547996,1,0
1487,19655438888,50580061,1,0
1488,19655765222,50613280,1,0
1489,19656095333,50646004,1,0
1490,19656419000,50680410,1,0
1491,19656758666,50714371,1,0
1492,19657107222,50745718,1,0
1493,19657419888,50782970,1,0
1494,19657777777,50813512,1,0
1495,19658086888,50846160,1,0
1496,19658426222,50879569,1,0
1497,19658763777,50913699,1,0
1498,19659094333,50947577,1,0
1499,19659432333,50979545,1,0
1500,19659762666,51012130,1,0
1501,19660097666,51047020,1,0
1502,19660431444,51081071,1,0
1503,19660781222,51113666,1,0
1504,19661112555,51149834,1,0
1505,19661466666,51179255,1,0
1506,19661758888,51212920,1,0
1507,19662096222,51247296,1,0
1508,19662433777,51281571,1,0
1509,19662763444,51313839,1,0
1510,19663104777,51345799,1,0
1511,19663425777,51380691,1,0
1512,19663765444,51414277,1,0
1513,19664111444,51445670,1,0
1514,19664428333,51479889,1,0
1515,19664765888,51513552,1,0
1516,19665097777,51545842,1,0
1517,19665423333,51579514,1,0
1518,19665756333,51622588,1,0
1519,19666174222,51645423,1,0
1520,19666426444,51680834,1,0
1521,19666765333,51714168,1,0
1522,19667102333,51746553,1,0
1523,19667429333,51780558,1,0
1524,19667775111,51812282,1,0
1525,19668086888,51848002,1,0
1526,19668433555,51879465,1,0
1527,19668758333,51912209,1,0
1528,19669096666,51948307,1,0
1529,19669441555,51983502,1,0
1530,19669790888,52016139,1,0
1531,19670127666,52047771,1,0
1532,19670440666,52083818,1,0
1533,19670797333,52115056,1,0
1534,19671113333,52148010,1,0
1535,19671442777,52181350,1,0
1536,19671779888,52216280,1,0
1537,19672124666,52250557,1,0
1538,19672469777,52282135,1,0
1539,19672781666,52315577,1,0
1540,19673111666,52347703,1,0
1541,19673441333,52379352,1,0
1542,19673762111,52414297,1,0
1543,19674102666,52450539,1,0
1544,19674446111,52481368,1,0
1545,19674776333,52514757,1,0
1546,19675107333,52547696,1,0
1547,19675435222,52580787,1,0
1548,19675777333,52613559,1,0
1549,19676103222,52646761,1,0
1550,19676442111,52680008,1,0
1551,19676770555,52713812,1,0
1552,19677110777,52749548,1,0
1553,19677457333,52782178,1,0
1554,19677776888,52815588,1,0
1555,19678109777,52849568,1,0
1556,19678458222,52880737,1,0
1557,19678773555,52914515,1,0
1558,19679110333,52949309,1,0
1559,19679463666,52983853,1,0
1560,19679779000,53016176,1,0
1561,19680124555,53049722,1,0
1562,19680455777,53083159,1,0
1563,19680793666,53116145,1,0
1564,19681127333,53153135,1,0
1565,19681470222,53182302,1,0
1566,19681788000,53215909,1,0
1567,19682125333,53251541,1,0
1568,19682468000,53281836,1,0
1569,19682783222,53315583,1,0
1570,19683126666,53350109,1,0
1571,19683464666,53381634,1,0
1572,19683786555,53416078,1,0
1573,19684124333,53449377,1,0
1574,19684451222,53480650,1,0
1575,19684775777,53516663,1,0
1576,19685134222,53547486,1,0
1577,19685446333,53580935,1,0
1578,19685783222,53617108,1,0
1579,19686140111,53650449,1,0
1580,19686447777,53682486,1,0
1581,19686784333,53723869,1,0
1582,19687195222,53751551,1,0
1583,19687478333,53782338,1,0
1584,19687786444,53816242,1,0
1585,19688126222,53848571,1,0
1586,19688446555,53882151,1,0
1587,19688788555,53916516,1,0
1588,19689130333,53951214,1,0
1589,19689460444,53982892,1,0
1590,19689794111,54015090,1,0
1591,19690121222,54050177,1,0
1592,19690466666,54083077,1,0
1593,19690793111,54118098,1,0
1594,19691146222,54150660,1,0
1595,19691468444,54185084,1,0
1596,19691809888,54215511,1,0
1597,19692120777,54251744,1,0
1598,19692460666,54283738,1,0
1599,19692791888,54316867,1,0
1600,19693131555,54355152,1,0
1601,19693514777,54381087,1,0
1602,19693786777,54416561,1,0
1603,19694122222,54450835,1,0
1604,19694472333,54482039,1,0
1605,19694786222,54517532,1,0
1606,19695138777,54550369,1,0
1607,19695466333,54583211,1,0
1608,19695788888,54616384,1,0
1609,19696120666,54653097,1,0
1610,19696479222,54683287,1,0
1611,19696798222,54721799,1,0
1612,19697128777,54750297,1,0
1613,19697471222,54782794,1,0
1614,19697794666,54815939,1,0
1615,19698123777,54851683,1,0
1616,19698474777,54883372,1,0
1617,19698795222,54916471,1,0
1618,19699128222,54950156,1,0
1619,19699461333,54983906,1,0
1620,19699804666,55016324,1,0
1621,19700134000,55053336,1,0
1622,19700495333,55084012,1,0
1623,19700798666,55118183,1,0
1624,19701134555,55150312,1,0
1625,19701469666,55187369,1,0
1626,19701796000,55217487,1,0
1627,19702138777,55252520,1,0
1628,19702487666,55288136,1,0
1629,19702816777,55317817,1,0
1630,19703139777,55351838,1,0
1631,19703475777,55383417,1,0
1632,19703794555,55417770,1,0
1633,19704144333,55450592,1,0
1634,19704472222,55483516,1,0
1635,19704795777,55517303,1,0
1636,19705143555,55551195,1,0
1637,19705472888,55584108,1,0
1638,19705795333,55619899,1,0
1639,19706154666,55651985,1,0
1640,19706475111,55686886,1,0
1641,19706800333,55718434,1,0
1642,19707145777,55751589,1,0
1643,19707484666,55785356,1,0
1644,19707811666,55818295,1,0
1645,19708142888,55852061,1,0
1646,19708474777,55884154,1,0
1647,19708800777,55918546,1,0
1648,19709143222,55952376,1,0
1649,19709489111,55984266,1,0
1650,19709809555,56017493,1,0
1651,19710143444,56053692,1,0
1652,19710490333,56084355,1,0
1653,19710805555,56120905,1,0
1654,19711157777,56152953,1,0
1655,19711487333,56187471,1,0
1656,19711832777,56220222,1,0
1657,19712158222,56259814,1,0
1658,19712478777,56285729,1,0
1659,19712813222,56319549,1,0
1660,19713146444,56351833,1,0
1661,19713483222,56384622,1,0
1662,19713806888,56417798,1,0
1663,19714142333,56453390,1,0
1664,19714497666,56484883,1,0
1665,19714808666,56519962,1,0
1666,19715150888,56554701,1,0
1667,19715510666,56585683,1,0
1668,19715821222,56619288,1,0
1669,19716154000,56651733,1,0
1670,19716484111,56686492,1,0
1671,19716805444,56720284,1,0
1672,19717148111,56754018,1,0
1673,19717503111,56783635,1,0
1674,19717810444,56818499,1,0
1675,19718152222,56857139,1,0
1676,19718527888,56886669,1,0
1677,19718828333,56919653,1,0
1678,19719157222,56954164,1,0
1679,19719510777,56987675,1,0
1680,19719824333,57017876,1,0
1681,19720152111,57051599,1,0
1682,19720488666,57087762,1,0
1683,19720838666,57118682,1,0
1684,19721151555,57152300,1,0
1685,19721490111,57187806,1,0
1686,19721840222,57220045,1,0
1687,19722158777,57256812,1,0
1688,19722502333,57284855,1,0
1689,19722817222,57319964,1,0
1690,19723159888,57353314,1,0
1691,19723491000,57385450,1,0
1692,19723819111,57419593,1,0
1693,19724152666,57455004,1,0
1694,19724505111,57484906,1,0
1695,19724820111,57521718,1,0
1696,19725171222,57554317,1,0
1697,19725508444,57584607,1,0
1698,19725820222,57618209,1,0
1699,19726155111,57652426,1,0
1700,19726497000,57685376,1,0
1701,19726820333,57722270,1,0
1702,19727188111,57752886,1,0
1703,19727487777,57786649,1,0
1704,19727828555,57820200,1,0
1705,19728167666,57852747,1,0
1706,19728491777,57887253,1,0
1707,19728831333,57920493,1,0
1708,19729164666,57953886,1,0
1709,19729495222,57985912,1,0
1710,19729823444,58020323,1,0
1711,19730175333,58052291,1,0
1712,19730499777,58089199,1,0
1713,19730844888,58119231,1,0
1714,19731161111,58152695,1,0
1715,19731493666,58185961,1,0
1716,19731832000,58220168,1,0
1717,19732164777,58252907,1,0
1718,19732493222,58286969,1,0
1719,19732840111,58320885,1,0
1720,19733174666,58353620,1,0
1721,19733509111,58387551,1,0
1722,19733835222,58419831,1,0
1723,19734168555,58455437,1,0
1724,19734514000,58486352,1,0
1725,19734834222,58519339,1,0
1726,19735164777,58554935,1,0
1727,19735520222,58588471,1,0
1728,19735840888,58624275,1,0
1729,19736203222,58652778,1,0
1730,19736496333,58686134,1,0
1731,19736825777,58720924,1,0
1732,19737166333,58754292,1,0
1733,19737506333,58788602,1,0
1734,19737841000,58820939,1,0
1735,19738172555,58857008,1,0
1736,19738525222,58886507,1,0
1737,19738840555,58919871,1,0
1738,19739171111,58957387,1,0
1739,19739538444,58986628,1,0
1740,19739836888,59019578,1,0
1741,19740172222,59053772,1,0
1742,19740509666,59086966,1,0
1743,19740836222,59120805,1,0
1744,19741178777,59154215,1,0
1745,19741510555,59191578,1,0
1746,19741867666,59219174,1,0
1747,19742165111,59254351,1,0
1748,19742510888,59288238,1,0
1749,19742840888,59321548,1,0
1750,19743178666,59355960,1,0
1751,19743513333,59387715,1,0
1752,19743840333,59422311,1,0
1753,19744176222,59454936,1,0
1754,19744510222,59486485,1,0
1755,19744836222,59522540,1,0
1756,19745183666,59555707,1,0
1757,19745515111,59587307,1,0
1758,19745848555,59622660,1,0
1759,19746188444,59655744,1,0
1760,19746519777,59689290,1,0
1761,19746857888,59721123,1,0
1762,19747175666,59755303,1,0
1763,19747521000,59789156,1,0
1764,19747847777,59821978,1,0
1765,19748181444,59854617,1,0
1766,19748513888,59888637,1,0
1767,19748853222,59922256,1,0
1768,19749184777,59957108,1,0
1769,19749544666,59989401,1,0
1770,19749847666,60021510,1,0
1771,19750179111,60055067,1,0
1772,19750525111,60086465,1,0
1773,19750840555,60122233,1,0
1774,19751190000,60154932,1,0
1775,19751524111,60190793,1,0
1776,19751869777,60222769,1,0
1777,19752189666,60256528,1,0
1778,19752519222,60289920,1,0
1779,19752852888,60326441,1,0
1780,19753208777,60360085,1,0
1781,19753531000,60388865,1,0
1782,19753852222,60422821,1,0
1783,19754178777,60455021,1,0
1784,19754525555,60488981,1,0
1785,19754848555,60522959,1,0
1786,19755194777,60555990,1,0
1787,19755520333,60587689,1,0
1788,19755852000,60623331,1,0
1789,19756193888,60656547,1,0
1790,19756540000,60689029,1,0
1791,19756854222,60722554,1,0
1792,19757188888,60755228,1,0
1793,19757520666,60791248,1,0
1794,19757871777,60823813,1,0
1795,19758194666,60857846,1,0
1796,19758552111,60888579,1,0
1797,19758852555,60922015,1,0
1798,19759185888,60958325,1,0
1799,19759530333,60988922,1,0
1800,19759860111,61024604,1,0
1801,19760207888,61057152,1,0
1802,19760528888,61089563,1,0
1803,19760857111,61123633,1,0
1804,19761201333,61156344,1,0
1805,19761526333,61190802,1,0
1806,19761873777,61225322,1,0
1807,19762214222,61257634,1,0
1808,19762539777,61289774,1,0
1809,19762866333,61324064,1,0
1810,19763204666,61356253,1,0
1811,19763523111,61389751,1,0
1812,19763855222,61424019,1,0
1813,19764198111,61456795,1,0
1814,19764531000,61490131,1,0
1815,19764871222,61524824,1,0
1816,19765209777,61557391,1,0
1817,19765540333,61590057,1,0
1818,19765875000,61624503,1,0
1819,19766206555,61658210,1,0
1820,19766538222,61691008,1,0
1821,19766861111,61722951,1,0
1822,19767190444,61757006,1,0
1823,19767534222,61790890,1,0
1824,19767871333,61824416,1,0
1825,19768205777,61857757,1,0
1826,19768543555,61892013,1,0
1827,19768872666,61924464,1,0
1828,19769204777,61959860,1,0
1829,19769557777,61991187,1,0
1830,19769869222,62024515,1,0
1831,19770219111,62058764,1,0
1832,19770550222,62093351,1,0
1833,19770882333,62131512,1,0
1834,19771269888,62155966,1,0
1835,19771533888,62193015,1,0
1836,19771900222,62224406,1,0
1837,19772209555,62258386,1,0
1838,19772553000,62292810,1,0
1839,19772882222,62324743,1,0
1840,19773225111,62357855,1,0
1841,19773537111,62390781,1,0
1842,19773870555,62426263,1,0
1843,19774213333,62458090,1,0
1844,19774542333,62493140,1,0
1845,19774875777,62523288,1,0
1846,19775208111,62560858,1,0
1847,19775559555,62591636,1,0
1848,19775879555,62626198,1,0
1849,19776216666,62660302,1,0
1850,19776563222,62692307,1,0
1851,19776886666,62726999,1,0
1852,19777240555,62763065,1,0
1853,19777552888,62790723,1,0
1854,19777872333,62826864,1,0
1855,19778215333,62859647,1,0
1856,19778565555,62893932,1,0
1857,19778891777,62923618,1,0
1858,19779205555,62960172,1,0
1859,19779563222,62993826,1,0
1860,19779878222,63023667,1,0
1861,19780210111,63059021,1,0
1862,19780550888,63092169,1,0
1863,19780879666,63126388,1,0
1864,19781226666,63162348,1,0
1865,19781570333,63191843,1,0
1866,19781881000,63226790,1,0
1867,19782226555,63259928,1,0
1868,19782554000,63297749,1,0
1869,19782884555,63326273,1,0
1870,19783222555,63359837,1,0
1871,19783560888,63394060,1,0
1872,19783902666,63425150,1,0
1873,19784211444,63460437,1,0
1874,19784554222,63494125,1,0
1875,19784882222,63527754,1,0
1876,19785217333,63559805,1,0
1877,19785552000,63594257,1,0
1878,19785887333,63627567,1,0
1879,19786223333,63660350,1,0
1880,19786565333,63692112,1,0
1881,19786881444,63729709,1,0
1882,19787240666,63760391,1,0
1883,19787563111,63796207,1,0
1884,19787894111,63825285,1,0
1885,19788213000,63860415,1,0
1886,19788562888,63895830,1,0
1887,19788882333,63926995,1,0
1888,19789220666,63960425,1,0
1889,19789569555,63992158,1,0
1890,19789880333,64027408,1,0
1891,19790226222,64060067,1,0
1892,19790561222,64092697,1,0
1893,19790890333,64127431,1,0
1894,19791224777,64159315,1,0
1895,19791568111,64193397,1,0
1896,19791891222,64227141,1,0
1897,19792237777,64261244,1,0
1898,19792573111,64294276,1,0
1899,19792904777,64325556,1,0
1900,19793220666,64358913,1,0
1901,19793552555,64393967,1,0
1902,19793886333,64426558,1,0
1903,19794227222,64460395,1,0
1904,19794559111,64494581,1,0
1905,19794900666,64527910,1,0
1906,19795234333,64559931,1,0
1907,19795566444,64592703,1,0
1908,19795885666,64626490,1,0
1909,19796229777,64659381,1,0
1910,19796559222,64694383,1,0
1911,19796902111,64726577,1,0
1912,19797230888,64761825,1,0
1913,19797561777,64795591,1,0
1914,19797905333,64827802,1,0
1915,19798249000,64866038,1,0
1916,19798623333,64892324,1,0
1917,19798891222,64928092,1,0
1918,19799236222,64961312,1,0
1919,19799557222,64993104,1,0
1920,19799898222,65025483,1,0
1921,19800226888,65058394,1,0
1922,19800553777,65091960,1,0
1923,19800889555,65126317,1,0
1924,19801219777,65160552,1,0
1925,19801560666,65194075,1,0
1926,19801899666,65228780,1,0
1927,19802236777,65260684,1,0
1928,19802568444,65294152,1,0
1929,19802897333,65328943,1,0
1930,19803238777,65360195,1,0
1931,19803567111,65395644,1,0
1932,19803912666,65429767,1,0
1933,19804237222,65461401,1,0
1934,19804575222,65495452,1,0
1935,19804914111,65525591,1,0
1936,19805230000,65560821,1,0
1937,19805567666,65600052,1,0
1938,19805908666,65628537,1,0
1939,19806238222,65660834,1,0
1940,19806570777,65698777,1,0
1941,19806945222,65731953,1,0
1942,19807240222,65761570,1,0
1943,19807585222,65794136,1,0
1944,19807906222,65829026,1,0
1945,19808234222,65864079,1,0
1946,19808596000,65894135,1,0
1947,19808899000,65927867,1,0
1948,19809245333,65961476,1,0
1949,19809576222,65993812,1,0
1950,19809906222,66032901,1,0
1951,19810243666,66066867,1,0
1952,19810580222,66098557,1,0
1953,19810926666,66127069,1,0
1954,19811240555,66161624,1,0
1955,19811584777,66196600,1,0
1956,19811911000,66228682,1,0
1957,19812254000,66260190,1,0
1958,19812575555,66293033,1,0
1959,19812905333,66329424,1,0
1960,19813248111,66360147,1,0
1961,19813578111,66395460,1,0
1962,19813911555,66435138,1,0
1963,19814268000,66460759,1,0
1964,19814576666,66495264,1,0
1965,19814920666,66533641,1,0
1966,19815259888,66561047,1,0
1967,19815574222,66594978,1,0
1968,19815912666,66630586,1,0
1969,19816270222,66661167,1,0
1970,19816579333,66693964,1,0
1971,19816907666,66728184,1,0
1972,19817248111,66761518,1,0
1973,19817589444,66796388,1,0
1974,19817921666,66828164,1,0
1975,19818247333,66862492,1,0
1976,19818593000,66895282,1,0
1977,19818917777,66929410,1,0
1978,19819258444,66964209,1,0
1979,19819605777,66995154,1,0
1980,19819912333,67030455,1,0
1981,19820262333,67063556,1,0
1982,19820600333,67095731,1,0
1983,19820924000,67129636,1,0
1984,19821270333,67163031,1,0
1985,19821595666,67196392,1,0
1986,19821928666,67230467,1,0
1987,19822268333,67262994,1,0
1988,19822589555,67295268,1,0
1989,19822924666,67329097,1,0
1990,19823260555,67362780,1,0
1991,19823591555,67398045,1,0
1992,19823955333,67430584,1,0
1993,19824274666,67466433,1,0
1994,19824590777,67495017,1,0
1995,19824915222,67530461,1,0
1996,19825268333,67561931,1,0
1997,19825592888,67595291,1,0
1998,19825928111,67629096,1,0
1999,19826264555,67662250,1,0
2000,19826592777,67697642,1,0
2001,19826940333,67730482,1,0
2002,19827262222,67761775,1,0
2003,19827588333,67795822,1,0
2004,19827921555,67829802,1,0
2005,19828267222,67863271,1,0
2006,19828598777,67897422,1,0
2007,19828937777,67929699,1,0
2008,19829261666,67964639,1,0
2009,19829601333,67997064,1,0
2010,19829935333,68029945,1,0
2011,19830266666,68063187,1,0
2012,19830598666,68097528,1,0
2013,19830923777,68130196,1,0
2014,19831263666,68163381,1,0
2015,19831599777,68196981,1,0
2016,19831927666,68230952,1,0
2017,19832266222,68262937,1,0
2018,19832599777,68296019,1,0
2019,19832923444,68329461,1,0
2020,19833258777,68363289,1,0
2021,19833597444,68397002,1,0
2022,19833923222,68430949,1,0
2023,19834262555,68465081,1,0
2024,19834606555,68496023,1,0
2025,19834930777,68533450,1,0
2026,19835298777,68563153,1,0
2027,19835602666,68597185,1,0
2028,19835938111,68630699,1,0
2029,19836275111,68664051,1,0
2030,19836601555,68696329,1,0
2031,19836931111,68729919,1,0
2032,19837267111,68763260,1,0
2033,19837601555,68797239,1,0
2034,19837937777,68830183,1,0
2035,19838274111,68863663,1,0
2036,19838602555,68898381,1,0
2037,19838945555,68934379,1,0
2038,19839307222,68964656,1,0
2039,19839608222,68998400,1,0
2040,19839944222,69030345,1,0
2041,19840268333,69064392,1,0
2042,19840611222,69097248,1,0
2043,19840943444,69136591,1,0
2044,19841322777,69163640,1,0
2045,19841605555,69197559,1,0
2046,19841944666,69230735,1,0
2047,19842277666,69267014,1,0
2048,19842625222,69298615,1,0
2049,19842951555,69331408,1,0
2050,19843276444,69365612,1,0
2051,19843614666,69398280,1,0
2052,19843937666,69432311,1,0
2053,19844280222,69465516,1,0
2054,19844612777,69496877,1,0
2055,19844933000,69530852,1,0
2056,19845278000,69564738,1,0
2057,19845616111,69597220,1,0
2058,19845940111,69630134,1,0
2059,19846272666,69665537,1,0
2060,19846612222,69696994,1,0
2061,19846938333,69730233,1,0
2062,19847272666,69764225,1,0
2063,19847615555,69796738,1,0
2064,19847937333,69832991,1,0
2065,19848274666,69864883,1,0
2066,19848615111,69899599,1,0
2067,19848948000,69930891,1,0
2068,19849275666,69968391,1,0
2069,19849644666,69998993,1,0
2070,19849949777,70030887,1,0
2071,19850277222,70066328,1,0
2072,19850623444,70097681,1,0
2073,19850945777,70132756,1,0
2074,19851300888,70166034,1,0
2075,19851623111,70199135,1,0
2076,19851954000,70234109,1,0
2077,19852307222,70265425,1,0
2078,19852621111,70298856,1,0
2079,19852945222,70333662,1,0
2080,19853296222,70370597,1,0
2081,19853632888,70397475,1,0
2082,19853946222,70431907,1,0
2083,19854288666,70469294,1,0
2084,19854629666,70499247,1,0
2085,19854955222,70532666,1,0
2086,19855292111,70566805,1,0
2087,19855631777,70599091,1,0
2088,19855955777,70634272,1,0
2089,19856310111,70665675,1,0
2090,19856627888,70698598,1,0
2091,19856950777,70732754,1,0
2092,19857299555,70766402,1,0
2093,19857630333,70798866,1,0
2094,19857960222,70833480,1,0
2095,19858299555,70866850,1,0
2096,19858640888,70897922,1,0
2097,19858950222,70932219,1,0
2098,19859292111,70969622,1,0
2099,19859659666,70999030,1,0
2100,19859956777,71033235,1,0
2101,19860295222,71066379,1,0
2102,19860638000,71098423,1,0
2103,19860953555,71132575,1,0
2104,19861298666,71165762,1,0
2105,19861631111,71199345,1,0
2106,19861968000,71233494,1,0
2107,19862300111,71272962,1,0
2108,19862696000,71299756,1,0
2109,19862961777,71333728,1,0
2110,19863308111,71367985,1,0
2111,19863643333,71401338,1,0
2112,19863964777,71432766,1,0
2113,19864300666,71466901,1,0
2114,19864626111,71501059,1,0
2115,19864962777,71534366,1,0
2116,19865304000,71568029,1,0
2117,19865645666,71599295,1,0
2118,19865961666,71634190,1,0
2119,19866309777,71666778,1,0
2120,19866640000,71700954,1,0
2121,19866966555,71735681,1,0
2122,19867300444,71766201,1,0
2123,19867637000,71799955,1,0
2124,19867969777,71834871,1,0
2125,19868307888,71866028,1,0
2126,19868632666,71900264,1,0
2127,19868965777,71933204,1,0
2128,19869298222,71967062,1,0
2129,19869642666,72002857,1,0
2130,19869959777,72032815,1,0
2131,19870300333,72066726,1,0
2132,19870640000,72099420,1,0
2133,19870968111,72134820,1,0
2134,19871301777,72168549,1,0
2135,19871646444,72233991,1,0
2136,19872299111,72310362,1,0
2137,19872299111,72321238,1,0
2138,19872299111,72332413,1,0
2139,19872972555,72348253,1,0
2140,19873307222,72373212,1,0
2141,19873650666,72400723,1,0
2142,19873972111,72438525,1,0
2143,19874351333,72467432,1,0
2144,19874643444,72500900,1,0
2145,19874976000,72533897,1,0
2146,19875312666,72568821,1,0
2147,19875660555,72599819,1,0
2148,19875971444,72634568,1,0
2149,19876307222,72667450,1,0
2150,19876642666,72701144,1,0
2151,19876974222,72735633,1,0
2152,19877319666,72769243,1,0
2153,19877652222,72800416,1,0
2154,19877982000,72835162,1,0
2155,19878308666,72870853,1,0
2156,19878641444,72901273,1,0
2157,19878980555,72933868,1,0
2158,19879308666,72968119,1,0
2159,19879642555,73000960,1,0
2160,19879975000,73034204,1,0
2161,19880313666,73067593,1,0
2162,19880643000,73102400,1,0
2163,19880973555,73136172,1,0
2164,19881323555,73167823,1,0
2165,19881638333,73200876,1,0
2166,19881979000,73237251,1,0
2167,19882335000,73272849,1,0
2168,19882688222,73300431,1,0
2169,19882980444,73335698,1,0
2170,19883310888,73371166,1,0
2171,19883646555,73402548,1,0
2172,19883990222,73436445,1,0
2173,19884322000,73467540,1,0
2174,19884643555,73504462,1,0
2175,19884977111,73535380,1,0
2176,19885323666,73570310,1,0
2177,19885657222,73602278,1,0
2178,19885986333,73636737,1,0
2179,19886322666,73670352,1,0
2180,19886663555,73701383,1,0
2181,19886986111,73736512,1,0
2182,19887323333,73769102,1,0
2183,19887657222,73804832,1,0
2184,19887994555,73836414,1,0
2185,19888318111,73869472,1,0
2186,19888647222,73905542,1,0
2187,19888985444,73935483,1,0
2188,19889316222,73969508,1,0
2189,19889664222,74002865,1,0
2190,19889993222,74038985,1,0
2191,19890340888,74069597,1,0
2192,19890663000,74101345,1,0
2193,19890983000,74136126,1,0
2194,19891325222,74170045,1,0
2195,19891664666,74201225,1,0
2196,19891980111,74234876,1,0
2197,19892321666,74271257,1,0
2198,19892664222,74302538,1,0
2199,19892992111,74336543,1,0
2200,19893325555,74368609,1,0
2201,19893660000,74402977,1,0
2202,19893992777,74439090,1,0
2203,19894350666,74470115,1,0
2204,19894661333,74503444,1,0
2205,19894992666,74538328,1,0
2206,19895350444,74570489,1,0
2207,19895672555,74602419,1,0
2208,19895990222,74636148,1,0
2209,19896322777,74668485,1,0
2210,19896656555,74701106,1,0
2211,19896983555,74737380,1,0
2212,19897333111,74770030,1,0
2213,19897665222,74803819,1,0
2214,19898003222,74838446,1,0
2215,19898347000,74871954,1,0
2216,19898675222,74902639,1,0
2217,19898985111,74938146,1,0
2218,19899332222,74972071,1,0
2219,19899664000,75002621,1,0
2220,19899998666,75035846,1,0
2221,19900333111,75069813,1,0
2222,19900673111,75102849,1,0
2223,19901002777,75137430,1,0
2224,19901332555,75170260,1,0
2225,19901677666,75207379,1,0
2226,19902014111,75238465,1,0
2227,19902351444,75273121,1,0
2228,19902695111,75303908,1,0
2229,19903000444,75337835,1,0
2230,19903344111,75372129,1,0
2231,19903691777,75404795,1,0
2232,19903996111,75438933,1,0
2233,19904347777,75470511,1,0
2234,19904667666,75503556,1,0
2235,19905001444,75538580,1,0
2236,19905344444,75570488,1,0
2237,19905679444,75604330,1,0
2238,19906009555,75639475,1,0
2239,19906357222,75671033,1,0
2240,19906672555,75705730,1,0
2241,19907005222,75738697,1,0
2242,19907348666,75771046,1,0
2243,19907675111,75805980,1,0
2244,19908011777,75837095,1,0
2245,19908342555,75871077,1,0
2246,19908676333,75905372,1,0
2247,19909011111,75937862,1,0
2248,19909343777,75971742,1,0
2249,19909682888,76006531,1,0
2250,19910036444,76039987,1,0
2251,19910363777,76074372,1,0
2252,19910682666,76103945,1,0
2253,19911004444,76138982,1,0
2254,19911344222,76173122,1,0
2255,19911693444,76204122,1,0
2256,19912005111,76237139,1,0
2257,19912342111,76272815,1,0
2258,19912693444,76304809,1,0
2259,19913010666,76338269,1,0
2260,19913343111,76372542,1,0
2261,19913688444,76404541,1,0
2262,19914009555,76441200,1,0
2263,19914372222,76474416,1,0
2264,19914707777,76506581,1,0
2265,19915021333,76538140,1,0
2266,19915348444,76571999,1,0
2267,19915687111,76606176,1,0
2268,19916014555,76639894,1,0
2269,19916372000,76671966,1,0
2270,19916685222,76704692,1,0
2271,19917008222,76738520,1,0
2272,19917348555,76774832,1,0
2273,19917721000,76804970,1,0
2274,19918019222,76841554,1,0
2275,19918382666,76872396,1,0
2276,19918685222,76905231,1,0
2277,19919015111,76937194,1,0
2278,19919345444,76972602,1,0
2279,19919687888,77006346,1,0
2280,19920020777,77039909,1,0
2281,19920362000,77073916,1,0
2282,19920688666,77106887,1,0
2283,19921016000,77138847,1,0
2284,19921357111,77173535,1,0
2285,19921696666,77206182,1,0
2286,19922021666,77241165,1,0
2287,19922374222,77275719,1,0
2288,19922717333,77307021,1,0
2289,19923025555,77340096,1,0
2290,19923359000,77372277,1,0
2291,19923691111,77406049,1,0
2292,19924023666,77440673,1,0
2293,19924369111,77473014,1,0
2294,19924690777,77505185,1,0
2295,19925023777,77541786,1,0
2296,19925378555,77576169,1,0
2297,19925732555,77605560,1,0
2298,19926023000,77641554,1,0
2299,19926379000,77673892,1,0
2300,19926704111,77707717,1,0
2301,19927040666,77739951,1,0
2302,19927356222,77775033,1,0
2303,19927704000,77808368,1,0
2304,19928043666,77839935,1,0
2305,19928354111,77876972,1,0
2306,19928715111,77905477,1,0
2307,19929028444,77939824,1,0
2308,19929356555,77974965,1,0
2309,19929710666,78006055,1,0
2310,19930016000,78040788,1,0
2311,19930378888,78076264,1,0
2312,19930710222,78107692,1,0
2313,19931040777,78140460,1,0
2314,19931368777,78175920,1,0
2315,19931733222,78205605,1,0
2316,19932022111,78240903,1,0
2317,19932365111,78273936,1,0
2318,19932701222,78307260,1,0
2319,19933037333,78341656,1,0
2320,19933375111,78374539,1,0
2321,19933703555,78406333,1,0
2322,19934031666,78443446,1,0
2323,19934396111,78473790,1,0
2324,19934697666,78507984,1,0
2325,19935040555,78545042,1,0
2326,19935407777,78576479,1,0
2327,19935711222,78607583,1,0
2328,19936037111,78640073,1,0
2329,19936365666,78673401,1,0
2330,19936700444,78707747,1,0
2331,19937033555,78741509,1,0
2332,19937371222,78773896,1,0
2333,19937705222,78807547,1,0
2334,19938041111,78842365,1,0
2335,19938386777,78874576,1,0
2336,19938710111,78909799,1,0
2337,19939048555,78943621,1,0
2338,19939375333,78973289,1,0
2339,19939704000,79005922,1,0
2340,19940032111,79041631,1,0
2341,19940377111,79073258,1,0
2342,19940703888,79106914,1,0
2343,19941032666,79141833,1,0
2344,19941380444,79174661,1,0
2345,19941715333,79208130,1,0
2346,19942035333,79243915,1,0
2347,19942397666,79275956,1,0
2348,19942723888,79308980,1,0
2349,19943052666,79341558,1,0
2350,19943382222,79376098,1,0
2351,19943731444,79409422,1,0
2352,19944047666,79442225,1,0
2353,19944377444,79474444,1,0
2354,19944709000,79507115,1,0
2355,19945035888,79543264,1,0
2356,19945395111,79576363,1,0
2357,19945718666,79608887,1,0
2358,19946050222,79642804,1,0
2359,19946390555,79674125,1,0
2360,19946707666,79708819,1,0
2361,19947050222,79742798,1,0
2362,19947387111,79774973,1,0
2363,19947714666,79809212,1,0
2364,19948057222,79842184,1,0
2365,19948385888,79879353,1,0
2366,19948750888,79908563,1,0
2367,19949047222,79942581,1,0
2368,19949383333,79975367,1,0
2369,19949718111,80009275,1,0
2370,19950049333,80042491,1,0
2371,19950399444,80077904,1,0
2372,19950740666,80110300,1,0
2373,19951050666,80143215,1,0
2374,19951388444,80176773,1,0
2375,19951728666,80208244,1,0
2376,19952046111,80244567,1,0
2377,19952402777,80275412,1,0
2378,19952719666,80308449,1,0
2379,19953050666,80343485,1,0
2380,19953388000,80376741,1,0
2381,19953721000,80408679,1,0
2382,19954050222,80445201,1,0
2383,19954407555,80476165,1,0
2384,19954724666,80512232,1,0
2385,19955089333,80544335,1,0
2386,19955399111,80576586,1,0
2387,19955733111,80608452,1,0
2388,19956053666,80644421,1,0
2389,19956390555,80675332,1,0
2390,19956724444,80710275,1,0
2391,19957065111,80742730,1,0
2392,19957389777,80775365,1,0
2393,19957725777,80813674,1,0
2394,19958051444,80848364,1,0
2395,19958450777,80876564,1,0
2396,19958732555,80909156,1,0
2397,19959053222,80943989,1,0
2398,19959402111,80978089,1,0
2399,19959735222,81010497,1,0
2400,19960077000,81046943,1,0
2401,19960381111,81075593,1,0
2402,19960725555,81108662,1,0
2403,19961056222,81141377,1,0
2404,19961388000,81176112,1,0
2405,19961725222,81210786,1,0
2406,19962078222,81245007,1,0
2407,19962416444,81278666,1,0
2408,19962745444,81308592,1,0
2409,19963053000,81343488,1,0
2410,19963395888,81376757,1,0
2411,19963743000,81410100,1,0
2412,19964066444,81443595,1,0
2413,19964398666,81478507,1,0
2414,19964752111,81509647,1,0
2415,19965051333,81542725,1,0
2416,19965400444,81576374,1,0
2417,19965724111,81610456,1,0
2418,19966071222,81646428,1,0
2419,19966431222,81677047,1,0
2420,19966732666,81710302,1,0
2421,19967070222,81746210,1,0
2422,19967408444,81778007,1,0
2423,19967747888,81810509,1,0
2424,19968071333,81844472,1,0
2425,19968408222,81878674,1,0
2426,19968747666,81910258,1,0
2427,19969071333,81943588,1,0
2428,19969403222,81978289,1,0
2429,19969740333,82011377,1,0
2430,19970084555,82046238,1,0
2431,19970431444,82076957,1,0
2432,19970740666,82111124,1,0
2433,19971070222,82145508,1,0
2434,19971420111,82178392,1,0
2435,19971749666,82211779,1,0
2436,19972072111,82244292,1,0
2437,19972412111,82278571,1,0
2438,19972752777,82310819,1,0
2439,19973076444,82345710,1,0
2440,19973415555,82376669,1,0
2441,19973739555,82410962,1,0
2442,19974068888,82445486,1,0
2443,19974414666,82476211,1,0
2444,19974737111,82511782,1,0
2445,19975087000,82544912,1,0
2446,19975419555,82578213,1,0
2447,19975745555,82612133,1,0
2448,19976079666,82651605,1,0
2449,19976412111,82681955,1,0
2450,19976748444,82713298,1,0
2451,19977072555,82750436,1,0
2452,19977430111,82778780,1,0
2453,19977743000,82812550,1,0
2454,19978083333,82844668,1,0
2455,19978417222,82878708,1,0
2456,19978739666,82910671,1,0
2457,19979072666,82945838,1,0
2458,19979418555,82978272,1,0
2459,19979743444,83011119,1,0
2460,19980078777,83044019,1,0
2461,19980406444,83080431,1,0
2462,19980745333,83112344,1,0
2463,19981075444,83147422,1,0
2464,19981423555,83178313,1,0
2465,19981750222,83210056,1,0
2466,19982070555,83245902,1,0
2467,19982429666,83279683,1,0
2468,19982753666,83311962,1,0
2469,19983081000,83345326,1,0
2470,19983418333,83379145,1,0
2471,19983750888,83412048,1,0
2472,19984083555,83446438,1,0
2473,19984426555,83481801,1,0
2474,19984776666,83513088,1,0
2475,19985096222,83546957,1,0
2476,19985435111,83585040,1,0
2477,19985806000,83614214,1,0
2478,19986105666,83648131,1,0
2479,19986446000,83681260,1,0
2480,19986774666,83712869,1,0
2481,19987101000,83747041,1,0
2482,19987429666,83783154,1,0
2483,19987791444,83812598,1,0
2484,19988091222,83847810,1,0
2485,19988433111,83880295,1,0
2486,19988761777,83911542,1,0
2487,19989081222,83949467,1,0
2488,19989443666,83980444,1,0
2489,19989765444,84011799,1,0
2490,19990087555,84047052,1,0
2491,19990435777,84078457,1,0
2492,19990749666,84111803,1,0
2493,19991083111,84145916,1,0
2494,19991432222,84180321,1,0
2495,19991767555,84215354,1,0
2496,19992111555,84246908,1,0
2497,19992423333,84280106,1,0
2498,19992759777,84314687,1,0
2499,19993099000,84347059,1,0
2500,19993422222,84378804,1,0
2501,19993760555,84417767,1,0
2502,19994140666,84446876,1,0
2503,19994433333,84479097,1,0
2504,19994763111,84514060,1,0
2505,19995101000,84547006,1,0
2506,19995428111,84580447,1,0
2507,19995769888,84614986,1,0
2508,19996112000,84644877,1,0
2509,19996418111,84679328,1,0
2510,19996760555,84712335,1,0
2511,19997088000,84745024,1,0
2512,19997422222,84780843,1,0
2513,19997764222,84813861,1,0
2514,19998096666,84845324,1,0
2515,19998428000,84881754,1,0
2516,19998776111,84914129,1,0
2517,19999099777,84947562,1,0
2518,19999437333,84983099,1,0
2519,19999779000,85013248,1,0
2520,20000095666,85048112,1,0
2521,20000448111,85080541,1,0
2522,20000772666,85112082,1,0
2523,20001092444,85147829,1,0
2524,20001438777,85181525,1,0
2525,20001781333,85215762,1,0
2526,20002111111,85248197,1,0
2527,20002443888,85284684,1,0
2528,20002792222,85313954,1,0
2529,20003105000,85347659,1,0
2530,20003436222,85381830,1,0
2531,20003784111,85414010,1,0
2532,20004100555,85447912,1,0
2533,20004438555,85482339,1,0
2534,20004778666,85513507,1,0
2535,20005104666,85548133,1,0
2536,20005447111,85580103,1,0
2537,20005772555,85614342,1,0
2538,20006107111,85649425,1,0
2539,20006463777,85681813,1,0
2540,20006783666,85713422,1,0
2541,20007100000,85748987,1,0
2542,20007456555,85782665,1,0
2543,20007793222,85813837,1,0
2544,20008107666,85849274,1,0
2545,20008450333,85884788,1,0
2546,20008812666,85914401,1,0
2547,20009105888,85947956,1,0
2548,20009441333,85980382,1,0
2549,20009775222,86012721,1,0
2550,20010100000,86048649,1,0
2551,20010457000,86080939,1,0
2552,20010775777,86113905,1,0
2553,20011107444,86148034,1,0
2554,20011453222,86184037,1,0
2555,20011799555,86214483,1,0
2556,20012113000,86250058,1,0
2557,20012462666,86283575,1,0
2558,20012801000,86320552,1,0
2559,20013169222,86353139,1,0
2560,20013488777,86383019,1,0
2561,20013780888,86415514,1,0
2562,20014115777,86451126,1,0
2563,20014474000,86482536,1,0
2564,20014797777,86518855,1,0
2565,20015153222,86549707,1,0
2566,20015465444,86582331,1,0
2567,20015796555,86615200,1,0
2568,20016117111,86650863,1,0
2569,20016454000,86683065,1,0
2570,20016792000,86715788,1,0
2571,20017122000,86750746,1,0
2572,20017472555,86784191,1,0
2573,20017801222,86816226,1,0
2574,20018123000,86848497,1,0
2575,20018453444,86881653,1,0
2576,20018780888,86913830,1,0
2577,20019108333,86950691,1,0
2578,20019463111,86981669,1,0
2579,20019787777,87015501,1,0
2580,20020115000,87048110,1,0
2581,20020450666,87080688,1,0
2582,20020781333,87114895,1,0
2583,20021113777,87149520,1,0
2584,20021458111,87181049,1,0
2585,20021785666,87215515,1,0
2586,20022117111,87251882,1,0
2587,20022482111,87283590,1,0
2588,20022798111,87316413,1,0
2589,20023123777,87349544,1,0
2590,20023460000,87382541,1,0
2591,20023795888,87416452,1,0
2592,20024135222,87448829,1,0
2593,20024447111,87481330,1,0
2594,20024787111,87514631,1,0
2595,20025122000,87549368,1,0
2596,20025461555,87585036,1,0
2597,20025798000,87618633,1,0
2598,20026130444,87651840,1,0
2599,20026475888,87683778,1,0
2600,20026798222,87717774,1,0
2601,20027142555,87750755,1,0
2602,20027468666,87786258,1,0
2603,20027828222,87818294,1,0
2604,20028139111,87850919,1,0
2605,20028465111,87883341,1,0
2606,20028800666,87916924,1,0
2607,20029127777,87950327,1,0
2608,20029472666,87984341,1,0
2609,20029806222,88051823,1,0
2610,20030476222,88126264,1,0
2611,20030476222,88136848,1,0
2612,20030476222,88147771,1,0
2613,20031133000,88164177,1,0
2614,20031465000,88188400,1,0
2615,20031798111,88218363,1,0
2616,20032144555,88250650,1,0
2617,20032462111,88287787,1,0
2618,20032816333,88316627,1,0
2619,20033130111,88350888,1,0
2620,20033470000,88383724,1,0
2621,20033799555,88418989,1,0
2622,20034150555,88452175,1,0
2623,20034479666,88484380,1,0
2624,20034806444,88518697,1,0
2625,20035136111,88550964,1,0
2626,20035472111,88584189,1,0
2627,20035811222,88617136,1,0
2628,20036135000,88651620,1,0
2629,20036472555,88685766,1,0
2630,20036811111,88717538,1,0
2631,20037135000,88752572,1,0
2632,20037469333,88783293,1,0
2633,20037799000,88818613,1,0
2634,20038147555,88851009,1,0
2635,20038472555,88884131,1,0
2636,20038801333,88917998,1,0
2637,20039140111,88951040,1,0
2638,20039476222,88984851,1,0
2639,20039810888,89017950,1,0
2640,20040143444,89052792,1,0
2641,20040489222,89084281,1,0
2642,20040799000,89116885,1,0
2643,20041136777,89158099,1,0
2644,20041502222,89183640,1,0
2645,20041802777,89217783,1,0
2646,20042135888,89255304,1,0
2647,20042510555,89285138,1,0
2648,20042812666,89316922,1,0
2649,20043134000,89352961,1,0
2650,20043491111,89385161,1,0
2651,20043816333,89418924,1,0
2652,20044150555,89452754,1,0
2653,20044477222,89484064,1,0
2654,20044807555,89517801,1,0
2655,20045137555,89552786,1,0
2656,20045493666,89585655,1,0
2657,20045816444,89617290,1,0
2658,20046137111,89653646,1,0
2659,20046496111,89687780,1,0
2660,20046821222,89717136,1,0
2661,20047145000,89754867,1,0
2662,20047510777,89784899,1,0
2663,20047815111,89819709,1,0
2664,20048152888,89852288,1,0
2665,20048480666,89889590,1,0
2666,20048852555,89919719,1,0
2667,20049157333,89951992,1,0
2668,20049487000,89984084,1,0
2669,20049810000,90016893,1,0
2670,20050140666,90052699,1,0
2671,20050500555,90087643,1,0
2672,20050840000,90116529,1,0
2673,20051142000,90154646,1,0
2674,20051473777,90188603,1,0
2675,20051823666,90217108,1,0
2676,20052142000,90253837,1,0
2677,20052499666,90286315,1,0
2678,20052829555,90318715,1,0
2679,20053150222,90352355,1,0
2680,20053488111,90385348,1,0
2681,20053819888,90425534,1,0
2682,20054153888,90453616,1,0
2683,20054498666,90486702,1,0
2684,20054827111,90519520,1,0
2685,20055157444,90555666,1,0
2686,20055503777,90586138,1,0
2687,20055833555,90622971,1,0
2688,20056155000,90652846,1,0
2689,20056493222,90685455,1,0
2690,20056819000,90723186,1,0
2691,20057191111,90752423,1,0
2692,20057485444,90785859,1,0
2693,20057819666,90820685,1,0
2694,20058158000,90854177,1,0
2695,20058497666,90891448,1,0
2696,20058832222,90920171,1,0
2697,20059158666,90954664,1,0
2698,20059519000,90986215,1,0
2699,20059837444,91019710,1,0
2700,20060160777,91054653,1,0
2701,20060498222,91089829,1,0
2702,20060836333,91121389,1,0
2703,20061169555,91155332,1,0
2704,20061516111,91187053,1,0
2705,20061829000,91220140,1,0
2706,20062163111,91253140,1,0
2707,20062499555,91287477,1,0
2708,20062839666,91320428,1,0
2709,20063160111,91354560,1,0
2710,20063492000,91387162,1,0
2711,20063835555,91419389,1,0
2712,20064162666,91455134,1,0
2713,20064517000,91489214,1,0
2714,20064852333,91520647,1,0
2715,20065173777,91555359,1,0
2716,20065508666,91587922,1,0
2717,20065840444,91620705,1,0
2718,20066165222,91655343,1,0
2719,20066515111,91690726,1,0
2720,20066859222,91719740,1,0
2721,20067160888,91753658,1,0
2722,20067501444,91789780,1,0
2723,20067843666,91821338,1,0
2724,20068172222,91855855,1,0
2725,20068513888,91888365,1,0
2726,20068847222,91920478,1,0
2727,20069168000,91954732,1,0
2728,20069505111,91987731,1,0
2729,20069840222,92020008,1,0
2730,20070167444,92054433,1,0
2731,20070502111,92087420,1,0
2732,20070836444,92120887,1,0
2733,20071173000,92155694,1,0
2734,20071507666,92190926,1,0
2735,20071844000,92222546,1,0
2736,20072177111,92256079,1,0
2737,20072506111,92287540,1,0
2738,20072841111,92321567,1,0
2739,20073175222,92354936,1,0
2740,20073512222,92390766,1,0
2741,20073839444,92422428,1,0
2742,20074187555,92453497,1,0
2743,20074510444,92487890,1,0
2744,20074839555,92520188,1,0
2745,20075168555,92553371,1,0
2746,20075507555,92587938,1,0
2747,20075850444,92624327,1,0
2748,20076206444,92652686,1,0
2749,20076497888,92688222,1,0
2750,20076848888,92724423,1,0
2751,20077179666,92756916,1,0
2752,20077539444,92787315,1,0
2753,20077840222,92821488,1,0
2754,20078180222,92856268,1,0
2755,20078526111,92892556,1,0
2756,20078899444,92920358,1,0
2757,20079167555,92956275,1,0
2758,20079521000,92991695,1,0
2759,20079882666,93020665,1,0
2760,20080179444,93054341,1,0
2761,20080518222,93090147,1,0
2762,20080848888,93120763,1,0
2763,20081175444,93155337,1,0
2764,20081515666,93188730,1,0
2765,20081842222,93224962,1,0
2766,20082170555,93255723,1,0
2767,20082520777,93288619,1,0
2768,20082852222,93323017,1,0
2769,20083186444,93355721,1,0
2770,20083519666,93389280,1,0
2771,20083856444,93422296,1,0
2772,20084179000,93455618,1,0
2773,20084520888,93489641,1,0
2774,20084862555,93522703,1,0
2775,20085187222,93555318,1,0
2776,20085530000,93588276,1,0
2777,20085858000,93622865,1,0
2778,20086190666,93658045,1,0
2779,20086550888,93688306,1,0
2780,20086856444,93721895,1,0
2781,20087191444,93754919,1,0
2782,20087521000,93790550,1,0
2783,20087868000,93856512,1,0
2784,20088517111,93932333,1,0
2785,20088517111,93943817,1,0
2786,20088517111,93954089,1,0
2787,20089182444,93970288,1,0
2788,20089535000,93991593,1,0
2789,20089859444,94023119,1,0
2790,20090195777,94056474,1,0
2791,20090531222,94091474,1,0
2792,20090849111,94123963,1,0
2793,20091198222,94156082,1,0
2794,20091523888,94188506,1,0
2795,20091854555,94222842,1,0
2796,20092191444,94257101,1,0
2797,20092531888,94289527,1,0
2798,20092857111,94322789,1,0
2799,20093198444,94357623,1,0
2800,20093533333,94389495,1,0
2801,20093862000,94423544,1,0
2802,20094198111,94456290,1,0
2803,20094531666,94490570,1,0
2804,20094873555,94525584,1,0
2805,20095218111,94556748,1,0
2806,20095531333,94589827,1,0
2807,20095856000,94625441,1,0
2808,20096217555,94656401,1,0
2809,20096526666,94690372,1,0
2810,20096866555,94724731,1,0
2811,20097216777,94756527,1,0
2812,20097529555,94790603,1,0
2813,20097863444,94826039,1,0
2814,20098227777,94857011,1,0
2815,20098543666,94891139,1,0
2816,20098878888,94923007,1,0
2817,20099197000,94957362,1,0
2818,20099547666,94990478,1,0
2819,20099869111,95022914,1,0
2820,20100205444,95057647,1,0
2821,20100536888,95090012,1,0
2822,20100872666,95124565,1,0
2823,20101205000,95158504,1,0
2824,20101550111,95190845,1,0
2825,20101873666,95224155,1,0
2826,20102204111,95257190,1,0
2827,20102536555,95290302,1,0
2828,20102866444,95323111,1,0
2829,20103202000,95358332,1,0
2830,20103546777,95390598,1,0
2831,20103872222,95425844,1,0
2832,20104206555,95456629,1,0
2833,20104531666,95490691,1,0
2834,20104875111,95526026,1,0
2835,20105206555,95557235,1,0
2836,20105539666,95592172,1,0
2837,20105882444,95625630,1,0
2838,20106216666,95658330,1,0
2839,20106550111,95694091,1,0
2840,20106902111,95725265,1,0
2841,20107213666,95759016,1,0
2842,20107542666,95791820,1,0
2843,20107884666,95824180,1,0
2844,20108205000,95857630,1,0
2845,20108549555,95893019,1,0
2846,20108889555,95924675,1,0
2847,20109214555,95959769,1,0
2848,20109561888,95992421,1,0
2849,20109888888,96023903,1,0
2850,20110207000,96058489,1,0
2851,20110553666,96090976,1,0
2852,20110885888,96123026,1,0
2853,20111200333,96160756,1,0
2854,20111571555,96191608,1,0
2855,20111878666,96224844,1,0
2856,20112204333,96258384,1,0
2857,20112555333,96290056,1,0
2858,20112875222,96324922,1,0
2859,20113211000,96357920,1,0
2860,20113546000,96391038,1,0
2861,20113885111,96424133,1,0
2862,20114218000,96459659,1,0
2863,20114552666,96491855,1,0
2864,20114882222,96523429,1,0
2865,20115208444,96560957,1,0
2866,20115582555,96592752,1,0
2867,20115892000,96629359,1,0
2868,20116258222,96658468,1,0
2869,20116552555,96690496,1,0
2870,20116878666,96724370,1,0
2871,20117207111,96758731,1,0
2872,20117551111,96791994,1,0
2873,20117891111,96826157,1,0
2874,20118225444,96860310,1,0
2875,20118563888,96894200,1,0
2876,20118903111,96926306,1,0
2877,20119220777,96965016,1,0
2878,20119602666,96993258,1,0
2879,20119890111,97025472,1,0
2880,20120229444,97062356,1,0
2881,20120587000,97094128,1,0
2882,20120903222,97125117,1,0
2883,20121221777,97163213,1,0
2884,20121593333,97191980,1,0
2885,20121896666,97225063,1,0
2886,20122222555,97261720,1,0
2887,20122576555,97291873,1,0
2888,20122883000,97325717,1,0
2889,20123211555,97357634,1,0
2890,20123548000,97393679,1,0
2891,20123897777,97425774,1,0
2892,20124218777,97458624,1,0
2893,20124557111,97492914,1,0
2894,20124890333,97524637,1,0
2895,20125219555,97559959,1,0
2896,20125553111,97591858,1,0
2897,20125889444,97625485,1,0
2898,20126218666,97659719,1,0
2899,20126569888,97693153,1,0
2900,20126904444,97726583,1,0
2901,20127229666,97759537,1,0
2902,20127563444,97793192,1,0
2903,20127892555,97828338,1,0
2904,20128245777,97860439,1,0
2905,20128568555,97894616,1,0
2906,20128909000,97927058,1,0
2907,20129234777,97962182,1,0
2908,20129555555,97993335,1,0
2909,20129899444,98027724,1,0
2910,20130222555,98058989,1,0
2911,20130554555,98095031,1,0
2912,20130900777,98124490,1,0
2913,20131220111,98159677,1,0
2914,20131570666,98193377,1,0
2915,20131899333,98226568,1,0
2916,20132237555,98259616,1,0
2917,20132566555,98293872,1,0
2918,20132901555,98327524,1,0
2919,20133227555,98359461,1,0
2920,20133563555,98395393,1,0
2921,20133907555,98427349,1,0
2922,20134238444,98461019,1,0
2923,20134577000,98494578,1,0
2924,20134914888,98530460,1,0
2925,20135263666,98563839,1,0
2926,20135597666,98595619,1,0
2927,20135929666,98630248,1,0
2928,20136267888,98660415,1,0
2929,20136574666,98695636,1,0
2930,20136920333,98730587,1,0
2931,20137266444,98762197,1,0
2932,20137588111,98796247,1,0
2933,20137928333,98828614,1,0
2934,20138251111,98861474,1,0
2935,20138585222,98897765,1,0
2936,20138935444,98928968,1,0
2937,20139244111,98962169,1,0
2938,20139573111,98995347,1,0
2939,20139916111,99026364,1,0
2940,20140232444,99059857,1,0
2941,20140571222,99095497,1,0
2942,20140910000,99127718,1,0
2943,20141238555,99161406,1,0
2944,20141584888,99193229,1,0
2945,20141907333,99227669,1,0
2946,20142240000,99261146,1,0
2947,20142576555,99294937,1,0
2948,20142920111,99326950,1,0
2949,20143235333,99360071,1,0
2950,20143567666,99394272,1,0
2951,20143903111,99428046,1,0
2952,20144241111,99462200,1,0
2953,20144579555,99495440,1,0
2954,20144909555,99528800,1,0
2955,20145245555,99561633,1,0
2956,20145586222,99596828,1,0
2957,20145937000,99629279,1,0
2958,20146252666,99662056,1,0
2959,20146581333,99697099,1,0
2960,20146933777,99728956,1,0
2961,20147247111,99764360,1,0
2962,20147600111,99797838,1,0
2963,20147942111,99828955,1,0
2964,20148255111,99862577,1,0
2965,20148597111,99897149,1,0
2966,20148928555,99928055,1,0
2967,20149248000,99964933,1,0
2968,20149595111,99999832,1,0
2969,20149956444,100029787,1,0
2970,20150265666,100061757,1,0
2971,20150587444,100098685,1,0
2972,20150959666,100129063,1,0
2973,20151265444,100162000,1,0
2974,20151592555,100196744,1,0
2975,20151925777,100230125,1,0
2976,20152269444,100261226,1,0
2977,20152577666,100295857,1,0
2978,20152930555,100328902,1,0
2979,20153252000,100362289,1,0
2980,20153585333,100396329,1,0
2981,20153922555,100433195,1,0
2982,20154278555,100466021,1,0
2983,20154599444,100496766,1,0
2984,20154915111,100530363,1,0
2985,20155265666,100563651,1,0
2986,20155592444,100595761,1,0
2987,20155926888,100632975,1,0
2988,20156286444,100661870,1,0
2989,20156586666,100695464,1,0
2990,20156925888,100728052,1,0
2991,20157249000,100763684,1,0
2992,20157595777,100797579,1,0
2993,20157942444,100831619,1,0
2994,20158272555,100864303,1,0
2995,20158604000,100898785,1,0
2996,20158926333,100929128,1,0
2997,20159260222,100963036,1,0
2998,20159592222,100996644,1,0
2999,20159923000,101029185,1,0
3000,20160260777,101062280,1,0
3001,20160596000,101095791,1,0
3002,20160921555,101129371,1,0
3003,20161255111,101161318,1,0
3004,20161589555,101195301,1,0
3005,20161916888,101228744,1,0
3006,20162257888,101268000,1,0
3007,20162637888,101297637,1,0
3008,20162937111,101328411,1,0
3009,20163257444,101365378,1,0
3010,20163606444,101398583,1,0
3011,20163932444,101432245,1,0
3012,20164261777,101464102,1,0
3013,20164599666,101498339,1,0
3014,20164935555,101532483,1,0
3015,20165287888,101564646,1,0
3016,20165607000,101599469,1,0
3017,20165948666,101631477,1,0
3018,20166276000,101662842,1,0
3019,20166599000,101697237,1,0
3020,20166940222,101728663,1,0
3021,20167255777,101763969,1,0
3022,20167605000,101797717,1,0
3023,20167937555,101831417,1,0
3024,20168273555,101865044,1,0
3025,20168604666,101900107,1,0
3026,20168959666,101930369,1,0
3027,20169265111,101963917,1,0
3028,20169600111,101997210,1,0
3029,20169940222,102030351,1,0
3030,20170268222,102064032,1,0
3031,20170604111,102096947,1,0
3032,20170935000,102134622,1,0
3033,20171314666,102164770,1,0
3034,20171604555,102196512,1,0
3035,20171935111,102231182,1,0
3036,20172275111,102264540,1,0
3037,20172601444,102299937,1,0
3038,20172953222,102330339,1,0
3039,20173276444,102364429,1,0
3040,20173607444,102398395,1,0
3041,20173949111,102429604,1,0
3042,20174261888,102465769,1,0
3043,20174601666,102497467,1,0
3044,20174940000,102530408,1,0
3045,20175267333,102565693,1,0
3046,20175631222,102597523,1,0
3047,20175943333,102630034,1,0
3048,20176273444,102665545,1,0
3049,20176620555,102698752,1,0
3050,20176949000,102735947,1,0
3051,20177320666,102763902,1,0
3052,20177608888,102797349,1,0
3053,20177945000,102831856,1,0
3054,20178285111,102864902,1,0
3055,20178613666,102900698,1,0
3056,20178965555,102931131,1,0
3057,20179277111,102964988,1,0
3058,20179616111,102999490,1,0
3059,20179944555,103031373,1,0
3060,20180276000,103065761,1,0
3061,20180622111,103099463,1,0
3062,20180952444,103131948,1,0
3063,20181279444,103167604,1,0
3064,20181631111,103198766,1,0
3065,20181956444,103232566,1,0
3066,20182283000,103266408,1,0
3067,20182627555,103299246,1,0
3068,20182956000,103334170,1,0
3069,20183287111,103367771,1,0
3070,20183642666,103399766,1,0
3071,20183966000,103434472,1,0
3072,20184283555,103468286,1,0
3073,20184639111,103501070,1,0
3074,20184956444,103532529,1,0
3075,20185293222,103566156,1,0
3076,20185626333,103599095,1,0
3077,20185953000,103634709,1,0
3078,20186289000,103666162,1,0
3079,20186626222,103700017,1,0
3080,20186957555,103734960,1,0
3081,20187316555,103766017,1,0
3082,20187628444,103800225,1,0
3083,20187968111,103835828,1,0
3084,20188317777,103866259,1,0
3085,20188619111,103898359,1,0
3086,20188951000,103933755,1,0
3087,20189284444,103966729,1,0
3088,20189632111,104000467,1,0
3089,20189961222,104039382,1,0
3090,20190287555,104064790,1,0
3091,20190622000,104099262,1,0
3092,20190961111,104132140,1,0
3093,20191290000,104167733,1,0
3094,20191627555,104198878,1,0
3095,20191956555,104234591,1,0
3096,20192287888,104266243,1,0
3097,20192629000,104300143,1,0
3098,20192966111,104334657,1,0
3099,20193285111,104366604,1,0
3100,20193640555,104401565,1,0
3101,20193960555,104432687,1,0
3102,20194292111,104464646,1,0
3103,20194624555,104499290,1,0
3104,20194967555,104532621,1,0
3105,20195287000,104566715,1,0
3106,20195644888,104599528,1,0
3107,20195960444,104633334,1,0
3108,20196286222,104669970,1,0
3109,20196638111,104699704,1,0
3110,20196964000,104732411,1,0
3111,20197292666,104769131,1,0
3112,20197633666,104800031,1,0
3113,20197965000,104834633,1,0
3114,20198313555,104867596,1,0
3115,20198632555,104900941,1,0
3116,20198974666,104932538,1,0
3117,20199294666,104967403,1,0
3118,20199641000,104999507,1,0
3119,20199961555,105034602,1,0
3120,20200301888,105065579,1,0
3121,20200636555,105101005,1,0
3122,20200975888,105132824,1,0
3123,20201301888,105167912,1,0
3124,20201650555,105201347,1,0
3125,20201977555,105237470,1,0
3126,20202317555,105268416,1,0
3127,20202652111,105302948,1,0
3128,20202989777,105334509,1,0
3129,20203306555,105369001,1,0
3130,20203647111,105400842,1,0
3131,20203973666,105435010,1,0
3132,20204309555,105467224,1,0
3133,20204626888,105500043,1,0
3134,20204963000,105535121,1,0
3135,20205316111,105568747,1,0
3136,20205643444,105600698,1,0
3137,20205978111,105634963,1,0
3138,20206320444,105668148,1,0
3139,20206638777,105702319,1,0
3140,20206996444,105734054,1,0
3141,20207309111,105769870,1,0
3142,20207659777,105801856,1,0
3143,20207986111,105834159,1,0
3144,20208305000,105868906,1,0
3145,20208649444,105906363,1,0
3146,20209010111,105933466,1,0
3147,20209302666,105969062,1,0
3148,20209652555,106001458,1,0
3149,20209984111,106036550,1,0
3150,20210317111,106067941,1,0
3151,20210646333,106103015,1,0
3152,20210985555,106134154,1,0
3153,20211307000,106167968,1,0
3154,20211645000,106202349,1,0
3155,20211995888,106234149,1,0
3156,20212308777,106271510,1,0
3157,20212670111,106301861,1,0
3158,20212984444,106335296,1,0
3159,20213318111,106374038,1,0
3160,20213650666,106402386,1,0
3161,20213978444,106437506,1,0
3162,20214327666,106468665,1,0
3163,20214652888,106506979,1,0
3164,20215016333,106538304,1,0
3165,20215349777,106570641,1,0
3166,20215666555,106606947,1,0
3167,20216021222,106636255,1,0
3168,20216318111,106668402,1,0
3169,20216650555,106703310,1,0
3170,20217001888,106739337,1,0
3171,20217352111,106768981,1,0
3172,20217657555,106803418,1,0
3173,20218000000,106835287,1,0
3174,20218325888,106868827,1,0
3175,20218657111,106902349,1,0
3176,20218988555,106935716,1,0
3177,20219316000,106971459,1,0
3178,20219652111,107002612,1,0
3179,20219989111,107034627,1,0
3180,20220317555,107067614,1,0
3181,20220649333,107103413,1,0
3182,20220995444,107135138,1,0
3183,20221325888,107170598,1,0
3184,20221679555,107203731,1,0
3185,20222004777,107234795,1,0
3186,20222315111,107270209,1,0
3187,20222665666,107305571,1,0
3188,20223015000,107334650,1,0
3189,20223320111,107372879,1,0
3190,20223702111,107404198,1,0
3191,20223992666,107436994,1,0
3192,20224328222,107469589,1,0
3193,20224660555,107501899,1,0
3194,20224997000,107534106,1,0
3195,20225315222,107571600,1,0
3196,20225691555,107603626,1,0
3197,20226005444,107635012,1,0
3198,20226319888,107670127,1,0
3199,20226657000,107702988,1,0
3200,20226994666,107735320,1,0
3201,20227321777,107770625,1,0
3202,20227669000,107802244,1,0
3203,20227987000,107836054,1,0
3204,20228328333,107869652,1,0
3205,20228659222,107906937,1,0
3206,20229003777,107936899,1,0
3207,20229330777,107969769,1,0
3208,20229662666,108003438,1,0
3209,20230008000,108037002,1,0
3210,20230341000,108069527,1,0
3211,20230663111,108103501,1,0
3212,20230995888,108138602,1,0
3213,20231352111,108171768,1,0
3214,20231668666,108206252,1,0
3215,20232030555,108238093,1,0
3216,20232345666,108268864,1,0
3217,20232661222,108303091,1,0
3218,20232999000,108338260,1,0
3219,20233349444,108371716,1,0
3220,20233675777,108404218,1,0
3221,20234006000,108439363,1,0
3222,20234358555,108471286,1,0
3223,20234674888,108504941,1,0
3224,20235010888,108536990,1,0
3225,20235338000,108570513,1,0
3226,20235670111,108605313,1,0
3227,20236011333,108638004,1,0
3228,20236337555,108668779,1,0
3229,20236663333,108705716,1,0
3230,20237012555,108738251,1,0
3231,20237341000,108769616,1,0
3232,20237667000,108805122,1,0
3233,20238016555,108844135,1,0
3234,20238398555,108870234,1,0
3235,20238669444,108904177,1,0
3236,20239007000,108937625,1,0
3237,20239341000,108973509,1,0
3238,20239694666,109003032,1,0
3239,20240001888,109037606,1,0
3240,20240343666,109072117,1,0
3241,20240677555,109104138,1,0
3242,20241002444,109137669,1,0
3243,20241342000,109172377,1,0
3244,20241682555,109204181,1,0
3245,20242009666,109239690,1,0
3246,20242359555,109271593,1,0
3247,20242683222,109306079,1,0
3248,20243020666,109338956,1,0
3249,20243350777,109371311,1,0
3250,20243683333,109404392,1,0
3251,20244012888,109437575,1,0
3252,20244342888,109473113,1,0
3253,20244696888,109504583,1,0
3254,20245009000,109539877,1,0
3255,20245347777,109571511,1,0
3256,20245684555,109605335,1,0
3257,20246023222,109639681,1,0
3258,20246360777,109670929,1,0
3259,20246681888,109705779,1,0
3260,20247018000,109736677,1,0
3261,20247342444,109772446,1,0
3262,20247685111,109805539,1,0
3263,20248023111,109839328,1,0
3264,20248351444,109873510,1,0
3265,20248680444,109905908,1,0
3266,20249018111,109939663,1,0
3267,20249357555,109973260,1,0
3268,20249689666,110007888,1,0
3269,20250025111,110037652,1,0
3270,20250347000,110072233,1,0
3271,20250693333,110111439,1,0
3272,20251072666,110138172,1,0
3273,20251343888,110172822,1,0
3274,20251685666,110206538,1,0
3275,20252030222,110240168,1,0
3276,20252359888,110272093,1,0
3277,20252685111,110306706,1,0
3278,20253030000,110337744,1,0
3279,20253346333,110371155,1,0
3280,20253678555,110403991,1,0
3281,20254015333,110439340,1,0
3282,20254354444,110475146,1,0
3283,20254710777,110506769,1,0
3284,20255030222,110538884,1,0
3285,20255356111,110574763,1,0
3286,20255705555,110605743,1,0
3287,20256024555,110637459,1,0
3288,20256346222,110674559,1,0
3289,20256692555,110707069,1,0
3290,20257030000,110740919,1,0
3291,20257368888,110773905,1,0
3292,20257701888,110805381,1,0
3293,20258022222,110839661,1,0
3294,20258367777,110874208,1,0
3295,20258713444,110906197,1,0
3296,20259022888,110940334,1,0
3297,20259353888,110972850,1,0
3298,20259691111,111006750,1,0
3299,20260035888,111038547,1,0
3300,20260354333,111073839,1,0
3301,20260697444,111106210,1,0
3302,20261033777,111138043,1,0
3303,20261354222,111173858,1,0
3304,20261693888,111205502,1,0
3305,20262026222,111238869,1,0
3306,20262357555,111273372,1,0
3307,20262708000,111306678,1,0
3308,20263030555,111339542,1,0
3309,20263363333,111377224,1,0
3310,20263728444,111407594,1,0
3311,20264030888,111440133,1,0
3312,20264366222,111472699,1,0
3313,20264697444,111510431,1,0
3314,20265029666,111539183,1,0
3315,20265357222,111573491,1,0
3316,20265699111,111608428,1,0
3317,20266047888,111642025,1,0
3318,20266371555,111674570,1,0
3319,20266704333,111705655,1,0
3320,20267026888,111741423,1,0
3321,20267363111,111774022,1,0
3322,20267703444,111806834,1,0
3323,20268040666,111839407,1,0
3324,20268367000,111873259,1,0
3325,20268705444,111905797,1,0
3326,20269032555,111939921,1,0
3327,20269370555,111972997,1,0
3328,20269698777,112007286,1,0
3329,20270039444,112038825,1,0
3330,20270364222,112074160,1,0
3331,20270711111,112107233,1,0
3332,20271039888,112139629,1,0
3333,20271365666,112176138,1,0
3334,20271722888,112215593,1,0
3335,20272102000,112239981,1,0
3336,20272367555,112274161,1,0
3337,20272707777,112309479,1,0
3338,20273057000,112341070,1,0
3339,20273376111,112373709,1,0
3340,20273710111,112407991,1,0
3341,20274050666,112443110,1,0
3342,20274382333,112473497,1,0
3343,20274708333,112507643,1,0
3344,20275046444,112540492,1,0
3345,20275365000,112576073,1,0
3346,20275711888,112608528,1,0
3347,20276054000,112641581,1,0
3348,20276380000,112674717,1,0
3349,20276711444,112708234,1,0
3350,20277055111,112741159,1,0
3351,20277375555,112774511,1,0
3352,20277712111,112810098,1,0
3353,20278054444,112842890,1,0
3354,20278391777,112875312,1,0
3355,20278717000,112908474,1,0
3356,20279045666,112941431,1,0
3357,20279378333,112975971,1,0
3358,20279719555,113009395,1,0
3359,20280051111,113043449,1,0
3360,20280396888,113075238,1,0
3361,20280723666,113109455,1,0
3362,20281059000,113141549,1,0
3363,20281384333,113174715,1,0
3364,20281714555,113208339,1,0
3365,20282050444,113241479,1,0
3366,20282382888,113275698,1,0
3367,20282714555,113309746,1,0
3368,20283056888,113341517,1,0
3369,20283383777,113376216,1,0
3370,20283727888,113408972,1,0
3371,20284053444,113443577,1,0
3372,20284408222,113475220,1,0
3373,20284723111,113510743,1,0
3374,20285059444,113544264,1,0
3375,20285394222,113576016,1,0
3376,20285728555,113610761,1,0
3377,20286070777,113641758,1,0
3378,20286385666,113684087,1,0
3379,20286760222,113709083,1,0
3380,20287065000,113741730,1,0
3381,20287378444,113776847,1,0
3382,20287726888,113810465,1,0
3383,20288068111,113842603,1,0
3384,20288391777,113877585,1,0
3385,20288738444,113908129,1,0
3386,20289054111,113941232,1,0
3387,20289385333,113977179,1,0
3388,20289733333,114008457,1,0
3389,20290058000,114041212,1,0
3390,20290387444,114077301,1,0
3391,20290734777,114110727,1,0
3392,20291070000,114143811,1,0
3393,20291400666,114181387,1,0
3394,20291757111,114213240,1,0
3395,20292088333,114243430,1,0
3396,20292398777,114275808,1,0
3397,20292719444,114311353,1,0
3398,20293080555,114344347,1,0
3399,20293399000,114375874,1,0
3400,20293732444,114408454,1,0
3401,20294049000,114450301,1,0
3402,20294442111,114478032,1,0
3403,20294737555,114509610,1,0
3404,20295060000,114548081,1,0
3405,20295420666,114575851,1,0
3406,20295726111,114609062,1,0
3407,20296065444,114643345,1,0
3408,20296398555,114676044,1,0
3409,20296729777,114708328,1,0
3410,20297058777,114743121,1,0
3411,20297396333,114776773,1,0
3412,20297738666,114810098,1,0
3413,20298061555,114844774,1,0
3414,20298411222,114876159,1,0
3415,20298727777,114910573,1,0
3416,20299063000,114944291,1,0
3417,20299405111,114976622,1,0
3418,20299733222,115009438,1,0
3419,20300067888,115042382,1,0
3420,20300396555,115076427,1,0
3421,20300727333,115112461,1,0
3422,20301077555,115147302,1,0
3423,20301430555,115178685,1,0
3424,20301747000,115211121,1,0
3425,20302075111,115243456,1,0
3426,20302398888,115277642,1,0
3427,20302735555,115311762,1,0
3428,20303081333,115343273,1,0
3429,20303400000,115377527,1,0
3430,20303741888,115411275,1,0
3431,20304075777,115444347,1,0
3432,20304405777,115479315,1,0
3433,20304755111,115512875,1,0
3434,20305082333,115543910,1,0
3435,20305400444,115579284,1,0
3436,20305754888,115611771,1,0
3437,20306071111,115644278,1,0
3438,20306409333,115678147,1,0
3439,20306749888,115710829,1,0
3440,20307078444,115744539,1,0
3441,20307408888,115784327,1,0
3442,20307800000,115810682,1,0
3443,20308067444,115846960,1,0
3444,20308428000,115879123,1,0
3445,20308736333,115912557,1,0
3446,20309078888,115943826,1,0
3447,20309410222,115978427,1,0
3448,20309748444,116011060,1,0
3449,20310070333,116045892,1,0
3450,20310420333,116082143,1,0
3451,20310745444,116110067,1,0
3452,20311069333,116145789,1,0
3453,20311423333,116179537,1,0
3454,20311747111,116213890,1,0
3455,20312085000,116246768,1,0
3456,20312438222,116278323,1,0
3457,20312740444,116316342,1,0
3458,20313104888,116343954,1,0
3459,20313407444,116379572,1,0
3460,20313755000,116417519,1,0
3461,20314140222,116444936,1,0
3462,20314414555,116478832,1,0
3463,20314750222,116513521,1,0
3464,20315097444,116546901,1,0
3465,20315429000,116581084,1,0
3466,20315755777,116615806,1,0
3467,20316121555,116645164,1,0
3468,20316413000,116682354,1,0
3469,20316747888,116714716,1,0
3470,20317116333,116745116,1,0
3471,20317414333,116782564,1,0
3472,20317762000,116812889,1,0
3473,20318090111,116847178,1,0
3474,20318429555,116880217,1,0
3475,20318769000,116914533,1,0
3476,20319087333,116945132,1,0
3477,20319417333,116978513,1,0
3478,20319749666,117014412,1,0
3479,20320093333,117044530,1,0
3480,20320422333,117080601,1,0
3481,20320771000,117112017,1,0
3482,20321084555,117144944,1,0
3483,20321417777,117182321,1,0
3484,20321783000,117212895,1,0
3485,20322089444,117248934,1,0
3486,20322418333,117279437,1,0
3487,20322759555,117313378,1,0
3488,20323094555,117345143,1,0
3489,20323421777,117382764,1,0
3490,20323784888,117411234,1,0
3491,20324085777,117448229,1,0
3492,20324434888,117478440,1,0
3493,20324755444,117512224,1,0
3494,20325092888,117546219,1,0
3495,20325424222,117583022,1,0
3496,20325759666,117613258,1,0
3497,20326095000,117652828,1,0
3498,20326422666,117686321,1,0
3499,20326761000,117721260,1,0
3500,20327087333,117750527,1,0
3501,20327417666,117783880,1,0
3502,20327759444,117813764,1,0
3503,20328091111,117848246,1,0
3504,20328429555,117880015,1,0
3505,20328761111,117914008,1,0
3506,20329093888,117948441,1,0
3507,20329435000,117981598,1,0
3508,20329769444,118017166,1,0
3509,20330135333,118047156,1,0
3510,20330432222,118079866,1,0
3511,20330759777,118112670,1,0
3512,20331099444,118148507,1,0
3513,20331437000,118181539,1,0
3514,20331768444,118217048,1,0
3515,20332109111,118246932,1,0
3516,20332433000,118278803,1,0
3517,20332760000,118315098,1,0
3518,20333108000,118346356,1,0
3519,20333421555,118378930,1,0
3520,20333762777,118416650,1,0
3521,20334118555,118447546,1,0
3522,20334435000,118480180,1,0
3523,20334766555,118515608,1,0
3524,20335119666,118546718,1,0
3525,20335430222,118580435,1,0
3526,20335762333,118616043,1,0
3527,20336116555,118647349,1,0
3528,20336432444,118680621,1,0
3529,20336768777,118713268,1,0
3530,20337100555,118749475,1,0
3531,20337452111,118783597,1,0
3532,20337794111,118817082,1,0
3533,20338112555,118847751,1,0
3534,20338438888,118882422,1,0
3535,20338767111,118914969,1,0
3536,20339109444,118946256,1,0
3537,20339432333,118981978,1,0
3538,20339775222,119013897,1,0
3539,20340098000,119047196,1,0
3540,20340438444,119081932,1,0
3541,20340787000,119115791,1,0
3542,20341114555,119148290,1,0
3543,20341449111,119184581,1,0
3544,20341809333,119213235,1,0
3545,20342102666,119247261,1,0
3546,20342437111,119282837,1,0
3547,20342798555,119313825,1,0
3548,20343107444,119349848,1,0
3549,20343455888,119381210,1,0
3550,20343778888,119414381,1,0
3551,20344108000,119448336,1,0
3552,20344446666,119483254,1,0
3553,20344794555,119514572,1,0
3554,20345113222,119546238,1,0
3555,20345439888,119588960,1,0
3556,20345811222,119616644,1,0
3557,20346131000,119650713,1,0
3558,20346457444,119681522,1,0
3559,20346781555,119717705,1,0
3560,20347140444,119749200,1,0
3561,20347455000,119785107,1,0
3562,20347815444,119818247,1,0
3563,20348142555,119850109,1,0
3564,20348460444,119881012,1,0
3565,20348785777,119914565,1,0
3566,20349121222,119949534,1,0
3567,20349451444,119981640,1,0
3568,20349792888,120014907,1,0
3569,20350117111,120048377,1,0
3570,20350449555,120080486,1,0
3571,20350778666,120119322,1,0
3572,20351157444,120151213,1,0
3573,20351450000,120180114,1,0
3574,20351778888,120215870,1,0
3575,20352124555,120249049,1,0
3576,20352454444,120284689,1,0
3577,20352789111,120315856,1,0
3578,20353119444,120348361,1,0
3579,20353447000,120382935,1,0
3580,20353788666,120416784,1,0
3581,20354128111,120448793,1,0
3582,20354448888,120484822,1,0
3583,20354814444,120517040,1,0
3584,20355127000,120549215,1,0
3585,20355461222,120584859,1,0
3586,20355791000,120617040,1,0
3587,20356129222,120648998,1,0
3588,20356453333,120682845,1,0
3589,20356792111,120716861,1,0
3590,20357126000,120749051,1,0
3591,20357453111,120784204,1,0
3592,20357808000,120816643,1,0
3593,20358127555,120848840,1,0
3594,20358454444,120883385,1,0
3595,20358790333,120917088,1,0
3596,20359129000,120950785,1,0
3597,20359471222,120983234,1,0
3598,20359788222,121018027,1,0
3599,20360142444,121050892,1,0
3600,20360472666,121082408,1,0
3601,20360789444,121116011,1,0
3602,20361130555,121150386,1,0
3603,20361462111,121183278,1,0
3604,20361794111,121219337,1,0
3605,20362141888,121250537,1,0
3606,20362464444,121283543,1,0
3607,20362797000,121317537,1,0
3608,20363135111,121350775,1,0
3609,20363467777,121383450,1,0
3610,20363798111,121420327,1,0
3611,20364155000,121451036,1,0
3612,20364462555,121483701,1,0
3613,20364801777,121518924,1,0
3614,20365148555,121548846,1,0
3615,20365460888,121582595,1,0
3616,20365794222,121624071,1,0
3617,20366149777,121654046,1,0
3618,20366466333,121685985,1,0
3619,20366808444,121718193,1,0
3620,20367144111,121750037,1,0
3621,20367464777,121784380,1,0
3622,20367807000,121817405,1,0
3623,20368146222,121851095,1,0
3624,20368473444,121885889,1,0
3625,20368812000,121916916,1,0
3626,20369127555,121950060,1,0
3627,20369465555,121984834,1,0
3628,20369798777,122016378,1,0
3629,20370131888,122049844,1,0
3630,20370469555,122085432,1,0
3631,20370815000,122117451,1,0
3632,20371138111,122152030,1,0
3633,20371468666,122184203,1,0
3634,20371801333,122217840,1,0
3635,20372134555,122250739,1,0
3636,20372474555,122284817,1,0
3637,20372810666,122318060,1,0
3638,20373146444,122352381,1,0
3639,20373483777,122383567,1,0
3640,20373807000,122417486,1,0
3641,20374147444,122449423,1,0
3642,20374467555,122485136,1,0
3643,20374810444,122519021,1,0
3644,20375149444,122552750,1,0
3645,20375485444,122585639,1,0
3646,20375821333,122619489,1,0
3647,20376151555,122652857,1,0
3648,20376478111,122684236,1,0
3649,20376807333,122718542,1,0
3650,20377147666,122751657,1,0
3651,20377483666,122785620,1,0
3652,20377814222,122818135,1,0
3653,20378147555,122853245,1,0
3654,20378490000,122885374,1,0
3655,20378813777,122918838,1,0
3656,20379151111,122952641,1,0
3657,20379488555,122984716,1,0
3658,20379810888,123017191,1,0
3659,20380147444,123050483,1,0
3660,20380481222,123084618,1,0
3661,20380816888,123118071,1,0
3662,20381150666,123151264,1,0
3663,20381477000,123185166,1,0
3664,20381819444,123217938,1,0
3665,20382148222,123253829,1,0
3666,20382498555,123285578,1,0
3667,20382818444,123319797,1,0
3668,20383155444,123353087,1,0
3669,20383487666,123384636,1,0
3670,20383815333,123420152,1,0
3671,20384165444,123451430,1,0
3672,20384478777,123485174,1,0
3673,20384822000,123519261,1,0
3674,20385154000,123555970,1,0
3675,20385516111,123586402,1,0
3676,20385825222,123620289,1,0
3677,20386165444,123651125,1,0
3678,20386480444,123687583,1,0
3679,20386831111,123719153,1,0
3680,20387158666,123752575,1,0
3681,20387489555,123787663,1,0
3682,20387825000,123818717,1,0
3683,20388151111,123853765,1,0
3684,20388493111,123885982,1,0
3685,20388822222,123918284,1,0
3686,20389150555,123951631,1,0
3687,20389487777,123985818,1,0
3688,20389823333,124019301,1,0
3689,20390162777,124054037,1,0
3690,20390503333,124086172,1,0
3691,20390825777,124118860,1,0
3692,20391157888,124152922,1,0
3693,20391488888,124188377,1,0
3694,20391845444,124220163,1,0
3695,20392163555,124253568,1,0
3696,20392493444,124286720,1,0
3697,20392832000,124322027,1,0
3698,20393164555,124351536,1,0
3699,20393487000,124402077,1,0
3700,20393968000,124423922,1,0
3701,20394178222,124455006,1,0
3702,20394515333,124491103,1,0
3703,20394863666,124521138,1,0
3704,20395173888,124553595,1,0
3705,20395499888,124587518,1,0
3706,20395842444,124622196,1,0
3707,20396171222,124653674,1,0
3708,20396507666,124687165,1,0
3709,20396835333,124722145,1,0
3710,20397184333,124752886,1,0
3711,20397495666,124787934,1,0
3712,20397845555,124822517,1,0
3713,20398181555,124857865,1,0
3714,20398545333,124886767,1,0
3715,20398835333,124920457,1,0
3716,20399169333,124955352,1,0
3717,20399506888,124986761,1,0
3718,20399830555,125026329,1,0
3719,20400222555,125052626,1,0
3720,20400485444,125085825,1,0
3721,20400830777,125120913,1,0
3722,20401169333,125156461,1,0
3723,20401500666,125187275,1,0
3724,20401830333,125219788,1,0
3725,20402167444,125254186,1,0
3726,20402516222,125288978,1,0
3727,20402844666,125320740,1,0
3728,20403172888,125354217,1,0
3729,20403497555,125387374,1,0
3730,20403832777,125425495,1,0
3731,20404198000,125453489,1,0
3732,20404504555,125487208,1,0
3733,20404836222,125522209,1,0
3734,20405175666,125554977,1,0
3735,20405508555,125588872,1,0
3736,20405850333,125622648,1,0
3737,20406188555,125657289,1,0
3738,20406524555,125688920,1,0
3739,20406850888,125723886,1,0
3740,20407198000,125756115,1,0
3741,20407518555,125789426,1,0
3742,20407856888,125820965,1,0
3743,20408177666,125855545,1,0
3744,20408518555,125888963,1,0
3745,20408847444,125922943,1,0
3746,20409190444,125955849,1,0
3747,20409515111,125991668,1,0
3748,20409875555,126022862,1,0
3749,20410201888,126057274,1,0
3750,20410537555,126088693,1,0
3751,20410845666,126122617,1,0
3752,20411181222,126154531,1,0
3753,20411518666,126188790,1,0
3754,20411845444,126223099,1,0
3755,20412191000,126254320,1,0
3756,20412510666,126291625,1,0
3757,20412874333,126325282,1,0
3758,20413218111,126355320,1,0
3759,20413510888,126388221,1,0
3760,20413849444,126423334,1,0
3761,20414198333,126456289,1,0
3762,20414523444,126487984,1,0
3763,20414840777,126521655,1,0
3764,20415180666,126554035,1,0
3765,20415513555,126587709,1,0
3766,20415844333,126623842,1,0
3767,20416201111,126653826,1,0
3768,20416512111,126687366,1,0
3769,20416840666,126722885,1,0
3770,20417196222,126754959,1,0
3771,20417515222,126790502,1,0
3772,20417870555,126823385,1,0
3773,20418185000,126858988,1,0
3774,20418548555,126888140,1,0
3775,20418842444,126923719,1,0
3776,20419197444,126956007,1,0
3777,20419525444,127025238,1,0
3778,20420209888,127097935,1,0
3779,20420209888,127108839,1,0
3780,20420209888,127119471,1,0
3781,20420853888,127134812,1,0
3782,20421191888,127154591,1,0
3783,20421518444,127188526,1,0
3784,20421853888,127226413,1,0
3785,20422227555,127257021,1,0
3786,20422535111,127288637,1,0
3787,20422851333,127322744,1,0
3788,20423200333,127354948,1,0
3789,20423518333,127389295,1,0
3790,20423864222,127422716,1,0
3791,20424199333,127455969,1,0
3792,20424519888,127488730,1,0
3793,20424854555,127524110,1,0
3794,20425197111,127557392,1,0
3795,20425526000,127589275,1,0
3796,20425863444,127623836,1,0
3797,20426200333,127657640,1,0
3798,20426538111,127688711,1,0
3799,20426860000,127725966,1,0
3800,20427197111,127755921,1,0
3801,20427523111,127790128,1,0
3802,20427867555,127823512,1,0
3803,20428200555,127859829,1,0
3804,20428562888,127890090,1,0
3805,20428867888,127922803,1,0
3806,20429193000,127955670,1,0
3807,20429529777,127990636,1,0
3808,20429863444,128024558,1,0
3809,20430205777,128058489,1,0
3810,20430545444,128090607,1,0
3811,20430870888,128123954,1,0
3812,20431203000,128157811,1,0
3813,20431534000,128190383,1,0
3814,20431868333,128224718,1,0
3815,20432210555,128256543,1,0
3816,20432535888,128289070,1,0
3817,20432861888,128324077,1,0
3818,20433205000,128356937,1,0
3819,20433528222,128393332,1,0
3820,20433885000,128423747,1,0
3821,20434198666,128458690,1,0
3822,20434546222,128490077,1,0
3823,20434867000,128524908,1,0
3824,20435207888,128557286,1,0
3825,20435539000,128591027,1,0
3826,20435874888,128624483,1,0
3827,20436205000,128658005,1,0
3828,20436541444,128691202,1,0
3829,20436870000,128723094,1,0
3830,20437198666,128761333,1,0
3831,20437553333,128791021,1,0
3832,20437871555,128824597,1,0
3833,20438202666,128859763,1,0
3834,20438559444,128891843,1,0
3835,20438881555,128925641,1,0
3836,20439206888,128958196,1,0
3837,20439542777,128992629,1,0
3838,20439887555,129029231,1,0
3839,20440218555,129057481,1,0
3840,20440537888,129090077,1,0
3841,20440870111,129126466,1,0
3842,20441215333,129158984,1,0
3843,20441545111,129191370,1,0
3844,20441875111,129226783,1,0
3845,20442222111,129260584,1,0
3846,20442572000,129291079,1,0
3847,20442873333,129326103,1,0
3848,20443216222,129358752,1,0
3849,20443548555,129392672,1,0
3850,20443880777,129425903,1,0
3851,20444217777,129458038,1,0
3852,20444542555,129491839,1,0
3853,20444879555,129528253,1,0
3854,20445226333,129559392,1,0
3855,20445553555,129593363,1,0
3856,20445885111,129627286,1,0
3857,20446223888,129661602,1,0
3858,20446563222,129690791,1,0
3859,20446877111,129726545,1,0
3860,20447230222,129760133,1,0
3861,20447543000,129793740,1,0
3862,20447893222,129825468,1,0
3863,20448221222,129859723,1,0
3864,20448559333,129893455,1,0
3865,20448882111,129926561,1,0
3866,20449225555,129959891,1,0
3867,20449561222,129993640,1,0
3868,20449889555,130027432,1,0
3869,20450226111,130065748,1,0
3870,20450574555,130095425,1,0
3871,20450886777,130126801,1,0
3872,20451230333,130160267,1,0
3873,20451556888,130193185,1,0
3874,20451898111,130226480,1,0
3875,20452230666,130268106,1,0
3876,20452595555,130291492,1,0
3877,20452888444,130327389,1,0
3878,20453225111,130361917,1,0
3879,20453556888,130392627,1,0
3880,20453890888,130425700,1,0
3881,20454220000,130463100,1,0
3882,20454595222,130495938,1,0
3883,20454932333,130525795,1,0
3884,20455232000,130560880,1,0
3885,20455569555,130592842,1,0
3886,20455894444,130626874,1,0
3887,20456235888,130659023,1,0
3888,20456553111,130694237,1,0
3889,20456890333,130728519,1,0
3890,20457248444,130758897,1,0
3891,20457553111,130792929,1,0
3892,20457894777,130827733,1,0
3893,20458245333,130863329,1,0
3894,20458593555,130890447,1,0
3895,20458875333,130925014,1,0
3896,20459216222,130960772,1,0
3897,20459567444,130993391,1,0
3898,20459896888,131030145,1,0
3899,20460212666,131059612,1,0
3900,20460563000,131091743,1,0
3901,20460885444,131127528,1,0
3902,20461239444,131161083,1,0
3903,20461556333,131193067,1,0
3904,20461887555,131227478,1,0
3905,20462238444,131261761,1,0
3906,20462576444,131294697,1,0
3907,20462899444,131326080,1,0
3908,20463234444,131359331,1,0
3909,20463557000,131393212,1,0
3910,20463901555,131426980,1,0
3911,20464238333,131460220,1,0
3912,20464568000,131492934,1,0
3913,20464898000,131527666,1,0
3914,20465238888,131560105,1,0
3915,20465556555,131592075,1,0
3916,20465894333,131628520,1,0
3917,20466246333,131661483,1,0
3918,20466582666,131698839,1,0
3919,20466918333,131728708,1,0
3920,20467237777,131764008,1,0
3921,20467599777,131795530,1,0
3922,20467914111,131827867,1,0
3923,20468243555,131860214,1,0
3924,20468569888,131893120,1,0
3925,20468900888,131927023,1,0
3926,20469237333,131963357,1,0
3927,20469594333,131993188,1,0
3928,20469908444,132028424,1,0
3929,20470240000,132060253,1,0
3930,20470576000,132093913,1,0
3931,20470905000,132130107,1,0
3932,20471262444,132158760,1,0
3933,20471561000,132194462,1,0
3934,20471906111,132228490,1,0
3935,20472245888,132259743,1,0
3936,20472565444,132293547,1,0
3937,20472903888,132327548,1,0
3938,20473244333,132361605,1,0
3939,20473576444,132393928,1,0
3940,20473916777,132428912,1,0
3941,20474247888,132462418,1,0
3942,20474589666,132493702,1,0
3943,20474900777,132530230,1,0
3944,20475268111,132561365,1,0
3945,20475573555,132597329,1,0
3946,20475942555,132629073,1,0
3947,20476254333,132664206,1,0
3948,20476575777,132698766,1,0
3949,20476913333,132730544,1,0
3950,20477249333,132760940,1,0
3951,20477578222,132795647,1,0
3952,20477921555,132830200,1,0
3953,20478243333,132862361,1,0
3954,20478596888,132896555,1,0
3955,20478922444,132927938,1,0
3956,20479245111,132961948,1,0
3957,20479582555,132996789,1,0
3958,20479928666,133027718,1,0
3959,20480255444,133061410,1,0
3960,20480583000,133094387,1,0
3961,20480905555,133131220,1,0
3962,20481274555,133161137,1,0
3963,20481578222,133198121,1,0
3964,20481945000,133230927,1,0
3965,20482275333,133263121,1,0
3966,20482589333,133296001,1,0
3967,20482926888,133329128,1,0
3968,20483252555,133362719,1,0
3969,20483580222,133395617,1,0
3970,20483917111,133428980,1,0
3971,20484260555,133461203,1,0
3972,20484582222,133494700,1,0
3973,20484912555,133529070,1,0
3974,20485261333,133561000,1,0
3975,20485576555,133596750,1,0
3976,20485926111,133628025,1,0
3977,20486252777,133663393,1,0
3978,20486599000,133695356,1,0
3979,20486919666,133729940,1,0
3980,20487262555,133762909,1,0
3981,20487590000,133796451,1,0
3982,20487930666,133831596,1,0
3983,20488274888,133870204,1,0
3984,20488667333,133895903,1,0
3985,20488923000,133930060,1,0
3986,20489255333,133963191,1,0
3987,20489594444,133995844,1,0
3988,20489918444,134030382,1,0
3989,20490267000,134066542,1,0
3990,20490626444,134096628,1,0
3991,20490931111,134130483,1,0
3992,20491269111,134162297,1,0
3993,20491581222,134195574,1,0
3994,20491919111,134229977,1,0
3995,20492260222,134262699,1,0
3996,20492588000,134296388,1,0
3997,20492922111,134331281,1,0
3998,20493280444,134361596,1,0
3999,20493580777,134396764,1,0
4000,20493930444,134429823,1,0
4001,20494263444,134462221,1,0
4002,20494595444,134496668,1,0
4003,20494929888,134530913,1,0
4004,20495265333,134563346,1,0
4005,20495592111,134596859,1,0
4006,20495931777,134630921,1,0
4007,20496277777,134663515,1,0
4008,20496603777,134696652,1,0
4009,20496933555,134730491,1,0
4010,20497268000,134763476,1,0
4011,20497597777,134800009,1,0
4012,20497933111,134829835,1,0
4013,20498269111,134864738,1,0
4014,20498613777,134896410,1,0
4015,20498934888,134930347,1,0
4016,20499268555,134964200,1,0
4017,20499602555,134997074,1,0
4018,20499938888,135030430,1,0
4019,20500270111,135063374,1,0
4020,20500599777,135096320,1,0
4021,20500928000,135129900,1,0
4022,20501270111,135164683,1,0
4023,20501611888,135197122,1,0
4024,20501936888,135230727,1,0
4025,20502265444,135265235,1,0
4026,20502622555,135297756,1,0
4027,20502937333,135338885,1,0
4028,20503346666,135363917,1,0
4029,20503606000,135396582,1,0
4030,20503932000,135429424,1,0
4031,20504269444,135464884,1,0
4032,20504599555,135497206,1,0
4033,20504937555,135530381,1,0
4034,20505273000,135563016,1,0
4035,20505595555,135597590,1,0
4036,20505940555,135630851,1,0
4037,20506281222,135666885,1,0
4038,20506621888,135697318,1,0
4039,20506931111,135730782,1,0
4040,20507274888,135765482,1,0
4041,20507618777,135798219,1,0
4042,20507942555,135830321,1,0
4043,20508276333,135865301,1,0
4044,20508629000,135897488,1,0
4045,20508940555,135931225,1,0
4046,20509279444,135966306,1,0
4047,20509628555,135999013,1,0
4048,20509946222,136031338,1,0
4049,20510283555,136066169,1,0
4050,20510624444,136097563,1,0
4051,20510936888,136132026,1,0
4052,20511290444,136165486,1,0
4053,20511618444,136197794,1,0
4054,20511948555,136230389,1,0
4055,20512275777,136267107,1,0
4056,20512631333,136298897,1,0
4057,20512948333,136331134,1,0
4058,20513285555,136363877,1,0
4059,20513606111,136400667,1,0
4060,20513965111,136431684,1,0
4061,20514290000,136465735,1,0
4062,20514622555,136499203,1,0
4063,20514953999,136533421,1,0
4064,20515298888,136564720,1,0
4065,20515614000,136598017,1,0
4066,20515954444,136631735,1,0
4067,20516287333,136664355,1,0
4068,20516615555,136698202,1,0
4069,20516947888,136731449,1,0
4070,20517288222,136764247,1,0
4071,20517616111,136798859,1,0
4072,20517957555,136832974,1,0
4073,20518303777,136866345,1,0
4074,20518635000,136898666,1,0
4075,20518963444,136931568,1,0
4076,20519285666,136965498,1,0
4077,20519619888,136999155,1,0
4078,20519959888,137035108,1,0
4079,20520317000,137065323,1,0
4080,20520625777,137099594,1,0
4081,20520958777,137132742,1,0
4082,20521288333,137165963,1,0
4083,20521632000,137199354,1,0
4084,20521965444,137232339,1,0
4085,20522289888,137265486,1,0
4086,20522623555,137300243,1,0
4087,20522978666,137365615,1,0
4088,20523622888,137443201,1,0
4089,20523622888,137453954,1,0
4090,20523622888,137464790,1,0
4091,20524284888,137480943,1,0
4092,20524624000,137502788,1,0
4093,20524965222,137533123,1,0
4094,20525295000,137569069,1,0
4095,20525623777,137600450,1,0
4096,20525962444,137633075,1,0
4097,20526298111,137667105,1,0
4098,20526633666,137699698,1,0
4099,20526963666,137732910,1,0
4100,20527294222,137766874,1,0
4101,20527634111,137800329,1,0
4102,20527964111,137833699,1,0
4103,20528300777,137868433,1,0
4104,20528655333,137898476,1,0
4105,20528959333,137932988,1,0
4106,20529292999,137965798,1,0
4107,20529630333,137999447,1,0
4108,20529969333,138032453,1,0
4109,20530295888,138066154,1,0
4110,20530633333,138098638,1,0
4111,20530963000,138132295,1,0
4112,20531298333,138166700,1,0
4113,20531636333,138200262,1,0
4114,20531965222,138232057,1,0
4115,20532300000,138266164,1,0
4116,20532633000,138299215,1,0
4117,20532960111,138334387,1,0
4118,20533310555,138366617,1,0
4119,20533637777,138399052,1,0
4120,20533964333,138433757,1,0
4121,20534304444,138468607,1,0
4122,20534656888,138500156,1,0
4123,20534967888,138535509,1,0
4124,20535318555,138566905,1,0
4125,20535630333,138600113,1,0
4126,20535970888,138635253,1,0
4127,20536316888,138666727,1,0
4128,20536632888,138700383,1,0
4129,20536972000,138734562,1,0
4130,20537311888,138766525,1,0
4131,20537632000,138800391,1,0
4132,20537976444,138832313,1,0
4133,20538299777,138868765,1,0
4134,20538653222,138899631,1,0
4135,20538972222,138934608,1,0
4136,20539312888,138968791,1,0
4137,20539644777,139001388,1,0
4138,20539983222,139034993,1,0
4139,20540315555,139066878,1,0
4140,20540633444,139100618,1,0
4141,20540972444,139135596,1,0
4142,20541320111,139167692,1,0
4143,20541640666,139201363,1,0
4144,20541979666,139235758,1,0
4145,20542318888,139269346,1,0
4146,20542654555,139301665,1,0
4147,20542986444,139335378,1,0
4148,20543319444,139369044,1,0
4149,20543652444,139401383,1,0
4150,20543987444,139435940,1,0
4151,20544320888,139467837,1,0
4152,20544646111,139501859,1,0
4153,20544985555,139538356,1,0
4154,20545346111,139569201,1,0
4155,20545656888,139604649,1,0
4156,20546008222,139635523,1,0
4157,20546323333,139668403,1,0
4158,20546650888,139703003,1,0
4159,20546989777,139734257,1,0
4160,20547314777,139767130,1,0
4161,20547640333,139802193,1,0
4162,20547986777,139835998,1,0
4163,20548326333,139868791,1,0
4164,20548654444,139902057,1,0
4165,20548978222,139935360,1,0
4166,20549318666,139969123,1,0
4167,20549653222,140000527,1,0
4168,20549981888,140036187,1,0
4169,20550325666,140068533,1,0
4170,20550661777,140101812,1,0
4171,20550985555,140137264,1,0
4172,20551328777,140169610,1,0
4173,20551663333,140200894,1,0
4174,20551979444,140236845,1,0
4175,20552341777,140269265,1,0
4176,20552650333,140300828,1,0
4177,20552984888,140335330,1,0
4178,20553324222,140368430,1,0
4179,20553652333,140404464,1,0
4180,20554005333,140437061,1,0
4181,20554340333,140468805,1,0
4182,20554660666,140504325,1,0
4183,20555002444,140536747,1,0
4184,20555327000,140571263,1,0
4185,20555676444,140604678,1,0
4186,20556007888,140635928,1,0
4187,20556327444,140669194,1,0
4188,20556655111,140702875,1,0
4189,20556988444,140735454,1,0
4190,20557319888,140769609,1,0
4191,20557660777,140801626,1,0
4192,20557990777,140838526,1,0
4193,20558337333,140870064,1,0
4194,20558665111,140900499,1,0
4195,20558980444,140937518,1,0
4196,20559335444,140968824,1,0
4197,20559659777,141005224,1,0
4198,20560002444,141037998,1,0
4199,20560332000,141069104,1,0
4200,20560656777,141104094,1,0
4201,20560998333,141135491,1,0
4202,20561321222,141169403,1,0
4203,20561660222,141203381,1,0
4204,20561991111,141237985,1,0
4205,20562341888,141268665,1,0
4206,20562658222,141304542,1,0
4207,20563001000,141337073,1,0
4208,20563340222,141370626,1,0
4209,20563667444,141405232,1,0
4210,20564009444,141436683,1,0
4211,20564329777,141469702,1,0
4212,20564666777,141504023,1,0
4213,20565003111,141538713,1,0
4214,20565344777,141571670,1,0
4215,20565677444,141604764,1,0
4216,20566008333,141637951,1,0
4217,20566343666,141669949,1,0
4218,20566665777,141703516,1,0
4219,20567003666,141738501,1,0
4220,20567347666,141771180,1,0
4221,20567664444,141805378,1,0
4222,20568015777,141837087,1,0
4223,20568338555,141871648,1,0
4224,20568676888,141904042,1,0
4225,20569002000,141936924,1,0
4226,20569339777,141969327,1,0
4227,20569663777,142004346,1,0
4228,20570001000,142037541,1,0
4229,20570336222,142070930,1,0
4230,20570681333,142103160,1,0
4231,20571001222,142137271,1,0
4232,20571337333,142170322,1,0
4233,20571671888,142205295,1,0
4234,20572006888,142237775,1,0
4235,20572338555,142270137,1,0
4236,20572670444,142303793,1,0
4237,20573009000,142338629,1,0
4238,20573348000,142371795,1,0
4239,20573676555,142404185,1,0
4240,20574015222,142438342,1,0
4241,20574348333,142473350,1,0
4242,20574687444,142504587,1,0
4243,20575001888,142538410,1,0
4244,20575347333,142571550,1,0
4245,20575678666,142605467,1,0
4246,20576013888,142638801,1,0
4247,20576351777,142674769,1,0
4248,20576686444,142710494,1,0
4249,20577054444,142738523,1,0
4250,20577352333,142772535,1,0
4251,20577684333,142809195,1,0
4252,20578019444,142837083,1,0
4253,20578336888,142873052,1,0
4254,20578688666,142906593,1,0
4255,20579008000,142940214,1,0
4256,20579353111,142971793,1,0
4257,20579679333,143004587,1,0
4258,20580013333,143043890,1,0
4259,20580351222,143071815,1,0
4260,20580689888,143105311,1,0
4261,20581014444,143138869,1,0
4262,20581351555,143173480,1,0
4263,20581690333,143203974,1,0
4264,20582016444,143238736,1,0
4265,20582350666,143272217,1,0
4266,20582686000,143305853,1,0
4267,20583021000,143340634,1,0
4268,20583364444,143372940,1,0
4269,20583689333,143407685,1,0
4270,20584036888,143441449,1,0
4271,20584364444,143475464,1,0
4272,20584717000,143505633,1,0
4273,20585026777,143542305,1,0
4274,20585367777,143572496,1,0
4275,20585696333,143605584,1,0
4276,20586020888,143640031,1,0
4277,20586358777,143675633,1,0
4278,20586718333,143707934,1,0
4279,20587038555,143740111,1,0
4280,20587369888,143772255,1,0
4281,20587699222,143805874,1,0
4282,20588023444,143839548,1,0
4283,20588357000,143872713,1,0
4284,20588684444,143906504,1,0
4285,20589027888,143940097,1,0
4286,20589368000,143975154,1,0
4287,20589712000,144005930,1,0
4288,20590028555,144040200,1,0
4289,20590367888,144074036,1,0
4290,20590701555,144106585,1,0
4291,20591022777,144140084,1,0
4292,20591361000,144174841,1,0
4293,20591703777,144206569,1,0
4294,20592028777,144241102,1,0
4295,20592374444,144273333,1,0
4296,20592698555,144308607,1,0
4297,20593033777,144340363,1,0
4298,20593359888,144371915,1,0
4299,20593691777,144407107,1,0
4300,20594031000,144439063,1,0
4301,20594355444,144473971,1,0
4302,20594707888,144541414,1,0
4303,20595376444,144618064,1,0
4304,20595376444,144629182,1,0
4305,20595376444,144639608,1,0
4306,20596040888,144659892,1,0
4307,20596385555,144676289,1,0
4308,20596706777,144707893,1,0
4309,20597054333,144739824,1,0
4310,20597373333,144772990,1,0
4311,20597696333,144810987,1,0
4312,20598058222,144841591,1,0
4313,20598389888,144873783,1,0
4314,20598713222,144911751,1,0
4315,20599044000,144942048,1,0
4316,20599386222,144973946,1,0
4317,20599701000,145008723,1,0
4318,20600045777,145043431,1,0
4319,20600391222,145074440,1,0
4320,20600710555,145109055,1,0
4321,20601053777,145141633,1,0
4322,20601381888,145176013,1,0
4323,20601723000,145208440,1,0
4324,20602046888,145242291,1,0
4325,20602387888,145275223,1,0
4326,20602709777,145307815,1,0
4327,20603041888,145342553,1,0
4328,20603384888,145373973,1,0
4329,20603709888,145408760,1,0
4330,20604043222,145441115,1,0
4331,20604376222,145474369,1,0
4332,20604707777,145508808,1,0
4333,20605043555,145542057,1,0
4334,20605379555,145573845,1,0
4335,20605701333,145608248,1,0
4336,20606043777,145642830,1,0
4337,20606385222,145674528,1,0
4338,20606716888,145707963,1,0
4339,20607039888,145741965,1,0
4340,20607376222,145773807,1,0
4341,20607705555,145809280,1,0
4342,20608050555,145842064,1,0
4343,20608391666,145874303,1,0
4344,20608710444,145908603,1,0
4345,20609048555,145943356,1,0
4346,20609386000,145975603,1,0
4347,20609711888,146009140,1,0
4348,20610055333,146042034,1,0
4349,20610378444,146073999,1,0
4350,20610703333,146108840,1,0
4351,20611047000,146142910,1,0
4352,20611393444,146174833,1,0
4353,20611707111,146209126,1,0
4354,20612047555,146241409,1,0
4355,20612386333,146276686,1,0
4356,20612732444,146307653,1,0
4357,20613054000,146340970,1,0
4358,20613379666,146374479,1,0
4359,20613714000,146408128,1,0
4360,20614045888,146443411,1,0
4361,20614390777,146475248,1,0
4362,20614719000,146511591,1,0
4363,20615073222,146543823,1,0
4364,20615406444,146576116,1,0
4365,20615723666,146612478,1,0
4366,20616085111,146642749,1,0
4367,20616393444,146676665,1,0
4368,20616730444,146710281,1,0
4369,20617072888,146742766,1,0
4370,20617394555,146776162,1,0
4371,20617722888,146810813,1,0
4372,20618063111,146845028,1,0
4373,20618412000,146878341,1,0
4374,20618741222,146911825,1,0
4375,20619064222,146947653,1,0
4376,20619412222,146976610,1,0
4377,20619735000,147009220,1,0
4378,20620062777,147044563,1,0
4379,20620396222,147076366,1,0
4380,20620729666,147110191,1,0
4381,20621064444,147143267,1,0
4382,20621399333,147175380,1,0
4383,20621726000,147208894,1,0
4384,20622058222,147242483,1,0
4385,20622385777,147276061,1,0
4386,20622719555,147309344,1,0
4387,20623061777,147342620,1,0
4388,20623380666,147375980,1,0
4389,20623717555,147408516,1,0
4390,20624055000,147442210,1,0
4391,20624390555,147475945,1,0
4392,20624712666,147510798,1,0
4393,20625055222,147543411,1,0
4394,20625394333,147576594,1,0
4395,20625721111,147611228,1,0
4396,20626065111,147643075,1,0
4397,20626392555,147676901,1,0
4398,20626732444,147710503,1,0
4399,20627065111,147742460,1,0
4400,20627397333,147776913,1,0
4401,20627729444,147809042,1,0
4402,20628057555,147844962,1,0
4403,20628411000,147876598,1,0
4404,20628725333,147909742,1,0
4405,20629058333,147943932,1,0
4406,20629411666,147976989,1,0
4407,20629723666,148009426,1,0
4408,20630062777,148044201,1,0
4409,20630411333,148077599,1,0
4410,20630731000,148110525,1,0
4411,20631066000,148143477,1,0
4412,20631405111,148178589,1,0
4413,20631747444,148212247,1,0
4414,20632078555,148243226,1,0
4415,20632394333,148277653,1,0
4416,20632738000,148311355,1,0
4417,20633074444,148344385,1,0
4418,20633399666,148380857,1,0
4419,20633773555,148410822,1,0
4420,20634068444,148444146,1,0
4421,20634407333,148476775,1,0
4422,20634734888,148510943,1,0
4423,20635071333,148546454,1,0
4424,20635410888,148577021,1,0
4425,20635734555,148610772,1,0
4426,20636073666,148644322,1,0
4427,20636409444,148677924,1,0
4428,20636738333,148712524,1,0
4429,20637083333,148745624,1,0
4430,20637414000,148777274,1,0
4431,20637734888,148814066,1,0
4432,20638090333,148843948,1,0
4433,20638411333,148877184,1,0
4434,20638742000,148910763,1,0
4435,20639073444,148943626,1,0
4436,20639405000,148977382,1,0
4437,20639740333,149012853,1,0
4438,20640089000,149045324,1,0
4439,20640412111,149077632,1,0
4440,20640745444,149110009,1,0
4441,20641068444,149144202,1,0
4442,20641410222,149176360,1,0
4443,20641732000,149211853,1,0
4444,20642080777,149246458,1,0
4445,20642420444,149278967,1,0
4446,20642752444,149311127,1,0
4447,20643081777,149345961,1,0
4448,20643416222,149378140,1,0
4449,20643743555,149412019,1,0
4450,20644083000,149479846,1,0
4451,20644752444,149557045,1,0
4452,20644752444,149568462,1,0
4453,20644752444,149579931,1,0
4454,20645421888,149595937,1,0
4455,20645758777,149613056,1,0
4456,20646086000,149647558,1,0
4457,20646428000,149680126,1,0
4458,20646766444,149714177,1,0
4459,20647100444,149746191,1,0
4460,20647423222,149778511,1,0
4461,20647750888,149811517,1,0
4462,20648079888,149845299,1,0
4463,20648424888,149880807,1,0
4464,20648763111,149911143,1,0
4465,20649075555,149948947,1,0
4466,20649421111,149980868,1,0
4467,20649736222,150011697,1,0
4468,20650078555,150047969,1,0
4469,20650433444,150079303,1,0
4470,20650753000,150111624,1,0
4471,20651079333,150146544,1,0
4472,20651421999,150180678,1,0
4473,20651754444,150214385,1,0
4474,20652100444,150244957,1,0
4475,20652410555,150280457,1,0
4476,20652756333,150313211,1,0
4477,20653091888,150346764,1,0
4478,20653421444,150380342,1,0
4479,20653753000,150414609,1,0
4480,20654091888,150447263,1,0
4481,20654428555,150480424,1,0
4482,20654757888,150514497,1,0
4483,20655101888,150545771,1,0
4484,20655416888,150581206,1,0
4485,20655766222,150613064,1,0
4486,20656087222,150646376,1,0
4487,20656416000,150680249,1,0
4488,20656750444,150713688,1,0
4489,20657092888,150747330,1,0
4490,20657426444,150781047,1,0
4491,20657754000,150814251,1,0
4492,20658108111,150847322,1,0
4493,20658432333,150883464,1,0
4494,20658775888,150913408,1,0
4495,20659095222,150946476,1,0
4496,20659422666,150982840,1,0
4497,20659765777,151012787,1,0
4498,20660091888,151046761,1,0
4499,20660422111,151080603,1,0
4500,20660770777,151115793,1,0
4501,20661112777,151146855,1,0
4502,20661425333,151184480,1,0
4503,20661801777,151215543,1,0
4504,20662112000,151248209,1,0
4505,20662437111,151285656,1,0
4506,20662809666,151313613,1,0
4507,20663102777,151348300,1,0
4508,20663437333,151378890,1,0
4509,20663758444,151414917,1,0
4510,20664108111,151446734,1,0
4511,20664430333,151479892,1,0
4512,20664765777,151514781,1,0
4513,20665116111,151546889,1,0
4514,20665440333,151580194,1,0
4515,20665768000,151613496,1,0
4516,20666106666,151647150,1,0
4517,20666438777,151681013,1,0
4518,20666775222,151713048,1,0
4519,20667101222,151747387,1,0
4520,20667445777,151782809,1,0
4521,20667785000,151815419,1,0
4522,20668110333,151847103,1,0
4523,20668442222,151880214,1,0
4524,20668775777,151914923,1,0
4525,20669105444,151950088,1,0
4526,20669460000,151980377,1,0
4527,20669775000,152013469,1,0
4528,20670100000,152048568,1,0
4529,20670446000,152081355,1,0
4530,20670769111,152114102,1,0
4531,20671104333,152147327,1,0
4532,20671434555,152180664,1,0
4533,20671767000,152213752,1,0
4534,20672105777,152247966,1,0
4535,20672439888,152280870,1,0
4536,20672766111,152313088,1,0
4537,20673101111,152347503,1,0
4538,20673447222,152384026,1,0
4539,20673808666,152414962,1,0
4540,20674110000,152447947,1,0
4541,20674443333,152482898,1,0
4542,20674783777,152514434,1,0
4543,20675103555,152547358,1,0
4544,20675446000,152584800,1,0
4545,20675797444,152615343,1,0
4546,20676113555,152649134,1,0
4547,20676450888,152682007,1,0
4548,20676781444,152714709,1,0
4549,20677116666,152749511,1,0
4550,20677454222,152781308,1,0
4551,20677784777,152815904,1,0
4552,20678115555,152852417,1,0
4553,20678487444,152882395,1,0
4554,20678790555,152913632,1,0
4555,20679108222,152950338,1,0
4556,20679460222,152981333,1,0
4557,20679773777,153016930,1,0
4558,20680141111,153048408,1,0
4559,20680448777,153080023,1,0
4560,20680774777,153114607,1,0
4561,20681111222,153148922,1,0
4562,20681463555,153182212,1,0
4563,20681789444,153216465,1,0
4564,20682125333,153248259,1,0
4565,20682453444,153282953,1,0
4566,20682790222,153315413,1,0
4567,20683122444,153348904,1,0
4568,20683465555,153382907,1,0
4569,20683794333,153416701,1,0
4570,20684125888,153450363,1,0
4571,20684467888,153481939,1,0
4572,20684784333,153515546,1,0
4573,20685116888,153549992,1,0
4574,20685463333,153583013,1,0
4575,20685792444,153615424,1,0
4576,20686120555,153651481,1,0
4577,20686477333,153684380,1,0
4578,20686803333,153715475,1,0
4579,20687123111,153749857,1,0
4580,20687449444,153784101,1,0
4581,20687802333,153815341,1,0
4582,20688118777,153851721,1,0
4583,20688467888,153883838,1,0
4584,20688800222,153916054,1,0
4585,20689116000,153950687,1,0
4586,20689469333,153983057,1,0
4587,20689789333,154017274,1,0
4588,20690133888,154053999,1,0
4589,20690501444,154084388,1,0
4590,20690801111,154117201,1,0
4591,20691134222,154150949,1,0
4592,20691461888,154184030,1,0
4593,20691797333,154220997,1,0
4594,20692148444,154250221,1,0
4595,20692461444,154284291,1,0
4596,20692801888,154316882,1,0
4597,20693127444,154352126,1,0
4598,20693475444,154383821,1,0
4599,20693791333,154416798,1,0
4600,20694131888,154452341,1,0
4601,20694473666,154489338,1,0
4602,20694852888,154515033,1,0
4603,20695122888,154551124,1,0
4604,20695470555,154582843,1,0
4605,20695795222,154617816,1,0
4606,20696134444,154651963,1,0
4607,20696478777,154683288,1,0
4608,20696793666,154716058,1,0
4609,20697127777,154750221,1,0
4610,20697463666,154783410,1,0
4611,20697800333,154816388,1,0
4612,20698134333,154851057,1,0
4613,20698470777,154882975,1,0
4614,20698797777,154916597,1,0
4615,20699130666,154951150,1,0
4616,20699475444,154983740,1,0
4617,20699798888,155016823,1,0
4618,20700139222,155048904,1,0
4619,20700455555,155084305,1,0
4620,20700806777,155118964,1,0
4621,20701161333,155149740,1,0
4622,20701460333,155184110,1,0
4623,20701797555,155217211,1,0
4624,20702134777,155250497,1,0
4625,20702471333,155284461,1,0
4626,20702808666,155318257,1,0
4627,20703136000,155349508,1,0
4628,20703467222,155384828,1,0
4629,20703801777,155419131,1,0
4630,20704150777,155450836,1,0
4631,20704473888,155484456,1,0
4632,20704807888,155517966,1,0
4633,20705141555,155552294,1,0
4634,20705477222,155584752,1,0
4635,20705808777,155620317,1,0
4636,20706163444,155653983,1,0
4637,20706496777,155688906,1,0
4638,20706849888,155721223,1,0
4639,20707156222,155751876,1,0
4640,20707480333,155786231,1,0
4641,20707815000,155818715,1,0
4642,20708144777,155851371,1,0
4643,20708483666,155885157,1,0
4644,20708818333,155917955,1,0
4645,20709144111,155956412,1,0
4646,20709486222,155983161,1,0
4647,20709803222,156018561,1,0
4648,20710146111,156054226,1,0
4649,20710485777,156084588,1,0
4650,20710809666,156118220,1,0
4651,20711145666,156151837,1,0
4652,20711485666,156186910,1,0
4653,20711815333,156217242,1,0
4654,20712135666,156253050,1,0
4655,20712480666,156285828,1,0
4656,20712814444,156317849,1,0
4657,20713144666,156353242,1,0
4658,20713494888,156383914,1,0
4659,20713811777,156418779,1,0
4660,20714152444,156451940,1,0
4661,20714482333,156488322,1,0
4662,20714835444,156518660,1,0
4663,20715150777,156553236,1,0
4664,20715493111,156586264,1,0
4665,20715817888,156618978,1,0
4666,20716153000,156655061,1,0
4667,20716508777,156684887,1,0
4668,20716815222,156719772,1,0
4669,20717156000,156752215,1,0
4670,20717476333,156785823,1,0
4671,20717817888,156821405,1,0
4672,20718174888,156853914,1,0
4673,20718494333,156889778,1,0
4674,20718837333,156918829,1,0
4675,20719150666,156953786,1,0
4676,20719489333,156986368,1,0
4677,20719820444,157021412,1,0
4678,20720173666,157054869,1,0
4679,20720495222,157086780,1,0
4680,20720818777,157120385,1,0
4681,20721161222,157153718,1,0
4682,20721496000,157188380,1,0
4683,20721826888,157223721,1,0
4684,20722193333,157254949,1,0
4685,20722510666,157287804,1,0
4686,20722837333,157320269,1,0
4687,20723169333,157356036,1,0
4688,20723497222,157386719,1,0
4689,20723826000,157421716,1,0
4690,20724162555,157455142,1,0
4691,20724490777,157486834,1,0
4692,20724833333,157523088,1,0
4693,20725162333,157554033,1,0
4694,20725494888,157586595,1,0
4695,20725821888,157622916,1,0
4696,20726179333,157655051,1,0
4697,20726492666,157689337,1,0
4698,20726843777,157723650,1,0
4699,20727189222,157755103,1,0
4700,20727505111,157787292,1,0
4701,20727827444,157821363,1,0
4702,20728165444,157854644,1,0
4703,20728503222,157887713,1,0
4704,20728823222,157921056,1,0
4705,20729159333,157955741,1,0
4706,20729506888,157989894,1,0
4707,20729836111,158023146,1,0
4708,20730176777,158058184,1,0
4709,20730524999,158088478,1,0
4710,20730831666,158121989,1,0
4711,20731166222,158156898,1,0
4712,20731519333,158187117,1,0
4713,20731828333,158221749,1,0
4714,20732170888,158255575,1,0
4715,20732505222,158288257,1,0
4716,20732832666,158319836,1,0
4717,20733165444,158357176,1,0
4718,20733498555,158388672,1,0
4719,20733834888,158420437,1,0
4720,20734171111,158456188,1,0
4721,20734510444,158489849,1,0
4722,20734838888,158522937,1,0
4723,20735164777,158554798,1,0
4724,20735499444,158588610,1,0
4725,20735833444,158623215,1,0
4726,20736176000,158656002,1,0
4727,20736500222,158687699,1,0
4728,20736835000,158723358,1,0
4729,20737182222,158757039,1,0
4730,20737513000,158788587,1,0
4731,20737843444,158824952,1,0
4732,20738191222,158853730,1,0
4733,20738504777,158889679,1,0
4734,20738854333,158919663,1,0
4735,20739164777,158957294,1,0
4736,20739528777,158989547,1,0
4737,20739854333,159022657,1,0
4738,20740197777,159056682,1,0
4739,20740530333,159090202,1,0
4740,20740849666,159122300,1,0
4741,20741180888,159157050,1,0
4742,20741534222,159189504,1,0
4743,20741865222,159225411,1,0
4744,20742219222,159256781,1,0
4745,20742532333,159291977,1,0
4746,20742876777,159326965,1,0
4747,20743236000,159355538,1,0
4748,20743530444,159388054,1,0
4749,20743845666,159421162,1,0
4750,20744182333,159455003,1,0
4751,20744516111,159486483,1,0
4752,20744841666,159523818,1,0
4753,20745196333,159557723,1,0
4754,20745527333,159588050,1,0
4755,20745848777,159623526,1,0
4756,20746197444,159655804,1,0
4757,20746516111,159688626,1,0
4758,20746856777,159720331,1,0
4759,20747177333,159755482,1,0
4760,20747517111,159787254,1,0
4761,20747847222,159822276,1,0
4762,20748190666,159856385,1,0
4763,20748522111,159887961,1,0
4764,20748846777,159922255,1,0
4765,20749185777,159958601,1,0
4766,20749541777,159989773,1,0
4767,20749854333,160025129,1,0
4768,20750213000,160056782,1,0
4769,20750532444,160090849,1,0
4770,20750859444,160122656,1,0
4771,20751200111,160161283,1,0
4772,20751572333,160189397,1,0
4773,20751864666,160223356,1,0
4774,20752199222,160256489,1,0
4775,20752527777,160289561,1,0
4776,20752847444,160323194,1,0
4777,20753194000,160357003,1,0
4778,20753529333,160389003,1,0
4779,20753861777,160423409,1,0
4780,20754208555,160457571,1,0
4781,20754533222,160490587,1,0
4782,20754866888,160522811,1,0
4783,20755191222,160556228,1,0
4784,20755526777,160590899,1,0
4785,20755865777,160623969,1,0
4786,20756201111,160656178,1,0
4787,20756522888,160690341,1,0
4788,20756855333,160723144,1,0
4789,20757191888,160757226,1,0
4790,20757534888,160791574,1,0
4791,20757876888,160824306,1,0
4792,20758205333,160857815,1,0
4793,20758543888,160891157,1,0
4794,20758865333,160924653,1,0
4795,20759203111,160957590,1,0
4796,20759536333,160991569,1,0
4797,20759870000,161024515,1,0
4798,20760209333,161058388,1,0
4799,20760540111,161094119,1,0
4800,20760890333,161123734,1,0
4801,20761198666,161157403,1,0
4802,20761533000,161190188,1,0
4803,20761861222,161223261,1,0
4804,20762200777,161258677,1,0
4805,20762541444,161292516,1,0
4806,20762879888,161324238,1,0
4807,20763202555,161357762,1,0
4808,20763539444,161391424,1,0
4809,20763873777,161424974,1,0
4810,20764214444,161458022,1,0
4811,20764539777,161490167,1,0
4812,20764862444,161523547,1,0
4813,20765197222,161557478,1,0
4814,20765537777,161590110,1,0
4815,20765869333,161624634,1,0
4816,20766205666,161659996,1,0
4817,20766566111,161690332,1,0
4818,20766862000,161723893,1,0
4819,20767196333,161759211,1,0
4820,20767553777,161789633,1,0
4821,20767860888,161823685,1,0
4822,20768202777,161858585,1,0
4823,20768540888,161893309,1,0
4824,20768881222,161924335,1,0
4825,20769202333,161958079,1,0
4826,20769543444,161991750,1,0
4827,20769880222,162024371,1,0
4828,20770210666,162058557,1,0
4829,20770549888,162092240,1,0
4830,20770860666,162124162,1,0
4831,20771203000,162158850,1,0
4832,20771558333,162191365,1,0
4833,20771878111,162224588,1,0
4834,20772206666,162259003,1,0
4835,20772563444,162290639,1,0
4836,20772880000,162324676,1,0
4837,20773209111,162358696,1,0
4838,20773554777,162391176,1,0
4839,20773874888,162424728,1,0
4840,20774211000,162458045,1,0
4841,20774546444,162491849,1,0
4842,20774880777,162525439,1,0
4843,20775218000,162558299,1,0
4844,20775540777,162591168,1,0
4845,20775877444,162627366,1,0
4846,20776233555,162658715,1,0
4847,20776552666,162693810,1,0
4848,20776900888,162724055,1,0
4849,20777211111,162758383,1,0
4850,20777554222,162792488,1,0
4851,20777882222,162824877,1,0
4852,20778212444,162858804,1,0
4853,20778555111,162890765,1,0
4854,20778879888,162924614,1,0
4855,20779219333,162958238,1,0
4856,20779547888,162991941,1,0
4857,20779884777,163026990,1,0
4858,20780231888,163060891,1,0
4859,20780546222,163091479,1,0
4860,20780872444,163127845,1,0
4861,20781251111,163159771,1,0
4862,20781563444,163192606,1,0
4863,20781894888,163225998,1,0
4864,20782225222,163262707,1,0
4865,20782580777,163294031,1,0
4866,20782902888,163327807,1,0
4867,20783244777,163358230,1,0
4868,20783550777,163391848,1,0
4869,20783883000,163426402,1,0
4870,20784220555,163458703,1,0
4871,20784552777,163492570,1,0
4872,20784880222,163527805,1,0
4873,20785234333,163559329,1,0
4874,20785544777,163592292,1,0
4875,20785883000,163625864,1,0
4876,20786214777,163666960,1,0
4877,20786552666,163693301,1,0
4878,20786895000,163726406,1,0
4879,20787219222,163760357,1,0
4880,20787560666,163792825,1,0
4881,20787890444,163827162,1,0
4882,20788228333,163862314,1,0
4883,20788573666,163892900,1,0
4884,20788890777,163926812,1,0
4885,20789233333,163963005,1,0
4886,20789587666,163994488,1,0
4887,20789889777,164028062,1,0
4888,20790239333,164060779,1,0
4889,20790562666,164093309,1,0
4890,20790892111,164128641,1,0
4891,20791226111,164161321,1,0
4892,20791572777,164194590,1,0
4893,20791895444,164228423,1,0
4894,20792241111,164259453,1,0
4895,20792560222,164295263,1,0
4896,20792906000,164326381,1,0
4897,20793228666,164362447,1,0
4898,20793575555,164394858,1,0
4899,20793904333,164428606,1,0
4900,20794242666,164459884,1,0
4901,20794564222,164494477,1,0
4902,20794895333,164527473,1,0
4903,20795228777,164560482,1,0
4904,20795556111,164594722,1,0
4905,20795902222,164627570,1,0
4906,20796234666,164660151,1,0
4907,20796555333,164695654,1,0
4908,20796901777,164728201,1,0
4909,20797238666,164760749,1,0
4910,20797568111,164798274,1,0
4911,20797939000,164828588,1,0
4912,20798243444,164860355,1,0
4913,20798557777,164896070,1,0
4914,20798913777,164925963,1,0
4915,20799221666,164963955,1,0
4916,20799586888,164994871,1,0
4917,20799900666,165028398,1,0
4918,20800232666,165062739,1,0
4919,20800572444,165097728,1,0
4920,20800910000,165128200,1,0
4921,20801247666,165161999,1,0
4922,20801560666,165194631,1,0
4923,20801909888,165228597,1,0
4924,20802240222,165262316,1,0
4925,20802571777,165295889,1,0
4926,20802906777,165327268,1,0
4927,20803233000,165363086,1,0
4928,20803575333,165394118,1,0
4929,20803898555,165431036,1,0
4930,20804269666,165461136,1,0
4931,20804573333,165494381,1,0
4932,20804909888,165529082,1,0
4933,20805247222,165562550,1,0
4934,20805576444,165595313,1,0
4935,20805903222,165627249,1,0
4936,20806238444,165661898,1,0
4937,20806582444,165695371,1,0
4938,20806911222,165731969,1,0
4939,20807262222,165760553,1,0
4940,20807571666,165794113,1,0
4941,20807900222,165832019,1,0
4942,20808266777,165861631,1,0
4943,20808579111,165895242,1,0
4944,20808917555,165929998,1,0
4945,20809265444,165963364,1,0
4946,20809587333,165997144,1,0
4947,20809932777,166029529,1,0
4948,20810240555,166067046,1,0
4949,20810613111,166096271,1,0
4950,20810911333,166128446,1,0
4951,20811244000,166165860,1,0
4952,20811584555,166196954,1,0
4953,20811916333,166229152,1,0
4954,20812248777,166264274,1,0
4955,20812597333,166296271,1,0
4956,20812912333,166330871,1,0
4957,20813272111,166361936,1,0
4958,20813582666,166395488,1,0
4959,20813911777,166430220,1,0
4960,20814251666,166460299,1,0
4961,20814574222,166496058,1,0
4962,20814915111,166531040,1,0
4963,20815255222,166564328,1,0
4964,20815586777,166596923,1,0
4965,20815914222,166630352,1,0
4966,20816253222,166664339,1,0
4967,20816594777,166697509,1,0
4968,20816929666,166729379,1,0
4969,20817257777,166763816,1,0
4970,20817586111,166797842,1,0
4971,20817924333,166832954,1,0
4972,20818282444,166865393,1,0
4973,20818605333,166897043,1,0
4974,20818921888,166929897,1,0
4975,20819252111,166966664,1,0
4976,20819595222,166996676,1,0
4977,20819922888,167029207,1,0
4978,20820254222,167062466,1,0
4979,20820587999,167096129,1,0
4980,20820914222,167129950,1,0
4981,20821255666,167165182,1,0
4982,20821609444,167195209,1,0
4983,20821917000,167230706,1,0
4984,20822255000,167265182,1,0
4985,20822618000,167298205,1,0
4986,20822926000,167329744,1,0
4987,20823264888,167362041,1,0
4988,20823593111,167396047,1,0
4989,20823921777,167431567,1,0
4990,20824279333,167463641,1,0
4991,20824590444,167496285,1,0
4992,20824928000,167532658,1,0
4993,20825286888,167563082,1,0
4994,20825593333,167597694,1,0
4995,20825927222,167629471,1,0
4996,20826263555,167663396,1,0
4997,20826593888,167696771,1,0
4998,20826923666,167732903,1,0
4999,20827270888,167764440,1,0
5000,20827602333,167797009,1,0
5001,20827928111,167831146,1,0
5002,20828269777,167864483,1,0
5003,20828597222,167897470,1,0
5004,20828938222,167929683,1,0
5005,20829257666,167964046,1,0
5006,20829595222,167996438,1,0
5007,20829921222,168029589,1,0
5008,20830263444,168064493,1,0
5009,20830597222,168097186,1,0
5010,20830928555,168129127,1,0
5011,20831259222,168162564,1,0
5012,20831583222,168196322,1,0
5013,20831930555,168229517,1,0
5014,20832257444,168265508,1,0
5015,20832612333,168297289,1,0
5016,20832929666,168330509,1,0
5017,20833265000,168365700,1,0
5018,20833615888,168396924,1,0
5019,20833937222,168430777,1,0
5020,20834265111,168463004,1,0
5021,20834589777,168497456,1,0
5022,20834934666,168530938,1,0
5023,20835269888,168564731,1,0
5024,20835606111,168632238,1,0
5025,20836270777,168709017,1,0
5026,20836270777,168721018,1,0
5027,20836270777,168732844,1,0
5028,20836932333,168749072,1,0
5029,20837279222,168766042,1,0
5030,20837615222,168798019,1,0
5031,20837938333,168831659,1,0
5032,20838281666,168867441,1,0
5033,20838623777,168898610,1,0
5034,20838942777,168929920,1,0
5035,20839265111,168968326,1,0
5036,20839628888,169003740,1,0
5037,20839991444,169037300,1,0
5038,20840285333,169064339,1,0
5039,20840607444,169100970,1,0
5040,20840962888,169131980,1,0
5041,20841270333,169166144,1,0
5042,20841611222,169201208,1,0
5043,20841961777,169230832,1,0
5044,20842270555,169266454,1,0
5045,20842632444,169299089,1,0
5046,20842944777,169332720,1,0
5047,20843278888,169366287,1,0
5048,20843618111,169397542,1,0
5049,20843938111,169435425,1,0
5050,20844313000,169466419,1,0
5051,20844623222,169498788,1,0
5052,20844944777,169532647,1,0
5053,20845280666,169566751,1,0
5054,20845612333,169599327,1,0
5055,20845944777,169638807,1,0
5056,20846311888,169669692,1,0
5057,20846643222,169700553,1,0
5058,20846954777,169730343,1,0
5059,20847274666,169764300,1,0
5060,20847611222,169798451,1,0
5061,20847942222,169833153,1,0
5062,20848288333,169866594,1,0
5063,20848620777,169901324,1,0
5064,20848961888,169931557,1,0
5065,20849282222,169968571,1,0
5066,20849624111,169999737,1,0
5067,20849948333,170033518,1,0
5068,20850284777,170068331,1,0
5069,20850641777,170099403,1,0
5070,20850957666,170133570,1,0
5071,20851289444,170166490,1,0
5072,20851621333,170201795,1,0
5073,20851950888,170232362,1,0
5074,20852288555,170268615,1,0
5075,20852633333,170299359,1,0
5076,20852953444,170332982,1,0
5077,20853290000,170367635,1,0
5078,20853621666,170398314,1,0
5079,20853959222,170432630,1,0
5080,20854287444,170469634,1,0
5081,20854649333,170499003,1,0
5082,20854952222,170532792,1,0
5083,20855297111,170565648,1,0
5084,20855625666,170598592,1,0
5085,20855955222,170632421,1,0
5086,20856294222,170667446,1,0
5087,20856624333,170703194,1,0
5088,20856986444,170733715,1,0
5089,20857296777,170767316,1,0
5090,20857635555,170801159,1,0
5091,20857966666,170834420,1,0
5092,20858298444,170871413,1,0
5093,20858665111,170900590,1,0
5094,20858962222,170933088,1,0
5095,20859296222,170970290,1,0
5096,20859643111,170999884,1,0
5097,20859955777,171034565,1,0
5098,20860299777,171066957,1,0
5099,20860633444,171100776,1,0
5100,20860961888,171135883,1,0
5101,20861295666,171168736,1,0
5102,20861643333,171200849,1,0
5103,20861955333,171236897,1,0
5104,20862325111,171270537,1,0
5105,20862656888,171300154,1,0
5106,20862963222,171335125,1,0
5107,20863298555,171368192,1,0
5108,20863632777,171402108,1,0
5109,20863970777,171437576,1,0
5110,20864317555,171470143,1,0
5111,20864633444,171500641,1,0
5112,20864965222,171535228,1,0
5113,20865296222,171566916,1,0
5114,20865629444,171602935,1,0
5115,20865964333,171634908,1,0
5116,20866303444,171670931,1,0
5117,20866652444,171702268,1,0
5118,20866969888,171736713,1,0
5119,20867301777,171766395,1,0
5120,20867630222,171800314,1,0
5121,20867965222,171834403,1,0
5122,20868293000,171867700,1,0
5123,20868638555,171902360,1,0
5124,20868968666,171941503,1,0
5125,20869364777,171969309,1,0
5126,20869641777,172001055,1,0
5127,20869962222,172035746,1,0
5128,20870302333,172069664,1,0
5129,20870647777,172103731,1,0
5130,20870987777,172137692,1,0
5131,20871315666,172169009,1,0
5132,20871642555,172200166,1,0
5133,20871963444,172234559,1,0
5134,20872305333,172268494,1,0
5135,20872643111,172304633,1,0
5136,20872990333,172335842,1,0
5137,20873311333,172368490,1,0
5138,20873642444,172403132,1,0
5139,20873981444,172435807,1,0
5140,20874305777,172469198,1,0
5141,20874653666,172504261,1,0
5142,20874994888,172535298,1,0
5143,20875306888,172570548,1,0
5144,20875659666,172604278,1,0
5145,20875983111,172635677,1,0
5146,20876312222,172669742,1,0
5147,20876646333,172703930,1,0
5148,20876986333,172736060,1,0
5149,20877312888,172770197,1,0
5150,20877643222,172803326,1,0
5151,20877977111,172836057,1,0
5152,20878310888,172872476,1,0
5153,20878673666,172903811,1,0
5154,20878985666,172937219,1,0
5155,20879316555,172974043,1,0
5156,20879652333,173001504,1,0
5157,20879973666,173036075,1,0
5158,20880309333,173070580,1,0
5159,20880655222,173101959,1,0
5160,20880976000,173136135,1,0
5161,20881316666,173170821,1,0
5162,20881650444,173203554,1,0
5163,20881985000,173236086,1,0
5164,20882315333,173273272,1,0
5165,20882681111,173307147,1,0
5166,20883008000,173336993,1,0
5167,20883319222,173370243,1,0
5168,20883655888,173406587,1,0
5169,20884008000,173437372,1,0
5170,20884320888,173470538,1,0
5171,20884657888,173503292,1,0
5172,20884985777,173537978,1,0
5173,20885325333,173576153,1,0
5174,20885698222,173602662,1,0
5175,20885984111,173636677,1,0
5176,20886320444,173672089,1,0
5177,20886679333,173703072,1,0
5178,20886993111,173738059,1,0
5179,20887325888,173771635,1,0
5180,20887664333,173802243,1,0
5181,20887986666,173838243,1,0
5182,20888341777,173870366,1,0
5183,20888655777,173908412,1,0
5184,20888987555,173936841,1,0
5185,20889326777,173975399,1,0
5186,20889668000,174003344,1,0
5187,20889990222,174039051,1,0
5188,20890345333,174071298,1,0
5189,20890669555,174103669,1,0
5190,20890985444,174137388,1,0
5191,20891328888,174170324,1,0
5192,20891655666,174203353,1,0
5193,20891984222,174237555,1,0
5194,20892325666,174270193,1,0
5195,20892652666,174302855,1,0
5196,20892987555,174338416,1,0
5197,20893332333,174370727,1,0
5198,20893663777,174404399,1,0
5199,20893990777,174439939,1,0
5200,20894350555,174474153,1,0
5201,20894684222,174503712,1,0
5202,20894997444,174540203,1,0
5203,20895363222,174571892,1,0
5204,20895665333,174605050,1,0
5205,20896007444,174639024,1,0
5206,20896335888,174674589,1,0
5207,20896695777,174705556,1,0
5208,20897008111,174737476,1,0
5209,20897334222,174770960,1,0
5210,20897673111,174803824,1,0
5211,20897999222,174838019,1,0
5212,20898334333,174879259,1,0
5213,20898745222,174905457,1,0
5214,20899001111,174940616,1,0
5215,20899348222,174974679,1,0
5216,20899673666,175003288,1,0
5217,20900001000,175036375,1,0
5218,20900328444,175070801,1,0
5219,20900671666,175104249,1,0
5220,20900998555,175142347,1,0
5221,20901338555,175171887,1,0
5222,20901677444,175206076,1,0
5223,20902013333,175239302,1,0
5224,20902355555,175271777,1,0
5225,20902682111,175312134,1,0
5226,20903073222,175337938,1,0
5227,20903339666,175371529,1,0
5228,20903682222,175407947,1,0
5229,20904037666,175438976,1,0
5230,20904342444,175471009,1,0
5231,20904684666,175512913,1,0
5232,20905084333,175536845,1,0
5233,20905340111,175572712,1,0
5234,20905675555,175606505,1,0
5235,20906013666,175639532,1,0
5236,20906349777,175673424,1,0
5237,20906692333,175705078,1,0
5238,20907018111,175738417,1,0
5239,20907340777,175772120,1,0
5240,20907672333,175806383,1,0
5241,20908013444,175839260,1,0
5242,20908348666,175873944,1,0
5243,20908684222,175904472,1,0
5244,20909002333,175941093,1,0
5245,20909366333,175973531,1,0
5246,20909683333,176004675,1,0
5247,20910008333,176038860,1,0
5248,20910345777,176076035,1,0
5249,20910709333,176105138,1,0
5250,20911006666,176139863,1,0
5251,20911355777,176176261,1,0
5252,20911690111,176204646,1,0
5253,20912010222,176239210,1,0
5254,20912343222,176273861,1,0
5255,20912685444,176305583,1,0
5256,20913020111,176339177,1,0
5257,20913343777,176372588,1,0
5258,20913696333,176404178,1,0
5259,20914015333,176440112,1,0
5260,20914354333,176475283,1,0
5261,20914709222,176505282,1,0
5262,20915013666,176539132,1,0
5263,20915350000,176575842,1,0
5264,20915702666,176604374,1,0
5265,20916010666,176639491,1,0
5266,20916346777,176673645,1,0
5267,20916687333,176705674,1,0
5268,20917010777,176739251,1,0
5269,20917344333,176775978,1,0
5270,20917712333,176806935,1,0
5271,20918020777,176840785,1,0
5272,20918361777,176874968,1,0
5273,20918701555,176906931,1,0
5274,20919018333,176940470,1,0
5275,20919356777,176974080,1,0
5276,20919685222,177006593,1,0
5277,20920022222,177041016,1,0
5278,20920356777,177075523,1,0
5279,20920707666,177109571,1,0
5280,20921042222,177140322,1,0
5281,20921365555,177174136,1,0
5282,20921691000,177207863,1,0
5283,20922023777,177240724,1,0
5284,20922365111,177273659,1,0
5285,20922700000,177306782,1,0
5286,20923031666,177340935,1,0
5287,20923360888,177371051,1,0
5288,20923685111,177406491,1,0
5289,20924034222,177440504,1,0
5290,20924362222,177473022,1,0
5291,20924688444,177507216,1,0
5292,20925024333,177539383,1,0
5293,20925353777,177573972,1,0
5294,20925697333,177608454,1,0
5295,20926040000,177639368,1,0
5296,20926359777,177676094,1,0
5297,20926719222,177705177,1,0
5298,20927023111,177743072,1,0
5299,20927378222,177773946,1,0
5300,20927702444,177808246,1,0
5301,20928035444,177839861,1,0
5302,20928358111,177874691,1,0
5303,20928699222,177908678,1,0
5304,20929042777,177939094,1,0
5305,20929354777,177976515,1,0
5306,20929700777,178006443,1,0
5307,20930024666,178039996,1,0
5308,20930365777,178075792,1,0
5309,20930720888,178110462,1,0
5310,20931057444,178143460,1,0
5311,20931383555,178173834,1,0
5312,20931706555,178210149,1,0
5313,20932039777,178242086,1,0
5314,20932369222,178274221,1,0
5315,20932693555,178308823,1,0
5316,20933044111,178341447,1,0
5317,20933364777,178373583,1,0
5318,20933707111,178406848,1,0
5319,20934035000,178441229,1,0
5320,20934371888,178477500,1,0
5321,20934726777,178509656,1,0
5322,20935044222,178539903,1,0
5323,20935369444,178575375,1,0
5324,20935699777,178607862,1,0
5325,20936041777,178640652,1,0
5326,20936371555,178674644,1,0
5327,20936702777,178708693,1,0
5328,20937043555,178741158,1,0
5329,20937366777,178774587,1,0
5330,20937699222,178807779,1,0
5331,20938038000,178841213,1,0
5332,20938374888,178876757,1,0
5333,20938729111,178909628,1,0
5334,20939047333,178940572,1,0
5335,20939369777,178975845,1,0
5336,20939718111,179008050,1,0
5337,20940046777,179043466,1,0
5338,20940385000,179075537,1,0
5339,20940717222,179110815,1,0
5340,20941057222,179143396,1,0
5341,20941382333,179178378,1,0
5342,20941710555,179208241,1,0
5343,20942038222,179241445,1,0
5344,20942378888,179276205,1,0
5345,20942717333,179308602,1,0
5346,20943042666,179341370,1,0
5347,20943379222,179377366,1,0
5348,20943721666,179408959,1,0
5349,20944047666,179442635,1,0
5350,20944389333,179475538,1,0
5351,20944709222,179509308,1,0
5352,20945055000,179543183,1,0
5353,20945384222,179577486,1,0
5354,20945726111,179609980,1,0
5355,20946045111,179643156,1,0
5356,20946385000,179677454,1,0
5357,20946724777,179711304,1,0
5358,20947076000,179742154,1,0
5359,20947385111,179775356,1,0
5360,20947716000,179808456,1,0
5361,20948052111,179844204,1,0
5362,20948384333,179877479,1,0
5363,20948728222,179909186,1,0
5364,20949050444,179942495,1,0
5365,20949384666,179977870,1,0
5366,20949718555,180007789,1,0
5367,20950041222,180042407,1,0
5368,20950382666,180077972,1,0
5369,20950727777,180108085,1,0
5370,20951046000,180143325,1,0
5371,20951395666,180179657,1,0
5372,20951723555,180208383,1,0
5373,20952048111,180248112,1,0
5374,20952425111,180276485,1,0
5375,20952724777,180309653,1,0
5376,20953044888,180343236,1,0
5377,20953389888,180375331,1,0
5378,20953716666,180409309,1,0
5379,20954047222,180444627,1,0
5380,20954389888,180476558,1,0
5381,20954719777,180509296,1,0
5382,20955045666,180545218,1,0
5383,20955397222,180577261,1,0
5384,20955721222,180611599,1,0
5385,20956062666,180644768,1,0
5386,20956396888,180677612,1,0
5387,20956729666,180709506,1,0
5388,20957055111,180743547,1,0
5389,20957393222,180778880,1,0
5390,20957732222,180810353,1,0
5391,20958059222,180844223,1,0
5392,20958394777,180878723,1,0
5393,20958742777,180911564,1,0
5394,20959067666,180944101,1,0
5395,20959400222,180981444,1,0
5396,20959760666,181009210,1,0
5397,20960050222,181044767,1,0
5398,20960409111,181077512,1,0
5399,20960726555,181111344,1,0
5400,20961054777,181144467,1,0
5401,20961397222,181181607,1,0
5402,20961744666,181212778,1,0
5403,20962069222,181250564,1,0
5404,20962444222,181277989,1,0
5405,20962744555,181311212,1,0
5406,20963064777,181344385,1,0
5407,20963394777,181375418,1,0
5408,20963725000,181411200,1,0
5409,20964066111,181444420,1,0
5410,20964394111,181480054,1,0
5411,20964748444,181513643,1,0
5412,20965077222,181544411,1,0
5413,20965394888,181580426,1,0
5414,20965740777,181611789,1,0
5415,20966069111,181645134,1,0
5416,20966400777,181680413,1,0
5417,20966752111,181712545,1,0
5418,20967068222,181745391,1,0
5419,20967406000,181778794,1,0
5420,20967732777,181812084,1,0
5421,20968075777,181845987,1,0
5422,20968410555,181878665,1,0
5423,20968738555,181912040,1,0
5424,20969069222,181944454,1,0
5425,20969399333,181979706,1,0
5426,20969738444,182011429,1,0
5427,20970078444,182044156,1,0
5428,20970409777,182079282,1,0
5429,20970751444,182111755,1,0
5430,20971072333,182144658,1,0
5431,20971403222,182179342,1,0
5432,20971742222,182211251,1,0
5433,20972080111,182246112,1,0
5434,20972426666,182279317,1,0
5435,20972756555,182311721,1,0
5436,20973072666,182345067,1,0
5437,20973406000,182377195,1,0
5438,20973741777,182412171,1,0
5439,20974071777,182452036,1,0
5440,20974427111,182479863,1,0
5441,20974755333,182512036,1,0
5442,20975078333,182544606,1,0
5443,20975412333,182581006,1,0
5444,20975763333,182612514,1,0
5445,20976079111,182648764,1,0
5446,20976428000,182679697,1,0
5447,20976752333,182714221,1,0
5448,20977085777,182746213,1,0
5449,20977413555,182779827,1,0
5450,20977747111,182817679,1,0
5451,20978076111,182845815,1,0
5452,20978410666,182884529,1,0
5453,20978776333,182912756,1,0
5454,20979087111,182947237,1,0
5455,20979424222,182979921,1,0
5456,20979743111,183015692,1,0
5457,20980083333,183045539,1,0
5458,20980419666,183083571,1,0
5459,20980781777,183111327,1,0
5460,20981079111,183147955,1,0
5461,20981435222,183178173,1,0
5462,20981738444,183215199,1,0
5463,20982086666,183245882,1,0
5464,20982413333,183280518,1,0
5465,20982764888,183314578,1,0
5466,20983082111,183347878,1,0
5467,20983423222,183377684,1,0
5468,20983750666,183412364,1,0
5469,20984084666,183450259,1,0
5470,20984421777,183478652,1,0
5471,20984759111,183512665,1,0
5472,20985086111,183543985,1,0
5473,20985411777,183582474,1,0
5474,20985771111,183613493,1,0
5475,20986091666,183647076,1,0
5476,20986424333,183680198,1,0
5477,20986758111,183712119,1,0
5478,20987088555,183746847,1,0
5479,20987419888,183780442,1,0
5480,20987761222,183814255,1,0
5481,20988096666,183846587,1,0
5482,20988431555,183879172,1,0
5483,20988752555,183914527,1,0
5484,20989100777,183948335,1,0
5485,20989434333,183981544,1,0
5486,20989758000,184013396,1,0
5487,20990095777,184047313,1,0
5488,20990432555,184079562,1,0
5489,20990754666,184114307,1,0
5490,20991094888,184146059,1,0
5491,20991415111,184181848,1,0
5492,20991771000,184215939,1,0
5493,20992111777,184249752,1,0
5494,20992426111,184280272,1,0
5495,20992753444,184314277,1,0
5496,20993098555,184345585,1,0
5497,20993422222,184379163,1,0
5498,20993767777,184411337,1,0
5499,20994089888,184445508,1,0
5500,20994425555,184481004,1,0
5501,20994781333,184514311,1,0
5502,20995101777,184547685,1,0
5503,20995433333,184581436,1,0
5504,20995770666,184613747,1,0
5505,20996091222,184647291,1,0
5506,20996433000,184681164,1,0
5507,20996767888,184718640,1,0
5508,20997095444,184747733,1,0
5509,20997434666,184780457,1,0
5510,20997771111,184812594,1,0
5511,20998094000,184848200,1,0
5512,20998454222,184881306,1,0
5513,20998775222,184914400,1,0
5514,20999099333,184948773,1,0
5515,20999431777,184981920,1,0
5516,20999770888,185016490,1,0
5517,21000112555,185049239,1,0
5518,21000438555,185080334,1,0
5519,21000762555,185114351,1,0
5520,21001098555,185148415,1,0
5521,21001436777,185184797,1,0
5522,21001793222,185214965,1,0
5523,21002097111,185247647,1,0
5524,21002434666,185281050,1,0
5525,21002768333,185315340,1,0
5526,21003111666,185347968,1,0
5527,21003435111,185381757,1,0
5528,21003768333,185416810,1,0
5529,21004113666,185450063,1,0
5530,21004435111,185480915,1,0
5531,21004769666,185516307,1,0
5532,21005110444,185549368,1,0
5533,21005440888,185582535,1,0
5534,21005780222,185616942,1,0
5535,21006119888,185649324,1,0
5536,21006437666,185685859,1,0
5537,21006804777,185717853,1,0
5538,21007141111,185749474,1,0
5539,21007443777,185782978,1,0
5540,21007790777,185814793,1,0
5541,21008103444,185849993,1,0
5542,21008450888,185882266,1,0
5543,21008783111,185915827,1,0
5544,21009112777,185948443,1,0
5545,21009448222,185983038,1,0
5546,21009782444,186014104,1,0
5547,21010102333,186049827,1,0
5548,21010446111,186082890,1,0
5549,21010781666,186115347,1,0
5550,21011108222,186149518,1,0
5551,21011442222,186182079,1,0
5552,21011774888,186215320,1,0
5553,21012106777,186251781,1,0
5554,21012448666,186283363,1,0
5555,21012778555,186316279,1,0
5556,21013113666,186351438,1,0
5557,21013463222,186383661,1,0
5558,21013793111,186416213,1,0
5559,21014125222,186449187,1,0
5560,21014456888,186481469,1,0
5561,21014780555,186517804,1,0
5562,21015131222,186550756,1,0
5563,21015457777,186583312,1,0
5564,21015785555,186617776,1,0
5565,21016125222,186651896,1,0
5566,21016473222,186682934,1,0
5567,21016778444,186715054,1,0
5568,21017117111,186750138,1,0
5569,21017454666,186786169,1,0
5570,21017787111,186816856,1,0
5571,21018115222,186851495,1,0
5572,21018474333,186882540,1,0
5573,21018792222,186916774,1,0
5574,21019120222,186948961,1,0
5575,21019444222,186982298,1,0
5576,21019777777,187014962,1,0
5577,21020122222,187050769,1,0
5578,21020466111,187083311,1,0
5579,21020790555,187116334,1,0
5580,21021115555,187149939,1,0
5581,21021452222,187184707,1,0
5582,21021801666,187217824,1,0
5583,21022121111,187250538,1,0
5584,21022463666,187284996,1,0
5585,21022812555,187315583,1,0
5586,21023117555,187349612,1,0
5587,21023461666,187384115,1,0
5588,21023793666,187416380,1,0
5589,21024122111,187449670,1,0
5590,21024459666,187483607,1,0
5591,21024792666,187517367,1,0
5592,21025125888,187551880,1,0
5593,21025466888,187584330,1,0
5594,21025799888,187617218,1,0
5595,21026124777,187650764,1,0
5596,21026464888,187684908,1,0
5597,21026797777,187717301,1,0
5598,21027136222,187750307,1,0
5599,21027466111,187786081,1,0
5600,21027799222,187818169,1,0
5601,21028133333,187851482,1,0
5602,21028467666,187885744,1,0
5603,21028807222,187918760,1,0
5604,21029138666,187951490,1,0
5605,21029472777,187985025,1,0
5606,21029802333,188018509,1,0
5607,21030130777,188051749,1,0
5608,21030462666,188085187,1,0
5609,21030802888,188118838,1,0
5610,21031134777,188152180,1,0
5611,21031472222,188185776,1,0
5612,21031803111,188217047,1,0
5613,21032130555,188251872,1,0
5614,21032467000,188286402,1,0
5615,21032809666,188317624,1,0
5616,21033129111,188351961,1,0
5617,21033466888,188384761,1,0
5618,21033807222,188418081,1,0
5619,21034131888,188451491,1,0
5620,21034471777,188487096,1,0
5621,21034819333,188517495,1,0
5622,21035135777,188552717,1,0
5623,21035479777,188586244,1,0
5624,21035817555,188619340,1,0
5625,21036148444,188654335,1,0
5626,21036492666,188685427,1,0
5627,21036811666,188718782,1,0
5628,21037137333,188755744,1,0
5629,21037507666,188784813,1,0
5630,21037811666,188817915,1,0
5631,21038139333,188855006,1,0
5632,21038488333,188885836,1,0
5633,21038817666,188919504,1,0
5634,21039144111,188955619,1,0
5635,21039494666,188985514,1,0
5636,21039808444,189018391,1,0
5637,21040141888,189053306,1,0
5638,21040480666,189085401,1,0
5639,21040812333,189120150,1,0
5640,21041141222,189152364,1,0
5641,21041480555,189186229,1,0
5642,21041804666,189218330,1,0
5643,21042135000,189252409,1,0
5644,21042477222,189286136,1,0
5645,21042819666,189320200,1,0
5646,21043149888,189351738,1,0
5647,21043479111,189388482,1,0
5648,21043840222,189419783,1,0
5649,21044141777,189455967,1,0
5650,21044512222,189486069,1,0
5651,21044821666,189519890,1,0
5652,21045152111,189554011,1,0
5653,21045482000,189590512,1,0
5654,21045823333,189619646,1,0
5655,21046157777,189655304,1,0
5656,21046491666,189686679,1,0
5657,21046827111,189720643,1,0
5658,21047155777,189752877,1,0
5659,21047489000,189786294,1,0
5660,21047826666,189819000,1,0
5661,21048152555,189854449,1,0
5662,21048491888,189887029,1,0
5663,21048817222,189920271,1,0
5664,21049154222,189952506,1,0
5665,21049483666,189987139,1,0
5666,21049818555,190022990,1,0
5667,21050190777,190052089,1,0
5668,21050484777,190086191,1,0
5669,21050821777,190120186,1,0
5670,21051154777,190152611,1,0
5671,21051480666,190186864,1,0
5672,21051823444,190227088,1,0
5673,21052220888,190252720,1,0
5674,21052487111,190286666,1,0
5675,21052820444,190319498,1,0
5676,21053154666,190354254,1,0
5677,21053495111,190386701,1,0
5678,21053826888,190420873,1,0
5679,21054170111,190452518,1,0
5680,21054484666,190488320,1,0
5681,21054835000,190520773,1,0
5682,21055173111,190552990,1,0
5683,21055488666,190586930,1,0
5684,21055820000,190619897,1,0
5685,21056160555,190652764,1,0
5686,21056490777,190686295,1,0
5687,21056821555,190718848,1,0
5688,21057154000,190754987,1,0
5689,21057497555,190786901,1,0
5690,21057820666,190819579,1,0
5691,21058153222,190857089,1,0
5692,21058533111,190889180,1,0
5693,21058835666,190919415,1,0
5694,21059159222,190953739,1,0
5695,21059494222,190988116,1,0
5696,21059833111,191020491,1,0
5697,21060165555,191054857,1,0
5698,21060501777,191088380,1,0
5699,21060840111,191121707,1,0
5700,21061164000,191156187,1,0
5701,21061511888,191187630,1,0
5702,21061834111,191220166,1,0
5703,21062160555,191255417,1,0
5704,21062506555,191287641,1,0
5705,21062828555,191320337,1,0
5706,21063155777,191356235,1,0
5707,21063501000,191386738,1,0
5708,21063837111,191422637,1,0
5709,21064188666,191453869,1,0
5710,21064503444,191490737,1,0
5711,21064856777,191521316,1,0
5712,21065170111,191553640,1,0
5713,21065495444,191588663,1,0
5714,21065841111,191621269,1,0
5715,21066172666,191655540,1,0
5716,21066507777,191689409,1,0
5717,21066842666,191720151,1,0
5718,21067167333,191757182,1,0
5719,21067518444,191789297,1,0
5720,21067841666,191820488,1,0
5721,21068166777,191857075,1,0
5722,21068527666,191887455,1,0
5723,21068836000,191922769,1,0
5724,21069178111,191955952,1,0
5725,21069510111,191989693,1,0
5726,21069843111,192020537,1,0
5727,21070164888,192055745,1,0
5728,21070514111,192088318,1,0
5729,21070850999,192126883,1,0
5730,21071221666,192158730,1,0
5731,21071541222,192187148,1,0
5732,21071837555,192221312,1,0
5733,21072172111,192256257,1,0
5734,21072516555,192289378,1,0
5735,21072860555,192323962,1,0
5736,21073203222,192355622,1,0
5737,21073504777,192387300,1,0
5738,21073842222,192421855,1,0
5739,21074168222,192456807,1,0
5740,21074511555,192488242,1,0
5741,21074843555,192520515,1,0
5742,21075173222,192555665,1,0
5743,21075515333,192588419,1,0
5744,21075848666,192624025,1,0
5745,21076192666,192659411,1,0
5746,21076547888,192689814,1,0
5747,21076852333,192720710,1,0
5748,21077175000,192759351,1,0
5749,21077552333,192790282,1,0
5750,21077857666,192825712,1,0
5751,21078204666,192856720,1,0
5752,21078528222,192889472,1,0
5753,21078850888,192924825,1,0
5754,21079198222,192954877,1,0
5755,21079511666,192989755,1,0
5756,21079853111,193022927,1,0
5757,21080182666,193055259,1,0
5758,21080515000,193087909,1,0
5759,21080844222,193121247,1,0
5760,21081175777,193156653,1,0
5761,21081522555,193189380,1,0
5762,21081854111,193223335,1,0
5763,21082188222,193255253,1,0
5764,21082514111,193288257,1,0
5765,21082858222,193324179,1,0
5766,21083182111,193355451,1,0
5767,21083520111,193389732,1,0
5768,21083852666,193421553,1,0
5769,21084182666,193456654,1,0
5770,21084522444,193489065,1,0
5771,21084846555,193526078,1,0
5772,21085219777,193555153,1,0
5773,21085515888,193589695,1,0
5774,21085855555,193623112,1,0
5775,21086189333,193656513,1,0
5776,21086526555,193689760,1,0
5777,21086863222,193720788,1,0
5778,21087181111,193756260,1,0
5779,21087532555,193789928,1,0
5780,21087862111,193821932,1,0
5781,21088185111,193859728,1,0
5782,21088556000,193889027,1,0
5783,21088858000,193924004,1,0
5784,21089201666,193961849,1,0
5785,21089555222,193990681,1,0
5786,21089875111,194022932,1,0
5787,21090197000,194062352,1,0
5788,21090561666,194089564,1,0
5789,21090856555,194122389,1,0
5790,21091193666,194155867,1,0
5791,21091525111,194188470,1,0
5792,21091854777,194223665,1,0
5793,21092199666,194256336,1,0
5794,21092527888,194290398,1,0
5795,21092862222,194323982,1,0
5796,21093193111,194357237,1,0
5797,21093531222,194390093,1,0
5798,21093864000,194423395,1,0
5799,21094195111,194456520,1,0
5800,21094529111,194489510,1,0
5801,21094863222,194523763,1,0
5802,21095198444,194556968,1,0
5803,21095525777,194590195,1,0
5804,21095869222,194624480,1,0
5805,21096201666,194657528,1,0
5806,21096532666,194689090,1,0
5807,21096859888,194723315,1,0
5808,21097204666,194758762,1,0
5809,21097559555,194789772,1,0
5810,21097865000,194824343,1,0
5811,21098199222,194858388,1,0
5812,21098538000,194890885,1,0
5813,21098877111,194924607,1,0
5814,21099202111,194957999,1,0
5815,21099534888,194993190,1,0
5816,21099881666,195023994,1,0
5817,21100194555,195057922,1,0
5818,21100546666,195091626,1,0
5819,21100885000,195125264,1,0
5820,21101209666,195157687,1,0
5821,21101543333,195192208,1,0
5822,21101878555,195224618,1,0
5823,21102200222,195258827,1,0
5824,21102534777,195294553,1,0
5825,21102904777,195323696,1,0
5826,21103196888,195357226,1,0
5827,21103534222,195390683,1,0
5828,21103871000,195424190,1,0
5829,21104203777,195458281,1,0
5830,21104544222,195498556,1,0
5831,21104928444,195523644,1,0
5832,21105193000,195559122,1,0
5833,21105545444,195591308,1,0
5834,21105871222,195625010,1,0
5835,21106207333,195658562,1,0
5836,21106542444,195692206,1,0
5837,21106879777,195727606,1,0
5838,21107217999,195760068,1,0
5839,21107550666,195792426,1,0
5840,21107874555,195826218,1,0
5841,21108207111,195857969,1,0
5842,21108545111,195892968,1,0
5843,21108890666,195925406,1,0
5844,21109213000,195960860,1,0
5845,21109556777,195993339,1,0
5846,21109884555,196024891,1,0
5847,21110215777,196059160,1,0
5848,21110549111,196093298,1,0
5849,21110892111,196128955,1,0
5850,21111242111,196158675,1,0
5851,21111544444,196192529,1,0
5852,21111881444,196226781,1,0
5853,21112222222,196259637,1,0
5854,21112549666,196294479,1,0
5855,21112885222,196325986,1,0
5856,21113217222,196357151,1,0
5857,21113542666,196390522,1,0
5858,21113877777,196426409,1,0
5859,21114212000,196459382,1,0
5860,21114550111,196493885,1,0
5861,21114888444,196526771,1,0
5862,21115212222,196559774,1,0
5863,21115547666,196594625,1,0
5864,21115901555,196626714,1,0
5865,21116215777,196659992,1,0
5866,21116550000,196693832,1,0
5867,21116889111,196726232,1,0
5868,21117216111,196758813,1,0
5869,21117550888,196795407,1,0
5870,21117905555,196826267,1,0
5871,21118217666,196862400,1,0
5872,21118581555,196894523,1,0
5873,21118888777,196925976,1,0
5874,21119215111,196962914,1,0
5875,21119578111,196993399,1,0
5876,21119890555,197027748,1,0
5877,21120223555,197062135,1,0
5878,21120583333,197093669,1,0
5879,21120890222,197126077,1,0
5880,21121221999,197159436,1,0
5881,21121550222,197193637,1,0
5882,21121894666,197225793,1,0
5883,21122220000,197261220,1,0
5884,21122556000,197296986,1,0
5885,21122910333,197326542,1,0
5886,21123223444,197361579,1,0
5887,21123560666,197393451,1,0
5888,21123885888,197428780,1,0
5889,21124241333,197461586,1,0
5890,21124555999,197494640,1,0
5891,21124890777,197530137,1,0
5892,21125227222,197561096,1,0
5893,21125563000,197599807,1,0
5894,21125907666,197626478,1,0
5895,21126222111,197660825,1,0
5896,21126558666,197693535,1,0
5897,21126897555,197727859,1,0
5898,21127232777,197762750,1,0
5899,21127571555,197794711,1,0
5900,21127899222,197831486,1,0
5901,21128260777,197860167,1,0
5902,21128556111,197895071,1,0
5903,21128902555,197927115,1,0
5904,21129222111,197961240,1,0
5905,21129561777,197995836,1,0
5906,21129897666,198029269,1,0
5907,21130237555,198063197,1,0
5908,21130578444,198098336,1,0
5909,21130903111,198127971,1,0
5910,21131230333,198161933,1,0
5911,21131569222,198195253,1,0
5912,21131899222,198228392,1,0
5913,21132234666,198260579,1,0
5914,21132568222,198297440,1,0
5915,21132903444,198328171,1,0
5916,21133236000,198359824,1,0
5917,21133557888,198395521,1,0
5918,21133897666,198429150,1,0
5919,21134242000,198462357,1,0
5920,21134574777,198496778,1,0
5921,21134905666,198528572,1,0
5922,21135227777,198561751,1,0
5923,21135567888,198598228,1,0
5924,21135908555,198627787,1,0
5925,21136233222,198662560,1,0
5926,21136581222,198695492,1,0
5927,21136900888,198732320,1,0
5928,21137243555,198764486,1,0
5929,21137577111,198796108,1,0
5930,21137912444,198828859,1,0
5931,21138234111,198863359,1,0
5932,21138582666,198897728,1,0
5933,21138927222,198930784,1,0
5934,21139239666,198968418,1,0
5935,21139630555,198994541,1,0
5936,21139906444,199028777,1,0
5937,21140241555,199063061,1,0
5938,21140583666,199095699,1,0
5939,21140913777,199127735,1,0
5940,21141237888,199164548,1,0
5941,21141597888,199196363,1,0
5942,21141918555,199230371,1,0
5943,21142252888,199261937,1,0
5944,21142582444,199296195,1,0
5945,21142922444,199334553,1,0
5946,21143287666,199361845,1,0
5947,21143585222,199394641,1,0
5948,21143907777,199430767,1,0
5949,21144245000,199463790,1,0
5950,21144576666,199496520,1,0
5951,21144921000,199528728,1,0
5952,21145246222,199562299,1,0
5953,21145581777,199596027,1,0
5954,21145915555,199627628,1,0
5955,21146245000,199661108,1,0
5956,21146577222,199698327,1,0
5957,21146936555,199728732,1,0
5958,21147251555,199763206,1,0
5959,21147594222,199795616,1,0
5960,21147918111,199829030,1,0
5961,21148257222,199864210,1,0
5962,21148596222,199896810,1,0
5963,21148921666,199930009,1,0
5964,21149246888,199963541,1,0
5965,21149588555,199996707,1,0
5966,21149912111,200029355,1,0
5967,21150246666,200063036,1,0
5968,21150580000,200095890,1,0
5969,21150916222,200128974,1,0
5970,21151248444,200162313,1,0
5971,21151584444,200195341,1,0
5972,21151910777,200231121,1,0
5973,21152263555,200264784,1,0
5974,21152589222,200298750,1,0
5975,21152933222,200329196,1,0
5976,21153256888,200362319,1,0
5977,21153582888,200397839,1,0
5978,21153937333,200429669,1,0
5979,21154248666,200461326,1,0
5980,21154582333,200497000,1,0
5981,21154931222,200529893,1,0
5982,21155257111,200563143,1,0
5983,21155587999,200597282,1,0
5984,21155928666,200630875,1,0
5985,21156260222,200662135,1,0
5986,21156585777,200696695,1,0
5987,21156922333,200730134,1,0
5988,21157257888,200765042,1,0
5989,21157599333,200797752,1,0
5990,21157932555,200829771,1,0
5991,21158263666,200865016,1,0
5992,21158596666,200897036,1,0
5993,21158927111,200931438,1,0
5994,21159261777,200965851,1,0
5995,21159620666,200995120,1,0
5996,21159917444,201028678,1,0
5997,21160254111,201063482,1,0
5998,21160597888,201098244,1,0
5999,21160933666,201131171,1,0
6000,21161255555,201165122,1,0
6001,21161602888,201197127,1,0
6002,21161929222,201230187,1,0
6003,21162260888,201264718,1,0
6004,21162603777,201298563,1,0
6005,21162946777,201331759,1,0
6006,21163260444,201364985,1,0
6007,21163620666,201398001,1,0
6008,21163925444,201431377,1,0
6009,21164272888,201463892,1,0
6010,21164597333,201498597,1,0
6011,21164938111,201531555,1,0
6012,21165269222,201566008,1,0
6013,21165606777,201598544,1,0
6014,21165938111,201630905,1,0
6015,21166264222,201663836,1,0
6016,21166595888,201698249,1,0
6017,21166934888,201733783,1,0
6018,21167279111,201765805,1,0
6019,21167606000,201798728,1,0
6020,21167939111,201831184,1,0
6021,21168267222,201864261,1,0
6022,21168605111,201898856,1,0
6023,21168942888,201932069,1,0
6024,21169273111,201964306,1,0
6025,21169595444,201998495,1,0
6026,21169945333,202032354,1,0
6027,21170274777,202064650,1,0
6028,21170605111,202097730,1,0
6029,21170937444,202130813,1,0
6030,21171276111,202166457,1,0
6031,21171630888,202197338,1,0
6032,21171934555,202232528,1,0
6033,21172272777,202268216,1,0
6034,21172631111,202300731,1,0
6035,21172971888,202333049,1,0
6036,21173286333,202365357,1,0
6037,21173617666,202399965,1,0
6038,21173962444,202432872,1,0
6039,21174292666,202464610,1,0
6040,21174607111,202504688,1,0
6041,21174959444,202533923,1,0
6042,21175296777,202565508,1,0
6043,21175612777,202598974,1,0
6044,21175955888,202631847,1,0
6045,21176279222,202665855,1,0
6046,21176621222,202698730,1,0
6047,21176945222,202732458,1,0
6048,21177274111,202765561,1,0
6049,21177612111,202799974,1,0
6050,21177953000,202832634,1,0
6051,21178289222,202868942,1,0
6052,21178640666,202899580,1,0
6053,21178950888,202933887,1,0
6054,21179301666,202968454,1,0
6055,21179618222,202998186,1,0
6056,21179940444,203032796,1,0
6057,21180283555,203065797,1,0
6058,21180622000,203097906,1,0
6059,21180948333,203131732,1,0
6060,21181282222,203166517,1,0
6061,21181618000,203200605,1,0
6062,21181953222,203232201,1,0
6063,21182280777,203267045,1,0
6064,21182626777,203301110,1,0
6065,21182973555,203334753,1,0
6066,21183289333,203365590,1,0
6067,21183617666,203399683,1,0
6068,21183952333,203432648,1,0
6069,21184281666,203466965,1,0
6070,21184627111,203498886,1,0
6071,21184952111,203533152,1,0
6072,21185284555,203568217,1,0
6073,21185640111,203599731,1,0
6074,21185949555,203632715,1,0
6075,21186282666,203668714,1,0
6076,21186626000,203700265,1,0
6077,21186968000,203732570,1,0
6078,21187287555,203766723,1,0
6079,21187623111,203801842,1,0
6080,21187958777,203832789,1,0
6081,21188289111,203868235,1,0
6082,21188629222,203901636,1,0
6083,21188968777,203934478,1,0
6084,21189295000,203968553,1,0
6085,21189629666,203999771,1,0
6086,21189955111,204034856,1,0
6087,21190289666,204069564,1,0
6088,21190629555,204100531,1,0
6089,21190967111,204134032,1,0
6090,21191283555,204166277,1,0
6091,21191624444,204202217,1,0
6092,21191963222,204233924,1,0
6093,21192289777,204266800,1,0
6094,21192630888,204299413,1,0
6095,21192958333,204334197,1,0
6096,21193294111,204367925,1,0
6097,21193625111,204403076,1,0
6098,21193975111,204435018,1,0
6099,21194294666,204467852,1,0
6100,21194639777,204500625,1,0
6101,21194962000,204534054,1,0
6102,21195291000,204567667,1,0
6103,21195633111,204601839,1,0
6104,21195973777,204634076,1,0
6105,21196300000,204668143,1,0
6106,21196638333,204700571,1,0
6107,21196966555,204734865,1,0
6108,21197294555,204767286,1,0
6109,21197635111,204802321,1,0
6110,21197970333,204835836,1,0
6111,21198301444,204869079,1,0
6112,21198653000,204900361,1,0
6113,21198964555,204934653,1,0
6114,21199297666,204968886,1,0
6115,21199637555,205003008,1,0
6116,21199978555,205036398,1,0
6117,21200309888,205067855,1,0
6118,21200634666,205101331,1,0
6119,21200964777,205135357,1,0
6120,21201302666,205168837,1,0
6121,21201648555,205203838,1,0
6122,21201978555,205235209,1,0
6123,21202298555,205271002,1,0
6124,21202649222,205302981,1,0
6125,21202981555,205333453,1,0
6126,21203298444,205370761,1,0
6127,21203666333,205401857,1,0
6128,21203982111,205437527,1,0
6129,21204321111,205468888,1,0
6130,21204653222,205502925,1,0
6131,21204976111,205536888,1,0
6132,21205322555,205567896,1,0
6133,21205638555,205600823,1,0
6134,21205972444,205635250,1,0
6135,21206309111,205671071,1,0
6136,21206665222,205705263,1,0
6137,21206987111,205738370,1,0
6138,21207332000,205772283,1,0
6139,21207671666,205802405,1,0
6140,21207993000,205836353,1,0
6141,21208320333,205867909,1,0
6142,21208648111,205903367,1,0
6143,21208994444,205939083,1,0
6144,21209339000,205969917,1,0
6145,21209660555,206004883,1,0
6146,21210008555,206035144,1,0
6147,21210311555,206069146,1,0
6148,21210645666,206103761,1,0
6149,21210994999,206136537,1,0
6150,21211322666,206169075,1,0
6151,21211654000,206203239,1,0
6152,21211986000,206236460,1,0
6153,21212325666,206268070,1,0
6154,21212645888,206301375,1,0
6155,21212984000,206335383,1,0
6156,21213315666,206367084,1,0
6157,21213645111,206402795,1,0
6158,21213984222,206435743,1,0
6159,21214313111,206469127,1,0
6160,21214651111,206502837,1,0
6161,21214981444,206536670,1,0
6162,21215328000,206568637,1,0
6163,21215649333,206603154,1,0
6164,21215982888,206638552,1,0
6165,21216351000,206667915,1,0
6166,21216647333,206702840,1,0
6167,21216979000,206736135,1,0
6168,21217319111,206769845,1,0
6169,21217653333,206803395,1,0
6170,21218002444,206835466,1,0
6171,21218320777,206871257,1,0
6172,21218655888,206906715,1,0
6173,21219017666,206937729,1,0
6174,21219328999,206972165,1,0
6175,21219665000,207003278,1,0
6176,21219991555,207036341,1,0
6177,21220322555,207071580,1,0
6178,21220667000,207103465,1,0
6179,21220992222,207138514,1,0
6180,21221325888,207171441,1,0
6181,21221664000,207201910,1,0
6182,21221982666,207235476,1,0
6183,21222322222,207269251,1,0
6184,21222662555,207305097,1,0
6185,21223007111,207337996,1,0
6186,21223330000,207370978,1,0
6187,21223674888,207403243,1,0
6188,21223994333,207441589,1,0
6189,21224339111,207472154,1,0
6190,21224680111,207502939,1,0
6191,21224990111,207541503,1,0
6192,21225323333,207571212,1,0
6193,21225658333,207603670,1,0
6194,21225986555,207637327,1,0
6195,21226325666,207670809,1,0
6196,21226670222,207702997,1,0
6197,21226989111,207736909,1,0
6198,21227327111,207771066,1,0
6199,21227668555,207803687,1,0
6200,21227993888,207836472,1,0
6201,21228326666,207872233,1,0
6202,21228672666,207904714,1,0
6203,21229002666,207937481,1,0
6204,21229332444,207972388,1,0
6205,21229672333,208004364,1,0
6206,21230004888,208036974,1,0
6207,21230327444,208070429,1,0
6208,21230668000,208107526,1,0
6209,21231034111,208137685,1,0
6210,21231334666,208171228,1,0
6211,21231662555,208205072,1,0
6212,21231998222,208237936,1,0
6213,21232331000,208271083,1,0
6214,21232675888,208306610,1,0
6215,21233010888,208337964,1,0
6216,21233329111,208369757,1,0
6217,21233670111,208404192,1,0
6218,21234006444,208436956,1,0
6219,21234336555,208472381,1,0
6220,21234676444,208504764,1,0
6221,21235004222,208538873,1,0
6222,21235356222,208571913,1,0
6223,21235671111,208639194,1,0
6224,21236331666,208714187,1,0
6225,21236331666,208726069,1,0
6226,21236331666,208737351,1,0
6227,21237002111,208754383,1,0
6228,21237339222,208774672,1,0
6229,21237695888,208806068,1,0
6230,21238012000,208839471,1,0
6231,21238349222,208872338,1,0
6232,21238675000,208905897,1,0
6233,21239013111,208942983,1,0
6234,21239388777,208970681,1,0
6235,21239670000,209005382,1,0
6236,21240007666,209044426,1,0
6237,21240367555,209072000,1,0
6238,21240681666,209106008,1,0
6239,21241015888,209140589,1,0
6240,21241360888,209172711,1,0
6241,21241680444,209205569,1,0
6242,21242012111,209239418,1,0
6243,21242349888,209273662,1,0
6244,21242681888,209307197,1,0
6245,21243030222,209340459,1,0
6246,21243356000,209373825,1,0
6247,21243685666,209405500,1,0
6248,21244016444,209438412,1,0
6249,21244343000,209473938,1,0
6250,21244681999,209509422,1,0
6251,21245019222,209538873,1,0
6252,21245338444,209575868,1,0
6253,21245707222,209605745,1,0
6254,21246015222,209638824,1,0
6255,21246348333,209673300,1,0
6256,21246699444,209705153,1,0
6257,21247011555,209738300,1,0
6258,21247342444,209773366,1,0
6259,21247687666,209806563,1,0
6260,21248011666,209838783,1,0
6261,21248341666,209873014,1,0
6262,21248678333,209906148,1,0
6263,21249018444,209940289,1,0
6264,21249356555,209975326,1,0
6265,21249684888,210005743,1,0
6266,21250013111,210039430,1,0
6267,21250353111,210073746,1,0
6268,21250692111,210105343,1,0
6269,21251026666,210140414,1,0
6270,21251360111,210172306,1,0
6271,21251682111,210206647,1,0
6272,21252022888,210240080,1,0
6273,21252358555,210273920,1,0
6274,21252699777,210309341,1,0
6275,21253050888,210339729,1,0
6276,21253360777,210371790,1,0
6277,21253695111,210407253,1,0
6278,21254026666,210444106,1,0
6279,21254379111,210473429,1,0
6280,21254695333,210509910,1,0
6281,21255054777,210540812,1,0
6282,21255354333,210573752,1,0
6283,21255698000,210607832,1,0
6284,21256030666,210643418,1,0
6285,21256387666,210674677,1,0
6286,21256699000,210711327,1,0
6287,21257063111,210739695,1,0
6288,21257358000,210772990,1,0
6289,21257698333,210806968,1,0
6290,21258038111,210838772,1,0
6291,21258357000,210875153,1,0
6292,21258711111,210911607,1,0
6293,21259061666,210939300,1,0
6294,21259356555,210974874,1,0
6295,21259703666,211008386,1,0
6296,21260025888,211040419,1,0
6297,21260360888,211073797,1,0
6298,21260697888,211105616,1,0
6299,21261020000,211142959,1,0
6300,21261356666,211173906,1,0
6301,21261697111,211207014,1,0
6302,21262029111,211240773,1,0
6303,21262362777,211277185,1,0
6304,21262727111,211308012,1,0
6305,21263032888,211341192,1,0
6306,21263362555,211374134,1,0
6307,21263705666,211407014,1,0
6308,21264034666,211440582,1,0
6309,21264364222,211474365,1,0
6310,21264704555,211508895,1,0
6311,21265043222,211540889,1,0
6312,21265366111,211573701,1,0
6313,21265692111,211608175,1,0
6314,21266033111,211643942,1,0
6315,21266370111,211675350,1,0
6316,21266709555,211708554,1,0
6317,21267040777,211743144,1,0
6318,21267384555,211773655,1,0
6319,21267696888,211809411,1,0
6320,21268048777,211842511,1,0
6321,21268372888,211875447,1,0
6322,21268707111,211909033,1,0
6323,21269047222,211941889,1,0
6324,21269376000,211975287,1,0
6325,21269706666,212006736,1,0
6326,21270031111,212041410,1,0
6327,21270373666,212077230,1,0
6328,21270718777,212108190,1,0
6329,21271046111,212141645,1,0
6330,21271385222,212174444,1,0
6331,21271707555,212208207,1,0
6332,21272043888,212243310,1,0
6333,21272392666,212274970,1,0
6334,21272705555,212310265,1,0
6335,21273058111,212341131,1,0
6336,21273367444,212373223,1,0
6337,21273707000,212408934,1,0
6338,21274058111,212441262,1,0
6339,21274377333,212475790,1,0
6340,21274712777,212509286,1,0
6341,21275048444,212542984,1,0
6342,21275378555,212576015,1,0
6343,21275720444,212608028,1,0
6344,21276042555,212642650,1,0
6345,21276383888,212675820,1,0
6346,21276712666,212707358,1,0
6347,21277036555,212743048,1,0
6348,21277381888,212776316,1,0
6349,21277713666,212809686,1,0
6350,21278045111,212843664,1,0
6351,21278375222,212876802,1,0
6352,21278721000,212912689,1,0
6353,21279050555,212942933,1,0
6354,21279386666,212977231,1,0
6355,21279716000,213009000,1,0
6356,21280042777,213042393,1,0
6357,21280385777,213076606,1,0
6358,21280716555,213109473,1,0
6359,21281057888,213143064,1,0
6360,21281390444,213175598,1,0
6361,21281708222,213209304,1,0
6362,21282049111,213242299,1,0
6363,21282380000,213276031,1,0
6364,21282711555,213310537,1,0
6365,21283057111,213344594,1,0
6366,21283392222,213373983,1,0
6367,21283711555,213409969,1,0
6368,21284054000,213443562,1,0
6369,21284388555,213476756,1,0
6370,21284719666,213511169,1,0
6371,21285059111,213544065,1,0
6372,21285400222,213576527,1,0
6373,21285720000,213611670,1,0
6374,21286058000,213643287,1,0
6375,21286390444,213677127,1,0
6376,21286724777,213711942,1,0
6377,21287065555,213745182,1,0
6378,21287407111,213776689,1,0
6379,21287723555,213812724,1,0
6380,21288079666,213844220,1,0
6381,21288395888,213877730,1,0
6382,21288730999,213910131,1,0
6383,21289054000,213946606,1,0
6384,21289407777,213978075,1,0
6385,21289727111,214013900,1,0
6386,21290100777,214044649,1,0
6387,21290387888,214077105,1,0
6388,21290729222,214111101,1,0
6389,21291065222,214143845,1,0
6390,21291384888,214181718,1,0
6391,21291755777,214211305,1,0
6392,21292055111,214244402,1,0
6393,21292387111,214277595,1,0
6394,21292733000,214312489,1,0
6395,21293067222,214344018,1,0
6396,21293392777,214375882,1,0
6397,21293724111,214412957,1,0
6398,21294072444,214447340,1,0
6399,21294412222,214477988,1,0
6400,21294738777,214512206,1,0
6401,21295074777,214543596,1,0
6402,21295393555,214578858,1,0
6403,21295736666,214610910,1,0
6404,21296062666,214645094,1,0
6405,21296399555,214677504,1,0
6406,21296732888,214711100,1,0
6407,21297070111,214744944,1,0
6408,21297399666,214780393,1,0
6409,21297736111,214811703,1,0
6410,21298071666,214846640,1,0
6411,21298410666,214879029,1,0
6412,21298736666,214912240,1,0
6413,21299074999,214945025,1,0
6414,21299400666,214984676,1,0
6415,21299742666,215010757,1,0
6416,21300077777,215044729,1,0
6417,21300406555,215077347,1,0
6418,21300734555,215112740,1,0
6419,21301074888,215143749,1,0
6420,21301399111,215178793,1,0
6421,21301738000,215212899,1,0
6422,21302080222,215245069,1,0
6423,21302405222,215279891,1,0
6424,21302758111,215314715,1,0
6425,21303109000,215347427,1,0
6426,21303418111,215377037,1,0
6427,21303739444,215411380,1,0
6428,21304075777,215445845,1,0
6429,21304405666,215482390,1,0
6430,21304786444,215511727,1,0
6431,21305076555,215544762,1,0
6432,21305408000,215578346,1,0
6433,21305743666,215613467,1,0
6434,21306079000,215645912,1,0
6435,21306420555,215679705,1,0
6436,21306752888,215714560,1,0
6437,21307110444,215746145,1,0
6438,21307417777,215778669,1,0
6439,21307746555,215814413,1,0
6440,21308095444,215845839,1,0
6441,21308407555,215881620,1,0
6442,21308761555,215912026,1,0
6443,21309079666,215946046,1,0
6444,21309417777,215978880,1,0
6445,21309750111,216012321,1,0
6446,21310086000,216045403,1,0
6447,21310412111,216078757,1,0
6448,21310745222,216112168,1,0
6449,21311087444,216144732,1,0
6450,21311410111,216178924,1,0
6451,21311747999,216213019,1,0
6452,21312086888,216244883,1,0
6453,21312411888,216279316,1,0
6454,21312751666,216314164,1,0
6455,21313095777,216346312,1,0
6456,21313425000,216378454,1,0
6457,21313761222,216412793,1,0
6458,21314089111,216444273,1,0
6459,21314412777,216479226,1,0
6460,21314759444,216513750,1,0
6461,21315097555,216544596,1,0
6462,21315410666,216578979,1,0
6463,21315740333,216614162,1,0
6464,21316092444,216645613,1,0
6465,21316417777,216679210,1,0
6466,21316749555,216714114,1,0
6467,21317092222,216747893,1,0
6468,21317429000,216779272,1,0
6469,21317760555,216813378,1,0
6470,21318092333,216846004,1,0
6471,21318425000,216880523,1,0
6472,21318765555,216914514,1,0
6473,21319097666,216944912,1,0
6474,21319415444,216979995,1,0
6475,21319751111,217012223,1,0
6476,21320077555,217046975,1,0
6477,21320429222,217079637,1,0
6478,21320755444,217113695,1,0
6479,21321100888,217148085,1,0
6480,21321442000,217182994,1,0
6481,21321783999,217213279,1,0
6482,21322086888,217249458,1,0
6483,21322444111,217281132,1,0
6484,21322758000,217314745,1,0
6485,21323094666,217344849,1,0
6486,21323413888,217378508,1,0
6487,21323752555,217414644,1,0
6488,21324100666,217447086,1,0
6489,21324423000,217480624,1,0
6490,21324763555,217513575,1,0
6491,21325093111,217546677,1,0
6492,21325418888,217578982,1,0
6493,21325756444,217613428,1,0
6494,21326092888,217646532,1,0
6495,21326430000,217681190,1,0
6496,21326760666,217714162,1,0
6497,21327093111,217746296,1,0
6498,21327427333,217781303,1,0
6499,21327769555,217817829,1,0
6500,21328134111,217848268,1,0
6501,21328441222,217882941,1,0
6502,21328778444,217918040,1,0
6503,21329124666,217948037,1,0
6504,21329437555,217981895,1,0
6505,21329774333,218013200,1,0
6506,21330097555,218047352,1,0
6507,21330434555,218082486,1,0
6508,21330777888,218114225,1,0
6509,21331098333,218149273,1,0
6510,21331428333,218184615,1,0
6511,21331781000,218214468,1,0
6512,21332100999,218246448,1,0
6513,21332429000,218281585,1,0
6514,21332771666,218313617,1,0
6515,21333097444,218347664,1,0
6516,21333430333,218382209,1,0
6517,21333774555,218415153,1,0
6518,21334110888,218449492,1,0
6519,21334452000,218481580,1,0
6520,21334768777,218515102,1,0
6521,21335104555,218548813,1,0
6522,21335438444,218581924,1,0
6523,21335775555,218616219,1,0
6524,21336111111,218649105,1,0
6525,21336444111,218681283,1,0
6526,21336775777,218714345,1,0
6527,21337113333,218748389,1,0
6528,21337436555,218783072,1,0
6529,21337779222,218816358,1,0
6530,21338117888,218850883,1,0
6531,21338459555,218882625,1,0
6532,21338785666,218914885,1,0
6533,21339100555,218949260,1,0
6534,21339446555,218982404,1,0
6535,21339772222,219014120,1,0
6536,21340110000,219049137,1,0
6537,21340438444,219083350,1,0
6538,21340786888,219115109,1,0
6539,21341106555,219149338,1,0
6540,21341441555,219182156,1,0
6541,21341777888,219214362,1,0
6542,21342105000,219249052,1,0
6543,21342450333,219282542,1,0
6544,21342778555,219317547,1,0
6545,21343118111,219349437,1,0
6546,21343449000,219382292,1,0
6547,21343776444,219417981,1,0
6548,21344137222,219450538,1,0
6549,21344463888,219484467,1,0
6550,21344807000,219516892,1,0
6551,21345129555,219553994,1,0
6552,21345485777,219584122,1,0
6553,21345801444,219619234,1,0
6554,21346159444,219651039,1,0
6555,21346478555,219686313,1,0
6556,21346830111,219719269,1,0
6557,21347159555,219751403,1,0
6558,21347459333,219787253,1,0
6559,21347812222,219818626,1,0
6560,21348143333,219849835,1,0
6561,21348452888,219883196,1,0
6562,21348782111,219918323,1,0
6563,21349132111,219951118,1,0
6564,21349459000,219984535,1,0
6565,21349787111,220024163,1,0
6566,21350124444,220053292,1,0
6567,21350476555,220082612,1,0
6568,21350785666,220116323,1,0
6569,21351123111,220149804,1,0
6570,21351453333,220183473,1,0
6571,21351791444,220218541,1,0
6572,21352140666,220252825,1,0
6573,21352482222,220285674,1,0
6574,21352807333,220318189,1,0
6575,21353133111,220352823,1,0
6576,21353480333,220382187,1,0
6577,21353792111,220415904,1,0
6578,21354124666,220449665,1,0
6579,21354456222,220483969,1,0
6580,21354789444,220517095,1,0
6581,21355127444,220554746,1,0
6582,21355502555,220582671,1,0
6583,21355786444,220616983,1,0
6584,21356127333,220650417,1,0
6585,21356460666,220683249,1,0
6586,21356789777,220719471,1,0
6587,21357144666,220749176,1,0
6588,21357450888,220784292,1,0
6589,21357790888,220816959,1,0
6590,21358124777,220849445,1,0
6591,21358453333,220885457,1,0
6592,21358801555,220916484,1,0
6593,21359130222,220950829,1,0
6594,21359458555,220984615,1,0
6595,21359798888,221018767,1,0
6596,21360143111,221053556,1,0
6597,21360469555,221085981,1,0
6598,21360806444,221119463,1,0
6599,21361146000,221151824,1,0
6600,21361474888,221186185,1,0
6601,21361803444,221217626,1,0
6602,21362129666,221250771,1,0
6603,21362456444,221284310,1,0
6604,21362810000,221320391,1,0
6605,21363142333,221351750,1,0
6606,21363460666,221385521,1,0
6607,21363804444,221417610,1,0
6608,21364134444,221451236,1,0
6609,21364462000,221484302,1,0
6610,21364800444,221516786,1,0
6611,21365127444,221550104,1,0
6612,21365463888,221585949,1,0
6613,21365811666,221618341,1,0
6614,21366135666,221652699,1,0
6615,21366465111,221686573,1,0
6616,21366816111,221718819,1,0
6617,21367148222,221752974,1,0
6618,21367473000,221787049,1,0
6619,21367815999,221821117,1,0
6620,21368155888,221852322,1,0
6621,21368472333,221887135,1,0
6622,21368812111,221918375,1,0
6623,21369137222,221956241,1,0
6624,21369509555,221985793,1,0
6625,21369798000,222017484,1,0
6626,21370135777,222050586,1,0
6627,21370466444,222084905,1,0
6628,21370813888,222117996,1,0
6629,21371137888,222151516,1,0
6630,21371479444,222183890,1,0
6631,21371802444,222220334,1,0
6632,21372152888,222251493,1,0
6633,21372468000,222285780,1,0
6634,21372812111,222319417,1,0
6635,21373149666,222351992,1,0
6636,21373471000,222385075,1,0
6637,21373807222,222418566,1,0
6638,21374136666,222452761,1,0
6639,21374483333,222488126,1,0
6640,21374832111,222520740,1,0
6641,21375153111,222552312,1,0
6642,21375477555,222584865,1,0
6643,21375805666,222619998,1,0
6644,21376152666,222652770,1,0
6645,21376490888,222686847,1,0
6646,21376820666,222720219,1,0
6647,21377146666,222752667,1,0
6648,21377477222,222787578,1,0
6649,21377817888,222820064,1,0
6650,21378151555,222853396,1,0
6651,21378479888,222886140,1,0
6652,21378814111,222920758,1,0
6653,21379157000,222955506,1,0
6654,21379503555,222987027,1,0
6655,21379822111,223017506,1,0
6656,21380143222,223054276,1,0
6657,21380487444,223088502,1,0
6658,21380811000,223120252,1,0
6659,21381164000,223153435,1,0
6660,21381493444,223186701,1,0
6661,21381817000,223219893,1,0
6662,21382153444,223255485,1,0
6663,21382506555,223287494,1,0
6664,21382822111,223319256,1,0
6665,21383157888,223353533,1,0
6666,21383489111,223385753,1,0
6667,21383820444,223418622,1,0
6668,21384156111,223452969,1,0
6669,21384485000,223485937,1,0
6670,21384813444,223521068,1,0
6671,21385160222,223553163,1,0
6672,21385487111,223584716,1,0
6673,21385809888,223621389,1,0
6674,21386171111,223653044,1,0
6675,21386485222,223685514,1,0
6676,21386818777,223720366,1,0
6677,21387154999,223756259,1,0
6678,21387491666,223787788,1,0
6679,21387827666,223822402,1,0
6680,21388164111,223854165,1,0
6681,21388489555,223886865,1,0
6682,21388825000,223919335,1,0
6683,21389148444,223956477,1,0
6684,21389516666,223986543,1,0
6685,21389821888,224019514,1,0
6686,21390149666,224053498,1,0
6687,21390486666,224086650,1,0
6688,21390828111,224122575,1,0
6689,21391177777,224154739,1,0
6690,21391500666,224188155,1,0
6691,21391836555,224222621,1,0
6692,21392168444,224255000,1,0
6693,21392492444,224287636,1,0
6694,21392840333,224322183,1,0
6695,21393167777,224360809,1,0
6696,21393517111,224388883,1,0
6697,21393842111,224420251,1,0
6698,21394166111,224457382,1,0
6699,21394524111,224487376,1,0
6700,21394837444,224520834,1,0
6701,21395164888,224554233,1,0
6702,21395499111,224588980,1,0
6703,21395838444,224622786,1,0
6704,21396184111,224653423,1,0
6705,21396500888,224689175,1,0
6706,21396839444,224720730,1,0
6707,21397169000,224759884,1,0
6708,21397549111,224787730,1,0
6709,21397836444,224823942,1,0
6710,21398179555,224855762,1,0
6711,21398509555,224886989,1,0
6712,21398834777,224923463,1,0
6713,21399189666,224953733,1,0
6714,21399501555,224988942,1,0
6715,21399839000,225022424,1,0
6716,21400178222,225057005,1,0
6717,21400511333,225087624,1,0
6718,21400841444,225121049,1,0
6719,21401167555,225154079,1,0
6720,21401498555,225187234,1,0
6721,21401836111,225219118,1,0
6722,21402157777,225253324,1,0
6723,21402504444,225287239,1,0
6724,21402842444,225324660,1,0
6725,21403183000,225352724,1,0
6726,21403502666,225390884,1,0
6727,21403868666,225420882,1,0
6728,21404170000,225453144,1,0
6729,21404506444,225488648,1,0
6730,21404846555,225521436,1,0
6731,21405176555,225554733,1,0
6732,21405502111,225589016,1,0
6733,21405848333,225623792,1,0
6734,21406176111,225653567,1,0
6735,21406500333,225689963,1,0
6736,21406856111,225722465,1,0
6737,21407185888,225757221,1,0
6738,21407506666,225788084,1,0
6739,21407846555,225823094,1,0
6740,21408194666,225856676,1,0
6741,21408519111,225888597,1,0
6742,21408850111,225921938,1,0
6743,21409188111,225959914,1,0
6744,21409537777,225988727,1,0
6745,21409852333,226023443,1,0
6746,21410195666,226054720,1,0
6747,21410507888,226089091,1,0
6748,21410849555,226123055,1,0
6749,21411186222,226155200,1,0
6750,21411515555,226189848,1,0
6751,21411859555,226225466,1,0
6752,21412216111,226253378,1,0
6753,21412506444,226288798,1,0
6754,21412859555,226322385,1,0
6755,21413186111,226355628,1,0
6756,21413517111,226388587,1,0
6757,21413844666,226421736,1,0
6758,21414179111,226454170,1,0
6759,21414514444,226488646,1,0
6760,21414842888,226522881,1,0
6761,21415187333,226556683,1,0
6762,21415524666,226589401,1,0
6763,21415856555,226624475,1,0
6764,21416208333,226656261,1,0
6765,21416525111,226692851,1,0
6766,21416888555,226723405,1,0
6767,21417199999,226755546,1,0
6768,21417523777,226790798,1,0
6769,21417860000,226824982,1,0
6770,21418210444,226889976,1,0
6771,21418851222,226966716,1,0
6772,21418851222,226977386,1,0
6773,21418851222,226987761,1,0
6774,21419534555,227003937,1,0
6775,21419855222,227022222,1,0
6776,21420186555,227056123,1,0
6777,21420524000,227089860,1,0
6778,21420857666,227123156,1,0
6779,21421199888,227156124,1,0
6780,21421527444,227188219,1,0
6781,21421854444,227222308,1,0
6782,21422191444,227257289,1,0
6783,21422529444,227291368,1,0
6784,21422867777,227322788,1,0
6785,21423186999,227358657,1,0
6786,21423550222,227390190,1,0
6787,21423864666,227422664,1,0
6788,21424194000,227456506,1,0
6789,21424533888,227491182,1,0
6790,21424868111,227522185,1,0
6791,21425195444,227556206,1,0
6792,21425523888,227589217,1,0
6793,21425859666,227624060,1,0
6794,21426197444,227656673,1,0
6795,21426526666,227691249,1,0
6796,21426865888,227726293,1,0
6797,21427215111,227761095,1,0
6798,21427531555,227789319,1,0
6799,21427862000,227824880,1,0
6800,21428206666,227857552,1,0
6801,21428527000,227892004,1,0
6802,21428877000,227924129,1,0
6803,21429204444,227959728,1,0
6804,21429549000,227990633,1,0
6805,21429871666,228023914,1,0
6806,21430204000,228057483,1,0
6807,21430539555,228091742,1,0
6808,21430879111,228129127,1,0
6809,21431232444,228158606,1,0
6810,21431554000,228192930,1,0
6811,21431868333,228223623,1,0
6812,21432203333,228257757,1,0
6813,21432538111,228290850,1,0
6814,21432874555,228327318,1,0
6815,21433210000,228359124,1,0
6816,21433548000,228389130,1,0
6817,21433863111,228427123,1,0
6818,21434219111,228458594,1,0
6819,21434541555,228490893,1,0
6820,21434871666,228524812,1,0
6821,21435211555,228558027,1,0
6822,21435535000,228591280,1,0
6823,21435875555,228626393,1,0
6824,21436221555,228660045,1,0
6825,21436545666,228690990,1,0
6826,21436875888,228725321,1,0
6827,21437215222,228757204,1,0
6828,21437532888,228792381,1,0
6829,21437884555,228825323,1,0
6830,21438205555,228858060,1,0
6831,21438540111,228892533,1,0
6832,21438878666,228926276,1,0
6833,21439218555,228961550,1,0
6834,21439568555,228989979,1,0
6835,21439867777,229025886,1,0
6836,21440222444,229057991,1,0
6837,21440540888,229093365,1,0
6838,21440889888,229129274,1,0
6839,21441237666,229158460,1,0
6840,21441547888,229193405,1,0
6841,21441883666,229227287,1,0
6842,21442219111,229259017,1,0
6843,21442548666,229295351,1,0
6844,21442903000,229326213,1,0
6845,21443216555,229359262,1,0
6846,21443547111,229391896,1,0
6847,21443880666,229426424,1,0
6848,21444225444,229459512,1,0
6849,21444547444,229493178,1,0
6850,21444892222,229527867,1,0
6851,21445238777,229559421,1,0
6852,21445549000,229596905,1,0
6853,21445912111,229625055,1,0
6854,21446219888,229658517,1,0
6855,21446552777,229692977,1,0
6856,21446892111,229725364,1,0
6857,21447202000,229757924,1,0
6858,21447531888,229794502,1,0
6859,21447900777,229829006,1,0
6860,21448216444,229859929,1,0
6861,21448552888,229895327,1,0
6862,21448902888,229924108,1,0
6863,21449212444,229961463,1,0
6864,21449570666,229991182,1,0
6865,21449890333,230024650,1,0
6866,21450222333,230057154,1,0
6867,21450549333,230093325,1,0
6868,21450894444,230126691,1,0
6869,21451228555,230157988,1,0
6870,21451554000,230193716,1,0
6871,21451899111,230227446,1,0
6872,21452235999,230259430,1,0
6873,21452556444,230292206,1,0
6874,21452899111,230323746,1,0
6875,21453216888,230358608,1,0
6876,21453549777,230392452,1,0
6877,21453890666,230427039,1,0
6878,21454237666,230459799,1,0
6879,21454555888,230496298,1,0
6880,21454912888,230528584,1,0
6881,21455232000,230559628,1,0
6882,21455554000,230594872,1,0
6883,21455894333,230627036,1,0
6884,21456224000,230660962,1,0
6885,21456569333,230693003,1,0
6886,21456896444,230725982,1,0
6887,21457228222,230762008,1,0
6888,21457575222,230792959,1,0
6889,21457895222,230826545,1,0
6890,21458224000,230862601,1,0
6891,21458582000,230893245,1,0
6892,21458897000,230928357,1,0
6893,21459233111,230960919,1,0
6894,21459571666,230993860,1,0
6895,21459893333,231027632,1,0
6896,21460236555,231059689,1,0
6897,21460560222,231092702,1,0
6898,21460893555,231126632,1,0
6899,21461229444,231159619,1,0
6900,21461560666,231196358,1,0
6901,21461902444,231229469,1,0
6902,21462244444,231260635,1,0
6903,21462557555,231295542,1,0
6904,21462907444,231326576,1,0
6905,21463234888,231359869,1,0
