frame_index,source_timestamp_100ns,callback_elapsed_us,keyframe,discontinuity
0,31876861222,1122971,1,0
1,31877255777,1140337,1,0
2,31879995000,1157080,1,0
3,31880331444,1171756,1,0
4,31880672333,1198560,1,0
5,31880999666,1213764,1,0
6,31881342333,1228472,1,0
7,31881695222,1254344,1,0
8,31882047777,1261687,1,0
9,31882339666,1282073,1,0
10,31882670666,1292263,1,0
11,31882996555,1303312,1,0
12,31883340777,1333326,1,0
13,31883666666,1368783,1,0
14,31884007555,1403673,1,0
15,31884353222,1435641,1,0
16,31884673333,1470777,1,0
17,31885002888,1504244,1,0
18,31885338222,1539808,1,0
19,31885678777,1572167,1,0
20,31886021111,1607006,1,0
21,31886359000,1638148,1,0
22,31886678000,1674907,1,0
23,31887024000,1704198,1,0
24,31887341111,1741866,1,0
25,31887710555,1772267,1,0
26,31888019222,1805740,1,0
27,31888352333,1837790,1,0
28,31888688333,1870540,1,0
29,31889017222,1903903,1,0
30,31889337444,1939573,1,0
31,31889685444,1971430,1,0
32,31890014222,2003435,1,0
33,31890345555,2034030,1,0
34,31890675555,2069223,1,0
35,31891021333,2101554,1,0
36,31891349777,2139690,1,0
37,31891690333,2169191,1,0
38,31892016000,2203339,1,0
39,31892344777,2238823,1,0
40,31892689777,2271466,1,0
41,31893012888,2306699,1,0
42,31893353888,2337927,1,0
43,31893687777,2371181,1,0
44,31894022888,2406029,1,0
45,31894362666,2441192,1,0
46,31894709333,2472166,1,0
47,31895022222,2506523,1,0
48,31895380333,2541211,1,0
49,31895691333,2574229,1,0
50,31896033222,2608234,1,0
51,31896363444,2643570,1,0
52,31896729111,2674149,1,0
53,31897027888,2708270,1,0
54,31897367555,2740889,1,0
55,31897691777,2774667,1,0
56,31898018888,2807870,1,0
57,31898363111,2839324,1,0
58,31898685444,2875281,1,0
59,31899055666,2911469,1,0
60,31899378333,2938852,1,0
61,31899695333,2973319,1,0
62,31900032444,3008616,1,0
63,31900379666,3039496,1,0
64,31900691555,3073404,1,0
65,31901036333,3102559,1,0
66,31901355444,3145271,1,0
67,31901710777,3170614,1,0
68,31902028000,3202792,1,0
69,31902361000,3236718,1,0
70,31902692888,3277644,1,0
71,31903101444,3305511,1,0
72,31903352000,3338732,1,0
73,31903708777,3371851,1,0
74,31904019888,3405624,1,0
75,31904360777,3437153,1,0
76,31904711777,3471349,1,0
77,31905027222,3505290,1,0
78,31905360444,3540833,1,0
79,31905702777,3574485,1,0
80,31906022222,3608591,1,0
81,31906365111,3642012,1,0
82,31906702111,3674145,1,0
83,31907019666,3713705,1,0
84,31907373333,3742019,1,0
85,31907708333,3773935,1,0
86,31908022666,3807300,1,0
87,31908360111,3841606,1,0
88,31908701333,3872698,1,0
89,31909023333,3911584,1,0
90,31909402666,3942208,1,0
91,31909701777,3973589,1,0
92,31910028333,4011032,1,0
93,31910391333,4042419,1,0
94,31910712888,4074278,1,0
95,31911029333,4109188,1,0
96,31911376666,4142370,1,0
97,31911714888,4179868,1,0
98,31912077444,4208445,1,0
99,31912372111,4242603,1,0
100,31912709777,4276281,1,0
101,31913049333,4309204,1,0
102,31913377999,4341866,1,0
103,31913712777,4409903,1,0
104,31914377444,4486040,1,0
105,31914377444,4498209,1,0
106,31914377444,4508696,1,0
107,31915033888,4525487,1,0
108,31915379888,4543675,1,0
109,31915720444,4575725,1,0
110,31916041555,4608786,1,0
111,31916377555,4642725,1,0
112,31916708555,4675014,1,0
113,31917035666,4709383,1,0
114,31917372444,4744039,1,0
115,31917727444,4775412,1,0
116,31918039444,4810682,1,0
117,31918394444,4843559,1,0
118,31918721555,4875797,1,0
119,31919035111,4909712,1,0
120,31919384888,4946302,1,0
121,31919731333,4978135,1,0
122,31920047111,5011116,1,0
123,31920382777,5042017,1,0
124,31920719555,5076462,1,0
125,31921051888,5109204,1,0
126,31921376666,5142443,1,0
127,31921709555,5178607,1,0
128,31922064777,5209454,1,0
129,31922379333,5242931,1,0
130,31922710444,5276793,1,0
131,31923055777,5310990,1,0
132,31923389222,5343393,1,0
133,31923722333,5380406,1,0
134,31924073777,5411727,1,0
135,31924389000,5444293,1,0
136,31924730333,5477427,1,0
137,31925072222,5511012,1,0
138,31925383333,5543009,1,0
139,31925722777,5579876,1,0
140,31926072000,5611854,1,0
141,31926403111,5644017,1,0
142,31926718222,5677480,1,0
143,31927060111,5713423,1,0
144,31927411444,5743788,1,0
145,31927734222,5778081,1,0
146,31928058333,5811181,1,0
147,31928389222,5844099,1,0
148,31928725000,5877101,1,0
149,31929057444,5909196,1,0
150,31929384444,5945574,1,0
151,31929737444,5976960,1,0
152,31930052999,6011346,1,0
153,31930388777,6045562,1,0
154,31930726777,6077241,1,0
155,31931050888,6111345,1,0
156,31931394222,6145084,1,0
157,31931723555,6178870,1,0
158,31932054888,6211736,1,0
159,31932392888,6246850,1,0
160,31932734999,6278322,1,0
161,31933052222,6312028,1,0
162,31933395111,6343366,1,0
163,31933723777,6376592,1,0
164,31934053888,6410461,1,0
165,31934391777,6444566,1,0
166,31934729888,6476836,1,0
167,31935055666,6512810,1,0
168,31935401000,6546379,1,0
169,31935731555,6577867,1,0
170,31936062000,6611033,1,0
171,31936386555,6645131,1,0
172,31936735666,6678055,1,0
173,31937054777,6713513,1,0
174,31937403444,6747658,1,0
175,31937749111,6779398,1,0
176,31938056000,6812719,1,0
177,31938399555,6851993,1,0
178,31938795777,6879307,1,0
179,31939066666,6911760,1,0
180,31939400333,6945231,1,0
181,31939731555,6978763,1,0
182,31940058666,7012211,1,0
183,31940396444,7045245,1,0
184,31940738666,7078604,1,0
185,31941067444,7113608,1,0
186,31941414111,7145281,1,0
187,31941733444,7179691,1,0
188,31942082555,7212874,1,0
189,31942401777,7245993,1,0
190,31942739888,7279877,1,0
191,31943077888,7311228,1,0
192,31943401111,7344828,1,0
193,31943741666,7378483,1,0
194,31944062888,7411681,1,0
195,31944401666,7445655,1,0
196,31944734777,7478213,1,0
197,31945064111,7514144,1,0
198,31945408777,7545681,1,0
199,31945737888,7579303,1,0
200,31946078666,7612496,1,0
201,31946410222,7645986,1,0
202,31946743444,7679618,1,0
203,31947067666,7713200,1,0
204,31947398555,7746405,1,0
205,31947739444,7779672,1,0
206,31948066555,7813067,1,0
207,31948409777,7846415,1,0
208,31948751000,7877670,1,0
209,31949065555,7912811,1,0
210,31949412222,7946323,1,0
211,31949744777,7977579,1,0
212,31950067222,8012802,1,0
213,31950401888,8046045,1,0
214,31950738666,8079568,1,0
215,31951074000,8113582,1,0
216,31951419000,8146671,1,0
217,31951743000,8179434,1,0
218,31952078000,8213700,1,0
219,31952415000,8246736,1,0
220,31952748333,8279137,1,0
221,31953074333,8312703,1,0
222,31953407333,8346388,1,0
223,31953750888,8380279,1,0
224,31954077000,8415188,1,0
225,31954416888,8446982,1,0
226,31954754888,8480150,1,0
227,31955077333,8513721,1,0
228,31955417444,8547466,1,0
229,31955754777,8579798,1,0
230,31956081777,8613421,1,0
231,31956411222,8648752,1,0
232,31956766111,8679807,1,0
233,31957080333,8714501,1,0
234,31957419666,8749650,1,0
235,31957759888,8781708,1,0
236,31958089888,8813660,1,0
237,31958422333,8847245,1,0
238,31958749888,8880697,1,0
239,31959090333,8914286,1,0
240,31959421888,8949121,1,0
241,31959768555,8979292,1,0
242,31960077777,9014359,1,0
243,31960416888,9046233,1,0
244,31960749444,9082951,1,0
245,31961090666,9114822,1,0
246,31961427888,9147783,1,0
247,31961748666,9182697,1,0
248,31962097333,9214157,1,0
249,31962424888,9247770,1,0
250,31962758777,9282265,1,0
251,31963095444,9314358,1,0
252,31963415000,9348978,1,0
253,31963756000,9380142,1,0
254,31964085666,9413293,1,0
255,31964417333,9447445,1,0
256,31964758222,9480520,1,0
257,31965086333,9518371,1,0
258,31965420111,9547658,1,0
259,31965754777,9581251,1,0
260,31966091666,9614258,1,0
261,31966424000,9646961,1,0
262,31966745111,9681579,1,0
263,31967086555,9715365,1,0
264,31967429666,9748123,1,0
265,31967760555,9782524,1,0
266,31968094444,9816398,1,0
267,31968427888,9847911,1,0
268,31968754777,9880753,1,0
269,31969084888,9914960,1,0
270,31969427222,9947996,1,0
271,31969757444,9980853,1,0
272,31970093777,10015924,1,0
273,31970430333,10047275,1,0
274,31970758000,10081571,1,0
275,31971102111,10114017,1,0
276,31971425000,10147898,1,0
277,31971752888,10182959,1,0
278,31972101666,10215870,1,0
279,31972436555,10248598,1,0
280,31972765666,10280719,1,0
281,31973097222,10316662,1,0
282,31973435888,10348289,1,0
283,31973768555,10382008,1,0
284,31974099555,10416416,1,0
285,31974444444,10448920,1,0
286,31974770000,10481477,1,0
287,31975100333,10514973,1,0
288,31975432222,10552587,1,0
289,31975771777,10582606,1,0
290,31976101222,10615745,1,0
291,31976448111,10649035,1,0
292,31976774111,10682926,1,0
293,31977101333,10715880,1,0
294,31977435444,10749232,1,0
295,31977769000,10782077,1,0
296,31978103000,10816307,1,0
297,31978442111,10850161,1,0
298,31978778000,10882569,1,0
299,31979105777,10917207,1,0
300,31979456555,10950517,1,0
301,31979777777,10982828,1,0
302,31980099666,11015425,1,0
303,31980437777,11050946,1,0
304,31980786000,11083018,1,0
305,31981107000,11116803,1,0
306,31981445444,11149083,1,0
307,31981777444,11184098,1,0
308,31982109888,11216496,1,0
309,31982450444,11259141,1,0
310,31982849444,11282949,1,0
311,31983113000,11316046,1,0
312,31983439777,11349841,1,0
313,31983778777,11381709,1,0
314,31984103111,11416617,1,0
315,31984442000,11449406,1,0
316,31984776333,11482226,1,0
317,31985102444,11515795,1,0
318,31985446000,11550762,1,0
319,31985785000,11582607,1,0
320,31986102888,11618564,1,0
321,31986448222,11653253,1,0
322,31986799444,11682149,1,0
323,31987105444,11718721,1,0
324,31987466666,11751648,1,0
325,31987785666,11782784,1,0
326,31988107222,11818369,1,0
327,31988457777,11850049,1,0
328,31988788111,11885640,1,0
329,31989123555,11919573,1,0
330,31989459222,11951151,1,0
331,31989785444,11983860,1,0
332,31990110333,12017882,1,0
333,31990457333,12085466,1,0
334,31991120111,12163070,1,0
335,31991120111,12175705,1,0
336,31991120111,12186758,1,0
337,31991787333,12203953,1,0
338,31992116777,12221332,1,0
339,31992448222,12250906,1,0
340,31992787666,12283280,1,0
341,31993110777,12317493,1,0
342,31993453222,12351870,1,0
343,31993802000,12382777,1,0
344,31994111555,12416367,1,0
345,31994446000,12450553,1,0
346,31994785777,12483161,1,0
347,31995115000,12517967,1,0
348,31995463333,12551311,1,0
349,31995785444,12585310,1,0
350,31996120000,12618335,1,0
351,31996451333,12651307,1,0
352,31996793222,12684868,1,0
353,31997125888,12718383,1,0
354,31997460777,12755640,1,0
355,31997827444,12782938,1,0
356,31998120333,12818454,1,0
357,31998469666,12851439,1,0
358,31998794777,12884706,1,0
359,31999132666,12917360,1,0
360,31999454666,12951257,1,0
361,31999795888,12983623,1,0
362,32000124888,13018899,1,0
363,32000466555,13052104,1,0
364,32000792777,13085314,1,0
365,32001132333,13116893,1,0
366,32001451222,13153921,1,0
367,32001794666,13183753,1,0
368,32002120333,13220014,1,0
369,32002474333,13255202,1,0
370,32002821222,13285229,1,0
371,32003125777,13318179,1,0
372,32003461444,13353763,1,0
373,32003821111,13386543,1,0
374,32004147888,13419377,1,0
375,32004467777,13451468,1,0
376,32004792777,13484592,1,0
377,32005127888,13519055,1,0
378,32005449888,13553251,1,0
379,32005794777,13586245,1,0
380,32006134777,13619030,1,0
381,32006465333,13650487,1,0
382,32006789777,13684363,1,0
383,32007128444,13718432,1,0
384,32007462333,13754449,1,0
385,32007808666,13785403,1,0
386,32008132222,13819564,1,0
387,32008466555,13851683,1,0
388,32008800333,13884947,1,0
389,32009130000,13918910,1,0
390,32009467666,13951692,1,0
391,32009803777,13988456,1,0
392,32010157777,14019717,1,0
393,32010478555,14050478,1,0
394,32010800111,14086717,1,0
395,32011135777,14122160,1,0
396,32011494222,14152543,1,0
397,32011805777,14186230,1,0
398,32012139000,14221046,1,0
399,32012481555,14253688,1,0
400,32012804333,14285680,1,0
401,32013127222,14320113,1,0
402,32013477111,14352181,1,0
403,32013803333,14386789,1,0
404,32014150888,14417638,1,0
405,32014465888,14453734,1,0
406,32014813444,14486356,1,0
407,32015141222,14519615,1,0
408,32015476222,14553073,1,0
409,32015814777,14588768,1,0
410,32016154777,14619550,1,0
411,32016478222,14653117,1,0
412,32016818888,14686023,1,0
413,32017133888,14719733,1,0
414,32017476333,14754276,1,0
415,32017817333,14786496,1,0
416,32018139000,14825027,1,0
417,32018519111,14853030,1,0
418,32018815555,14888317,1,0
419,32019169000,14921064,1,0
420,32019480222,14955595,1,0
421,32019812555,14986238,1,0
422,32020147000,15020821,1,0
423,32020477555,15053781,1,0
424,32020816222,15088528,1,0
425,32021159111,15119813,1,0
426,32021477000,15154719,1,0
427,32021815333,15186481,1,0
428,32022148555,15223069,1,0
429,32022489666,15253152,1,0
430,32022816222,15288682,1,0
431,32023157888,15323225,1,0
432,32023486888,15352801,1,0
433,32023812777,15388699,1,0
434,32024155222,15417983,1,0
435,32024474666,15453856,1,0
436,32024823888,15485994,1,0
437,32025146666,15518522,1,0
438,32025475555,15557553,1,0
439,32025837111,15588733,1,0
440,32026155333,15625967,1,0
441,32026487666,15659188,1,0
442,32026810444,15688110,1,0
443,32027140888,15720729,1,0
444,32027484000,15752744,1,0
445,32027811222,15786379,1,0
446,32028145888,15821478,1,0
447,32028492333,15855188,1,0
448,32028825444,15889288,1,0
449,32029175000,15922233,1,0
450,32029486222,15957557,1,0
451,32029830000,15990526,1,0
452,32030182222,16021028,1,0
453,32030492888,16054098,1,0
454,32030821111,16091608,1,0
455,32031194777,16121394,1,0
456,32031494777,16155065,1,0
457,32031834000,16187494,1,0
458,32032157888,16222220,1,0
459,32032500888,16253627,1,0
460,32032824333,16287909,1,0
461,32033157333,16322296,1,0
462,32033489444,16353727,1,0
463,32033831666,16389033,1,0
464,32034171555,16421317,1,0
465,32034494222,16454120,1,0
466,32034831111,16490266,1,0
467,32035163888,16520377,1,0
468,32035490000,16553843,1,0
469,32035823444,16588429,1,0
470,32036161888,16622571,1,0
471,32036492888,16653860,1,0
472,32036821666,16688052,1,0
473,32037161222,16722123,1,0
474,32037501000,16753963,1,0
475,32037824555,16789379,1,0
476,32038163444,16822375,1,0
477,32038496222,16855160,1,0
478,32038838555,16887889,1,0
479,32039165222,16922707,1,0
480,32039508111,16954313,1,0
481,32039832888,16987134,1,0
482,32040160222,17022178,1,0
483,32040495222,17055625,1,0
484,32040837444,17088374,1,0
485,32041165111,17123003,1,0
486,32041508888,17156537,1,0
487,32041851555,17189202,1,0
488,32042174555,17222850,1,0
489,32042508444,17256218,1,0
490,32042833888,17289885,1,0
491,32043167444,17324962,1,0
492,32043523888,17354978,1,0
493,32043830444,17387843,1,0
494,32044164555,17423666,1,0
495,32044520000,17455249,1,0
496,32044840000,17487735,1,0
497,32045155666,17523793,1,0
498,32045523666,17555074,1,0
499,32045838777,17590774,1,0
500,32046172777,17622683,1,0
501,32046506888,17656482,1,0
502,32046841000,17688504,1,0
503,32047167666,17723948,1,0
504,32047510111,17754969,1,0
505,32047836000,17788823,1,0
506,32048176222,17822453,1,0
507,32048507333,17858178,1,0
508,32048844888,17888912,1,0
509,32049172888,17924692,1,0
510,32049519111,17956591,1,0
511,32049834888,17993972,1,0
512,32050205888,18023360,1,0
513,32050509222,18059554,1,0
514,32050843222,18091680,1,0
515,32051177888,18125592,1,0
516,32051517444,18156316,1,0
517,32051839000,18191721,1,0
518,32052171333,18223441,1,0
519,32052512444,18255790,1,0
520,32052839555,18290800,1,0
521,32053178444,18322635,1,0
522,32053510333,18356346,1,0
523,32053847888,18389254,1,0
524,32054175111,18424533,1,0
525,32054520888,18456477,1,0
526,32054854000,18489371,1,0
527,32055179333,18524373,1,0
528,32055523222,18556705,1,0
529,32055846555,18591518,1,0
530,32056183000,18623719,1,0
531,32056521333,18659704,1,0
532,32056851666,18687591,1,0
533,32057180222,18723258,1,0
534,32057525000,18756392,1,0
535,32057853333,18786895,1,0
536,32058169777,18826450,1,0
537,32058555444,18857579,1,0
538,32058860333,18893471,1,0
539,32059212777,18926633,1,0
540,32059546333,18958897,1,0
541,32059867333,18990307,1,0
542,32060194777,19022063,1,0
543,32060521111,19057279,1,0
544,32060861555,19090307,1,0
545,32061186777,19124553,1,0
546,32061519222,19160051,1,0
547,32061857888,19191302,1,0
548,32062188444,19224324,1,0
549,32062528111,19259826,1,0
550,32062880000,19290789,1,0
551,32063187555,19325593,1,0
552,32063536000,19358848,1,0
553,32063865666,19389828,1,0
554,32064185888,19424650,1,0
555,32064529111,19457944,1,0
556,32064856111,19491633,1,0
557,32065193555,19525840,1,0
558,32065539444,19557353,1,0
559,32065860222,19592356,1,0
560,32066186555,19629268,1,0
561,32066539777,19659452,1,0
562,32066869222,19691150,1,0
563,32067192777,19726728,1,0
564,32067549777,19759064,1,0
565,32067869777,19791081,1,0
566,32068191333,19828134,1,0
567,32068556444,19859198,1,0
568,32068872888,19891345,1,0
569,32069202333,19924708,1,0
570,32069524888,19959791,1,0
571,32069867111,19992357,1,0
572,32070205444,20024749,1,0
573,32070530333,20059073,1,0
574,32070867777,20094978,1,0
575,32071234111,20125575,1,0
576,32071527888,20159761,1,0
577,32071874777,20194818,1,0
578,32072199000,20225715,1,0
579,32072538333,20260022,1,0
580,32072878444,20294206,1,0
581,32073196888,20325402,1,0
582,32073533333,20359409,1,0
583,32073871222,20391546,1,0
584,32074198111,20425541,1,0
585,32074533555,20459756,1,0
586,32074877666,20491031,1,0
587,32075201111,20527440,1,0
588,32075554666,20559095,1,0
589,32075860555,20593634,1,0
590,32076211333,20628155,1,0
591,32076532333,20659483,1,0
592,32076874888,20691003,1,0
593,32077196888,20726671,1,0
594,32077554111,20760676,1,0
595,32077880666,20792044,1,0
596,32078206555,20826172,1,0
597,32078537333,20859377,1,0
598,32078871666,20891646,1,0
599,32079205222,20924861,1,0
600,32079538333,20959483,1,0
601,32079877555,20990897,1,0
602,32080198444,21024858,1,0
603,32080540888,21062614,1,0
604,32080887444,21092333,1,0
605,32081203333,21126051,1,0
606,32081549111,21160242,1,0
607,32081878444,21193117,1,0
608,32082208222,21226333,1,0
609,32082540777,21260355,1,0
610,32082887333,21293664,1,0
611,32083202555,21329965,1,0
612,32083552111,21362602,1,0
613,32083911888,21392743,1,0
614,32084207333,21427680,1,0
615,32084563000,21461105,1,0
616,32084882333,21493859,1,0
617,32085214888,21526180,1,0
618,32085551000,21562029,1,0
619,32085904111,21592466,1,0
620,32086213333,21625724,1,0
621,32086542333,21658639,1,0
622,32086876222,21692890,1,0
623,32087214333,21727554,1,0
624,32087559666,21759686,1,0
625,32087884888,21792594,1,0
626,32088203555,21826653,1,0
627,32088543888,21859632,1,0
628,32088881333,21892084,1,0
629,32089212555,21926994,1,0
630,32089550888,21959679,1,0
631,32089888888,21993373,1,0
632,32090217333,22028678,1,0
633,32090575555,22061105,1,0
634,32090890444,22095774,1,0
635,32091221444,22126181,1,0
636,32091552777,22160414,1,0
637,32091884888,22196068,1,0
638,32092250111,22227574,1,0
639,32092557111,22259825,1,0
640,32092891111,22292576,1,0
641,32093215111,22329287,1,0
642,32093567444,22360017,1,0
643,32093891000,22394250,1,0
644,32094220000,22426656,1,0
645,32094548333,22458947,1,0
646,32094887111,22494116,1,0
647,32095224888,22527199,1,0
648,32095556777,22559716,1,0
649,32095885777,22593538,1,0
650,32096221111,22628064,1,0
651,32096559111,22661355,1,0
652,32096903777,22694795,1,0
653,32097229333,22727013,1,0
654,32097557888,22762499,1,0
655,32097898222,22794273,1,0
656,32098226111,22828738,1,0
657,32098580000,22862442,1,0
658,32098902222,22894328,1,0
659,32099239111,22928694,1,0
660,32099569333,22961968,1,0
661,32099899999,22993648,1,0
662,32100231000,23026588,1,0
663,32100559222,23059913,1,0
664,32100893333,23097271,1,0
665,32101221444,23128099,1,0
666,32101564222,23160401,1,0
667,32101889888,23194448,1,0
668,32102226888,23227691,1,0
669,32102560888,23262958,1,0
670,32102906888,23293239,1,0
671,32103217222,23328855,1,0
672,32103567333,23362448,1,0
673,32103894777,23393118,1,0
674,32104225222,23429585,1,0
675,32104572555,23461427,1,0
676,32104900777,23496126,1,0
677,32105233444,23527701,1,0
678,32105560333,23563838,1,0
679,32105912444,23596688,1,0
680,32106243444,23628531,1,0
681,32106574888,23661422,1,0
682,32106910888,23695753,1,0
683,32107238000,23730980,1,0
684,32107588777,23761506,1,0
685,32107901555,23796977,1,0
686,32108238888,23827061,1,0
687,32108564777,23863050,1,0
688,32108914222,23894316,1,0
689,32109233555,23927169,1,0
690,32109567333,23962758,1,0
691,32109919333,23993423,1,0
692,32110226666,24030811,1,0
693,32110573222,24061739,1,0
694,32110909000,24094581,1,0
695,32111230888,24133238,1,0
696,32111598555,24163663,1,0
697,32111913555,24199889,1,0
698,32112279888,24230058,1,0
699,32112584555,24265605,1,0
700,32112927444,24296921,1,0
701,32113248777,24333805,1,0
702,32113609000,24365583,1,0
703,32113927777,24400130,1,0
704,32114276222,24433543,1,0
705,32114609111,24461992,1,0
706,32114901777,24496563,1,0
707,32115240333,24531127,1,0
708,32115586444,24563123,1,0
709,32115918777,24594556,1,0
710,32116235222,24631290,1,0
711,32116576666,24663901,1,0
712,32116918444,24695206,1,0
713,32117238666,24732038,1,0
714,32117577777,24761941,1,0
715,32117909777,24797160,1,0
716,32118244888,24828280,1,0
717,32118567555,24866798,1,0
718,32118905333,24896049,1,0
719,32119246000,24931743,1,0
720,32119593888,24968577,1,0
721,32119946000,24996461,1,0
722,32120241333,25031393,1,0
723,32120583111,25064639,1,0
724,32120914444,25098497,1,0
725,32121267222,25130059,1,0
726,32121578444,25163528,1,0
727,32121909333,25198438,1,0
728,32122257444,25229488,1,0
729,32122585666,25263166,1,0
730,32122920222,25297042,1,0
731,32123247111,25330468,1,0
732,32123586555,25363371,1,0
733,32123916777,25396999,1,0
734,32124253444,25431219,1,0
735,32124595666,25463995,1,0
736,32124924777,25497624,1,0
737,32125248222,25529640,1,0
738,32125582222,25565858,1,0
739,32125919666,25596923,1,0
740,32126246000,25629838,1,0
741,32126583555,25664718,1,0
742,32126927111,25696221,1,0
743,32127242888,25732595,1,0
744,32127606555,25766549,1,0
745,32127940777,25799578,1,0
746,32128276333,25832892,1,0
747,32128594111,25865317,1,0
748,32128932888,25897401,1,0
749,32129256666,25934308,1,0
750,32129615888,25964848,1,0
751,32129918333,25997448,1,0
752,32130265666,26034279,1,0
753,32130620555,26065241,1,0
754,32130930555,26097983,1,0
755,32131262000,26133351,1,0
756,32131608666,26164866,1,0
757,32131928555,26197603,1,0
758,32132258777,26230972,1,0
759,32132598888,26265106,1,0
760,32132931333,26297989,1,0
761,32133260444,26333982,1,0
762,32133625888,26370073,1,0
763,32133935555,26395842,1,0
764,32134248888,26434787,1,0
765,32134616111,26465304,1,0
766,32134926555,26498569,1,0
767,32135251333,26533082,1,0
768,32135594555,26566517,1,0
769,32135934000,26600256,1,0
770,32136282222,26630805,1,0
771,32136594333,26666121,1,0
772,32136937111,26700194,1,0
773,32137273333,26731619,1,0
774,32137599222,26766730,1,0
775,32137946666,26799394,1,0
776,32138263111,26833327,1,0
777,32138610777,26867176,1,0
778,32138937333,26897891,1,0
779,32139265444,26931545,1,0
780,32139606222,26966738,1,0
781,32139951111,26998977,1,0
782,32140277777,27032897,1,0
783,32140607000,27067185,1,0
784,32140935111,27099251,1,0
785,32141266444,27133210,1,0
786,32141603666,27168034,1,0
787,32141956333,27199022,1,0
788,32142263888,27232599,1,0
789,32142600222,27266638,1,0
790,32142946333,27300382,1,0
791,32143274333,27333019,1,0
792,32143604999,27365926,1,0
793,32143945666,27398761,1,0
794,32144267333,27433871,1,0
795,32144603000,27467507,1,0
796,32144962666,27499805,1,0
797,32145279666,27533404,1,0
798,32145607333,27569834,1,0
799,32145966888,27598813,1,0
800,32146270777,27632168,1,0
801,32146612444,27666428,1,0
802,32146947222,27699173,1,0
803,32147271333,27732534,1,0
804,32147608888,27766849,1,0
805,32147948222,27799772,1,0
806,32148270444,27831987,1,0
807,32148604666,27871022,1,0
808,32148947000,27897832,1,0
809,32149269444,27931112,1,0
810,32149599555,27966877,1,0
811,32149942444,28000141,1,0
812,32150278000,28033120,1,0
813,32150608777,28067364,1,0
814,32150950666,28100901,1,0
815,32151286222,28134336,1,0
816,32151615555,28166731,1,0
817,32151944777,28198957,1,0
818,32152276222,28234690,1,0
819,32152616111,28267810,1,0
820,32152945888,28299192,1,0
821,32153271333,28332697,1,0
822,32153612666,28365795,1,0
823,32153945111,28400558,1,0
824,32154284111,28433160,1,0
825,32154613444,28471308,1,0
826,32154971222,28501087,1,0
827,32155284111,28538914,1,0
828,32155648555,28570457,1,0
829,32155982888,28602821,1,0
830,32156286111,28637421,1,0
831,32156617888,28668405,1,0
832,32156961888,28702128,1,0
833,32157282555,28733510,1,0
834,32157615222,28768101,1,0
835,32157957222,28801392,1,0
836,32158289555,28834084,1,0
837,32158616444,28868133,1,0
838,32158943111,28899224,1,0
839,32159274666,28939338,1,0
840,32159645222,28968000,1,0
841,32159958555,29000334,1,0
842,32160275000,29034439,1,0
843,32160612555,29069365,1,0
844,32160958888,29100853,1,0
845,32161285888,29134485,1,0
846,32161619666,29168442,1,0
847,32161957555,29201603,1,0
848,32162287111,29234644,1,0
849,32162625888,29267289,1,0
850,32162954222,29300249,1,0
851,32163281444,29333856,1,0
852,32163623333,29368467,1,0
853,32163971333,29400632,1,0
854,32164283555,29435189,1,0
855,32164618222,29467884,1,0
856,32164960888,29502402,1,0
857,32165293444,29533458,1,0
858,32165617888,29570707,1,0
859,32165979777,29601395,1,0
860,32166291333,29635939,1,0
861,32166628444,29667426,1,0
862,32166964777,29701642,1,0
863,32167297333,29734281,1,0
864,32167624000,29769916,1,0
865,32167970666,29802903,1,0
866,32168304555,29834426,1,0
867,32168621666,29871413,1,0
868,32168963888,29900301,1,0
869,32169296000,29936904,1,0
870,32169630555,29970678,1,0
871,32169973111,30007070,1,0
872,32170342333,30035606,1,0
873,32170623444,30069674,1,0
874,32170967999,30103268,1,0
875,32171295000,30137489,1,0
876,32171638888,30172718,1,0
877,32171976333,30203288,1,0
878,32172309888,30233386,1,0
879,32172615888,30268288,1,0
880,32172966333,30302590,1,0
881,32173294666,30336640,1,0
882,32173642555,30368547,1,0
883,32173967888,30401752,1,0
884,32174303777,30435542,1,0
885,32174642111,30469806,1,0
886,32174973888,30502988,1,0
887,32175304222,30536155,1,0
888,32175638111,30570954,1,0
889,32175969666,30604618,1,0
890,32176305222,30639682,1,0
891,32176637333,30703066,1,0
892,32177301666,30781679,1,0
893,32177301666,30793654,1,0
894,32177301666,30805129,1,0
895,32177979111,30823383,1,0
896,32178315111,30841217,1,0
897,32178640222,30870579,1,0
898,32178979444,30903978,1,0
899,32179309000,30937894,1,0
900,32179645444,30971012,1,0
901,32179987555,31002446,1,0
902,32180314555,31038372,1,0
903,32180657444,31071387,1,0
904,32180981000,31105847,1,0
905,32181306666,31137229,1,0
906,32181649000,31169461,1,0
907,32181976333,31202554,1,0
908,32182307555,31237526,1,0
909,32182647222,31272898,1,0
910,32183007444,31303889,1,0
911,32183317888,31336007,1,0
912,32183647777,31370500,1,0
913,32183984888,31401986,1,0
914,32184311666,31436320,1,0
915,32184641333,31469118,1,0
916,32184977888,31503774,1,0
917,32185302666,31535810,1,0
918,32185640666,31570147,1,0
919,32185975666,31603192,1,0
920,32186310111,31638802,1,0
921,32186663777,31670502,1,0
922,32186984888,31702625,1,0
923,32187305444,31737598,1,0
924,32187649777,31769955,1,0
925,32187977333,31804014,1,0
926,32188310000,31837346,1,0
927,32188647666,31872823,1,0
928,32188991444,31904306,1,0
929,32189323000,31940017,1,0
930,32189650000,31970988,1,0
931,32189989333,32003425,1,0
932,32190312333,32037208,1,0
933,32190650666,32071353,1,0
934,32190991888,32105979,1,0
935,32191333333,32136876,1,0
936,32191646555,32172595,1,0
937,32192010222,32204692,1,0
938,32192308333,32236035,1,0
939,32192639777,32271378,1,0
940,32192992777,32303062,1,0
941,32193314777,32338945,1,0
942,32193657222,32371332,1,0
943,32193987222,32404219,1,0
944,32194315111,32438593,1,0
945,32194659777,32470164,1,0
946,32194984777,32504569,1,0
947,32195315888,32539060,1,0
948,32195671444,32571598,1,0
949,32195995888,32603680,1,0
950,32196316000,32638411,1,0
951,32196658222,32673680,1,0
952,32197002222,32704090,1,0
953,32197315666,32739961,1,0
954,32197684555,32771343,1,0
955,32197989888,32804158,1,0
956,32198320777,32838624,1,0
957,32198652666,32870737,1,0
958,32198992111,32905484,1,0
959,32199339111,32937464,1,0
960,32199657888,32971629,1,0
961,32200003666,33003861,1,0
962,32200329222,33038213,1,0
963,32200661777,33073199,1,0
964,32201011444,33104951,1,0
965,32201331555,33140513,1,0
966,32201675777,33173769,1,0
967,32202019555,33208387,1,0
968,32202332888,33241753,1,0
969,32202666666,33272927,1,0
970,32203010111,33305058,1,0
971,32203327333,33339307,1,0
972,32203665777,33377162,1,0
973,32204056444,33404126,1,0
974,32204327333,33438861,1,0
975,32204676666,33473510,1,0
976,32205016111,33506691,1,0
977,32205346222,33540370,1,0
978,32205686000,33572527,1,0
979,32206009888,33607091,1,0
980,32206333444,33638797,1,0
981,32206663222,33674068,1,0
982,32207007333,33706101,1,0
983,32207329888,33738096,1,0
984,32207668777,33774038,1,0
985,32208019111,33804374,1,0
986,32208325888,33839781,1,0
987,32208674777,33872395,1,0
988,32208998333,33905949,1,0
989,32209336222,33938378,1,0
990,32209664888,33972587,1,0
991,32210007555,34005735,1,0
992,32210347333,34040119,1,0
993,32210683888,34073293,1,0
994,32210996888,34106578,1,0
995,32211330777,34141839,1,0
996,32211687222,34174680,1,0
997,32212019111,34209561,1,0
998,32212370444,34239035,1,0
999,32212669333,34273763,1,0
1000,32213017222,34306535,1,0
1001,32213342333,34338119,1,0
1002,32213674111,34373721,1,0
1003,32214009333,34406284,1,0
1004,32214343555,34438712,1,0
1005,32214675000,34474082,1,0
1006,32215015222,34505993,1,0
1007,32215346666,34541011,1,0
1008,32215673222,34575819,1,0
1009,32216024444,34606365,1,0
1010,32216343666,34639961,1,0
1011,32216679777,34674036,1,0
1012,32217017777,34706434,1,0
1013,32217338333,34739640,1,0
1014,32217681888,34774928,1,0
1015,32218019777,34805221,1,0
1016,32218344333,34841836,1,0
1017,32218694777,34874649,1,0
1018,32219029444,34907250,1,0
1019,32219355222,34941369,1,0
1020,32219679777,34974890,1,0
1021,32220030666,35011303,1,0
1022,32220383666,35041134,1,0
1023,32220690222,35074178,1,0
1024,32221020777,35107781,1,0
1025,32221364000,35142009,1,0
1026,32221690555,35173555,1,0
1027,32222023444,35209719,1,0
1028,32222386000,35240574,1,0
1029,32222680777,35274536,1,0
1030,32223024222,35307444,1,0
1031,32223348888,35339012,1,0
1032,32223684111,35373513,1,0
1033,32224027111,35405791,1,0
1034,32224345555,35438811,1,0
1035,32224684111,35474896,1,0
1036,32225021555,35507010,1,0
1037,32225347222,35540264,1,0
1038,32225679555,35578636,1,0
1039,32226058444,35606710,1,0
1040,32226347555,35640424,1,0
1041,32226680444,35675265,1,0
1042,32227034222,35707979,1,0
1043,32227350222,35741435,1,0
1044,32227691333,35776856,1,0
1045,32228045333,35806735,1,0
1046,32228349333,35840725,1,0
1047,32228682444,35875436,1,0
1048,32229029000,35906659,1,0
1049,32229352222,35941327,1,0
1050,32229684222,35972929,1,0
1051,32230018888,36009949,1,0
1052,32230349111,36041286,1,0
1053,32230690000,36073540,1,0
1054,32231021333,36106979,1,0
1055,32231353444,36140410,1,0
1056,32231689777,36173718,1,0
1057,32232021111,36207873,1,0
1058,32232355666,36240747,1,0
1059,32232684444,36277350,1,0
1060,32233046777,36315362,1,0
1061,32233426666,36344293,1,0
1062,32233693111,36373246,1,0
1063,32234024111,36409344,1,0
1064,32234363111,36441803,1,0
1065,32234690888,36476271,1,0
1066,32235027000,36509270,1,0
1067,32235369555,36541328,1,0
1068,32235692888,36574675,1,0
1069,32236035888,36607628,1,0
1070,32236361444,36642425,1,0
1071,32236700444,36674738,1,0
1072,32237040111,36708253,1,0
1073,32237363333,36743069,1,0
1074,32237705000,36777672,1,0
1075,32238030111,36807614,1,0
1076,32238357333,36842250,1,0
1077,32238701777,36874657,1,0
1078,32239026444,36908827,1,0
1079,32239369222,36943222,1,0
1080,32239710555,36974241,1,0
1081,32240031888,37008435,1,0
1082,32240364000,37041341,1,0
1083,32240686777,37074958,1,0
1084,32241041000,37109722,1,0
1085,32241374222,37142922,1,0
1086,32241698444,37177162,1,0
1087,32242049555,37207783,1,0
1088,32242367222,37241687,1,0
1089,32242696111,37277610,1,0
1090,32243046111,37308779,1,0
1091,32243368777,37341378,1,0
1092,32243706111,37376208,1,0
1093,32244041777,37409324,1,0
1094,32244376555,37441460,1,0
1095,32244707000,37476149,1,0
1096,32245031555,37509427,1,0
1097,32245374666,37543928,1,0
1098,32245719000,37577741,1,0
1099,32246050555,37608434,1,0
1100,32246372333,37642943,1,0
1101,32246705333,37675944,1,0
1102,32247038888,37711057,1,0
1103,32247392111,37743066,1,0
1104,32247704444,37777593,1,0
1105,32248037222,37811531,1,0
1106,32248381888,37845425,1,0
1107,32248706222,37877646,1,0
1108,32249056444,37907922,1,0
1109,32249365555,37942281,1,0
1110,32249708111,37976311,1,0
1111,32250045666,38010275,1,0
1112,32250378999,38041772,1,0
1113,32250697888,38077456,1,0
1114,32251053777,38108674,1,0
1115,32251372333,38142331,1,0
1116,32251712222,38177986,1,0
1117,32252058777,38208578,1,0
1118,32252369777,38243452,1,0
1119,32252713666,38278501,1,0
1120,32253053333,38308951,1,0
1121,32253377666,38342484,1,0
1122,32253717666,38375686,1,0
1123,32254040666,38415063,1,0
1124,32254412555,38443593,1,0
1125,32254718888,38476322,1,0
1126,32255040444,38511036,1,0
1127,32255382222,38544108,1,0
1128,32255714000,38577990,1,0
1129,32256057444,38610534,1,0
1130,32256381444,38644922,1,0
1131,32256718222,38678823,1,0
1132,32257056777,38711578,1,0
1133,32257391444,38744556,1,0
1134,32257717666,38777564,1,0
1135,32258058111,38810301,1,0
1136,32258379888,38844981,1,0
1137,32258724888,38877623,1,0
1138,32259054333,38912705,1,0
1139,32259383555,38945878,1,0
1140,32259738444,38978141,1,0
1141,32260064111,39011606,1,0
1142,32260397333,39047342,1,0
1143,32260759333,39077737,1,0
1144,32261060444,39111903,1,0
1145,32261398111,39145316,1,0
1146,32261731111,39177664,1,0
1147,32262052555,39211717,1,0
1148,32262387333,39245221,1,0
1149,32262730111,39277879,1,0
1150,32263051777,39310948,1,0
1151,32263381111,39344509,1,0
1152,32263723222,39378121,1,0
1153,32264061000,39413395,1,0
1154,32264407555,39445959,1,0
1155,32264726444,39477504,1,0
1156,32265057666,39511640,1,0
1157,32265391111,39544334,1,0
1158,32265723333,39578684,1,0
1159,32266061222,39612377,1,0
1160,32266399111,39645133,1,0
1161,32266725888,39678081,1,0
1162,32267059888,39711695,1,0
1163,32267397222,39744409,1,0
1164,32267725666,39778277,1,0
1165,32268057222,39812566,1,0
1166,32268393555,39845173,1,0
1167,32268728444,39878432,1,0
1168,32269069666,39910651,1,0
1169,32269384666,39946925,1,0
1170,32269733777,39978080,1,0
1171,32270067111,40011134,1,0
1172,32270395444,40045323,1,0
1173,32270731111,40080215,1,0
1174,32271081000,40110226,1,0
1175,32271384666,40146126,1,0
1176,32271731222,40180908,1,0
1177,32272083111,40211396,1,0
1178,32272391222,40245476,1,0
1179,32272732666,40280066,1,0
1180,32273073777,40311368,1,0
1181,32273396222,40346039,1,0
1182,32273744555,40378757,1,0
1183,32274071777,40411510,1,0
1184,32274396555,40444586,1,0
1185,32274728777,40479810,1,0
1186,32275072222,40519192,1,0
1187,32275462444,40544581,1,0
1188,32275730555,40579146,1,0
1189,32276072777,40613490,1,0
1190,32276400444,40646008,1,0
1191,32276737111,40679889,1,0
1192,32277071111,40711737,1,0
1193,32277402111,40746482,1,0
1194,32277737333,40780237,1,0
1195,32278078777,40814329,1,0
1196,32278402111,40845259,1,0
1197,32278733777,40879988,1,0
1198,32279075888,40910859,1,0
1199,32279398888,40945583,1,0
1200,32279742222,40981548,1,0
1201,32280089111,41012604,1,0
1202,32280412333,41044760,1,0
1203,32280740111,41081850,1,0
1204,32281086333,41115713,1,0
1205,32281407666,41150811,1,0
1206,32281790444,41183655,1,0
1207,32282089222,41212072,1,0
1208,32282412444,41245871,1,0
1209,32282745888,41281994,1,0
1210,32283103222,41313060,1,0
1211,32283408555,41344471,1,0
1212,32283744666,41380588,1,0
1213,32284087111,41415801,1,0
1214,32284418333,41446340,1,0
1215,32284746111,41482709,1,0
1216,32285110888,41511885,1,0
1217,32285407555,41546369,1,0
1218,32285738777,41583737,1,0
1219,32286112222,41615495,1,0
1220,32286429000,41650589,1,0
1221,32286763333,41683161,1,0
1222,32287103555,41714649,1,0
1223,32287426222,41748538,1,0
1224,32287746333,41782910,1,0
1225,32288091000,41813798,1,0
1226,32288415555,41847326,1,0
1227,32288751222,41880570,1,0
1228,32289092222,41914241,1,0
1229,32289417333,41948394,1,0
1230,32289756222,41985421,1,0
1231,32290127555,42014472,1,0
1232,32290423666,42047533,1,0
1233,32290752333,42079980,1,0
1234,32291082444,42114205,1,0
1235,32291416666,42147185,1,0
1236,32291754888,42182282,1,0
1237,32292084222,42213208,1,0
1238,32292414666,42250573,1,0
1239,32292755777,42279997,1,0
1240,32293082111,42313462,1,0
1241,32293414777,42346123,1,0
1242,32293755444,42382275,1,0
1243,32294106000,42417331,1,0
1244,32294423000,42449334,1,0
1245,32294778333,42483555,1,0
1246,32295112333,42514059,1,0
1247,32295424555,42549386,1,0
1248,32295762222,42580777,1,0
1249,32296095888,42615114,1,0
1250,32296439222,42646988,1,0
1251,32296757777,42681609,1,0
1252,32297097777,42714763,1,0
1253,32297429888,42748484,1,0
1254,32297769888,42782793,1,0
1255,32298091444,42813894,1,0
1256,32298421222,42846298,1,0
1257,32298758777,42879680,1,0
1258,32299092111,42918345,1,0
1259,32299459222,42948388,1,0
1260,32299761111,42978972,1,0
1261,32300087666,43014888,1,0
1262,32300433666,43047334,1,0
1263,32300758444,43080676,1,0
1264,32301091333,43116692,1,0
1265,32301424333,43149967,1,0
1266,32301758111,43183894,1,0
1267,32302114000,43214827,1,0
1268,32302437666,43248772,1,0
1269,32302767777,43282758,1,0
1270,32303114999,43315266,1,0
1271,32303434333,43347712,1,0
1272,32303765333,43382359,1,0
1273,32304109666,43419246,1,0
1274,32304439888,43451810,1,0
1275,32304803000,43482483,1,0
1276,32305109222,43517333,1,0
1277,32305436000,43548735,1,0
1278,32305777111,43584085,1,0
1279,32306097000,43617303,1,0
1280,32306450888,43650445,1,0
1281,32306774000,43682403,1,0
1282,32307102000,43717555,1,0
1283,32307443888,43747780,1,0
1284,32307770777,43784339,1,0
1285,32308117333,43817656,1,0
1286,32308456333,43850611,1,0
1287,32308768666,43885129,1,0
1288,32309123777,43915806,1,0
1289,32309448111,43949509,1,0
1290,32309765444,43983885,1,0
1291,32310120555,44015903,1,0
1292,32310436000,44048637,1,0
1293,32310769888,44083163,1,0
1294,32311109777,44115694,1,0
1295,32311429888,44150047,1,0
1296,32311765222,44183247,1,0
1297,32312103888,44215112,1,0
1298,32312433444,44249068,1,0
1299,32312767555,44283136,1,0
1300,32313105777,44315628,1,0
1301,32313438555,44351919,1,0
1302,32313786111,44384477,1,0
1303,32314115666,44415602,1,0
1304,32314446222,44448731,1,0
1305,32314768666,44483705,1,0
1306,32315119444,44515794,1,0
1307,32315440111,44549865,1,0
1308,32315778000,44584684,1,0
1309,32316115111,44616824,1,0
1310,32316438777,44649797,1,0
1311,32316778888,44683717,1,0
1312,32317109000,44717390,1,0
1313,32317448444,44750241,1,0
1314,32317778444,44784746,1,0
1315,32318118888,44818146,1,0
1316,32318451111,44851855,1,0
1317,32318782222,44884317,1,0
1318,32319112555,44917575,1,0
1319,32319457222,44950261,1,0
1320,32319779000,44983299,1,0
1321,32320110000,45016951,1,0
1322,32320445222,45050063,1,0
1323,32320773222,45082532,1,0
1324,32321111222,45115987,1,0
1325,32321443777,45150723,1,0
1326,32321781000,45184677,1,0
1327,32322112333,45218129,1,0
1328,32322458111,45250834,1,0
1329,32322788888,45282712,1,0
1330,32323111333,45315261,1,0
1331,32323442888,45351031,1,0
1332,32323794666,45381553,1,0
1333,32324109444,45416116,1,0
1334,32324439888,45450309,1,0
1335,32324780888,45483726,1,0
1336,32325114777,45517023,1,0
1337,32325442222,45552310,1,0
1338,32325799777,45587017,1,0
1339,32326156333,45616462,1,0
1340,32326452222,45652750,1,0
1341,32326799000,45683966,1,0
1342,32327118999,45717799,1,0
1343,32327452222,45753113,1,0
1344,32327798888,45784127,1,0
1345,32328117777,45817171,1,0
1346,32328447555,45851740,1,0
1347,32328793666,45884506,1,0
1348,32329121555,45917048,1,0
1349,32329453666,45951114,1,0
1350,32329787333,45984081,1,0
1351,32330127666,46016951,1,0
1352,32330456333,46051234,1,0
1353,32330789666,46085951,1,0
1354,32331132777,46117376,1,0
1355,32331449333,46151889,1,0
1356,32331795666,46188449,1,0
1357,32332156666,46223607,1,0
1358,32332476666,46249927,1,0
1359,32332789666,46285426,1,0
1360,32333134222,46316811,1,0
1361,32333453333,46349144,1,0
1362,32333787777,46385358,1,0
1363,32334133333,46417604,1,0
1364,32334459555,46450871,1,0
1365,32334797222,46485689,1,0
1366,32335133777,46517701,1,0
1367,32335462333,46552876,1,0
1368,32335814777,46585163,1,0
1369,32336132555,46620057,1,0
1370,32336473111,46652316,1,0
1371,32336792666,46685517,1,0
1372,32337132888,46716817,1,0
1373,32337448222,46753181,1,0
1374,32337797444,46786559,1,0
1375,32338140444,46819512,1,0
1376,32338465888,46851973,1,0
1377,32338796444,46886750,1,0
1378,32339136888,46923234,1,0
1379,32339469777,46951036,1,0
1380,32339796222,46987734,1,0
1381,32340144666,47021510,1,0
1382,32340502222,47051700,1,0
1383,32340798555,47089035,1,0
1384,32341136555,47118692,1,0
1385,32341468777,47156835,1,0
1386,32341823000,47184671,1,0
1387,32342124111,47219291,1,0
1388,32342477777,47252990,1,0
1389,32342797777,47287234,1,0
1390,32343142222,47319163,1,0
1391,32343475777,47353853,1,0
1392,32343802444,47387604,1,0
1393,32344144555,47418393,1,0
1394,32344465222,47451967,1,0
1395,32344802888,47486647,1,0
1396,32345138777,47518372,1,0
1397,32345464111,47553325,1,0
1398,32345819777,47586916,1,0
1399,32346146222,47619647,1,0
1400,32346471444,47654655,1,0
1401,32346819777,47685886,1,0
1402,32347148000,47720354,1,0
1403,32347483333,47755636,1,0
1404,32347833333,47787480,1,0
1405,32348152000,47818976,1,0
1406,32348477555,47853436,1,0
1407,32348819111,47886230,1,0
1408,32349155111,47921111,1,0
1409,32349487888,47955054,1,0
1410,32349822666,47986441,1,0
1411,32350153222,48021017,1,0
1412,32350474777,48054811,1,0
1413,32350812222,48087553,1,0
1414,32351156888,48119621,1,0
1415,32351472777,48152924,1,0
1416,32351807444,48187229,1,0
1417,32352149000,48219362,1,0
1418,32352473666,48252410,1,0
1419,32352806888,48290087,1,0
1420,32353184111,48319093,1,0
1421,32353477222,48351533,1,0
1422,32353812111,48386486,1,0
1423,32354155555,48419312,1,0
1424,32354479777,48452704,1,0
1425,32354813111,48493791,1,0
1426,32355212666,48521442,1,0
1427,32355488444,48554037,1,0
1428,32355812666,48585555,1,0
1429,32356144000,48621963,1,0
1430,32356488333,48653652,1,0
1431,32356813333,48685356,1,0
1432,32357136111,48721050,1,0
1433,32357491111,48753752,1,0
1434,32357821777,48788927,1,0
1435,32358167777,48821105,1,0
1436,32358481111,48853949,1,0
1437,32358818777,48887474,1,0
1438,32359144111,48922112,1,0
1439,32359502333,48952812,1,0
1440,32359812777,48986690,1,0
1441,32360157000,49022479,1,0
1442,32360503333,49055812,1,0
1443,32360828888,49089701,1,0
1444,32361173444,49125199,1,0
1445,32361517888,49154220,1,0
1446,32361816777,49186997,1,0
1447,32362147111,49223504,1,0
1448,32362507444,49254226,1,0
1449,32362819666,49289121,1,0
1450,32363164888,49320130,1,0
1451,32363482666,49353809,1,0
1452,32363829333,49388938,1,0
1453,32364172222,49420938,1,0
1454,32364491777,49453362,1,0
1455,32364819666,49489744,1,0
1456,32365164000,49522461,1,0
1457,32365490555,49553872,1,0
1458,32365826000,49588978,1,0
1459,32366168888,49621735,1,0
1460,32366492777,49655097,1,0
1461,32366825000,49688448,1,0
1462,32367159000,49721515,1,0
1463,32367494888,49757502,1,0
1464,32367853333,49788903,1,0
1465,32368158555,49821280,1,0
1466,32368491000,49854983,1,0
1467,32368825222,49888225,1,0
1468,32369158000,49919789,1,0
1469,32369484666,49956057,1,0
1470,32369825222,49989090,1,0
1471,32370168222,50021972,1,0
1472,32370495777,50053987,1,0
1473,32370823333,50089228,1,0
1474,32371161555,50122805,1,0
1475,32371497666,50157990,1,0
1476,32371837555,50190741,1,0
1477,32372164555,50222471,1,0
1478,32372494333,50253767,1,0
1479,32372821000,50289743,1,0
1480,32373177000,50321270,1,0
1481,32373494333,50355886,1,0
1482,32373840666,50391017,1,0
1483,32374190222,50421615,1,0
1484,32374496555,50455135,1,0
1485,32374832222,50489654,1,0
1486,32375169222,50522211,1,0
1487,32375497333,50555290,1,0
1488,32375825222,50590592,1,0
1489,32376182444,50622042,1,0
1490,32376497888,50656135,1,0
1491,32376827222,50690370,1,0
1492,32377179777,50723224,1,0
1493,32377497333,50755291,1,0
1494,32377838666,50789109,1,0
1495,32378169222,50824642,1,0
1496,32378509777,50854509,1,0
1497,32378825222,50890711,1,0
1498,32379174666,50922173,1,0
1499,32379505111,50955748,1,0
1500,32379838888,50988562,1,0
1501,32380178222,51026495,1,0
1502,32380538777,51054803,1,0
1503,32380836333,51089576,1,0
1504,32381176555,51123205,1,0
1505,32381512444,51155169,1,0
1506,32381841000,51189980,1,0
1507,32382178888,51224258,1,0
1508,32382517444,51256245,1,0
1509,32382847444,51290430,1,0
1510,32383185555,51322671,1,0
1511,32383509666,51356624,1,0
1512,32383850777,51389534,1,0
1513,32384186000,51421767,1,0
1514,32384512000,51454951,1,0
1515,32384841555,51490367,1,0
1516,32385184555,51522280,1,0
1517,32385509777,51556661,1,0
1518,32385843666,51592259,1,0
1519,32386193666,51623534,1,0
1520,32386509000,51658698,1,0
1521,32386866444,51688671,1,0
1522,32387175000,51723221,1,0
1523,32387516999,51757348,1,0
1524,32387848666,51791719,1,0
1525,32388177222,51825602,1,0
1526,32388507555,51857637,1,0
1527,32388860555,51890688,1,0
1528,32389185000,51923901,1,0
1529,32389515444,51957459,1,0
1530,32389854111,51989724,1,0
1531,32390186666,52026264,1,0
1532,32390535333,52059617,1,0
1533,32390857666,52089884,1,0
1534,32391182666,52123409,1,0
1535,32391515666,52156817,1,0
1536,32391846444,52191864,1,0
1537,32392188888,52223739,1,0
1538,32392520777,52257919,1,0
1539,32392852888,52290374,1,0
1540,32393187111,52323213,1,0
1541,32393522000,52357568,1,0
1542,32393858333,52391254,1,0
1543,32394196222,52424937,1,0
1544,32394517444,52458212,1,0
1545,32394863777,52492429,1,0
1546,32395203555,52525191,1,0
1547,32395522777,52558117,1,0
1548,32395856444,52590390,1,0
1549,32396189000,52623718,1,0
1550,32396519333,52660157,1,0
1551,32396865555,52692023,1,0
1552,32397200555,52724272,1,0
1553,32397522000,52759900,1,0
1554,32397868555,52789584,1,0
1555,32398185111,52823507,1,0
1556,32398525222,52858708,1,0
1557,32398879555,52890318,1,0
1558,32399188111,52924082,1,0
1559,32399519666,52959881,1,0
1560,32399871444,52995486,1,0
1561,32400193666,53026786,1,0
1562,32400535777,53064003,1,0
1563,32400854666,53100614,1,0
1564,32401222111,53128346,1,0
1565,32401540888,53161073,1,0
1566,32401881000,53195723,1,0
1567,32402199999,53226218,1,0
1568,32402530444,53258898,1,0
1569,32402874555,53290124,1,0
1570,32403187888,53327790,1,0
1571,32403559777,53359115,1,0
1572,32403863888,53392108,1,0
1573,32404207444,53425771,1,0
1574,32404534666,53459205,1,0
1575,32404869777,53491275,1,0
1576,32405196111,53523699,1,0
1577,32405519444,53560046,1,0
1578,32405868555,53591907,1,0
1579,32406193777,53626006,1,0
1580,32406530666,53659752,1,0
1581,32406874666,53693553,1,0
1582,32407206333,53725419,1,0
1583,32407530333,53760155,1,0
1584,32407880444,53790984,1,0
1585,32408199000,53824190,1,0
1586,32408527333,53859654,1,0
1587,32408866000,53893438,1,0
1588,32409208777,53925933,1,0
1589,32409524555,53965411,1,0
1590,32409924777,53994784,1,0
1591,32410237111,54025419,1,0
1592,32410539111,54058665,1,0
1593,32410868888,54093517,1,0
1594,32411213777,54124417,1,0
1595,32411527888,54159960,1,0
1596,32411869111,54195750,1,0
1597,32412238444,54224903,1,0
1598,32412547222,54263135,1,0
1599,32412905222,54298769,1,0
1600,32413245444,54328685,1,0
1601,32413556333,54360746,1,0
1602,32413883666,54405146,1,0
1603,32414322555,54428089,1,0
1604,32414562222,54463363,1,0
1605,32414901222,54498194,1,0
1606,32415233222,54528126,1,0
1607,32415557222,54562746,1,0
1608,32415904999,54601157,1,0
1609,32416293666,54625569,1,0
1610,32416540000,54661158,1,0
1611,32416887777,54694268,1,0
1612,32417214666,54726614,1,0
1613,32417543222,54758444,1,0
1614,32417874777,54794895,1,0
1615,32418222444,54826077,1,0
1616,32418542555,54861170,1,0
1617,32418869666,54895636,1,0
1618,32419238999,54927017,1,0
1619,32419547666,54962364,1,0
1620,32419890888,54995402,1,0
1621,32420240111,55028085,1,0
1622,32420557333,55060892,1,0
1623,32420879777,55094895,1,0
1624,32421214444,55127007,1,0
1625,32421545333,55160658,1,0
1626,32421888666,55195513,1,0
1627,32422221222,55225357,1,0
1628,32422552666,55256635,1,0
1629,32422873333,55295967,1,0
1630,32423243000,55326071,1,0
1631,32423547777,55358277,1,0
1632,32423873888,55396662,1,0
1633,32424224666,55426307,1,0
1634,32424552222,55461728,1,0
1635,32424881555,55495677,1,0
1636,32425222333,55532521,1,0
1637,32425568222,55562958,1,0
1638,32425890777,55600359,1,0
1639,32426276777,55626360,1,0
1640,32426549666,55661313,1,0
1641,32426885777,55696297,1,0
1642,32427233888,55729857,1,0
1643,32427557111,55761227,1,0
1644,32427889333,55795455,1,0
1645,32428226444,55828125,1,0
1646,32428556555,55863499,1,0
1647,32428910555,55895978,1,0
1648,32429232111,55928393,1,0
1649,32429550222,55962271,1,0
1650,32429892333,55992664,1,0
1651,32430214444,56028577,1,0
1652,32430554444,56063543,1,0
1653,32430917111,56097956,1,0
1654,32431231333,56127613,1,0
1655,32431552777,56162723,1,0
1656,32431895888,56195114,1,0
1657,32432219000,56228912,1,0
1658,32432555111,56265199,1,0
1659,32432896888,56295808,1,0
1660,32433233111,56331077,1,0
1661,32433557777,56360106,1,0
1662,32433894111,56394752,1,0
1663,32434229777,56428004,1,0
1664,32434558111,56460334,1,0
1665,32434890333,56497266,1,0
1666,32435225888,56528036,1,0
1667,32435567333,56565521,1,0
1668,32435907666,56595974,1,0
1669,32436233666,56630580,1,0
1670,32436579222,56661822,1,0
1671,32436899222,56699472,1,0
1672,32437264777,56729434,1,0
1673,32437572666,56762857,1,0
1674,32437903888,56796186,1,0
1675,32438235777,56829947,1,0
1676,32438565777,56862341,1,0
1677,32438902888,56896584,1,0
1678,32439243666,56928840,1,0
1679,32439564222,56963111,1,0
1680,32439902222,56997156,1,0
1681,32440243444,57029522,1,0
1682,32440570777,57062102,1,0
1683,32440901333,57097003,1,0
1684,32441240222,57128857,1,0
1685,32441567000,57162288,1,0
1686,32441902222,57198291,1,0
1687,32442244666,57229713,1,0
1688,32442571444,57261697,1,0
1689,32442907222,57296491,1,0
1690,32443244666,57329345,1,0
1691,32443572222,57361601,1,0
1692,32443907888,57395980,1,0
1693,32444239777,57431975,1,0
1694,32444581444,57462856,1,0
1695,32444898333,57495901,1,0
1696,32445239777,57528229,1,0
1697,32445564666,57563834,1,0
1698,32445913222,57596597,1,0
1699,32446241666,57630306,1,0
1700,32446575777,57664529,1,0
1701,32446911555,57694833,1,0
1702,32447242666,57729388,1,0
1703,32447572333,57762349,1,0
1704,32447914555,57794521,1,0
1705,32448238222,57829691,1,0
1706,32448575333,57861225,1,0
1707,32448903888,57896667,1,0
1708,32449242000,57931113,1,0
1709,32449575444,57963443,1,0
1710,32449910444,57999569,1,0
1711,32450258666,58029920,1,0
1712,32450579666,58062560,1,0
1713,32450908444,58095870,1,0
1714,32451244222,58129814,1,0
1715,32451579888,58164146,1,0
1716,32451926555,58196881,1,0
1717,32452253111,58230595,1,0
1718,32452587222,58266294,1,0
1719,32452920666,58297831,1,0
1720,32453256555,58331802,1,0
1721,32453599777,58364576,1,0
1722,32453922111,58396889,1,0
1723,32454250222,58429874,1,0
1724,32454587444,58464471,1,0
1725,32454918222,58498297,1,0
1726,32455269777,58529388,1,0
1727,32455579666,58563882,1,0
1728,32455924777,58599446,1,0
1729,32456277222,58630567,1,0
1730,32456591888,58664344,1,0
1731,32456919888,58696602,1,0
1732,32457261888,58730874,1,0
1733,32457594000,58762721,1,0
1734,32457920555,58802596,1,0
1735,32458297222,58830637,1,0
1736,32458598666,58864872,1,0
1737,32458933333,58897305,1,0
1738,32459271222,58930255,1,0
1739,32459586222,58964070,1,0
1740,32459922333,58998494,1,0
1741,32460268444,59028970,1,0
1742,32460585111,59064444,1,0
1743,32460920333,59098625,1,0
1744,32461266777,59128748,1,0
1745,32461579555,59165877,1,0
1746,32461934555,59198978,1,0
1747,32462269666,59232249,1,0
1748,32462586333,59265193,1,0
1749,32462932000,59297613,1,0
1750,32463252888,59330148,1,0
1751,32463582666,59363737,1,0
1752,32463924777,59400161,1,0
1753,32464269222,59432506,1,0
1754,32464604444,59469397,1,0
1755,32464944666,59501982,1,0
1756,32465261111,59532630,1,0
1757,32465587999,59564273,1,0
1758,32465924333,59597276,1,0
1759,32466257888,59631591,1,0
1760,32466597222,59665173,1,0
1761,32466923888,59698938,1,0
1762,32467258000,59732532,1,0
1763,32467603333,59765592,1,0
1764,32467931444,59798665,1,0
1765,32468262111,59834202,1,0
1766,32468595777,59864480,1,0
1767,32468930111,59898872,1,0
1768,32469266444,59932791,1,0
1769,32469598666,59965505,1,0
1770,32469937111,59999854,1,0
1771,32470278777,60030288,1,0
1772,32470591555,60064489,1,0
1773,32470927111,60098512,1,0
1774,32471272666,60130387,1,0
1775,32471594000,60171240,1,0
1776,32471936555,60201825,1,0
1777,32472270777,60232197,1,0
1778,32472597111,60266566,1,0
1779,32472939777,60299007,1,0
1780,32473270111,60330397,1,0
1781,32473597111,60364705,1,0
1782,32473934000,60398459,1,0
1783,32474268666,60432626,1,0
1784,32474601333,60467890,1,0
1785,32474938777,60500409,1,0
1786,32475275444,60532567,1,0
1787,32475606222,60565542,1,0
1788,32475940666,60599427,1,0
1789,32476272888,60631564,1,0
1790,32476598666,60665509,1,0
1791,32476934000,60701384,1,0
1792,32477288222,60732860,1,0
1793,32477601666,60765714,1,0
1794,32477943666,60799314,1,0
1795,32478281444,60832705,1,0
1796,32478608888,60865917,1,0
1797,32478942111,60901266,1,0
1798,32479284222,60934865,1,0
1799,32479608111,60967384,1,0
1800,32479938666,60999189,1,0
1801,32480282000,61032401,1,0
1802,32480603666,61066401,1,0
1803,32480942333,61099546,1,0
1804,32481271777,61131831,1,0
1805,32481604777,61162995,1,0
1806,32481938333,61198199,1,0
1807,32482293222,61230903,1,0
1808,32482609555,61264739,1,0
1809,32482944666,61298910,1,0
1810,32483283111,61330742,1,0
1811,32483611777,61365189,1,0
1812,32483947111,61399209,1,0
1813,32484278555,61433807,1,0
1814,32484610111,61465498,1,0
1815,32484940333,61500514,1,0
1816,32485281111,61536633,1,0
1817,32485632111,61567239,1,0
1818,32485960222,61601058,1,0
1819,32486291333,61633118,1,0
1820,32486616888,61666236,1,0
1821,32486936666,61705128,1,0
1822,32487312555,61736967,1,0
1823,32487647111,61767877,1,0
1824,32487955777,61798551,1,0
1825,32488269777,61832242,1,0
1826,32488611222,61866012,1,0
1827,32488940111,61904020,1,0
1828,32489307555,61933021,1,0
1829,32489607777,61968571,1,0
1830,32489949666,62002600,1,0
1831,32490304666,62032913,1,0
1832,32490616555,62067529,1,0
1833,32490950444,62103724,1,0
1834,32491311111,62132760,1,0
1835,32491616555,62167304,1,0
1836,32491959666,62203431,1,0
1837,32492302111,62233553,1,0
1838,32492618000,62267135,1,0
1839,32492954888,62301625,1,0
1840,32493293111,62333898,1,0
1841,32493619888,62370054,1,0
1842,32493983888,62402718,1,0
1843,32494308222,62434458,1,0
1844,32494620444,62467389,1,0
1845,32494959777,62500345,1,0
1846,32495290333,62533618,1,0
1847,32495625111,62567620,1,0
1848,32495955666,62599366,1,0
1849,32496291222,62631735,1,0
1850,32496618444,62666222,1,0
1851,32496961333,62699282,1,0
1852,32497289555,62735225,1,0
1853,32497642666,62767075,1,0
1854,32497962111,62803415,1,0
1855,32498302666,62835409,1,0
1856,32498619222,62867464,1,0
1857,32498951444,62902468,1,0
1858,32499301222,62934719,1,0
1859,32499621777,62968426,1,0
1860,32499957444,63002133,1,0
1861,32500304777,63034691,1,0
1862,32500622888,63068119,1,0
1863,32500962666,63101991,1,0
1864,32501302333,63133985,1,0
1865,32501627777,63168258,1,0
1866,32501967222,63201474,1,0
1867,32502292111,63233861,1,0
1868,32502628222,63268995,1,0
1869,32502975555,63300429,1,0
1870,32503290777,63334591,1,0
1871,32503626111,63365895,1,0
1872,32503955666,63402027,1,0
1873,32504302444,63435689,1,0
1874,32504627222,63466553,1,0
1875,32504962777,63502080,1,0
1876,32505304000,63534671,1,0
1877,32505637333,63568708,1,0
1878,32505971555,63604613,1,0
1879,32506319666,63639579,1,0
1880,32506654111,63667953,1,0
1881,32506976333,63703669,1,0
1882,32507318888,63738053,1,0
1883,32507664333,63769937,1,0
1884,32508001333,63802045,1,0
1885,32508311111,63838080,1,0
1886,32508662333,63866270,1,0
1887,32508966444,63904201,1,0
1888,32509317111,63935962,1,0
1889,32509644555,63967689,1,0
1890,32509967111,64001893,1,0
1891,32510328555,64034566,1,0
1892,32510654000,64069454,1,0
1893,32510977222,64102218,1,0
1894,32511309777,64135549,1,0
1895,32511634111,64169246,1,0
1896,32511970444,64203486,1,0
1897,32512302222,64236247,1,0
1898,32512645444,64270114,1,0
1899,32512978333,64300660,1,0
1900,32513297333,64332973,1,0
1901,32513626444,64369668,1,0
1902,32513979444,64402263,1,0
1903,32514304666,64437678,1,0
1904,32514651777,64475819,1,0
1905,32515021000,64502772,1,0
1906,32515318111,64537376,1,0
1907,32515641777,64569813,1,0
1908,32515976000,64602528,1,0
1909,32516306333,64635763,1,0
1910,32516646333,64669977,1,0
1911,32516972111,64703567,1,0
1912,32517311777,64736916,1,0
1913,32517644666,64769948,1,0
1914,32517980888,64803236,1,0
1915,32518317000,64838627,1,0
1916,32518669444,64870254,1,0
1917,32518984999,64906894,1,0
1918,32519324666,64937718,1,0
1919,32519652666,64970382,1,0
1920,32519990777,65003695,1,0
1921,32520316555,65037344,1,0
1922,32520642777,65071497,1,0
1923,32520982111,65102835,1,0
1924,32521320222,65134345,1,0
1925,32521630444,65171216,1,0
1926,32521991444,65201416,1,0
1927,32522303555,65236668,1,0
1928,32522653444,65269496,1,0
1929,32522984777,65304507,1,0
1930,32523333666,65333787,1,0
1931,32523636888,65371417,1,0
1932,32523996555,65404107,1,0
1933,32524316111,65436240,1,0
1934,32524645999,65471359,1,0
1935,32524985222,65504031,1,0
1936,32525320666,65537865,1,0
1937,32525648333,65571936,1,0
1938,32526005444,65606858,1,0
1939,32526336333,65637613,1,0
1940,32526659666,65673652,1,0
1941,32526990111,65704749,1,0
1942,32527320777,65739772,1,0
1943,32527667222,65770645,1,0
1944,32527986222,65804398,1,0
1945,32528320333,65837722,1,0
1946,32528651444,65870951,1,0
1947,32528987111,65905897,1,0
1948,32529322111,65941899,1,0
1949,32529694222,65971546,1,0
1950,32530007555,66002311,1,0
1951,32530326000,66037626,1,0
1952,32530654888,66070626,1,0
1953,32531000777,66102302,1,0
1954,32531321888,66137626,1,0
1955,32531662111,66169543,1,0
1956,32531991444,66203828,1,0
1957,32532330333,66235911,1,0
1958,32532653111,66270665,1,0
1959,32532995555,66305545,1,0
1960,32533329666,66336069,1,0
1961,32533658999,66371279,1,0
1962,32534002888,66404264,1,0
1963,32534324000,66437581,1,0
1964,32534661000,66471302,1,0
1965,32534991666,66506756,1,0
1966,32535333666,66536767,1,0
1967,32535655888,66572055,1,0
1968,32536003888,66605218,1,0
1969,32536329333,66636327,1,0
1970,32536656222,66672412,1,0
1971,32537001222,66705355,1,0
1972,32537332000,66736472,1,0
1973,32537662777,66773046,1,0
1974,32538005666,66805512,1,0
1975,32538328000,66838177,1,0
1976,32538669888,66872985,1,0
1977,32539000444,66905846,1,0
1978,32539336000,66938078,1,0
1979,32539667222,66970593,1,0
1980,32540000111,67004443,1,0
1981,32540338555,67037239,1,0
1982,32540659888,67069431,1,0
1983,32540993444,67104038,1,0
1984,32541344000,67137254,1,0
1985,32541666444,67169135,1,0
1986,32541991111,67205108,1,0
1987,32542353777,67235768,1,0
1988,32542651888,67276479,1,0
1989,32543027444,67306067,1,0
1990,32543339000,67337500,1,0
1991,32543667888,67371051,1,0
1992,32544002333,67405223,1,0
1993,32544332888,67439657,1,0
1994,32544671777,67474390,1,0
1995,32545013222,67506985,1,0
1996,32545348888,67537408,1,0
1997,32545665222,67573633,1,0
1998,32546013555,67606226,1,0
1999,32546344666,67638094,1,0
2000,32546664555,67671710,1,0
2001,32547004111,67704927,1,0
2002,32547331888,67737656,1,0
2003,32547667555,67773196,1,0
2004,32548011444,67806484,1,0
2005,32548344777,67841612,1,0
2006,32548691888,67873850,1,0
2007,32549014111,67905640,1,0
2008,32549343888,67941724,1,0
2009,32549677888,67973088,1,0
2010,32550009666,68010259,1,0
2011,32550349666,68044593,1,0
2012,32550723666,68073484,1,0
2013,32551010888,68106074,1,0
2014,32551351000,68138617,1,0
2015,32551675222,68173996,1,0
2016,32552008888,68206890,1,0
2017,32552346444,68239915,1,0
2018,32552676333,68273563,1,0
2019,32553012666,68306701,1,0
2020,32553349444,68341386,1,0
2021,32553688111,68372863,1,0
2022,32554015777,68405900,1,0
2023,32554349333,68438534,1,0
2024,32554677555,68472913,1,0
2025,32555014555,68507848,1,0
2026,32555354888,68542319,1,0
2027,32555680000,68575919,1,0
2028,32556039000,68607464,1,0
2029,32556350222,68641082,1,0
2030,32556683777,68675355,1,0
2031,32557026666,68706482,1,0
2032,32557350111,68741193,1,0
2033,32557688666,68775509,1,0
2034,32558030666,68807382,1,0
2035,32558356000,68838741,1,0
2036,32558676000,68874810,1,0
2037,32559014444,68908596,1,0
2038,32559362222,68941739,1,0
2039,32559682777,68976413,1,0
2040,32560020444,69010240,1,0
2041,32560385111,69040451,1,0
2042,32560686222,69071055,1,0
2043,32561014111,69107991,1,0
2044,32561360111,69140194,1,0
2045,32561684666,69174544,1,0
2046,32562024555,69207165,1,0
2047,32562358666,69243582,1,0
2048,32562700666,69278984,1,0
2049,32563040000,69309809,1,0
2050,32563356666,69340372,1,0
2051,32563689777,69373841,1,0
2052,32564023666,69408296,1,0
2053,32564357444,69441325,1,0
2054,32564685777,69474291,1,0
2055,32565023777,69509744,1,0
2056,32565366111,69541255,1,0
2057,32565687555,69575251,1,0
2058,32566037111,69607705,1,0
2059,32566354666,69641556,1,0
2060,32566685444,69673852,1,0
2061,32567028888,69709833,1,0
2062,32567365777,69740963,1,0
2063,32567695555,69782695,1,0
2064,32568043222,69808539,1,0
2065,32568367555,69841543,1,0
2066,32568700555,69874245,1,0
2067,32569036333,69907233,1,0
2068,32569361000,69942955,1,0
2069,32569725111,69972766,1,0
2070,32570026222,70010149,1,0
2071,32570361444,70040763,1,0
2072,32570697111,70074165,1,0
2073,32571022000,70106207,1,0
2074,32571367888,70139218,1,0
2075,32571688888,70174358,1,0
2076,32572038333,70205909,1,0
2077,32572362888,70242592,1,0
2078,32572696222,70276314,1,0
2079,32573032555,70307992,1,0
2080,32573362666,70342979,1,0
2081,32573726333,70373642,1,0
2082,32574026000,70407727,1,0
2083,32574368111,70442090,1,0
2084,32574689444,70475436,1,0
2085,32575026777,70511490,1,0
2086,32575375444,70542683,1,0
2087,32575700000,70577267,1,0
2088,32576051444,70609033,1,0
2089,32576377111,70642918,1,0
2090,32576703444,70674460,1,0
2091,32577027000,70710265,1,0
2092,32577377666,70742870,1,0
2093,32577699666,70778466,1,0
2094,32578045222,70811331,1,0
2095,32578378666,70842788,1,0
2096,32578700555,70875846,1,0
2097,32579041888,70914866,1,0
2098,32579405777,70943100,1,0
2099,32579705888,70976513,1,0
2100,32580041777,71009009,1,0
2101,32580377666,71045219,1,0
2102,32580706111,71075802,1,0
2103,32581037222,71110959,1,0
2104,32581382666,71141679,1,0
2105,32581703666,71177382,1,0
2106,32582046666,71209950,1,0
2107,32582371333,71241731,1,0
2108,32582709888,71278239,1,0
2109,32583036222,71309314,1,0
2110,32583372333,71342050,1,0
2111,32583715000,71376550,1,0
2112,32584055222,71410296,1,0
2113,32584380333,71442789,1,0
2114,32584721000,71478999,1,0
2115,32585040777,71511729,1,0
2116,32585388000,71541313,1,0
2117,32585709555,71578569,1,0
2118,32586061000,71611352,1,0
2119,32586384111,71642286,1,0
2120,32586713222,71678202,1,0
2121,32587049111,71713101,1,0
2122,32587403000,71742325,1,0
2123,32587708333,71781206,1,0
2124,32588048222,71810997,1,0
2125,32588388777,71842780,1,0
2126,32588717000,71878890,1,0
2127,32589059888,71912173,1,0
2128,32589384222,71944662,1,0
2129,32589721888,71975193,1,0
2130,32590040666,72009487,1,0
2131,32590386333,72044460,1,0
2132,32590727111,72075689,1,0
2133,32591046777,72111748,1,0
2134,32591379666,72145729,1,0
2135,32591719777,72177323,1,0
2136,32592051333,72210190,1,0
2137,32592383666,72244385,1,0
2138,32592721444,72278603,1,0
2139,32593050222,72310688,1,0
2140,32593385222,72342428,1,0
2141,32593717444,72376791,1,0
2142,32594053333,72411570,1,0
2143,32594393555,72444477,1,0
2144,32594722777,72478727,1,0
2145,32595050222,72512264,1,0
2146,32595398222,72545004,1,0
2147,32595724777,72578155,1,0
2148,32596057000,72610957,1,0
2149,32596389444,72643113,1,0
2150,32596720000,72677070,1,0
2151,32597054000,72710397,1,0
2152,32597395444,72743400,1,0
2153,32597717666,72778211,1,0
2154,32598060555,72812126,1,0
2155,32598402666,72846223,1,0
2156,32598733666,72880466,1,0
2157,32599090555,72910193,1,0
2158,32599384000,72943766,1,0
2159,32599722111,72977580,1,0
2160,32600066444,73012234,1,0
2161,32600399888,73046944,1,0
2162,32600728000,73078952,1,0
2163,32601067333,73110456,1,0
2164,32601394111,73144207,1,0
2165,32601721222,73178717,1,0
2166,32602066333,73210431,1,0
2167,32602386222,73247322,1,0
2168,32602727777,73280618,1,0
2169,32603072555,73313058,1,0
2170,32603404666,73344458,1,0
2171,32603730222,73379212,1,0
2172,32604071111,73411253,1,0
2173,32604400333,73444941,1,0
2174,32604733111,73478443,1,0
2175,32605065555,73512561,1,0
2176,32605407666,73545028,1,0
2177,32605729444,73578295,1,0
2178,32606062222,73611332,1,0
2179,32606391777,73644986,1,0
2180,32606730111,73677873,1,0
2181,32607058444,73711964,1,0
2182,32607392777,73746402,1,0
2183,32607735222,73781110,1,0
2184,32608076000,73813235,1,0
2185,32608404666,73845680,1,0
2186,32608739444,73879219,1,0
2187,32609067111,73916247,1,0
2188,32609435777,73948664,1,0
2189,32609742111,73977969,1,0
2190,32610066333,74013740,1,0
2191,32610409444,74046591,1,0
2192,32610737222,74079039,1,0
2193,32611071666,74114169,1,0
2194,32611414777,74148940,1,0
2195,32611780222,74179695,1,0
2196,32612069666,74212507,1,0
2197,32612406666,74251438,1,0
2198,32612758333,74280491,1,0
2199,32613081444,74313448,1,0
2200,32613419555,74345738,1,0
2201,32613739000,74383210,1,0
2202,32614101111,74412690,1,0
2203,32614407222,74445886,1,0
2204,32614742444,74480274,1,0
2205,32615074777,74513858,1,0
2206,32615411666,74546403,1,0
2207,32615749555,74581072,1,0
2208,32616093111,74614835,1,0
2209,32616423777,74647182,1,0
2210,32616759555,74682073,1,0
2211,32617086111,74715050,1,0
2212,32617417111,74745871,1,0
2213,32617737777,74782557,1,0
2214,32618102111,74816999,1,0
2215,32618411222,74846834,1,0
2216,32618753444,74880242,1,0
2217,32619084444,74913402,1,0
2218,32619415666,74950216,1,0
2219,32619763777,74980263,1,0
2220,32620084777,75012834,1,0
2221,32620415555,75046954,1,0
2222,32620750111,75079713,1,0
2223,32621073666,75112627,1,0
2224,32621415000,75145697,1,0
2225,32621743000,75179232,1,0
2226,32622077000,75213251,1,0
2227,32622422444,75245315,1,0
2228,32622741777,75279287,1,0
2229,32623076000,75313587,1,0
2230,32623424666,75345518,1,0
2231,32623747666,75378832,1,0
2232,32624079666,75416501,1,0
2233,32624433111,75447066,1,0
2234,32624756777,75480396,1,0
2235,32625087666,75514695,1,0
2236,32625429777,75548314,1,0
2237,32625763777,75580814,1,0
2238,32626096666,75616668,1,0
2239,32626439555,75646558,1,0
2240,32626741555,75683559,1,0
2241,32627101555,75717798,1,0
2242,32627441222,75747545,1,0
2243,32627753777,75781202,1,0
2244,32628096333,75815461,1,0
2245,32628436444,75846760,1,0
2246,32628755333,75882380,1,0
2247,32629090666,75915564,1,0
2248,32629427000,75948217,1,0
2249,32629766222,75981798,1,0
2250,32630108444,76014514,1,0
2251,32630433444,76047536,1,0
2252,32630761111,76083330,1,0
2253,32631113666,76116557,1,0
2254,32631437111,76146981,1,0
2255,32631759444,76184460,1,0
2256,32632120444,76215975,1,0
2257,32632447888,76247234,1,0
2258,32632759888,76282392,1,0
2259,32633097888,76314757,1,0
2260,32633438555,76347539,1,0
2261,32633762111,76382511,1,0
2262,32634105555,76420253,1,0
2263,32634476222,76448153,1,0
2264,32634761666,76482244,1,0
2265,32635105555,76514036,1,0
2266,32635424111,76546215,1,0
2267,32635754444,76583299,1,0
2268,32636104666,76614557,1,0
2269,32636426555,76647795,1,0
2270,32636765222,76682213,1,0
2271,32637110555,76716761,1,0
2272,32637440333,76747940,1,0
2273,32637765888,76783280,1,0
2274,32638108888,76818331,1,0
2275,32638437111,76849692,1,0
2276,32638773555,76884528,1,0
2277,32639119888,76916226,1,0
2278,32639450777,76950056,1,0
2279,32639770444,76981596,1,0
2280,32640099444,77015997,1,0
2281,32640438111,77048255,1,0
2282,32640765111,77082909,1,0
2283,32641104666,77116928,1,0
2284,32641444666,77150868,1,0
2285,32641784222,77182287,1,0
2286,32642101333,77216452,1,0
2287,32642442888,77249131,1,0
2288,32642769444,77284375,1,0
2289,32643115333,77316378,1,0
2290,32643441777,77348691,1,0
2291,32643769444,77383159,1,0
2292,32644115444,77415090,1,0
2293,32644440444,77447697,1,0
2294,32644772888,77482273,1,0
2295,32645104000,77521238,1,0
2296,32645452111,77553106,1,0
2297,32645776777,77583455,1,0
2298,32646112111,77615761,1,0
2299,32646441555,77650435,1,0
2300,32646779444,77683601,1,0
2301,32647115666,77718320,1,0
2302,32647455222,77749487,1,0
2303,32647775777,77784439,1,0
2304,32648109444,77819169,1,0
2305,32648458555,77852913,1,0
2306,32648785666,77883044,1,0
2307,32649112000,77917923,1,0
2308,32649459444,77951743,1,0
2309,32649792333,77984178,1,0
2310,32650117111,78019212,1,0
2311,32650469444,78048052,1,0
2312,32650769444,78083254,1,0
2313,32651121555,78115364,1,0
2314,32651444444,78150546,1,0
2315,32651783999,78183437,1,0
2316,32652117111,78217546,1,0
2317,32652441111,78250952,1,0
2318,32652786444,78283224,1,0
2319,32653114555,78315827,1,0
2320,32653440444,78353731,1,0
2321,32653821333,78382759,1,0
2322,32654107666,78416088,1,0
2323,32654453000,78450261,1,0
2324,32654783000,78484365,1,0
2325,32655133888,78518345,1,0
2326,32655458111,78549352,1,0
2327,32655773000,78585698,1,0
2328,32656121111,78617380,1,0
2329,32656452222,78650513,1,0
2330,32656782777,78683456,1,0
2331,32657111444,78717673,1,0
2332,32657453888,78750412,1,0
2333,32657784000,78784430,1,0
2334,32658115222,78819672,1,0
2335,32658465666,78850405,1,0
2336,32658788777,78886797,1,0
2337,32659133000,78915665,1,0
2338,32659439222,78950401,1,0
2339,32659783777,78987354,1,0
2340,32660150777,79019908,1,0
2341,32660463888,79049793,1,0
2342,32660781222,79084701,1,0
2343,32661123444,79117134,1,0
2344,32661453000,79151156,1,0
2345,32661780111,79186987,1,0
2346,32662146222,79220320,1,0
2347,32662469777,79250462,1,0
2348,32662783333,79284487,1,0
2349,32663131555,79319941,1,0
2350,32663472444,79349292,1,0
2351,32663783666,79385984,1,0
2352,32664133444,79418732,1,0
2353,32664461888,79452597,1,0
2354,32664799111,79483710,1,0
2355,32665122555,79521763,1,0
2356,32665465555,79553739,1,0
2357,32665792111,79585632,1,0
2358,32666136333,79622572,1,0
2359,32666498000,79652182,1,0
2360,32666795777,79684898,1,0
2361,32667132888,79717525,1,0
2362,32667457222,79751366,1,0
2363,32667800000,79785951,1,0
2364,32668131666,79817983,1,0
2365,32668462444,79852290,1,0
2366,32668794444,79884338,1,0
2367,32669119888,79918184,1,0
2368,32669460777,79953094,1,0
2369,32669797444,79984221,1,0
2370,32670121666,80021567,1,0
2371,32670487222,80052909,1,0
2372,32670799555,80086493,1,0
2373,32671129222,80117894,1,0
2374,32671462666,80150094,1,0
2375,32671789666,80184444,1,0
2376,32672131222,80222110,1,0
2377,32672490333,80253099,1,0
2378,32672800444,80286580,1,0
2379,32673134444,80321548,1,0
2380,32673479666,80351765,1,0
2381,32673804222,80387123,1,0
2382,32674141222,80420131,1,0
2383,32674476222,80453399,1,0
2384,32674807666,80486222,1,0
2385,32675142555,80517782,1,0
2386,32675465444,80553353,1,0
2387,32675797555,80586875,1,0
2388,32676142555,80623294,1,0
2389,32676497888,80652473,1,0
2390,32676802666,80685458,1,0
2391,32677136777,80720003,1,0
2392,32677476444,80754604,1,0
2393,32677798555,80786772,1,0
2394,32678134555,80819357,1,0
2395,32678470222,80853296,1,0
2396,32678807444,80886080,1,0
2397,32679138000,80921344,1,0
2398,32679476888,80953203,1,0
2399,32679804666,80985273,1,0
2400,32680142222,81020651,1,0
2401,32680482555,81053532,1,0
2402,32680801666,81086774,1,0
2403,32681140555,81119981,1,0
2404,32681479888,81152553,1,0
2405,32681812555,81187012,1,0
2406,32682147666,81221856,1,0
2407,32682486222,81252481,1,0
2408,32682799888,81290070,1,0
2409,32683172222,81320645,1,0
2410,32683493666,81352484,1,0
2411,32683817000,81386531,1,0
2412,32684150444,81421464,1,0
2413,32684483666,81452626,1,0
2414,32684813555,81487449,1,0
2415,32685142777,81520252,1,0
2416,32685483777,81550902,1,0
2417,32685795111,81586403,1,0
2418,32686136111,81620048,1,0
2419,32686468555,81653135,1,0
2420,32686811777,81688091,1,0
2421,32687141888,81721979,1,0
2422,32687482555,81753989,1,0
2423,32687812777,81791896,1,0
2424,32688154000,81820761,1,0
2425,32688486555,81886881,1,0
2426,32689146666,81965962,1,0
2427,32689146666,81977284,1,0
2428,32689146666,81988700,1,0
2429,32689834888,82007390,1,0
2430,32690148222,82025411,1,0
2431,32690490888,82055648,1,0
2432,32690835333,82088137,1,0
2433,32691161333,82123924,1,0
2434,32691487555,82152673,1,0
2435,32691811555,82187056,1,0
2436,32692142444,82224994,1,0
2437,32692499555,82257176,1,0
2438,32692822555,82287784,1,0
2439,32693156666,82321833,1,0
2440,32693494000,82352041,1,0
2441,32693812888,82387515,1,0
2442,32694153111,82423945,1,0
2443,32694500888,82453494,1,0
2444,32694818222,82488506,1,0
2445,32695159777,82524354,1,0
2446,32695492000,82553902,1,0
2447,32695823222,82587517,1,0
2448,32696152444,82621699,1,0
2449,32696505444,82654604,1,0
2450,32696821888,82687770,1,0
2451,32697156333,82721486,1,0
2452,32697492111,82753723,1,0
2453,32697824888,82791074,1,0
2454,32698158444,82821973,1,0
2455,32698501333,82854292,1,0
2456,32698820333,82892612,1,0
2457,32699168111,82921664,1,0
2458,32699496222,82955173,1,0
2459,32699833000,82988655,1,0
2460,32700165888,83023372,1,0
2461,32700506333,83058426,1,0
2462,32700834000,83089383,1,0
2463,32701171000,83122710,1,0
2464,32701502888,83155031,1,0
2465,32701827111,83188455,1,0
2466,32702164555,83221890,1,0
2467,32702500111,83254511,1,0
2468,32702824444,83289455,1,0
2469,32703158666,83321382,1,0
2470,32703500444,83354412,1,0
2471,32703824555,83391351,1,0
2472,32704195777,83422631,1,0
2473,32704508666,83454046,1,0
2474,32704823444,83489040,1,0
2475,32705166000,83522169,1,0
2476,32705502666,83555769,1,0
2477,32705839666,83592786,1,0
2478,32706197222,83623677,1,0
2479,32706519111,83654414,1,0
2480,32706831888,83690784,1,0
2481,32707179555,83722017,1,0
2482,32707500444,83757725,1,0
2483,32707857111,83790440,1,0
2484,32708179333,83823081,1,0
2485,32708504777,83855542,1,0
2486,32708833888,83888986,1,0
2487,32709171777,83923536,1,0
2488,32709513888,83955171,1,0
2489,32709831555,83988543,1,0
2490,32710175000,84025293,1,0
2491,32710532666,84056189,1,0
2492,32710833555,84090893,1,0
2493,32711182111,84122915,1,0
2494,32711509777,84156658,1,0
2495,32711831777,84188836,1,0
2496,32712180444,84222832,1,0
2497,32712511000,84258693,1,0
2498,32712859777,84290068,1,0
2499,32713172000,84323529,1,0
2500,32713522555,84357754,1,0
2501,32713848777,84392259,1,0
2502,32714200777,84423488,1,0
2503,32714515888,84457183,1,0
2504,32714845777,84491202,1,0
2505,32715186333,84525501,1,0
2506,32715516444,84557580,1,0
2507,32715858000,84590209,1,0
2508,32716176999,84622868,1,0
2509,32716504666,84659483,1,0
2510,32716871222,84689929,1,0
2511,32717177666,84724940,1,0
2512,32717531333,84758228,1,0
2513,32717848888,84790869,1,0
2514,32718186333,84828345,1,0
2515,32718549666,84857404,1,0
2516,32718850222,84891922,1,0
2517,32719190555,84924992,1,0
2518,32719527666,84957979,1,0
2519,32719851666,84991236,1,0
2520,32720183222,85024930,1,0
2521,32720526000,85057695,1,0
2522,32720849000,85089833,1,0
2523,32721182555,85123582,1,0
2524,32721518111,85155313,1,0
2525,32721841000,85191223,1,0
2526,32722190555,85226091,1,0
2527,32722525333,85256839,1,0
2528,32722850888,85293887,1,0
2529,32723220222,85323368,1,0
2530,32723515111,85357455,1,0
2531,32723853222,85390891,1,0
2532,32724185111,85424281,1,0
2533,32724518666,85459610,1,0
2534,32724864666,85490991,1,0
2535,32725189999,85524838,1,0
2536,32725516111,85556350,1,0
2537,32725840666,85591922,1,0
2538,32726198111,85624151,1,0
2539,32726522111,85658109,1,0
2540,32726859666,85691057,1,0
2541,32727183111,85725341,1,0
2542,32727523333,85757087,1,0
2543,32727850444,85790416,1,0
2544,32728184222,85824538,1,0
2545,32728524000,85858984,1,0
2546,32728873222,85890973,1,0
2547,32729185666,85925779,1,0
2548,32729529000,85958941,1,0
2549,32729861555,85990421,1,0
2550,32730193333,86026038,1,0
2551,32730538333,86057889,1,0
2552,32730852444,86090977,1,0
2553,32731192222,86126902,1,0
2554,32731548777,86157760,1,0
2555,32731855444,86192571,1,0
2556,32732192555,86227375,1,0
2557,32732543666,86259476,1,0
2558,32732867444,86292694,1,0
2559,32733202111,86325821,1,0
2560,32733537444,86359820,1,0
2561,32733867666,86392004,1,0
2562,32734198111,86426008,1,0
2563,32734534444,86458094,1,0
2564,32734856222,86493056,1,0
2565,32735202666,86525351,1,0
2566,32735532222,86559849,1,0
2567,32735858222,86595971,1,0
2568,32736203999,86629111,1,0
2569,32736540888,86658737,1,0
2570,32736867444,86690734,1,0
2571,32737194888,86726484,1,0
2572,32737541444,86760860,1,0
2573,32737881000,86793985,1,0
2574,32738205777,86826639,1,0
2575,32738538333,86859424,1,0
2576,32738860888,86891865,1,0
2577,32739204555,86925769,1,0
2578,32739541777,86959647,1,0
2579,32739876333,86994364,1,0
2580,32740234000,87025904,1,0
2581,32740538555,87058015,1,0
2582,32740859777,87096033,1,0
2583,32741213444,87125955,1,0
2584,32741541666,87158734,1,0
2585,32741861222,87192435,1,0
2586,32742199666,87224844,1,0
2587,32742536000,87258083,1,0
2588,32742866777,87292462,1,0
2589,32743203222,87325617,1,0
2590,32743538111,87359437,1,0
2591,32743881555,87392303,1,0
2592,32744213333,87427064,1,0
2593,32744559111,87458962,1,0
2594,32744876333,87491818,1,0
2595,32745209000,87524814,1,0
2596,32745541888,87558477,1,0
2597,32745863888,87592854,1,0
2598,32746220111,87625907,1,0
2599,32746541444,87659402,1,0
2600,32746870555,87692116,1,0
2601,32747200888,87726603,1,0
2602,32747538111,87759012,1,0
2603,32747867555,87792760,1,0
2604,32748207111,87825735,1,0
2605,32748534222,87859754,1,0
2606,32748878777,87893088,1,0
2607,32749213666,87926729,1,0
2608,32749548888,87959635,1,0
2609,32749874777,87993916,1,0
2610,32750213111,88028479,1,0
2611,32750562444,88059901,1,0
2612,32750879111,88096883,1,0
2613,32751213555,88125864,1,0
2614,32751539888,88159461,1,0
2615,32751876666,88193223,1,0
2616,32752220777,88228006,1,0
2617,32752562888,88261872,1,0
2618,32752892111,88293719,1,0
2619,32753216111,88328482,1,0
2620,32753546111,88359136,1,0
2621,32753880777,88394781,1,0
2622,32754233222,88427015,1,0
2623,32754559555,88458871,1,0
2624,32754879666,88495910,1,0
2625,32755238111,88526292,1,0
2626,32755546000,88559457,1,0
2627,32755882222,88592210,1,0
2628,32756213444,88627724,1,0
2629,32756551555,88660821,1,0
2630,32756882555,88693632,1,0
2631,32757219666,88732136,1,0
2632,32757557888,88759848,1,0
2633,32757881444,88793561,1,0
2634,32758221111,88827110,1,0
2635,32758549000,88861618,1,0
2636,32758894666,88895059,1,0
2637,32759236888,88928298,1,0
2638,32759555333,88960791,1,0
2639,32759884777,88993164,1,0
2640,32760223000,89026899,1,0
2641,32760559666,89061128,1,0
2642,32760903222,89093286,1,0
2643,32761226111,89126404,1,0
2644,32761556111,89159544,1,0
2645,32761882888,89196483,1,0
2646,32762240777,89225476,1,0
2647,32762552000,89259767,1,0
2648,32762889000,89293166,1,0
2649,32763226222,89326795,1,0
2650,32763563444,89361330,1,0
2651,32763896222,89395206,1,0
2652,32764243444,89427844,1,0
2653,32764569444,89460357,1,0
2654,32764890999,89494720,1,0
2655,32765232666,89527474,1,0
2656,32765564222,89561651,1,0
2657,32765911000,89594396,1,0
2658,32766238333,89626086,1,0
2659,32766551222,89660304,1,0
2660,32766887000,89698645,1,0
2661,32767281888,89726816,1,0
2662,32767557000,89760324,1,0
2663,32767892888,89793200,1,0
2664,32768228555,89828317,1,0
2665,32768562888,89860503,1,0
2666,32768895000,89895121,1,0
2667,32769234666,89927599,1,0
2668,32769572666,89961215,1,0
2669,32769891222,89994268,1,0
2670,32770230000,90027362,1,0
2671,32770570666,90061269,1,0
2672,32770908777,90094172,1,0
2673,32771234333,90129571,1,0
2674,32771564555,90160628,1,0
2675,32771903000,90194506,1,0
2676,32772235777,90228157,1,0
2677,32772574555,90263521,1,0
2678,32772922111,90294965,1,0
2679,32773237666,90330893,1,0
2680,32773592222,90363169,1,0
2681,32773891666,90395698,1,0
2682,32774242111,90429666,1,0
2683,32774581888,90460947,1,0
2684,32774900888,90495297,1,0
2685,32775240111,90534988,1,0
2686,32775630000,90560936,1,0
2687,32775894555,90596346,1,0
2688,32776233111,90631714,1,0
2689,32776580111,90660501,1,0
2690,32776895111,90694095,1,0
2691,32777233777,90730280,1,0
2692,32777585111,90760299,1,0
2693,32777903888,90794648,1,0
2694,32778241444,90829652,1,0
2695,32778575333,90862945,1,0
2696,32778908444,90896215,1,0
2697,32779251222,90929261,1,0
2698,32779580777,90964012,1,0
2699,32779904777,90995213,1,0
2700,32780245222,91030654,1,0
2701,32780585000,91062054,1,0
2702,32780900444,91094953,1,0
2703,32781234555,91129817,1,0
2704,32781576111,91163160,1,0
2705,32781912000,91196285,1,0
2706,32782244333,91230857,1,0
2707,32782589888,91260896,1,0
2708,32782899333,91296617,1,0
2709,32783239555,91329500,1,0
2710,32783573666,91360431,1,0
2711,32783905444,91396195,1,0
2712,32784249555,91431526,1,0
2713,32784597111,91462579,1,0
2714,32784914111,91498098,1,0
2715,32785251222,91530802,1,0
2716,32785583777,91561222,1,0
2717,32785908888,91596550,1,0
2718,32786259444,91628986,1,0
2719,32786578555,91663256,1,0
2720,32786911222,91699779,1,0
2721,32787273111,91730239,1,0
2722,32787583222,91764246,1,0
2723,32787921777,91802329,1,0
2724,32788291888,91830051,1,0
2725,32788596888,91864941,1,0
2726,32788925666,91896822,1,0
2727,32789252000,91930980,1,0
2728,32789585777,91963335,1,0
2729,32789911333,91999197,1,0
2730,32790262777,92030812,1,0
2731,32790589444,92063317,1,0
2732,32790917555,92097751,1,0
2733,32791253000,92128882,1,0
2734,32791576111,92162705,1,0
2735,32791915000,92197261,1,0
2736,32792257666,92232071,1,0
2737,32792591000,92265503,1,0
2738,32792929666,92296643,1,0
2739,32793248111,92330930,1,0
2740,32793595888,92363837,1,0
2741,32793917555,92397107,1,0
2742,32794257444,92432000,1,0
2743,32794600444,92465155,1,0
2744,32794928444,92497670,1,0
2745,32795257444,92531466,1,0
2746,32795595777,92564032,1,0
2747,32795921666,92596062,1,0
2748,32796251555,92629913,1,0
2749,32796587333,92667579,1,0
2750,32796943222,92698001,1,0
2751,32797261222,92733220,1,0
2752,32797607333,92765521,1,0
2753,32797934000,92798859,1,0
2754,32798269666,92830967,1,0
2755,32798587000,92865509,1,0
2756,32798927555,92898346,1,0
2757,32799264444,92932982,1,0
2758,32799600333,92964980,1,0
2759,32799929111,92998229,1,0
2760,32800271111,93030556,1,0
2761,32800590888,93071150,1,0
2762,32800962111,93099634,1,0
2763,32801281000,93131436,1,0
2764,32801597777,93164069,1,0
2765,32801924444,93197610,1,0
2766,32802259888,93232808,1,0
2767,32802599555,93265427,1,0
2768,32802938888,93296384,1,0
2769,32803262222,93329644,1,0
2770,32803596555,93363296,1,0
2771,32803930999,93398286,1,0
2772,32804272000,93432268,1,0
2773,32804612111,93468147,1,0
2774,32804961888,93497811,1,0
2775,32805261888,93532055,1,0
2776,32805595444,93564404,1,0
2777,32805924777,93597667,1,0
2778,32806265777,93632418,1,0
2779,32806593888,93665179,1,0
2780,32806936000,93702099,1,0
2781,32807298777,93732118,1,0
2782,32807607222,93764769,1,0
2783,32807932000,93801935,1,0
2784,32808280222,93831388,1,0
2785,32808605333,93868937,1,0
2786,32808953555,93906650,1,0
2787,32809348555,93932550,1,0
2788,32809604777,93966513,1,0
2789,32809942777,93999945,1,0
2790,32810285888,94032365,1,0
2791,32810613555,94066128,1,0
2792,32810942888,94099797,1,0
2793,32811283000,94132017,1,0
2794,32811609555,94165867,1,0
2795,32811944111,94199889,1,0
2796,32812283666,94233030,1,0
2797,32812618888,94269081,1,0
2798,32812971777,94302249,1,0
2799,32813300888,94333130,1,0
2800,32813614333,94365670,1,0
2801,32813942555,94400752,1,0
2802,32814285444,94432353,1,0
2803,32814607222,94467548,1,0
2804,32814942888,94500376,1,0
2805,32815284444,94538178,1,0
2806,32815653666,94567532,1,0
2807,32815952666,94599588,1,0
2808,32816284444,94633396,1,0
2809,32816614111,94665947,1,0
2810,32816940222,94698817,1,0
2811,32817277444,94731163,1,0
2812,32817606333,94765006,1,0
2813,32817932444,94800008,1,0
2814,32818272000,94834843,1,0
2815,32818630000,94868927,1,0
2816,32818951666,94900876,1,0
2817,32819275333,94932375,1,0
2818,32819604666,94967230,1,0
2819,32819943555,94999622,1,0
2820,32820272555,95034482,1,0
2821,32820619888,95067447,1,0
2822,32820948555,95101560,1,0
2823,32821292777,95134070,1,0
2824,32821627000,95168071,1,0
2825,32821973333,95199454,1,0
2826,32822288444,95233358,1,0
2827,32822625444,95266392,1,0
2828,32822951333,95300984,1,0
2829,32823292000,95330704,1,0
2830,32823612777,95367285,1,0
2831,32823950444,95400282,1,0
2832,32824290222,95435926,1,0
2833,32824618999,95466511,1,0
2834,32824943555,95501638,1,0
2835,32825293555,95534894,1,0
2836,32825625666,95568575,1,0
2837,32825951444,95603629,1,0
2838,32826314444,95633142,1,0
2839,32826610333,95668849,1,0
2840,32826961777,95704126,1,0
2841,32827299555,95734980,1,0
2842,32827620222,95768979,1,0
2843,32827963444,95802317,1,0
2844,32828304000,95834612,1,0
2845,32828620111,95868705,1,0
2846,32828948888,95903858,1,0
2847,32829294555,95936423,1,0
2848,32829635444,95969907,1,0
2849,32829965333,96001944,1,0
2850,32830308888,96034812,1,0
2851,32830633333,96067202,1,0
2852,32830965000,96099587,1,0
2853,32831290333,96135604,1,0
2854,32831628555,96168530,1,0
2855,32831953444,96205382,1,0
2856,32832303333,96233334,1,0
2857,32832621222,96268760,1,0
2858,32832965000,96305164,1,0
2859,32833293666,96332764,1,0
2860,32833625333,96368005,1,0
2861,32833960888,96405406,1,0
2862,32834332888,96436772,1,0
2863,32834639000,96467754,1,0
2864,32834960888,96501948,1,0
2865,32835310444,96536287,1,0
2866,32835643444,96568094,1,0
2867,32835960777,96606263,1,0
2868,32836341000,96637496,1,0
2869,32836632444,96666958,1,0
2870,32836952333,96703793,1,0
2871,32837310666,96735559,1,0
2872,32837633555,96768221,1,0
2873,32837963444,96803462,1,0
2874,32838309333,96837389,1,0
2875,32838639555,96868084,1,0
2876,32838961222,96902950,1,0
2877,32839295777,96934958,1,0
2878,32839634111,96968283,1,0
2879,32839966555,97003692,1,0
2880,32840304666,97037161,1,0
2881,32840652222,97067838,1,0
2882,32840965666,97102272,1,0
2883,32841300444,97137650,1,0
2884,32841645666,97169038,1,0
2885,32841966333,97204521,1,0
2886,32842302333,97235949,1,0
2887,32842640777,97271384,1,0
2888,32842981000,97303521,1,0
2889,32843309777,97334583,1,0
2890,32843639888,97370673,1,0
2891,32843979555,97401477,1,0
2892,32844303777,97435196,1,0
2893,32844646111,97467817,1,0
2894,32844967111,97502213,1,0
2895,32845309111,97536871,1,0
2896,32845650333,97568870,1,0
2897,32845970000,97602811,1,0
2898,32846308000,97635983,1,0
2899,32846643333,97667687,1,0
2900,32846966666,97704377,1,0
2901,32847315333,97735716,1,0
2902,32847649333,97771042,1,0
2903,32847977000,97804763,1,0
2904,32848310555,97837961,1,0
2905,32848655111,97869704,1,0
2906,32848976444,97904505,1,0
2907,32849322111,97937119,1,0
2908,32849644888,97971251,1,0
2909,32849977111,98003691,1,0
2910,32850318444,98037511,1,0
2911,32850653111,98069486,1,0
2912,32850969888,98103923,1,0
2913,32851318000,98136567,1,0
2914,32851641000,98169427,1,0
2915,32851968000,98203107,1,0
2916,32852319666,98236692,1,0
2917,32852639888,98269980,1,0
2918,32852977000,98304041,1,0
2919,32853312888,98338585,1,0
2920,32853665444,98370787,1,0
2921,32853979000,98404224,1,0
2922,32854320333,98440822,1,0
2923,32854684666,98469499,1,0
2924,32854975555,98504970,1,0
2925,32855315222,98540658,1,0
2926,32855674555,98573130,1,0
2927,32856001666,98603942,1,0
2928,32856317777,98639194,1,0
2929,32856672222,98670005,1,0
2930,32856981666,98707239,1,0
2931,32857333333,98736432,1,0
2932,32857650000,98773182,1,0
2933,32857983666,98805757,1,0
2934,32858325444,98837082,1,0
2935,32858652555,98869958,1,0
2936,32858979333,98904579,1,0
2937,32859326555,98938232,1,0
2938,32859652111,98970215,1,0
2939,32859989444,99004786,1,0
2940,32860320666,99038368,1,0
2941,32860652777,99072465,1,0
2942,32861000000,99104161,1,0
2943,32861313444,99137874,1,0
2944,32861657444,99174953,1,0
2945,32862025000,99204929,1,0
2946,32862325444,99238071,1,0
2947,32862650222,99270188,1,0
2948,32862988777,99302851,1,0
2949,32863316555,99336990,1,0
2950,32863659666,99371510,1,0
2951,32863978666,99403453,1,0
2952,32864318222,99438733,1,0
2953,32864660555,99470498,1,0
2954,32864989000,99504372,1,0
2955,32865324555,99538668,1,0
2956,32865662000,99571760,1,0
2957,32865997222,99606393,1,0
2958,32866325222,99637907,1,0
2959,32866659555,99672011,1,0
2960,32866993666,99705405,1,0
2961,32867323444,99738533,1,0
2962,32867665222,99771018,1,0
2963,32867990333,99807708,1,0
2964,32868347888,99837163,1,0
2965,32868651444,99871960,1,0
2966,32868991222,99904553,1,0
2967,32869324666,99939337,1,0
2968,32869661000,99972503,1,0
2969,32869996222,100004700,1,0
2970,32870326222,100039541,1,0
2971,32870672222,100071903,1,0
2972,32870991888,100106792,1,0
2973,32871332888,100137025,1,0
2974,32871655666,100172802,1,0
2975,32872001666,100207231,1,0
2976,32872353444,100239568,1,0
2977,32872674888,100272660,1,0
2978,32873002444,100305234,1,0
2979,32873332333,100339450,1,0
2980,32873675333,100372741,1,0
2981,32873998111,100406543,1,0
2982,32874338777,100440593,1,0
2983,32874680333,100472511,1,0
2984,32875003444,100507284,1,0
2985,32875357333,100539944,1,0
2986,32875675111,100572377,1,0
2987,32876001222,100605786,1,0
2988,32876332111,100639252,1,0
2989,32876672222,100672364,1,0
2990,32877006000,100707198,1,0
2991,32877344444,100738855,1,0
2992,32877670555,100771292,1,0
2993,32877995666,100808601,1,0
2994,32878359666,100840859,1,0
2995,32878685999,100873891,1,0
2996,32879005666,100908393,1,0
2997,32879358333,100940979,1,0
2998,32879664555,100973831,1,0
2999,32880013222,101003790,1,0
3000,32880332111,101039632,1,0
3001,32880678777,101073625,1,0
3002,32881022333,101107981,1,0
3003,32881342555,101139487,1,0
3004,32881675111,101172232,1,0
3005,32882007555,101205458,1,0
3006,32882340111,101239110,1,0
3007,32882671111,101275319,1,0
3008,32883035000,101306072,1,0
3009,32883345222,101339104,1,0
3010,32883682444,101372650,1,0
3011,32884014444,101406916,1,0
3012,32884353444,101439166,1,0
3013,32884687111,101478362,1,0
3014,32885074888,101505334,1,0
3015,32885346777,101540219,1,0
3016,32885680444,101576797,1,0
3017,32886029444,101606929,1,0
3018,32886350333,101642111,1,0
3019,32886696666,101673001,1,0
3020,32887015888,101706416,1,0
3021,32887345333,101740367,1,0
3022,32887683111,101771889,1,0
3023,32888005222,101808156,1,0
3024,32888356333,101840759,1,0
3025,32888686222,101874055,1,0
3026,32889019666,101909323,1,0
3027,32889368666,101941847,1,0
3028,32889693000,101972404,1,0
3029,32890016333,102006913,1,0
3030,32890352333,102040746,1,0
3031,32890682555,102073875,1,0
3032,32891016555,102106381,1,0
3033,32891350666,102141492,1,0
3034,32891687333,102174085,1,0
3035,32892023888,102208236,1,0
3036,32892362555,102239162,1,0
3037,32892688555,102278247,1,0
3038,32893058000,102307591,1,0
3039,32893361000,102340837,1,0
3040,32893702777,102372951,1,0
3041,32894019777,102407224,1,0
3042,32894363000,102441130,1,0
3043,32894697111,102475969,1,0
3044,32895040111,102507182,1,0
3045,32895351111,102542757,1,0
3046,32895704777,102574574,1,0
3047,32896019666,102608473,1,0
3048,32896365222,102640260,1,0
3049,32896689555,102673817,1,0
3050,32897024333,102707185,1,0
3051,32897361888,102746153,1,0
3052,32897734999,102772606,1,0
3053,32898012888,102809590,1,0
3054,32898373222,102840974,1,0
3055,32898689444,102874443,1,0
3056,32899025888,102907993,1,0
3057,32899357444,102940174,1,0
3058,32899689000,102976024,1,0
3059,32900023666,103007418,1,0
3060,32900360888,103042244,1,0
3061,32900701000,103074535,1,0
3062,32901022222,103109529,1,0
3063,32901371888,103142817,1,0
3064,32901706111,103178925,1,0
3065,32902071111,103209526,1,0
3066,32902374666,103242754,1,0
3067,32902708444,103275866,1,0
3068,32903032777,103310514,1,0
3069,32903382666,103343234,1,0
3070,32903708666,103379102,1,0
3071,32904055444,103411799,1,0
3072,32904391333,103443206,1,0
3073,32904701222,103475136,1,0
3074,32905035333,103508485,1,0
3075,32905368000,103542047,1,0
3076,32905702000,103575854,1,0
3077,32906035555,103611189,1,0
3078,32906387333,103641348,1,0
3079,32906704333,103673501,1,0
3080,32907022000,103708768,1,0
3081,32907363999,103742242,1,0
3082,32907704111,103774325,1,0
3083,32908029555,103809549,1,0
3084,32908383333,103843874,1,0
3085,32908711111,103876238,1,0
3086,32909043555,103909394,1,0
3087,32909373999,103943457,1,0
3088,32909704000,103977045,1,0
3089,32910043999,104011222,1,0
3090,32910390444,104042842,1,0
3091,32910704666,104075819,1,0
3092,32911035000,104110693,1,0
3093,32911377000,104143822,1,0
3094,32911708444,104176180,1,0
3095,32912046999,104210090,1,0
3096,32912368333,104244141,1,0
3097,32912718333,104276594,1,0
3098,32913047000,104309306,1,0
3099,32913373666,104342652,1,0
3100,32913711222,104375761,1,0
3101,32914034777,104410306,1,0
3102,32914380444,104446696,1,0
3103,32914727555,104477050,1,0
3104,32915040000,104510331,1,0
3105,32915382000,104543911,1,0
3106,32915717111,104575526,1,0
3107,32916046444,104610112,1,0
3108,32916373888,104646529,1,0
3109,32916735111,104675099,1,0
3110,32917040000,104710721,1,0
3111,32917384222,104743988,1,0
3112,32917712555,104777853,1,0
3113,32918053333,104811841,1,0
3114,32918389555,104844940,1,0
3115,32918714222,104877726,1,0
3116,32919070000,104912165,1,0
3117,32919394777,104943903,1,0
3118,32919711111,104976790,1,0
3119,32920047333,105009935,1,0
3120,32920387888,105044705,1,0
3121,32920724555,105077666,1,0
3122,32921049888,105109137,1,0
3123,32921378888,105143706,1,0
3124,32921724111,105176320,1,0
3125,32922051777,105210208,1,0
3126,32922389000,105244820,1,0
3127,32922727111,105278493,1,0
3128,32923059888,105311136,1,0
3129,32923388888,105342293,1,0
3130,32923712000,105377723,1,0
3131,32924048555,105411298,1,0
3132,32924390888,105444061,1,0
3133,32924723666,105478218,1,0
3134,32925052777,105511787,1,0
3135,32925400111,105547397,1,0
3136,32925740777,105577573,1,0
3137,32926060333,105611314,1,0
3138,32926390666,105644877,1,0
3139,32926727666,105677001,1,0
3140,32927048555,105710632,1,0
3141,32927389222,105742328,1,0
3142,32927714555,105778874,1,0
3143,32928062444,105811429,1,0
3144,32928391000,105844172,1,0
3145,32928721333,105877464,1,0
3146,32929053333,105910751,1,0
3147,32929389444,105945269,1,0
3148,32929729444,105976419,1,0
3149,32930051000,106010948,1,0
3150,32930394888,106044844,1,0
3151,32930722777,106075761,1,0
3152,32931048111,106110891,1,0
3153,32931389777,106144094,1,0
3154,32931730444,106180894,1,0
3155,32932079888,106212610,1,0
3156,32932402000,106246514,1,0
3157,32932734999,106277796,1,0
3158,32933056777,106313397,1,0
3159,32933401000,106343713,1,0
3160,32933732111,106377552,1,0
3161,32934061666,106410842,1,0
3162,32934395888,106445646,1,0
3163,32934739777,106480347,1,0
3164,32935068777,106514404,1,0
3165,32935399555,106547334,1,0
3166,32935749111,106579685,1,0
3167,32936068888,106613898,1,0
3168,32936412666,106647427,1,0
3169,32936748777,106679440,1,0
3170,32937070888,106712823,1,0
3171,32937398888,106750770,1,0
3172,32937761222,106777918,1,0
3173,32938061444,106811836,1,0
3174,32938403555,106846779,1,0
3175,32938733666,106877950,1,0
3176,32939064333,106911697,1,0
3177,32939394666,106945680,1,0
3178,32939734888,106977312,1,0
3179,32940060444,107012188,1,0
3180,32940406777,107046484,1,0
3181,32940741000,107079065,1,0
3182,32941067222,107113832,1,0
3183,32941408888,107145369,1,0
3184,32941736222,107178923,1,0
3185,32942060777,107212855,1,0
3186,32942404555,107245704,1,0
3187,32942730333,107280468,1,0
3188,32943083666,107312866,1,0
3189,32943409444,107345693,1,0
3190,32943738222,107380764,1,0
3191,32944083111,107413613,1,0
3192,32944402000,107445669,1,0
3193,32944735999,107479703,1,0
3194,32945074333,107511657,1,0
3195,32945395888,107548263,1,0
3196,32945746222,107583241,1,0
3197,32946090000,107611958,1,0
3198,32946406111,107646568,1,0
3199,32946738444,107679059,1,0
3200,32947080555,107715741,1,0
3201,32947427111,107746986,1,0
3202,32947747222,107781150,1,0
3203,32948081000,107816978,1,0
3204,32948421222,107846895,1,0
3205,32948742888,107883122,1,0
3206,32949089444,107918283,1,0
3207,32949434000,107948778,1,0
3208,32949761555,107978561,1,0
3209,32950071000,108013578,1,0
3210,32950414333,108047289,1,0
3211,32950756444,108080197,1,0
3212,32951082111,108113424,1,0
3213,32951411000,108148587,1,0
3214,32951760666,108180050,1,0
3215,32952072666,108214870,1,0
3216,32952419222,108249943,1,0
3217,32952780111,108280245,1,0
3218,32953080444,108313969,1,0
3219,32953415222,108346713,1,0
3220,32953752111,108379528,1,0
3221,32954077666,108413339,1,0
3222,32954412444,108447344,1,0
3223,32954759444,108479187,1,0
3224,32955075111,108516586,1,0
3225,32955425555,108549662,1,0
3226,32955759555,108580481,1,0
3227,32956077555,108614649,1,0
3228,32956421888,108647285,1,0
3229,32956753777,108683383,1,0
3230,32957091888,108716142,1,0
3231,32957440333,108748198,1,0
3232,32957764555,108780510,1,0
3233,32958085000,108815173,1,0
3234,32958427222,108850195,1,0
3235,32958763444,108881692,1,0
3236,32959093888,108918364,1,0
3237,32959420222,108947883,1,0
3238,32959748333,108981749,1,0
3239,32960086222,109013570,1,0
3240,32960420333,109051211,1,0
3241,32960780222,109083147,1,0
3242,32961108111,109115112,1,0
3243,32961428888,109151750,1,0
3244,32961779555,109182406,1,0
3245,32962103222,109216252,1,0
3246,32962428777,109246421,1,0
3247,32962746000,109282583,1,0
3248,32963096222,109313604,1,0
3249,32963419555,109347264,1,0
3250,32963759333,109381750,1,0
3251,32964098888,109413586,1,0
3252,32964424444,109451401,1,0
3253,32964769666,109481570,1,0
3254,32965098444,109517228,1,0
3255,32965420888,109548839,1,0
3256,32965768555,109580449,1,0
3257,32966093333,109615735,1,0
3258,32966428444,109646418,1,0
3259,32966755777,109683874,1,0
3260,32967108555,109714798,1,0
3261,32967424777,109752406,1,0
3262,32967769666,109782172,1,0
3263,32968102666,109816899,1,0
3264,32968443555,109850215,1,0
3265,32968783333,109881250,1,0
3266,32969090888,109916371,1,0
3267,32969437888,109950897,1,0
3268,32969776000,109981142,1,0
3269,32970094333,110016195,1,0
3270,32970436000,110049768,1,0
3271,32970770222,110082646,1,0
3272,32971099444,110115386,1,0
3273,32971439888,110150299,1,0
3274,32971784555,110182957,1,0
3275,32972106000,110218806,1,0
3276,32972456222,110250368,1,0
3277,32972777222,110282573,1,0
3278,32973104555,110316456,1,0
3279,32973441111,110348516,1,0
3280,32973770111,110380884,1,0
3281,32974102777,110416439,1,0
3282,32974441333,110449653,1,0
3283,32974766000,110481394,1,0
3284,32975094333,110516707,1,0
3285,32975442666,110548694,1,0
3286,32975767444,110582698,1,0
3287,32976105888,110616648,1,0
3288,32976437444,110650225,1,0
3289,32976778888,110682855,1,0
3290,32977109444,110717313,1,0
3291,32977449555,110748821,1,0
3292,32977775000,110782780,1,0
3293,32978103666,110817241,1,0
3294,32978442000,110852734,1,0
3295,32978777333,110882806,1,0
3296,32979105333,110917538,1,0
3297,32979443777,110950985,1,0
3298,32979787000,110981482,1,0
3299,32980106111,111016020,1,0
3300,32980442555,111049314,1,0
3301,32980784888,111081194,1,0
3302,32981105333,111116643,1,0
3303,32981443777,111151407,1,0
3304,32981785888,111183212,1,0
3305,32982114555,111216646,1,0
3306,32982448888,111250612,1,0
3307,32982777555,111281198,1,0
3308,32983101111,111316682,1,0
3309,32983442555,111349532,1,0
3310,32983768888,111381208,1,0
3311,32984097222,111416522,1,0
3312,32984448555,111449495,1,0
3313,32984784777,111482857,1,0
3314,32985111888,111518834,1,0
3315,32985466111,111550734,1,0
3316,32985792888,111583978,1,0
3317,32986115000,111618658,1,0
3318,32986452000,111651009,1,0
3319,32986781555,111686124,1,0
3320,32987141000,111717640,1,0
3321,32987453777,111750103,1,0
3322,32987790777,111783848,1,0
3323,32988117333,111821872,1,0
3324,32988480333,111848929,1,0
3325,32988777444,111884933,1,0
3326,32989124888,111916717,1,0
3327,32989449444,111950037,1,0
3328,32989784888,111983194,1,0
3329,32990118444,112017607,1,0
3330,32990455555,112052109,1,0
3331,32990799444,112085824,1,0
3332,32991118555,112117159,1,0
3333,32991449555,112150105,1,0
3334,32991784333,112186319,1,0
3335,32992135111,112220148,1,0
3336,32992476444,112251894,1,0
3337,32992795222,112284221,1,0
3338,32993122666,112316614,1,0
3339,32993444333,112351492,1,0
3340,32993798444,112382916,1,0
3341,32994116000,112422423,1,0
3342,32994513000,112449616,1,0
3343,32994786333,112484467,1,0
3344,32995122000,112516897,1,0
3345,32995452444,112551724,1,0
3346,32995793444,112582220,1,0
3347,32996115666,112616757,1,0
3348,32996457888,112651753,1,0
3349,32996796444,112683746,1,0
3350,32997123888,112717629,1,0
3351,32997464777,112751072,1,0
3352,32997787111,112784228,1,0
3353,32998118888,112819750,1,0
3354,32998469555,112851544,1,0
3355,32998795333,112888267,1,0
3356,32999125444,112919601,1,0
3357,32999467333,112952734,1,0
3358,32999799888,112984335,1,0
3359,33000130222,113020137,1,0
3360,33000464222,113051683,1,0
3361,33000806777,113084247,1,0
3362,33001119444,113118307,1,0
3363,33001459555,113152375,1,0
3364,33001800777,113186044,1,0
3365,33002133222,113220805,1,0
3366,33002473444,113252322,1,0
3367,33002797111,113284468,1,0
3368,33003125555,113318716,1,0
3369,33003468333,113352611,1,0
3370,33003808666,113386647,1,0
3371,33004140888,113420024,1,0
3372,33004482333,113453979,1,0
3373,33004809777,113486114,1,0
3374,33005133000,113519738,1,0
3375,33005469888,113552774,1,0
3376,33005814555,113585627,1,0
3377,33006140111,113619822,1,0
3378,33006470444,113652314,1,0
3379,33006800000,113686751,1,0
3380,33007149111,113723909,1,0
3381,33007508111,113752621,1,0
3382,33007809777,113785615,1,0
3383,33008137000,113821947,1,0
3384,33008494222,113853555,1,0
3385,33008813444,113894540,1,0
3386,33009221111,113918699,1,0
3387,33009475333,113955379,1,0
3388,33009818333,113985278,1,0
3389,33010138333,114019513,1,0
3390,33010472111,114054470,1,0
3391,33010820444,114084960,1,0
3392,33011135333,114118749,1,0
3393,33011463000,114152822,1,0
3394,33011802111,114187235,1,0
3395,33012132777,114219156,1,0
3396,33012473666,114254190,1,0
3397,33012817888,114285995,1,0
3398,33013133666,114320351,1,0
3399,33013478111,114353170,1,0
3400,33013809888,114387474,1,0
3401,33014148111,114419993,1,0
3402,33014476666,114452943,1,0
3403,33014804666,114486327,1,0
3404,33015139111,114523068,1,0
3405,33015506333,114551853,1,0
3406,33015805666,114586996,1,0
3407,33016139777,114620021,1,0
3408,33016481000,114655484,1,0
3409,33016828666,114686049,1,0
3410,33017148444,114723894,1,0
3411,33017514666,114757232,1,0
3412,33017855333,114787066,1,0
3413,33018145888,114821909,1,0
3414,33018500444,114855011,1,0
3415,33018827222,114888175,1,0
3416,33019152777,114920413,1,0
3417,33019482888,114955736,1,0
3418,33019831000,114988815,1,0
3419,33020171111,115027728,1,0
3420,33020517333,115055271,1,0
3421,33020840666,115087994,1,0
3422,33021169555,115121197,1,0
3423,33021497444,115153298,1,0
3424,33021821444,115187736,1,0
3425,33022166444,115224436,1,0
3426,33022533555,115252996,1,0
3427,33022822000,115287919,1,0
3428,33023152111,115322581,1,0
3429,33023506222,115353219,1,0
3430,33023822666,115386955,1,0
3431,33024152000,115421038,1,0
3432,33024488000,115454245,1,0
3433,33024823000,115487366,1,0
3434,33025151555,115519994,1,0
3435,33025485555,115553529,1,0
3436,33025815888,115587597,1,0
3437,33026148222,115620773,1,0
3438,33026487111,115653188,1,0
3439,33026814666,115686096,1,0
3440,33027146333,115720789,1,0
3441,33027492444,115753818,1,0
3442,33027821222,115787470,1,0
3443,33028151777,115822355,1,0
3444,33028490222,115853911,1,0
3445,33028812555,115888776,1,0
3446,33029153222,115921041,1,0
3447,33029496555,115955782,1,0
3448,33029829111,115988389,1,0
3449,33030172444,116019671,1,0
3450,33030480666,116056083,1,0
3451,33030828333,116087363,1,0
3452,33031158888,116122001,1,0
3453,33031493111,116155069,1,0
3454,33031828444,116188222,1,0
3455,33032163444,116221275,1,0
3456,33032498999,116256468,1,0
3457,33032837222,116288816,1,0
3458,33033161111,116320325,1,0
3459,33033485666,116353422,1,0
3460,33033832444,116387841,1,0
3461,33034161222,116421556,1,0
3462,33034497555,116454527,1,0
3463,33034831888,116489144,1,0
3464,33035166000,116522405,1,0
3465,33035502000,116556754,1,0
3466,33035848000,116589561,1,0
3467,33036167888,116623933,1,0
3468,33036510111,116654838,1,0
3469,33036832000,116686871,1,0
3470,33037154777,116722145,1,0
3471,33037504000,116757384,1,0
3472,33037850000,116787673,1,0
3473,33038164444,116822500,1,0
3474,33038512000,116854940,1,0
3475,33038832222,116887652,1,0
3476,33039157222,116924101,1,0
3477,33039512555,116956276,1,0
3478,33039841333,116988405,1,0
3479,33040167444,117020972,1,0
3480,33040500333,117054117,1,0
3481,33040832666,117089075,1,0
3482,33041164555,117122331,1,0
3483,33041504444,117154836,1,0
3484,33041837000,117189528,1,0
3485,33042175555,117224335,1,0
3486,33042509333,117258368,1,0
3487,33042858666,117289641,1,0
3488,33043173111,117323048,1,0
3489,33043511000,117354681,1,0
3490,33043833888,117389276,1,0
3491,33044176222,117423132,1,0
3492,33044512000,117456183,1,0
3493,33044839222,117493269,1,0
3494,33045203333,117522256,1,0
3495,33045509000,117555644,1,0
3496,33045844222,117588292,1,0
3497,33046170555,117622291,1,0
3498,33046510666,117654700,1,0
3499,33046836333,117693753,1,0
3500,33047192777,117723821,1,0
3501,33047518555,117757086,1,0
3502,33047848666,117790862,1,0
3503,33048189666,117822188,1,0
3504,33048503333,117856570,1,0
3505,33048841888,117891333,1,0
3506,33049165000,117923860,1,0
3507,33049507000,117957684,1,0
3508,33049852222,117989054,1,0
3509,33050175444,118025955,1,0
3510,33050535000,118056906,1,0
3511,33050851222,118090308,1,0
3512,33051186111,118123176,1,0
3513,33051514888,118156171,1,0
3514,33051839333,118190579,1,0
3515,33052184444,118223592,1,0
3516,33052525666,118258286,1,0
3517,33052863777,118289807,1,0
3518,33053179444,118323041,1,0
3519,33053516555,118357560,1,0
3520,33053851000,118391215,1,0
3521,33054176777,118423671,1,0
3522,33054513333,118457372,1,0
3523,33054850444,118489361,1,0
3524,33055173444,118524057,1,0
3525,33055517555,118557253,1,0
3526,33055860555,118589936,1,0
3527,33056177444,118626898,1,0
3528,33056536333,118658443,1,0
3529,33056856777,118690863,1,0
3530,33057187000,118724087,1,0
3531,33057518333,118758796,1,0
3532,33057866666,118789035,1,0
3533,33058173555,118823223,1,0
3534,33058521444,118860779,1,0
3535,33058878444,118889008,1,0
3536,33059179555,118924255,1,0
3537,33059519555,118957656,1,0
3538,33059852000,118988947,1,0
3539,33060179333,119024458,1,0
3540,33060526444,119058129,1,0
3541,33060858444,119092041,1,0
3542,33061194333,119124006,1,0
3543,33061523333,119156997,1,0
3544,33061858222,119191255,1,0
3545,33062194111,119259396,1,0
3546,33062867222,119336014,1,0
3547,33062867222,119347268,1,0
3548,33062867222,119358576,1,0
3549,33063526444,119375670,1,0
3550,33063871444,119393681,1,0
3551,33064183777,119423230,1,0
3552,33064519333,119459425,1,0
3553,33064877222,119490953,1,0
3554,33065188000,119524094,1,0
3555,33065522222,119562470,1,0
3556,33065892222,119591779,1,0
3557,33066197444,119627817,1,0
3558,33066546777,119660297,1,0
3559,33066880444,119691123,1,0
3560,33067199555,119724456,1,0
3561,33067526111,119759363,1,0
3562,33067872111,119790602,1,0
3563,33068188777,119824608,1,0
3564,33068526111,119859264,1,0
3565,33068869444,119890057,1,0
3566,33069186333,119924390,1,0
3567,33069532111,119958722,1,0
3568,33069868222,119994381,1,0
3569,33070218555,120026679,1,0
3570,33070539333,120058501,1,0
3571,33070871777,120091506,1,0
3572,33071193555,120124648,1,0
3573,33071531777,120162275,1,0
3574,33071869888,120194882,1,0
3575,33072238000,120224328,1,0
3576,33072532666,120259914,1,0
3577,33072873333,120292516,1,0
3578,33073203000,120325574,1,0
3579,33073539888,120359054,1,0
3580,33073873444,120390789,1,0
3581,33074199888,120426060,1,0
3582,33074540555,120460622,1,0
3583,33074875777,120494709,1,0
3584,33075206000,120526068,1,0
3585,33075534777,120559201,1,0
3586,33075866555,120591785,1,0
3587,33076200111,120626452,1,0
3588,33076541000,120659641,1,0
3589,33076874222,120693544,1,0
3590,33077204444,120725688,1,0
3591,33077540777,120759042,1,0
3592,33077868777,120792899,1,0
3593,33078215222,120827959,1,0
3594,33078559000,120862981,1,0
3595,33078906000,120891054,1,0
3596,33079195333,120928114,1,0
3597,33079528333,120964396,1,0
3598,33079879666,120991230,1,0
3599,33080202444,121026262,1,0
3600,33080553333,121059786,1,0
3601,33080880111,121091312,1,0
3602,33081193777,121125629,1,0
3603,33081535777,121161398,1,0
3604,33081883111,121194198,1,0
3605,33082216666,121227959,1,0
3606,33082557666,121260403,1,0
3607,33082883444,121293586,1,0
3608,33083215777,121326101,1,0
3609,33083543666,121358357,1,0
3610,33083875222,121392906,1,0
3611,33084213444,121427546,1,0
3612,33084545444,121462188,1,0
3613,33084901111,121492860,1,0
3614,33085214777,121526343,1,0
3615,33085543666,121561133,1,0
3616,33085886000,121594124,1,0
3617,33086218000,121626648,1,0
3618,33086547888,121662586,1,0
3619,33086899777,121693391,1,0
3620,33087214333,121725588,1,0
3621,33087546888,121760133,1,0
3622,33087882111,121793928,1,0
3623,33088215666,121826458,1,0
3624,33088548000,121864340,1,0
3625,33088897222,121894591,1,0
3626,33089219777,121928776,1,0
3627,33089550333,121962819,1,0
3628,33089883111,121993565,1,0
3629,33090212666,122026993,1,0
3630,33090547666,122061878,1,0
3631,33090890555,122095225,1,0
3632,33091229000,122128535,1,0
3633,33091551222,122163844,1,0
3634,33091905000,122192979,1,0
3635,33092210333,122227638,1,0
3636,33092552333,122263051,1,0
3637,33092887444,122293433,1,0
3638,33093227666,122326170,1,0
3639,33093555222,122361443,1,0
3640,33093887222,122393857,1,0
3641,33094219111,122427138,1,0
3642,33094549111,122460068,1,0
3643,33094889888,122494425,1,0
3644,33095225999,122528564,1,0
3645,33095569333,122562837,1,0
3646,33095914222,122594452,1,0
3647,33096222333,122627594,1,0
3648,33096560111,122661371,1,0
3649,33096891222,122695049,1,0
3650,33097228000,122729936,1,0
3651,33097563555,122762799,1,0
3652,33097910333,122793957,1,0
3653,33098219444,122830048,1,0
3654,33098570333,122860404,1,0
3655,33098895333,122895329,1,0
3656,33099229444,122930855,1,0
3657,33099579666,122962299,1,0
3658,33099894111,122994448,1,0
3659,33100218888,123028787,1,0
3660,33100574111,123062891,1,0
3661,33100902444,123095603,1,0
3662,33101232444,123128862,1,0
3663,33101571000,123163890,1,0
3664,33101905444,123195371,1,0
3665,33102231888,123229425,1,0
3666,33102569555,123295356,1,0
3667,33103232666,123372274,1,0
3668,33103232666,123383473,1,0
3669,33103232666,123394590,1,0
3670,33103903666,123412319,1,0
3671,33104245333,123430131,1,0
3672,33104570333,123461241,1,0
3673,33104898444,123496177,1,0
3674,33105256111,123528661,1,0
3675,33105565000,123563086,1,0
3676,33105901333,123593933,1,0
3677,33106234666,123627897,1,0
3678,33106567222,123663305,1,0
3679,33106908555,123700482,1,0
3680,33107271222,123729323,1,0
3681,33107568666,123765557,1,0
3682,33107929111,123793788,1,0
3683,33108230333,123830352,1,0
3684,33108584555,123862585,1,0
3685,33108903000,123894997,1,0
3686,33109227333,123930020,1,0
3687,33109579666,123963830,1,0
3688,33109905777,123996997,1,0
3689,33110231666,124032819,1,0
3690,33110583444,124062544,1,0
3691,33110902888,124097357,1,0
3692,33111239111,124128334,1,0
3693,33111572777,124164259,1,0
3694,33111914111,124195984,1,0
3695,33112240111,124233274,1,0
3696,33112587444,124262062,1,0
3697,33112905444,124295632,1,0
3698,33113235111,124329811,1,0
3699,33113580444,124363067,1,0
3700,33113913444,124399154,1,0
3701,33114269777,124431821,1,0
3702,33114589888,124464855,1,0
3703,33114917333,124497060,1,0
3704,33115238222,124530057,1,0
3705,33115588111,124564951,1,0
3706,33115924888,124599487,1,0
3707,33116266222,124630520,1,0
3708,33116584333,124663365,1,0
3709,33116923555,124699106,1,0
3710,33117255777,124729522,1,0
3711,33117579444,124765385,1,0
3712,33117933888,124796606,1,0
3713,33118247444,124832085,1,0
3714,33118606777,124867244,1,0
3715,33118949333,124897513,1,0
3716,33119255333,124932102,1,0
3717,33119597555,124965480,1,0
3718,33119923222,124995129,1,0
3719,33120240333,125030871,1,0
3720,33120591222,125063494,1,0
3721,33120921444,125096198,1,0
3722,33121247444,125130894,1,0
3723,33121597777,125166542,1,0
3724,33121931222,125197307,1,0
3725,33122260333,125231995,1,0
3726,33122589444,125262688,1,0
3727,33122912555,125297883,1,0
3728,33123250333,125330825,1,0
3729,33123583555,125364866,1,0
3730,33123928444,125397774,1,0
3731,33124257555,125430511,1,0
3732,33124586111,125464258,1,0
3733,33124918333,125496781,1,0
3734,33125247777,125531250,1,0
3735,33125589444,125565152,1,0
3736,33125925333,125597340,1,0
3737,33126253444,125630919,1,0
3738,33126583666,125664381,1,0
3739,33126930444,125697656,1,0
3740,33127251888,125731344,1,0
3741,33127594555,125765961,1,0
3742,33127933888,125797140,1,0
3743,33128252222,125832605,1,0
3744,33128604111,125866160,1,0
3745,33128936000,125896758,1,0
3746,33129253777,125933166,1,0
3747,33129600000,125966637,1,0
3748,33129938000,125995935,1,0
3749,33130252000,126031469,1,0
3750,33130596444,126066409,1,0
3751,33130928000,126098426,1,0
3752,33131255555,126131945,1,0
3753,33131596222,126164394,1,0
3754,33131924555,126197236,1,0
3755,33132260555,126231744,1,0
3756,33132595444,126264650,1,0
3757,33132929888,126297458,1,0
3758,33133260888,126330992,1,0
3759,33133587555,126397901,1,0
3760,33134263666,126479546,1,0
3761,33134263666,126491166,1,0
3762,33134263666,126501883,1,0
3763,33134933111,126519241,1,0
3764,33135296000,126535198,1,0
3765,33135589000,126565183,1,0
3766,33135927222,126597088,1,0
3767,33136260666,126631570,1,0
3768,33136595111,126666216,1,0
3769,33136940888,126698423,1,0
3770,33137270222,126732859,1,0
3771,33137608444,126765519,1,0
3772,33137943777,126799482,1,0
3773,33138272888,126831983,1,0
3774,33138599555,126866077,1,0
3775,33138938777,126898114,1,0
3776,33139267111,126932093,1,0
3777,33139595777,126965481,1,0
3778,33139934444,126998930,1,0
3779,33140264444,127033428,1,0
3780,33140610888,127066192,1,0
3781,33140940333,127098184,1,0
3782,33141264000,127132637,1,0
3783,33141610222,127165886,1,0
3784,33141940555,127199475,1,0
3785,33142278111,127232407,1,0
3786,33142605777,127266958,1,0
3787,33142944444,127299668,1,0
3788,33143280666,127330944,1,0
3789,33143602333,127365347,1,0
3790,33143942444,127399316,1,0
3791,33144276000,127433161,1,0
3792,33144609555,127466395,1,0
3793,33144949555,127499150,1,0
3794,33145275555,127531649,1,0
3795,33145605888,127564527,1,0
3796,33145938222,127601203,1,0
3797,33146277333,127632611,1,0
3798,33146604111,127666486,1,0
3799,33146941222,127699393,1,0
3800,33147273888,127732246,1,0
3801,33147602555,127766318,1,0
3802,33147950555,127801109,1,0
3803,33148278111,127834570,1,0
3804,33148621888,127867100,1,0
3805,33148954333,127900284,1,0
3806,33149281222,127933143,1,0
3807,33149614555,127971587,1,0
3808,33149991444,127998207,1,0
3809,33150266111,128031962,1,0
3810,33150609444,128065977,1,0
3811,33150940666,128099788,1,0
3812,33151278222,128133708,1,0
3813,33151624444,128165769,1,0
3814,33151940222,128200646,1,0
3815,33152279000,128233530,1,0
3816,33152620555,128266707,1,0
3817,33152950777,128300279,1,0
3818,33153282222,128332978,1,0
3819,33153617777,128366426,1,0
3820,33153949444,128399805,1,0
3821,33154278666,128435019,1,0
3822,33154617333,128465880,1,0
3823,33154945888,128500773,1,0
3824,33155284111,128533765,1,0
3825,33155610888,128565568,1,0
3826,33155940333,128603314,1,0
3827,33156306888,128634345,1,0
3828,33156615222,128670232,1,0
3829,33156982222,128699723,1,0
3830,33157281888,128734363,1,0
3831,33157616111,128769268,1,0
3832,33157969888,128799369,1,0
3833,33158277111,128834316,1,0
3834,33158625444,128867622,1,0
3835,33158954666,128903076,1,0
3836,33159303444,128934172,1,0
3837,33159619777,128966061,1,0
3838,33159945444,128999803,1,0
3839,33160282888,129035546,1,0
3840,33160631333,129066760,1,0
3841,33160959444,129100736,1,0
3842,33161287333,129135372,1,0
3843,33161619444,129168079,1,0
3844,33161957333,129202923,1,0
3845,33162313555,129235377,1,0
3846,33162644888,129270106,1,0
3847,33162982000,129301246,1,0
3848,33163293000,129333730,1,0
3849,33163623222,129370714,1,0
3850,33163955888,129399835,1,0
3851,33164285333,129434742,1,0
3852,33164626000,129468633,1,0
3853,33164960333,129501138,1,0
3854,33165294444,129535072,1,0
3855,33165629444,129569494,1,0
3856,33165975444,129605941,1,0
3857,33166292555,129633315,1,0
3858,33166622777,129670273,1,0
3859,33166971444,129704829,1,0
3860,33167313888,129735514,1,0
3861,33167631333,129769159,1,0
3862,33167963000,129802801,1,0
3863,33168301333,129837175,1,0
3864,33168637111,129870439,1,0
3865,33168978555,129934523,1,0
3866,33169630555,130010284,1,0
3867,33169630555,130021437,1,0
3868,33169630555,130033415,1,0
3869,33170295444,130049968,1,0
3870,33170640777,130068876,1,0
3871,33170964444,130100949,1,0
3872,33171293111,130134325,1,0
3873,33171627000,130169247,1,0
3874,33171970666,130203799,1,0
3875,33172315888,130235301,1,0
3876,33172635000,130270088,1,0
3877,33172984222,130302508,1,0
3878,33173297111,130336047,1,0
3879,33173640111,130370387,1,0
3880,33173968444,130403009,1,0
3881,33174306888,130436081,1,0
3882,33174638111,130467647,1,0
3883,33174964444,130504913,1,0
3884,33175322444,130537299,1,0
3885,33175639777,130569433,1,0
3886,33175976000,130602375,1,0
3887,33176305555,130636055,1,0
3888,33176641777,130668651,1,0
3889,33176972555,130707246,1,0
3890,33177347666,130734531,1,0
3891,33177636000,130770734,1,0
3892,33177978555,130802267,1,0
3893,33178308555,130836921,1,0
3894,33178649777,130868944,1,0
3895,33178980777,130903479,1,0
3896,33179309888,130935940,1,0
3897,33179640444,130970155,1,0
3898,33179979111,131003729,1,0
3899,33180314333,131035019,1,0
3900,33180636777,131068447,1,0
3901,33180972555,131106143,1,0
3902,33181341222,131135018,1,0
3903,33181640333,131170161,1,0
3904,33181988555,131201938,1,0
3905,33182306222,131236601,1,0
3906,33182645111,131268918,1,0
3907,33182979777,131303531,1,0
3908,33183314000,131336745,1,0
3909,33183662444,131370210,1,0
3910,33183987777,131403028,1,0
3911,33184312333,131436411,1,0
3912,33184656777,131471022,1,0
3913,33184983000,131503082,1,0
3914,33185317222,131537447,1,0
3915,33185662333,131569771,1,0
3916,33185983222,131602221,1,0
3917,33186303666,131636597,1,0
3918,33186654000,131669392,1,0
3919,33186979777,131705359,1,0
3920,33187320000,131737814,1,0
3921,33187651111,131770357,1,0
3922,33187981777,131803486,1,0
3923,33188320222,131837235,1,0
3924,33188649666,131871928,1,0
3925,33188985555,131904414,1,0
3926,33189315888,131936596,1,0
3927,33189646777,131974458,1,0
3928,33190031000,132002412,1,0
3929,33190315333,132035918,1,0
3930,33190653333,132071990,1,0
3931,33190999777,132102971,1,0
3932,33191316888,132135603,1,0
3933,33191645333,132171741,1,0
3934,33191999222,132205159,1,0
3935,33192324888,132272004,1,0
3936,33192997222,132347141,1,0
3937,33192997222,132358022,1,0
3938,33192997222,132369740,1,0
3939,33193669000,132385528,1,0
3940,33193988666,132404482,1,0
3941,33194316333,132439451,1,0
3942,33194686000,132469986,1,0
3943,33194979222,132504006,1,0
3944,33195329000,132536185,1,0
3945,33195653000,132570548,1,0
3946,33195994111,132602175,1,0
3947,33196313555,132639414,1,0
3948,33196663888,132671981,1,0
3949,33196991111,132702876,1,0
3950,33197315222,132740067,1,0
3951,33197680000,132769915,1,0
3952,33197989777,132805501,1,0
3953,33198333777,132838485,1,0
3954,33198666777,132871294,1,0
3955,33198997333,132903581,1,0
3956,33199317222,132937835,1,0
3957,33199653444,132973498,1,0
3958,33200010111,133003933,1,0
3959,33200322555,133039557,1,0
3960,33200684444,133071507,1,0
3961,33201006000,133106332,1,0
3962,33201338444,133138958,1,0
3963,33201676777,133171831,1,0
3964,33202003000,133204049,1,0
3965,33202330777,133241353,1,0
3966,33202691777,133271007,1,0
3967,33202996777,133305241,1,0
3968,33203328111,133337937,1,0
3969,33203670777,133369841,1,0
3970,33203989222,133403808,1,0
3971,33204323000,133446041,1,0
3972,33204735444,133470857,1,0
3973,33204992666,133505152,1,0
3974,33205337333,133539042,1,0
3975,33205670000,133573138,1,0
3976,33206006666,133603684,1,0
3977,33206327555,133639406,1,0
3978,33206674333,133671845,1,0
3979,33207007444,133705406,1,0
3980,33207333333,133740261,1,0
3981,33207676444,133772527,1,0
3982,33208006333,133808644,1,0
3983,33208356555,133839495,1,0
3984,33208676777,133875710,1,0
3985,33209024444,133905054,1,0
3986,33209337666,133940048,1,0
3987,33209680444,133972829,1,0
3988,33210011777,134006860,1,0
3989,33210350111,134042817,1,0
3990,33210697444,134074426,1,0
3991,33211028333,134108418,1,0
3992,33211354555,134141246,1,0
3993,33211689555,134173458,1,0
3994,33212012666,134206202,1,0
3995,33212335666,134239009,1,0
3996,33212671999,134277883,1,0
3997,33213028888,134306588,1,0
3998,33213342111,134338951,1,0
3999,33213684333,134373889,1,0
4000,33214022666,134406412,1,0
4001,33214350222,134440625,1,0
4002,33214680333,134474265,1,0
4003,33215019333,134506717,1,0
4004,33215349666,134539751,1,0
4005,33215680888,134575522,1,0
4006,33216030777,134607524,1,0
4007,33216345444,134641154,1,0
4008,33216688111,134676345,1,0
4009,33217020777,134708949,1,0
4010,33217364222,134740079,1,0
4011,33217680000,134775234,1,0
4012,33218028555,134807401,1,0
4013,33218348000,134841089,1,0
4014,33218689111,134875044,1,0
4015,33219026888,134909546,1,0
4016,33219353888,134940731,1,0
4017,33219680777,134974611,1,0
4018,33220014777,135005062,1,0
4019,33220338000,135038962,1,0
4020,33220677777,135073209,1,0
4021,33221020000,135107375,1,0
4022,33221346555,135140264,1,0
4023,33221676222,135173538,1,0
4024,33222015555,135209791,1,0
4025,33222347222,135241349,1,0
4026,33222682111,135274227,1,0
4027,33223017000,135307029,1,0
4028,33223346888,135341604,1,0
4029,33223684222,135372824,1,0
4030,33224017333,135407835,1,0
4031,33224360000,135441650,1,0
4032,33224685111,135475196,1,0
4033,33225040777,135508202,1,0
4034,33225355222,135540689,1,0
4035,33225688444,135575816,1,0
4036,33226032777,135607461,1,0
4037,33226351777,135643628,1,0
4038,33226690888,135677098,1,0
4039,33227027666,135707065,1,0
4040,33227358555,135740929,1,0
4041,33227685333,135779223,1,0
4042,33228054333,135807086,1,0
4043,33228350333,135842636,1,0
4044,33228707000,135874369,1,0
4045,33229030444,135908612,1,0
4046,33229359111,135943507,1,0
4047,33229690000,135974111,1,0
4048,33230028777,136006153,1,0
4049,33230355222,136044069,1,0
4050,33230692666,136074996,1,0
4051,33231042444,136108669,1,0
4052,33231363888,136140189,1,0
4053,33231687555,136178177,1,0
4054,33232059444,136207497,1,0
4055,33232345555,136243052,1,0
4056,33232684333,136277271,1,0
4057,33233040888,136309659,1,0
4058,33233363111,136339715,1,0
4059,33233692222,136377570,1,0
4060,33234056999,136407297,1,0
4061,33234364777,136440117,1,0
4062,33234690111,136474913,1,0
4063,33235031111,136508792,1,0
4064,33235360222,136542272,1,0
4065,33235698000,136574863,1,0
4066,33236031000,136608187,1,0
4067,33236359888,136643564,1,0
4068,33236696777,136675872,1,0
4069,33237035777,136709070,1,0
4070,33237365444,136741428,1,0
4071,33237695222,136777564,1,0
4072,33238030444,136810789,1,0
4073,33238384111,136843213,1,0
4074,33238702000,136877077,1,0
4075,33239046888,136911322,1,0
4076,33239369444,136941185,1,0
4077,33239699888,136975200,1,0
4078,33240038666,137010526,1,0
4079,33240376888,137040686,1,0
4080,33240699222,137076971,1,0
4081,33241043888,137108922,1,0
4082,33241368222,137141670,1,0
4083,33241701888,137177314,1,0
4084,33242048888,137208760,1,0
4085,33242364333,137241371,1,0
4086,33242699666,137277064,1,0
4087,33243036111,137311613,1,0
4088,33243376333,137341067,1,0
4089,33243705555,137376122,1,0
4090,33244045444,137409085,1,0
4091,33244370000,137441522,1,0
4092,33244711222,137477990,1,0
4093,33245061555,137510569,1,0
4094,33245391111,137545268,1,0
4095,33245707111,137577746,1,0
4096,33246065333,137608489,1,0
4097,33246374222,137642405,1,0
4098,33246711444,137677468,1,0
4099,33247046000,137710635,1,0
4100,33247373444,137742552,1,0
4101,33247706888,137780521,1,0
4102,33248053333,137809149,1,0
4103,33248371666,137843544,1,0
4104,33248715444,137877537,1,0
4105,33249035888,137909694,1,0
4106,33249376222,137944560,1,0
4107,33249713333,137975179,1,0
4108,33250040333,138010625,1,0
4109,33250371444,138043761,1,0
4110,33250714333,138077197,1,0
4111,33251051888,138110564,1,0
4112,33251387444,138143561,1,0
4113,33251710222,138177294,1,0
4114,33252048333,138209858,1,0
4115,33252371888,138246810,1,0
4116,33252731222,138276013,1,0
4117,33253042222,138310041,1,0
4118,33253386999,138341931,1,0
4119,33253714333,138376090,1,0
4120,33254043444,138409676,1,0
4121,33254381888,138444419,1,0
4122,33254720888,138479208,1,0
4123,33255063000,138510991,1,0
4124,33255389555,138544516,1,0
4125,33255721888,138577787,1,0
4126,33256048555,138610034,1,0
4127,33256378333,138645038,1,0
4128,33256718666,138676706,1,0
4129,33257054222,138710837,1,0
4130,33257377000,138744352,1,0
4131,33257715666,138777883,1,0
4132,33258053111,138811769,1,0
4133,33258394000,138845981,1,0
4134,33258728000,138879268,1,0
4135,33259057444,138910989,1,0
4136,33259391555,138945443,1,0
4137,33259720666,138976950,1,0
4138,33260060111,139011570,1,0
4139,33260381000,139043440,1,0
4140,33260723555,139077046,1,0
4141,33261065888,139109608,1,0
4142,33261391888,139143332,1,0
4143,33261721111,139179306,1,0
4144,33262069777,139213709,1,0
4145,33262390555,139245189,1,0
4146,33262721111,139277365,1,0
4147,33263059333,139314330,1,0
4148,33263404444,139343635,1,0
4149,33263726888,139379972,1,0
4150,33264077444,139411948,1,0
4151,33264394555,139445512,1,0
4152,33264725333,139480555,1,0
4153,33265066222,139513522,1,0
4154,33265408444,139546188,1,0
4155,33265727888,139579529,1,0
4156,33266067777,139612844,1,0
4157,33266403555,139646273,1,0
4158,33266733111,139677771,1,0
4159,33267062000,139709956,1,0
4160,33267388000,139749152,1,0
4161,33267773222,139781978,1,0
4162,33268066888,139813831,1,0
4163,33268410555,139845223,1,0
4164,33268729222,139879584,1,0
4165,33269067888,139910683,1,0
4166,33269391777,139945411,1,0
4167,33269727888,139979146,1,0
4168,33270074333,140013778,1,0
4169,33270397777,140047661,1,0
4170,33270758555,140080288,1,0
4171,33271079333,140114305,1,0
4172,33271397444,140146253,1,0
4173,33271737777,140179712,1,0
4174,33272071666,140213836,1,0
4175,33272406333,140248772,1,0
4176,33272760444,140279171,1,0
4177,33273073111,140313478,1,0
4178,33273414888,140346719,1,0
4179,33273744333,140380733,1,0
4180,33274083555,140411826,1,0
4181,33274399555,140445718,1,0
4182,33274740777,140478209,1,0
4183,33275068000,140512257,1,0
4184,33275398111,140545830,1,0
4185,33275737111,140584085,1,0
4186,33276112111,140612688,1,0
4187,33276414111,140646665,1,0
4188,33276743444,140680467,1,0
4189,33277079555,140715602,1,0
4190,33277425888,140745889,1,0
4191,33277743999,140780840,1,0
4192,33278084000,140813258,1,0
4193,33278403666,140848417,1,0
4194,33278755666,140883111,1,0
4195,33279097000,140914709,1,0
4196,33279428111,140947772,1,0
4197,33279753222,140980360,1,0
4198,33280089222,141012633,1,0
4199,33280414888,141047167,1,0
4200,33280741444,141080978,1,0
4201,33281081111,141113551,1,0
4202,33281413888,141146793,1,0
4203,33281748444,141179752,1,0
4204,33282077888,141213665,1,0
4205,33282411000,141249116,1,0
4206,33282748111,141283086,1,0
4207,33283069111,141312261,1,0
4208,33283402777,141344571,1,0
4209,33283740444,141378858,1,0
4210,33284079777,141413284,1,0
4211,33284419888,141447549,1,0
4212,33284744888,141480249,1,0
4213,33285087888,141514984,1,0
4214,33285415333,141546310,1,0
4215,33285747888,141579788,1,0
4216,33286080333,141614913,1,0
4217,33286423666,141645885,1,0
4218,33286746666,141681536,1,0
4219,33287087444,141714384,1,0
4220,33287418111,141747378,1,0
4221,33287755888,141780755,1,0
4222,33288089444,141813942,1,0
4223,33288418111,141850956,1,0
4224,33288785888,141879834,1,0
4225,33289082888,141914571,1,0
4226,33289416111,141945993,1,0
4227,33289743222,141981879,1,0
4228,33290088777,142013296,1,0
4229,33290405444,142047180,1,0
4230,33290747000,142081627,1,0
4231,33291087333,142112272,1,0
4232,33291409111,142147840,1,0
4233,33291762333,142183469,1,0
4234,33292107888,142215773,1,0
4235,33292432333,142248436,1,0
4236,33292763555,142282853,1,0
4237,33293113222,142313187,1,0
4238,33293419555,142348492,1,0
4239,33293749666,142379964,1,0
4240,33294090444,142413571,1,0
4241,33294424666,142448460,1,0
4242,33294756444,142483399,1,0
4243,33295112111,142514340,1,0
4244,33295428444,142547608,1,0
4245,33295762000,142580972,1,0
4246,33296097555,142614597,1,0
4247,33296429222,142645670,1,0
4248,33296750000,142682320,1,0
4249,33297098222,142713947,1,0
4250,33297425000,142748140,1,0
4251,33297763777,142783932,1,0
4252,33298104888,142813848,1,0
4253,33298426000,142849411,1,0
4254,33298770777,142882267,1,0
4255,33299103444,142914498,1,0
4256,33299428666,142948745,1,0
4257,33299765222,142980758,1,0
4258,33300095888,143015649,1,0
4259,33300428888,143048694,1,0
4260,33300761333,143082448,1,0
4261,33301101111,143114787,1,0
4262,33301431222,143147987,1,0
4263,33301758000,143182941,1,0
4264,33302102777,143215294,1,0
4265,33302425555,143249158,1,0
4266,33302767777,143284704,1,0
4267,33303124555,143314724,1,0
4268,33303428888,143347497,1,0
4269,33303768444,143381493,1,0
4270,33304091111,143416360,1,0
4271,33304434111,143449283,1,0
4272,33304765222,143481676,1,0
4273,33305104000,143514432,1,0
4274,33305430444,143548641,1,0
4275,33305769111,143582856,1,0
4276,33306115222,143615804,1,0
4277,33306440444,143650291,1,0
4278,33306780333,143682346,1,0
4279,33307109666,143717500,1,0
4280,33307456000,143751475,1,0
4281,33307778777,143782924,1,0
4282,33308106222,143814614,1,0
4283,33308439555,143852858,1,0
4284,33308796111,143884025,1,0
4285,33309121777,143918166,1,0
4286,33309460555,143954180,1,0
4287,33309806666,143984039,1,0
4288,33310116333,144015524,1,0
4289,33310440888,144050730,1,0
4290,33310784888,144082728,1,0
4291,33311111000,144121158,1,0
4292,33311459777,144148584,1,0
4293,33311772333,144181400,1,0
4294,33312098666,144218089,1,0
4295,33312447222,144249767,1,0
4296,33312767888,144283039,1,0
4297,33313101666,144318670,1,0
4298,33313459333,144348134,1,0
4299,33313768111,144381593,1,0
4300,33314097666,144416298,1,0
4301,33314444666,144450385,1,0
4302,33314781777,144484112,1,0
4303,33315113888,144516127,1,0
4304,33315450333,144548854,1,0
4305,33315768888,144584177,1,0
4306,33316122555,144616640,1,0
4307,33316443888,144650379,1,0
4308,33316774999,144682654,1,0
4309,33317110111,144718611,1,0
4310,33317459222,144749753,1,0
4311,33317779888,144793763,1,0
4312,33318204444,144816352,1,0
4313,33318435666,144850690,1,0
4314,33318778000,144885339,1,0
4315,33319123000,144917331,1,0
4316,33319448777,144950271,1,0
4317,33319778444,144983246,1,0
4318,33320115555,145016670,1,0
4319,33320447555,145049641,1,0
4320,33320785000,145083688,1,0
4321,33321116666,145115708,1,0
4322,33321444666,145149865,1,0
4323,33321784444,145183615,1,0
4324,33322125222,145217774,1,0
4325,33322470888,145251230,1,0
4326,33322798111,145284792,1,0
4327,33323131111,145318469,1,0
4328,33323463666,145350508,1,0
4329,33323802333,145383916,1,0
4330,33324132555,145423880,1,0
4331,33324513666,145449981,1,0
4332,33324793333,145485175,1,0
4333,33325134888,145516319,1,0
4334,33325447000,145550090,1,0
4335,33325792333,145583081,1,0
4336,33326126000,145615346,1,0
4337,33326446777,145649946,1,0
4338,33326792444,145684283,1,0
4339,33327130222,145717649,1,0
4340,33327455666,145752142,1,0
4341,33327804222,145784258,1,0
4342,33328132999,145817861,1,0
4343,33328464222,145851459,1,0
4344,33328795555,145884440,1,0
4345,33329127111,145917038,1,0
4346,33329453444,145951579,1,0
4347,33329794444,145983981,1,0
4348,33330134222,146016065,1,0
4349,33330459111,146050597,1,0
4350,33330802666,146083010,1,0
4351,33331125000,146118145,1,0
4352,33331457666,146150152,1,0
4353,33331789777,146185440,1,0
4354,33332138000,146216141,1,0
4355,33332454777,146251016,1,0
4356,33332796111,146283607,1,0
4357,33333130000,146318599,1,0
4358,33333462444,146350329,1,0
4359,33333795666,146384827,1,0
4360,33334143888,146418639,1,0
4361,33334459666,146453367,1,0
4362,33334814444,146485832,1,0
4363,33335141777,146517300,1,0
4364,33335456777,146550901,1,0
4365,33335794222,146585482,1,0
4366,33336140999,146616456,1,0
4367,33336455888,146653691,1,0
4368,33336821777,146684523,1,0
4369,33337138444,146718880,1,0
4370,33337462999,146749906,1,0
4371,33337795111,146784479,1,0
4372,33338134444,146818679,1,0
4373,33338469777,146851520,1,0
4374,33338799444,146891583,1,0
4375,33339195000,146915892,1,0
4376,33339456333,146951972,1,0
4377,33339809222,146984799,1,0
4378,33340139888,147017737,1,0
4379,33340466555,147051349,1,0
4380,33340799666,147084156,1,0
4381,33341134777,147118662,1,0
4382,33341472333,147152553,1,0
4383,33341801111,147186117,1,0
4384,33342148333,147220296,1,0
4385,33342466333,147252507,1,0
4386,33342802000,147285269,1,0
4387,33343135777,147318301,1,0
4388,33343471333,147351390,1,0
4389,33343796888,147386203,1,0
4390,33344150222,147417699,1,0
4391,33344468444,147452503,1,0
4392,33344804444,147485445,1,0
4393,33345143333,147518238,1,0
4394,33345465777,147552560,1,0
4395,33345797444,147587358,1,0
4396,33346140555,147616232,1,0
4397,33346456111,147652197,1,0
4398,33346804888,147684540,1,0
4399,33347136333,147717136,1,0
4400,33347466000,147753191,1,0
4401,33347812333,147785043,1,0
4402,33348135222,147822853,1,0
4403,33348473222,147851427,1,0
4404,33348803555,147884859,1,0
4405,33349140777,147919979,1,0
4406,33349484333,147952490,1,0
4407,33349806222,147985187,1,0
4408,33350142555,148023990,1,0
4409,33350514333,148052807,1,0
4410,33350806444,148087319,1,0
4411,33351150111,148120020,1,0
4412,33351486777,148151677,1,0
4413,33351804222,148186116,1,0
4414,33352148444,148221450,1,0
4415,33352502888,148253425,1,0
4416,33352809333,148286676,1,0
4417,33353146888,148318991,1,0
4418,33353476777,148352322,1,0
4419,33353810555,148385854,1,0
4420,33354153111,148419687,1,0
4421,33354487333,148452714,1,0
4422,33354812888,148487316,1,0
4423,33355158888,148520474,1,0
4424,33355483000,148552870,1,0
4425,33355811222,148587811,1,0
4426,33356144222,148619805,1,0
4427,33356481777,148652427,1,0
4428,33356813333,148686573,1,0
4429,33357158222,148720880,1,0
4430,33357493111,148754007,1,0
4431,33357819444,148789817,1,0
4432,33358178111,148818719,1,0
4433,33358479222,148854971,1,0
4434,33358839444,148886254,1,0
4435,33359154000,148922103,1,0
4436,33359484222,148954352,1,0
4437,33359824333,148988371,1,0
4438,33360153333,149019082,1,0
4439,33360484222,149056987,1,0
4440,33360827333,149085662,1,0
4441,33361147333,149120411,1,0
4442,33361482111,149153373,1,0
4443,33361816888,149188058,1,0
4444,33362169333,149221306,1,0
4445,33362488888,149256590,1,0
4446,33362854444,149287985,1,0
4447,33363166111,149321024,1,0
4448,33363488666,149354547,1,0
4449,33363827555,149387357,1,0
4450,33364154888,149418512,1,0
4451,33364482888,149456015,1,0
4452,33364842444,149488732,1,0
4453,33365174777,149519555,1,0
4454,33365486333,149555505,1,0
4455,33365835666,149588119,1,0
4456,33366165444,149620562,1,0
4457,33366489333,149655329,1,0
4458,33366834222,149687257,1,0
4459,33367152888,149721333,1,0
4460,33367494888,149755416,1,0
4461,33367839777,149789752,1,0
4462,33368162666,149822679,1,0
4463,33368510111,149857131,1,0
4464,33368849333,149889103,1,0
4465,33369177555,149921981,1,0
4466,33369498888,149954654,1,0
4467,33369831777,149989324,1,0
4468,33370176222,150021293,1,0
4469,33370497444,150053803,1,0
4470,33370824444,150090248,1,0
4471,33371185999,150121284,1,0
4472,33371498111,150153696,1,0
4473,33371822444,150188930,1,0
4474,33372175666,150221687,1,0
4475,33372496777,150254585,1,0
4476,33372830777,150288080,1,0
4477,33373165555,150323672,1,0
4478,33373515444,150356344,1,0
4479,33373843444,150390734,1,0
4480,33374186222,150422281,1,0
4481,33374507000,150455083,1,0
4482,33374836111,150489090,1,0
4483,33375176888,150521628,1,0
4484,33375504333,150554908,1,0
4485,33375835555,150589203,1,0
4486,33376173666,150622854,1,0
4487,33376508222,150654568,1,0
4488,33376836111,150688647,1,0
4489,33377164222,150724230,1,0
4490,33377538333,150754590,1,0
4491,33377833000,150789161,1,0
4492,33378180000,150826337,1,0
4493,33378535111,150856206,1,0
4494,33378836777,150887961,1,0
4495,33379171666,150925014,1,0
4496,33379539555,150953923,1,0
4497,33379835000,150987518,1,0
4498,33380171777,151022733,1,0
4499,33380519222,151054496,1,0
4500,33380834777,151090477,1,0
4501,33381184333,151127991,1,0
4502,33381563444,151155372,1,0
4503,33381838222,151190248,1,0
4504,33382190888,151222909,1,0
4505,33382518555,151254679,1,0
4506,33382844111,151291648,1,0
4507,33383205888,151323702,1,0
4508,33383519444,151354852,1,0
4509,33383829444,151390977,1,0
4510,33384192555,151420919,1,0
4511,33384506888,151462072,1,0
4512,33384863333,151492959,1,0
4513,33385196333,151525023,1,0
4514,33385530000,151556475,1,0
4515,33385851111,151589132,1,0
4516,33386185333,151622164,1,0
4517,33386511444,151657094,1,0
4518,33386857333,151688811,1,0
4519,33387176888,151722438,1,0
4520,33387511111,151760195,1,0
4521,33387887333,151791253,1,0
4522,33388187777,151823656,1,0
4523,33388517333,151857145,1,0
4524,33388853333,151889410,1,0
4525,33389179000,151922682,1,0
4526,33389519888,151955539,1,0
4527,33389844222,151991613,1,0
4528,33390196222,152023662,1,0
4529,33390515222,152056701,1,0
4530,33390848555,152089623,1,0
4531,33391196555,152122553,1,0
4532,33391519555,152156627,1,0
4533,33391848000,152189544,1,0
4534,33392185888,152222325,1,0
4535,33392516777,152258272,1,0
4536,33392856777,152290328,1,0
4537,33393185111,152324903,1,0
4538,33393531777,152357289,1,0
4539,33393861111,152393134,1,0
4540,33394206888,152423006,1,0
4541,33394525777,152460941,1,0
4542,33394878222,152490298,1,0
4543,33395191777,152523484,1,0
4544,33395524222,152556859,1,0
4545,33395860111,152593114,1,0
4546,33396222222,152624100,1,0
4547,33396527333,152656855,1,0
4548,33396859222,152690151,1,0
4549,33397198000,152724186,1,0
4550,33397532666,152759065,1,0
4551,33397881888,152791878,1,0
4552,33398205444,152823600,1,0
4553,33398532222,152857206,1,0
4554,33398870555,152891025,1,0
4555,33399200444,152925767,1,0
4556,33399544555,152958207,1,0
4557,33399867222,152988502,1,0
4558,33400185000,153025307,1,0
4559,33400541111,153057696,1,0
4560,33400864888,153092767,1,0
4561,33401214333,153124523,1,0
4562,33401531777,153157520,1,0
4563,33401869222,153192483,1,0
4564,33402210777,153226328,1,0
4565,33402558555,153258978,1,0
4566,33402875000,153290833,1,0
4567,33403206222,153324598,1,0
4568,33403535888,153357389,1,0
4569,33403862333,153392360,1,0
4570,33404214666,153424078,1,0
4571,33404531888,153460547,1,0
4572,33404869555,153495934,1,0
4573,33405218111,153526435,1,0
4574,33405540666,153557778,1,0
4575,33405867666,153592842,1,0
4576,33406212444,153625362,1,0
4577,33406536888,153660520,1,0
4578,33406888555,153691987,1,0
4579,33407206111,153724699,1,0
4580,33407534333,153757635,1,0
4581,33407867555,153791654,1,0
4582,33408213333,153824526,1,0
4583,33408537333,153858794,1,0
4584,33408883222,153891089,1,0
4585,33409203444,153925410,1,0
4586,33409539000,153958023,1,0
4587,33409870888,153991329,1,0
4588,33410205222,154025387,1,0
4589,33410549666,154059923,1,0
4590,33410889444,154092832,1,0
4591,33411227444,154124893,1,0
4592,33411536222,154158179,1,0
4593,33411868333,154191527,1,0
4594,33412209666,154225684,1,0
4595,33412538555,154258699,1,0
4596,33412873555,154291794,1,0
4597,33413209888,154324977,1,0
4598,33413536888,154358803,1,0
4599,33413879333,154393604,1,0
4600,33414228333,154425246,1,0
4601,33414546777,154459924,1,0
4602,33414882333,154496012,1,0
4603,33415250111,154524718,1,0
4604,33415540666,154558118,1,0
4605,33415877111,154594707,1,0
4606,33416212111,154624624,1,0
4607,33416538444,154660277,1,0
4608,33416884333,154693627,1,0
4609,33417217444,154724811,1,0
4610,33417539444,154758713,1,0
4611,33417878222,154793438,1,0
4612,33418218444,154827511,1,0
4613,33418556111,154861332,1,0
4614,33418890888,154894986,1,0
4615,33419226888,154927266,1,0
4616,33419561000,154960020,1,0
4617,33419892666,154993555,1,0
4618,33420225333,155025713,1,0
4619,33420547777,155060185,1,0
4620,33420885444,155094067,1,0
4621,33421226000,155127128,1,0
4622,33421561222,155159879,1,0
4623,33421889222,155193002,1,0
4624,33422223000,155227783,1,0
4625,33422568111,155260494,1,0
4626,33422898333,155295697,1,0
4627,33423241666,155328052,1,0
4628,33423574222,155360936,1,0
4629,33423895555,155396718,1,0
4630,33424252555,155428493,1,0
4631,33424566000,155462428,1,0
4632,33424899999,155493787,1,0
4633,33425233333,155528043,1,0
4634,33425561777,155559703,1,0
4635,33425884222,155594488,1,0
4636,33426226444,155628574,1,0
4637,33426557888,155661073,1,0
4638,33426889444,155694820,1,0
4639,33427236555,155727766,1,0
4640,33427562888,155764217,1,0
4641,33427916222,155793321,1,0
4642,33428216888,155827634,1,0
4643,33428564333,155861063,1,0
4644,33428894222,155894434,1,0
4645,33429231000,155929078,1,0
4646,33429573333,155959714,1,0
4647,33429888666,155993632,1,0
4648,33430220444,156028381,1,0
4649,33430569222,156061577,1,0
4650,33430899333,156094493,1,0
4651,33431238222,156125792,1,0
4652,33431556777,156159725,1,0
4653,33431887222,156195828,1,0
4654,33432245222,156229589,1,0
4655,33432574444,156262273,1,0
4656,33432912444,156295764,1,0
4657,33433244777,156327412,1,0
4658,33433561444,156360811,1,0
4659,33433893777,156396158,1,0
4660,33434247222,156427605,1,0
4661,33434559000,156461290,1,0
4662,33434894333,156496104,1,0
4663,33435258111,156530138,1,0
4664,33435563888,156561317,1,0
4665,33435901666,156603290,1,0
4666,33436321888,156626969,1,0
4667,33436558777,156662061,1,0
4668,33436904888,156694207,1,0
4669,33437233666,156727847,1,0
4670,33437566888,156759820,1,0
4671,33437885888,156793876,1,0
4672,33438234888,156827698,1,0
4673,33438565666,156861791,1,0
4674,33438903444,156896180,1,0
4675,33439241888,156928394,1,0
4676,33439563777,156961900,1,0
4677,33439902000,156996783,1,0
4678,33440255666,157028954,1,0
4679,33440577333,157064027,1,0
4680,33440922777,157095048,1,0
4681,33441244111,157128225,1,0
4682,33441567111,157162491,1,0
4683,33441901777,157198889,1,0
4684,33442241333,157228619,1,0
4685,33442582666,157261871,1,0
4686,33442897555,157295118,1,0
4687,33443239777,157328013,1,0
4688,33443566222,157362542,1,0
4689,33443918666,157396433,1,0
4690,33444249444,157427829,1,0
4691,33444568555,157461329,1,0
4692,33444903555,157494763,1,0
4693,33445238555,157529597,1,0
4694,33445568111,157564064,1,0
4695,33445928555,157595855,1,0
4696,33446244888,157629633,1,0
4697,33446568555,157663097,1,0
4698,33446928333,157695433,1,0
4699,33447247111,157729500,1,0
4700,33447586555,157761703,1,0
4701,33447914222,157796823,1,0
4702,33448253666,157830503,1,0
4703,33448592333,157867002,1,0
4704,33448945888,157896545,1,0
4705,33449253666,157929997,1,0
4706,33449586000,157964599,1,0
4707,33449927444,157996809,1,0
4708,33450265666,158028588,1,0
4709,33450586444,158066037,1,0
4710,33450934888,158096358,1,0
4711,33451258222,158130398,1,0
4712,33451583555,158161671,1,0
4713,33451909888,158194947,1,0
4714,33452248444,158230020,1,0
4715,33452587444,158263113,1,0
4716,33452922333,158295422,1,0
4717,33453249111,158330212,1,0
4718,33453584777,158363028,1,0
4719,33453925444,158397522,1,0
4720,33454261111,158430941,1,0
4721,33454593666,158462671,1,0
4722,33454918333,158499072,1,0
4723,33455276888,158529134,1,0
4724,33455590111,158561836,1,0
4725,33455910555,158595467,1,0
4726,33456243222,158629521,1,0
4727,33456585777,158663515,1,0
4728,33456918444,158696780,1,0
4729,33457256777,158729584,1,0
4730,33457591777,158763522,1,0
4731,33457924666,158798220,1,0
4732,33458264222,158829762,1,0
4733,33458593222,158863920,1,0
4734,33458924888,158899362,1,0
4735,33459272222,158929101,1,0
4736,33459584111,158963138,1,0
4737,33459919777,158996685,1,0
4738,33460261777,159029257,1,0
4739,33460581666,159064463,1,0
4740,33460930333,159098139,1,0
4741,33461266000,159131532,1,0
4742,33461600444,159163037,1,0
4743,33461918555,159197359,1,0
4744,33462265000,159230227,1,0
4745,33462594666,159264749,1,0
4746,33462924666,159298615,1,0
4747,33463268333,159330466,1,0
4748,33463591777,159362546,1,0
4749,33463923444,159397190,1,0
4750,33464261222,159430468,1,0
4751,33464594222,159463265,1,0
4752,33464927666,159498871,1,0
4753,33465271333,159530674,1,0
4754,33465592333,159564897,1,0
4755,33465924222,159597637,1,0
4756,33466273555,159629984,1,0
4757,33466588444,159664809,1,0
4758,33466932333,159698652,1,0
4759,33467271111,159730723,1,0
4760,33467590888,159765759,1,0
4761,33467944111,159799374,1,0
4762,33468272555,159831099,1,0
4763,33468594888,159863762,1,0
4764,33468930555,159900700,1,0
4765,33469278777,159931726,1,0
4766,33469603555,159966880,1,0
4767,33469936444,159998155,1,0
4768,33470277111,160031468,1,0
4769,33470600111,160064482,1,0
4770,33470926111,160098761,1,0
4771,33471270888,160129727,1,0
4772,33471595000,160162641,1,0
4773,33471925222,160198381,1,0
4774,33472269777,160229965,1,0
4775,33472598111,160263477,1,0
4776,33472931333,160299498,1,0
4777,33473274666,160331059,1,0
4778,33473599111,160364993,1,0
4779,33473935333,160399355,1,0
4780,33474283222,160431414,1,0
4781,33474603000,160465037,1,0
4782,33474936777,160498055,1,0
4783,33475277666,160531355,1,0
4784,33475598888,160564564,1,0
4785,33475928333,160598420,1,0
4786,33476277777,160632330,1,0
4787,33476598333,160666560,1,0
4788,33476936444,160696592,1,0
4789,33477264444,160731123,1,0
4790,33477596444,160764035,1,0
4791,33477925333,160797520,1,0
4792,33478270888,160834941,1,0
4793,33478636888,160866813,1,0
4794,33478952111,160899029,1,0
4795,33479280444,160931981,1,0
4796,33479606777,160965733,1,0
4797,33479940333,160998603,1,0
4798,33480274222,161031386,1,0
4799,33480611555,161064694,1,0
4800,33480938222,161099071,1,0
4801,33481280000,161132153,1,0
4802,33481610555,161165847,1,0
4803,33481941000,161200344,1,0
4804,33482279111,161234474,1,0
4805,33482615777,161265490,1,0
4806,33482939222,161299802,1,0
4807,33483283333,161333258,1,0
4808,33483620222,161366386,1,0
4809,33483946000,161399492,1,0
4810,33484281000,161436221,1,0
4811,33484631000,161466455,1,0
4812,33484947888,161498837,1,0
4813,33485285555,161531455,1,0
4814,33485607333,161566176,1,0
4815,33485940333,161600752,1,0
4816,33486299111,161631936,1,0
4817,33486616666,161666059,1,0
4818,33486954222,161699129,1,0
4819,33487289888,161733383,1,0
4820,33487614444,161768981,1,0
4821,33487964111,161799128,1,0
4822,33488280000,161835171,1,0
4823,33488622999,161867910,1,0
4824,33488968333,161901520,1,0
4825,33489299444,161935078,1,0
4826,33489637666,161965092,1,0
4827,33489942222,161999430,1,0
4828,33490288111,162033413,1,0
4829,33490623222,162067963,1,0
4830,33490949222,162099716,1,0
4831,33491295000,162134977,1,0
4832,33491622222,162165643,1,0
4833,33491948666,162200267,1,0
4834,33492290888,162234087,1,0
4835,33492626777,162268597,1,0
4836,33492963777,162301757,1,0
4837,33493293222,162333819,1,0
4838,33493633111,162368207,1,0
4839,33493954888,162403039,1,0
4840,33494317000,162433687,1,0
4841,33494619222,162465997,1,0
4842,33494950444,162501519,1,0
4843,33495305000,162533206,1,0
4844,33495615888,162567765,1,0
4845,33495957222,162599275,1,0
4846,33496287222,162632793,1,0
4847,33496616222,162668241,1,0
4848,33496960000,162701502,1,0
4849,33497308111,162733289,1,0
4850,33497625444,162767934,1,0
4851,33497959000,162800478,1,0
4852,33498299777,162833230,1,0
4853,33498621666,162867044,1,0
4854,33498959555,162902011,1,0
4855,33499304222,162934233,1,0
4856,33499630888,162967526,1,0
4857,33499954777,163002923,1,0
4858,33500299888,163033421,1,0
4859,33500625000,163067463,1,0
4860,33500959666,163102742,1,0
4861,33501311888,163135378,1,0
4862,33501644222,163167551,1,0
4863,33501963333,163202697,1,0
4864,33502312222,163234279,1,0
4865,33502628444,163268107,1,0
4866,33502964666,163302327,1,0
4867,33503291777,163334395,1,0
4868,33503634111,163367768,1,0
4869,33503968666,163402375,1,0
4870,33504301888,163434674,1,0
4871,33504635777,163469516,1,0
4872,33504974000,163501945,1,0
4873,33505305777,163532770,1,0
4874,33505625333,163569309,1,0
4875,33505973555,163600846,1,0
4876,33506303111,163634586,1,0
4877,33506634888,163670481,1,0
4878,33506987888,163702832,1,0
4879,33507303444,163736122,1,0
4880,33507638444,163769285,1,0
4881,33507980777,163801628,1,0
4882,33508305777,163836888,1,0
4883,33508655444,163870070,1,0
4884,33508981555,163900655,1,0
4885,33509294888,163936356,1,0
4886,33509635333,163971123,1,0
4887,33509993666,164000522,1,0
4888,33510302111,164035792,1,0
4889,33510646777,164072126,1,0
4890,33510994111,164105662,1,0
4891,33511311666,164136019,1,0
4892,33511644777,164168632,1,0
4893,33511970888,164202475,1,0
4894,33512308333,164234742,1,0
4895,33512636666,164269442,1,0
4896,33512978333,164300936,1,0
4897,33513306666,164336089,1,0
4898,33513647888,164371180,1,0
4899,33513969777,164402850,1,0
4900,33514317333,164435050,1,0
4901,33514634777,164469920,1,0
4902,33514981444,164503590,1,0
4903,33515313555,164535893,1,0
4904,33515638333,164568758,1,0
4905,33515976999,164604304,1,0
4906,33516324555,164636369,1,0
4907,33516632444,164668278,1,0
4908,33516972000,164704188,1,0
4909,33517324222,164735634,1,0
4910,33517643111,164770325,1,0
4911,33517992222,164802440,1,0
4912,33518314555,164835773,1,0
4913,33518650111,164870375,1,0
4914,33518983222,164902636,1,0
4915,33519315000,164936996,1,0
4916,33519660555,164969072,1,0
4917,33519975111,165002845,1,0
4918,33520313555,165035855,1,0
4919,33520644888,165068926,1,0
4920,33520977777,165106025,1,0
4921,33521329333,165135610,1,0
4922,33521644111,165169704,1,0
4923,33521988555,165203705,1,0
4924,33522325555,165236529,1,0
4925,33522661888,165268774,1,0
4926,33522984888,165303197,1,0
4927,33523327222,165337205,1,0
4928,33523650333,165369960,1,0
4929,33523981111,165405386,1,0
4930,33524341777,165435629,1,0
4931,33524645777,165469605,1,0
4932,33524983666,165503787,1,0
4933,33525324222,165536129,1,0
4934,33525654777,165569827,1,0
4935,33525987333,165604790,1,0
4936,33526336000,165639131,1,0
4937,33526659555,165668739,1,0
4938,33526977777,165705241,1,0
4939,33527335333,165736107,1,0
4940,33527647777,165773403,1,0
4941,33528008111,165804078,1,0
4942,33528313111,165836768,1,0
4943,33528654222,165870491,1,0
4944,33528992000,165905750,1,0
4945,33529344555,165938225,1,0
4946,33529661333,165971456,1,0
4947,33529982777,166004101,1,0
4948,33530339333,166037299,1,0
4949,33530654888,166071448,1,0
4950,33531003666,166105466,1,0
4951,33531339222,166140043,1,0
4952,33531659333,166171617,1,0
4953,33532001444,166203183,1,0
4954,33532324666,166237527,1,0
4955,33532660888,166272826,1,0
4956,33533009000,166304721,1,0
4957,33533333555,166337238,1,0
4958,33533656888,166370560,1,0
4959,33533993000,166405238,1,0
4960,33534336000,166436670,1,0
4961,33534661333,166474054,1,0
4962,33535023333,166504558,1,0
4963,33535333444,166537625,1,0
4964,33535658333,166571526,1,0
4965,33536001222,166605088,1,0
4966,33536338777,166637258,1,0
4967,33536659555,166672093,1,0
4968,33536998555,166704118,1,0
4969,33537326555,166737415,1,0
4970,33537655888,166772500,1,0
4971,33538005333,166804089,1,0
4972,33538333333,166839169,1,0
4973,33538677555,166872055,1,0
4974,33539005222,166906287,1,0
4975,33539342888,166938281,1,0
4976,33539669222,166972912,1,0
4977,33539999555,167006052,1,0
4978,33540346777,167038323,1,0
4979,33540668555,167070811,1,0
4980,33540999333,167107479,1,0
4981,33541361888,167137809,1,0
4982,33541663555,167171628,1,0
4983,33542004444,167206070,1,0
4984,33542341777,167237464,1,0
4985,33542670000,167272822,1,0
4986,33543012111,167306637,1,0
4987,33543358333,167339158,1,0
4988,33543673888,167371588,1,0
4989,33544003333,167405702,1,0
4990,33544343333,167439304,1,0
4991,33544664222,167471790,1,0
4992,33545004777,167506622,1,0
4993,33545345777,167542197,1,0
4994,33545705333,167571590,1,0
4995,33546000444,167606259,1,0
4996,33546345000,167638574,1,0
4997,33546668555,167673783,1,0
4998,33547015111,167704131,1,0
4999,33547336666,167737219,1,0
5000,33547661000,167770973,1,0
5001,33548005555,167805326,1,0
5002,33548341111,167841181,1,0
5003,33548690666,167872333,1,0
5004,33549016333,167907228,1,0
5005,33549354111,167940498,1,0
5006,33549687333,167972564,1,0
5007,33550018333,168006530,1,0
5008,33550354000,168039245,1,0
5009,33550677555,168072429,1,0
5010,33551016777,168106475,1,0
5011,33551346777,168139829,1,0
5012,33551677111,168175164,1,0
5013,33552046333,168205633,1,0
5014,33552344222,168237614,1,0
5015,33552675222,168273449,1,0
5016,33553031333,168306133,1,0
5017,33553352111,168340032,1,0
5018,33553686333,168373736,1,0
5019,33554019666,168406757,1,0
5020,33554353333,168439504,1,0
5021,33554682111,168473636,1,0
5022,33555018222,168506982,1,0
5023,33555356333,168541624,1,0
5024,33555707333,168573263,1,0
5025,33556017000,168608135,1,0
5026,33556362777,168640239,1,0
5027,33556692111,168672806,1,0
5028,33557024444,168705838,1,0
5029,33557353222,168737936,1,0
5030,33557673666,168773150,1,0
5031,33558020333,168806314,1,0
5032,33558350777,168840191,1,0
5033,33558686666,168872955,1,0
5034,33559018444,168907907,1,0
5035,33559356777,168941392,1,0
5036,33559695444,168973152,1,0
5037,33560015666,169010912,1,0
5038,33560393333,169038626,1,0
5039,33560679333,169073723,1,0
5040,33561015666,169108524,1,0
5041,33561367777,169139548,1,0
5042,33561688888,169173169,1,0
5043,33562023777,169207483,1,0
5044,33562364333,169240479,1,0
5045,33562694222,169273204,1,0
5046,33563025555,169308033,1,0
5047,33563363777,169340237,1,0
5048,33563691777,169373367,1,0
5049,33564025444,169406986,1,0
5050,33564364222,169440362,1,0
5051,33564691666,169473143,1,0
5052,33565024777,169507165,1,0
5053,33565365666,169540868,1,0
5054,33565692111,169573271,1,0
5055,33566023888,169608330,1,0
5056,33566370333,169638572,1,0
5057,33566684222,169674170,1,0
5058,33567036111,169707041,1,0
5059,33567364666,169739558,1,0
5060,33567685888,169775330,1,0
5061,33568036777,169808395,1,0
5062,33568362333,169841661,1,0
5063,33568703111,169874263,1,0
5064,33569031333,169908122,1,0
5065,33569373555,169942848,1,0
5066,33569704777,169974674,1,0
5067,33570036333,170010103,1,0
5068,33570390444,170041085,1,0
5069,33570705888,170074957,1,0
5070,33571036777,170111319,1,0
5071,33571399333,170143441,1,0
5072,33571712111,170175069,1,0
5073,33572041777,170208135,1,0
5074,33572369111,170240987,1,0
5075,33572692111,170276646,1,0
5076,33573057777,170309346,1,0
5077,33573375444,170341547,1,0
5078,33573697222,170374028,1,0
5079,33574034111,170407957,1,0
5080,33574376111,170476867,1,0
5081,33575048777,170558086,1,0
5082,33575048777,170569123,1,0
5083,33575048777,170579511,1,0
5084,33575700666,170596262,1,0
5085,33576059777,170612868,1,0
5086,33576374888,170641795,1,0
5087,33576704777,170674398,1,0
5088,33577036222,170710061,1,0
5089,33577377666,170741780,1,0
5090,33577694666,170775440,1,0
5091,33578042111,170809203,1,0
5092,33578374555,170841070,1,0
5093,33578701222,170876616,1,0
5094,33579035555,170910719,1,0
5095,33579390222,170944500,1,0
5096,33579716666,170975730,1,0
5097,33580046111,171007579,1,0
5098,33580374777,171041904,1,0
5099,33580711777,171077226,1,0
5100,33581067222,171111397,1,0
5101,33581400111,171142001,1,0
5102,33581713000,171176698,1,0
5103,33582044777,171211144,1,0
5104,33582399444,171242421,1,0
5105,33582714555,171277428,1,0
5106,33583048666,171309057,1,0
5107,33583381111,171341439,1,0
5108,33583706111,171376742,1,0
5109,33584050000,171410547,1,0
5110,33584387222,171440713,1,0
5111,33584703777,171476567,1,0
5112,33585044222,171511689,1,0
5113,33585403888,171544320,1,0
5114,33585728777,171576005,1,0
5115,33586057777,171611428,1,0
5116,33586411111,171642999,1,0
5117,33586710111,171675541,1,0
5118,33587053888,171710979,1,0
5119,33587390555,171744040,1,0
5120,33587727000,171776594,1,0
5121,33588044222,171810748,1,0
5122,33588385000,171844445,1,0
5123,33588726888,171876389,1,0
5124,33589052111,171911594,1,0
5125,33589397222,171942874,1,0
5126,33589715333,171976344,1,0
5127,33590051888,172010661,1,0
5128,33590395333,172044069,1,0
5129,33590727222,172076415,1,0
5130,33591055555,172111241,1,0
5131,33591387444,172141981,1,0
5132,33591716555,172174604,1,0
5133,33592042666,172212758,1,0
5134,33592393666,172242615,1,0
5135,33592721555,172277033,1,0
5136,33593056777,172311491,1,0
5137,33593395777,172344586,1,0
5138,33593728000,172377718,1,0
5139,33594065111,172410072,1,0
5140,33594394111,172443817,1,0
5141,33594720888,172477564,1,0
5142,33595062777,172511953,1,0
5143,33595406444,172543148,1,0
5144,33595728444,172577870,1,0
5145,33596062333,172613266,1,0
5146,33596418111,172642535,1,0
5147,33596721555,172677613,1,0
5148,33597058666,172711160,1,0
5149,33597403777,172742707,1,0
5150,33597723555,172775993,1,0
5151,33598056666,172814542,1,0
5152,33598400444,172842817,1,0
5153,33598724444,172877211,1,0
5154,33599064888,172912299,1,0
5155,33599408777,172943474,1,0
5156,33599726111,172978243,1,0
5157,33600060777,173010237,1,0
5158,33600393111,173043760,1,0
5159,33600720555,173080387,1,0
5160,33601073222,173111509,1,0
5161,33601403666,173145157,1,0
5162,33601737000,173176950,1,0
5163,33602067888,173212107,1,0
5164,33602405777,173244624,1,0
5165,33602732555,173278616,1,0
5166,33603071666,173313302,1,0
5167,33603421666,173343824,1,0
5168,33603733777,173377779,1,0
5169,33604067000,173411933,1,0
5170,33604405666,173445076,1,0
5171,33604733111,173476709,1,0
5172,33605060333,173512175,1,0
5173,33605405666,173544766,1,0
5174,33605722000,173578937,1,0
5175,33606076888,173611534,1,0
5176,33606404888,173648353,1,0
5177,33606753666,173679262,1,0
5178,33607080333,173716439,1,0
5179,33607447444,173748725,1,0
5180,33607762444,173778668,1,0
5181,33608074222,173811790,1,0
5182,33608405222,173853387,1,0
5183,33608810000,173880336,1,0
5184,33609096555,173911704,1,0
5185,33609405888,173945438,1,0
5186,33609743000,173977889,1,0
5187,33610069000,174012076,1,0
5188,33610406777,174044467,1,0
5189,33610736000,174077523,1,0
5190,33611066111,174113865,1,0
5191,33611424000,174144803,1,0
5192,33611738333,174176478,1,0
5193,33612063444,174213464,1,0
5194,33612413555,174248588,1,0
5195,33612758333,174279409,1,0
5196,33613078111,174310987,1,0
5197,33613404111,174344796,1,0
5198,33613734000,174378514,1,0
5199,33614077555,174412217,1,0
5200,33614412222,174446755,1,0
5201,33614750222,174480449,1,0
5202,33615089666,174513742,1,0
5203,33615414222,174545884,1,0
5204,33615740888,174579201,1,0
5205,33616081333,174613740,1,0
5206,33616415333,174647137,1,0
5207,33616753333,174679064,1,0
5208,33617079555,174712352,1,0
5209,33617411000,174746728,1,0
5210,33617754666,174777922,1,0
5211,33618075777,174813713,1,0
5212,33618424333,174845293,1,0
5213,33618740555,174879423,1,0
5214,33619080222,174914435,1,0
5215,33619427222,174946525,1,0
5216,33619748666,174978666,1,0
5217,33620082222,175013225,1,0
5218,33620416888,175046485,1,0
5219,33620751333,175079859,1,0
5220,33621100111,175119679,1,0
5221,33621484999,175145824,1,0
5222,33621756777,175181733,1,0
5223,33622113111,175213009,1,0
5224,33622437111,175245838,1,0
5225,33622764333,175279795,1,0
5226,33623090333,175314628,1,0
5227,33623442222,175347515,1,0
5228,33623770000,175381747,1,0
5229,33624095000,175414931,1,0
5230,33624431666,175449109,1,0
5231,33624768222,175482480,1,0
5232,33625107111,175515690,1,0
5233,33625442222,175546964,1,0
5234,33625760777,175580507,1,0
5235,33626090444,175615267,1,0
5236,33626431222,175646576,1,0
5237,33626757222,175682181,1,0
5238,33627100777,175715903,1,0
5239,33627443666,175748133,1,0
5240,33627773888,175779887,1,0
5241,33628090333,175812837,1,0
5242,33628422444,175850757,1,0
5243,33628779111,175881251,1,0
5244,33629099000,175912933,1,0
5245,33629431111,175945948,1,0
5246,33629763111,175978328,1,0
5247,33630088333,176011074,1,0
5248,33630432888,176046091,1,0
5249,33630759444,176079392,1,0
5250,33631088000,176116834,1,0
5251,33631444444,176146627,1,0
5252,33631753222,176181585,1,0
5253,33632097777,176214547,1,0
5254,33632430666,176246489,1,0
5255,33632753222,176280659,1,0
5256,33633097222,176315776,1,0
5257,33633432222,176347235,1,0
5258,33633759888,176382864,1,0
5259,33634112000,176415686,1,0
5260,33634440111,176446134,1,0
5261,33634752666,176480564,1,0
5262,33635099222,176514812,1,0
5263,33635438444,176547199,1,0
5264,33635769333,176583052,1,0
5265,33636121777,176613591,1,0
5266,33636428555,176647535,1,0
5267,33636764444,176682069,1,0
5268,33637114555,176715910,1,0
5269,33637442555,176747439,1,0
5270,33637758888,176783610,1,0
5271,33638116888,176814053,1,0
5272,33638429666,176850053,1,0
5273,33638766000,176883394,1,0
5274,33639120777,176917000,1,0
5275,33639445666,176949502,1,0
5276,33639773222,176981836,1,0
5277,33640094666,177014183,1,0
5278,33640431555,177047610,1,0
5279,33640769666,177080325,1,0
5280,33641100111,177115356,1,0
5281,33641440888,177146869,1,0
5282,33641758000,177182083,1,0
5283,33642103000,177214334,1,0
5284,33642428666,177249227,1,0
5285,33642770999,177281616,1,0
5286,33643105000,177315049,1,0
5287,33643439333,177347891,1,0
5288,33643769111,177384310,1,0
5289,33644126000,177425603,1,0
5290,33644531000,177447037,1,0
5291,33644764333,177483779,1,0
5292,33645113222,177517025,1,0
5293,33645459888,177548522,1,0
5294,33645775111,177583148,1,0
5295,33646113888,177616763,1,0
5296,33646454666,177647319,1,0
5297,33646770000,177681928,1,0
5298,33647110222,177716654,1,0
5299,33647456444,177748025,1,0
5300,33647769333,177782078,1,0
5301,33648105777,177816155,1,0
5302,33648447222,177849368,1,0
5303,33648781000,177882926,1,0
5304,33649119666,177915489,1,0
5305,33649444222,177950532,1,0
5306,33649779222,177981233,1,0
5307,33650108222,178017368,1,0
5308,33650462222,178049191,1,0
5309,33650780666,178081390,1,0
5310,33651110333,178116735,1,0
5311,33651455111,178148414,1,0
5312,33651774888,178186176,1,0
5313,33652132444,178217220,1,0
5314,33652462333,178250560,1,0
5315,33652792333,178285499,1,0
5316,33653139333,178316678,1,0
5317,33653460888,178349468,1,0
5318,33653782111,178382162,1,0
5319,33654112444,178418975,1,0
5320,33654465111,178449061,1,0
5321,33654777444,178484194,1,0
5322,33655120333,178516590,1,0
5323,33655462666,178549485,1,0
5324,33655783666,178583800,1,0
5325,33656126666,178614610,1,0
5326,33656442444,178650574,1,0
5327,33656781888,178688930,1,0
5328,33657143666,178715673,1,0
5329,33657455666,178749487,1,0
5330,33657779333,178783401,1,0
5331,33658119666,178817145,1,0
5332,33658461555,178851602,1,0
5333,33658787555,178884769,1,0
5334,33659130222,178916980,1,0
5335,33659462333,178951307,1,0
5336,33659792333,178982728,1,0
5337,33660124111,179016905,1,0
5338,33660450111,179050567,1,0
5339,33660793555,179083971,1,0
5340,33661125777,179118638,1,0
5341,33661469555,179149950,1,0
5342,33661784222,179183681,1,0
5343,33662127111,179218150,1,0
5344,33662462000,179251004,1,0
5345,33662786888,179283705,1,0
5346,33663130777,179318852,1,0
5347,33663484555,179351123,1,0
5348,33663780888,179383928,1,0
5349,33664121333,179418466,1,0
5350,33664468666,179449856,1,0
5351,33664786111,179484171,1,0
5352,33665127777,179516448,1,0
5353,33665464888,179551917,1,0
5354,33665789666,179584853,1,0
5355,33666131666,179619694,1,0
5356,33666486000,179650015,1,0
5357,33666792888,179684060,1,0
5358,33667124888,179720179,1,0
5359,33667480333,179750793,1,0
5360,33667804666,179784339,1,0
5361,33668130444,179817725,1,0
5362,33668460444,179851041,1,0
5363,33668795222,179883856,1,0
5364,33669145111,179916873,1,0
5365,33669473888,179950494,1,0
5366,33669804888,179983467,1,0
5367,33670137777,180018818,1,0
5368,33670480111,180051598,1,0
5369,33670803555,180086426,1,0
5370,33671139888,180119908,1,0
5371,33671492111,180151241,1,0
5372,33671805777,180183353,1,0
5373,33672131000,180219155,1,0
5374,33672477888,180250031,1,0
5375,33672799444,180284851,1,0
5376,33673136888,180319009,1,0
5377,33673481111,180352050,1,0
5378,33673807111,180384164,1,0
5379,33674135777,180420092,1,0
5380,33674491000,180450874,1,0
5381,33674802333,180484271,1,0
5382,33675130555,180521305,1,0
5383,33675498555,180552025,1,0
5384,33675808333,180583687,1,0
5385,33676134777,180618366,1,0
5386,33676470333,180651123,1,0
5387,33676799777,180686552,1,0
5388,33677136888,180719577,1,0
5389,33677480444,180752336,1,0
5390,33677801888,180785989,1,0
5391,33678143666,180819657,1,0
5392,33678479333,180852707,1,0
5393,33678808222,180886067,1,0
5394,33679142444,180919790,1,0
5395,33679474333,180955148,1,0
5396,33679812777,180987865,1,0
5397,33680163111,181018008,1,0
5398,33680473555,181054284,1,0
5399,33680827222,181087558,1,0
5400,33681143444,181118902,1,0
5401,33681471777,181154103,1,0
5402,33681815777,181186814,1,0
5403,33682150777,181221515,1,0
5404,33682493777,181252105,1,0
5405,33682809777,181286185,1,0
5406,33683140222,181320896,1,0
5407,33683491555,181353499,1,0
5408,33683817111,181387898,1,0
5409,33684139222,181421608,1,0
5410,33684496777,181453320,1,0
5411,33684803333,181487754,1,0
5412,33685156555,181519775,1,0
5413,33685484111,181553684,1,0
5414,33685812222,181584987,1,0
5415,33686139222,181623484,1,0
5416,33686513555,181653140,1,0
5417,33686809333,181686519,1,0
5418,33687144222,181721106,1,0
5419,33687492444,181752405,1,0
5420,33687805777,181786561,1,0
5421,33688152333,181820424,1,0
5422,33688488444,181857447,1,0
5423,33688805111,181886319,1,0
5424,33689151777,181925026,1,0
5425,33689490222,181952589,1,0
5426,33689816888,181988534,1,0
5427,33690170111,182021841,1,0
5428,33690498222,182053834,1,0
5429,33690814777,182087000,1,0
5430,33691154555,182120754,1,0
5431,33691493222,182153687,1,0
5432,33691815555,182188716,1,0
5433,33692164777,182219208,1,0
5434,33692479666,182255659,1,0
5435,33692821777,182286761,1,0
5436,33693152666,182320647,1,0
5437,33693492666,182353281,1,0
5438,33693828222,182386646,1,0
5439,33694155666,182421266,1,0
5440,33694501222,182454323,1,0
5441,33694831666,182488268,1,0
5442,33695167222,182521080,1,0
5443,33695492888,182554555,1,0
5444,33695831555,182587977,1,0
5445,33696161666,182623173,1,0
5446,33696491222,182653778,1,0
5447,33696824222,182688145,1,0
5448,33697161666,182720830,1,0
5449,33697500888,182753258,1,0
5450,33697822777,182787512,1,0
5451,33698168555,182819676,1,0
5452,33698493333,182853662,1,0
5453,33698823444,182888368,1,0
5454,33699174888,182923632,1,0
5455,33699515666,182953268,1,0
5456,33699823555,182989042,1,0
5457,33700163555,183021960,1,0
5458,33700503666,183055631,1,0
5459,33700822444,183088249,1,0
5460,33701167000,183122090,1,0
5461,33701501666,183155404,1,0
5462,33701832111,183189106,1,0
5463,33702167888,183222225,1,0
5464,33702505222,183255745,1,0
5465,33702833999,183287768,1,0
5466,33703164777,183322668,1,0
5467,33703503999,183354057,1,0
5468,33703829222,183387333,1,0
5469,33704161777,183422460,1,0
5470,33704505777,183454006,1,0
5471,33704830777,183489957,1,0
5472,33705177333,183528116,1,0
5473,33705543333,183555650,1,0
5474,33705836666,183588928,1,0
5475,33706167999,183624214,1,0
5476,33706511555,183654259,1,0
5477,33706833000,183689677,1,0
5478,33707175555,183722233,1,0
5479,33707504333,183755844,1,0
5480,33707840555,183789990,1,0
5481,33708166222,183821123,1,0
5482,33708502444,183856573,1,0
5483,33708840444,183890141,1,0
5484,33709180111,183922361,1,0
5485,33709509222,183955684,1,0
5486,33709837111,183989256,1,0
5487,33710176000,184026664,1,0
5488,33710546111,184056680,1,0
5489,33710855555,184086648,1,0
5490,33711171000,184122821,1,0
5491,33711522222,184158093,1,0
5492,33711855888,184190213,1,0
5493,33712184666,184227209,1,0
5494,33712531555,184256667,1,0
5495,33712847888,184290544,1,0
5496,33713181222,184323756,1,0
5497,33713520111,184355389,1,0
5498,33713835444,184390579,1,0
5499,33714181777,184425029,1,0
5500,33714522666,184457698,1,0
5501,33714849777,184491120,1,0
5502,33715185111,184524940,1,0
5503,33715530111,184556563,1,0
5504,33715844888,184590477,1,0
5505,33716182222,184625028,1,0
5506,33716524111,184657001,1,0
5507,33716848222,184691195,1,0
5508,33717175666,184724571,1,0
5509,33717514000,184756830,1,0
5510,33717846888,184789812,1,0
5511,33718176000,184825806,1,0
5512,33718526888,184855440,1,0
5513,33718843777,184890858,1,0
5514,33719185222,184926031,1,0
5515,33719532222,184959383,1,0
5516,33719849000,184991230,1,0
5517,33720190333,185028909,1,0
5518,33720528777,185055964,1,0
5519,33720844000,185090794,1,0
5520,33721184555,185126121,1,0
5521,33721532000,185157489,1,0
5522,33721849666,185190231,1,0
5523,33722179444,185225065,1,0
5524,33722533888,185257161,1,0
5525,33722858555,185291793,1,0
5526,33723191666,185325431,1,0
5527,33723529444,185358178,1,0
5528,33723846666,185391658,1,0
5529,33724195111,185425677,1,0
5530,33724517333,185455228,1,0
5531,33724840111,185491351,1,0
5532,33725190555,185524179,1,0
5533,33725515888,185557023,1,0
5534,33725849777,185591177,1,0
5535,33726194888,185627453,1,0
5536,33726549888,185657633,1,0
5537,33726849222,185692126,1,0
5538,33727194111,185724689,1,0
5539,33727525666,185759906,1,0
5540,33727873777,185793666,1,0
5541,33728207222,185831214,1,0
5542,33728581666,185859153,1,0
5543,33728872888,185894078,1,0
5544,33729209111,185927737,1,0
5545,33729538777,185960522,1,0
5546,33729863222,185991482,1,0
5547,33730207555,186026360,1,0
5548,33730552777,186058371,1,0
5549,33730865333,186091692,1,0
5550,33731200000,186126984,1,0
5551,33731542666,186159105,1,0
5552,33731869222,186191870,1,0
5553,33732200555,186227498,1,0
5554,33732551888,186258407,1,0
5555,33732877555,186292275,1,0
5556,33733208222,186326435,1,0
5557,33733544666,186358263,1,0
5558,33733862333,186391174,1,0
5559,33734204555,186427445,1,0
5560,33734541666,186465503,1,0
5561,33734936666,186491354,1,0
5562,33735206777,186525646,1,0
5563,33735544222,186556905,1,0
5564,33735862000,186593424,1,0
5565,33736209666,186625290,1,0
5566,33736533777,186658798,1,0
5567,33736864666,186691891,1,0
5568,33737199111,186728647,1,0
5569,33737561000,186758601,1,0
5570,33737868000,186791322,1,0
5571,33738201111,186826896,1,0
5572,33738539444,186858780,1,0
5573,33738863111,186896790,1,0
5574,33739221888,186924123,1,0
5575,33739532222,186959429,1,0
5576,33739864555,186993649,1,0
5577,33740210777,187025907,1,0
5578,33740547888,187059736,1,0
5579,33740862555,187093673,1,0
5580,33741205777,187125854,1,0
5581,33741539555,187158308,1,0
5582,33741867666,187193420,1,0
5583,33742213444,187228609,1,0
5584,33742560777,187258963,1,0
5585,33742867111,187293705,1,0
5586,33743209222,187326510,1,0
5587,33743547888,187358113,1,0
5588,33743871444,187391930,1,0
5589,33744208000,187425494,1,0
5590,33744535888,187458081,1,0
5591,33744869888,187496983,1,0
5592,33745228111,187527792,1,0
5593,33745557777,187561196,1,0
5594,33745875777,187592565,1,0
5595,33746207111,187626050,1,0
5596,33746548111,187660814,1,0
5597,33746895444,187695103,1,0
5598,33747225111,187725546,1,0
5599,33747547000,187763720,1,0
5600,33747897777,187792935,1,0
5601,33748210111,187826214,1,0
5602,33748548555,187860456,1,0
5603,33748890333,187893529,1,0
5604,33749215555,187926363,1,0
5605,33749552222,187961586,1,0
5606,33749894666,187995010,1,0
5607,33750219111,188027888,1,0
5608,33750556888,188062713,1,0
5609,33750904555,188092939,1,0
5610,33751210111,188126409,1,0
5611,33751554000,188158435,1,0
5612,33751874777,188192635,1,0
5613,33752213000,188227979,1,0
5614,33752549777,188259461,1,0
5615,33752884555,188294462,1,0
5616,33753222222,188327347,1,0
5617,33753553444,188362958,1,0
5618,33753916000,188394024,1,0
5619,33754227333,188427697,1,0
5620,33754557666,188460032,1,0
5621,33754880333,188493312,1,0
5622,33755214000,188529113,1,0
5623,33755561111,188560827,1,0
5624,33755884666,188596105,1,0
5625,33756245000,188625935,1,0
5626,33756548888,188659559,1,0
5627,33756879888,188694762,1,0
5628,33757217777,188727354,1,0
5629,33757552666,188762875,1,0
5630,33757908444,188794183,1,0
5631,33758221555,188828447,1,0
5632,33758563222,188859412,1,0
5633,33758878444,188897476,1,0
5634,33759242222,188932244,1,0
5635,33759557666,188959518,1,0
5636,33759881555,188996567,1,0
5637,33760235222,189026655,1,0
5638,33760555666,189061387,1,0
5639,33760896777,189094325,1,0
5640,33761226444,189129982,1,0
5641,33761571666,189162056,1,0
5642,33761889444,189194662,1,0
5643,33762220000,189229086,1,0
5644,33762572222,189262720,1,0
5645,33762892777,189295174,1,0
5646,33763227222,189329602,1,0
5647,33763580222,189362296,1,0
5648,33763893666,189395603,1,0
5649,33764233666,189429049,1,0
5650,33764568333,189461111,1,0
5651,33764888444,189495494,1,0
5652,33765233222,189530598,1,0
5653,33765577444,189562223,1,0
5654,33765899222,189595630,1,0
5655,33766235666,189629202,1,0
5656,33766558555,189662651,1,0
5657,33766901333,189696115,1,0
5658,33767225777,189727251,1,0
5659,33767556888,189761599,1,0
5660,33767895444,189795669,1,0
5661,33768233111,189831783,1,0
5662,33768597444,189861820,1,0
5663,33768895666,189897240,1,0
5664,33769231555,189930028,1,0
5665,33769571111,189962081,1,0
5666,33769898444,189995149,1,0
5667,33770231777,190030406,1,0
5668,33770579111,190063639,1,0
5669,33770916222,190094638,1,0
5670,33771229000,190130089,1,0
5671,33771591333,190162402,1,0
5672,33771913333,190195710,1,0
5673,33772239444,190231146,1,0
5674,33772592444,190263834,1,0
5675,33772902333,190295568,1,0
5676,33773231888,190330226,1,0
5677,33773580777,190363928,1,0
5678,33773911555,190397696,1,0
5679,33774247333,190430641,1,0
5680,33774585666,190468208,1,0
5681,33774965444,190499778,1,0
5682,33775268222,190530470,1,0
5683,33775582888,190564368,1,0
5684,33775901777,190595881,1,0
5685,33776239222,190629622,1,0
5686,33776576555,190663394,1,0
5687,33776911333,190695946,1,0
5688,33777244666,190731206,1,0
5689,33777589000,190765715,1,0
5690,33777937555,190799259,1,0
5691,33778265333,190829481,1,0
5692,33778577777,190864055,1,0
5693,33778912777,190898993,1,0
5694,33779259444,190932379,1,0
5695,33779597111,190962702,1,0
5696,33779902111,190995077,1,0
5697,33780243999,191029732,1,0
5698,33780578222,191062659,1,0
5699,33780906666,191097783,1,0
5700,33781257666,191131716,1,0
5701,33781589333,191162476,1,0
5702,33781902555,191198182,1,0
5703,33782259888,191231053,1,0
5704,33782584555,191262005,1,0
5705,33782902888,191296666,1,0
5706,33783246888,191328464,1,0
5707,33783576888,191363014,1,0
5708,33783913222,191396256,1,0
5709,33784251555,191430320,1,0
5710,33784579555,191461583,1,0
5711,33784904777,191498340,1,0
5712,33785249111,191529539,1,0
5713,33785579555,191563169,1,0
5714,33785913000,191597900,1,0
5715,33786258555,191631002,1,0
5716,33786583444,191664076,1,0
5717,33786914444,191697924,1,0
5718,33787255777,191732703,1,0
5719,33787600777,191765225,1,0
5720,33787923222,191798454,1,0
5721,33788259888,191829912,1,0
5722,33788581333,191864497,1,0
5723,33788916111,191898510,1,0
5724,33789260777,191930295,1,0
5725,33789584444,191964576,1,0
5726,33789916666,191998358,1,0
5727,33790260555,192030719,1,0
5728,33790590222,192064019,1,0
5729,33790916888,192097893,1,0
5730,33791264444,192133059,1,0
5731,33791601222,192165694,1,0
5732,33791922222,192199635,1,0
5733,33792259777,192231238,1,0
5734,33792597555,192264397,1,0
5735,33792928555,192298837,1,0
5736,33793259222,192330065,1,0
5737,33793594666,192364871,1,0
5738,33793926666,192398034,1,0
5739,33794257666,192433290,1,0
5740,33794597000,192463613,1,0
5741,33794920111,192498179,1,0
5742,33795267222,192530935,1,0
5743,33795594222,192566944,1,0
5744,33795939444,192599806,1,0
5745,33796258444,192631131,1,0
5746,33796600777,192664026,1,0
5747,33796921666,192699103,1,0
5748,33797271000,192731738,1,0
5749,33797600666,192764633,1,0
5750,33797919222,192798367,1,0
5751,33798263444,192832391,1,0
5752,33798599555,192864793,1,0
5753,33798923777,192902603,1,0
5754,33799290444,192932530,1,0
5755,33799601777,192965176,1,0
5756,33799924555,193000096,1,0
5757,33800281000,193032252,1,0
5758,33800608222,193065156,1,0
5759,33800927111,193097114,1,0
5760,33801260777,193133320,1,0
5761,33801605666,193165547,1,0
5762,33801930444,193201030,1,0
5763,33802294555,193232279,1,0
5764,33802606444,193265790,1,0
5765,33802934444,193298766,1,0
5766,33803262222,193331004,1,0
5767,33803604000,193365026,1,0
5768,33803930999,193399077,1,0
5769,33804274000,193432361,1,0
5770,33804606000,193465496,1,0
5771,33804934111,193499879,1,0
5772,33805278333,193531903,1,0
5773,33805605666,193565335,1,0
5774,33805931888,193600408,1,0
5775,33806274222,193632354,1,0
5776,33806599555,193664383,1,0
5777,33806927666,193699094,1,0
5778,33807270222,193732076,1,0
5779,33807597444,193765845,1,0
5780,33807940666,193797812,1,0
5781,33808258111,193836585,1,0
5782,33808634555,193865236,1,0
5783,33808943666,193898440,1,0
5784,33809271555,193932297,1,0
5785,33809602444,193964983,1,0
5786,33809936555,193999283,1,0
5787,33810283888,194031788,1,0
5788,33810610222,194065541,1,0
5789,33810939444,194099595,1,0
5790,33811288666,194133016,1,0
5791,33811619777,194165087,1,0
5792,33811936666,194198103,1,0
5793,33812271666,194232785,1,0
5794,33812608444,194266479,1,0
5795,33812944666,194300876,1,0
5796,33813291222,194333568,1,0
5797,33813611000,194365208,1,0
5798,33813941444,194399568,1,0
5799,33814290555,194433535,1,0
5800,33814614888,194465556,1,0
5801,33814935555,194499717,1,0
5802,33815283777,194532226,1,0
5803,33815606888,194564435,1,0
5804,33815943555,194599274,1,0
5805,33816276777,194633869,1,0
5806,33816621666,194666375,1,0
5807,33816948333,194699295,1,0
5808,33817282111,194733631,1,0
5809,33817625555,194767960,1,0
5810,33817949666,194799882,1,0
5811,33818290222,194833999,1,0
5812,33818630222,194865465,1,0
5813,33818946000,194900454,1,0
5814,33819297333,194933491,1,0
5815,33819622555,194965187,1,0
5816,33819948000,195000705,1,0
5817,33820285888,195032680,1,0
5818,33820615666,195066460,1,0
5819,33820943000,195102383,1,0
5820,33821304777,195133223,1,0
5821,33821626444,195165712,1,0
5822,33821943555,195199542,1,0
5823,33822284777,195233194,1,0
5824,33822619000,195266405,1,0
5825,33822950777,195302123,1,0
5826,33823294111,195332136,1,0
5827,33823620333,195365856,1,0
5828,33823947111,195399837,1,0
5829,33824289222,195434157,1,0
5830,33824628222,195466779,1,0
5831,33824944333,195500554,1,0
5832,33825295222,195533985,1,0
5833,33825620111,195566821,1,0
5834,33825951000,195601071,1,0
5835,33826289444,195634917,1,0
5836,33826631111,195667980,1,0
5837,33826973222,195702025,1,0
5838,33827298666,195734819,1,0
5839,33827624666,195766448,1,0
5840,33827952000,195801599,1,0
5841,33828299777,195833551,1,0
5842,33828629000,195867360,1,0
5843,33828962000,195899793,1,0
5844,33829286777,195937163,1,0
5845,33829635000,195969377,1,0
5846,33829962555,196003150,1,0
5847,33830308111,196036820,1,0
5848,33830661777,196066922,1,0
5849,33830960444,196101606,1,0
5850,33831302999,196135173,1,0
5851,33831641888,196168258,1,0
5852,33831962777,196200170,1,0
5853,33832299888,196236394,1,0
5854,33832635666,196266545,1,0
5855,33832958333,196301308,1,0
5856,33833300444,196334916,1,0
5857,33833623555,196366239,1,0
5858,33833954666,196401215,1,0
5859,33834302111,196434327,1,0
5860,33834636333,196467417,1,0
5861,33834964333,196501789,1,0
5862,33835303444,196536159,1,0
5863,33835645222,196568610,1,0
5864,33835975444,196599856,1,0
5865,33836290222,196635793,1,0
5866,33836634444,196667033,1,0
5867,33836960888,196699987,1,0
5868,33837296000,196735243,1,0
5869,33837646888,196768027,1,0
5870,33837964333,196802479,1,0
5871,33838316555,196836104,1,0
5872,33838650111,196869434,1,0
5873,33838976111,196903684,1,0
5874,33839323888,196934139,1,0
5875,33839634111,196968514,1,0
5876,33839955222,197003244,1,0
5877,33840325666,197033532,1,0
5878,33840626888,197067714,1,0
5879,33840969444,197101499,1,0
5880,33841307777,197135608,1,0
5881,33841639222,197169157,1,0
5882,33841970777,197201033,1,0
5883,33842300555,197236948,1,0
5884,33842647666,197268413,1,0
5885,33842972666,197304249,1,0
5886,33843326555,197335619,1,0
5887,33843639666,197368836,1,0
5888,33843971666,197406903,1,0
5889,33844349000,197435988,1,0
5890,33844640222,197467957,1,0
5891,33844968333,197501402,1,0
5892,33845300888,197536015,1,0
5893,33845638222,197568527,1,0
5894,33845967333,197602404,1,0
5895,33846303222,197637100,1,0
5896,33846650555,197667337,1,0
5897,33846962111,197701830,1,0
5898,33847305111,197736378,1,0
5899,33847648666,197769127,1,0
5900,33847977888,197804127,1,0
5901,33848308222,197837947,1,0
5902,33848668111,197868473,1,0
5903,33848970888,197903960,1,0
5904,33849313222,197940211,1,0
5905,33849666444,197969392,1,0
5906,33849981444,198004436,1,0
5907,33850323333,198037633,1,0
5908,33850660111,198069027,1,0
5909,33850974888,198104226,1,0
5910,33851315444,198135630,1,0
5911,33851649111,198169931,1,0
5912,33851982555,198203820,1,0
5913,33852318888,198238759,1,0
5914,33852665444,198270678,1,0
5915,33852981666,198304321,1,0
5916,33853322666,198336376,1,0
5917,33853657888,198369762,1,0
5918,33853979111,198403792,1,0
5919,33854321555,198437090,1,0
5920,33854653333,198469918,1,0
5921,33854979000,198505196,1,0
5922,33855324444,198538526,1,0
5923,33855658444,198570699,1,0
5924,33855984666,198606605,1,0
5925,33856342000,198638567,1,0
5926,33856661444,198670202,1,0
5927,33856989222,198705469,1,0
5928,33857325555,198738722,1,0
5929,33857659222,198772059,1,0
5930,33857995111,198804635,1,0
5931,33858321555,198838447,1,0
5932,33858664111,198873179,1,0
5933,33859011999,198906402,1,0
5934,33859335555,198938832,1,0
5935,33859675111,198971963,1,0
5936,33859990222,199005178,1,0
5937,33860339555,199037936,1,0
5938,33860663222,199071719,1,0
5939,33860992000,199105848,1,0
5940,33861329777,199137430,1,0
5941,33861662222,199170697,1,0
5942,33861980111,199205780,1,0
5943,33862332888,199239509,1,0
5944,33862668111,199269828,1,0
5945,33862984555,199303656,1,0
5946,33863331555,199335918,1,0
5947,33863660666,199371876,1,0
5948,33863998222,199406680,1,0
5949,33864341222,199438822,1,0
5950,33864658444,199471580,1,0
5951,33864990777,199508752,1,0
5952,33865361555,199538469,1,0
5953,33865665000,199572037,1,0
5954,33866003333,199605314,1,0
5955,33866331666,199637508,1,0
5956,33866663111,199670924,1,0
5957,33866993333,199707308,1,0
5958,33867342111,199737808,1,0
5959,33867667111,199771834,1,0
5960,33867997000,199804635,1,0
5961,33868322555,199839712,1,0
5962,33868683888,199872250,1,0
5963,33868993999,199908812,1,0
5964,33869333444,199937703,1,0
5965,33869658000,199971211,1,0
5966,33869986555,200005810,1,0
5967,33870332888,200039723,1,0
5968,33870670888,200072924,1,0
5969,33871007333,200106783,1,0
5970,33871338444,200142075,1,0
5971,33871696555,200170856,1,0
5972,33871994888,200204097,1,0
5973,33872332333,200240587,1,0
5974,33872689000,200272890,1,0
5975,33873008111,200309828,1,0
5976,33873361555,200340750,1,0
5977,33873697111,200373173,1,0
5978,33874003444,200405987,1,0
5979,33874336555,200442992,1,0
5980,33874703222,200472729,1,0
5981,33875006555,200506125,1,0
5982,33875342666,200539837,1,0
5983,33875676666,200571692,1,0
5984,33876006555,200607011,1,0
5985,33876342444,200640897,1,0
5986,33876681666,200673122,1,0
5987,33877003444,200706178,1,0
5988,33877350777,200739398,1,0
5989,33877673555,200773705,1,0
5990,33878000666,200807269,1,0
5991,33878338000,200840650,1,0
5992,33878678000,200872789,1,0
5993,33879003666,200906941,1,0
5994,33879347111,200940734,1,0
5995,33879680666,200976761,1,0
5996,33880048444,201006464,1,0
5997,33880351444,201038144,1,0
5998,33880671333,201072918,1,0
5999,33881006111,201107040,1,0
6000,33881350888,201138425,1,0
6001,33881681888,201173768,1,0
6002,33882022555,201207657,1,0
6003,33882363111,201240464,1,0
6004,33882699555,201273820,1,0
6005,33883026888,201306454,1,0
6006,33883344888,201337883,1,0
6007,33883673000,201373813,1,0
6008,33884012111,201405407,1,0
6009,33884343111,201439989,1,0
6010,33884673777,201471165,1,0
6011,33885003222,201508065,1,0
6012,33885367555,201539841,1,0
6013,33885677777,201572076,1,0
6014,33886010222,201611639,1,0
6015,33886403000,201638264,1,0
6016,33886673222,201672174,1,0
6017,33887007222,201706092,1,0
6018,33887350777,201741829,1,0
6019,33887701000,201774135,1,0
6020,33888021000,201806191,1,0
6021,33888353444,201843365,1,0
6022,33888683222,201871626,1,0
6023,33889009555,201906674,1,0
6024,33889355444,201939412,1,0
6025,33889681555,201972053,1,0
6026,33890012000,202006217,1,0
6027,33890345777,202039715,1,0
6028,33890682000,202073351,1,0
6029,33891022888,202107033,1,0
6030,33891353111,202140354,1,0
6031,33891693000,202172765,1,0
6032,33892014333,202210416,1,0
6033,33892360777,202243455,1,0
6034,33892712111,202272459,1,0
6035,33893013333,202307954,1,0
6036,33893366555,202340876,1,0
6037,33893684111,202372816,1,0
6038,33894017111,202406850,1,0
6039,33894355000,202441489,1,0
6040,33894698222,202474735,1,0
6041,33895031000,202506820,1,0
6042,33895363222,202544317,1,0
6043,33895702333,202574513,1,0
6044,33896033333,202608132,1,0
6045,33896360888,202639932,1,0
6046,33896685777,202673184,1,0
6047,33897025000,202706766,1,0
6048,33897356333,202740788,1,0
6049,33897704555,202773018,1,0
6050,33898027333,202808630,1,0
6051,33898359222,202843104,1,0
6052,33898718555,202875742,1,0
6053,33899034666,202907278,1,0
6054,33899367111,202941567,1,0
6055,33899689111,202975582,1,0
6056,33900030777,203007728,1,0
6057,33900367222,203041627,1,0
6058,33900691444,203081221,1,0
6059,33901077000,203108286,1,0
6060,33901366000,203141115,1,0
6061,33901699111,203175315,1,0
6062,33902032333,203207935,1,0
6063,33902368777,203239969,1,0
6064,33902698333,203274467,1,0
6065,33903033111,203309718,1,0
6066,33903383555,203341262,1,0
6067,33903706555,203375308,1,0
6068,33904033111,203409561,1,0
6069,33904367333,203441366,1,0
6070,33904701000,203473695,1,0
6071,33905025888,203510927,1,0
6072,33905398222,203542496,1,0
6073,33905702333,203577584,1,0
6074,33906065444,203608406,1,0
6075,33906375222,203642909,1,0
6076,33906707444,203675715,1,0
6077,33907045111,203716856,1,0
6078,33907454444,203742495,1,0
6079,33907707666,203775242,1,0
6080,33908034888,203808174,1,0
6081,33908371555,203841461,1,0
6082,33908710888,203875451,1,0
6083,33909037222,203909040,1,0
6084,33909380555,203941610,1,0
6085,33909704777,203975264,1,0
6086,33910038444,204008322,1,0
6087,33910373666,204041055,1,0
6088,33910710888,204074113,1,0
6089,33911039555,204108804,1,0
6090,33911375444,204142146,1,0
6091,33911712111,204175501,1,0
6092,33912034444,204208361,1,0
6093,33912369111,204240950,1,0
6094,33912699111,204274605,1,0
6095,33913033444,204309641,1,0
6096,33913377000,204342227,1,0
6097,33913712999,204376902,1,0
6098,33914053444,204409702,1,0
6099,33914384000,204442764,1,0
6100,33914716000,204474976,1,0
6101,33915040777,204509239,1,0
6102,33915380444,204542652,1,0
6103,33915713555,204576495,1,0
6104,33916047888,204608986,1,0
6105,33916379777,204641796,1,0
6106,33916705888,204676295,1,0
6107,33917049222,204709094,1,0
6108,33917374555,204742957,1,0
6109,33917715222,204776318,1,0
6110,33918050222,204808451,1,0
6111,33918371555,204844206,1,0
6112,33918722888,204876203,1,0
6113,33919047888,204910284,1,0
6114,33919386666,204943490,1,0
6115,33919720000,204976754,1,0
6116,33920053777,205011882,1,0
6117,33920384111,205043799,1,0
6118,33920724666,205075086,1,0
6119,33921043222,205110507,1,0
6120,33921389666,205145565,1,0
6121,33921720888,205176356,1,0
6122,33922045333,205209144,1,0
6123,33922382333,205242598,1,0
6124,33922716111,205275712,1,0
6125,33923048333,205310282,1,0
6126,33923383000,205343034,1,0
6127,33923721333,205376628,1,0
6128,33924049777,205410064,1,0
6129,33924390111,205443681,1,0
6130,33924724222,205476220,1,0
6131,33925047222,205511792,1,0
6132,33925387888,205543148,1,0
6133,33925720000,205576917,1,0
6134,33926052666,205609961,1,0
6135,33926393777,205643886,1,0
6136,33926723444,205677055,1,0
6137,33927056444,205710447,1,0
6138,33927387888,205744951,1,0
6139,33927729555,205778546,1,0
6140,33928058222,205812963,1,0
6141,33928409111,205846123,1,0
6142,33928748333,205878528,1,0
6143,33929065333,205915123,1,0
6144,33929439555,205945624,1,0
6145,33929741888,205980116,1,0
6146,33930063222,206010257,1,0
6147,33930392111,206046074,1,0
6148,33930731888,206077500,1,0
6149,33931053222,206110560,1,0
6150,33931391444,206145215,1,0
6151,33931738000,206177137,1,0
6152,33932054111,206217350,1,0
6153,33932431555,206243705,1,0
6154,33932725555,206278020,1,0
6155,33933058666,206312417,1,0
6156,33933404444,206343929,1,0
6157,33933729555,206379715,1,0
6158,33934062555,206412287,1,0
6159,33934399111,206446144,1,0
6160,33934740222,206477783,1,0
6161,33935060888,206512523,1,0
6162,33935405222,206545803,1,0
6163,33935732444,206580085,1,0
6164,33936082555,206612963,1,0
6165,33936401111,206644727,1,0
6166,33936733333,206683161,1,0
6167,33937073333,206715263,1,0
6168,33937429666,206746415,1,0
6169,33937736444,206779506,1,0
6170,33938069555,206814692,1,0
6171,33938427333,206844978,1,0
6172,33938729333,206877262,1,0
6173,33939060444,206913064,1,0
6174,33939408444,206947508,1,0
6175,33939736777,206978631,1,0
6176,33940070666,207011368,1,0
6177,33940398222,207044760,1,0
6178,33940733444,207078829,1,0
6179,33941070444,207116171,1,0
6180,33941408888,207146225,1,0
6181,33941745333,207181379,1,0
6182,33942090888,207213031,1,0
6183,33942417555,207246494,1,0
6184,33942744111,207281653,1,0
6185,33943071555,207312249,1,0
6186,33943400555,207345718,1,0
6187,33943747333,207379453,1,0
6188,33944071777,207411951,1,0
6189,33944404777,207446088,1,0
6190,33944743777,207478858,1,0
6191,33945070111,207512521,1,0
6192,33945406555,207548192,1,0
6193,33945745000,207579663,1,0
6194,33946074000,207612941,1,0
6195,33946406555,207646678,1,0
6196,33946749111,207679311,1,0
6197,33947076333,207712709,1,0
6198,33947416333,207746416,1,0
6199,33947749111,207779914,1,0
6200,33948072333,207814258,1,0
6201,33948412333,207847074,1,0
6202,33948746555,207882641,1,0
6203,33949098666,207916235,1,0
6204,33949439222,207948679,1,0
6205,33949757555,207982928,1,0
6206,33950111555,208014278,1,0
6207,33950432888,208047777,1,0
6208,33950751666,208082116,1,0
6209,33951093444,208112678,1,0
6210,33951415111,208148500,1,0
6211,33951768333,208184187,1,0
6212,33952115555,208214017,1,0
6213,33952416888,208249218,1,0
6214,33952761555,208281411,1,0
6215,33953083222,208314709,1,0
6216,33953416777,208349232,1,0
6217,33953774777,208379090,1,0
6218,33954080222,208414187,1,0
6219,33954431555,208447574,1,0
6220,33954757555,208481111,1,0
6221,33955083111,208514424,1,0
6222,33955415111,208549631,1,0
6223,33955765000,208581162,1,0
6224,33956089777,208613557,1,0
6225,33956416000,208650959,1,0
6226,33956787555,208679651,1,0
6227,33957082111,208715239,1,0
6228,33957420111,208747754,1,0
6229,33957754111,208780811,1,0
6230,33958080777,208816035,1,0
6231,33958435111,208847608,1,0
6232,33958765111,208880774,1,0
6233,33959085444,208914637,1,0
6234,33959427222,208948995,1,0
6235,33959756777,208980816,1,0
6236,33960098555,209013913,1,0
6237,33960416555,209048851,1,0
6238,33960764111,209080334,1,0
6239,33961086444,209115159,1,0
6240,33961422555,209148182,1,0
6241,33961761777,209180427,1,0
6242,33962090111,209215513,1,0
6243,33962430777,209250947,1,0
6244,33962777777,209283577,1,0
6245,33963096222,209314110,1,0
6246,33963423111,209349146,1,0
6247,33963766777,209388972,1,0
6248,33964130000,209414679,1,0
6249,33964423000,209448526,1,0
6250,33964767888,209480800,1,0
6251,33965086666,209515487,1,0
6252,33965436000,209550124,1,0
6253,33965778333,209584556,1,0
6254,33966111444,209617584,1,0
6255,33966457444,209650959,1,0
6256,33966790555,209682314,1,0
6257,33967103000,209718360,1,0
6258,33967459666,209748268,1,0
6259,33967758111,209782173,1,0
6260,33968095777,209815464,1,0
6261,33968435555,209849083,1,0
6262,33968766000,209882404,1,0
6263,33969112222,209915449,1,0
6264,33969437555,209952001,1,0
6265,33969776555,209983588,1,0
6266,33970098222,210016389,1,0
6267,33970451444,210049369,1,0
6268,33970768111,210080262,1,0
6269,33971089000,210115086,1,0
6270,33971435000,210146815,1,0
6271,33971756777,210180398,1,0
6272,33972084444,210215129,1,0
6273,33972422000,210249191,1,0
6274,33972759777,210286275,1,0
6275,33973135111,210316139,1,0
6276,33973441666,210349433,1,0
6277,33973777555,210381990,1,0
6278,33974104000,210418247,1,0
6279,33974456555,210449518,1,0
6280,33974772444,210483725,1,0
6281,33975117111,210515205,1,0
6282,33975434222,210549852,1,0
6283,33975774000,210582502,1,0
6284,33976105444,210615462,1,0
6285,33976437000,210650449,1,0
6286,33976778888,210682570,1,0
6287,33977100333,210716097,1,0
6288,33977441777,210749800,1,0
6289,33977779222,210782928,1,0
6290,33978107666,210819675,1,0
6291,33978460666,210850090,1,0
6292,33978779444,210884146,1,0
6293,33979109777,210917022,1,0
6294,33979446777,210950376,1,0
6295,33979782222,210982396,1,0
6296,33980113555,211016871,1,0
6297,33980455777,211050228,1,0
6298,33980778888,211081290,1,0
6299,33981103666,211119803,1,0
6300,33981453444,211150487,1,0
6301,33981775222,211183206,1,0
6302,33982118000,211218173,1,0
6303,33982449333,211249750,1,0
6304,33982777333,211284203,1,0
6305,33983112777,211318019,1,0
6306,33983448888,211350018,1,0
6307,33983779888,211383043,1,0
6308,33984114333,211418878,1,0
6309,33984453000,211449020,1,0
6310,33984785000,211481600,1,0
6311,33985107666,211516119,1,0
6312,33985444888,211549951,1,0
6313,33985780000,211584089,1,0
6314,33986119000,211620454,1,0
6315,33986482444,211651089,1,0
6316,33986790222,211681740,1,0
6317,33987105555,211717541,1,0
6318,33987454222,211751127,1,0
6319,33987784000,211783215,1,0
6320,33988115555,211818038,1,0
6321,33988448000,211850741,1,0
6322,33988788333,211882091,1,0
6323,33989116555,211918434,1,0
6324,33989470555,211950025,1,0
6325,33989790444,211981668,1,0
6326,33990114666,212019101,1,0
6327,33990471111,212051978,1,0
6328,33990799555,212083740,1,0
6329,33991119111,212121136,1,0
6330,33991466000,212152323,1,0
6331,33991787888,212184374,1,0
6332,33992121444,212216654,1,0
6333,33992450666,212251705,1,0
6334,33992791333,212284072,1,0
6335,33993120000,212317204,1,0
6336,33993459444,212350362,1,0
6337,33993780777,212384019,1,0
6338,33994126666,212423908,1,0
6339,33994504000,212450663,1,0
6340,33994784111,212484675,1,0
6341,33995123333,212519211,1,0
6342,33995461888,212551324,1,0
6343,33995804444,212584503,1,0
6344,33996128222,212617521,1,0
6345,33996451333,212650772,1,0
6346,33996799888,212683804,1,0
6347,33997123444,212717625,1,0
6348,33997462444,212753475,1,0
6349,33997803333,212784609,1,0
6350,33998126444,212819329,1,0
6351,33998469444,212851472,1,0
6352,33998802333,212884992,1,0
6353,33999132111,212919557,1,0
6354,33999471555,212952361,1,0
6355,33999796444,212984310,1,0
6356,34000122222,213018902,1,0
6357,34000467888,213051745,1,0
6358,34000799000,213085245,1,0
6359,34001130666,213119757,1,0
6360,34001466444,213151551,1,0
6361,34001794000,213185374,1,0
6362,34002128222,213221180,1,0
6363,34002479666,213252395,1,0
6364,34002803888,213285219,1,0
6365,34003132666,213318714,1,0
6366,34003479333,213349655,1,0
6367,34003796000,213386621,1,0
6368,34004142555,213420184,1,0
6369,34004473111,213452090,1,0
6370,34004799000,213485240,1,0
6371,34005135888,213520195,1,0
6372,34005469111,213554941,1,0
6373,34005834222,213586956,1,0
6374,34006144666,213622296,1,0
6375,34006491111,213651894,1,0
6376,34006799111,213687865,1,0
6377,34007152666,213718569,1,0
6378,34007469555,213788554,1,0
6379,34008152666,213862064,1,0
6380,34008152666,213873179,1,0
6381,34008152666,213884739,1,0
6382,34008806111,213902469,1,0
6383,34009135555,213921351,1,0
6384,34009484111,213952078,1,0
6385,34009802222,213984553,1,0
6386,34010131666,214024404,1,0
6387,34010495333,214053686,1,0
6388,34010815777,214085493,1,0
6389,34011135666,214120791,1,0
6390,34011485111,214152654,1,0
6391,34011806666,214188545,1,0
6392,34012158333,214221560,1,0
6393,34012498666,214252753,1,0
6394,34012809555,214285478,1,0
6395,34013136666,214319916,1,0
6396,34013480888,214351982,1,0
6397,34013802000,214386655,1,0
6398,34014145333,214423816,1,0
6399,34014506555,214453034,1,0
6400,34014809666,214486940,1,0
6401,34015147222,214520854,1,0
6402,34015483333,214555019,1,0
6403,34015819222,214585632,1,0
6404,34016142000,214622356,1,0
6405,34016497555,214653426,1,0
6406,34016811777,214685677,1,0
6407,34017144777,214720764,1,0
6408,34017477333,214753438,1,0
6409,34017818222,214787362,1,0
6410,34018142111,214820589,1,0
6411,34018489555,214858044,1,0
6412,34018830666,214885787,1,0
6413,34019144555,214921108,1,0
6414,34019490555,214954479,1,0
6415,34019815555,214987938,1,0
6416,34020142777,215020132,1,0
6417,34020478000,215054246,1,0
6418,34020820555,215088675,1,0
6419,34021149111,215119005,1,0
6420,34021473666,215155850,1,0
6421,34021818222,215186929,1,0
6422,34022153888,215223342,1,0
6423,34022509111,215255456,1,0
6424,34022829111,215288543,1,0
6425,34023158333,215325214,1,0
6426,34023517777,215353532,1,0
6427,34023824000,215387211,1,0
6428,34024149555,215421559,1,0
6429,34024492111,215454789,1,0
6430,34024823444,215487399,1,0
6431,34025156555,215521128,1,0
6432,34025494777,215554866,1,0
6433,34025822000,215588609,1,0
6434,34026164555,215621265,1,0
6435,34026498777,215654991,1,0
6436,34026826000,215691648,1,0
6437,34027193555,215722217,1,0
6438,34027500555,215755404,1,0
6439,34027837111,215790654,1,0
6440,34028179000,215823050,1,0
6441,34028502555,215855579,1,0
6442,34028829222,215888809,1,0
6443,34029168444,215923454,1,0
6444,34029506444,215957484,1,0
6445,34029838666,215988735,1,0
6446,34030178888,216024620,1,0
6447,34030524222,216053949,1,0
6448,34030830444,216090660,1,0
6449,34031183333,216126645,1,0
6450,34031537111,216155573,1,0
6451,34031832333,216187884,1,0
6452,34032157111,216223341,1,0
6453,34032500111,216255537,1,0
6454,34032829777,216289111,1,0
6455,34033168777,216322731,1,0
6456,34033500555,216354761,1,0
6457,34033838777,216388912,1,0
6458,34034174222,216423245,1,0
6459,34034511000,216456148,1,0
6460,34034836222,216491919,1,0
6461,34035189888,216522966,1,0
6462,34035498555,216559208,1,0
6463,34035855666,216590325,1,0
6464,34036175111,216622935,1,0
6465,34036502111,216656929,1,0
6466,34036852777,216689224,1,0
6467,34037168666,216725577,1,0
6468,34037509555,216757729,1,0
6469,34037857888,216789367,1,0
6470,34038169111,216824855,1,0
6471,34038522000,216856355,1,0
6472,34038845555,216888240,1,0
6473,34039170333,216923006,1,0
6474,34039510111,216959003,1,0
6475,34039857111,216989178,1,0
6476,34040166666,217022949,1,0
6477,34040504666,217055600,1,0
6478,34040830777,217089371,1,0
6479,34041173000,217122804,1,0
6480,34041502444,217157884,1,0
6481,34041844333,217193163,1,0
6482,34042188444,217224792,1,0
6483,34042528555,217256657,1,0
6484,34042848555,217290883,1,0
6485,34043172000,217326756,1,0
6486,34043525888,217355526,1,0
6487,34043847000,217389863,1,0
6488,34044181444,217423717,1,0
6489,34044508222,217457095,1,0
6490,34044856000,217490110,1,0
6491,34045181555,217522493,1,0
6492,34045508222,217556098,1,0
6493,34045842444,217589038,1,0
6494,34046179000,217625435,1,0
6495,34046533333,217655987,1,0
6496,34046842888,217689038,1,0
6497,34047179222,217722020,1,0
6498,34047506666,217756710,1,0
6499,34047846111,217790148,1,0
6500,34048182666,217823437,1,0
6501,34048510777,217857464,1,0
6502,34048855666,217890337,1,0
6503,34049174000,217924245,1,0
6504,34049518666,217958424,1,0
6505,34049853888,217990066,1,0
6506,34050179555,218024423,1,0
6507,34050528444,218058154,1,0
6508,34050856555,218090646,1,0
6509,34051184555,218124842,1,0
6510,34051519777,218156997,1,0
6511,34051848111,218190774,1,0
6512,34052177444,218224183,1,0
6513,34052524333,218257989,1,0
6514,34052852333,218292123,1,0
6515,34053189666,218327118,1,0
6516,34053541666,218359106,1,0
6517,34053856333,218390082,1,0
6518,34054179000,218425852,1,0
6519,34054533888,218458436,1,0
6520,34054857333,218491015,1,0
6521,34055181777,218524007,1,0
6522,34055520555,218558097,1,0
6523,34055849111,218591712,1,0
6524,34056191555,218624302,1,0
6525,34056521777,218656551,1,0
6526,34056846444,218691043,1,0
6527,34057180000,218725115,1,0
6528,34057525777,218759191,1,0
6529,34057866666,218790304,1,0
6530,34058185666,218826358,1,0
6531,34058538333,218861412,1,0
6532,34058885222,218891596,1,0
6533,34059193666,218926162,1,0
6534,34059531777,218958152,1,0
6535,34059852444,218991577,1,0
6536,34060204555,219024936,1,0
6537,34060531111,219061755,1,0
6538,34060899444,219089346,1,0
6539,34061184444,219124473,1,0
6540,34061537222,219158414,1,0
6541,34061862333,219192044,1,0
6542,34062201888,219229942,1,0
6543,34062570666,219258853,1,0
6544,34062869555,219293670,1,0
6545,34063207555,219326376,1,0
6546,34063546111,219358016,1,0
6547,34063872000,219394155,1,0
6548,34064223111,219425068,1,0
6549,34064530000,219460518,1,0
6550,34064878000,219492158,1,0
6551,34065197222,219528288,1,0
6552,34065537444,219559346,1,0
6553,34065866333,219593430,1,0
6554,34066204222,219624655,1,0
6555,34066529777,219658054,1,0
6556,34066865666,219694884,1,0
6557,34067227111,219723393,1,0
6558,34067523111,219759549,1,0
6559,34067868333,219791881,1,0
6560,34068193888,219826404,1,0
6561,34068531888,219859398,1,0
6562,34068872111,219891384,1,0
6563,34069200111,219925524,1,0
6564,34069534000,219961252,1,0
6565,34069884555,219992235,1,0
6566,34070200777,220029107,1,0
6567,34070556555,220061228,1,0
6568,34070885000,220092971,1,0
6569,34071206666,220125539,1,0
6570,34071541444,220160937,1,0
6571,34071873555,220192182,1,0
6572,34072205555,220227395,1,0
6573,34072550666,220259531,1,0
6574,34072865666,220292649,1,0
6575,34073198000,220331319,1,0
6576,34073590555,220362297,1,0
6577,34073895222,220394291,1,0
6578,34074214222,220428486,1,0
6579,34074551777,220495088,1,0
6580,34075218333,220569923,1,0
6581,34075218333,220582183,1,0
6582,34075218333,220595959,1,0
6583,34075871555,220614697,1,0
6584,34076208666,220631936,1,0
6585,34076535444,220660715,1,0
6586,34076879555,220693144,1,0
6587,34077204222,220726912,1,0
6588,34077554000,220762071,1,0
6589,34077896555,220794828,1,0
6590,34078212666,220827551,1,0
6591,34078552222,220858645,1,0
6592,34078866444,220892474,1,0
6593,34079204555,220928564,1,0
6594,34079546666,220961932,1,0
6595,34079885666,220992055,1,0
6596,34080210000,221025513,1,0
6597,34080540666,221060601,1,0
6598,34080888000,221092759,1,0
6599,34081208111,221126698,1,0
6600,34081544555,221161838,1,0
6601,34081881888,221192842,1,0
6602,34082208555,221228163,1,0
6603,34082551444,221259489,1,0
6604,34082875888,221293684,1,0
6605,34083206000,221328905,1,0
6606,34083564555,221360126,1,0
6607,34083881111,221393460,1,0
6608,34084208444,221428770,1,0
6609,34084561666,221459410,1,0
6610,34084881444,221492237,1,0
6611,34085211666,221528456,1,0
6612,34085548222,221561064,1,0
6613,34085885555,221596058,1,0
6614,34086236555,221629719,1,0
6615,34086565111,221659356,1,0
6616,34086881333,221693062,1,0
6617,34087223222,221727142,1,0
6618,34087560444,221760640,1,0
6619,34087892000,221792417,1,0
6620,34088215000,221829344,1,0
6621,34088568222,221860431,1,0
6622,34088879000,221894511,1,0
6623,34089221444,221926086,1,0
6624,34089550444,221961874,1,0
6625,34089892000,221994701,1,0
6626,34090223666,222027266,1,0
6627,34090558000,222062130,1,0
6628,34090894333,222095033,1,0
6629,34091220333,222126691,1,0
6630,34091551555,222159386,1,0
6631,34091881888,222196108,1,0
6632,34092228222,222226894,1,0
6633,34092550555,222261677,1,0
6634,34092894777,222295294,1,0
6635,34093227000,222329163,1,0
6636,34093552888,222359194,1,0
6637,34093887777,222395353,1,0
6638,34094229000,222431204,1,0
6639,34094584000,222461002,1,0
6640,34094894000,222495213,1,0
6641,34095231333,222528845,1,0
6642,34095564888,222562584,1,0
6643,34095906555,222594948,1,0
6644,34096233888,222626186,1,0
6645,34096546777,222661237,1,0
6646,34096888444,222694192,1,0
6647,34097226444,222730351,1,0
6648,34097575333,222762950,1,0
6649,34097904333,222798238,1,0
6650,34098257555,222829792,1,0
6651,34098578333,222862070,1,0
6652,34098896000,222897453,1,0
6653,34099249888,222929973,1,0
6654,34099570333,222963299,1,0
6655,34099910555,222997447,1,0
6656,34100239555,223031409,1,0
6657,34100577666,223062685,1,0
6658,34100909888,223095275,1,0
6659,34101236333,223128628,1,0
6660,34101570666,223161769,1,0
6661,34101909888,223197431,1,0
6662,34102235666,223229849,1,0
6663,34102579000,223264238,1,0
6664,34102919000,223296209,1,0
6665,34103240000,223329259,1,0
6666,34103573333,223362039,1,0
6667,34103904000,223396456,1,0
6668,34104238666,223428306,1,0
6669,34104568222,223461456,1,0
6670,34104898000,223496189,1,0
6671,34105238000,223528932,1,0
6672,34105568000,223562821,1,0
6673,34105909000,223595673,1,0
6674,34106239222,223628614,1,0
6675,34106565444,223662893,1,0
6676,34106902000,223694757,1,0
6677,34107239000,223730328,1,0
6678,34107575666,223764868,1,0
6679,34107933111,223796860,1,0
6680,34108248000,223829210,1,0
6681,34108568333,223864249,1,0
6682,34108921444,223897635,1,0
6683,34109251333,223930489,1,0
6684,34109577555,223963853,1,0
6685,34109903111,223994765,1,0
6686,34110238333,224029820,1,0
6687,34110581555,224063030,1,0
6688,34110906444,224094826,1,0
6689,34111232888,224128884,1,0
6690,34111579333,224162549,1,0
6691,34111911444,224195799,1,0
6692,34112241777,224229093,1,0
6693,34112574555,224262891,1,0
6694,34112913222,224297125,1,0
6695,34113248444,224331157,1,0
6696,34113592111,224362468,1,0
6697,34113912111,224396278,1,0
6698,34114251444,224431658,1,0
6699,34114588555,224462231,1,0
6700,34114907555,224497926,1,0
6701,34115256666,224533375,1,0
6702,34115609888,224564466,1,0
6703,34115918555,224596898,1,0
6704,34116250444,224629989,1,0
6705,34116580000,224665201,1,0
6706,34116925222,224696424,1,0
6707,34117255888,224734364,1,0
6708,34117629111,224765968,1,0
6709,34117931555,224799500,1,0
6710,34118258555,224832158,1,0
6711,34118605666,224864492,1,0
6712,34118928222,224898759,1,0
6713,34119268888,224931486,1,0
6714,34119591000,224965353,1,0
6715,34119922000,224995283,1,0
6716,34120253222,225030106,1,0
6717,34120582111,225063155,1,0
6718,34120918888,225096383,1,0
6719,34121246888,225130300,1,0
6720,34121576000,225165962,1,0
6721,34121934777,225196633,1,0
6722,34122251555,225230005,1,0
6723,34122579777,225265151,1,0
6724,34122924555,225297770,1,0
6725,34123248777,225332371,1,0
6726,34123600111,225371028,1,0
6727,34123978555,225397974,1,0
6728,34124256000,225432547,1,0
6729,34124588555,225463499,1,0
6730,34124910555,225497719,1,0
6731,34125251333,225530269,1,0
6732,34125581111,225565508,1,0
6733,34125931333,225598585,1,0
6734,34126266888,225630657,1,0
6735,34126585333,225667282,1,0
6736,34126947888,225698093,1,0
6737,34127259444,225734468,1,0
6738,34127601000,225766103,1,0
6739,34127937222,225797898,1,0
6740,34128256888,225831537,1,0
6741,34128587222,225865651,1,0
6742,34128931888,225896960,1,0
6743,34129256888,225933276,1,0
6744,34129606111,225964837,1,0
6745,34129920555,225998537,1,0
6746,34130271333,226034241,1,0
6747,34130620222,226065948,1,0
6748,34130932222,226097632,1,0
6749,34131257000,226131618,1,0
6750,34131597000,226165957,1,0
6751,34131939333,226199336,1,0
6752,34132263222,226233014,1,0
6753,34132608666,226265590,1,0
6754,34132929222,226298376,1,0
6755,34133256444,226331546,1,0
6756,34133596333,226365391,1,0
6757,34133928000,226398657,1,0
6758,34134261000,226431853,1,0
6759,34134597333,226465717,1,0
6760,34134936888,226498897,1,0
6761,34135266777,226532870,1,0
6762,34135603000,226566516,1,0
6763,34135939555,226598819,1,0
6764,34136258666,226636907,1,0
6765,34136634111,226664850,1,0
6766,34136925888,226698078,1,0
6767,34137256888,226730956,1,0
6768,34137588666,226764833,1,0
6769,34137926444,226801754,1,0
6770,34138277444,226832703,1,0
6771,34138604666,226868798,1,0
6772,34138963555,226898327,1,0
6773,34139267777,226932035,1,0
6774,34139601333,226964770,1,0
6775,34139935666,226999283,1,0
6776,34140267111,227031877,1,0
6777,34140606333,227068061,1,0
6778,34140944444,227098211,1,0
6779,34141263666,227133413,1,0
6780,34141614555,227167751,1,0
6781,34141955888,227199910,1,0
6782,34142276000,227233408,1,0
6783,34142606333,227267836,1,0
6784,34142957444,227302179,1,0
6785,34143266888,227330876,1,0
6786,34143599333,227366061,1,0
6787,34143948444,227400277,1,0
6788,34144286111,227433041,1,0
6789,34144609333,227466921,1,0
6790,34144944000,227499011,1,0
6791,34145274777,227531320,1,0
6792,34145607333,227565246,1,0
6793,34145947777,227598108,1,0
6794,34146273777,227632385,1,0
6795,34146611666,227668206,1,0
6796,34146963000,227702629,1,0
6797,34147283111,227732177,1,0
6798,34147610888,227769489,1,0
6799,34147973333,227798900,1,0
6800,34148273888,227833975,1,0
6801,34148619000,227866870,1,0
6802,34148947000,227900443,1,0
6803,34149280666,227935164,1,0
6804,34149621555,227967325,1,0
6805,34149950888,227999762,1,0
6806,34150272000,228033249,1,0
6807,34150614666,228067322,1,0
6808,34150954111,228102462,1,0
6809,34151295888,228136153,1,0
6810,34151638000,228166291,1,0
6811,34151939000,228200224,1,0
6812,34152280222,228233576,1,0
6813,34152610777,228266423,1,0
6814,34152945000,228299594,1,0
6815,34153274222,228335374,1,0
6816,34153636555,228366705,1,0
6817,34153950555,228400912,1,0
6818,34154284111,228436517,1,0
6819,34154641222,228466801,1,0
6820,34154955666,228500236,1,0
6821,34155278555,228538793,1,0
6822,34155659444,228567444,1,0
6823,34155959111,228600696,1,0
6824,34156283888,228635544,1,0
6825,34156632222,228668348,1,0
6826,34156953888,228701189,1,0
6827,34157286111,228739878,1,0
6828,34157664333,228768619,1,0
6829,34157963222,228803692,1,0
6830,34158310444,228833691,1,0
6831,34158618000,228870016,1,0
6832,34158966444,228902971,1,0
6833,34159287555,228937368,1,0
6834,34159635555,228968027,1,0
6835,34159957444,229001355,1,0
6836,34160295555,229034487,1,0
6837,34160623999,229068642,1,0
6838,34160965444,229103098,1,0
6839,34161306666,229136143,1,0
6840,34161627222,229168937,1,0
6841,34161966111,229202846,1,0
6842,34162302333,229234698,1,0
6843,34162634000,229269593,1,0
6844,34162961666,229301937,1,0
6845,34163299666,229335115,1,0
6846,34163623777,229367898,1,0
6847,34163970666,229402628,1,0
6848,34164306888,229434063,1,0
6849,34164618333,229468305,1,0
6850,34164962555,229501351,1,0
6851,34165295888,229537854,1,0
6852,34165622666,229569483,1,0
6853,34165967222,229604329,1,0
6854,34166322666,229637002,1,0
6855,34166632666,229668873,1,0
6856,34166978666,229701700,1,0
6857,34167297555,229734643,1,0
6858,34167634666,229770902,1,0
6859,34167974888,229801979,1,0
6860,34168296888,229838438,1,0
6861,34168651555,229869158,1,0
6862,34168968777,229900884,1,0
6863,34169289000,229934907,1,0
6864,34169625555,229967548,1,0
6865,34169954222,230002039,1,0
6866,34170298222,230035373,1,0
6867,34170634111,230068022,1,0
6868,34170969555,230102923,1,0
6869,34171300111,230135236,1,0
6870,34171631555,230171139,1,0
6871,34171986777,230208520,1,0
6872,34172361777,230234948,1,0
6873,34172631444,230271102,1,0
6874,34172977888,230301233,1,0
6875,34173292666,230335969,1,0
6876,34173644000,230370761,1,0
6877,34173984999,230403386,1,0
6878,34174303222,230434774,1,0
6879,34174631333,230470897,1,0
6880,34174983555,230502928,1,0
6881,34175298111,230536208,1,0
6882,34175636666,230570197,1,0
6883,34175979555,230602327,1,0
6884,34176302222,230636912,1,0
6885,34176642000,230671611,1,0
6886,34176977666,230702578,1,0
6887,34177309555,230737183,1,0
6888,34177646444,230770873,1,0
6889,34177986666,230803149,1,0
6890,34178304555,230837489,1,0
6891,34178644888,230870390,1,0
6892,34178977333,230904060,1,0
6893,34179314000,230937616,1,0
6894,34179645555,230971083,1,0
6895,34179971444,231003188,1,0
6896,34180300333,231036089,1,0
6897,34180633111,231070935,1,0
6898,34180993666,231105351,1,0
6899,34181317888,231138237,1,0
6900,34181658333,231172133,1,0
6901,34182004888,231204538,1,0
6902,34182323444,231238783,1,0
6903,34182655777,231271300,1,0
6904,34182992555,231304325,1,0
6905,34183320444,231337222,1,0
6906,34183659444,231371149,1,0
6907,34184002000,231403305,1,0
6908,34184314555,231436550,1,0
6909,34184641555,231470374,1,0
6910,34184989666,231502501,1,0
6911,34185306999,231536398,1,0
6912,34185649111,231570299,1,0
6913,34185986888,231603109,1,0
6914,34186311444,231638355,1,0
6915,34186655888,231675916,1,0
6916,34187039000,231702389,1,0
6917,34187302111,231737448,1,0
6918,34187655555,231771629,1,0
6919,34187996555,231802586,1,0
6920,34188307444,231837951,1,0
6921,34188654555,231872794,1,0
6922,34188991555,231905718,1,0
6923,34189326444,231938958,1,0
6924,34189671000,231970608,1,0
6925,34189981444,232004475,1,0
6926,34190321555,232038476,1,0
6927,34190661555,232071445,1,0
6928,34190997444,232103458,1,0
6929,34191319333,232140222,1,0
6930,34191682444,232172300,1,0
6931,34192004777,232239360,1,0
6932,34192669000,232323957,1,0
6933,34192669000,232336001,1,0
6934,34192669000,232348334,1,0
6935,34193375777,232364924,1,0
6936,34193647777,232383582,1,0
6937,34193991111,232405404,1,0
6938,34194332111,232437448,1,0
6939,34194653000,232470505,1,0
6940,34194982111,232503927,1,0
6941,34195327666,232538313,1,0
6942,34195665222,232569777,1,0
6943,34195988111,232609823,1,0
6944,34196364555,232638073,1,0
6945,34196672333,232672267,1,0
6946,34197005333,232705279,1,0
6947,34197330000,232738764,1,0
6948,34197668333,232772399,1,0
6949,34198006555,232804364,1,0
6950,34198325888,232841535,1,0
6951,34198696555,232871782,1,0
6952,34198994444,232905963,1,0
6953,34199332666,232941060,1,0
6954,34199692000,232971347,1,0
6955,34199989999,233004723,1,0
6956,34200326111,233037630,1,0
6957,34200659444,233072195,1,0
6958,34201000777,233103875,1,0
6959,34201320000,233138267,1,0
6960,34201671888,233171149,1,0
6961,34202002444,233206755,1,0
6962,34202345000,233241849,1,0
6963,34202692222,233273387,1,0
6964,34203006555,233305683,1,0
6965,34203343000,233339846,1,0
6966,34203678222,233372553,1,0
6967,34204003666,233406273,1,0
6968,34204334888,233439037,1,0
6969,34204669111,233471450,1,0
6970,34204997000,233505627,1,0
6971,34205335000,233543093,1,0
6972,34205695111,233578665,1,0
6973,34206061333,233605361,1,0
6974,34206329444,233639358,1,0
6975,34206675555,233672869,1,0
6976,34207012333,233704868,1,0
6977,34207329444,233740261,1,0
6978,34207675777,233773404,1,0
6979,34208011555,233806426,1,0
6980,34208337555,233839538,1,0
6981,34208669888,233872345,1,0
6982,34209006333,233906842,1,0
6983,34209347111,233942264,1,0
6984,34209674000,233974107,1,0
6985,34210015111,234008357,1,0
6986,34210364444,234038925,1,0
6987,34210672555,234071753,1,0
6988,34211009777,234105797,1,0
6989,34211340777,234139718,1,0
6990,34211672777,234172475,1,0
6991,34212010111,234208197,1,0
6992,34212360666,234239932,1,0
6993,34212669777,234273565,1,0
6994,34213014444,234306273,1,0
6995,34213347777,234340926,1,0
6996,34213678777,234374129,1,0
6997,34214019888,234407751,1,0
6998,34214351555,234441335,1,0
6999,34214690888,234475789,1,0
7000,34215022666,234507743,1,0
7001,34215349000,234540917,1,0
7002,34215678888,234576261,1,0
7003,34216036888,234606941,1,0
7004,34216351777,234639852,1,0
7005,34216680111,234674414,1,0
7006,34217019777,234707825,1,0
7007,34217350777,234740249,1,0
7008,34217686666,234774503,1,0
7009,34218021111,234805862,1,0
7010,34218337888,234841246,1,0
7011,34218688222,234873079,1,0
7012,34219009000,234907555,1,0
7013,34219348555,234942039,1,0
7014,34219691555,234975069,1,0
7015,34220018555,235006798,1,0
7016,34220344111,235041401,1,0
7017,34220699666,235076710,1,0
7018,34221041777,235107571,1,0
7019,34221356555,235141340,1,0
7020,34221699444,235177854,1,0
7021,34222041888,235206663,1,0
7022,34222349888,235242318,1,0
7023,34222700888,235274651,1,0
7024,34223020777,235309132,1,0
7025,34223349444,235341607,1,0
7026,34223701444,235374749,1,0
7027,34224027222,235409499,1,0
7028,34224354000,235442367,1,0
7029,34224701555,235475305,1,0
7030,34225024444,235513096,1,0
7031,34225402555,235549708,1,0
7032,34225770666,235578008,1,0
7033,34226035888,235612617,1,0
7034,34226394444,235646045,1,0
7035,34226724000,235674894,1,0
7036,34227034333,235708894,1,0
7037,34227366555,235744234,1,0
7038,34227718222,235777018,1,0
7039,34228038888,235810695,1,0
7040,34228380000,235844211,1,0
7041,34228708777,235877349,1,0
7042,34229037777,235908066,1,0
7043,34229362111,235941815,1,0
7044,34229701888,235976688,1,0
7045,34230042555,236009211,1,0
7046,34230381888,236051226,1,0
7047,34230792222,236076648,1,0
7048,34231059111,236109072,1,0
7049,34231373222,236143504,1,0
7050,34231722111,236178174,1,0
7051,34232051444,236208673,1,0
7052,34232373444,236242325,1,0
7053,34232699222,236275119,1,0
7054,34233039333,236309203,1,0
7055,34233379777,236339920,1,0
7056,34233697666,236373745,1,0
7057,34234048777,236408474,1,0
7058,34234378111,236440429,1,0
7059,34234716444,236476706,1,0
7060,34235061333,236507326,1,0
7061,34235375555,236539689,1,0
7062,34235704888,236578297,1,0
7063,34236068777,236607609,1,0
7064,34236366444,236640091,1,0
7065,34236698222,236674046,1,0
7066,34237048222,236706400,1,0
7067,34237362888,236741288,1,0
7068,34237701888,236775694,1,0
7069,34238046444,236810540,1,0
7070,34238374111,236840608,1,0
7071,34238708666,236874355,1,0
7072,34239034555,236915156,1,0
7073,34239439000,236941208,1,0
7074,34239711111,236975215,1,0
7075,34240047333,237007130,1,0
7076,34240370888,237043028,1,0
7077,34240719333,237074853,1,0
7078,34241042888,237110074,1,0
7079,34241377555,237147351,1,0
7080,34241746444,237175714,1,0
7081,34242039000,237209200,1,0
7082,34242365444,237246248,1,0
7083,34242735555,237278503,1,0
7084,34243056333,237309487,1,0
7085,34243375111,237343671,1,0
7086,34243721777,237376483,1,0
7087,34244049333,237408258,1,0
7088,34244381222,237442119,1,0
7089,34244708333,237475105,1,0
7090,34245051333,237511300,1,0
7091,34245381333,237543865,1,0
7092,34245724666,237580339,1,0
