frame_index,source_timestamp_100ns,callback_elapsed_us,keyframe,discontinuity
0,261814949000,967112,1,0
1,261815303777,980918,1,0
2,261817680000,992438,1,0
3,261818035666,1008290,1,0
4,261818396444,1022798,1,0
5,261818696777,1040827,1,0
6,261819019333,1061744,1,0
7,261819346111,1081125,1,0
8,261819678777,1093895,1,0
9,261820015444,1106502,1,0
10,261820406555,1120233,1,0
11,261820699666,1151121,1,0
12,261821015000,1186371,1,0
13,261821366444,1216053,1,0
14,261821668555,1249778,1,0
15,261821997111,1286824,1,0
16,261822350666,1318200,1,0
17,261822682888,1351377,1,0
18,261823023222,1382978,1,0
19,261823350333,1417138,1,0
20,261823686777,1453409,1,0
21,261824023888,1482702,1,0
22,261824349111,1516492,1,0
23,261824687111,1551574,1,0
24,261825029000,1583019,1,0
25,261825354000,1616930,1,0
26,261825681111,1648213,1,0
27,261826006444,1683864,1,0
28,261826350222,1716733,1,0
29,261826684000,1749450,1,0
30,261827014111,1782694,1,0
31,261827345111,1818756,1,0
32,261827693888,1850854,1,0
33,261828028444,1883552,1,0
34,261828349333,1917365,1,0
35,261828682111,1950018,1,0
36,261829009777,1983244,1,0
37,261829352777,2017214,1,0
38,261829691333,2049444,1,0
39,261830015222,2085077,1,0
40,261830363555,2116134,1,0
41,261830684666,2150298,1,0
42,261831017666,2185795,1,0
43,261831343666,2217826,1,0
44,261831689222,2250872,1,0
45,261832020666,2283568,1,0
46,261832350777,2319146,1,0
47,261832710111,2354461,1,0
48,261833068000,2384298,1,0
49,261833364888,2418543,1,0
50,261833706111,2449516,1,0
51,261834015888,2483244,1,0
52,261834353333,2517562,1,0
53,261834700666,2548884,1,0
54,261835014777,2583926,1,0
55,261835361666,2616344,1,0
56,261835684000,2650611,1,0
57,261836025999,2682922,1,0
58,261836359000,2715983,1,0
59,261836681444,2748652,1,0
60,261837016222,2785969,1,0
61,261837388111,2815607,1,0
62,261837687111,2855419,1,0
63,261838081333,2882787,1,0
64,261838356666,2916225,1,0
65,261838691666,2953176,1,0
66,261839052444,2986194,1,0
67,261839391222,3016270,1,0
68,261839690666,3050650,1,0
69,261840039555,3084002,1,0
70,261840365333,3117089,1,0
71,261840700777,3153682,1,0
72,261841059666,3185273,1,0
73,261841381888,3220105,1,0
74,261841715333,3252697,1,0
75,261842057888,3285694,1,0
76,261842377111,3318632,1,0
77,261842708666,3351405,1,0
78,261843045111,3383744,1,0
79,261843362222,3417422,1,0
80,261843698222,3452435,1,0
81,261844037555,3484598,1,0
82,261844374666,3517599,1,0
83,261844705444,3550916,1,0
84,261845033222,3586598,1,0
85,261845390666,3619061,1,0
86,261845717666,3651324,1,0
87,261846044000,3683990,1,0
88,261846370222,3716836,1,0
89,261846694888,3750862,1,0
90,261847036333,3784751,1,0
91,261847366444,3817836,1,0
92,261847700777,3852866,1,0
93,261848041111,3884022,1,0
94,261848371111,3917768,1,0
95,261848704666,3951868,1,0
96,261849039000,3986116,1,0
97,261849392777,4018202,1,0
98,261849710333,4051997,1,0
99,261850042777,4083488,1,0
100,261850366555,4117599,1,0
101,261850702666,4151902,1,0
102,261851045444,4185268,1,0
103,261851379555,4219705,1,0
104,261851700222,4251713,1,0
105,261852036000,4287198,1,0
106,261852379777,4320288,1,0
107,261852716000,4356156,1,0
108,261853087111,4384776,1,0
109,261853371555,4418153,1,0
110,261853707111,4456860,1,0
111,261854098000,4486112,1,0
112,261854383333,4520844,1,0
113,261854737444,4553728,1,0
114,261855060000,4587854,1,0
115,261855407111,4622593,1,0
116,261855752666,4653292,1,0
117,261856060444,4686459,1,0
118,261856393111,4721788,1,0
119,261856744666,4754772,1,0
120,261857072888,4788087,1,0
121,261857403888,4821982,1,0
122,261857749777,4856649,1,0
123,261858086222,4886175,1,0
124,261858388111,4919469,1,0
125,261858726666,4952401,1,0
126,261859050111,4986544,1,0
127,261859392111,5019850,1,0
128,261859729222,5052294,1,0
129,261860048555,5086317,1,0
130,261860393444,5119932,1,0
131,261860729555,5153216,1,0
132,261861061111,5186162,1,0
133,261861387111,5221935,1,0
134,261861746333,5252502,1,0
135,261862053333,5288269,1,0
136,261862414666,5319915,1,0
137,261862724555,5352167,1,0
138,261863052666,5389165,1,0
139,261863419555,5422147,1,0
140,261863745111,5453402,1,0
141,261864060111,5489185,1,0
142,261864425444,5520806,1,0
143,261864735666,5552577,1,0
144,261865056555,5586821,1,0
145,261865398666,5618812,1,0
146,261865716555,5653833,1,0
147,261866059666,5686235,1,0
148,261866393222,5718943,1,0
149,261866716000,5753209,1,0
150,261867058000,5785231,1,0
151,261867382222,5818197,1,0
152,261867713000,5855308,1,0
153,261868077111,5886823,1,0
154,261868390777,5919015,1,0
155,261868720555,5955532,1,0
156,261869080666,5986227,1,0
157,261869389666,6022645,1,0
158,261869750555,6052922,1,0
159,261870051222,6086758,1,0
160,261870389000,6121040,1,0
161,261870728666,6155431,1,0
162,261871081000,6187096,1,0
163,261871399333,6220943,1,0
164,261871734000,6252676,1,0
165,261872053888,6287289,1,0
166,261872390666,6323440,1,0
167,261872763888,6353692,1,0
168,261873061555,6389503,1,0
169,261873427222,6420006,1,0
170,261873727666,6453008,1,0
171,261874056111,6487332,1,0
172,261874400111,6520072,1,0
173,261874730888,6552974,1,0
174,261875056444,6588888,1,0
175,261875408888,6621239,1,0
176,261875741555,6653998,1,0
177,261876069111,6688379,1,0
178,261876411333,6720475,1,0
179,261876730111,6755672,1,0
180,261877080222,6790986,1,0
181,261877438777,6821147,1,0
182,261877732000,6857443,1,0
183,261878091000,6891740,1,0
184,261878437777,6923614,1,0
185,261878758888,6954659,1,0
186,261879072666,6991074,1,0
187,261879432666,7020048,1,0
188,261879728444,7056387,1,0
189,261880082777,7087448,1,0
190,261880395333,7122412,1,0
191,261880753666,7154852,1,0
192,261881073222,7187763,1,0
193,261881407555,7220646,1,0
194,261881733555,7254146,1,0
195,261882072444,7289261,1,0
196,261882400555,7324859,1,0
197,261882772666,7354455,1,0
198,261883069666,7388059,1,0
199,261883408555,7421354,1,0
200,261883734000,7454820,1,0
201,261884074666,7487412,1,0
202,261884403555,7523331,1,0
203,261884747555,7554636,1,0
204,261885072222,7591611,1,0
205,261885441666,7621289,1,0
206,261885743222,7656538,1,0
207,261886093111,7688711,1,0
208,261886418666,7721272,1,0
209,261886743000,7754942,1,0
210,261887076000,7788018,1,0
211,261887406222,7821842,1,0
212,261887744666,7859108,1,0
213,261888121777,7889001,1,0
214,261888416000,7922087,1,0
215,261888750111,7956914,1,0
216,261889093666,7990067,1,0
217,261889427555,8029530,1,0
218,261889819555,8055099,1,0
219,261890077666,8088384,1,0
220,261890412666,8125229,1,0
221,261890782111,8156936,1,0
222,261891085111,8188036,1,0
223,261891410222,8222951,1,0
224,261891753777,8255748,1,0
225,261892083333,8290279,1,0
226,261892423111,8322251,1,0
227,261892750222,8355955,1,0
228,261893085666,8388487,1,0
229,261893414555,8421339,1,0
230,261893744111,8455220,1,0
231,261894077666,8489507,1,0
232,261894425888,8522554,1,0
233,261894753222,8557347,1,0
234,261895103666,8590949,1,0
235,261895438666,8623716,1,0
236,261895765222,8656458,1,0
237,261896093888,8689880,1,0
238,261896422555,8723072,1,0
239,261896758111,8757550,1,0
240,261897101666,8791014,1,0
241,261897438888,8823291,1,0
242,261897762777,8857102,1,0
243,261898097888,8889383,1,0
244,261898423444,8924332,1,0
245,261898763444,8958029,1,0
246,261899108555,8989210,1,0
247,261899418111,9022381,1,0
248,261899750111,9058446,1,0
249,261900108888,9091946,1,0
250,261900434666,9123992,1,0
251,261900766111,9158706,1,0
252,261901105888,9190451,1,0
253,261901429555,9225464,1,0
254,261901781222,9259072,1,0
255,261902111444,9292733,1,0
256,261902444000,9325389,1,0
257,261902778222,9358587,1,0
258,261903107555,9391298,1,0
259,261903430555,9425149,1,0
260,261903782222,9457646,1,0
261,261904100333,9489874,1,0
262,261904428777,9522788,1,0
263,261904758888,9555457,1,0
264,261905085000,9590556,1,0
265,261905433777,9627272,1,0
266,261905791666,9658651,1,0
267,261906112222,9691657,1,0
268,261906446111,9725019,1,0
269,261906782111,9756330,1,0
270,261907091333,9791305,1,0
271,261907442111,9826510,1,0
272,261907788111,9859210,1,0
273,261908114666,9893171,1,0
274,261908445666,9924278,1,0
275,261908773444,9957042,1,0
276,261909102666,9991515,1,0
277,261909446111,10023583,1,0
278,261909766222,10057326,1,0
279,261910100888,10094084,1,0
280,261910454000,10127184,1,0
281,261910799111,10157465,1,0
282,261911104000,10191213,1,0
283,261911438444,10223474,1,0
284,261911764000,10256889,1,0
285,261912100555,10290182,1,0
286,261912433111,10324421,1,0
287,261912758888,10358672,1,0
288,261913110222,10393280,1,0
289,261913461222,10425931,1,0
290,261913784666,10456768,1,0
291,261914097666,10491521,1,0
292,261914443111,10523871,1,0
293,261914769555,10557344,1,0
294,261915101000,10590905,1,0
295,261915440222,10624031,1,0
296,261915767555,10657653,1,0
297,261916104777,10689894,1,0
298,261916424777,10724354,1,0
299,261916769555,10757425,1,0
300,261917105333,10791666,1,0
301,261917435111,10825248,1,0
302,261917779000,10857327,1,0
303,261918099333,10892006,1,0
304,261918448111,10925449,1,0
305,261918783555,10960419,1,0
306,261919126000,10993727,1,0
307,261919452111,11027656,1,0
308,261919802666,11057796,1,0
309,261920105555,11090998,1,0
310,261920435555,11124850,1,0
311,261920775000,11159485,1,0
312,261921110555,11191201,1,0
313,261921443111,11224120,1,0
314,261921770333,11259779,1,0
315,261922113666,11292370,1,0
316,261922454555,11324316,1,0
317,261922773444,11359344,1,0
318,261923104000,11395815,1,0
319,261923477666,11426080,1,0
320,261923789555,11463041,1,0
321,261924118111,11495701,1,0
322,261924478333,11525806,1,0
323,261924783666,11563339,1,0
324,261925161333,11593997,1,0
325,261925452666,11624985,1,0
326,261925775888,11660740,1,0
327,261926124666,11692476,1,0
328,261926446333,11725858,1,0
329,261926777111,11759439,1,0
330,261927123777,11792627,1,0
331,261927455444,11826831,1,0
332,261927793777,11859471,1,0
333,261928123333,11893378,1,0
334,261928458888,11928759,1,0
335,261928816666,11959255,1,0
336,261929117111,11992324,1,0
337,261929448666,12027811,1,0
338,261929802777,12058585,1,0
339,261930114111,12093332,1,0
340,261930455000,12125133,1,0
341,261930782111,12158680,1,0
342,261931114333,12193123,1,0
343,261931455222,12226447,1,0
344,261931793555,12259124,1,0
345,261932123444,12292373,1,0
346,261932455333,12325474,1,0
347,261932783444,12359546,1,0
348,261933120000,12398209,1,0
349,261933510222,12426220,1,0
350,261933788111,12465974,1,0
351,261934146777,12493863,1,0
352,261934470222,12525562,1,0
353,261934783222,12559036,1,0
354,261935118444,12594343,1,0
355,261935461111,12626616,1,0
356,261935796444,12660678,1,0
357,261936124000,12693895,1,0
358,261936469555,12729599,1,0
359,261936786000,12759795,1,0
360,261937123666,12793407,1,0
361,261937461333,12827873,1,0
362,261937808888,12860331,1,0
363,261938125666,12894345,1,0
364,261938462111,12928563,1,0
365,261938794000,12966656,1,0
366,261939161555,12995919,1,0
367,261939460333,13026538,1,0
368,261939788777,13059762,1,0
369,261940123111,13093415,1,0
370,261940464111,13127927,1,0
371,261940802555,13161930,1,0
372,261941132555,13193234,1,0
373,261941460111,13226625,1,0
374,261941794000,13259942,1,0
375,261942128333,13303367,1,0
376,261942558444,13326358,1,0
377,261942792777,13362100,1,0
378,261943145111,13394961,1,0
379,261943477222,13427038,1,0
380,261943797666,13466081,1,0
381,261944141555,13496887,1,0
382,261944496333,13527255,1,0
383,261944801888,13563127,1,0
384,261945157111,13596014,1,0
385,261945480111,13626594,1,0
386,261945795111,13660700,1,0
387,261946134111,13694966,1,0
388,261946478333,13729485,1,0
389,261946820222,13761984,1,0
390,261947142777,13795239,1,0
391,261947480444,13828747,1,0
392,261947801111,13859449,1,0
393,261948122222,13893444,1,0
394,261948459111,13927437,1,0
395,261948797888,13961510,1,0
396,261949142111,13996443,1,0
397,261949482777,14028465,1,0
398,261949810666,14061457,1,0
399,261950132111,14094925,1,0
400,261950478444,14129188,1,0
401,261950822333,14161130,1,0
402,261951139333,14195311,1,0
403,261951481666,14230303,1,0
404,261951829666,14261137,1,0
405,261952140777,14296381,1,0
406,261952481000,14328326,1,0
407,261952804555,14360786,1,0
408,261953136111,14395169,1,0
409,261953480222,14427823,1,0
410,261953805888,14461645,1,0
411,261954142555,14496119,1,0
412,261954486333,14528509,1,0
413,261954808777,14565137,1,0
414,261955179222,14595576,1,0
415,261955483777,14627432,1,0
416,261955803222,14663061,1,0
417,261956153111,14695223,1,0
418,261956484666,14727808,1,0
419,261956810555,14767019,1,0
420,261957192222,14798579,1,0
421,261957513333,14829454,1,0
422,261957823444,14861896,1,0
423,261958144444,14895419,1,0
424,261958482777,14929344,1,0
425,261958823555,14962014,1,0
426,261959145888,14995880,1,0
427,261959483111,15028400,1,0
428,261959810111,15063483,1,0
429,261960160222,15096964,1,0
430,261960494000,15132888,1,0
431,261960842000,15163549,1,0
432,261961164333,15195574,1,0
433,261961485111,15229726,1,0
434,261961817000,15262271,1,0
435,261962152000,15295148,1,0
436,261962479000,15332226,1,0
437,261962852555,15361913,1,0
438,261963150555,15399611,1,0
439,261963525888,15430231,1,0
440,261963824555,15464044,1,0
441,261964159666,15496338,1,0
442,261964487444,15528901,1,0
443,261964817111,15563259,1,0
444,261965163111,15599029,1,0
445,261965517000,15629525,1,0
446,261965823222,15661998,1,0
447,261966148555,15699029,1,0
448,261966502333,15728832,1,0
449,261966816000,15762707,1,0
450,261967153555,15796647,1,0
451,261967491333,15828730,1,0
452,261967815111,15863387,1,0
453,261968161333,15897567,1,0
454,261968495111,15930676,1,0
455,261968829555,15962524,1,0
456,261969155111,15999129,1,0
457,261969522555,16028815,1,0
458,261969815777,16062219,1,0
459,261970150555,16097555,1,0
460,261970506000,16130499,1,0
461,261970829555,16163897,1,0
462,261971160888,16197929,1,0
463,261971501000,16232777,1,0
464,261971830999,16265380,1,0
465,261972175444,16296074,1,0
466,261972487222,16329769,1,0
467,261972821000,16365547,1,0
468,261973167555,16398173,1,0
469,261973502888,16430622,1,0
470,261973823333,16464041,1,0
471,261974162111,16496962,1,0
472,261974493000,16534321,1,0
473,261974866555,16563530,1,0
474,261975163222,16602168,1,0
475,261975550666,16631411,1,0
476,261975839666,16666477,1,0
477,261976191222,16698759,1,0
478,261976519555,16729740,1,0
479,261976826555,16765985,1,0
480,261977178666,16796790,1,0
481,261977497555,16829861,1,0
482,261977827555,16864299,1,0
483,261978165888,16896554,1,0
484,261978489666,16932349,1,0
485,261978850111,16965587,1,0
486,261979186555,17000288,1,0
487,261979522111,17032119,1,0
488,261979848888,17064029,1,0
489,261980169555,17097586,1,0
490,261980500000,17132139,1,0
491,261980841111,17163401,1,0
492,261981163222,17198713,1,0
493,261981500000,17232796,1,0
494,261981854555,17264782,1,0
495,261982178111,17298487,1,0
496,261982515222,17334159,1,0
497,261982859666,17365042,1,0
498,261983176444,17399069,1,0
499,261983516555,17431650,1,0
500,261983845333,17464953,1,0
501,261984173666,17501316,1,0
502,261984543333,17531718,1,0
503,261984844555,17569042,1,0
504,261985215222,17598414,1,0
505,261985514555,17630657,1,0
506,261985834555,17664224,1,0
507,261986170888,17698707,1,0
508,261986509555,17731011,1,0
509,261986836777,17765513,1,0
510,261987182111,17798135,1,0
511,261987506333,17836319,1,0
512,261987890111,17865778,1,0
513,261988185333,17898414,1,0
514,261988511888,17932280,1,0
515,261988849111,17964650,1,0
516,261989170555,17998609,1,0
517,261989515888,18031924,1,0
518,261989844666,18066026,1,0
519,261990189888,18099680,1,0
520,261990526111,18132880,1,0
521,261990857666,18165547,1,0
522,261991183111,18201370,1,0
523,261991537888,18232475,1,0
524,261991856555,18268517,1,0
525,261992202111,18298373,1,0
526,261992514666,18331358,1,0
527,261992845666,18367712,1,0
528,261993203222,18400146,1,0
529,261993532111,18435550,1,0
530,261993885555,18464224,1,0
531,261994175333,18498775,1,0
532,261994513111,18533716,1,0
533,261994859222,18568115,1,0
534,261995208777,18599803,1,0
535,261995523888,18632501,1,0
536,261995850444,18666738,1,0
537,261996193333,18699999,1,0
538,261996526333,18733546,1,0
539,261996858888,18767295,1,0
540,261997197555,18799467,1,0
541,261997523333,18835162,1,0
542,261997872111,18866773,1,0
543,261998189666,18904025,1,0
544,261998550777,18933459,1,0
545,261998862000,18967648,1,0
546,261999203555,18999416,1,0
547,261999522555,19032622,1,0
548,261999854555,19067024,1,0
549,262000195222,19100117,1,0
550,262000528222,19134345,1,0
551,262000872444,19165722,1,0
552,262001186222,19201935,1,0
553,262001543888,19233120,1,0
554,262001855444,19269930,1,0
555,262002224555,19299205,1,0
556,262002520000,19332739,1,0
557,262002851000,19366784,1,0
558,262003195777,19400148,1,0
559,262003532555,19434746,1,0
560,262003871000,19466810,1,0
561,262004196000,19500492,1,0
562,262004530222,19535033,1,0
563,262004880111,19566666,1,0
564,262005188000,19601186,1,0
565,262005539000,19634338,1,0
566,262005874444,19666038,1,0
567,262006186111,19699647,1,0
568,262006526444,19733227,1,0
569,262006860444,19766131,1,0
570,262007190555,19802292,1,0
571,262007544111,19836751,1,0
572,262007892111,19866746,1,0
573,262008194555,19900141,1,0
574,262008525000,19933285,1,0
575,262008862111,19966224,1,0
576,262009192111,20002011,1,0
577,262009548000,20035693,1,0
578,262009880000,20066806,1,0
579,262010193555,20100007,1,0
580,262010527888,20137191,1,0
581,262010897444,20167808,1,0
582,262011194666,20199724,1,0
583,262011526333,20234654,1,0
584,262011874777,20267194,1,0
585,262012198111,20300456,1,0
586,262012534555,20335226,1,0
587,262012877777,20366629,1,0
588,262013192333,20401259,1,0
589,262013544000,20433857,1,0
590,262013862777,20466647,1,0
591,262014198111,20503000,1,0
592,262014558888,20534664,1,0
593,262014875000,20567082,1,0
594,262015195666,20603657,1,0
595,262015562888,20634634,1,0
596,262015868777,20669059,1,0
597,262016215888,20701182,1,0
598,262016541333,20734243,1,0
599,262016868222,20767154,1,0
600,262017201222,20803354,1,0
601,262017563000,20839242,1,0
602,262017887444,20870885,1,0
603,262018235666,20903019,1,0
604,262018552111,20935008,1,0
605,262018875888,20969702,1,0
606,262019218555,21003030,1,0
607,262019546555,21034893,1,0
608,262019868666,21071400,1,0
609,262020232000,21102390,1,0
610,262020550666,21135170,1,0
611,262020884000,21171237,1,0
612,262021227111,21202583,1,0
613,262021549111,21234990,1,0
614,262021875111,21271913,1,0
615,262022245888,21303715,1,0
616,262022562000,21336266,1,0
617,262022891000,21369825,1,0
618,262023228000,21402678,1,0
619,262023554666,21435330,1,0
620,262023884555,21468628,1,0
621,262024219111,21502100,1,0
622,262024552000,21536008,1,0
623,262024886333,21569065,1,0
624,262025220000,21602307,1,0
625,262025553888,21635198,1,0
626,262025878000,21669552,1,0
627,262026226111,21708414,1,0
628,262026612000,21736222,1,0
629,262026891000,21769724,1,0
630,262027218000,21804182,1,0
631,262027572000,21837005,1,0
632,262027895000,21870063,1,0
633,262028229555,21904296,1,0
634,262028561000,21937749,1,0
635,262028890666,21969829,1,0
636,262029228000,22003242,1,0
637,262029558444,22036423,1,0
638,262029890888,22068972,1,0
639,262030216333,22102462,1,0
640,262030553888,22138992,1,0
641,262030903111,22169428,1,0
642,262031223777,22203760,1,0
643,262031567000,22235790,1,0
644,262031882555,22270380,1,0
645,262032233333,22304854,1,0
646,262032575444,22336544,1,0
647,262032892111,22370002,1,0
648,262033227777,22403271,1,0
649,262033559555,22435803,1,0
650,262033885999,22470149,1,0
651,262034226000,22504118,1,0
652,262034570000,22538534,1,0
653,262034905111,22570710,1,0
654,262035233666,22604767,1,0
655,262035576333,22635544,1,0
656,262035885000,22672282,1,0
657,262036253111,22703756,1,0
658,262036561555,22738509,1,0
659,262036907111,22775338,1,0
660,262037276111,22804558,1,0
661,262037570777,22837173,1,0
662,262037898222,22869185,1,0
663,262038220666,22903078,1,0
664,262038556666,22937107,1,0
665,262038896444,22973124,1,0
666,262039258444,23005087,1,0
667,262039581000,23035938,1,0
668,262039890111,23070227,1,0
669,262040227444,23104056,1,0
670,262040571555,23136980,1,0
671,262040892555,23169883,1,0
672,262041225555,23203707,1,0
673,262041569444,23238423,1,0
674,262041907444,23270531,1,0
675,262042227555,23303914,1,0
676,262042568666,23337464,1,0
677,262042894555,23373458,1,0
678,262043250333,23405998,1,0
679,262043575777,23439516,1,0
680,262043918888,23470171,1,0
681,262044228777,23505191,1,0
682,262044573555,23537433,1,0
683,262044900111,23570252,1,0
684,262045230777,23606420,1,0
685,262045582000,23637997,1,0
686,262045900555,23670723,1,0
687,262046236444,23703287,1,0
688,262046562666,23738802,1,0
689,262046913666,23773504,1,0
690,262047246555,23807758,1,0
691,262047608444,23836285,1,0
692,262047893777,23870369,1,0
693,262048228000,23905873,1,0
694,262048583111,23937465,1,0
695,262048902888,23970993,1,0
696,262049241555,24004455,1,0
697,262049577777,24037226,1,0
698,262049899555,24071140,1,0
699,262050237111,24104707,1,0
700,262050573000,24137171,1,0
701,262050902888,24171463,1,0
702,262051245555,24205801,1,0
703,262051585777,24237299,1,0
704,262051906000,24272930,1,0
705,262052262111,24303446,1,0
706,262052565777,24337631,1,0
707,262052904444,24370439,1,0
708,262053235555,24404656,1,0
709,262053572777,24442456,1,0
710,262053953000,24470321,1,0
711,262054235111,24505583,1,0
712,262054587444,24538109,1,0
713,262054909333,24571171,1,0
714,262055237666,24606961,1,0
715,262055598111,24639062,1,0
716,262055920555,24672399,1,0
717,262056252000,24705565,1,0
718,262056583666,24741818,1,0
719,262056947000,24771694,1,0
720,262057243444,24807353,1,0
721,262057594666,24839683,1,0
722,262057925666,24871061,1,0
723,262058240000,24906784,1,0
724,262058593777,24941228,1,0
725,262058944222,24972102,1,0
726,262059251222,25005802,1,0
727,262059588000,25039399,1,0
728,262059914111,25072100,1,0
729,262060252111,25106050,1,0
730,262060582111,25143331,1,0
731,262060959000,25172106,1,0
732,262061251333,25205570,1,0
733,262061587000,25239834,1,0
734,262061928777,25273495,1,0
735,262062260333,25304221,1,0
736,262062573777,25339791,1,0
737,262062927444,25373467,1,0
738,262063257444,25406717,1,0
739,262063588666,25438481,1,0
740,262063914555,25472871,1,0
741,262064254444,25506676,1,0
742,262064591555,25539915,1,0
743,262064927777,25572455,1,0
744,262065254333,25607288,1,0
745,262065594555,25639398,1,0
746,262065917000,25673393,1,0
747,262066255555,25707014,1,0
748,262066594222,25742405,1,0
749,262066942555,25772622,1,0
750,262067248777,25807011,1,0
751,262067597222,25839491,1,0
752,262067917777,25873677,1,0
753,262068255000,25907939,1,0
754,262068599444,25942257,1,0
755,262068943666,25973221,1,0
756,262069251333,26009333,1,0
757,262069622666,26040637,1,0
758,262069933666,26072340,1,0
759,262070251333,26107954,1,0
760,262070606888,26140408,1,0
761,262070919111,26173547,1,0
762,262071252000,26210606,1,0
763,262071617222,26242978,1,0
764,262071928333,26276012,1,0
765,262072285111,26306658,1,0
766,262072589111,26338968,1,0
767,262072919555,26372526,1,0
768,262073253888,26407487,1,0
769,262073600333,26440191,1,0
770,262073924444,26473574,1,0
771,262074259444,26507325,1,0
772,262074601444,26544187,1,0
773,262074963777,26573562,1,0
774,262075263777,26607362,1,0
775,262075598111,26641650,1,0
776,262075939555,26674498,1,0
777,262076260222,26706529,1,0
778,262076588666,26740283,1,0
779,262076927111,26774600,1,0
780,262077258777,26809548,1,0
781,262077618777,26842203,1,0
782,262077946777,26875411,1,0
783,262078278888,26909277,1,0
784,262078614555,26941611,1,0
785,262078936777,26976375,1,0
786,262079282666,27007485,1,0
787,262079600777,27041307,1,0
788,262079935222,27073437,1,0
789,262080264111,27108465,1,0
790,262080607555,27140531,1,0
791,262080929444,27180692,1,0
792,262081309666,27208105,1,0
793,262081605111,27240330,1,0
794,262081930444,27275066,1,0
795,262082280111,27310063,1,0
796,262082626444,27341895,1,0
797,262082946222,27375097,1,0
798,262083274555,27408908,1,0
799,262083617888,27443752,1,0
800,262083966000,27474371,1,0
801,262084272777,27508607,1,0
802,262084615555,27542947,1,0
803,262084957000,27575074,1,0
804,262085278777,27608749,1,0
805,262085614444,27642362,1,0
806,262085952555,27674734,1,0
807,262086268555,27709743,1,0
808,262086624111,27745048,1,0
809,262086974444,27775809,1,0
810,262087275666,27809082,1,0
811,262087620222,27841943,1,0
812,262087946444,27875717,1,0
813,262088284555,27909777,1,0
814,262088623555,27942008,1,0
815,262088946777,27975065,1,0
816,262089279333,28014485,1,0
817,262089633000,28042081,1,0
818,262089945666,28076279,1,0
819,262090284000,28109108,1,0
820,262090620666,28142454,1,0
821,262090938444,28181583,1,0
822,262091304555,28209922,1,0
823,262091629000,28241926,1,0
824,262091943666,28276380,1,0
825,262092292888,28309506,1,0
826,262092619222,28343619,1,0
827,262092958444,28379388,1,0
828,262093318444,28409318,1,0
829,262093623444,28442753,1,0
830,262093956888,28476350,1,0
831,262094297333,28509115,1,0
832,262094621555,28544208,1,0
833,262094962333,28575090,1,0
834,262095279666,28608948,1,0
835,262095618555,28646445,1,0
836,262095992444,28675740,1,0
837,262096286666,28710216,1,0
838,262096630777,28745615,1,0
839,262096982888,28777741,1,0
840,262097299444,28808906,1,0
841,262097620222,28843641,1,0
842,262097967444,28878087,1,0
843,262098302000,28908648,1,0
844,262098617444,28943387,1,0
845,262098963777,28975810,1,0
846,262099284333,29010183,1,0
847,262099626555,29042984,1,0
848,262099952888,29076142,1,0
849,262100291333,29111499,1,0
850,262100641444,29143067,1,0
851,262100955777,29176220,1,0
852,262101285888,29210027,1,0
853,262101627555,29245169,1,0
854,262101968555,29280402,1,0
855,262102333555,29310431,1,0
856,262102629444,29343274,1,0
857,262102958888,29376636,1,0
858,262103292222,29410094,1,0
859,262103628555,29445697,1,0
860,262103987666,29475935,1,0
861,262104284555,29508550,1,0
862,262104617000,29547195,1,0
863,262104981444,29576368,1,0
864,262105289888,29610821,1,0
865,262105621000,29650084,1,0
866,262105993888,29680221,1,0
867,262106286111,29713024,1,0
868,262106630555,29745764,1,0
869,262106974666,29777297,1,0
870,262107299111,29811799,1,0
871,262107648000,29845920,1,0
872,262107990222,29876377,1,0
873,262108294111,29912125,1,0
874,262108646333,29943995,1,0
875,262108965000,29978292,1,0
876,262109303555,30011342,1,0
877,262109642333,30044322,1,0
878,262109970888,30078345,1,0
879,262110297888,30113572,1,0
880,262110665000,30145837,1,0
881,262110983000,30178391,1,0
882,262111308888,30211569,1,0
883,262111629666,30245461,1,0
884,262111983888,30278747,1,0
885,262112311999,30311991,1,0
886,262112648777,30343244,1,0
887,262112960444,30376376,1,0
888,262113294444,30411850,1,0
889,262113633000,30444707,1,0
890,262113960222,30478162,1,0
891,262114301333,30511753,1,0
892,262114645444,30544771,1,0
893,262114974777,30577377,1,0
894,262115299444,30611709,1,0
895,262115645666,30644367,1,0
896,262115966000,30677499,1,0
897,262116301000,30714525,1,0
898,262116663555,30747354,1,0
899,262116992888,30779073,1,0
900,262117316222,30811790,1,0
901,262117646444,30843950,1,0
902,262117968555,30878040,1,0
903,262118303222,30912867,1,0
904,262118656222,30945015,1,0
905,262118977777,30977723,1,0
906,262119304333,31012761,1,0
907,262119657444,31043951,1,0
908,262119966666,31078625,1,0
909,262120317444,31113562,1,0
910,262120656111,31145495,1,0
911,262120982777,31181785,1,0
912,262121342333,31212357,1,0
913,262121650999,31246685,1,0
914,262121989000,31278073,1,0
915,262122308555,31311552,1,0
916,262122647555,31345465,1,0
917,262122981888,31379463,1,0
918,262123322999,31412844,1,0
919,262123660222,31446282,1,0
920,262123993555,31479386,1,0
921,262124321111,31512424,1,0
922,262124654555,31546766,1,0
923,262124996333,31580198,1,0
924,262125326000,31611449,1,0
925,262125643555,31645607,1,0
926,262125985000,31678695,1,0
927,262126312888,31712071,1,0
928,262126644444,31746426,1,0
929,262126992777,31779841,1,0
930,262127325444,31813493,1,0
931,262127660000,31846173,1,0
932,262127991222,31878031,1,0
933,262128313222,31912909,1,0
934,262128654000,31945127,1,0
935,262128981111,31978447,1,0
936,262129315000,32014679,1,0
937,262129671333,32045589,1,0
938,262129977333,32078096,1,0
939,262130313000,32112307,1,0
940,262130650666,32146322,1,0
941,262130979888,32179261,1,0
942,262131319666,32212358,1,0
943,262131649666,32249744,1,0
944,262132027000,32278885,1,0
945,262132315888,32312550,1,0
946,262132652333,32345362,1,0
947,262132982555,32380539,1,0
948,262133331222,32417022,1,0
949,262133698777,32445192,1,0
950,262133981222,32480247,1,0
951,262134326222,32514534,1,0
952,262134672888,32548120,1,0
953,262135001444,32582983,1,0
954,262135354666,32614284,1,0
955,262135666222,32646170,1,0
956,262135983444,32679983,1,0
957,262136319555,32714357,1,0
958,262136660555,32748672,1,0
959,262136989444,32783681,1,0
960,262137357666,32814158,1,0
961,262137659777,32851779,1,0
962,262138030111,32881809,1,0
963,262138337555,32914742,1,0
964,262138661888,32946247,1,0
965,262138991000,32983077,1,0
966,262139336222,33013344,1,0
967,262139660444,33045473,1,0
968,262139979222,33082935,1,0
969,262140356000,33114557,1,0
970,262140657111,33147363,1,0
971,262140998888,33183397,1,0
972,262141332111,33215825,1,0
973,262141666888,33248259,1,0
974,262142003555,33282015,1,0
975,262142337444,33315586,1,0
976,262142674000,33348849,1,0
977,262143006000,33381227,1,0
978,262143334333,33413977,1,0
979,262143664666,33448806,1,0
980,262144005888,33484153,1,0
981,262144362555,33514992,1,0
982,262144677111,33550442,1,0
983,262145024555,33582171,1,0
984,262145332111,33616204,1,0
985,262145688666,33649219,1,0
986,262146008555,33682861,1,0
987,262146342444,33716604,1,0
988,262146680777,33749040,1,0
989,262147007222,33782825,1,0
990,262147352777,33815848,1,0
991,262147683444,33849036,1,0
992,262148013333,33882101,1,0
993,262148346111,33917661,1,0
994,262148686333,33949845,1,0
995,262149016888,33983023,1,0
996,262149350666,34019198,1,0
997,262149716111,34047852,1,0
998,262149998888,34080788,1,0
999,262150335444,34118851,1,0
1000,262150713444,34149504,1,0
1001,262151006000,34188019,1,0
1002,262151364444,34216432,1,0
1003,262151683777,34248680,1,0
1004,262152003666,34282546,1,0
1005,262152348555,34316716,1,0
1006,262152678222,34348733,1,0
1007,262153000111,34385179,1,0
1008,262153341222,34414745,1,0
1009,262153676111,34449869,1,0
1010,262154029222,34481455,1,0
1011,262154340888,34516564,1,0
1012,262154692444,34547949,1,0
1013,262155008444,34580582,1,0
1014,262155334666,34615514,1,0
1015,262155676222,34647729,1,0
1016,262156006777,34681316,1,0
1017,262156343777,34715719,1,0
1018,262156684222,34750890,1,0
1019,262157033111,34784252,1,0
1020,262157364888,34816463,1,0
1021,262157689666,34851193,1,0
1022,262158034444,34883132,1,0
1023,262158359444,34916225,1,0
1024,262158690888,34952051,1,0
1025,262159051222,34983170,1,0
1026,262159356222,35018353,1,0
1027,262159708555,35054948,1,0
1028,262160055555,35083252,1,0
1029,262160354444,35116058,1,0
1030,262160687555,35150409,1,0
1031,262161027888,35184629,1,0
1032,262161360444,35218188,1,0
1033,262161700888,35255437,1,0
1034,262162074111,35284150,1,0
1035,262162365555,35319637,1,0
1036,262162708777,35353320,1,0
1037,262163044777,35383097,1,0
1038,262163353555,35418174,1,0
1039,262163693555,35450054,1,0
1040,262164021444,35485823,1,0
1041,262164373666,35518410,1,0
1042,262164705777,35552334,1,0
1043,262165033555,35588264,1,0
1044,262165407888,35620073,1,0
1045,262165724999,35651760,1,0
1046,262166034666,35684316,1,0
1047,262166366222,35719221,1,0
1048,262166712888,35751286,1,0
1049,262167031777,35785359,1,0
1050,262167361444,35818887,1,0
1051,262167704333,35852197,1,0
1052,262168045888,35885113,1,0
1053,262168366888,35917513,1,0
1054,262168692888,35949936,1,0
1055,262169021333,35982923,1,0
1056,262169353888,36017548,1,0
1057,262169693444,36051408,1,0
1058,262170019888,36084029,1,0
1059,262170363777,36116977,1,0
1060,262170686888,36153771,1,0
1061,262171043222,36186408,1,0
1062,262171380888,36217507,1,0
1063,262171698777,36251398,1,0
1064,262172023000,36284701,1,0
1065,262172368555,36317259,1,0
1066,262172695555,36352154,1,0
1067,262173045555,36384906,1,0
1068,262173371222,36417044,1,0
1069,262173694777,36452374,1,0
1070,262174038111,36483821,1,0
1071,262174357444,36518393,1,0
1072,262174708555,36550717,1,0
1073,262175033444,36584380,1,0
1074,262175367555,36617692,1,0
1075,262175703333,36651363,1,0
1076,262176028888,36684214,1,0
1077,262176362444,36720016,1,0
1078,262176719555,36750334,1,0
1079,262177032111,36784296,1,0
1080,262177366333,36818515,1,0
1081,262177709666,36853874,1,0
1082,262178052111,36885885,1,0
1083,262178370222,36919853,1,0
1084,262178716888,36953150,1,0
1085,262179047000,36987555,1,0
1086,262179378000,37017762,1,0
1087,262179700666,37052687,1,0
1088,262180045222,37084198,1,0
1089,262180363777,37119493,1,0
1090,262180720444,37153335,1,0
1091,262181032666,37186632,1,0
1092,262181371444,37219839,1,0
1093,262181720444,37251640,1,0
1094,262182035888,37286048,1,0
1095,262182376111,37318177,1,0
1096,262182707222,37351263,1,0
1097,262183038000,37386195,1,0
1098,262183382444,37418945,1,0
1099,262183700111,37452383,1,0
1100,262184047555,37486274,1,0
1101,262184385777,37519551,1,0
1102,262184717666,37551928,1,0
1103,262185041888,37585526,1,0
1104,262185375111,37619613,1,0
1105,262185711888,37655278,1,0
1106,262186068444,37688573,1,0
1107,262186406222,37719787,1,0
1108,262186717888,37753681,1,0
1109,262187055666,37788284,1,0
1110,262187374555,37820738,1,0
1111,262187725222,37853881,1,0
1112,262188053111,37885538,1,0
1113,262188373444,37920101,1,0
1114,262188712555,37954143,1,0
1115,262189065000,37985523,1,0
1116,262189381888,38019841,1,0
1117,262189720555,38052177,1,0
1118,262190041555,38085206,1,0
1119,262190373888,38122026,1,0
1120,262190734333,38155001,1,0
1121,262191042888,38187111,1,0
1122,262191373666,38221100,1,0
1123,262191735111,38251512,1,0
1124,262192039777,38288637,1,0
1125,262192409222,38323081,1,0
1126,262192747888,38351911,1,0
1127,262193041666,38388687,1,0
1128,262193410666,38419726,1,0
1129,262193722888,38452385,1,0
1130,262194048333,38486080,1,0
1131,262194383000,38521486,1,0
1132,262194720444,38552572,1,0
1133,262195049333,38587862,1,0
1134,262195399666,38621115,1,0
1135,262195730888,38652985,1,0
1136,262196054555,38686719,1,0
1137,262196390888,38720221,1,0
1138,262196726444,38752205,1,0
1139,262197044777,38790296,1,0
1140,262197413888,38820697,1,0
1141,262197730222,38855669,1,0
1142,262198082666,38886172,1,0
1143,262198385111,38921229,1,0
1144,262198732555,38954152,1,0
1145,262199066555,38987358,1,0
1146,262199400777,39022254,1,0
1147,262199745222,39055796,1,0
1148,262200069111,39087658,1,0
1149,262200397444,39120782,1,0
1150,262200732666,39163869,1,0
1151,262201109444,39188126,1,0
1152,262201385444,39220756,1,0
1153,262201727888,39253450,1,0
1154,262202057444,39287726,1,0
1155,262202396222,39320566,1,0
1156,262202717222,39354744,1,0
1157,262203065000,39386746,1,0
1158,262203388333,39421257,1,0
1159,262203735666,39452844,1,0
1160,262204052000,39489020,1,0
1161,262204404666,39520341,1,0
1162,262204717666,39552655,1,0
1163,262205049444,39587994,1,0
1164,262205400444,39621028,1,0
1165,262205729111,39656659,1,0
1166,262206087444,39687115,1,0
1167,262206394555,39721065,1,0
1168,262206735555,39754678,1,0
1169,262207065000,39790532,1,0
1170,262207424444,39821489,1,0
1171,262207736888,39856284,1,0
1172,262208080111,39887292,1,0
1173,262208399666,39924853,1,0
1174,262208767888,39956157,1,0
1175,262209067666,39987505,1,0
1176,262209391777,40024860,1,0
1177,262209768777,40054705,1,0
1178,262210063222,40087451,1,0
1179,262210395777,40123311,1,0
1180,262210756222,40158418,1,0
1181,262211073222,40190118,1,0
1182,262211416222,40223172,1,0
1183,262211748111,40255477,1,0
1184,262212075444,40289455,1,0
1185,262212408666,40321831,1,0
1186,262212736888,40355192,1,0
1187,262213074444,40390027,1,0
1188,262213418111,40422283,1,0
1189,262213746222,40456263,1,0
1190,262214083111,40489937,1,0
1191,262214423000,40523681,1,0
1192,262214759444,40555879,1,0
1193,262215079444,40588536,1,0
1194,262215406000,40624381,1,0
1195,262215761888,40656871,1,0
1196,262216086888,40690975,1,0
1197,262216428666,40726458,1,0
1198,262216787333,40756286,1,0
1199,262217087666,40788513,1,0
1200,262217401333,40821993,1,0
1201,262217745777,40857521,1,0
1202,262218088888,40890105,1,0
1203,262218413666,40922059,1,0
1204,262218742111,40955623,1,0
1205,262219080777,40990637,1,0
1206,262219428777,41022632,1,0
1207,262219747444,41055700,1,0
1208,262220074555,41091269,1,0
1209,262220432888,41122623,1,0
1210,262220746555,41156475,1,0
1211,262221073777,41190257,1,0
1212,262221416888,41221573,1,0
1213,262221741222,41258950,1,0
1214,262222115333,41290169,1,0
1215,262222422888,41321969,1,0
1216,262222744777,41355517,1,0
1217,262223079333,41388564,1,0
1218,262223407444,41425936,1,0
1219,262223780333,41455450,1,0
1220,262224072888,41489121,1,0
1221,262224416222,41523196,1,0
1222,262224755000,41554561,1,0
1223,262225075000,41588777,1,0
1224,262225414333,41623407,1,0
1225,262225753666,41655735,1,0
1226,262226076666,41688773,1,0
1227,262226411888,41723333,1,0
1228,262226761888,41755193,1,0
1229,262227078555,41790302,1,0
1230,262227428333,41822652,1,0
1231,262227750666,41857037,1,0
1232,262228092000,41894046,1,0
1233,262228468777,41923029,1,0
1234,262228754222,41956543,1,0
1235,262229088444,41989144,1,0
1236,262229418444,42022460,1,0
1237,262229753333,42056765,1,0
1238,262230091888,42089753,1,0
1239,262230419555,42121405,1,0
1240,262230738333,42158239,1,0
1241,262231104444,42190869,1,0
1242,262231433000,42223486,1,0
1243,262231755444,42256010,1,0
1244,262232083888,42291287,1,0
1245,262232435888,42325691,1,0
1246,262232765000,42356436,1,0
1247,262233084000,42390133,1,0
1248,262233420777,42426264,1,0
1249,262233781888,42456294,1,0
1250,262234082888,42493328,1,0
1251,262234436888,42524692,1,0
1252,262234768777,42557751,1,0
1253,262235090888,42590836,1,0
1254,262235426111,42624480,1,0
1255,262235762000,42657152,1,0
1256,262236087111,42691477,1,0
1257,262236433444,42726275,1,0
1258,262236786888,42757286,1,0
1259,262237089333,42792216,1,0
1260,262237436888,42825258,1,0
1261,262237776666,42858581,1,0
1262,262238105111,42890408,1,0
1263,262238421888,42925436,1,0
1264,262238769222,42961960,1,0
1265,262239107666,42991996,1,0
1266,262239435222,43027297,1,0
1267,262239788888,43056617,1,0
1268,262240089444,43093712,1,0
1269,262240457444,43126526,1,0
1270,262240769555,43156803,1,0
1271,262241088000,43190314,1,0
1272,262241426222,43224373,1,0
1273,262241771888,43258930,1,0
1274,262242099333,43291154,1,0
1275,262242435888,43323562,1,0
1276,262242762444,43360522,1,0
1277,262243126333,43390801,1,0
1278,262243438555,43423026,1,0
1279,262243759444,43459558,1,0
1280,262244120777,43492888,1,0
1281,262244436000,43525546,1,0
1282,262244761888,43558268,1,0
1283,262245109666,43591453,1,0
1284,262245438000,43624194,1,0
1285,262245760333,43659251,1,0
1286,262246100666,43691147,1,0
1287,262246434999,43725560,1,0
1288,262246770111,43757373,1,0
1289,262247096333,43790795,1,0
1290,262247429000,43825580,1,0
1291,262247780666,43858505,1,0
1292,262248112111,43894207,1,0
1293,262248454888,43926800,1,0
1294,262248790777,43958693,1,0
1295,262249105555,43996796,1,0
1296,262249491777,44025667,1,0
1297,262249779777,44060064,1,0
1298,262250102888,44091655,1,0
1299,262250441444,44125262,1,0
1300,262250768111,44158995,1,0
1301,262251107666,44193001,1,0
1302,262251447888,44224943,1,0
1303,262251776111,44259305,1,0
1304,262252117444,44291869,1,0
1305,262252445555,44326470,1,0
1306,262252780666,44358144,1,0
1307,262253107333,44391488,1,0
1308,262253446444,44426074,1,0
1309,262253785666,44457093,1,0
1310,262254101777,44491819,1,0
1311,262254451444,44526017,1,0
1312,262254790111,44558572,1,0
1313,262255117333,44591199,1,0
1314,262255444333,44628185,1,0
1315,262255805888,44658739,1,0
1316,262256107777,44691464,1,0
1317,262256445111,44724371,1,0
1318,262256772555,44758591,1,0
1319,262257104333,44792736,1,0
1320,262257452666,44827217,1,0
1321,262257796888,44859528,1,0
1322,262258121888,44893959,1,0
1323,262258460111,44926050,1,0
1324,262258788222,44958953,1,0
1325,262259111111,44994546,1,0
1326,262259475444,45026068,1,0
1327,262259788777,45059106,1,0
1328,262260115666,45093641,1,0
1329,262260461333,45126813,1,0
1330,262260793333,45160933,1,0
1331,262261134888,45194990,1,0
1332,262261481333,45226310,1,0
1333,262261788222,45259510,1,0
1334,262262125666,45293718,1,0
1335,262262465444,45326248,1,0
1336,262262787555,45359764,1,0
1337,262263122666,45397930,1,0
1338,262263506777,45426603,1,0
1339,262263796666,45460159,1,0
1340,262264130888,45493062,1,0
1341,262264457000,45526436,1,0
1342,262264786777,45560288,1,0
1343,262265128222,45593586,1,0
1344,262265458888,45627095,1,0
1345,262265799444,45659766,1,0
1346,262266126555,45694451,1,0
1347,262266466888,45726764,1,0
1348,262266799444,45761744,1,0
1349,262267135555,45793322,1,0
1350,262267460222,45825284,1,0
1351,262267781000,45858621,1,0
1352,262268118000,45893810,1,0
1353,262268464333,45926959,1,0
1354,262268799333,45962305,1,0
1355,262269139444,45996549,1,0
1356,262269495777,46027357,1,0
1357,262269797444,46062195,1,0
1358,262270148888,46092806,1,0
1359,262270455888,46127940,1,0
1360,262270801222,46161144,1,0
1361,262271135111,46192858,1,0
1362,262271454444,46226661,1,0
1363,262271796888,46259850,1,0
1364,262272124333,46294702,1,0
1365,262272468222,46326923,1,0
1366,262272794444,46360231,1,0
1367,262273131222,46394383,1,0
1368,262273469888,46428298,1,0
1369,262273808222,46463869,1,0
1370,262274166777,46494101,1,0
1371,262274463333,46527694,1,0
1372,262274798333,46560496,1,0
1373,262275136777,46594094,1,0
1374,262275470000,46629552,1,0
1375,262275819333,46662792,1,0
1376,262276150555,46694567,1,0
1377,262276475000,46728848,1,0
1378,262276815666,46759947,1,0
1379,262277124333,46793442,1,0
1380,262277461333,46826072,1,0
1381,262277790777,46861025,1,0
1382,262278135888,46893775,1,0
1383,262278464333,46934329,1,0
1384,262278867333,46961335,1,0
1385,262279144555,46996977,1,0
1386,262279490222,47028148,1,0
1387,262279808000,47062750,1,0
1388,262280147000,47094831,1,0
1389,262280476777,47128137,1,0
1390,262280805666,47161113,1,0
1391,262281137333,47193315,1,0
1392,262281461222,47227919,1,0
1393,262281801888,47262735,1,0
1394,262282156777,47295626,1,0
1395,262282481333,47326973,1,0
1396,262282796888,47363061,1,0
1397,262283160333,47394357,1,0
1398,262283469444,47429553,1,0
1399,262283817000,47460974,1,0
1400,262284130000,47494322,1,0
1401,262284474000,47528434,1,0
1402,262284813888,47566715,1,0
1403,262285189888,47594621,1,0
1404,262285477666,47632612,1,0
1405,262285855888,47662597,1,0
1406,262286152777,47694790,1,0
1407,262286473555,47729537,1,0
1408,262286814444,47761024,1,0
1409,262287137000,47795464,1,0
1410,262287484777,47828591,1,0
1411,262287811777,47861750,1,0
1412,262288149333,47897083,1,0
1413,262288499333,47929081,1,0
1414,262288813111,47961911,1,0
1415,262289145666,47996128,1,0
1416,262289493777,48028862,1,0
1417,262289810000,48061297,1,0
1418,262290142333,48097474,1,0
1419,262290505777,48131125,1,0
1420,262290837666,48165368,1,0
1421,262291170777,48199254,1,0
1422,262291522666,48229431,1,0
1423,262291823777,48262882,1,0
1424,262292158666,48296059,1,0
1425,262292486888,48329508,1,0
1426,262292810888,48361746,1,0
1427,262293147000,48396969,1,0
1428,262293497444,48433389,1,0
1429,262293862333,48462415,1,0
1430,262294154333,48494517,1,0
1431,262294472777,48529349,1,0
1432,262294823666,48564865,1,0
1433,262295180666,48594369,1,0
1434,262295476333,48627670,1,0
1435,262295806333,48661359,1,0
1436,262296142777,48695857,1,0
1437,262296484888,48728599,1,0
1438,262296818333,48763026,1,0
1439,262297160888,48796291,1,0
1440,262297489000,48829903,1,0
1441,262297828888,48863421,1,0
1442,262298159777,48895312,1,0
1443,262298481555,48931392,1,0
1444,262298844666,48961711,1,0
1445,262299145444,48995077,1,0
1446,262299479777,49030066,1,0
1447,262299832666,49063235,1,0
1448,262300159333,49096208,1,0
1449,262300486777,49131980,1,0
1450,262300847666,49161992,1,0
1451,262301146888,49196500,1,0
1452,262301490000,49230198,1,0
1453,262301830333,49263473,1,0
1454,262302166000,49295815,1,0
1455,262302490888,49330139,1,0
1456,262302828111,49362210,1,0
1457,262303150000,49397059,1,0
1458,262303494888,49430456,1,0
1459,262303829333,49466107,1,0
1460,262304188777,49495490,1,0
1461,262304487999,49530340,1,0
1462,262304830222,49564375,1,0
1463,262305165444,49595997,1,0
1464,262305486666,49630521,1,0
1465,262305831333,49665798,1,0
1466,262306183222,49697762,1,0
1467,262306490333,49730577,1,0
1468,262306830888,49763137,1,0
1469,262307160333,49797182,1,0
1470,262307489888,49831078,1,0
1471,262307838888,49864226,1,0
1472,262308172888,49896965,1,0
1473,262308499555,49931715,1,0
1474,262308848333,49963603,1,0
1475,262309164333,50000188,1,0
1476,262309530555,50031110,1,0
1477,262309833111,50064785,1,0
1478,262310173444,50101058,1,0
1479,262310541111,50131305,1,0
1480,262310842000,50163958,1,0
1481,262311168222,50197850,1,0
1482,262311508222,50230102,1,0
1483,262311830777,50265047,1,0
1484,262312171777,50299266,1,0
1485,262312513222,50332084,1,0
1486,262312846000,50367209,1,0
1487,262313199000,50396960,1,0
1488,262313501222,50431777,1,0
1489,262313846666,50462886,1,0
1490,262314161777,50497109,1,0
1491,262314498333,50532888,1,0
1492,262314859444,50564198,1,0
1493,262315173111,50598362,1,0
1494,262315511000,50633494,1,0
1495,262315862111,50664135,1,0
1496,262316174666,50699637,1,0
1497,262316518777,50733344,1,0
1498,262316859777,50764931,1,0
1499,262317176666,50798218,1,0
1500,262317512111,50831773,1,0
1501,262317849333,50864490,1,0
1502,262318171777,50897885,1,0
1503,262318502777,50931190,1,0
1504,262318841111,50965828,1,0
1505,262319183666,50998819,1,0
1506,262319517333,51032741,1,0
1507,262319859333,51068593,1,0
1508,262320212111,51097291,1,0
1509,262320504666,51132972,1,0
1510,262320861777,51164434,1,0
1511,262321173444,51198069,1,0
1512,262321507555,51232051,1,0
1513,262321850888,51264307,1,0
1514,262322176666,51297485,1,0
1515,262322507222,51331610,1,0
1516,262322846888,51368374,1,0
1517,262323213777,51399881,1,0
1518,262323530333,51434667,1,0
1519,262323865777,51464972,1,0
1520,262324179333,51497406,1,0
1521,262324508444,51533690,1,0
1522,262324861111,51566319,1,0
1523,262325194777,51601803,1,0
1524,262325542000,51635875,1,0
1525,262325889333,51667044,1,0
1526,262326193666,51698406,1,0
1527,262326512111,51731750,1,0
1528,262326850111,51769162,1,0
1529,262327205666,51797821,1,0
1530,262327510888,51832599,1,0
1531,262327854444,51866002,1,0
1532,262328179333,51899742,1,0
1533,262328523111,51932902,1,0
1534,262328856888,51965352,1,0
1535,262329180444,51998958,1,0
1536,262329514888,52032039,1,0
1537,262329847888,52066424,1,0
1538,262330193444,52100235,1,0
1539,262330517333,52133934,1,0
1540,262330858333,52166095,1,0
1541,262331188888,52198747,1,0
1542,262331512444,52232537,1,0
1543,262331854222,52267918,1,0
1544,262332206888,52300142,1,0
1545,262332527888,52333321,1,0
1546,262332858111,52368034,1,0
1547,262333206888,52401575,1,0
1548,262333545555,52433442,1,0
1549,262333868111,52465910,1,0
1550,262334190111,52502803,1,0
1551,262334558333,52534525,1,0
1552,262334874888,52567482,1,0
1553,262335207444,52601901,1,0
1554,262335533666,52633712,1,0
1555,262335864777,52666959,1,0
1556,262336196888,52700137,1,0
1557,262336533111,52733148,1,0
1558,262336860444,52766581,1,0
1559,262337190111,52804261,1,0
1560,262337567666,52835767,1,0
1561,262337881888,52868215,1,0
1562,262338205777,52901333,1,0
1563,262338538333,52933381,1,0
1564,262338864666,52966543,1,0
1565,262339192888,53001365,1,0
1566,262339543111,53032680,1,0
1567,262339857888,53068055,1,0
1568,262340203555,53100294,1,0
1569,262340529777,53133139,1,0
1570,262340862444,53167659,1,0
1571,262341198555,53200101,1,0
1572,262341528666,53234687,1,0
1573,262341878555,53267594,1,0
1574,262342203000,53301096,1,0
1575,262342536444,53334646,1,0
1576,262342872555,53368458,1,0
1577,262343214444,53401093,1,0
1578,262343540000,53436099,1,0
1579,262343891000,53467135,1,0
1580,262344199555,53504637,1,0
1581,262344574888,53534841,1,0
1582,262344863777,53566909,1,0
1583,262345197777,53602845,1,0
1584,262345557888,53633823,1,0
1585,262345870666,53669899,1,0
1586,262346227888,53702247,1,0
1587,262346551777,53735100,1,0
1588,262346881777,53768739,1,0
1589,262347211777,53801788,1,0
1590,262347551333,53875061,1,0
1591,262348266888,53942955,1,0
1592,262348266888,53948805,1,0
1593,262348266888,53954384,1,0
1594,262348869888,53970340,1,0
1595,262349224333,54000724,1,0
1596,262349531888,54033514,1,0
1597,262349865888,54068726,1,0
1598,262350215222,54101045,1,0
1599,262350538222,54136001,1,0
1600,262350889888,54168860,1,0
1601,262351217111,54200213,1,0
1602,262351531888,54235648,1,0
1603,262351881444,54271218,1,0
1604,262352227444,54303541,1,0
1605,262352554888,54333802,1,0
1606,262352867555,54402367,1,0
1607,262353552444,54478583,1,0
1608,262353552444,54484199,1,0
1609,262353552444,54489606,1,0
1610,262354206111,54504266,1,0
1611,262354560777,54545205,1,0
1612,262354890111,54569741,1,0
1613,262355221222,54601063,1,0
1614,262355540333,54636236,1,0
1615,262355887777,54668711,1,0
1616,262356220222,54701832,1,0
1617,262356542777,54736595,1,0
1618,262356886777,54768329,1,0
1619,262357211888,54800879,1,0
1620,262357539888,54838366,1,0
1621,262357900222,54867822,1,0
1622,262358208666,54901688,1,0
1623,262358549555,54939049,1,0
1624,262358899666,54969379,1,0
1625,262359224222,55000948,1,0
1626,262359541888,55035928,1,0
1627,262359886111,55068430,1,0
1628,262360214333,55101226,1,0
1629,262360542777,55138784,1,0
1630,262360917444,55168865,1,0
1631,262361213111,55202903,1,0
1632,262361557222,55236807,1,0
1633,262361891777,55269074,1,0
1634,262362220000,55307404,1,0
1635,262362546222,55336387,1,0
1636,262362894555,55368209,1,0
1637,262363207666,55402459,1,0
1638,262363548111,55435401,1,0
1639,262363883000,55472384,1,0
1640,262364257444,55503500,1,0
1641,262364562888,55537916,1,0
1642,262364906999,55569916,1,0
1643,262365231111,55606065,1,0
1644,262365589666,55637716,1,0
1645,262365902888,55670959,1,0
1646,262366235222,55703485,1,0
1647,262366561888,55737491,1,0
1648,262366902333,55774153,1,0
1649,262367238777,55802405,1,0
1650,262367554777,55835332,1,0
1651,262367886777,55870198,1,0
1652,262368223888,55903089,1,0
1653,262368557333,55938164,1,0
1654,262368914222,55971667,1,0
1655,262369237111,56008179,1,0
1656,262369603000,56036986,1,0
1657,262369900333,56069397,1,0
1658,262370217222,56107317,1,0
1659,262370571777,56136638,1,0
1660,262370890333,56169357,1,0
1661,262371217888,56204898,1,0
1662,262371568777,56236841,1,0
1663,262371897777,56272923,1,0
1664,262372260888,56305813,1,0
1665,262372588888,56337301,1,0
1666,262372902000,56370052,1,0
1667,262373228777,56405312,1,0
1668,262373582555,56436072,1,0
1669,262373892555,56469257,1,0
1670,262374222444,56504418,1,0
1671,262374575555,56538007,1,0
1672,262374899777,56572292,1,0
1673,262375239222,56608663,1,0
1674,262375614888,56636382,1,0
1675,262375896555,56674326,1,0
1676,262376270111,56703361,1,0
1677,262376561888,56737373,1,0
1678,262376898555,56772662,1,0
1679,262377240333,56806140,1,0
1680,262377581777,56839180,1,0
1681,262377913999,56872682,1,0
1682,262378233666,56906390,1,0
1683,262378569555,56937449,1,0
1684,262378904555,56970198,1,0
1685,262379229333,57003713,1,0
1686,262379563777,57039819,1,0
1687,262379921666,57073249,1,0
1688,262380250111,57105692,1,0
1689,262380587555,57141182,1,0
1690,262380942444,57170629,1,0
1691,262381235666,57203893,1,0
1692,262381568777,57243659,1,0
1693,262381968333,57274217,1,0
1694,262382238444,57304847,1,0
1695,262382567333,57338949,1,0
1696,262382919444,57371958,1,0
1697,262383247777,57405297,1,0
1698,262383585333,57438035,1,0
1699,262383903333,57470292,1,0
1700,262384233777,57505490,1,0
1701,262384578666,57538858,1,0
1702,262384900777,57571627,1,0
1703,262385247888,57607649,1,0
1704,262385606333,57638746,1,0
1705,262385919111,57672113,1,0
1706,262386250888,57706465,1,0
1707,262386595666,57740784,1,0
1708,262386934888,57771958,1,0
1709,262387245444,57806784,1,0
1710,262387587666,57839457,1,0
1711,262387926222,57873027,1,0
1712,262388252333,57907727,1,0
1713,262388600888,57939032,1,0
1714,262388917888,57971363,1,0
1715,262389240888,58006014,1,0
1716,262389591333,58039478,1,0
1717,262389924111,58070854,1,0
1718,262390240777,58106921,1,0
1719,262390595444,58138256,1,0
1720,262390909888,58171257,1,0
1721,262391245777,58205239,1,0
1722,262391580333,58237655,1,0
1723,262391909222,58272043,1,0
1724,262392246333,58306152,1,0
1725,262392590888,58339533,1,0
1726,262392926222,58374283,1,0
1727,262393270333,58408581,1,0
1728,262393612888,58440169,1,0
1729,262393928555,58472409,1,0
1730,262394245333,58507018,1,0
1731,262394602444,58545114,1,0
1732,262394963555,58572640,1,0
1733,262395256444,58605087,1,0
1734,262395580333,58640019,1,0
1735,262395925888,58672629,1,0
1736,262396249888,58706413,1,0
1737,262396594222,58740104,1,0
1738,262396933444,58772829,1,0
1739,262397246888,58807510,1,0
1740,262397603888,58840194,1,0
1741,262397930666,58872531,1,0
1742,262398253666,58906102,1,0
1743,262398588666,58939198,1,0
1744,262398924777,58972755,1,0
1745,262399255333,59007463,1,0
1746,262399605111,59040805,1,0
1747,262399929555,59072873,1,0
1748,262400250888,59107046,1,0
1749,262400595777,59143193,1,0
1750,262400948555,59173243,1,0
1751,262401253666,59207249,1,0
1752,262401601888,59240446,1,0
1753,262401926888,59275279,1,0
1754,262402272000,59309444,1,0
1755,262402619777,59342025,1,0
1756,262402940555,59375092,1,0
1757,262403264777,59409719,1,0
1758,262403607555,59440538,1,0
1759,262403925333,59474617,1,0
1760,262404266111,59509039,1,0
1761,262404618111,59540006,1,0
1762,262404926444,59575036,1,0
1763,262405271888,59609204,1,0
1764,262405613222,59641100,1,0
1765,262405935333,59673439,1,0
1766,262406262666,59708547,1,0
1767,262406604111,59740363,1,0
1768,262406929777,59774599,1,0
1769,262407257777,59809837,1,0
1770,262407604000,59844325,1,0
1771,262407946333,59875581,1,0
1772,262408272777,59908008,1,0
1773,262408602888,59940280,1,0
1774,262408927222,59981201,1,0
1775,262409324222,60008604,1,0
1776,262409607555,60040572,1,0
1777,262409929444,60074885,1,0
1778,262410259888,60107581,1,0
1779,262410600777,60141592,1,0
1780,262410938555,60175168,1,0
1781,262411265111,60208424,1,0
1782,262411612777,60241449,1,0
1783,262411933444,60273110,1,0
1784,262412259222,60310864,1,0
1785,262412626222,60342122,1,0
1786,262412946888,60373990,1,0
1787,262413268777,60408957,1,0
1788,262413613555,60441749,1,0
1789,262413946666,60474287,1,0
1790,262414274222,60508587,1,0
1791,262414604555,60541488,1,0
1792,262414939777,60575701,1,0
1793,262415286222,60608034,1,0
1794,262415604777,60642652,1,0
1795,262415953777,60674353,1,0
1796,262416276222,60707123,1,0
1797,262416599444,60741671,1,0
1798,262416942777,60775075,1,0
1799,262417275777,60809232,1,0
1800,262417620777,60843128,1,0
1801,262417963333,60875146,1,0
1802,262418278333,60910698,1,0
1803,262418634666,60942757,1,0
1804,262418957444,60977371,1,0
1805,262419300111,61012154,1,0
1806,262419645444,61043722,1,0
1807,262419961222,61076765,1,0
1808,262420288444,61109204,1,0
1809,262420619000,61144192,1,0
1810,262420968666,61176214,1,0
1811,262421292555,61208570,1,0
1812,262421616111,61244310,1,0
1813,262421966666,61276100,1,0
1814,262422286000,61308630,1,0
1815,262422617777,61341308,1,0
1816,262422943333,61374562,1,0
1817,262423276000,61409422,1,0
1818,262423617444,61444336,1,0
1819,262423972333,61476466,1,0
1820,262424287555,61511179,1,0
1821,262424638000,61542080,1,0
1822,262424947888,61575594,1,0
1823,262425281333,61612342,1,0
1824,262425638777,61641971,1,0
1825,262425945222,61674608,1,0
1826,262426275777,61710370,1,0
1827,262426621333,61742907,1,0
1828,262426945222,61776692,1,0
1829,262427292555,61811055,1,0
1830,262427640000,61843647,1,0
1831,262427963666,61875865,1,0
1832,262428283000,61910350,1,0
1833,262428628888,61943871,1,0
1834,262428958111,61977317,1,0
1835,262429301777,62008586,1,0
1836,262429615111,62042023,1,0
1837,262429946444,62077931,1,0
1838,262430308666,62109200,1,0
1839,262430622888,62142771,1,0
1840,262430957222,62176058,1,0
1841,262431286777,62210305,1,0
1842,262431630222,62243923,1,0
1843,262431964999,62277431,1,0
1844,262432298222,62310281,1,0
1845,262432628666,62342348,1,0
1846,262432950777,62377089,1,0
1847,262433288111,62409942,1,0
1848,262433623333,62443535,1,0
1849,262433962333,62475660,1,0
1850,262434285555,62508831,1,0
1851,262434615555,62545383,1,0
1852,262434978666,62577030,1,0
1853,262435295333,62610536,1,0
1854,262435629777,62644536,1,0
1855,262435959777,62675514,1,0
1856,262436283555,62712893,1,0
1857,262436656111,62743236,1,0
1858,262436964222,62776298,1,0
1859,262437289222,62809853,1,0
1860,262437624555,62843475,1,0
1861,262437966666,62876296,1,0
1862,262438287333,62911881,1,0
1863,262438649888,62943773,1,0
1864,262438965444,62976663,1,0
1865,262439292333,63011556,1,0
1866,262439643555,63045213,1,0
1867,262439978888,63078979,1,0
1868,262440316666,63145421,1,0
1869,262440971222,63218184,1,0
1870,262440971222,63223767,1,0
1871,262440971222,63229362,1,0
1872,262441627444,63242327,1,0
1873,262441950444,63276509,1,0
1874,262442293777,63311566,1,0
1875,262442646333,63342842,1,0
1876,262442955444,63376791,1,0
1877,262443295444,63410854,1,0
1878,262443631777,63445668,1,0
1879,262443985333,63477062,1,0
1880,262444301777,63511390,1,0
1881,262444645111,63549305,1,0
1882,262445022777,63576566,1,0
1883,262445290222,63611394,1,0
1884,262445636888,63645118,1,0
1885,262445976444,63677959,1,0
1886,262446308666,63711605,1,0
1887,262446648777,63745410,1,0
1888,262446974222,63776869,1,0
1889,262447299222,63816536,1,0
1890,262447687666,63844969,1,0
1891,262447973555,63877783,1,0
1892,262448304777,63913124,1,0
1893,262448650777,63945426,1,0
1894,262448975444,63977514,1,0
1895,262449299222,64011882,1,0
1896,262449642555,64045759,1,0
1897,262449975333,64077861,1,0
1898,262450306111,64114398,1,0
1899,262450663333,64145741,1,0
1900,262450978000,64177838,1,0
1901,262451307222,64211537,1,0
1902,262451645444,64245906,1,0
1903,262451987000,64277447,1,0
1904,262452300000,64313593,1,0
1905,262452661666,64345905,1,0
1906,262452986333,64386172,1,0
1907,262453392777,64411790,1,0
1908,262453644000,64445873,1,0
1909,262453985888,64477855,1,0
1910,262454305444,64513102,1,0
1911,262454651777,64545481,1,0
1912,262454980222,64577893,1,0
1913,262455307333,64611516,1,0
1914,262455642666,64646100,1,0
1915,262455986777,64677805,1,0
1916,262456303666,64711926,1,0
1917,262456648555,64746813,1,0
1918,262456984777,64779306,1,0
1919,262457321777,64811474,1,0
1920,262457645333,64846238,1,0
1921,262457993333,64878346,1,0
1922,262458305666,64912563,1,0
1923,262458653555,64945693,1,0
1924,262458988222,64979333,1,0
1925,262459314333,65013826,1,0
1926,262459665444,65048961,1,0
1927,262460020000,65078473,1,0
1928,262460313777,65112443,1,0
1929,262460650333,65145947,1,0
1930,262460986111,65178858,1,0
1931,262461314222,65215762,1,0
1932,262461683555,65245667,1,0
1933,262461986777,65282509,1,0
1934,262462348333,65312854,1,0
1935,262462656777,65345251,1,0
1936,262462981333,65379829,1,0
1937,262463327555,65412979,1,0
1938,262463659333,65449526,1,0
1939,262464016111,65479988,1,0
1940,262464328555,65513106,1,0
1941,262464661666,65547832,1,0
1942,262465007333,65581596,1,0
1943,262465342333,65615270,1,0
1944,262465678111,65650946,1,0
1945,262466035888,65680226,1,0
1946,262466326111,65714828,1,0
1947,262466671111,65747550,1,0
1948,262467004888,65782856,1,0
1949,262467351000,65814324,1,0
1950,262467672333,65850560,1,0
1951,262468036222,65885510,1,0
1952,262468370444,65914993,1,0
1953,262468668333,65945781,1,0
1954,262468986000,65979907,1,0
1955,262469327444,66012170,1,0
1956,262469649777,66047431,1,0
1957,262470000777,66079918,1,0
1958,262470329777,66113245,1,0
1959,262470661666,66147220,1,0
1960,262470995777,66180792,1,0
1961,262471333888,66214876,1,0
1962,262471661888,66246838,1,0
1963,262471995555,66282262,1,0
1964,262472345333,66315891,1,0
1965,262472678222,66347568,1,0
1966,262472995666,66380876,1,0
1967,262473323555,66413996,1,0
1968,262473659222,66446889,1,0
1969,262473997444,66479833,1,0
1970,262474321111,66516166,1,0
1971,262474686333,66546755,1,0
1972,262474987888,66580773,1,0
1973,262475335333,66614501,1,0
1974,262475662111,66646944,1,0
1975,262475992555,66680629,1,0
1976,262476327888,66715464,1,0
1977,262476684222,66750322,1,0
1978,262477027222,66781715,1,0
1979,262477345333,66814196,1,0
1980,262477669222,66848516,1,0
1981,262478001222,66880519,1,0
1982,262478329111,66918153,1,0
1983,262478708555,66948328,1,0
1984,262479007888,66981844,1,0
1985,262479346777,67014226,1,0
1986,262479665777,67047701,1,0
1987,262479994888,67081725,1,0
1988,262480332222,67115431,1,0
1989,262480674666,67147152,1,0
1990,262480996333,67181085,1,0
1991,262481340666,67214211,1,0
1992,262481670111,67248774,1,0
1993,262482009222,67282310,1,0
1994,262482354777,67315126,1,0
1995,262482675555,67346445,1,0
1996,262482995777,67381874,1,0
1997,262483347333,67416353,1,0
1998,262483688333,67453369,1,0
1999,262484065888,67482427,1,0
2000,262484353222,67514290,1,0
2001,262484672333,67550908,1,0
2002,262485029777,67581848,1,0
2003,262485346000,67615265,1,0
2004,262485674333,67647545,1,0
2005,262486005555,67682066,1,0
2006,262486351222,67713649,1,0
2007,262486668222,67749748,1,0
2008,262487026111,67782450,1,0
2009,262487339777,67814628,1,0
2010,262487675111,67849995,1,0
2011,262488029666,67882036,1,0
2012,262488348333,67914664,1,0
2013,262488678333,67947940,1,0
2014,262489011666,67982063,1,0
2015,262489349444,68015888,1,0
2016,262489684222,68051317,1,0
2017,262490036666,68084295,1,0
2018,262490356000,68114507,1,0
2019,262490674777,68149790,1,0
2020,262491021888,68182012,1,0
2021,262491342555,68215044,1,0
2022,262491673999,68249886,1,0
2023,262492024888,68282791,1,0
2024,262492359555,68315112,1,0
2025,262492679444,68349672,1,0
2026,262493025000,68383156,1,0
2027,262493354888,68416256,1,0
2028,262493685666,68450669,1,0
2029,262494034888,68484347,1,0
2030,262494370444,68517548,1,0
2031,262494701777,68549778,1,0
2032,262495026111,68585412,1,0
2033,262495382444,68616975,1,0
2034,262495692888,68649728,1,0
2035,262496024555,68686924,1,0
2036,262496390777,68715667,1,0
2037,262496676666,68748631,1,0
2038,262497014222,68784237,1,0
2039,262497355444,68816692,1,0
2040,262497692000,68850224,1,0
2041,262498027666,68886554,1,0
2042,262498386777,68916587,1,0
2043,262498693555,68950948,1,0
2044,262499030777,68984162,1,0
2045,262499358555,69019321,1,0
2046,262499706333,69049665,1,0
2047,262500024222,69086068,1,0
2048,262500385444,69116691,1,0
2049,262500696888,69151697,1,0
2050,262501028555,69184489,1,0
2051,262501368000,69218756,1,0
2052,262501715333,69250975,1,0
2053,262502036777,69284483,1,0
2054,262502371666,69316843,1,0
2055,262502696333,69349808,1,0
2056,262503028777,69387447,1,0
2057,262503402777,69416401,1,0
2058,262503686000,69452290,1,0
2059,262504030777,69484740,1,0
2060,262504378333,69517313,1,0
2061,262504701333,69549654,1,0
2062,262505025111,69584638,1,0
2063,262505376666,69616284,1,0
2064,262505692222,69653148,1,0
2065,262506051777,69683264,1,0
2066,262506363444,69716348,1,0
2067,262506689222,69749013,1,0
2068,262507020444,69784521,1,0
2069,262507373222,69819702,1,0
2070,262507704777,69851314,1,0
2071,262508039222,69883747,1,0
2072,262508362888,69918538,1,0
2073,262508713000,69950816,1,0
2074,262509031777,69985057,1,0
2075,262509377555,70016832,1,0
2076,262509699222,70052894,1,0
2077,262510036111,70084888,1,0
2078,262510378222,70119607,1,0
2079,262510720333,70151671,1,0
2080,262511039777,70184139,1,0
2081,262511371666,70217321,1,0
2082,262511700222,70249428,1,0
2083,262512024777,70285802,1,0
2084,262512381333,70316567,1,0
2085,262512696333,70349887,1,0
2086,262513026222,70383345,1,0
2087,262513362666,70417369,1,0
2088,262513704777,70455279,1,0
2089,262514077000,70488312,1,0
2090,262514412333,70519357,1,0
2091,262514724555,70551520,1,0
2092,262515044000,70585852,1,0
2093,262515363444,70618835,1,0
2094,262515708666,70651772,1,0
2095,262516037000,70684122,1,0
2096,262516368111,70718477,1,0
2097,262516705444,70752099,1,0
2098,262517048111,70785514,1,0
2099,262517370666,70818856,1,0
2100,262517713444,70853855,1,0
2101,262518063000,70884945,1,0
2102,262518367222,70917411,1,0
2103,262518703555,70952206,1,0
2104,262519051777,70984856,1,0
2105,262519379666,71017952,1,0
2106,262519704888,71053553,1,0
2107,262520057888,71084836,1,0
2108,262520372111,71118712,1,0
2109,262520714222,71153020,1,0
2110,262521055666,71185456,1,0
2111,262521384888,71217940,1,0
2112,262521710222,71253187,1,0
2113,262522060444,71286961,1,0
2114,262522386222,71321483,1,0
2115,262522735222,71353957,1,0
2116,262523065555,71385257,1,0
2117,262523382666,71420565,1,0
2118,262523733222,71452073,1,0
2119,262524053555,71486444,1,0
2120,262524393222,71520715,1,0
2121,262524733000,71552392,1,0
2122,262525050222,71585691,1,0
2123,262525384777,71622151,1,0
2124,262525747444,71652940,1,0
2125,262526054444,71684649,1,0
2126,262526379222,71720506,1,0
2127,262526732666,71754978,1,0
2128,262527062666,71785718,1,0
2129,262527387000,71819594,1,0
2130,262527723333,71853379,1,0
2131,262528064333,71885188,1,0
2132,262528383333,71920179,1,0
2133,262528731000,71952979,1,0
2134,262529059777,71986600,1,0
2135,262529387888,72022312,1,0
2136,262529751000,72055340,1,0
2137,262530069222,72086192,1,0
2138,262530391777,72119985,1,0
2139,262530727444,72154390,1,0
2140,262531063444,72188140,1,0
2141,262531410444,72219712,1,0
2142,262531722444,72288179,1,0
2143,262532410666,72362393,1,0
2144,262532410666,72367998,1,0
2145,262532410666,72374035,1,0
2146,262533074222,72385725,1,0
2147,262533386222,72420302,1,0
2148,262533733444,72453492,1,0
2149,262534059666,72488024,1,0
2150,262534397777,72518849,1,0
2151,262534719888,72553475,1,0
2152,262535065222,72589012,1,0
2153,262535417555,72619724,1,0
2154,262535724666,72655798,1,0
2155,262536088111,72686554,1,0
2156,262536393333,72719340,1,0
2157,262536723444,72753285,1,0
2158,262537061666,72789006,1,0
2159,262537419666,72819377,1,0
2160,262537722333,72854660,1,0
2161,262538076666,72886180,1,0
2162,262538393666,72921818,1,0
2163,262538741000,72954617,1,0
2164,262539069666,72986114,1,0
2165,262539389555,73022955,1,0
2166,262539760666,73053652,1,0
2167,262540065111,73086424,1,0
2168,262540390888,73121323,1,0
2169,262540742777,73154560,1,0
2170,262541066777,73189279,1,0
2171,262541414888,73220571,1,0
2172,262541729222,73255643,1,0
2173,262542073444,73287260,1,0
2174,262542399333,73319764,1,0
2175,262542729777,73353412,1,0
2176,262543060777,73388125,1,0
2177,262543403888,73422715,1,0
2178,262543757222,73455517,1,0
2179,262544072222,73487278,1,0
2180,262544401111,73520381,1,0
2181,262544729111,73555813,1,0
2182,262545082666,73586733,1,0
2183,262545395333,73620974,1,0
2184,262545734333,73655105,1,0
2185,262546079888,73687811,1,0
2186,262546400444,73720849,1,0
2187,262546739666,73755660,1,0
2188,262547072000,73786962,1,0
2189,262547400888,73822140,1,0
2190,262547746111,73856836,1,0
2191,262548094222,73887201,1,0
2192,262548399777,73922205,1,0
2193,262548748222,73955717,1,0
2194,262549079444,73987897,1,0
2195,262549399222,74023171,1,0
2196,262549755555,74057357,1,0
2197,262550095444,74090856,1,0
2198,262550435000,74121366,1,0
2199,262550737666,74155415,1,0
2200,262551080555,74190711,1,0
2201,262551437666,74221276,1,0
2202,262551743333,74260708,1,0
2203,262552132111,74287939,1,0
2204,262552409777,74323423,1,0
2205,262552739222,74357324,1,0
2206,262553099555,74389231,1,0
2207,262553422111,74422517,1,0
2208,262553744666,74457506,1,0
2209,262554096777,74490780,1,0
2210,262554419777,74524579,1,0
2211,262554773111,74555762,1,0
2212,262555085000,74588160,1,0
2213,262555405333,74621979,1,0
2214,262555749222,74655751,1,0
2215,262556087222,74689532,1,0
2216,262556422666,74722048,1,0
2217,262556753444,74757293,1,0
2218,262557088444,74789649,1,0
2219,262557415555,74823238,1,0
2220,262557761666,74857796,1,0
2221,262558105222,74888659,1,0
2222,262558413777,74923776,1,0
2223,262558769111,74955402,1,0
2224,262559084888,74988102,1,0
2225,262559409222,75022675,1,0
2226,262559748000,75055783,1,0
2227,262560080555,75089684,1,0
2228,262560424777,75123167,1,0
2229,262560764222,75158331,1,0
2230,262561113555,75192247,1,0
2231,262561454222,75222112,1,0
2232,262561745555,75255061,1,0
2233,262562077333,75291479,1,0
2234,262562446000,75325702,1,0
2235,262562786000,75355667,1,0
2236,262563084222,75389247,1,0
2237,262563417111,75424231,1,0
2238,262563772333,75454814,1,0
2239,262564076666,75493036,1,0
2240,262564453555,75522192,1,0
2241,262564749777,75555964,1,0
2242,262565090666,75590298,1,0
2243,262565432666,75622741,1,0
2244,262565751222,75656353,1,0
2245,262566088222,75691371,1,0
2246,262566440000,75721815,1,0
2247,262566747111,75755840,1,0
2248,262567090111,75789159,1,0
2249,262567421111,75822449,1,0
2250,262567749888,75858105,1,0
2251,262568094888,75890987,1,0
2252,262568435000,75923679,1,0
2253,262568763000,75958161,1,0
2254,262569106111,75989341,1,0
2255,262569422333,76023196,1,0
2256,262569756111,76057690,1,0
2257,262570105222,76093264,1,0
2258,262570461666,76125237,1,0
2259,262570774777,76156962,1,0
2260,262571097888,76191569,1,0
2261,262571438000,76222593,1,0
2262,262571756333,76257231,1,0
2263,262572102888,76291563,1,0
2264,262572446000,76324147,1,0
2265,262572771666,76358015,1,0
2266,262573106000,76390904,1,0
2267,262573437111,76422964,1,0
2268,262573750666,76454879,1,0
2269,262574079777,76491232,1,0
2270,262574440444,76522683,1,0
2271,262574757777,76557070,1,0
2272,262575102111,76590067,1,0
2273,262575428111,76623608,1,0
2274,262575767888,76656482,1,0
2275,262576087555,76693047,1,0
2276,262576454777,76723199,1,0
2277,262576762444,76757352,1,0
2278,262577099222,76795755,1,0
2279,262577487111,76823360,1,0
2280,262577763222,76859064,1,0
2281,262578119222,76894520,1,0
2282,262578436888,76925304,1,0
2283,262578773555,76956880,1,0
2284,262579097222,76994888,1,0
2285,262579469777,77024577,1,0
2286,262579771777,77056880,1,0
2287,262580091666,77092482,1,0
2288,262580455666,77125684,1,0
2289,262580777666,77158834,1,0
2290,262581111666,77191639,1,0
2291,262581446888,77226235,1,0
2292,262581795222,77259072,1,0
2293,262582121111,77292801,1,0
2294,262582448222,77324921,1,0
2295,262582782666,77360195,1,0
2296,262583112666,77390594,1,0
2297,262583435111,77427813,1,0
2298,262583803444,77459635,1,0
2299,262584115222,77492810,1,0
2300,262584448444,77525813,1,0
2301,262584788666,77556934,1,0
2302,262585099222,77591681,1,0
2303,262585436777,77628307,1,0
2304,262585811666,77657678,1,0
2305,262586103222,77690683,1,0
2306,262586436888,77724173,1,0
2307,262586770777,77758798,1,0
2308,262587112555,77789881,1,0
2309,262587429222,77826387,1,0
2310,262587788444,77860464,1,0
2311,262588128444,77892170,1,0
2312,262588447666,77927584,1,0
2313,262588802555,77957315,1,0
2314,262589104888,77992017,1,0
2315,262589444111,78024713,1,0
2316,262589777222,78059782,1,0
2317,262590123333,78096103,1,0
2318,262590479333,78125479,1,0
2319,262590784666,78160112,1,0
2320,262591129555,78193275,1,0
2321,262591457777,78225790,1,0
2322,262591786666,78263398,1,0
2323,262592160555,78293202,1,0
2324,262592447111,78325982,1,0
2325,262592783222,78360820,1,0
2326,262593131666,78392448,1,0
2327,262593452111,78430334,1,0
2328,262593827777,78459934,1,0
2329,262594125555,78493435,1,0
2330,262594452111,78528386,1,0
2331,262594801666,78558918,1,0
2332,262595119777,78591783,1,0
2333,262595448000,78628327,1,0
2334,262595808444,78661839,1,0
2335,262596141222,78692337,1,0
2336,262596450888,78726798,1,0
2337,262596794111,78759817,1,0
2338,262597113555,78792030,1,0
2339,262597450222,78825670,1,0
2340,262597785666,78861176,1,0
2341,262598137333,78895322,1,0
2342,262598481000,78926245,1,0
2343,262598793444,78959317,1,0
2344,262599117888,78992703,1,0
2345,262599453555,79025914,1,0
2346,262599788111,79060777,1,0
2347,262600138333,79092261,1,0
2348,262600449666,79126362,1,0
2349,262600794777,79160220,1,0
2350,262601123111,79193039,1,0
2351,262601462111,79226931,1,0
2352,262601789444,79260316,1,0
2353,262602132333,79294658,1,0
2354,262602477666,79325849,1,0
2355,262602785777,79359636,1,0
2356,262603127666,79392868,1,0
2357,262603457666,79426003,1,0
2358,262603789444,79462480,1,0
2359,262604151666,79493479,1,0
2360,262604464666,79527985,1,0
2361,262604809111,79564700,1,0
2362,262605171666,79592383,1,0
2363,262605455444,79626997,1,0
2364,262605800555,79663345,1,0
2365,262606161888,79694775,1,0
2366,262606462555,79728227,1,0
2367,262606811444,79762174,1,0
2368,262607144777,79792887,1,0
2369,262607458000,79825940,1,0
2370,262607790777,79861162,1,0
2371,262608142999,79893232,1,0
2372,262608463000,79927633,1,0
2373,262608802888,79961519,1,0
2374,262609146222,79993999,1,0
2375,262609466666,80026821,1,0
2376,262609794111,80062740,1,0
2377,262610152111,80094345,1,0
2378,262610471666,80128033,1,0
2379,262610792222,80161773,1,0
2380,262611142222,80193625,1,0
2381,262611462222,80228831,1,0
2382,262611813777,80261520,1,0
2383,262612140888,80294283,1,0
2384,262612468666,80327257,1,0
2385,262612803555,80364182,1,0
2386,262613150888,80395331,1,0
2387,262613475555,80426202,1,0
2388,262613793444,80462159,1,0
2389,262614151666,80494439,1,0
2390,262614476666,80529705,1,0
2391,262614809777,80561850,1,0
2392,262615143444,80594545,1,0
2393,262615469777,80629276,1,0
2394,262615809222,80663463,1,0
2395,262616152666,80695606,1,0
2396,262616467666,80727013,1,0
2397,262616793666,80762155,1,0
2398,262617146666,80796351,1,0
2399,262617481333,80831536,1,0
2400,262617844777,80863609,1,0
2401,262618152222,80895109,1,0
2402,262618478000,80928423,1,0
2403,262618812666,80960284,1,0
2404,262619133444,80996827,1,0
2405,262619498666,81027898,1,0
2406,262619808333,81061929,1,0
2407,262620143333,81095327,1,0
2408,262620474777,81128751,1,0
2409,262620809777,81162137,1,0
2410,262621150222,81200984,1,0
2411,262621534666,81227603,1,0
2412,262621805555,81260641,1,0
2413,262622136000,81294190,1,0
2414,262622472111,81328128,1,0
2415,262622808555,81361089,1,0
2416,262623141000,81395048,1,0
2417,262623482555,81427059,1,0
2418,262623801666,81460887,1,0
2419,262624137444,81495049,1,0
2420,262624481000,81527237,1,0
2421,262624802666,81562087,1,0
2422,262625143444,81595534,1,0
2423,262625484777,81628664,1,0
2424,262625817111,81664713,1,0
2425,262626169222,81696207,1,0
2426,262626491111,81728408,1,0
2427,262626813333,81765041,1,0
2428,262627168444,81795516,1,0
2429,262627483333,81832302,1,0
2430,262627841666,81862355,1,0
2431,262628152222,81895619,1,0
2432,262628485111,81929120,1,0
2433,262628818111,81962095,1,0
2434,262629142333,81995621,1,0
2435,262629485222,82032310,1,0
2436,262629836666,82063434,1,0
2437,262630161000,82095259,1,0
2438,262630482111,82129814,1,0
2439,262630823888,82162352,1,0
2440,262631149111,82195730,1,0
2441,262631484111,82230930,1,0
2442,262631835222,82261714,1,0
2443,262632145444,82295940,1,0
2444,262632490333,82329676,1,0
2445,262632821000,82364689,1,0
2446,262633168111,82397621,1,0
2447,262633501888,82430535,1,0
2448,262633829111,82465424,1,0
2449,262634180444,82503172,1,0
2450,262634559111,82529015,1,0
2451,262634818666,82564021,1,0
2452,262635167888,82598206,1,0
2453,262635500666,82628904,1,0
2454,262635818222,82665447,1,0
2455,262636168555,82697639,1,0
2456,262636496111,82729945,1,0
2457,262636824555,82763370,1,0
2458,262637165000,82795972,1,0
2459,262637484222,82829775,1,0
2460,262637828444,82864440,1,0
2461,262638173000,82897650,1,0
2462,262638505666,82930623,1,0
2463,262638834111,82964877,1,0
2464,262639167777,82998647,1,0
2465,262639513111,83029502,1,0
2466,262639824111,83064832,1,0
2467,262640168444,83096830,1,0
2468,262640494666,83130438,1,0
2469,262640827777,83163157,1,0
2470,262641155666,83198335,1,0
2471,262641505777,83231731,1,0
2472,262641844777,83266273,1,0
2473,262642188666,83298561,1,0
2474,262642515888,83332416,1,0
2475,262642836555,83364873,1,0
2476,262643178444,83396739,1,0
2477,262643495555,83433129,1,0
2478,262643836666,83463068,1,0
2479,262644159111,83500645,1,0
2480,262644531666,83532758,1,0
2481,262644855333,83564113,1,0
2482,262645171000,83596963,1,0
2483,262645499111,83631695,1,0
2484,262645850111,83665452,1,0
2485,262646178000,83696528,1,0
2486,262646495111,83734017,1,0
2487,262646869666,83765372,1,0
2488,262647169111,83797798,1,0
2489,262647509000,83831434,1,0
2490,262647846666,83865597,1,0
2491,262648184888,83898688,1,0
2492,262648516777,83935584,1,0
2493,262648879666,83964756,1,0
2494,262649173333,83997450,1,0
2495,262649502111,84034038,1,0
2496,262649871666,84065071,1,0
2497,262650174777,84098476,1,0
2498,262650497111,84135248,1,0
2499,262650863000,84165679,1,0
2500,262651181000,84197379,1,0
2501,262651504111,84232525,1,0
2502,262651837111,84264962,1,0
2503,262652173444,84296674,1,0
2504,262652495888,84333025,1,0
2505,262652855666,84365471,1,0
2506,262653177222,84400774,1,0
2507,262653532111,84432721,1,0
2508,262653855666,84464481,1,0
2509,262654172444,84501307,1,0
2510,262654543444,84531707,1,0
2511,262654843444,84569661,1,0
2512,262655215888,84599758,1,0
2513,262655519666,84632000,1,0
2514,262655849777,84666619,1,0
2515,262656189777,84698022,1,0
2516,262656508555,84732147,1,0
2517,262656848111,84764891,1,0
2518,262657178666,84798881,1,0
2519,262657514222,84833311,1,0
2520,262657853444,84866630,1,0
2521,262658193555,84900328,1,0
2522,262658533555,84932538,1,0
2523,262658856555,84964984,1,0
2524,262659180222,85000877,1,0
2525,262659538333,85033345,1,0
2526,262659855222,85065707,1,0
2527,262660176666,85098127,1,0
2528,262660511000,85133756,1,0
2529,262660861888,85165569,1,0
2530,262661182666,85201013,1,0
2531,262661538888,85232189,1,0
2532,262661848888,85266798,1,0
2533,262662199111,85298624,1,0
2534,262662512222,85332630,1,0
2535,262662848555,85367772,1,0
2536,262663202888,85400322,1,0
2537,262663526444,85435388,1,0
2538,262663873333,85466560,1,0
2539,262664182222,85499362,1,0
2540,262664515666,85536248,1,0
2541,262664885000,85566709,1,0
2542,262665193666,85597944,1,0
2543,262665509777,85632519,1,0
2544,262665855666,85666326,1,0
2545,262666193111,85698636,1,0
2546,262666516666,85733421,1,0
2547,262666859222,85765555,1,0
2548,262667183000,85798119,1,0
2549,262667511333,85832059,1,0
2550,262667849222,85865624,1,0
2551,262668183888,85899137,1,0
2552,262668518444,85936836,1,0
2553,262668894111,85966749,1,0
2554,262669199555,86002247,1,0
2555,262669542888,86038200,1,0
2556,262669909555,86066237,1,0
2557,262670191666,86103047,1,0
2558,262670560555,86133392,1,0
2559,262670865111,86167192,1,0
2560,262671199666,86199413,1,0
2561,262671521666,86233391,1,0
2562,262671855777,86268311,1,0
2563,262672208555,86299927,1,0
2564,262672523111,86332750,1,0
2565,262672859888,86366307,1,0
2566,262673191666,86400659,1,0
2567,262673535444,86435302,1,0
2568,262673884888,86468582,1,0
2569,262674207333,86502330,1,0
2570,262674536222,86536537,1,0
2571,262674897111,86567744,1,0
2572,262675207222,86600778,1,0
2573,262675533222,86633323,1,0
2574,262675853666,86668455,1,0
2575,262676213333,86701363,1,0
2576,262676537777,86734818,1,0
2577,262676873333,86767741,1,0
2578,262677197333,86801664,1,0
2579,262677545111,86833233,1,0
2580,262677860555,86868024,1,0
2581,262678209333,86900692,1,0
2582,262678532333,86934860,1,0
2583,262678869222,86967363,1,0
2584,262679204888,87000093,1,0
2585,262679527111,87034925,1,0
2586,262679875111,87069373,1,0
2587,262680226000,87101522,1,0
2588,262680544666,87134628,1,0
2589,262680872555,87169340,1,0
2590,262681213666,87200248,1,0
2591,262681530555,87233339,1,0
2592,262681865666,87266783,1,0
2593,262682198444,87301866,1,0
2594,262682546555,87334171,1,0
2595,262682872333,87368068,1,0
2596,262683211000,87403382,1,0
2597,262683560111,87436263,1,0
2598,262683891555,87468884,1,0
2599,262684213666,87501772,1,0
2600,262684545444,87535815,1,0
2601,262684887111,87569423,1,0
2602,262685222444,87602557,1,0
2603,262685552777,87635095,1,0
2604,262685873444,87670180,1,0
2605,262686229666,87701476,1,0
2606,262686538111,87735456,1,0
2607,262686874111,87769537,1,0
2608,262687217666,87801916,1,0
2609,262687548444,87835216,1,0
2610,262687875777,87871081,1,0
2611,262688232333,87904037,1,0
2612,262688558888,87936613,1,0
2613,262688873777,87970141,1,0
2614,262689224000,88005033,1,0
2615,262689559111,88036513,1,0
2616,262689887555,88071186,1,0
2617,262690230666,88102111,1,0
2618,262690543444,88137719,1,0
2619,262690902333,88170312,1,0
2620,262691217333,88202764,1,0
2621,262691545222,88235595,1,0
2622,262691872777,88270020,1,0
2623,262692226000,88302438,1,0
2624,262692544222,88335964,1,0
2625,262692876666,88369178,1,0
2626,262693217444,88402766,1,0
2627,262693555888,88435902,1,0
2628,262693880666,88469160,1,0
2629,262694217222,88502191,1,0
2630,262694546000,88538029,1,0
2631,262694904555,88572102,1,0
2632,262695235888,88601895,1,0
2633,262695544555,88636113,1,0
2634,262695885555,88673700,1,0
2635,262696264222,88703271,1,0
2636,262696557666,88736519,1,0
2637,262696889555,88772989,1,0
2638,262697254555,88803406,1,0
2639,262697557222,88835811,1,0
2640,262697881333,88871793,1,0
2641,262698243666,88903130,1,0
2642,262698554666,88936557,1,0
2643,262698888666,88971453,1,0
2644,262699235333,89003908,1,0
2645,262699556555,89038126,1,0
2646,262699892555,89070505,1,0
2647,262700231666,89104050,1,0
2648,262700562555,89136888,1,0
2649,262700885555,89170347,1,0
2650,262701226555,89202335,1,0
2651,262701547888,89236611,1,0
2652,262701883555,89271723,1,0
2653,262702232111,89303846,1,0
2654,262702560444,89336077,1,0
2655,262702884777,89369922,1,0
2656,262703220444,89403630,1,0
2657,262703550777,89438625,1,0
2658,262703909555,89470325,1,0
2659,262704227555,89505664,1,0
2660,262704564111,89540445,1,0
2661,262704925555,89569466,1,0
2662,262705219444,89606594,1,0
2663,262705584777,89637504,1,0
2664,262705899111,89671306,1,0
2665,262706235111,89703679,1,0
2666,262706558444,89738731,1,0
2667,262706897555,89772092,1,0
2668,262707230888,89805179,1,0
2669,262707575444,89837185,1,0
2670,262707892444,89871181,1,0
2671,262708234888,89909789,1,0
2672,262708613444,89937929,1,0
2673,262708902000,89971564,1,0
2674,262709234888,90004606,1,0
2675,262709570555,90039140,1,0
2676,262709910000,90072059,1,0
2677,262710241666,90108174,1,0
2678,262710603666,90138532,1,0
2679,262710903333,90172456,1,0
2680,262711245333,90207596,1,0
2681,262711586777,90240225,1,0
2682,262711928222,90270965,1,0
2683,262712233555,90306257,1,0
2684,262712583000,90340349,1,0
2685,262712914666,90372726,1,0
2686,262713249777,90408199,1,0
2687,262713607888,90438130,1,0
2688,262713901666,90471904,1,0
2689,262714235999,90504884,1,0
2690,262714576555,90538714,1,0
2691,262714914555,90571291,1,0
2692,262715243333,90603821,1,0
2693,262715567111,90636596,1,0
2694,262715895777,90672175,1,0
2695,262716246555,90705677,1,0
2696,262716586444,90739190,1,0
2697,262716915444,90772576,1,0
2698,262717255111,90805242,1,0
2699,262717580777,90837024,1,0
2700,262717901555,90874708,1,0
2701,262718259333,90905277,1,0
2702,262718580888,90939314,1,0
2703,262718922333,90970964,1,0
2704,262719238333,91004847,1,0
2705,262719575555,91038644,1,0
2706,262719911555,91071792,1,0
2707,262720245555,91104606,1,0
2708,262720572555,91138789,1,0
2709,262720909111,91174984,1,0
2710,262721267777,91205128,1,0
2711,262721574666,91239493,1,0
2712,262721918333,91272580,1,0
2713,262722250777,91305519,1,0
2714,262722580000,91341677,1,0
2715,262722923333,91372213,1,0
2716,262723241666,91408547,1,0
2717,262723579111,91438019,1,0
2718,262723909222,91473493,1,0
2719,262724262777,91505601,1,0
2720,262724584555,91541161,1,0
2721,262724940777,91571767,1,0
2722,262725245555,91605400,1,0
2723,262725579111,91639742,1,0
2724,262725925888,91672118,1,0
2725,262726249555,91705752,1,0
2726,262726581777,91739532,1,0
2727,262726917111,91773096,1,0
2728,262727257111,91809000,1,0
2729,262727615444,91840892,1,0
2730,262727928444,91873391,1,0
2731,262728260111,91905215,1,0
2732,262728574333,91939911,1,0
2733,262728916555,91973333,1,0
2734,262729253555,92007053,1,0
2735,262729595555,92039186,1,0
2736,262729918222,92074638,1,0
2737,262730260888,92106948,1,0
2738,262730596555,92140857,1,0
2739,262730928222,92173903,1,0
2740,262731263555,92206995,1,0
2741,262731588555,92240338,1,0
2742,262731928888,92275615,1,0
2743,262732279111,92306856,1,0
2744,262732591555,92339498,1,0
2745,262732920000,92374060,1,0
2746,262733270777,92405660,1,0
2747,262733584555,92439351,1,0
2748,262733920555,92474119,1,0
2749,262734265777,92506084,1,0
2750,262734585888,92542841,1,0
2751,262734950222,92574036,1,0
2752,262735264111,92607542,1,0
2753,262735592666,92644799,1,0
2754,262735964111,92674298,1,0
2755,262736264777,92707970,1,0
2756,262736599555,92740842,1,0
2757,262736929111,92776099,1,0
2758,262737265333,92808077,1,0
2759,262737597000,92839980,1,0
2760,262737921444,92875888,1,0
2761,262738276666,92906735,1,0
2762,262738586555,92939692,1,0
2763,262738922333,92973327,1,0
2764,262739255555,93007455,1,0
2765,262739593333,93039712,1,0
2766,262739924222,93073585,1,0
2767,262740260666,93107324,1,0
2768,262740598555,93140193,1,0
2769,262740924222,93178384,1,0
2770,262741304777,93208581,1,0
2771,262741607666,93243036,1,0
2772,262741943444,93275660,1,0
2773,262742281000,93308621,1,0
2774,262742610555,93341372,1,0
2775,262742940888,93376048,1,0
2776,262743291555,93409385,1,0
2777,262743620111,93442010,1,0
2778,262743945000,93476546,1,0
2779,262744281666,93508305,1,0
2780,262744601666,93542212,1,0
2781,262744944111,93577415,1,0
2782,262745282333,93608901,1,0
2783,262745609555,93641577,1,0
2784,262745942111,93676276,1,0
2785,262746281666,93707415,1,0
2786,262746597111,93740934,1,0
2787,262746936555,93775487,1,0
2788,262747274777,93807464,1,0
2789,262747599000,93842051,1,0
2790,262747936999,93875451,1,0
2791,262748272666,93910314,1,0
2792,262748625555,93943422,1,0
2793,262748956444,93976874,1,0
2794,262749290666,94007748,1,0
2795,262749605444,94076756,1,0
2796,262750289333,94150695,1,0
2797,262750289333,94157081,1,0
2798,262750289333,94163101,1,0
2799,262750942666,94178135,1,0
2800,262751294555,94209056,1,0
2801,262751617777,94243048,1,0
2802,262751949888,94277507,1,0
2803,262752288555,94308717,1,0
2804,262752612999,94341358,1,0
2805,262752934888,94375759,1,0
2806,262753286999,94409079,1,0
2807,262753611555,94443381,1,0
2808,262753957333,94476374,1,0
2809,262754287888,94507630,1,0
2810,262754604666,94546194,1,0
2811,262754985444,94574630,1,0
2812,262755272333,94609655,1,0
2813,262755623222,94642693,1,0
2814,262755943555,94675920,1,0
2815,262756285888,94708095,1,0
2816,262756607000,94744309,1,0
2817,262756968000,94775198,1,0
2818,262757278111,94809066,1,0
2819,262757617000,94845102,1,0
2820,262757977111,94875993,1,0
2821,262758282666,94908404,1,0
2822,262758609777,94946007,1,0
2823,262758973000,94975238,1,0
2824,262759274555,95010215,1,0
2825,262759624555,95043073,1,0
2826,262759949888,95076249,1,0
2827,262760284000,95110097,1,0
2828,262760612444,95143455,1,0
2829,262760945888,95177193,1,0
2830,262761284000,95209922,1,0
2831,262761621555,95245606,1,0
2832,262761976555,95277259,1,0
2833,262762288888,95309751,1,0
2834,262762612666,95347085,1,0
2835,262762967222,95376600,1,0
2836,262763290111,95409862,1,0
2837,262763626111,95441542,1,0
2838,262763944666,95477179,1,0
2839,262764300222,95510360,1,0
2840,262764630222,95542686,1,0
2841,262764950222,95576318,1,0
2842,262765284111,95611567,1,0
2843,262765636888,95643792,1,0
2844,262765960444,95676895,1,0
2845,262766296000,95712308,1,0
2846,262766630777,95742145,1,0
2847,262766948555,95777510,1,0
2848,262767293666,95812285,1,0
2849,262767644555,95846785,1,0
2850,262767972000,95876509,1,0
2851,262768285333,95918591,1,0
2852,262768705111,95946128,1,0
2853,262768963666,95977113,1,0
2854,262769298111,96013057,1,0
2855,262769655777,96046822,1,0
2856,262769967111,96078011,1,0
2857,262770302888,96114986,1,0
2858,262770671888,96144231,1,0
2859,262770964555,96177702,1,0
2860,262771303333,96212964,1,0
2861,262771649444,96243335,1,0
2862,262771952666,96277414,1,0
2863,262772295000,96314295,1,0
2864,262772668000,96346515,1,0
2865,262772987222,96380579,1,0
2866,262773326666,96410961,1,0
2867,262773639333,96443437,1,0
2868,262773963111,96477109,1,0
2869,262774293222,96509773,1,0
2870,262774622777,96547945,1,0
2871,262775003666,96577185,1,0
2872,262775297666,96611276,1,0
2873,262775639888,96646436,1,0
2874,262775989222,96678129,1,0
2875,262776307444,96709672,1,0
2876,262776624111,96748919,1,0
2877,262777007888,96776944,1,0
2878,262777295222,96810876,1,0
2879,262777635333,96843335,1,0
2880,262777961000,96878980,1,0
2881,262778303111,96912241,1,0
2882,262778647777,96945358,1,0
2883,262778970333,96978517,1,0
2884,262779295888,97010802,1,0
2885,262779629333,97043580,1,0
2886,262779960222,97078113,1,0
2887,262780305555,97112729,1,0
2888,262780655555,97147074,1,0
2889,262780982222,97182241,1,0
2890,262781341555,97211046,1,0
2891,262781631000,97244032,1,0
2892,262781963555,97279790,1,0
2893,262782321555,97311846,1,0
2894,262782642555,97344647,1,0
2895,262782970555,97381314,1,0
2896,262783340111,97410920,1,0
2897,262783632111,97448597,1,0
2898,262784006555,97479477,1,0
2899,262784318555,97512702,1,0
2900,262784646000,97548115,1,0
2901,262785003666,97579977,1,0
2902,262785311444,97612579,1,0
2903,262785637888,97647122,1,0
2904,262785988555,97681748,1,0
2905,262786326777,97714801,1,0
2906,262786643777,97748538,1,0
2907,262786996000,97780706,1,0
2908,262787320777,97812039,1,0
2909,262787646555,97846557,1,0
2910,262787992111,97877399,1,0
2911,262788301555,97913917,1,0
2912,262788656444,97947399,1,0
2913,262789000111,97980321,1,0
2914,262789327000,98019208,1,0
2915,262789715000,98046286,1,0
2916,262789990222,98079647,1,0
2917,262790322111,98112663,1,0
2918,262790652222,98147616,1,0
2919,262790987666,98179686,1,0
2920,262791304111,98214944,1,0
2921,262791675777,98247522,1,0
2922,262792001777,98279303,1,0
2923,262792320222,98311669,1,0
2924,262792644666,98345949,1,0
2925,262792977000,98379305,1,0
2926,262793315888,98412199,1,0
2927,262793644777,98448039,1,0
2928,262794008000,98479077,1,0
2929,262794311555,98515459,1,0
2930,262794673555,98545362,1,0
2931,262794979777,98578660,1,0
2932,262795313444,98614769,1,0
2933,262795668222,98648713,1,0
2934,262796013222,98679882,1,0
2935,262796318444,98715775,1,0
2936,262796684111,98747306,1,0
2937,262796996888,98781191,1,0
2938,262797322666,98814754,1,0
2939,262797664555,98855180,1,0
2940,262798070000,98878786,1,0
2941,262798311555,98913592,1,0
2942,262798661333,98945909,1,0
2943,262798980555,98983337,1,0
2944,262799359555,99014073,1,0
2945,262799659666,99046451,1,0
2946,262799986555,99082040,1,0
2947,262800338555,99112012,1,0
2948,262800649888,99147558,1,0
2949,262800988000,99184586,1,0
2950,262801361000,99213311,1,0
2951,262801659888,99245497,1,0
2952,262801985666,99283940,1,0
2953,262802370111,99314410,1,0
2954,262802666444,99347436,1,0
2955,262803001111,99379211,1,0
2956,262803318666,99415376,1,0
2957,262803677333,99449674,1,0
2958,262804025888,99484723,1,0
2959,262804377222,99519844,1,0
2960,262804722000,99548079,1,0
2961,262805005777,99580994,1,0
2962,262805338333,99613908,1,0
2963,262805667222,99646747,1,0
2964,262805993444,99681489,1,0
2965,262806341555,99712790,1,0
2966,262806655888,99746570,1,0
2967,262806996666,99781123,1,0
2968,262807334888,99815912,1,0
2969,262807678000,99846824,1,0
2970,262807990888,99883542,1,0
2971,262808361666,99914494,1,0
2972,262808666111,99947151,1,0
2973,262808991777,99982135,1,0
2974,262809340777,100014553,1,0
2975,262809665333,100046639,1,0
2976,262809990111,100083030,1,0
2977,262810344111,100117003,1,0
2978,262810696666,100148380,1,0
2979,262810994444,100183970,1,0
2980,262811360333,100215560,1,0
2981,262811678222,100247497,1,0
2982,262811990666,100283708,1,0
2983,262812358666,100314063,1,0
2984,262812665666,100347350,1,0
2985,262812994444,100382043,1,0
2986,262813348444,100413892,1,0
2987,262813662222,100448567,1,0
2988,262814009000,100482131,1,0
2989,262814342666,100515828,1,0
2990,262814683333,100549236,1,0
2991,262815018111,100582420,1,0
2992,262815350222,100614081,1,0
2993,262815665111,100648379,1,0
2994,262816009111,100683133,1,0
2995,262816357000,100720603,1,0
2996,262816725333,100750933,1,0
2997,262817033777,100782519,1,0
2998,262817349666,100816967,1,0
2999,262817693888,100850038,1,0
3000,262818027555,100882451,1,0
3001,262818348333,100918664,1,0
3002,262818709333,100948160,1,0
3003,262819002444,100981856,1,0
3004,262819345777,101016127,1,0
3005,262819683777,101048411,1,0
3006,262820002444,101081426,1,0
3007,262820335000,101121026,1,0
3008,262820688888,101148577,1,0
3009,262821004888,101181951,1,0
3010,262821335555,101217422,1,0
3011,262821699000,101247982,1,0
3012,262822000888,101283512,1,0
3013,262822360222,101314280,1,0
3014,262822669000,101348976,1,0
3015,262823012888,101384874,1,0
3016,262823375333,101415162,1,0
3017,262823670888,101448809,1,0
3018,262824014000,101483128,1,0
3019,262824355111,101518692,1,0
3020,262824711000,101547712,1,0
3021,262825003666,101582934,1,0
3022,262825355777,101616012,1,0
3023,262825679222,101648734,1,0
3024,262826009111,101682873,1,0
3025,262826355777,101715735,1,0
3026,262826675888,101749286,1,0
3027,262827015111,101782818,1,0
3028,262827351000,101818822,1,0
3029,262827700222,101850876,1,0
3030,262828031000,101883743,1,0
3031,262828354000,101919662,1,0
3032,262828704888,101949378,1,0
3033,262829016444,101982495,1,0
3034,262829347555,102016969,1,0
3035,262829688888,102050876,1,0
3036,262830032222,102084355,1,0
3037,262830361111,102117058,1,0
3038,262830691666,102149779,1,0
3039,262831013111,102183456,1,0
3040,262831350888,102217527,1,0
3041,262831693111,102255129,1,0
3042,262832025555,102284622,1,0
3043,262832367777,102318900,1,0
3044,262832710000,102352916,1,0
3045,262833025111,102385582,1,0
3046,262833357444,102417150,1,0
3047,262833689222,102451584,1,0
3048,262834027888,102483956,1,0
3049,262834364000,102518435,1,0
3050,262834693888,102551255,1,0
3051,262835016555,102586282,1,0
3052,262835377111,102617944,1,0
3053,262835689777,102652442,1,0
3054,262836037666,102683069,1,0
3055,262836355111,102718863,1,0
3056,262836710333,102749939,1,0
3057,262837019333,102783917,1,0
3058,262837355888,102817976,1,0
3059,262837701444,102849760,1,0
3060,262838023888,102885857,1,0
3061,262838378888,102917652,1,0
3062,262838702333,102951073,1,0
3063,262839028888,102984240,1,0
3064,262839364000,103017134,1,0
3065,262839697888,103051760,1,0
3066,262840034444,103085030,1,0
3067,262840365444,103120634,1,0
3068,262840726333,103152038,1,0
3069,262841039444,103185163,1,0
3070,262841377000,103218454,1,0
3071,262841707000,103251430,1,0
3072,262842043666,103287203,1,0
3073,262842388333,103319675,1,0
3074,262842719666,103352858,1,0
3075,262843052555,103382652,1,0
3076,262843356444,103418527,1,0
3077,262843710111,103451369,1,0
3078,262844032777,103485354,1,0
3079,262844379222,103520107,1,0
3080,262844722444,103551324,1,0
3081,262845029444,103584545,1,0
3082,262845367444,103617334,1,0
3083,262845698444,103651249,1,0
3084,262846037555,103685315,1,0
3085,262846380555,103719685,1,0
3086,262846720555,103752161,1,0
3087,262847039000,103784920,1,0
3088,262847374000,103818901,1,0
3089,262847711444,103851775,1,0
3090,262848040555,103885691,1,0
3091,262848381999,103919807,1,0
3092,262848722000,103952137,1,0
3093,262849040333,103985958,1,0
3094,262849377444,104019197,1,0
3095,262849718111,104054363,1,0
3096,262850059111,104085936,1,0
3097,262850373333,104119043,1,0
3098,262850713555,104152896,1,0
3099,262851047555,104186126,1,0
3100,262851384888,104219840,1,0
3101,262851718000,104251902,1,0
3102,262852042000,104286313,1,0
3103,262852376555,104320252,1,0
3104,262852729000,104352062,1,0
3105,262853041555,104385518,1,0
3106,262853380666,104417555,1,0
3107,262853707777,104452896,1,0
3108,262854049444,104486218,1,0
3109,262854386555,104518150,1,0
3110,262854709555,104555153,1,0
3111,262855080000,104587553,1,0
3112,262855396444,104618740,1,0
3113,262855710333,104652522,1,0
3114,262856052555,104685548,1,0
3115,262856374444,104720073,1,0
3116,262856722444,104752630,1,0
3117,262857044888,104786279,1,0
3118,262857385000,104820367,1,0
3119,262857723222,104854038,1,0
3120,262858054555,104886150,1,0
3121,262858382222,104922018,1,0
3122,262858723444,104957772,1,0
3123,262859090666,104986067,1,0
3124,262859380888,105020042,1,0
3125,262859715666,105053090,1,0
3126,262860049888,105086702,1,0
3127,262860387000,105122086,1,0
3128,262860737555,105154500,1,0
3129,262861060777,105186113,1,0
3130,262861387333,105218347,1,0
3131,262861707555,105252560,1,0
3132,262862053000,105287408,1,0
3133,262862399000,105319735,1,0
3134,262862725444,105352052,1,0
3135,262863046444,105385527,1,0
3136,262863380444,105419887,1,0
3137,262863726555,105453664,1,0
3138,262864064444,105486835,1,0
3139,262864392888,105519916,1,0
3140,262864721555,105553304,1,0
3141,262865058333,105590064,1,0
3142,262865422666,105619943,1,0
3143,262865714111,105652848,1,0
3144,262866054555,105688723,1,0
3145,262866413444,105720644,1,0
3146,262866725555,105752749,1,0
3147,262867050333,105786544,1,0
3148,262867390444,105819647,1,0
3149,262867717333,105853598,1,0
3150,262868057888,105887711,1,0
3151,262868402444,105920739,1,0
3152,262868731555,105953339,1,0
3153,262869060222,105987724,1,0
3154,262869400666,106020659,1,0
3155,262869732000,106053982,1,0
3156,262870062777,106087532,1,0
3157,262870394444,106122401,1,0
3158,262870748555,106155437,1,0
3159,262871071444,106187059,1,0
3160,262871395777,106220311,1,0
3161,262871722000,106255255,1,0
3162,262872074555,106287151,1,0
3163,262872394000,106323208,1,0
3164,262872748444,106356714,1,0
3165,262873069444,106389046,1,0
3166,262873415333,106424101,1,0
3167,262873767777,106453769,1,0
3168,262874059000,106489242,1,0
3169,262874418000,106520254,1,0
3170,262874725555,106554511,1,0
3171,262875064444,106586987,1,0
3172,262875392555,106621381,1,0
3173,262875735555,106655085,1,0
3174,262876072000,106687846,1,0
3175,262876405111,106724129,1,0
3176,262876765777,106754061,1,0
3177,262877064777,106788813,1,0
3178,262877399000,106821345,1,0
3179,262877729555,106855937,1,0
3180,262878068222,106887097,1,0
3181,262878397000,106921801,1,0
3182,262878740888,106955168,1,0
3183,262879075111,106988304,1,0
3184,262879405555,107026951,1,0
3185,262879775666,107056854,1,0
3186,262880086555,107091591,1,0
3187,262880437555,107124310,1,0
3188,262880761444,107156087,1,0
3189,262881066888,107188175,1,0
3190,262881397222,107224111,1,0
3191,262881754000,107255471,1,0
3192,262882070000,107288748,1,0
3193,262882409000,107323123,1,0
3194,262882744111,107356841,1,0
3195,262883065333,107391017,1,0
3196,262883419888,107423624,1,0
3197,262883746555,107456067,1,0
3198,262884067111,107490562,1,0
3199,262884424111,107524915,1,0
3200,262884762333,107555407,1,0
3201,262885080000,107590732,1,0
3202,262885418000,107621864,1,0
3203,262885742111,107654692,1,0
3204,262886068333,107691608,1,0
3205,262886444555,107723721,1,0
3206,262886754111,107755615,1,0
3207,262887075666,107788650,1,0
3208,262887413333,107822209,1,0
3209,262887747000,107858016,1,0
3210,262888099000,107891715,1,0
3211,262888436000,107924827,1,0
3212,262888759444,107960401,1,0
3213,262889106222,107988313,1,0
3214,262889409888,108022794,1,0
3215,262889748666,108054734,1,0
3216,262890075111,108088682,1,0
3217,262890414444,108122675,1,0
3218,262890755111,108156827,1,0
3219,262891096444,108189654,1,0
3220,262891421555,108222416,1,0
3221,262891756666,108256438,1,0
3222,262892092888,108288308,1,0
3223,262892416444,108323844,1,0
3224,262892765888,108355207,1,0
3225,262893082666,108389591,1,0
3226,262893424000,108422803,1,0
3227,262893754555,108455345,1,0
3228,262894079444,108488977,1,0
3229,262894415000,108526587,1,0
3230,262894789888,108555182,1,0
3231,262895084111,108588459,1,0
3232,262895418555,108622286,1,0
3233,262895751444,108655471,1,0
3234,262896081111,108688486,1,0
3235,262896415000,108724987,1,0
3236,262896780666,108754921,1,0
3237,262897079000,108789842,1,0
3238,262897419444,108822536,1,0
3239,262897750333,108856310,1,0
3240,262898090222,108891896,1,0
3241,262898440111,108922358,1,0
3242,262898753333,108956431,1,0
3243,262899091888,108991975,1,0
3244,262899439444,109022354,1,0
3245,262899755000,109055637,1,0
3246,262900084555,109092539,1,0
3247,262900436111,109126042,1,0
3248,262900783888,109163511,1,0
3249,262901149111,109189054,1,0
3250,262901420111,109222975,1,0
3251,262901752444,109259073,1,0
3252,262902110444,109289100,1,0
3253,262902424000,109323937,1,0
3254,262902769444,109357090,1,0
3255,262903097888,109389497,1,0
3256,262903421888,109423193,1,0
3257,262903760555,109455686,1,0
3258,262904087555,109491106,1,0
3259,262904440333,109524550,1,0
3260,262904774000,109556320,1,0
3261,262905087888,109591885,1,0
3262,262905434000,109622980,1,0
3263,262905756555,109656096,1,0
3264,262906089444,109691379,1,0
3265,262906436777,109725302,1,0
3266,262906761000,109759748,1,0
3267,262907105888,109794231,1,0
3268,262907468000,109824027,1,0
3269,262907759000,109858331,1,0
3270,262908107000,109892540,1,0
3271,262908454444,109929519,1,0
3272,262908816888,109958918,1,0
3273,262909105777,109990172,1,0
3274,262909428888,110022741,1,0
3275,262909756111,110060020,1,0
3276,262910122555,110091186,1,0
3277,262910435000,110123505,1,0
3278,262910763000,110157658,1,0
3279,262911095333,110191428,1,0
3280,262911430111,110224737,1,0
3281,262911765000,110257391,1,0
3282,262912104444,110292084,1,0
3283,262912441000,110327829,1,0
3284,262912802444,110358101,1,0
3285,262913113444,110392227,1,0
3286,262913442000,110430017,1,0
3287,262913807222,110457418,1,0
3288,262914104444,110490664,1,0
3289,262914436444,110525837,1,0
3290,262914780444,110557722,1,0
3291,262915108222,110592139,1,0
3292,262915452777,110629988,1,0
3293,262915823888,110658228,1,0
3294,262916109444,110691146,1,0
3295,262916444444,110725914,1,0
3296,262916784444,110758761,1,0
3297,262917104777,110791394,1,0
3298,262917440888,110827062,1,0
3299,262917796666,110858013,1,0
3300,262918102888,110892073,1,0
3301,262918449222,110925168,1,0
3302,262918778333,110957833,1,0
3303,262919107888,110992353,1,0
3304,262919443888,111027265,1,0
3305,262919790777,111058043,1,0
3306,262920111000,111092398,1,0
3307,262920452666,111126420,1,0
3308,262920789888,111160843,1,0
3309,262921127333,111191308,1,0
3310,262921442888,111226149,1,0
3311,262921781666,111261545,1,0
3312,262922140777,111293322,1,0
3313,262922460555,111326358,1,0
3314,262922790444,111357871,1,0
3315,262923108222,111391858,1,0
3316,262923448444,111424476,1,0
3317,262923775333,111459105,1,0
3318,262924117666,111492807,1,0
3319,262924456888,111527299,1,0
3320,262924805000,111557834,1,0
3321,262925107444,111594060,1,0
3322,262925459555,111626441,1,0
3323,262925792777,111661137,1,0
3324,262926141888,111695994,1,0
3325,262926465444,111726533,1,0
3326,262926792555,111758754,1,0
3327,262927117888,111791577,1,0
3328,262927446555,111824566,1,0
3329,262927778888,111857960,1,0
3330,262928113000,111893380,1,0
3331,262928462000,111926859,1,0
3332,262928796555,111958100,1,0
3333,262929113444,111992631,1,0
3334,262929457666,112025208,1,0
3335,262929777888,112059281,1,0
3336,262930117000,112096247,1,0
3337,262930492444,112127220,1,0
3338,262930802000,112161744,1,0
3339,262931132555,112193502,1,0
3340,262931464555,112230679,1,0
3341,262931789444,112262813,1,0
3342,262932150444,112293261,1,0
3343,262932461444,112327332,1,0
3344,262932800111,112358868,1,0
3345,262933115444,112392971,1,0
3346,262933455444,112426218,1,0
3347,262933792222,112460820,1,0
3348,262934136000,112492726,1,0
3349,262934458222,112528371,1,0
3350,262934812888,112559061,1,0
3351,262935122111,112593560,1,0
3352,262935466555,112626565,1,0
3353,262935789000,112660475,1,0
3354,262936131888,112692286,1,0
3355,262936452888,112730655,1,0
3356,262936804888,112758584,1,0
3357,262937109444,112791560,1,0
3358,262937448444,112828518,1,0
3359,262937810444,112859980,1,0
3360,262938124444,112894395,1,0
3361,262938472888,112927607,1,0
3362,262938806444,112959617,1,0
3363,262939125444,112994327,1,0
3364,262939471555,113029524,1,0
3365,262939826444,113061195,1,0
3366,262940137888,113094288,1,0
3367,262940469444,113129537,1,0
3368,262940825000,113160166,1,0
3369,262941133000,113192580,1,0
3370,262941454444,113227340,1,0
3371,262941800666,113259607,1,0
3372,262942125666,113294029,1,0
3373,262942472111,113329435,1,0
3374,262942818888,113360735,1,0
3375,262943136888,113395229,1,0
3376,262943483222,113426217,1,0
3377,262943790888,113459280,1,0
3378,262944126444,113494643,1,0
3379,262944476888,113528231,1,0
3380,262944809888,113563350,1,0
3381,262945157333,113595518,1,0
3382,262945472444,113626517,1,0
3383,262945794333,113661003,1,0
3384,262946142333,113695253,1,0
3385,262946481444,113727782,1,0
3386,262946790666,113762163,1,0
3387,262947152444,113795543,1,0
3388,262947473444,113827195,1,0
3389,262947803000,113862766,1,0
3390,262948158333,113895917,1,0
3391,262948484555,113928036,1,0
3392,262948802555,113961611,1,0
3393,262949145222,113995299,1,0
3394,262949478333,114028364,1,0
3395,262949807111,114063303,1,0
3396,262950158333,114097721,1,0
3397,262950502000,114129099,1,0
3398,262950817555,114166356,1,0
3399,262951189888,114195642,1,0
3400,262951485444,114227768,1,0
3401,262951807777,114262061,1,0
3402,262952142444,114294493,1,0
3403,262952473222,114328681,1,0
3404,262952814444,114361195,1,0
3405,262953137111,114395522,1,0
3406,262953479888,114427763,1,0
3407,262953805666,114462591,1,0
3408,262954152444,114496949,1,0
3409,262954483444,114527480,1,0
3410,262954802222,114561083,1,0
3411,262955142000,114594801,1,0
3412,262955475222,114629854,1,0
3413,262955825444,114662156,1,0
3414,262956149444,114697794,1,0
3415,262956482888,114728736,1,0
3416,262956813333,114763500,1,0
3417,262957156111,114796590,1,0
3418,262957488222,114831302,1,0
3419,262957844444,114863115,1,0
3420,262958162777,114897248,1,0
3421,262958502888,114929552,1,0
3422,262958824000,114963016,1,0
3423,262959154444,114995110,1,0
3424,262959480222,115028526,1,0
3425,262959816444,115064172,1,0
3426,262960161444,115097263,1,0
3427,262960498000,115131617,1,0
3428,262960846555,115164553,1,0
3429,262961164555,115194799,1,0
3430,262961474555,115229035,1,0
3431,262961813888,115262531,1,0
3432,262962156444,115296244,1,0
3433,262962491999,115328740,1,0
3434,262962818333,115363462,1,0
3435,262963158777,115395159,1,0
3436,262963479444,115431779,1,0
3437,262963837000,115464570,1,0
3438,262964175111,115495300,1,0
3439,262964484444,115535843,1,0
3440,262964889333,115561605,1,0
3441,262965144444,115596939,1,0
3442,262965497222,115632654,1,0
3443,262965844000,115664169,1,0
3444,262966162444,115696856,1,0
3445,262966495888,115730728,1,0
3446,262966837111,115762459,1,0
3447,262967152555,115795481,1,0
3448,262967483888,115830461,1,0
3449,262967833888,115863149,1,0
3450,262968161444,115897345,1,0
3451,262968499555,115932109,1,0
3452,262968848888,115963421,1,0
3453,262969160666,115998000,1,0
3454,262969509555,116030507,1,0
3455,262969832222,116063112,1,0
3456,262970152111,116097740,1,0
3457,262970501222,116131490,1,0
3458,262970838000,116162169,1,0
3459,262971151444,116197305,1,0
3460,262971495111,116230490,1,0
3461,262971830222,116264673,1,0
3462,262972171555,116296643,1,0
3463,262972494666,116332423,1,0
3464,262972850222,116364864,1,0
3465,262973176222,116397267,1,0
3466,262973500444,116430045,1,0
3467,262973834000,116462714,1,0
3468,262974158000,116497544,1,0
3469,262974508333,116530108,1,0
3470,262974831777,116564366,1,0
3471,262975169333,116597991,1,0
3472,262975507777,116631069,1,0
3473,262975835444,116663568,1,0
3474,262976164000,116696915,1,0
3475,262976499000,116736015,1,0
3476,262976888888,116764073,1,0
3477,262977164888,116797612,1,0
3478,262977497888,116836471,1,0
3479,262977881444,116866078,1,0
3480,262978181555,116900433,1,0
3481,262978503888,116930499,1,0
3482,262978831444,116964418,1,0
3483,262979169555,116997131,1,0
3484,262979500777,117030777,1,0
3485,262979834888,117064851,1,0
3486,262980169888,117096870,1,0
3487,262980499111,117133042,1,0
3488,262980852888,117165346,1,0
3489,262981176555,117198849,1,0
3490,262981507888,117231801,1,0
3491,262981840444,117264421,1,0
3492,262982171888,117299126,1,0
3493,262982510777,117330311,1,0
3494,262982833444,117366298,1,0
3495,262983196888,117399356,1,0
3496,262983519444,117431647,1,0
3497,262983846888,117464688,1,0
3498,262984180000,117499465,1,0
3499,262984522111,117532440,1,0
3500,262984852000,117568811,1,0
3501,262985220666,117599227,1,0
3502,262985521888,117630278,1,0
3503,262985833888,117666684,1,0
3504,262986196888,117698011,1,0
3505,262986505555,117731591,1,0
3506,262986845333,117765962,1,0
3507,262987187888,117797275,1,0
3508,262987502888,117832119,1,0
3509,262987845444,117866218,1,0
3510,262988191444,117900093,1,0
3511,262988517444,117934848,1,0
3512,262988861888,117966193,1,0
3513,262989185000,117999433,1,0
3514,262989513111,118032396,1,0
3515,262989848777,118065303,1,0
3516,262990178888,118099360,1,0
3517,262990522555,118133914,1,0
3518,262990864444,118167424,1,0
3519,262991190111,118232605,1,0
3520,262991853333,118307617,1,0
3521,262991853333,118313208,1,0
3522,262991853333,118318744,1,0
3523,262992519888,118337529,1,0
3524,262992898888,118364034,1,0
3525,262993174555,118399172,1,0
3526,262993522444,118432608,1,0
3527,262993855777,118466823,1,0
3528,262994193000,118498530,1,0
3529,262994515666,118532031,1,0
3530,262994842444,118564708,1,0
3531,262995178888,118598527,1,0
3532,262995512888,118633705,1,0
3533,262995859888,118665483,1,0
3534,262996183888,118699931,1,0
3535,262996525555,118735759,1,0
3536,262996882000,118767007,1,0
3537,262997189444,118798878,1,0
3538,262997519000,118835467,1,0
3539,262997879666,118866409,1,0
3540,262998190333,118899559,1,0
3541,262998526333,118934846,1,0
3542,262998869333,118966761,1,0
3543,262999191888,119000705,1,0
3544,262999529777,119033590,1,0
3545,262999862111,119065276,1,0
3546,263000182777,119099249,1,0
3547,263000521888,119135588,1,0
3548,263000882777,119167284,1,0
3549,263001191444,119200859,1,0
3550,263001535777,119233795,1,0
3551,263001864000,119266856,1,0
3552,263002188000,119301615,1,0
3553,263002536333,119334368,1,0
3554,263002867111,119368667,1,0
3555,263003200666,119403618,1,0
3556,263003545888,119435794,1,0
3557,263003854444,119469961,1,0
3558,263004221333,119502108,1,0
3559,263004537888,119536260,1,0
3560,263004861111,119570192,1,0
3561,263005215111,119602675,1,0
3562,263005537666,119633703,1,0
3563,263005857888,119668184,1,0
3564,263006213888,119701443,1,0
3565,263006531888,119733430,1,0
3566,263006856888,119768018,1,0
3567,263007202777,119801562,1,0
3568,263007540666,119835066,1,0
3569,263007882111,119869466,1,0
3570,263008212111,119904082,1,0
3571,263008567666,119935181,1,0
3572,263008882111,119966970,1,0
3573,263009202777,120000761,1,0
3574,263009529888,120034130,1,0
3575,263009872111,120066517,1,0
3576,263010194333,120102654,1,0
3577,263010552555,120135171,1,0
3578,263010872333,120168335,1,0
3579,263011197888,120207323,1,0
3580,263011577111,120234454,1,0
3581,263011868111,120266661,1,0
3582,263012193333,120301736,1,0
3583,263012547222,120334229,1,0
3584,263012864999,120368955,1,0
3585,263013213333,120402649,1,0
3586,263013551444,120433668,1,0
3587,263013865000,120466917,1,0
3588,263014193888,120501538,1,0
3589,263014540444,120534351,1,0
3590,263014867777,120569536,1,0
3591,263015217555,120601287,1,0
3592,263015540111,120635998,1,0
3593,263015875222,120667242,1,0
3594,263016200222,120702957,1,0
3595,263016547444,120735960,1,0
3596,263016885666,120767019,1,0
3597,263017198888,120802765,1,0
3598,263017547777,120835232,1,0
3599,263017875444,120869252,1,0
3600,263018221555,120903914,1,0
3601,263018564888,120935887,1,0
3602,263018885333,120967940,1,0
3603,263019203888,121002665,1,0
3604,263019557888,121035948,1,0
3605,263019878888,121067700,1,0
3606,263020200555,121102807,1,0
3607,263020554888,121137647,1,0
3608,263020900555,121169499,1,0
3609,263021213222,121201844,1,0
3610,263021545222,121235812,1,0
3611,263021872666,121269394,1,0
3612,263022212222,121301775,1,0
3613,263022545000,121340382,1,0
3614,263022930888,121370513,1,0
3615,263023234777,121403274,1,0
3616,263023563333,121437006,1,0
3617,263023901777,121471736,1,0
3618,263024249444,121504411,1,0
3619,263024563222,121539807,1,0
3620,263024927000,121574142,1,0
3621,263025273333,121603780,1,0
3622,263025562111,121638921,1,0
3623,263025897444,121672151,1,0
3624,263026241444,121703145,1,0
3625,263026562000,121737358,1,0
3626,263026885888,121772597,1,0
3627,263027220222,121802589,1,0
3628,263027542111,121836261,1,0
3629,263027887999,121870572,1,0
3630,263028229777,121901657,1,0
3631,263028544888,121937222,1,0
3632,263028896888,121968812,1,0
3633,263029214333,122004562,1,0
3634,263029567777,122037126,1,0
3635,263029895666,122070434,1,0
3636,263030223888,122104695,1,0
3637,263030562222,122138707,1,0
3638,263030898888,122170324,1,0
3639,263031226333,122205848,1,0
3640,263031567777,122236959,1,0
3641,263031894555,122269270,1,0
3642,263032219444,122302929,1,0
3643,263032553555,122340305,1,0
3644,263032929333,122370106,1,0
3645,263033230333,122403759,1,0
3646,263033564000,122436595,1,0
3647,263033883888,122470065,1,0
3648,263034227888,122503378,1,0
3649,263034561444,122536600,1,0
3650,263034891222,122572647,1,0
3651,263035234444,122602087,1,0
3652,263035551888,122637709,1,0
3653,263035889555,122669926,1,0
3654,263036223333,122705365,1,0
3655,263036572000,122737247,1,0
3656,263036899333,122770996,1,0
3657,263037231888,122804621,1,0
3658,263037564333,122837020,1,0
3659,263037893333,122870160,1,0
3660,263038232888,122904670,1,0
3661,263038569333,122936812,1,0
3662,263038896888,122970794,1,0
3663,263039232111,123004357,1,0
3664,263039572777,123038488,1,0
3665,263039900888,123070821,1,0
3666,263040237000,123104064,1,0
3667,263040568888,123137141,1,0
3668,263040895666,123172460,1,0
3669,263041247222,123203020,1,0
3670,263041560111,123237239,1,0
3671,263041898888,123269614,1,0
3672,263042226888,123303601,1,0
3673,263042557000,123338785,1,0
3674,263042898888,123372466,1,0
3675,263043240777,123404851,1,0
3676,263043575555,123437189,1,0
3677,263043900777,123471206,1,0
3678,263044240222,123503994,1,0
3679,263044571000,123541438,1,0
3680,263044942444,123571783,1,0
3681,263045246666,123604155,1,0
3682,263045567444,123638666,1,0
3683,263045917000,123671555,1,0
3684,263046247333,123704967,1,0
3685,263046577555,123738123,1,0
3686,263046904555,123772464,1,0
3687,263047229666,123803892,1,0
3688,263047568222,123839763,1,0
3689,263047918888,123876685,1,0
3690,263048292777,123907512,1,0
3691,263048597111,123939521,1,0
3692,263048917333,123971650,1,0
3693,263049235444,124005924,1,0
3694,263049590000,124038719,1,0
3695,263049904333,124075050,1,0
3696,263050264555,124108017,1,0
3697,263050601444,124139543,1,0
3698,263050922444,124173423,1,0
3699,263051262777,124206317,1,0
3700,263051589444,124238210,1,0
3701,263051907000,124272360,1,0
3702,263052248888,124306793,1,0
3703,263052586222,124337241,1,0
3704,263052902222,124371086,1,0
3705,263053237555,124403990,1,0
3706,263053566888,124438189,1,0
3707,263053911999,124473066,1,0
3708,263054251444,124541547,1,0
3709,263054939333,124615661,1,0
3710,263054939333,124621989,1,0
3711,263054939333,124627858,1,0
3712,263055581444,124639738,1,0
3713,263055924333,124671918,1,0
3714,263056248111,124706084,1,0
3715,263056589333,124741888,1,0
3716,263056948888,124775567,1,0
3717,263057263222,124805828,1,0
3718,263057588888,124839747,1,0
3719,263057919777,124873232,1,0
3720,263058253888,124905899,1,0
3721,263058581333,124938765,1,0
3722,263058917777,124971540,1,0
3723,263059245666,125009351,1,0
3724,263059614444,125039931,1,0
3725,263059922333,125073351,1,0
3726,263060256999,125108493,1,0
3727,263060591888,125140610,1,0
3728,263060920888,125171880,1,0
3729,263061235000,125205118,1,0
3730,263061582888,125238963,1,0
3731,263061910888,125273202,1,0
3732,263062260555,125307586,1,0
3733,263062604444,125337910,1,0
3734,263062908666,125373911,1,0
3735,263063256444,125407935,1,0
3736,263063610000,125439709,1,0
3737,263063925555,125475390,1,0
3738,263064280666,125506282,1,0
3739,263064592111,125540044,1,0
3740,263064930555,125573736,1,0
3741,263065261555,125608780,1,0
3742,263065608333,125639453,1,0
3743,263065924666,125672462,1,0
3744,263066253444,125709124,1,0
3745,263066616888,125739579,1,0
3746,263066924444,125773218,1,0
3747,263067260111,125808400,1,0
3748,263067611888,125840430,1,0
3749,263067928444,125873491,1,0
3750,263068263888,125910769,1,0
3751,263068632333,125940398,1,0
3752,263068920666,125976818,1,0
3753,263069292666,126008195,1,0
3754,263069611777,126041200,1,0
3755,263069936333,126075835,1,0
3756,263070285333,126106486,1,0
3757,263070592000,126141293,1,0
3758,263070939444,126177610,1,0
3759,263071281333,126206471,1,0
3760,263071593888,126240521,1,0
3761,263071932000,126272976,1,0
3762,263072257444,126310572,1,0
3763,263072628222,126343230,1,0
3764,263072954888,126373137,1,0
3765,263073259333,126408093,1,0
3766,263073603000,126440756,1,0
3767,263073939444,126474779,1,0
3768,263074275555,126507742,1,0
3769,263074606777,126541331,1,0
3770,263074942444,126573849,1,0
3771,263075267666,126609516,1,0
3772,263075621888,126641475,1,0
3773,263075939333,126676256,1,0
3774,263076280555,126709514,1,0
3775,263076625111,126741946,1,0
3776,263076942777,126775212,1,0
3777,263077273666,126816905,1,0
3778,263077695000,126840978,1,0
3779,263077936999,126876936,1,0
3780,263078283333,126909319,1,0
3781,263078618888,126940631,1,0
3782,263078933444,126974534,1,0
3783,263079271444,127007664,1,0
3784,263079603444,127041269,1,0
3785,263079932333,127075622,1,0
3786,263080276444,127109625,1,0
3787,263080613444,127143208,1,0
3788,263080955666,127175093,1,0
3789,263081274000,127208849,1,0
3790,263081617000,127242635,1,0
3791,263081951999,127274564,1,0
3792,263082276777,127313282,1,0
3793,263082658444,127374170,1,0
3794,263083264000,127451187,1,0
3795,263083264000,127457443,1,0
3796,263083264000,127463280,1,0
3797,263083937222,127475673,1,0
3798,263084277777,127509365,1,0
3799,263084615888,127542333,1,0
3800,263084951888,127575651,1,0
3801,263085279333,127608364,1,0
3802,263085613777,127641300,1,0
3803,263085941444,127675337,1,0
3804,263086280666,127708328,1,0
3805,263086612000,127741243,1,0
3806,263086942333,127773208,1,0
3807,263087262333,127809388,1,0
3808,263087615111,127841386,1,0
3809,263087946333,127874499,1,0
3810,263088272000,127909833,1,0
3811,263088625111,127943310,1,0
3812,263088961444,127976335,1,0
3813,263089283333,128010517,1,0
3814,263089630000,128042827,1,0
3815,263089947444,128077332,1,0
3816,263090300111,128112016,1,0
3817,263090648111,128141538,1,0
3818,263090940555,128174211,1,0
3819,263091272666,128213406,1,0
3820,263091629333,128241050,1,0
3821,263091942000,128276279,1,0
3822,263092291777,128310341,1,0
3823,263092628000,128342852,1,0
3824,263092960777,128375451,1,0
3825,263093283111,128409036,1,0
3826,263093620111,128441348,1,0
3827,263093943777,128474950,1,0
3828,263094276555,128509891,1,0
3829,263094625000,128543500,1,0
3830,263094960777,128576032,1,0
3831,263095279777,128613508,1,0
3832,263095637888,128642427,1,0
3833,263095944777,128676519,1,0
3834,263096289777,128712068,1,0
3835,263096640000,128744803,1,0
3836,263096968888,128776216,1,0
3837,263097290888,128810414,1,0
3838,263097632555,128843638,1,0
3839,263097961222,128875562,1,0
3840,263098281333,128912548,1,0
3841,263098648666,128943119,1,0
3842,263098961222,128976485,1,0
3843,263099287444,129009753,1,0
3844,263099627333,129043313,1,0
3845,263099960666,129075265,1,0
3846,263100272888,129111773,1,0
3847,263100637888,129144429,1,0
3848,263100965222,129175654,1,0
3849,263101283888,129209710,1,0
3850,263101621333,129243729,1,0
3851,263101964555,129275795,1,0
3852,263102283888,129313836,1,0
3853,263102654333,129346640,1,0
3854,263102982666,129377797,1,0
3855,263103302444,129413274,1,0
3856,263103658111,129444206,1,0
3857,263103961333,129476946,1,0
3858,263104299444,129511561,1,0
3859,263104644999,129544136,1,0
3860,263104967888,129579250,1,0
3861,263105308111,129611227,1,0
3862,263105641666,129644027,1,0
3863,263105968222,129678220,1,0
3864,263106305333,129710810,1,0
3865,263106639555,129746635,1,0
3866,263106998444,129777895,1,0
3867,263107310111,129810290,1,0
3868,263107634333,129842914,1,0
3869,263107963222,129877111,1,0
3870,263108301333,129911764,1,0
3871,263108642888,129945159,1,0
3872,263108979222,129979540,1,0
3873,263109321222,130011307,1,0
3874,263109640111,130044984,1,0
3875,263109970111,130076849,1,0
3876,263110296444,130110163,1,0
3877,263110630888,130146402,1,0
3878,263110988000,130179131,1,0
3879,263111318333,130210404,1,0
3880,263111635888,130244436,1,0
3881,263111974999,130281266,1,0
3882,263112339666,130310935,1,0
3883,263112642333,130344803,1,0
3884,263112979444,130382064,1,0
3885,263113347111,130409984,1,0
3886,263113630333,130444757,1,0
3887,263113978888,130478592,1,0
3888,263114305222,130511525,1,0
3889,263114646555,130544430,1,0
3890,263114974444,130576849,1,0
3891,263115294444,130612170,1,0
3892,263115642777,130645181,1,0
3893,263115979555,130677334,1,0
3894,263116301555,130715206,1,0
3895,263116671555,130745576,1,0
3896,263116980888,130777173,1,0
3897,263117298888,130813537,1,0
3898,263117665111,130846067,1,0
3899,263117979444,130878699,1,0
3900,263118306444,130913644,1,0
3901,263118667222,130944781,1,0
3902,263118975333,130979051,1,0
3903,263119317444,131011642,1,0
3904,263119641888,131045058,1,0
3905,263119971666,131080599,1,0
3906,263120334111,131111415,1,0
3907,263120637444,131145953,1,0
3908,263120978222,131177882,1,0
3909,263121305666,131213852,1,0
3910,263121658777,131244728,1,0
3911,263121977222,131279328,1,0
3912,263122316333,131312122,1,0
3913,263122643777,131346015,1,0
3914,263122989555,131378207,1,0
3915,263123307666,131411458,1,0
3916,263123641888,131446797,1,0
3917,263123993888,131479345,1,0
3918,263124311333,131512888,1,0
3919,263124658333,131546798,1,0
3920,263124989777,131579225,1,0
3921,263125321111,131613935,1,0
3922,263125656777,131650972,1,0
3923,263126036222,131677975,1,0
3924,263126301333,131711942,1,0
3925,263126645777,131746685,1,0
3926,263126977333,131778960,1,0
3927,263127311666,131814343,1,0
3928,263127655666,131849099,1,0
3929,263128003888,131882802,1,0
3930,263128347555,131915446,1,0
3931,263128664888,131946961,1,0
3932,263128994333,131979674,1,0
3933,263129312444,132015406,1,0
3934,263129667777,132045995,1,0
3935,263129983666,132081676,1,0
3936,263130343888,132113576,1,0
3937,263130660888,132147844,1,0
3938,263130985111,132180196,1,0
3939,263131324111,132212648,1,0
3940,263131657333,132245570,1,0
3941,263131982777,132285515,1,0
3942,263132372666,132315251,1,0
3943,263132680333,132346854,1,0
3944,263133001333,132380141,1,0
3945,263133333666,132413330,1,0
3946,263133659666,132446240,1,0
3947,263133988111,132480443,1,0
3948,263134324777,132512794,1,0
3949,263134655222,132547352,1,0
3950,263135001333,132579912,1,0
3951,263135330444,132614522,1,0
3952,263135669888,132648108,1,0
3953,263135994333,132680428,1,0
3954,263136326000,132716165,1,0
3955,263136682333,132747388,1,0
3956,263137000444,132779182,1,0
3957,263137319444,132814025,1,0
3958,263137671222,132847223,1,0
3959,263138003333,132880075,1,0
3960,263138330222,132916172,1,0
3961,263138679444,132947850,1,0
3962,263139002666,132984439,1,0
3963,263139372444,133014882,1,0
3964,263139670000,133048572,1,0
3965,263140004777,133084898,1,0
3966,263140380222,133114436,1,0
3967,263140675444,133151638,1,0
3968,263141038333,133181616,1,0
3969,263141326888,133215318,1,0
3970,263141680555,133251447,1,0
3971,263142041444,133281003,1,0
3972,263142341333,133313905,1,0
3973,263142668777,133348730,1,0
3974,263143012777,133380471,1,0
3975,263143329444,133416795,1,0
3976,263143694444,133447620,1,0
3977,263144005888,133480904,1,0
3978,263144331888,133516778,1,0
3979,263144690888,133548428,1,0
3980,263145010333,133581897,1,0
3981,263145341888,133615016,1,0
3982,263145671888,133649226,1,0
3983,263146009555,133680860,1,0
3984,263146337777,133714791,1,0
3985,263146679444,133750797,1,0
3986,263147035777,133780300,1,0
3987,263147333222,133816545,1,0
3988,263147693777,133848960,1,0
3989,263148020333,133881730,1,0
3990,263148342111,133914573,1,0
3991,263148670444,133948174,1,0
3992,263149008888,133980827,1,0
3993,263149334444,134014178,1,0
3994,263149665555,134048976,1,0
3995,263150012555,134081964,1,0
3996,263150347777,134118313,1,0
3997,263150699222,134149631,1,0
3998,263151013111,134183272,1,0
3999,263151349222,134217406,1,0
4000,263151694111,134248596,1,0
4001,263152012000,134284496,1,0
4002,263152371888,134315696,1,0
4003,263152683111,134351366,1,0
4004,263153027333,134381754,1,0
4005,263153345444,134414978,1,0
4006,263153677333,134447502,1,0
4007,263154002000,134481771,1,0
4008,263154347444,134514289,1,0
4009,263154672444,134548571,1,0
4010,263155018777,134582774,1,0
4011,263155355555,134614073,1,0
4012,263155673222,134648847,1,0
4013,263156020111,134680952,1,0
4014,263156342555,134716488,1,0
4015,263156693222,134749482,1,0
4016,263157023777,134782649,1,0
4017,263157350222,134817270,1,0
4018,263157696333,134849266,1,0
4019,263158022222,134882783,1,0
4020,263158354444,134917281,1,0
4021,263158703111,134949724,1,0
4022,263159025000,134981503,1,0
4023,263159343333,135017149,1,0
4024,263159699222,135049701,1,0
4025,263160021222,135082359,1,0
4026,263160353000,135115952,1,0
4027,263160691333,135148905,1,0
4028,263161015000,135183793,1,0
4029,263161367000,135220131,1,0
4030,263161730666,135248471,1,0
4031,263162016333,135282803,1,0
4032,263162352888,135316620,1,0
4033,263162698888,135351203,1,0
4034,263163036222,135381871,1,0
4035,263163348222,135416843,1,0
4036,263163700111,135448456,1,0
4037,263164009333,135483206,1,0
4038,263164355222,135517520,1,0
4039,263164691888,135549672,1,0
4040,263165023111,135582388,1,0
4041,263165348000,135619027,1,0
4042,263165704111,135649460,1,0
4043,263166024333,135685446,1,0
4044,263166362666,135717459,1,0
4045,263166705777,135749749,1,0
4046,263167022888,135783759,1,0
4047,263167360999,135819307,1,0
4048,263167706111,135850477,1,0
4049,263168032666,135884268,1,0
4050,263168366222,135918164,1,0
4051,263168701888,135949219,1,0
4052,263169019888,135984980,1,0
4053,263169367666,136018543,1,0
4054,263169705222,136049754,1,0
4055,263170018777,136083102,1,0
4056,263170357888,136116846,1,0
4057,263170700333,136150920,1,0
4058,263171033111,136182751,1,0
4059,263171350222,136217626,1,0
4060,263171701444,136249287,1,0
4061,263172022666,136283414,1,0
4062,263172361888,136319147,1,0
4063,263172717333,136352438,1,0
4064,263173055333,136385768,1,0
4065,263173369666,136416506,1,0
4066,263173691222,136450888,1,0
4067,263174030222,136484600,1,0
4068,263174373555,136516358,1,0
4069,263174689888,136557539,1,0
4070,263175090888,136584991,1,0
4071,263175377999,136618708,1,0
4072,263175701333,136652033,1,0
4073,263176044777,136687756,1,0
4074,263176382444,136718665,1,0
4075,263176713888,136755332,1,0
4076,263177070111,136784213,1,0
4077,263177363555,136817990,1,0
4078,263177697555,136852891,1,0
4079,263178056777,136884771,1,0
4080,263178373333,136920147,1,0
4081,263178725666,136952016,1,0
4082,263179042888,136985151,1,0
4083,263179382222,137017256,1,0
4084,263179703111,137052747,1,0
4085,263180046222,137085761,1,0
4086,263180372111,137117335,1,0
4087,263180706222,137151494,1,0
4088,263181037777,137184032,1,0
4089,263181371555,137216354,1,0
4090,263181695222,137251509,1,0
4091,263182045222,137284454,1,0
4092,263182367888,137322814,1,0
4093,263182760333,137353176,1,0
4094,263183062777,137384695,1,0
4095,263183370222,137419320,1,0
4096,263183720555,137452090,1,0
4097,263184051777,137484533,1,0
4098,263184375666,137519547,1,0
4099,263184726222,137552511,1,0
4100,263185050111,137584584,1,0
4101,263185374222,137620549,1,0
4102,263185728777,137652316,1,0
4103,263186041333,137684786,1,0
4104,263186372666,137719253,1,0
4105,263186720444,137752271,1,0
4106,263187045666,137785346,1,0
4107,263187382888,137818198,1,0
4108,263187712000,137855271,1,0
4109,263188065444,137885432,1,0
4110,263188382777,137919228,1,0
4111,263188720555,137953542,1,0
4112,263189068777,137986546,1,0
4113,263189388111,138019478,1,0
4114,263189721444,138052019,1,0
4115,263190044000,138086687,1,0
4116,263190384888,138118938,1,0
4117,263190718666,138152448,1,0
4118,263191050444,138186655,1,0
4119,263191387555,138218266,1,0
4120,263191707888,138251719,1,0
4121,263192044888,138286823,1,0
4122,263192394333,138322369,1,0
4123,263192724333,138352032,1,0
4124,263193045777,138388504,1,0
4125,263193415666,138418582,1,0
4126,263193713666,138452893,1,0
4127,263194051777,138486710,1,0
4128,263194395777,138519665,1,0
4129,263194724333,138555064,1,0
4130,263195058888,138587854,1,0
4131,263195407444,138622046,1,0
4132,263195734555,138653188,1,0
4133,263196059777,138685381,1,0
4134,263196384444,138719884,1,0
4135,263196729444,138752603,1,0
4136,263197057222,138788132,1,0
4137,263197408111,138818834,1,0
4138,263197720333,138853226,1,0
4139,263198060111,138885320,1,0
4140,263198383444,138923525,1,0
4141,263198761333,138954157,1,0
4142,263199062333,138987678,1,0
4143,263199390888,139022712,1,0
4144,263199747444,139053749,1,0
4145,263200062777,139089579,1,0
4146,263200421888,139122775,1,0
4147,263200749777,139153776,1,0
4148,263201065333,139187109,1,0
4149,263201396222,139220423,1,0
4150,263201734555,139253921,1,0
4151,263202062777,139289457,1,0
4152,263202421333,139320425,1,0
4153,263202735444,139354028,1,0
4154,263203071666,139388764,1,0
4155,263203415444,139423475,1,0
4156,263203764333,139453608,1,0
4157,263204063222,139487722,1,0
4158,263204393777,139520341,1,0
4159,263204725444,139553490,1,0
4160,263205063333,139586426,1,0
4161,263205392777,139619743,1,0
4162,263205727222,139654802,1,0
4163,263206079666,139686470,1,0
4164,263206395777,139721790,1,0
4165,263206741666,139753790,1,0
4166,263207069444,139785902,1,0
4167,263207391333,139819502,1,0
4168,263207724555,139854896,1,0
4169,263208080555,139886799,1,0
4170,263208394555,139920681,1,0
4171,263208737888,139955164,1,0
4172,263209071888,139987357,1,0
4173,263209401222,140020615,1,0
4174,263209738777,140056132,1,0
4175,263210074555,140090141,1,0
4176,263210405111,140120071,1,0
4177,263210732888,140155255,1,0
4178,263211077000,140189312,1,0
4179,263211394777,140219963,1,0
4180,263211730222,140255372,1,0
4181,263212082888,140288764,1,0
4182,263212419444,140321345,1,0
4183,263212745333,140353876,1,0
4184,263213069555,140386463,1,0
4185,263213395555,140421844,1,0
4186,263213741777,140453202,1,0
4187,263214059555,140490475,1,0
4188,263214430777,140523189,1,0
4189,263214759777,140555022,1,0
4190,263215080666,140587763,1,0
4191,263215405000,140622809,1,0
4192,263215755000,140654756,1,0
4193,263216067666,140692147,1,0
4194,263216449444,140721386,1,0
4195,263216744222,140754647,1,0
4196,263217077444,140790146,1,0
4197,263217428000,140821374,1,0
4198,263217744777,140855678,1,0
4199,263218086666,140887424,1,0
4200,263218400222,140921765,1,0
4201,263218750444,140955629,1,0
4202,263219086333,140988855,1,0
4203,263219419666,141021843,1,0
4204,263219749111,141056832,1,0
4205,263220092666,141088772,1,0
4206,263220415777,141122066,1,0
4207,263220746444,141158105,1,0
4208,263221106333,141187703,1,0
4209,263221403000,141221896,1,0
4210,263221747000,141257347,1,0
4211,263222100333,141290486,1,0
4212,263222415222,141325948,1,0
4213,263222783000,141355742,1,0
4214,263223075666,141390668,1,0
4215,263223420777,141422252,1,0
4216,263223747555,141455539,1,0
4217,263224078777,141490012,1,0
4218,263224415444,141522791,1,0
4219,263224751222,141556408,1,0
4220,263225084444,141589917,1,0
4221,263225418777,141622506,1,0
4222,263225748333,141660148,1,0
4223,263226116222,141688320,1,0
4224,263226411333,141722974,1,0
4225,263226759777,141755673,1,0
4226,263227084111,141789060,1,0
4227,263227420444,141824406,1,0
4228,263227741666,141858352,1,0
4229,263228114666,141888673,1,0
4230,263228410888,141925389,1,0
4231,263228766444,141955336,1,0
4232,263229086444,141988757,1,0
4233,263229418333,142022820,1,0
4234,263229757222,142056524,1,0
4235,263230080555,142089554,1,0
4236,263230413888,142125088,1,0
4237,263230781111,142157638,1,0
4238,263231101000,142188482,1,0
4239,263231414777,142226926,1,0
4240,263231791888,142257355,1,0
4241,263232101777,142291405,1,0
4242,263232422555,142323653,1,0
4243,263232763555,142354808,1,0
4244,263233078777,142389276,1,0
4245,263233420444,142422299,1,0
4246,263233751222,142455404,1,0
4247,263234085333,142489047,1,0
4248,263234422333,142524884,1,0
4249,263234767000,142555757,1,0
4250,263235087000,142589809,1,0
4251,263235423555,142622563,1,0
4252,263235756777,142656736,1,0
4253,263236099333,142690057,1,0
4254,263236429000,142724389,1,0
4255,263236775333,142756877,1,0
4256,263237094333,142790574,1,0
4257,263237437222,142824462,1,0
4258,263237759222,142858310,1,0
4259,263238109888,142890777,1,0
4260,263238436333,142925644,1,0
4261,263238785333,142959002,1,0
4262,263239112888,142997352,1,0
4263,263239501222,143021890,1,0
4264,263239750111,143059766,1,0
4265,263240127111,143090492,1,0
4266,263240429333,143124123,1,0
4267,263240769888,143157581,1,0
4268,263241102111,143189473,1,0
4269,263241424222,143224964,1,0
4270,263241775333,143258512,1,0
4271,263242113333,143291565,1,0
4272,263242442777,143324210,1,0
4273,263242768666,143358368,1,0
4274,263243115888,143391193,1,0
4275,263243441111,143429009,1,0
4276,263243818000,143458679,1,0
4277,263244112000,143491922,1,0
4278,263244451888,143525455,1,0
4279,263244773666,143558441,1,0
4280,263245113555,143589896,1,0
4281,263245427111,143625644,1,0
4282,263245784888,143658034,1,0
4283,263246106777,143691464,1,0
4284,263246439000,143726919,1,0
4285,263246788222,143758378,1,0
4286,263247111333,143791202,1,0
4287,263247432222,143826907,1,0
4288,263247795555,143858695,1,0
4289,263248115111,143890973,1,0
4290,263248435777,143926918,1,0
4291,263248790777,143958174,1,0
4292,263249110222,143991674,1,0
4293,263249443555,144024885,1,0
4294,263249778888,144059449,1,0
4295,263250119666,144092536,1,0
4296,263250450555,144127275,1,0
4297,263250801666,144161116,1,0
4298,263251128777,144191080,1,0
4299,263251439777,144227435,1,0
4300,263251795555,144261822,1,0
4301,263252140444,144292680,1,0
4302,263252455444,144329452,1,0
4303,263252826333,144360644,1,0
4304,263253134555,144391689,1,0
4305,263253438222,144424730,1,0
4306,263253773666,144458825,1,0
4307,263254113777,144493702,1,0
4308,263254467666,144523853,1,0
4309,263254767444,144557452,1,0
4310,263255104333,144592893,1,0
4311,263255447444,144626622,1,0
4312,263255788222,144659002,1,0
4313,263256115555,144692068,1,0
4314,263256448777,144727216,1,0
4315,263256790777,144758170,1,0
4316,263257111888,144824967,1,0
4317,263257779555,144904185,1,0
4318,263257779555,144909824,1,0
4319,263257779555,144915432,1,0
4320,263258470555,144926436,1,0
4321,263258796222,144962608,1,0
4322,263259127555,144992040,1,0
4323,263259449666,145025052,1,0
4324,263259777444,145059035,1,0
4325,263260118666,145094589,1,0
4326,263260471222,145127240,1,0
4327,263260799777,145159359,1,0
4328,263261114777,145192842,1,0
4329,263261453111,145227657,1,0
4330,263261800222,145259947,1,0
4331,263262128555,145292654,1,0
4332,263262455333,145325245,1,0
4333,263262779999,145359599,1,0
4334,263263126888,145393597,1,0
4335,263263461222,145428887,1,0
4336,263263818777,145459461,1,0
4337,263264125555,145493418,1,0
4338,263264463888,145531368,1,0
4339,263264843000,145560346,1,0
4340,263265125555,145594009,1,0
4341,263265468111,145626182,1,0
4342,263265790444,145658615,1,0
4343,263266114000,145691188,1,0
4344,263266438222,145727962,1,0
4345,263266809777,145757651,1,0
4346,263267109333,145794587,1,0
4347,263267471222,145825966,1,0
4348,263267784333,145859561,1,0
4349,263268122222,145894333,1,0
4350,263268464333,145927311,1,0
4351,263268796777,145959659,1,0
4352,263269124222,145993853,1,0
4353,263269470444,146028721,1,0
4354,263269785444,146061049,1,0
4355,263270130444,146094105,1,0
4356,263270466222,146127616,1,0
4357,263270801555,146165004,1,0
4358,263271151888,146194064,1,0
4359,263271468777,146226392,1,0
4360,263271788777,146260862,1,0
4361,263272131888,146296511,1,0
4362,263272487333,146326927,1,0
4363,263272797333,146363487,1,0
4364,263273151222,146395639,1,0
4365,263273468555,146429430,1,0
4366,263273811888,146460732,1,0
4367,263274134222,146493485,1,0
4368,263274458666,146528416,1,0
4369,263274809777,146560029,1,0
4370,263275125444,146595261,1,0
4371,263275474555,146629267,1,0
4372,263275814333,146661410,1,0
4373,263276134444,146693369,1,0
4374,263276459555,146730904,1,0
4375,263276834444,146761691,1,0
4376,263277144777,146792883,1,0
4377,263277459888,146829233,1,0
4378,263277814777,146862631,1,0
4379,263278150555,146894078,1,0
4380,263278469777,146928370,1,0
4381,263278808666,146962336,1,0
4382,263279145444,146999161,1,0
4383,263279517666,147027440,1,0
4384,263279804111,147061095,1,0
4385,263280137666,147096989,1,0
4386,263280495999,147132016,1,0
4387,263280850222,147161338,1,0
4388,263281145111,147198120,1,0
4389,263281503888,147227568,1,0
4390,263281802333,147262387,1,0
4391,263282130222,147295339,1,0
4392,263282481777,147327617,1,0
4393,263282805111,147360062,1,0
4394,263283133666,147400760,1,0
4395,263283538111,147428745,1,0
4396,263283812222,147461019,1,0
4397,263284135777,147495533,1,0
4398,263284485666,147527382,1,0
4399,263284804777,147560861,1,0
4400,263285139222,147594750,1,0
4401,263285474666,147627993,1,0
4402,263285803777,147661844,1,0
4403,263286140888,147695542,1,0
4404,263286477555,147729373,1,0
4405,263286818555,147761355,1,0
4406,263287138777,147796309,1,0
4407,263287485777,147827936,1,0
4408,263287803000,147861080,1,0
4409,263288141222,147895141,1,0
4410,263288478777,147931862,1,0
4411,263288841222,147961299,1,0
4412,263289138888,147995251,1,0
4413,263289480888,148029013,1,0
4414,263289813777,148061812,1,0
4415,263290146555,148094659,1,0
4416,263290475000,148131191,1,0
4417,263290836222,148162428,1,0
4418,263291149777,148196179,1,0
4419,263291485444,148227977,1,0
4420,263291808222,148268249,1,0
4421,263292210666,148295154,1,0
4422,263292477888,148330644,1,0
4423,263292835666,148362789,1,0
4424,263293151222,148396873,1,0
4425,263293492777,148428492,1,0
4426,263293817444,148461865,1,0
4427,263294139444,148499443,1,0
4428,263294521111,148530079,1,0
4429,263294824222,148562353,1,0
4430,263295144111,148596891,1,0
4431,263295482000,148630161,1,0
4432,263295827222,148663105,1,0
4433,263296151111,148696983,1,0
4434,263296493111,148731876,1,0
4435,263296845666,148762582,1,0
4436,263297148666,148797119,1,0
4437,263297502555,148829325,1,0
4438,263297820666,148862919,1,0
4439,263298159444,148895043,1,0
4440,263298481777,148929725,1,0
4441,263298826111,148963064,1,0
4442,263299154222,148995518,1,0
4443,263299484333,149029365,1,0
4444,263299821222,149064178,1,0
4445,263300158888,149133468,1,0
4446,263300851555,149205372,1,0
4447,263300851555,149211265,1,0
4448,263300851555,149217161,1,0
4449,263301497888,149228569,1,0
4450,263301815000,149266187,1,0
4451,263302179111,149296862,1,0
4452,263302494111,149331356,1,0
4453,263302840333,149363585,1,0
4454,263303163666,149395540,1,0
4455,263303484777,149431757,1,0
4456,263303849444,149462152,1,0
4457,263304152666,149498522,1,0
4458,263304515222,149534509,1,0
4459,263304869222,149565265,1,0
4460,263305165555,149596463,1,0
4461,263305491111,149633229,1,0
4462,263305861444,149665163,1,0
4463,263306169555,149695954,1,0
4464,263306489777,149733750,1,0
4465,263306864000,149764323,1,0
4466,263307161666,149795783,1,0
4467,263307488333,149832263,1,0
4468,263307850444,149863740,1,0
4469,263308166777,149896730,1,0
4470,263308495222,149933862,1,0
4471,263308869555,149964497,1,0
4472,263309176222,149998019,1,0
4473,263309503000,150032229,1,0
4474,263309851777,150066294,1,0
4475,263310176777,150098082,1,0
4476,263310511222,150132547,1,0
4477,263310841666,150165251,1,0
4478,263311173666,150198473,1,0
4479,263311512888,150232053,1,0
4480,263311841222,150263252,1,0
4481,263312161222,150296563,1,0
4482,263312493000,150333177,1,0
4483,263312861444,150365158,1,0
4484,263313180000,150401511,1,0
4485,263313544555,150431080,1,0
4486,263313842000,150465254,1,0
4487,263314173777,150498497,1,0
4488,263314509555,150531427,1,0
4489,263314835444,150570038,1,0
4490,263315232000,150597564,1,0
4491,263315504777,150632269,1,0
4492,263315838111,150664367,1,0
4493,263316169222,150702847,1,0
4494,263316552555,150734545,1,0
4495,263316860111,150764791,1,0
4496,263317176222,150798488,1,0
4497,263317512000,150831463,1,0
4498,263317838666,150866094,1,0
4499,263318180222,150898512,1,0
4500,263318510111,150934031,1,0
4501,263318856666,150965927,1,0
4502,263319178666,150998261,1,0
4503,263319508000,151032521,1,0
4504,263319853555,151066510,1,0
4505,263320170222,151100405,1,0
4506,263320518222,151134715,1,0
4507,263320868777,151166685,1,0
4508,263321182888,151201911,1,0
4509,263321538777,151231251,1,0
4510,263321842777,151267722,1,0
4511,263322188000,151298830,1,0
4512,263322518555,151332037,1,0
4513,263322848000,151365684,1,0
4514,263323180666,151401700,1,0
4515,263323541111,151434139,1,0
4516,263323854888,151466148,1,0
4517,263324189888,151499387,1,0
4518,263324520888,151532768,1,0
4519,263324857333,151565851,1,0
4520,263325187777,151598142,1,0
4521,263325512666,151631967,1,0
4522,263325843666,151665613,1,0
4523,263326188000,151697783,1,0
4524,263326507555,151733959,1,0
4525,263326870555,151768064,1,0
4526,263327189666,151798683,1,0
4527,263327513111,151832913,1,0
4528,263327857888,151869619,1,0
4529,263328213777,151898878,1,0
4530,263328508777,151934775,1,0
4531,263328878888,151966151,1,0
4532,263329185222,152000427,1,0
4533,263329533222,152034474,1,0
4534,263329864555,152066603,1,0
4535,263330192555,152099108,1,0
4536,263330515444,152133795,1,0
4537,263330863666,152165863,1,0
4538,263331180222,152199349,1,0
4539,263331519999,152237071,1,0
4540,263331881111,152268537,1,0
4541,263332179111,152300578,1,0
4542,263332525777,152336257,1,0
4543,263332883666,152366852,1,0
4544,263333199333,152400613,1,0
4545,263333535111,152434587,1,0
4546,263333867555,152467207,1,0
4547,263334200777,152502964,1,0
4548,263334552888,152536607,1,0
4549,263334889888,152565827,1,0
4550,263335187333,152602011,1,0
4551,263335545888,152634081,1,0
4552,263335867333,152667273,1,0
4553,263336200333,152700649,1,0
4554,263336537333,152735922,1,0
4555,263336881888,152768421,1,0
4556,263337199666,152801628,1,0
4557,263337535666,152832981,1,0
4558,263337858333,152866901,1,0
4559,263338196444,152901247,1,0
4560,263338541222,152933449,1,0
4561,263338864444,152965686,1,0
4562,263339186999,153001082,1,0
4563,263339538777,153035224,1,0
4564,263339867222,153066555,1,0
4565,263340193777,153102189,1,0
4566,263340546000,153134619,1,0
4567,263340874111,153169541,1,0
4568,263341211222,153200930,1,0
4569,263341539000,153234518,1,0
4570,263341869222,153267008,1,0
4571,263342192333,153304093,1,0
4572,263342570222,153335312,1,0
4573,263342876222,153369084,1,0
4574,263343197333,153404637,1,0
4575,263343561777,153435542,1,0
4576,263343867888,153468803,1,0
4577,263344207222,153501872,1,0
4578,263344539222,153537675,1,0
4579,263344902333,153568605,1,0
4580,263345214444,153603927,1,0
4581,263345557000,153634056,1,0
4582,263345868222,153666819,1,0
4583,263346196666,153702081,1,0
4584,263346548777,153734597,1,0
4585,263346872000,153767009,1,0
4586,263347195888,153802216,1,0
4587,263347539666,153836179,1,0
4588,263347883666,153867891,1,0
4589,263348205111,153903056,1,0
4590,263348562222,153936097,1,0
4591,263348892777,153968019,1,0
4592,263349206222,154001339,1,0
4593,263349539888,154033612,1,0
4594,263349868111,154068579,1,0
4595,263350211555,154101023,1,0
4596,263350537000,154134766,1,0
4597,263350874222,154169015,1,0
4598,263351218000,154201461,1,0
4599,263351536111,154235611,1,0
4600,263351883666,154270897,1,0
4601,263352231222,154300453,1,0
4602,263352534666,154336690,1,0
4603,263352897000,154371022,1,0
4604,263353241888,154402411,1,0
4605,263353546666,154438243,1,0
4606,263353900555,154469103,1,0
4607,263354217222,154501202,1,0
4608,263354539111,154538931,1,0
4609,263354917333,154570525,1,0
4610,263355237111,154602745,1,0
4611,263355556666,154637639,1,0
4612,263355901666,154669624,1,0
4613,263356220444,154702500,1,0
4614,263356553222,154737840,1,0
4615,263356910333,154768812,1,0
4616,263357210444,154801865,1,0
4617,263357545666,154834768,1,0
4618,263357878666,154869313,1,0
4619,263358219666,154901512,1,0
4620,263358542333,154938206,1,0
4621,263358911111,154967833,1,0
4622,263359210333,155003695,1,0
4623,263359567555,155035679,1,0
4624,263359887222,155068362,1,0
4625,263360210111,155101900,1,0
4626,263360547888,155142379,1,0
4627,263360924444,155168840,1,0
4628,263361213777,155202435,1,0
4629,263361553666,155237454,1,0
4630,263361903888,155269544,1,0
4631,263362225333,155303395,1,0
4632,263362562777,155340754,1,0
4633,263362935555,155370294,1,0
4634,263363227444,155404649,1,0
4635,263363578777,155436816,1,0
4636,263363894777,155469914,1,0
4637,263364225555,155504127,1,0
4638,263364569222,155540673,1,0
4639,263364937777,155571271,1,0
4640,263365242555,155602295,1,0
4641,263365550111,155635276,1,0
4642,263365882111,155669650,1,0
4643,263366222222,155707106,1,0
4644,263366594666,155737775,1,0
4645,263366900555,155770059,1,0
4646,263367219333,155803328,1,0
4647,263367557333,155837866,1,0
4648,263367900555,155873574,1,0
4649,263368258111,155907213,1,0
4650,263368594777,155940278,1,0
4651,263368923666,155969808,1,0
4652,263369218000,156003781,1,0
4653,263369564444,156038861,1,0
4654,263369900444,156071219,1,0
4655,263370231777,156105055,1,0
4656,263370563666,156138248,1,0
4657,263370905888,156170549,1,0
4658,263371232111,156204180,1,0
4659,263371566666,156236841,1,0
4660,263371890444,156271824,1,0
4661,263372247111,156305087,1,0
4662,263372570222,156340879,1,0
4663,263372929000,156370553,1,0
4664,263373234111,156404883,1,0
4665,263373575444,156436892,1,0
4666,263373895333,156471016,1,0
4667,263374233666,156503808,1,0
4668,263374561666,156540190,1,0
4669,263374917555,156571509,1,0
4670,263375237888,156604441,1,0
4671,263375570444,156638218,1,0
4672,263375904444,156674365,1,0
4673,263376269888,156706652,1,0
4674,263376591777,156740282,1,0
4675,263376922444,156772029,1,0
4676,263377243777,156806881,1,0
4677,263377589666,156839321,1,0
4678,263377901777,156872378,1,0
4679,263378251222,156906132,1,0
4680,263378584666,156938205,1,0
4681,263378905555,156975617,1,0
4682,263379276888,157006856,1,0
4683,263379580444,157038337,1,0
4684,263379902000,157075729,1,0
4685,263380254666,157108027,1,0
4686,263380576444,157142916,1,0
4687,263380928777,157175396,1,0
4688,263381266333,157206905,1,0
4689,263381586222,157240660,1,0
4690,263381916333,157273139,1,0
4691,263382255222,157307688,1,0
4692,263382597888,157339519,1,0
4693,263382914333,157373384,1,0
4694,263383259222,157406065,1,0
4695,263383579222,157442897,1,0
4696,263383948222,157473622,1,0
4697,263384251666,157507030,1,0
4698,263384587888,157541838,1,0
4699,263384938888,157572282,1,0
4700,263385247111,157606729,1,0
4701,263385581555,157637826,1,0
4702,263385903000,157672460,1,0
4703,263386251111,157705791,1,0
4704,263386575444,157739105,1,0
4705,263386912666,157772472,1,0
4706,263387249777,157806414,1,0
4707,263387590555,157839754,1,0
4708,263387919777,157874795,1,0
4709,263388270111,157905459,1,0
4710,263388573555,157942310,1,0
4711,263388941222,157975508,1,0
4712,263389278666,158007487,1,0
4713,263389599888,158040013,1,0
4714,263389910666,158075532,1,0
4715,263390266777,158105449,1,0
4716,263390577333,158140596,1,0
4717,263390923888,158175222,1,0
4718,263391249666,158205680,1,0
4719,263391578222,158243188,1,0
4720,263391927333,158276164,1,0
4721,263392267222,158307613,1,0
4722,263392599777,158342300,1,0
4723,263392942555,158378558,1,0
4724,263393284222,158408077,1,0
4725,263393594222,158441080,1,0
4726,263393922444,158472596,1,0
4727,263394248666,158507591,1,0
4728,263394586222,158541015,1,0
4729,263394928222,158572766,1,0
4730,263395250222,158608831,1,0
4731,263395608000,158639297,1,0
4732,263395912555,158673811,1,0
4733,263396254777,158706719,1,0
4734,263396592666,158741729,1,0
4735,263396939222,158774846,1,0
4736,263397274111,158807064,1,0
4737,263397592333,158841506,1,0
4738,263397913111,158873668,1,0
4739,263398246444,158908189,1,0
4740,263398608000,158941926,1,0
4741,263398922444,158972656,1,0
4742,263399251777,159004790,1,0
4743,263399576222,159040293,1,0
4744,263399923666,159074546,1,0
4745,263400262444,159106787,1,0
4746,263400586888,159142486,1,0
4747,263400939444,159175966,1,0
4748,263401279222,159208269,1,0
4749,263401592555,159240418,1,0
4750,263401923777,159273243,1,0
4751,263402256666,159307995,1,0
4752,263402597666,159342160,1,0
4753,263402943222,159374324,1,0
4754,263403266000,159409434,1,0
4755,263403620000,159441471,1,0
4756,263403934777,159475165,1,0
4757,263404268111,159508356,1,0
4758,263404609777,159541944,1,0
4759,263404943666,159574894,1,0
4760,263405267666,159609017,1,0
4761,263405612888,159640605,1,0
4762,263405930000,159674304,1,0
4763,263406265555,159707979,1,0
4764,263406604777,159742251,1,0
4765,263406943666,159774158,1,0
4766,263407268222,159811962,1,0
4767,263407642000,159840476,1,0
4768,263407927333,159874977,1,0
4769,263408267666,159909625,1,0
4770,263408615666,159941891,1,0
4771,263408942555,159974894,1,0
4772,263409266333,160012460,1,0
4773,263409642000,160042815,1,0
4774,263409946222,160075225,1,0
4775,263410262777,160110151,1,0
4776,263410614222,160141389,1,0
4777,263410936111,160175513,1,0
4778,263411276000,160209488,1,0
4779,263411613111,160246310,1,0
4780,263411985888,160275755,1,0
4781,263412278555,160311799,1,0
4782,263412637777,160343571,1,0
4783,263412954555,160375245,1,0
4784,263413268444,160408807,1,0
4785,263413607777,160441911,1,0
4786,263413944666,160474358,1,0
4787,263414271333,160509369,1,0
4788,263414611111,160542345,1,0
4789,263414944000,160575496,1,0
4790,263415274111,160608968,1,0
4791,263415612555,160641503,1,0
4792,263415930111,160677155,1,0
4793,263416290222,160707699,1,0
4794,263416600333,160744853,1,0
4795,263416964222,160776219,1,0
4796,263417275111,160807696,1,0
4797,263417604333,160842440,1,0
4798,263417947111,160875787,1,0
4799,263418282666,160911589,1,0
4800,263418641222,160943334,1,0
4801,263418952555,160978995,1,0
4802,263419309666,161008750,1,0
4803,263419610555,161044115,1,0
4804,263419951111,161077734,1,0
4805,263420303111,161108396,1,0
4806,263420606111,161144046,1,0
4807,263420962666,161175907,1,0
4808,263421272888,161209402,1,0
4809,263421614333,161242871,1,0
4810,263421954777,161276615,1,0
4811,263422286777,161308135,1,0
4812,263422606777,161344396,1,0
4813,263422959666,161379203,1,0
4814,263423317777,161408156,1,0
4815,263423603666,161446403,1,0
4816,263423979888,161477525,1,0
4817,263424291555,161512445,1,0
4818,263424645222,161544776,1,0
4819,263424967111,161575639,1,0
4820,263425281777,161610867,1,0
4821,263425625000,161642635,1,0
4822,263425950000,161676901,1,0
4823,263426291666,161710356,1,0
4824,263426627555,161743876,1,0
4825,263426963555,161775457,1,0
4826,263427277333,161810859,1,0
4827,263427630666,161843101,1,0
4828,263427955666,161875096,1,0
4829,263428276888,161911750,1,0
4830,263428634444,161945130,1,0
4831,263428968000,161976856,1,0
4832,263429294999,162012646,1,0
4833,263429637888,162043402,1,0
4834,263429952555,162076329,1,0
4835,263430286666,162111452,1,0
4836,263430640666,162146929,1,0
4837,263430976111,162175483,1,0
4838,263431276111,162211515,1,0
4839,263431631777,162242304,1,0
4840,263431944333,162276807,1,0
4841,263432295555,162311071,1,0
4842,263432636555,162344386,1,0
4843,263432968111,162379088,1,0
4844,263433315777,162410076,1,0
4845,263433624333,162445573,1,0
4846,263433975555,162476411,1,0
4847,263434290222,162512757,1,0
4848,263434645333,162543923,1,0
4849,263434960444,162577085,1,0
4850,263435291111,162612010,1,0
4851,263435640666,162643696,1,0
4852,263435954444,162676816,1,0
4853,263436294444,162710560,1,0
4854,263436627222,162745169,1,0
4855,263436973666,162778461,1,0
4856,263437303000,162810780,1,0
4857,263437636111,162843203,1,0
4858,263437954888,162877196,1,0
4859,263438298000,162912794,1,0
4860,263438636111,162943682,1,0
4861,263438958555,162982246,1,0
4862,263439333222,163011698,1,0
4863,263439632666,163045120,1,0
4864,263439970222,163080707,1,0
4865,263440307555,163111534,1,0
4866,263440625000,163147443,1,0
4867,263440986111,163178270,1,0
4868,263441295444,163211723,1,0
4869,263441640000,163246119,1,0
4870,263441980000,163277672,1,0
4871,263442296888,163313109,1,0
4872,263442633555,163345678,1,0
4873,263442974666,163378160,1,0
4874,263443305555,163413934,1,0
4875,263443663333,163443805,1,0
4876,263443958555,163477849,1,0
4877,263444302444,163513120,1,0
4878,263444660444,163546687,1,0
4879,263444986444,163579083,1,0
4880,263445311777,163610500,1,0
4881,263445629222,163643876,1,0
4882,263445963000,163677661,1,0
4883,263446296888,163713452,1,0
4884,263446647555,163744903,1,0
4885,263446967000,163781221,1,0
4886,263447313555,163812662,1,0
4887,263447651111,163846605,1,0
4888,263447983444,163877005,1,0
4889,263448293000,163912838,1,0
4890,263448654777,163944834,1,0
4891,263448977777,163980798,1,0
4892,263449334777,164011299,1,0
4893,263449639555,164045080,1,0
4894,263449978333,164079740,1,0
4895,263450326000,164112039,1,0
4896,263450648777,164145274,1,0
4897,263450971111,164179547,1,0
4898,263451316444,164211023,1,0
4899,263451639111,164251060,1,0
4900,263452032222,164279365,1,0
4901,263452318777,164311440,1,0
4902,263452637111,164349417,1,0
4903,263453015111,164379523,1,0
4904,263453317000,164411551,1,0
4905,263453642666,164445851,1,0
4906,263453973777,164479785,1,0
4907,263454322666,164514558,1,0
4908,263454672888,164545785,1,0
4909,263454984333,164578914,1,0
4910,263455316111,164611414,1,0
4911,263455647777,164645069,1,0
4912,263455973888,164678371,1,0
4913,263456316111,164712772,1,0
4914,263456650666,164744335,1,0
4915,263456974222,164782357,1,0
4916,263457345222,164813577,1,0
4917,263457640111,164847295,1,0
4918,263457997333,164883841,1,0
4919,263458365000,164911565,1,0
4920,263458647222,164947079,1,0
4921,263458996777,164977968,1,0
4922,263459307999,165011094,1,0
4923,263459637333,165047019,1,0
4924,263459994666,165079101,1,0
4925,263460316888,165113228,1,0
4926,263460661444,165147420,1,0
4927,263460996777,165179860,1,0
4928,263461312222,165212261,1,0
4929,263461650444,165249899,1,0
4930,263462019555,165279811,1,0
4931,263462322666,165315001,1,0
4932,263462669777,165348091,1,0
4933,263463010555,165380024,1,0
4934,263463326888,165415254,1,0
4935,263463677555,165447667,1,0
4936,263463995444,165480281,1,0
4937,263464318555,165518125,1,0
4938,263464692777,165549667,1,0
4939,263465011222,165581312,1,0
4940,263465329444,165617743,1,0
4941,263465689555,165648125,1,0
4942,263465986555,165681486,1,0
4943,263466330444,165713569,1,0
4944,263466655666,165747031,1,0
4945,263466994777,165779974,1,0
4946,263467317111,165815144,1,0
4947,263467672888,165846938,1,0
4948,263467994222,165880653,1,0
4949,263468315555,165916838,1,0
4950,263468691444,165946232,1,0
4951,263468989333,165981607,1,0
4952,263469320333,166017239,1,0
4953,263469693555,166045971,1,0
4954,263469979000,166080030,1,0
4955,263470316666,166115939,1,0
4956,263470673666,166148220,1,0
4957,263470997666,166180952,1,0
4958,263471334333,166214674,1,0
4959,263471669777,166246509,1,0
4960,263471986777,166280432,1,0
4961,263472328555,166315492,1,0
4962,263472675111,166350470,1,0
4963,263473021333,166379675,1,0
4964,263473327444,166416892,1,0
4965,263473676888,166446481,1,0
4966,263473992333,166479674,1,0
4967,263474324111,166517278,1,0
4968,263474668666,166547613,1,0
4969,263475001000,166581773,1,0
4970,263475337444,166615206,1,0
4971,263475669444,166647720,1,0
4972,263476002222,166681376,1,0
4973,263476338666,166715400,1,0
4974,263476674333,166747581,1,0
4975,263476999444,166781554,1,0
4976,263477335222,166815130,1,0
4977,263477664777,166850835,1,0
4978,263478032222,166882443,1,0
4979,263478344666,166914497,1,0
4980,263478671444,166947109,1,0
4981,263478996555,166983429,1,0
4982,263479355777,167016144,1,0
4983,263479686222,167048767,1,0
4984,263479998777,167081563,1,0
4985,263480335555,167117218,1,0
4986,263480696777,167148161,1,0
4987,263481004888,167181839,1,0
4988,263481338666,167218022,1,0
4989,263481707444,167247564,1,0
4990,263482000999,167282265,1,0
4991,263482344333,167314675,1,0
4992,263482671666,167347745,1,0
4993,263483001555,167381199,1,0
4994,263483335444,167415086,1,0
4995,263483674111,167448533,1,0
4996,263484009333,167482587,1,0
4997,263484346000,167519736,1,0
4998,263484680333,167551058,1,0
4999,263485034222,167581318,1,0
5000,263485339222,167615179,1,0
5001,263485676333,167647962,1,0
5002,263486005333,167680804,1,0
5003,263486334777,167716101,1,0
5004,263486685333,167749432,1,0
5005,263487016555,167780932,1,0
5006,263487335444,167816059,1,0
5007,263487685555,167850683,1,0
5008,263488026111,167883522,1,0
5009,263488355333,167915937,1,0
5010,263488674333,167952592,1,0
5011,263489035000,167982354,1,0
5012,263489342888,168016042,1,0
5013,263489680999,168051896,1,0
5014,263490008888,168083754,1,0
5015,263490343555,168119245,1,0
5016,263490706888,168152302,1,0
5017,263491042777,168184916,1,0
5018,263491355333,168218184,1,0
5019,263491694111,168251074,1,0
5020,263492026111,168283759,1,0
5021,263492344777,168318177,1,0
5022,263492700111,168350268,1,0
5023,263493027666,168383921,1,0
5024,263493365000,168416101,1,0
5025,263493687000,168450506,1,0
5026,263494026000,168482856,1,0
5027,263494354333,168515998,1,0
5028,263494682555,168550495,1,0
5029,263495022888,168582833,1,0
5030,263495350000,168615635,1,0
5031,263495681000,168648085,1,0
5032,263496005111,168683490,1,0
5033,263496357000,168715752,1,0
5034,263496681555,168750543,1,0
5035,263497026333,168784538,1,0
5036,263497367333,168815799,1,0
5037,263497676777,168849544,1,0
5038,263498021444,168883683,1,0
5039,263498359222,168916736,1,0
5040,263498690111,168951964,1,0
5041,263499045666,168982404,1,0
5042,263499350555,169016543,1,0
5043,263499680111,169051439,1,0
5044,263500032000,169084254,1,0
5045,263500365444,169117312,1,0
5046,263500697111,169151962,1,0
5047,263501039555,169184779,1,0
5048,263501364666,169216633,1,0
5049,263501690111,169251297,1,0
5050,263502031666,169284377,1,0
5051,263502366444,169319202,1,0
5052,263502701000,169352344,1,0
5053,263503038555,169384708,1,0
5054,263503357666,169418806,1,0
5055,263503703444,169451785,1,0
5056,263504035222,169484920,1,0
5057,263504372555,169521060,1,0
5058,263504735333,169552197,1,0
5059,263505045111,169585181,1,0
5060,263505377111,169619902,1,0
5061,263505720888,169650081,1,0
5062,263506029222,169683841,1,0
5063,263506365111,169717942,1,0
5064,263506696111,169751403,1,0
5065,263507034666,169784208,1,0
5066,263507369555,169817415,1,0
5067,263507696333,169854239,1,0
5068,263508037888,169884257,1,0
5069,263508370444,169920805,1,0
5070,263508735111,169951986,1,0
5071,263509047777,169985381,1,0
5072,263509383333,170018001,1,0
5073,263509711111,170050472,1,0
5074,263510032666,170085141,1,0
5075,263510374666,170116468,1,0
5076,263510694777,170151886,1,0
5077,263511046777,170185504,1,0
5078,263511386111,170216789,1,0
5079,263511696000,170251620,1,0
5080,263512046000,170285574,1,0
5081,263512381777,170319567,1,0
5082,263512712111,170352488,1,0
5083,263513042555,170388286,1,0
5084,263513396222,170419032,1,0
5085,263513707777,170451119,1,0
5086,263514034000,170489122,1,0
5087,263514401000,170518110,1,0
5088,263514702111,170554077,1,0
5089,263515067888,170583923,1,0
5090,263515366000,170618218,1,0
5091,263515698555,170652636,1,0
5092,263516051666,170684355,1,0
5093,263516372000,170718531,1,0
5094,263516704666,170754442,1,0
5095,263517073555,170785100,1,0
5096,263517376888,170816815,1,0
5097,263517699888,170854743,1,0
5098,263518067111,170885158,1,0
5099,263518371555,170917443,1,0
5100,263518704333,170953245,1,0
5101,263519058666,170984273,1,0
5102,263519370333,171018754,1,0
5103,263519711444,171053136,1,0
5104,263520053444,171085390,1,0
5105,263520381222,171117678,1,0
5106,263520708777,171152418,1,0
5107,263521047555,171186103,1,0
5108,263521392222,171218096,1,0
5109,263521707444,171251902,1,0
5110,263522044555,171285769,1,0
5111,263522386888,171319257,1,0
5112,263522719333,171352858,1,0
5113,263523056111,171386092,1,0
5114,263523386555,171423365,1,0
5115,263523755333,171453048,1,0
5116,263524052333,171484879,1,0
5117,263524374444,171517919,1,0
5118,263524712222,171553349,1,0
5119,263525056555,171585144,1,0
5120,263525380555,171622035,1,0
5121,263525747111,171651873,1,0
5122,263526048999,171685713,1,0
5123,263526384666,171719985,1,0
5124,263526725888,171752372,1,0
5125,263527053555,171784670,1,0
5126,263527379000,171819915,1,0
5127,263527723555,171852667,1,0
5128,263528054000,171885099,1,0
5129,263528380111,171919722,1,0
5130,263528727888,171954316,1,0
5131,263529066111,171986048,1,0
5132,263529388777,172023754,1,0
5133,263529760777,172052844,1,0
5134,263530053333,172087239,1,0
5135,263530397777,172121658,1,0
5136,263530741777,172153949,1,0
5137,263531058555,172189940,1,0
5138,263531415222,172220510,1,0
5139,263531731666,172253741,1,0
5140,263532067333,172287347,1,0
5141,263532401666,172319624,1,0
5142,263532728555,172353741,1,0
5143,263533068222,172385835,1,0
5144,263533392000,172419940,1,0
5145,263533723555,172453049,1,0
5146,263534061444,172486386,1,0
5147,263534392444,172519703,1,0
5148,263534725333,172553007,1,0
5149,263535063111,172586387,1,0
5150,263535391333,172620304,1,0
5151,263535734222,172656031,1,0
5152,263536084888,172686723,1,0
5153,263536399888,172720966,1,0
5154,263536737666,172755694,1,0
5155,263537077777,172787243,1,0
5156,263537396999,172822397,1,0
5157,263537744555,172855763,1,0
5158,263538066000,172889113,1,0
5159,263538412111,172924180,1,0
5160,263538756000,172956138,1,0
5161,263539084111,172987364,1,0
5162,263539395555,173021931,1,0
5163,263539742000,173054639,1,0
5164,263540071111,173087831,1,0
5165,263540404777,173123179,1,0
5166,263540755777,173155807,1,0
5167,263541069888,173185964,1,0
5168,263541385999,173220914,1,0
5169,263541736555,173254318,1,0
5170,263542068777,173289702,1,0
5171,263542426777,173321856,1,0
5172,263542746333,173355006,1,0
5173,263543073555,173387805,1,0
5174,263543409222,173421347,1,0
5175,263543743666,173454428,1,0
5176,263544074777,173489014,1,0
5177,263544410888,173523126,1,0
5178,263544757111,173555804,1,0
5179,263545087111,173589122,1,0
5180,263545414111,173621152,1,0
5181,263545738666,173653727,1,0
5182,263546069333,173688932,1,0
5183,263546419000,173723621,1,0
5184,263546760888,173755624,1,0
5185,263547084111,173788414,1,0
5186,263547415444,173821623,1,0
5187,263547744555,173855374,1,0
5188,263548084777,173887949,1,0
5189,263548408666,173923308,1,0
5190,263548757444,173956124,1,0
5191,263549087888,173987448,1,0
5192,263549406666,174024097,1,0
5193,263549759222,174055620,1,0
5194,263550082000,174086705,1,0
5195,263550397111,174121390,1,0
5196,263550742222,174157281,1,0
5197,263551101222,174188421,1,0
5198,263551414666,174221785,1,0
5199,263551750000,174257329,1,0
5200,263552104666,174288971,1,0
5201,263552414888,174324169,1,0
5202,263552760000,174355507,1,0
5203,263553084555,174388701,1,0
5204,263553413888,174421072,1,0
5205,263553739111,174454839,1,0
5206,263554077888,174487844,1,0
5207,263554408111,174524013,1,0
5208,263554757000,174560136,1,0
5209,263555129666,174592340,1,0
5210,263555454666,174623863,1,0
5211,263555767222,174656053,1,0
5212,263556087222,174690633,1,0
5213,263556435111,174721014,1,0
5214,263556739444,174757233,1,0
5215,263557092888,174787982,1,0
5216,263557410000,174820647,1,0
5217,263557739555,174854669,1,0
5218,263558074888,174888411,1,0
5219,263558414111,174925338,1,0
5220,263558771000,174956197,1,0
5221,263559094222,174988605,1,0
5222,263559415222,175023544,1,0
5223,263559755666,175057999,1,0
5224,263560093777,175088607,1,0
5225,263560418333,175124088,1,0
5226,263560766000,175159361,1,0
5227,263561100777,175192450,1,0
5228,263561447000,175224015,1,0
5229,263561754555,175258399,1,0
5230,263562098333,175290713,1,0
5231,263562424222,175320930,1,0
5232,263562732555,175358063,1,0
5233,263563106000,175391270,1,0
5234,263563439000,175421770,1,0
5235,263563743555,175456637,1,0
5236,263564073000,175491641,1,0
5237,263564438777,175522804,1,0
5238,263564759111,175556184,1,0
5239,263565084222,175588804,1,0
5240,263565419000,175621314,1,0
5241,263565743111,175656936,1,0
5242,263566097888,175690964,1,0
5243,263566434555,175723298,1,0
5244,263566761333,175759322,1,0
5245,263567106555,175791294,1,0
5246,263567426777,175822618,1,0
5247,263567758333,175856791,1,0
5248,263568098111,175892455,1,0
5249,263568446555,175923214,1,0
5250,263568756000,175959462,1,0
5251,263569125111,175992211,1,0
5252,263569445000,176027151,1,0
5253,263569799666,176059288,1,0
5254,263570100444,176091386,1,0
5255,263570429555,176123645,1,0
5256,263570759444,176157643,1,0
5257,263571099333,176189915,1,0
5258,263571426555,176224036,1,0
5259,263571766000,176257877,1,0
5260,263572103666,176290884,1,0
5261,263572436777,176323371,1,0
5262,263572761000,176357055,1,0
5263,263573101000,176390843,1,0
5264,263573429666,176424174,1,0
5265,263573765444,176458298,1,0
5266,263574114777,176490101,1,0
5267,263574426555,176524284,1,0
5268,263574767000,176557287,1,0
5269,263575104333,176591831,1,0
5270,263575442333,176625635,1,0
5271,263575783666,176658634,1,0
5272,263576110444,176689670,1,0
5273,263576427666,176724317,1,0
5274,263576769888,176758564,1,0
5275,263577104111,176791474,1,0
5276,263577434000,176823773,1,0
5277,263577768000,176861406,1,0
5278,263578108444,176893467,1,0
5279,263578463777,176926501,1,0
5280,263578792111,176958370,1,0
5281,263579113555,176992371,1,0
5282,263579452333,177023786,1,0
5283,263579764555,177059647,1,0
5284,263580117555,177092594,1,0
5285,263580453555,177124344,1,0
5286,263580770555,177160412,1,0
5287,263581126222,177191097,1,0
5288,263581439444,177224140,1,0
5289,263581770333,177258030,1,0
5290,263582095000,177291346,1,0
5291,263582443555,177324657,1,0
5292,263582771000,177359995,1,0
5293,263583129222,177391741,1,0
5294,263583442111,177424758,1,0
5295,263583776000,177457730,1,0
5296,263584106888,177492031,1,0
5297,263584437111,177525336,1,0
5298,263584778555,177558292,1,0
5299,263585106000,177593445,1,0
5300,263585447444,177624524,1,0
5301,263585772111,177658982,1,0
5302,263586113555,177691733,1,0
5303,263586442222,177725640,1,0
5304,263586775444,177758096,1,0
5305,263587111000,177793173,1,0
5306,263587444222,177827462,1,0
5307,263587791000,177860963,1,0
5308,263588117888,177894050,1,0
5309,263588455222,177928019,1,0
5310,263588806000,177958619,1,0
5311,263589117111,177991672,1,0
5312,263589439111,178026424,1,0
5313,263589783666,178060478,1,0
5314,263590110333,178091669,1,0
5315,263590442888,178130177,1,0
5316,263590825555,178157578,1,0
5317,263591106000,178191926,1,0
5318,263591444777,178227206,1,0
5319,263591799666,178260353,1,0
5320,263592125000,178292875,1,0
5321,263592458444,178327655,1,0
5322,263592798777,178360721,1,0
5323,263593136000,178392208,1,0
5324,263593451666,178426989,1,0
5325,263593796666,178459242,1,0
5326,263594120888,178493099,1,0
5327,263594448444,178525665,1,0
5328,263594787333,178560677,1,0
5329,263595131555,178590809,1,0
5330,263595438555,178625355,1,0
5331,263595783000,178661250,1,0
5332,263596141000,178692020,1,0
5333,263596447333,178726489,1,0
5334,263596796111,178761751,1,0
5335,263597147888,178792225,1,0
5336,263597450000,178826801,1,0
5337,263597796111,178859985,1,0
5338,263598129999,178893536,1,0
5339,263598457888,178926294,1,0
5340,263598789000,178961369,1,0
5341,263599141666,178993936,1,0
5342,263599464333,179026430,1,0
5343,263599797111,179060183,1,0
5344,263600125333,179092085,1,0
5345,263600451888,179128573,1,0
5346,263600811666,179160317,1,0
5347,263601120444,179192815,1,0
5348,263601457000,179226025,1,0
5349,263601788444,179260572,1,0
5350,263602131000,179293483,1,0
5351,263602461666,179328362,1,0
5352,263602802333,179360965,1,0
5353,263603139555,179392880,1,0
5354,263603456888,179428452,1,0
5355,263603807222,179459546,1,0
5356,263604121555,179493795,1,0
5357,263604465333,179528586,1,0
5358,263604814000,179559777,1,0
5359,263605126777,179594126,1,0
5360,263605470111,179626030,1,0
5361,263605791777,179661808,1,0
5362,263606138444,179693155,1,0
5363,263606458666,179727514,1,0
5364,263606805555,179761196,1,0
5365,263607142111,179793976,1,0
5366,263607469777,179826686,1,0
5367,263607799666,179860454,1,0
5368,263608135222,179895025,1,0
5369,263608469222,179926442,1,0
5370,263608793111,179966449,1,0
5371,263609194888,179994755,1,0
5372,263609457777,180029593,1,0
5373,263609822333,180063136,1,0
5374,263610153444,180094947,1,0
5375,263610467222,180130334,1,0
5376,263610817666,180163781,1,0
5377,263611164333,180194531,1,0
5378,263611473666,180229653,1,0
5379,263611802222,180264524,1,0
5380,263612173555,180294310,1,0
5381,263612471888,180327404,1,0
5382,263612804000,180362539,1,0
5383,263613146000,180395760,1,0
5384,263613468444,180430485,1,0
5385,263613836111,180461230,1,0
5386,263614140555,180494890,1,0
5387,263614471444,180529436,1,0
5388,263614823333,180560493,1,0
5389,263615136666,180594339,1,0
5390,263615464111,180627145,1,0
5391,263615800111,180662611,1,0
5392,263616155444,180695124,1,0
5393,263616475000,180730797,1,0
5394,263616836222,180762931,1,0
5395,263617149111,180793855,1,0
5396,263617466888,180827762,1,0
5397,263617802666,180863923,1,0
5398,263618161000,180895173,1,0
5399,263618480333,180928132,1,0
5400,263618804777,180963679,1,0
5401,263619162555,180994211,1,0
5402,263619472333,181028710,1,0
5403,263619808222,181065312,1,0
5404,263620154000,181095397,1,0
5405,263620481666,181129509,1,0
5406,263620811888,181161831,1,0
5407,263621141222,181194671,1,0
5408,263621475444,181227737,1,0
5409,263621803444,181263836,1,0
5410,263622164666,181294469,1,0
5411,263622471111,181329980,1,0
5412,263622820111,181362362,1,0
5413,263623152999,181394429,1,0
5414,263623470222,181429807,1,0
5415,263623827444,181462767,1,0
5416,263624150000,181495958,1,0
5417,263624490444,181530186,1,0
5418,263624824000,181563991,1,0
5419,263625160888,181594620,1,0
5420,263625473444,181629009,1,0
5421,263625819444,181663639,1,0
5422,263626162777,181700238,1,0
5423,263626528888,181730630,1,0
5424,263626831888,181765483,1,0
5425,263627180666,181797649,1,0
5426,263627509555,181829467,1,0
5427,263627826444,181866513,1,0
5428,263628194888,181896933,1,0
5429,263628493555,181929665,1,0
5430,263628824888,181969296,1,0
5431,263629220111,181995446,1,0
5432,263629477444,182030274,1,0
5433,263629832666,182063992,1,0
5434,263630168222,182096738,1,0
5435,263630494444,182130043,1,0
5436,263630830222,182163493,1,0
5437,263631163000,182196012,1,0
5438,263631487222,182229102,1,0
5439,263631812666,182263322,1,0
5440,263632164000,182296596,1,0
5441,263632496777,182331164,1,0
5442,263632843666,182364368,1,0
5443,263633172444,182396400,1,0
5444,263633495666,182431186,1,0
5445,263633821111,182464061,1,0
5446,263634163444,182498259,1,0
5447,263634492666,182530186,1,0
5448,263634825333,182565550,1,0
5449,263635178666,182598986,1,0
5450,263635501777,182631051,1,0
5451,263635841000,182665310,1,0
5452,263636168888,182695599,1,0
5453,263636483555,182735066,1,0
5454,263636866000,182764077,1,0
5455,263637157000,182799581,1,0
5456,263637517666,182831431,1,0
5457,263637842444,182863457,1,0
5458,263638164333,182897794,1,0
5459,263638506000,182933907,1,0
5460,263638862999,182967474,1,0
5461,263639186666,183000380,1,0
5462,263639535444,183031276,1,0
5463,263639843111,183065829,1,0
5464,263640182000,183098782,1,0
5465,263640511111,183130979,1,0
5466,263640840444,183165413,1,0
5467,263641179000,183197203,1,0
5468,263641502777,183230695,1,0
5469,263641839111,183263389,1,0
5470,263642165555,183297384,1,0
5471,263642500000,183329906,1,0
5472,263642832222,183364375,1,0
5473,263643172888,183401175,1,0
5474,263643536333,183429456,1,0
5475,263643827111,183464491,1,0
5476,263644173999,183498567,1,0
5477,263644509777,183529670,1,0
5478,263644825555,183564878,1,0
5479,263645180222,183598999,1,0
5480,263645519222,183632076,1,0
5481,263645845333,183664638,1,0
5482,263646171555,183697894,1,0
5483,263646509000,183731606,1,0
5484,263646846000,183764497,1,0
5485,263647176000,183800958,1,0
5486,263647539111,183830343,1,0
5487,263647836555,183865752,1,0
5488,263648174444,183898319,1,0
5489,263648512333,183930651,1,0
5490,263648837666,183965262,1,0
5491,263649179444,184001634,1,0
5492,263649538444,184031631,1,0
5493,263649837777,184063980,1,0
5494,263650165000,184101647,1,0
5495,263650541111,184131379,1,0
5496,263650845222,184165864,1,0
5497,263651185000,184197847,1,0
5498,263651502333,184230750,1,0
5499,263651838444,184264311,1,0
5500,263652171333,184299704,1,0
5501,263652514000,184332495,1,0
5502,263652851000,184364397,1,0
5503,263653172777,184401498,1,0
5504,263653537333,184436312,1,0
5505,263653867555,184466066,1,0
5506,263654188555,184498752,1,0
5507,263654513666,184533063,1,0
5508,263654858888,184566594,1,0
5509,263655189777,184598738,1,0
5510,263655512888,184633165,1,0
5511,263655859222,184665301,1,0
5512,263656183555,184697636,1,0
5513,263656507444,184732610,1,0
5514,263656855777,184769560,1,0
5515,263657223000,184801007,1,0
5516,263657528333,184831859,1,0
5517,263657848222,184869105,1,0
5518,263658215888,184900932,1,0
5519,263658531000,184934444,1,0
5520,263658860444,184966256,1,0
5521,263659192333,185000803,1,0
5522,263659529888,185034133,1,0
5523,263659857000,185068725,1,0
5524,263660214000,185099766,1,0
5525,263660516000,185134160,1,0
5526,263660859222,185167124,1,0
5527,263661192666,185198613,1,0
5528,263661506999,185235312,1,0
5529,263661873888,185266305,1,0
5530,263662190888,185298113,1,0
5531,263662509333,185332662,1,0
5532,263662853666,185365063,1,0
5533,263663182000,185399784,1,0
5534,263663527666,185433622,1,0
5535,263663862777,185466935,1,0
5536,263664197333,185500748,1,0
5537,263664533333,185533024,1,0
5538,263664858444,185567280,1,0
5539,263665202666,185598377,1,0
5540,263665513666,185634464,1,0
5541,263665868000,185666823,1,0
5542,263666192777,185699482,1,0
5543,263666521777,185737898,1,0
5544,263666901111,185767312,1,0
5545,263667202888,185801367,1,0
5546,263667543666,185834683,1,0
5547,263667865666,185867592,1,0
5548,263668201888,185902012,1,0
5549,263668548666,185932243,1,0
5550,263668854111,185967777,1,0
5551,263669198555,186000215,1,0
5552,263669532444,186032471,1,0
5553,263669852888,186067050,1,0
5554,263670201111,186099311,1,0
5555,263670520111,186133645,1,0
5556,263670864000,186167434,1,0
5557,263671200333,186199500,1,0
5558,263671522777,186232904,1,0
5559,263671856333,186267225,1,0
5560,263672197555,186299283,1,0
5561,263672520333,186333150,1,0
5562,263672863555,186367130,1,0
5563,263673196111,186402892,1,0
5564,263673560333,186432801,1,0
5565,263673857000,186467458,1,0
5566,263674205444,186503045,1,0
5567,263674555333,186532878,1,0
5568,263674857444,186570748,1,0
5569,263675234888,186600424,1,0
5570,263675532666,186635359,1,0
5571,263675881999,186669327,1,0
5572,263676218555,186699763,1,0
5573,263676528444,186734064,1,0
5574,263676867666,186767791,1,0
5575,263677202222,186799566,1,0
5576,263677523444,186833702,1,0
5577,263677869666,186869769,1,0
5578,263678223666,186902221,1,0
5579,263678546000,186934530,1,0
5580,263678877000,186972143,1,0
5581,263679250888,187002242,1,0
5582,263679545888,187034180,1,0
5583,263679866666,187069739,1,0
5584,263680220111,187100443,1,0
5585,263680533000,187135164,1,0
5586,263680875888,187170143,1,0
5587,263681231444,187202837,1,0
5588,263681542111,187235466,1,0
5589,263681862555,187268739,1,0
5590,263682213555,187301096,1,0
5591,263682537111,187335199,1,0
5592,263682870888,187372892,1,0
5593,263683249000,187401028,1,0
5594,263683532666,187434888,1,0
5595,263683876555,187467871,1,0
5596,263684204888,187501389,1,0
5597,263684542666,187539909,1,0
5598,263684922222,187568822,1,0
5599,263685216222,187603116,1,0
5600,263685547333,187634928,1,0
5601,263685872333,187668999,1,0
5602,263686217222,187703116,1,0
5603,263686561777,187735964,1,0
5604,263686888444,187771539,1,0
5605,263687245111,187804257,1,0
5606,263687573222,187836602,1,0
5607,263687887777,187869823,1,0
5608,263688224888,187903871,1,0
5609,263688564111,187938857,1,0
5610,263688915111,187970744,1,0
5611,263689237777,188005402,1,0
5612,263689585222,188036049,1,0
5613,263689889000,188069606,1,0
5614,263690220333,188103029,1,0
5615,263690558444,188136226,1,0
5616,263690883444,188169259,1,0
5617,263691223555,188203581,1,0
5618,263691559000,188235413,1,0
5619,263691878444,188268862,1,0
5620,263692211222,188303817,1,0
5621,263692560777,188334779,1,0
5622,263692879333,188369512,1,0
5623,263693221000,188405069,1,0
5624,263693579777,188434962,1,0
5625,263693874444,188468423,1,0
5626,263694213777,188503727,1,0
5627,263694566222,188536702,1,0
5628,263694885222,188571606,1,0
5629,263695248444,188603286,1,0
5630,263695551555,188636450,1,0
5631,263695896111,188669804,1,0
5632,263696223444,188701951,1,0
5633,263696548444,188735308,1,0
5634,263696882555,188771141,1,0
5635,263697237000,188802523,1,0
5636,263697549888,188842280,1,0
5637,263697941555,188870692,1,0
5638,263698233000,188902214,1,0
5639,263698551555,188936587,1,0
5640,263698894888,188970762,1,0
5641,263699237666,189004010,1,0
5642,263699564444,189037166,1,0
5643,263699896333,189068368,1,0
5644,263700215000,189105569,1,0
5645,263700562888,189137474,1,0
5646,263700903777,189171132,1,0
5647,263701230888,189202353,1,0
5648,263701552000,189240101,1,0
5649,263701900111,189269923,1,0
5650,263702230000,189303211,1,0
5651,263702558888,189337590,1,0
5652,263702907555,189369810,1,0
5653,263703229777,189405592,1,0
5654,263703582111,189438385,1,0
5655,263703899666,189471702,1,0
5656,263704240111,189503860,1,0
5657,263704565222,189536923,1,0
5658,263704896888,189571295,1,0
5659,263705242000,189605663,1,0
5660,263705587333,189636616,1,0
5661,263705893555,189671798,1,0
5662,263706238333,189706224,1,0
5663,263706583555,189737472,1,0
5664,263706890666,189771214,1,0
5665,263707234444,189804288,1,0
5666,263707563111,189839296,1,0
5667,263707898666,189873106,1,0
5668,263708248888,189904797,1,0
5669,263708578111,189939991,1,0
5670,263708917222,189971781,1,0
5671,263709246333,190008127,1,0
5672,263709593333,190039430,1,0
5673,263709911666,190107849,1,0
5674,263710605000,190182860,1,0
5675,263710605000,190188533,1,0
5676,263710605000,190194021,1,0
5677,263711259555,190204694,1,0
5678,263711581888,190236614,1,0
5679,263711897777,190274334,1,0
5680,263712273444,190308822,1,0
5681,263712620777,190336685,1,0
5682,263712893222,190371630,1,0
5683,263713242444,190405871,1,0
5684,263713565777,190438966,1,0
5685,263713920222,190471684,1,0
5686,263714241111,190503863,1,0
5687,263714564777,190540007,1,0
5688,263714927777,190571121,1,0
5689,263715245222,190604740,1,0
5690,263715572888,190638004,1,0
5691,263715906555,190671206,1,0
5692,263716241777,190704777,1,0
5693,263716573333,190739296,1,0
5694,263716920333,190771579,1,0
5695,263717242111,190804888,1,0
5696,263717564888,190838038,1,0
5697,263717908444,190872120,1,0
5698,263718241888,190905805,1,0
5699,263718584333,190943591,1,0
5700,263718962111,190971942,1,0
5701,263719249555,191005045,1,0
5702,263719584000,191038152,1,0
5703,263719910111,191071331,1,0
5704,263720238555,191104827,1,0
5705,263720574444,191139759,1,0
5706,263720908555,191171469,1,0
5707,263721242444,191204432,1,0
5708,263721574777,191238009,1,0
5709,263721907111,191274872,1,0
5710,263722281444,191305143,1,0
5711,263722573666,191338740,1,0
5712,263722908888,191373035,1,0
5713,263723262111,191404795,1,0
5714,263723576111,191439740,1,0
5715,263723924777,191471124,1,0
5716,263724240555,191506324,1,0
5717,263724587000,191542538,1,0
5718,263724955111,191572893,1,0
5719,263725255888,191606181,1,0
5720,263725588666,191640675,1,0
5721,263725926444,191672234,1,0
5722,263726254333,191705069,1,0
5723,263726582333,191739049,1,0
5724,263726922777,191772455,1,0
5725,263727256333,191804658,1,0
5726,263727569777,191840872,1,0
5727,263727936444,191870721,1,0
5728,263728240222,191906360,1,0
5729,263728593111,191938317,1,0
5730,263728913444,191972424,1,0
5731,263729249222,192009595,1,0
5732,263729625222,192039643,1,0
5733,263729920222,192073452,1,0
5734,263730261888,192111180,1,0
5735,263730623555,192140174,1,0
5736,263730923000,192173435,1,0
5737,263731262222,192209401,1,0
5738,263731621111,192240738,1,0
5739,263731926000,192274077,1,0
5740,263732261555,192306865,1,0
5741,263732598555,192340737,1,0
5742,263732931222,192375270,1,0
5743,263733282111,192408533,1,0
5744,263733615444,192439966,1,0
5745,263733924333,192474022,1,0
5746,263734263555,192505998,1,0
5747,263734582666,192541211,1,0
5748,263734938444,192574271,1,0
5749,263735269444,192605345,1,0
5750,263735585222,192640846,1,0
5751,263735938000,192674165,1,0
5752,263736268444,192708385,1,0
5753,263736616000,192739153,1,0
5754,263736919888,192774206,1,0
5755,263737269888,192807672,1,0
5756,263737605888,192839656,1,0
5757,263737924777,192873729,1,0
5758,263738269000,192907819,1,0
5759,263738608333,192940599,1,0
5760,263738930444,192974629,1,0
5761,263739275888,193008629,1,0
5762,263739615333,193041489,1,0
5763,263739946444,193076161,1,0
5764,263740284666,193106177,1,0
5765,263740593222,193142651,1,0
5766,263740953999,193172895,1,0
5767,263741249777,193210888,1,0
5768,263741630000,193239700,1,0
5769,263741926000,193274629,1,0
5770,263742273888,193307812,1,0
5771,263742603777,193340212,1,0
5772,263742929222,193373475,1,0
5773,263743267111,193406443,1,0
5774,263743592000,193440605,1,0
5775,263743930888,193475056,1,0
5776,263744274000,193508263,1,0
5777,263744609888,193543819,1,0
5778,263744966888,193574212,1,0
5779,263745273555,193608486,1,0
5780,263745616000,193641584,1,0
5781,263745945888,193675550,1,0
5782,263746275444,193707560,1,0
5783,263746606111,193740587,1,0
5784,263746935888,193774705,1,0
5785,263747275111,193807351,1,0
5786,263747605000,193840808,1,0
5787,263747932666,193875752,1,0
5788,263748285888,193910614,1,0
5789,263748621222,193941467,1,0
5790,263748936222,193975722,1,0
5791,263749280111,194007751,1,0
5792,263749608444,194041960,1,0
5793,263749950222,194075159,1,0
5794,263750282777,194110751,1,0
5795,263750608444,194142192,1,0
5796,263750940000,194174797,1,0
5797,263751275333,194207490,1,0
5798,263751604555,194241038,1,0
5799,263751940333,194275937,1,0
5800,263752278222,194307285,1,0
5801,263752602111,194344483,1,0
5802,263752974555,194374748,1,0
5803,263753273555,194408952,1,0
5804,263753618666,194440956,1,0
5805,263753939666,194474150,1,0
5806,263754273333,194511700,1,0
5807,263754640111,194543048,1,0
5808,263754944777,194576871,1,0
5809,263755286555,194613397,1,0
5810,263755651555,194643500,1,0
5811,263755954666,194676220,1,0
5812,263756288777,194712397,1,0
5813,263756646333,194746402,1,0
5814,263756979555,194778755,1,0
5815,263757307666,194815311,1,0
5816,263757671888,194842499,1,0
5817,263757945888,194877993,1,0
5818,263758301222,194909295,1,0
5819,263758623222,194941505,1,0
5820,263758944555,194975546,1,0
5821,263759287444,195009679,1,0
5822,263759622555,195041996,1,0
5823,263759949666,195074385,1,0
5824,263760270666,195110475,1,0
5825,263760636333,195146867,1,0
5826,263760989444,195175777,1,0
5827,263761283000,195208891,1,0
5828,263761619222,195244488,1,0
5829,263761940888,195278381,1,0
5830,263762303444,195312079,1,0
5831,263762644444,195342510,1,0
5832,263762953555,195375953,1,0
5833,263763286777,195408532,1,0
5834,263763617777,195448891,1,0
5835,263763994666,195475236,1,0
5836,263764284888,195508928,1,0
5837,263764619222,195545109,1,0
5838,263764979555,195576965,1,0
5839,263765302555,195609461,1,0
5840,263765621000,195642788,1,0
5841,263765957000,195676933,1,0
5842,263766295888,195709486,1,0
5843,263766627222,195744072,1,0
5844,263766966222,195776495,1,0
5845,263767290111,195809820,1,0
5846,263767629000,195843387,1,0
5847,263767959111,195876825,1,0
5848,263768288888,195911592,1,0
5849,263768646222,195944847,1,0
5850,263768980888,195977055,1,0
5851,263769299888,196010778,1,0
5852,263769634000,196044282,1,0
5853,263769964888,196076141,1,0
5854,263770291444,196111703,1,0
5855,263770643444,196144567,1,0
5856,263770966444,196180000,1,0
5857,263771320555,196210320,1,0
5858,263771632111,196242863,1,0
5859,263771954111,196279528,1,0
5860,263772322666,196309086,1,0
5861,263772622444,196344955,1,0
5862,263772978888,196378870,1,0
5863,263773315333,196412438,1,0
5864,263773651111,196444174,1,0
5865,263773968777,196477442,1,0
5866,263774298333,196510706,1,0
5867,263774633444,196546077,1,0
5868,263774983555,196578161,1,0
5869,263775305888,196610884,1,0
5870,263775639333,196643574,1,0
5871,263775965888,196676372,1,0
5872,263776295111,196710097,1,0
5873,263776627666,196746012,1,0
5874,263776983888,196776637,1,0
5875,263777295222,196813373,1,0
5876,263777664000,196843425,1,0
5877,263777964000,196877256,1,0
5878,263778300444,196911513,1,0
5879,263778646444,196944197,1,0
5880,263778963444,196980144,1,0
5881,263779314000,197013520,1,0
5882,263779656444,197043759,1,0
5883,263779962555,197078168,1,0
5884,263780304333,197111132,1,0
5885,263780632444,197146087,1,0
5886,263780976999,197181009,1,0
5887,263781313444,197210297,1,0
5888,263781632111,197245572,1,0
5889,263781972444,197280276,1,0
5890,263782334333,197312854,1,0
5891,263782649444,197345220,1,0
5892,263782979000,197378500,1,0
5893,263783308333,197412033,1,0
5894,263783643333,197445254,1,0
5895,263783981444,197477045,1,0
5896,263784302000,197511361,1,0
5897,263784641888,197546532,1,0
5898,263784992222,197579128,1,0
5899,263785322888,197613712,1,0
5900,263785663666,197645115,1,0
5901,263785979555,197677600,1,0
5902,263786308333,197710950,1,0
5903,263786639111,197745203,1,0
5904,263786970888,197782027,1,0
5905,263787336000,197810809,1,0
5906,263787636888,197843908,1,0
5907,263787970111,197880713,1,0
5908,263788334111,197911317,1,0
5909,263788639666,197945525,1,0
5910,263788982000,197979578,1,0
5911,263789325666,198012268,1,0
5912,263789649000,198044837,1,0
5913,263789975111,198079062,1,0
5914,263790317222,198113032,1,0
5915,263790656444,198145622,1,0
5916,263790976333,198180276,1,0
5917,263791330111,198211431,1,0
5918,263791644333,198244950,1,0
5919,263791982444,198279242,1,0
5920,263792320222,198314603,1,0
5921,263792671555,198348908,1,0
5922,263793009888,198379510,1,0
5923,263793323444,198413754,1,0
5924,263793662444,198446365,1,0
5925,263793990888,198479354,1,0
5926,263794320777,198516711,1,0
5927,263794666666,198548267,1,0
5928,263795012000,198581274,1,0
5929,263795335000,198612495,1,0
5930,263795654666,198646737,1,0
5931,263795994777,198679909,1,0
5932,263796329222,198718733,1,0
5933,263796709111,198748462,1,0
5934,263797012444,198780466,1,0
5935,263797328000,198812496,1,0
5936,263797644888,198846948,1,0
5937,263797996777,198878450,1,0
5938,263798315111,198911847,1,0
5939,263798649222,198945925,1,0
5940,263798991333,198980517,1,0
5941,263799334555,199011730,1,0
5942,263799648888,199051172,1,0
5943,263800023444,199079510,1,0
5944,263800325000,199111840,1,0
5945,263800650888,199151284,1,0
5946,263801032555,199180582,1,0
5947,263801331111,199213320,1,0
5948,263801663666,199246864,1,0
5949,263801996222,199280876,1,0
5950,263802331444,199313708,1,0
5951,263802668333,199347248,1,0
5952,263802991222,199381001,1,0
5953,263803332999,199415487,1,0
5954,263803677222,199448444,1,0
5955,263804011555,199480987,1,0
5956,263804335888,199517124,1,0
5957,263804693222,199551054,1,0
5958,263805024666,199581288,1,0
5959,263805338555,199616636,1,0
5960,263805691444,199646927,1,0
5961,263805997333,199681808,1,0
5962,263806343777,199715387,1,0
5963,263806672777,199748617,1,0
5964,263807010222,199783380,1,0
5965,263807356666,199814410,1,0
5966,263807668777,199847745,1,0
5967,263808007555,199882432,1,0
5968,263808348333,199913635,1,0
5969,263808663333,199948271,1,0
5970,263809014777,199982116,1,0
5971,263809349000,200014212,1,0
5972,263809668222,200047943,1,0
5973,263810004333,200082700,1,0
5974,263810346555,200113834,1,0
5975,263810667777,200147099,1,0
5976,263810993444,200181352,1,0
5977,263811336333,200214101,1,0
5978,263811662444,200249081,1,0
5979,263812021666,200280939,1,0
5980,263812340222,200314078,1,0
5981,263812671333,200349095,1,0
5982,263813022777,200381036,1,0
5983,263813340222,200417157,1,0
5984,263813687333,200448638,1,0
5985,263814005000,200481436,1,0
5986,263814345333,200515084,1,0
5987,263814661777,200547800,1,0
5988,263815006777,200580936,1,0
5989,263815341999,200619784,1,0
5990,263815722888,200647537,1,0
5991,263816007111,200681478,1,0
5992,263816343333,200715211,1,0
5993,263816674666,200749762,1,0
5994,263817016111,200783306,1,0
5995,263817359555,200815124,1,0
5996,263817682111,200850536,1,0
5997,263818026888,200881759,1,0
5998,263818338444,200917456,1,0
5999,263818693555,200946941,1,0
6000,263818998333,200981430,1,0
6001,263819338222,201016346,1,0
6002,263819691333,201049261,1,0
6003,263820018222,201082244,1,0
6004,263820342555,201114321,1,0
6005,263820676555,201151295,1,0
6006,263821032333,201182391,1,0
6007,263821352777,201214434,1,0
6008,263821673333,201250075,1,0
6009,263822029222,201283419,1,0
6010,263822364555,201316101,1,0
6011,263822691888,201350096,1,0
6012,263823025888,201419970,1,0
6013,263823722888,201491561,1,0
6014,263823722888,201497200,1,0
6015,263823722888,201502646,1,0
6016,263824356888,201516278,1,0
6017,263824695555,201550633,1,0
6018,263825024888,201581650,1,0
6019,263825345444,201617010,1,0
6020,263825696444,201649657,1,0
6021,263826028333,201683004,1,0
6022,263826353333,201716898,1,0
6023,263826694444,201748534,1,0
6024,263827010222,201785348,1,0
6025,263827366666,201816487,1,0
6026,263827689888,201852119,1,0
6027,263828025888,201886252,1,0
6028,263828388444,201916656,1,0
6029,263828680000,201948980,1,0
6030,263829015777,201983495,1,0
6031,263829359222,202015164,1,0
6032,263829680777,202048716,1,0
6033,263830013444,202087364,1,0
6034,263830384111,202117245,1,0
6035,263830695888,202149934,1,0
6036,263831023222,202183301,1,0
6037,263831359444,202216293,1,0
6038,263831682777,202248564,1,0
6039,263832014666,202282470,1,0
6040,263832355888,202317290,1,0
6041,263832698777,202350547,1,0
6042,263833031333,202383375,1,0
6043,263833363555,202416460,1,0
6044,263833688444,202448755,1,0
6045,263834016555,202482576,1,0
6046,263834356666,202516533,1,0
6047,263834691777,202549574,1,0
6048,263835016888,202582075,1,0
6049,263835351444,202616693,1,0
6050,263835694888,202650449,1,0
6051,263836025777,202683176,1,0
6052,263836361888,202721323,1,0
6053,263836739444,202750270,1,0
6054,263837033888,202783798,1,0
6055,263837363777,202816138,1,0
6056,263837690222,202852348,1,0
6057,263838046333,202883433,1,0
6058,263838361888,202916161,1,0
6059,263838692777,202950728,1,0
6060,263839033444,202986333,1,0
6061,263839395222,203018100,1,0
6062,263839702111,203051863,1,0
6063,263840042444,203083974,1,0
6064,263840369888,203116506,1,0
6065,263840693444,203154063,1,0
6066,263841062888,203183061,1,0
6067,263841361555,203216275,1,0
6068,263841692333,203252234,1,0
6069,263842038666,203283342,1,0
6070,263842362555,203316449,1,0
6071,263842694000,203352471,1,0
6072,263843054666,203383518,1,0
6073,263843368333,203416432,1,0
6074,263843694666,203450250,1,0
6075,263844027333,203484796,1,0
6076,263844366999,203516907,1,0
6077,263844701333,203555752,1,0
6078,263845086888,203583626,1,0
6079,263845365888,203619344,1,0
6080,263845720666,203650586,1,0
6081,263846031777,203685032,1,0
6082,263846375888,203720696,1,0
6083,263846732222,203751786,1,0
6084,263847045222,203785561,1,0
6085,263847380888,203816311,1,0
6086,263847695333,203852425,1,0
6087,263848051111,203885517,1,0
6088,263848387444,203918433,1,0
6089,263848707777,203956209,1,0
6090,263849083444,203987416,1,0
6091,263849401777,204018862,1,0
6092,263849700000,204051285,1,0
6093,263850041444,204087484,1,0
6094,263850381888,204118544,1,0
6095,263850716333,204152044,1,0
6096,263851047555,204186287,1,0
6097,263851387444,204217193,1,0
6098,263851702444,204251605,1,0
6099,263852038888,204287852,1,0
6100,263852407111,204318206,1,0
6101,263852708777,204353124,1,0
6102,263853061444,204386418,1,0
6103,263853390888,204420718,1,0
6104,263853728666,204452513,1,0
6105,263854053555,204486168,1,0
6106,263854382000,204519755,1,0
6107,263854715000,204553962,1,0
6108,263855055000,204589342,1,0
6109,263855417111,204620514,1,0
6110,263855725777,204652548,1,0
6111,263856052333,204686221,1,0
6112,263856392000,204719605,1,0
6113,263856721666,204754667,1,0
6114,263857070111,204787334,1,0
6115,263857404777,204821559,1,0
6116,263857739222,204852677,1,0
6117,263858056666,204889375,1,0
6118,263858419555,204919676,1,0
6119,263858723333,204951737,1,0
6120,263859044444,204988099,1,0
6121,263859405000,205018975,1,0
6122,263859720333,205053136,1,0
6123,263860053999,205086886,1,0
6124,263860398777,205118751,1,0
6125,263860715111,205154715,1,0
6126,263861062333,205185860,1,0
6127,263861384777,205218782,1,0
6128,263861719888,205253560,1,0
6129,263862057000,205285500,1,0
6130,263862384555,205319906,1,0
6131,263862727444,205352928,1,0
6132,263863055333,205388331,1,0
6133,263863411777,205422849,1,0
6134,263863743333,205452709,1,0
6135,263864058888,205485224,1,0
6136,263864383333,205520666,1,0
6137,263864721333,205554084,1,0
6138,263865067777,205586827,1,0
6139,263865393666,205621174,1,0
6140,263865731666,205651415,1,0
6141,263866043111,205688229,1,0
6142,263866407222,205723279,1,0
6143,263866736333,205753984,1,0
6144,263867062333,205787751,1,0
6145,263867400222,205820632,1,0
6146,263867736111,205854018,1,0
6147,263868067333,205887537,1,0
6148,263868402000,205922394,1,0
6149,263868748333,205954937,1,0
6150,263869080222,205990132,1,0
6151,263869433333,206021152,1,0
6152,263869745111,206053942,1,0
6153,263870060111,206090874,1,0
6154,263870436000,206119274,1,0
6155,263870721777,206153781,1,0
6156,263871066111,206188013,1,0
6157,263871406444,206221804,1,0
6158,263871741555,206253144,1,0
6159,263872059999,206287037,1,0
6160,263872397777,206320286,1,0
6161,263872729777,206355030,1,0
6162,263873077111,206390867,1,0
6163,263873439333,206420079,1,0
6164,263873729444,206454443,1,0
6165,263874072777,206491645,1,0
6166,263874446555,206520512,1,0
6167,263874732888,206553477,1,0
6168,263875066888,206587589,1,0
6169,263875407000,206619676,1,0
6170,263875725777,206655420,1,0
6171,263876070333,206686322,1,0
6172,263876389666,206722500,1,0
6173,263876752666,206758275,1,0
6174,263877085888,206788586,1,0
6175,263877407111,206821519,1,0
6176,263877743333,206857707,1,0
6177,263878099111,206889304,1,0
6178,263878412777,206920139,1,0
6179,263878733777,206953249,1,0
6180,263879062666,206990570,1,0
6181,263879425888,207020154,1,0
6182,263879732333,207056127,1,0
6183,263880083444,207087607,1,0
6184,263880399777,207121523,1,0
6185,263880743333,207159688,1,0
6186,263881124333,207187854,1,0
6187,263881408666,207221513,1,0
6188,263881742000,207255168,1,0
6189,263882083222,207287912,1,0
6190,263882410777,207322899,1,0
6191,263882759444,207359039,1,0
6192,263883117666,207391664,1,0
6193,263883442888,207422253,1,0
6194,263883756333,207454660,1,0
6195,263884075777,207487728,1,0
6196,263884408444,207520742,1,0
6197,263884735444,207556929,1,0
6198,263885097555,207589109,1,0
6199,263885423333,207624029,1,0
6200,263885770888,207654328,1,0
6201,263886074555,207689114,1,0
6202,263886414111,207721347,1,0
6203,263886742444,207754713,1,0
6204,263887079222,207789255,1,0
6205,263887414444,207822406,1,0
6206,263887754333,207854809,1,0
6207,263888078444,207888597,1,0
6208,263888412444,207922353,1,0
6209,263888746777,207955970,1,0
6210,263889089666,207989141,1,0
6211,263889422333,208021740,1,0
6212,263889743333,208055325,1,0
6213,263890080555,208088250,1,0
6214,263890412333,208122905,1,0
6215,263890759555,208158254,1,0
6216,263891109444,208188060,1,0
6217,263891410111,208221473,1,0
6218,263891740777,208257614,1,0
6219,263892103333,208287498,1,0
6220,263892405888,208320980,1,0
6221,263892740000,208355459,1,0
6222,263893087777,208388358,1,0
6223,263893405777,208424076,1,0
6224,263893771888,208455001,1,0
6225,263894080555,208488755,1,0
6226,263894417666,208521965,1,0
6227,263894748333,208555076,1,0
6228,263895082666,208589194,1,0
6229,263895421444,208622331,1,0
6230,263895754000,208655912,1,0
6231,263896089333,208690101,1,0
6232,263896426888,208721794,1,0
6233,263896747444,208791711,1,0
6234,263897437444,208864665,1,0
6235,263897437444,208870134,1,0
6236,263897437444,208875844,1,0
6237,263898093000,208892567,1,0
6238,263898451333,208923645,1,0
6239,263898769888,208958365,1,0
6240,263899101222,208990583,1,0
6241,263899437666,209023442,1,0
6242,263899764888,209056554,1,0
6243,263900088666,209092465,1,0
6244,263900438777,209125819,1,0
6245,263900772000,209156770,1,0
6246,263901094888,209189760,1,0
6247,263901420222,209223697,1,0
6248,263901761555,209261813,1,0
6249,263902126333,209290936,1,0
6250,263902436333,209323760,1,0
6251,263902757111,209360022,1,0
6252,263903127111,209390431,1,0
6253,263903433888,209423430,1,0
6254,263903760111,209455993,1,0
6255,263904091222,209489400,1,0
6256,263904425777,209524231,1,0
6257,263904772222,209558441,1,0
6258,263905112333,209590072,1,0
6259,263905432000,209625416,1,0
6260,263905783888,209656495,1,0
6261,263906094777,209688534,1,0
6262,263906416777,209724447,1,0
6263,263906776444,209756315,1,0
6264,263907090000,209791550,1,0
6265,263907434888,209822845,1,0
6266,263907760444,209857725,1,0
6267,263908103888,209889655,1,0
6268,263908426777,209923818,1,0
6269,263908764666,209957426,1,0
6270,263909101888,209989923,1,0
6271,263909429777,210025195,1,0
6272,263909774444,210058016,1,0
6273,263910108222,210093557,1,0
6274,263910465777,210125840,1,0
6275,263910783333,210159570,1,0
6276,263911127222,210191321,1,0
6277,263911442333,210224366,1,0
6278,263911771555,210256967,1,0
6279,263912097333,210293961,1,0
6280,263912469444,210323936,1,0
6281,263912771111,210358860,1,0
6282,263913119888,210389906,1,0
6283,263913431333,210424729,1,0
6284,263913776000,210458873,1,0
6285,263914117666,210491538,1,0
6286,263914440111,210525534,1,0
6287,263914776888,210558301,1,0
6288,263915112000,210591910,1,0
6289,263915449111,210623577,1,0
6290,263915766888,210658534,1,0
6291,263916111111,210690245,1,0
6292,263916432444,210726842,1,0
6293,263916789777,210758060,1,0
6294,263917103888,210790898,1,0
6295,263917435111,210826471,1,0
6296,263917793333,210857463,1,0
6297,263918101888,210892067,1,0
6298,263918449000,210928195,1,0
6299,263918802111,210957817,1,0
6300,263919104222,210991989,1,0
6301,263919447666,211023841,1,0
6302,263919767444,211058506,1,0
6303,263920106222,211093214,1,0
6304,263920462444,211126552,1,0
6305,263920795222,211162708,1,0
6306,263921149000,211193843,1,0
6307,263921463111,211224137,1,0
6308,263921769777,211261792,1,0
6309,263922147222,211291944,1,0
6310,263922451555,211324583,1,0
6311,263922777666,211360945,1,0
6312,263923138777,211393007,1,0
6313,263923459333,211425681,1,0
6314,263923785888,211458127,1,0
6315,263924108777,211491576,1,0
6316,263924445000,211526758,1,0
6317,263924795777,211561380,1,0
6318,263925130222,211591711,1,0
6319,263925446888,211628078,1,0
6320,263925791888,211658034,1,0
6321,263926104000,211690876,1,0
6322,263926436000,211727459,1,0
6323,263926790888,211765879,1,0
6324,263927184888,211794133,1,0
6325,263927458444,211825147,1,0
6326,263927779777,211858234,1,0
6327,263928113222,211893960,1,0
6328,263928462666,211930159,1,0
6329,263928829000,211960025,1,0
6330,263929126888,211992762,1,0
6331,263929452444,212027488,1,0
6332,263929805888,212060481,1,0
6333,263930121666,212093139,1,0
6334,263930457777,212127316,1,0
6335,263930799000,212158396,1,0
6336,263931113333,212193316,1,0
6337,263931458333,212225239,1,0
6338,263931782777,212258713,1,0
6339,263932118999,212293386,1,0
6340,263932464222,212326858,1,0
6341,263932788888,212361417,1,0
6342,263933135777,212395963,1,0
6343,263933489333,212426379,1,0
6344,263933796111,212459074,1,0
6345,263934121888,212493700,1,0
6346,263934469333,212526014,1,0
6347,263934787000,212558889,1,0
6348,263935119333,212596226,1,0
6349,263935483777,212625710,1,0
6350,263935784555,212660485,1,0
6351,263936131333,212694108,1,0
6352,263936472111,212726278,1,0
6353,263936789666,212761866,1,0
6354,263937139777,212794196,1,0
6355,263937470111,212827446,1,0
6356,263937800111,212862499,1,0
6357,263938153111,212893196,1,0
6358,263938458666,212926585,1,0
6359,263938796666,212960813,1,0
6360,263939133666,212992955,1,0
6361,263939458555,213027991,1,0
6362,263939806777,213061033,1,0
6363,263940133777,213094320,1,0
6364,263940470888,213126181,1,0
6365,263940793222,213163124,1,0
6366,263941160777,213193055,1,0
6367,263941460777,213226569,1,0
6368,263941788222,213262539,1,0
6369,263942154888,213294664,1,0
6370,263942466888,213328133,1,0
6371,263942812000,213359759,1,0
6372,263943129000,213394609,1,0
6373,263943476222,213427374,1,0
6374,263943806888,213461307,1,0
6375,263944138333,213494581,1,0
6376,263944478444,213527148,1,0
6377,263944798999,213561216,1,0
6378,263945141777,213594729,1,0
6379,263945477555,213628151,1,0
6380,263945809444,213660762,1,0
6381,263946138666,213694512,1,0
6382,263946476444,213727953,1,0
6383,263946805777,213761916,1,0
6384,263947138222,213795583,1,0
6385,263947482222,213828931,1,0
6386,263947806333,213866394,1,0
6387,263948191111,213895966,1,0
6388,263948480222,213928657,1,0
6389,263948804333,213963397,1,0
6390,263949157555,213999357,1,0
6391,263949498777,214028784,1,0
6392,263949814111,214061442,1,0
6393,263950133444,214096175,1,0
6394,263950482444,214131285,1,0
6395,263950827555,214162741,1,0
6396,263951149000,214196558,1,0
6397,263951486333,214227952,1,0
6398,263951804222,214260957,1,0
6399,263952136888,214294661,1,0
6400,263952476777,214328471,1,0
6401,263952814666,214362899,1,0
6402,263953154777,214395321,1,0
6403,263953482444,214433620,1,0
6404,263953858777,214463778,1,0
6405,263954158888,214496934,1,0
6406,263954494888,214532909,1,0
6407,263954855111,214563754,1,0
6408,263955157111,214597083,1,0
6409,263955493333,214632463,1,0
6410,263955852444,214663774,1,0
6411,263956151111,214697777,1,0
6412,263956502666,214727288,1,0
6413,263956802666,214761013,1,0
6414,263957139444,214796833,1,0
6415,263957493333,214828281,1,0
6416,263957805111,214863719,1,0
6417,263958161888,214899306,1,0
6418,263958504444,214929891,1,0
6419,263958822000,214962768,1,0
6420,263959159555,214996149,1,0
6421,263959488888,215032870,1,0
6422,263959853777,215062372,1,0
6423,263960153777,215095734,1,0
6424,263960489444,215134106,1,0
6425,263960867555,215165306,1,0
6426,263961171555,215196306,1,0
6427,263961491444,215228799,1,0
6428,263961815000,215264850,1,0
6429,263962178333,215296180,1,0
6430,263962495000,215337032,1,0
6431,263962888333,215365874,1,0
6432,263963190000,215396969,1,0
6433,263963495000,215430097,1,0
6434,263963832000,215462820,1,0
6435,263964159555,215495604,1,0
6436,263964485777,215529379,1,0
6437,263964826333,215564063,1,0
6438,263965166888,215596669,1,0
6439,263965492000,215632548,1,0
6440,263965852333,215663069,1,0
6441,263966158222,215695075,1,0
6442,263966481333,215733618,1,0
6443,263966865555,215765786,1,0
6444,263967180777,215796838,1,0
6445,263967497666,215829461,1,0
6446,263967824444,215865011,1,0
6447,263968164666,215896258,1,0
6448,263968492333,215931925,1,0
6449,263968830111,215967955,1,0
6450,263969209777,215997103,1,0
6451,263969499666,216031111,1,0
6452,263969834111,216064463,1,0
6453,263970171999,216097606,1,0
6454,263970501111,216133025,1,0
6455,263970839333,216165797,1,0
6456,263971179555,216199259,1,0
6457,263971522111,216231253,1,0
6458,263971840666,216264066,1,0
6459,263972167000,216303035,1,0
6460,263972529333,216332028,1,0
6461,263972836333,216367736,1,0
6462,263973192000,216401505,1,0
6463,263973542666,216429930,1,0
6464,263973827333,216464808,1,0
6465,263974167666,216498975,1,0
6466,263974513000,216532962,1,0
6467,263974833888,216566337,1,0
6468,263975173222,216599440,1,0
6469,263975522555,216633977,1,0
6470,263975869777,216666450,1,0
6471,263976178444,216696563,1,0
6472,263976495777,216731285,1,0
6473,263976834888,216764040,1,0
6474,263977162000,216798746,1,0
6475,263977496888,216830840,1,0
6476,263977832444,216864834,1,0
6477,263978174888,216896833,1,0
6478,263978494000,216931309,1,0
6479,263978843777,216966036,1,0
6480,263979188333,216999736,1,0
6481,263979523222,217032237,1,0
6482,263979846000,217063533,1,0
6483,263980162333,217097590,1,0
6484,263980507222,217167205,1,0
6485,263981182888,217241073,1,0
6486,263981182888,217246749,1,0
6487,263981182888,217252948,1,0
6488,263981857555,217265124,1,0
6489,263982179333,217298202,1,0
6490,263982510111,217332835,1,0
6491,263982851888,217365064,1,0
6492,263983168777,217399192,1,0
6493,263983523333,217431697,1,0
6494,263983841777,217466595,1,0
6495,263984191333,217499773,1,0
6496,263984519222,217531615,1,0
6497,263984842444,217564799,1,0
6498,263985176444,217599993,1,0
6499,263985522333,217630961,1,0
6500,263985837555,217664809,1,0
6501,263986172222,217698678,1,0
6502,263986519888,217733020,1,0
6503,263986850777,217764597,1,0
6504,263987174777,217802566,1,0
6505,263987552555,217830921,1,0
6506,263987839000,217864690,1,0
6507,263988171222,217899555,1,0
6508,263988523888,217931956,1,0
6509,263988847333,217966701,1,0
6510,263989191444,218001971,1,0
6511,263989539222,218031436,1,0
6512,263989844333,218069435,1,0
6513,263990226333,218099618,1,0
6514,263990523444,218133028,1,0
6515,263990857333,218165503,1,0
6516,263991184333,218200283,1,0
6517,263991524444,218235542,1,0
6518,263991881888,218265760,1,0
6519,263992185888,218300220,1,0
6520,263992528555,218335876,1,0
6521,263992883000,218366709,1,0
6522,263993195666,218405288,1,0
6523,263993578222,218433965,1,0
6524,263993858888,218467261,1,0
6525,263994200777,218502687,1,0
6526,263994551333,218539816,1,0
6527,263994888000,218566498,1,0
6528,263995192555,218601079,1,0
6529,263995532666,218634015,1,0
6530,263995861222,218666769,1,0
6531,263996195777,218704039,1,0
6532,263996563111,218735287,1,0
6533,263996860777,218767400,1,0
6534,263997196777,218805550,1,0
6535,263997582333,218833340,1,0
6536,263997854000,218868098,1,0
6537,263998193777,218905513,1,0
6538,263998566888,218934194,1,0
6539,263998865777,218967034,1,0
6540,263999199555,218999964,1,0
6541,263999525444,219033941,1,0
6542,263999862888,219066377,1,0
6543,264000193111,219102134,1,0
6544,264000553333,219134222,1,0
6545,264000859333,219171061,1,0
6546,264001239444,219200029,1,0
6547,264001528000,219233158,1,0
6548,264001856111,219266862,1,0
6549,264002189888,219300041,1,0
6550,264002528222,219337123,1,0
6551,264002897444,219367830,1,0
6552,264003199888,219405320,1,0
6553,264003571888,219436111,1,0
6554,264003854666,219467631,1,0
6555,264004202222,219501200,1,0
6556,264004536333,219535007,1,0
6557,264004856000,219569668,1,0
6558,264005221777,219604934,1,0
6559,264005567333,219633492,1,0
6560,264005856555,219667785,1,0
6561,264006204777,219701008,1,0
6562,264006531333,219733957,1,0
6563,264006862777,219768867,1,0
6564,264007210555,219799912,1,0
6565,264007524666,219834349,1,0
6566,264007862222,219868246,1,0
6567,264008206333,219901763,1,0
6568,264008538777,219935312,1,0
6569,264008875555,219972255,1,0
6570,264009245888,220001577,1,0
6571,264009540666,220036576,1,0
6572,264009857888,220069007,1,0
6573,264010205555,220102238,1,0
6574,264010529111,220138207,1,0
6575,264010895888,220167286,1,0
6576,264011194777,220201135,1,0
6577,264011533777,220234958,1,0
6578,264011872222,220267464,1,0
6579,264012198333,220302552,1,0
6580,264012540777,220335911,1,0
6581,264012883222,220369784,1,0
6582,264013223777,220401829,1,0
6583,264013547777,220438491,1,0
6584,264013911444,220473117,1,0
6585,264014254777,220502519,1,0
6586,264014551666,220537112,1,0
6587,264014893333,220574073,1,0
6588,264015221444,220601827,1,0
6589,264015542777,220634100,1,0
6590,264015867222,220668697,1,0
6591,264016211888,220701667,1,0
6592,264016539555,220739275,1,0
6593,264016913777,220769369,1,0
6594,264017208222,220803930,1,0
6595,264017560222,220836385,1,0
6596,264017886222,220868226,1,0
6597,264018204888,220901700,1,0
6598,264018537000,220935821,1,0
6599,264018882111,220968724,1,0
6600,264019214222,221004728,1,0
6601,264019568333,221038856,1,0
6602,264019909777,221068563,1,0
6603,264020205666,221102211,1,0
6604,264020537666,221136692,1,0
6605,264020890666,221170812,1,0
6606,264021211777,221201674,1,0
6607,264021541777,221238758,1,0
6608,264021900666,221268552,1,0
6609,264022207555,221302690,1,0
6610,264022548888,221335920,1,0
6611,264022880666,221369742,1,0
6612,264023209888,221402548,1,0
6613,264023550000,221436297,1,0
6614,264023879222,221469268,1,0
6615,264024212000,221505288,1,0
6616,264024579555,221535603,1,0
6617,264024879444,221571109,1,0
6618,264025237333,221602532,1,0
6619,264025549111,221635787,1,0
6620,264025879333,221671602,1,0
6621,264026236111,221703759,1,0
6622,264026555111,221736423,1,0
6623,264026890777,221769904,1,0
6624,264027221333,221802708,1,0
6625,264027553222,221836253,1,0
6626,264027886444,221871150,1,0
6627,264028232222,221904579,1,0
6628,264028569000,221937444,1,0
6629,264028888222,221971947,1,0
6630,264029229777,222002692,1,0
6631,264029551555,222036740,1,0
6632,264029890111,222072257,1,0
6633,264030250000,222103266,1,0
6634,264030559666,222137156,1,0
6635,264030890888,222172096,1,0
6636,264031228222,222203177,1,0
6637,264031558222,222236640,1,0
6638,264031890000,222272443,1,0
6639,264032249666,222303067,1,0
6640,264032558777,222335841,1,0
6641,264032882666,222370269,1,0
6642,264033226333,222407154,1,0
6643,264033594333,222435960,1,0
6644,264033887777,222469563,1,0
6645,264034220444,222504761,1,0
6646,264034570666,222535959,1,0
6647,264034886777,222572332,1,0
6648,264035250666,222604291,1,0
6649,264035564777,222638671,1,0
6650,264035906000,222670075,1,0
6651,264036226111,222705809,1,0
6652,264036580666,222739040,1,0
6653,264036906888,222774192,1,0
6654,264037244111,222804191,1,0
6655,264037561888,222836741,1,0
6656,264037890666,222871448,1,0
6657,264038236444,222908956,1,0
6658,264038612333,222936968,1,0
6659,264038892444,222970231,1,0
6660,264039224666,223005159,1,0
6661,264039570777,223037566,1,0
6662,264039903222,223070461,1,0
6663,264040228111,223107277,1,0
6664,264040578333,223139430,1,0
6665,264040915111,223171941,1,0
6666,264041243333,223204630,1,0
6667,264041570444,223236442,1,0
6668,264041891888,223271697,1,0
6669,264042244777,223304689,1,0
6670,264042572555,223338422,1,0
6671,264042906000,223371225,1,0
6672,264043238222,223406996,1,0
6673,264043572222,223440710,1,0
6674,264043927222,223471051,1,0
6675,264044231333,223506678,1,0
6676,264044579444,223542230,1,0
6677,264044945111,223571590,1,0
6678,264045234222,223606083,1,0
6679,264045576000,223637873,1,0
6680,264045896000,223672041,1,0
6681,264046239888,223705270,1,0
6682,264046573666,223739274,1,0
6683,264046909555,223771593,1,0
6684,264047241333,223809960,1,0
6685,264047619555,223837798,1,0
6686,264047899666,223870772,1,0
6687,264048233333,223905818,1,0
6688,264048577222,223938820,1,0
6689,264048908555,223973288,1,0
6690,264049248000,224008522,1,0
6691,264049588333,224038133,1,0
6692,264049898777,224072658,1,0
6693,264050237666,224105205,1,0
6694,264050563555,224137879,1,0
6695,264050899000,224176184,1,0
6696,264051284333,224205211,1,0
6697,264051579666,224240015,1,0
6698,264051920666,224272705,1,0
6699,264052241222,224305032,1,0
6700,264052577111,224338034,1,0
6701,264052904555,224372114,1,0
6702,264053250000,224404693,1,0
6703,264053578222,224440476,1,0
6704,264053922555,224471251,1,0
6705,264054238333,224506521,1,0
6706,264054589666,224542554,1,0
6707,264054920222,224572524,1,0
6708,264055248888,224608005,1,0
6709,264055603222,224638493,1,0
6710,264055903888,224672655,1,0
6711,264056249333,224705639,1,0
6712,264056581888,224739591,1,0
6713,264056915666,224770644,1,0
6714,264057234333,224807319,1,0
6715,264057601000,224838107,1,0
6716,264057908666,224872485,1,0
6717,264058249777,224908118,1,0
6718,264058603000,224940438,1,0
6719,264058926222,224977263,1,0
6720,264059267666,225009851,1,0
6721,264059625000,225039697,1,0
6722,264059920666,225074210,1,0
6723,264060256888,225108379,1,0
6724,264060608444,225140239,1,0
6725,264060910111,225172295,1,0
6726,264061247222,225208518,1,0
6727,264061603444,225238464,1,0
6728,264061909333,225273526,1,0
6729,264062257000,225306655,1,0
6730,264062592555,225339131,1,0
6731,264062916777,225374268,1,0
6732,264063259000,225407353,1,0
6733,264063600555,225439718,1,0
6734,264063920666,225473850,1,0
6735,264064260000,225508385,1,0
6736,264064612555,225539751,1,0
6737,264064918333,225574513,1,0
6738,264065271333,225607100,1,0
6739,264065596555,225642116,1,0
6740,264065947888,225672633,1,0
6741,264066249888,225706963,1,0
6742,264066595222,225739901,1,0
6743,264066927000,225772673,1,0
6744,264067252555,225809282,1,0
6745,264067609777,225840000,1,0
6746,264067922666,225874035,1,0
6747,264068262111,225908318,1,0
6748,264068586888,225940890,1,0
6749,264068929666,225974595,1,0
6750,264069264222,226007832,1,0
6751,264069595222,226041292,1,0
6752,264069924444,226075377,1,0
6753,264070263000,226107863,1,0
6754,264070600111,226141545,1,0
6755,264070924444,226174075,1,0
6756,264071261888,226208148,1,0
6757,264071601999,226241512,1,0
6758,264071935444,226275353,1,0
6759,264072277555,226308213,1,0
6760,264072602111,226341387,1,0
6761,264072934555,226374612,1,0
6762,264073270666,226408234,1,0
6763,264073601444,226439981,1,0
6764,264073928555,226475440,1,0
6765,264074266777,226510620,1,0
6766,264074633888,226541258,1,0
6767,264074934555,226575413,1,0
6768,264075270666,226608701,1,0
6769,264075608222,226640038,1,0
6770,264075924222,226673579,1,0
6771,264076257444,226708253,1,0
6772,264076608555,226741406,1,0
6773,264076935444,226775893,1,0
6774,264077279111,226808111,1,0
6775,264077608444,226842234,1,0
6776,264077938666,226876406,1,0
6777,264078291222,226910307,1,0
6778,264078613000,226940475,1,0
6779,264078930000,226976443,1,0
6780,264079287333,227009981,1,0
6781,264079618888,227042155,1,0
6782,264079944000,227075428,1,0
6783,264080271777,227111237,1,0
6784,264080632888,227142772,1,0
6785,264080940777,227174621,1,0
6786,264081265000,227209227,1,0
6787,264081618666,227244222,1,0
6788,264081962666,227275305,1,0
6789,264082279666,227308721,1,0
6790,264082608777,227342749,1,0
6791,264082953444,227374995,1,0
6792,264083277444,227408085,1,0
6793,264083605666,227441695,1,0
6794,264083935888,227474833,1,0
6795,264084274888,227508766,1,0
6796,264084613777,227541741,1,0
6797,264084939333,227574350,1,0
6798,264085268777,227613144,1,0
6799,264085640000,227641050,1,0
6800,264085938222,227674487,1,0
6801,264086270222,227708741,1,0
6802,264086613777,227745477,1,0
6803,264086957333,227775723,1,0
6804,264087271333,227811822,1,0
6805,264087645333,227842861,1,0
6806,264087952333,227875925,1,0
6807,264088277111,227910955,1,0
6808,264088631555,227942139,1,0
6809,264088942111,227975461,1,0
6810,264089274555,228009895,1,0
6811,264089616888,228041347,1,0
6812,264089936444,228073522,1,0
6813,264090259555,228109162,1,0
6814,264090607111,228143961,1,0
6815,264090953111,228177365,1,0
6816,264091288666,228210197,1,0
6817,264091625000,228243622,1,0
6818,264091949555,228276755,1,0
6819,264092291444,228308489,1,0
6820,264092610666,228343508,1,0
6821,264092957777,228380388,1,0
6822,264093304666,228411443,1,0
6823,264093636444,228444729,1,0
6824,264093958222,228477639,1,0
6825,264094286666,228510461,1,0
6826,264094621444,228545933,1,0
6827,264094985111,228578327,1,0
6828,264095306444,228612254,1,0
6829,264095648333,228643498,1,0
6830,264095956222,228675779,1,0
6831,264096283666,228711214,1,0
6832,264096626888,228742429,1,0
6833,264096951555,228778195,1,0
6834,264097306777,228811545,1,0
6835,264097636111,228843339,1,0
6836,264097955666,228877637,1,0
6837,264098302222,228909667,1,0
6838,264098620222,228943620,1,0
6839,264098954222,228978652,1,0
6840,264099313111,229011536,1,0
6841,264099630888,229043270,1,0
6842,264099954555,229077375,1,0
6843,264100299333,229110262,1,0
6844,264100624777,229144632,1,0
6845,264100964444,229177869,1,0
6846,264101296333,229212671,1,0
6847,264101650777,229244877,1,0
6848,264101966555,229279090,1,0
6849,264102290444,229310535,1,0
6850,264102618888,229345566,1,0
6851,264102980000,229376631,1,0
6852,264103291555,229410834,1,0
6853,264103631333,229444504,1,0
6854,264103968666,229478369,1,0
6855,264104301555,229511030,1,0
6856,264104636111,229544612,1,0
6857,264104970777,229577932,1,0
6858,264105304333,229610340,1,0
6859,264105622111,229644982,1,0
6860,264105965666,229679095,1,0
6861,264106302555,229711428,1,0
6862,264106640555,229745251,1,0
6863,264106974222,229778841,1,0
6864,264107307333,229810574,1,0
6865,264107632444,229846291,1,0
6866,264107987222,229878285,1,0
6867,264108302555,229910065,1,0
6868,264108628111,229944645,1,0
6869,264108969888,229978948,1,0
6870,264109310666,230011814,1,0
6871,264109643222,230045553,1,0
6872,264109970555,230077183,1,0
6873,264110294111,230112943,1,0
6874,264110650333,230144329,1,0
6875,264110960444,230179221,1,0
6876,264111303999,230211614,1,0
6877,264111638666,230244896,1,0
6878,264111973111,230279762,1,0
6879,264112319333,230312603,1,0
6880,264112644333,230344472,1,0
6881,264112965666,230378130,1,0
6882,264113309444,230415065,1,0
6883,264113647555,230444446,1,0
6884,264113970666,230478830,1,0
6885,264114311666,230512137,1,0
6886,264114644999,230547058,1,0
6887,264114987555,230581489,1,0
6888,264115317222,230613456,1,0
6889,264115652666,230646003,1,0
6890,264115983777,230680259,1,0
6891,264116325222,230712648,1,0
6892,264116645222,230749011,1,0
6893,264117006444,230778669,1,0
6894,264117305777,230813990,1,0
6895,264117651555,230845240,1,0
6896,264117969666,230880017,1,0
6897,264118317222,230913038,1,0
6898,264118639888,230945188,1,0
6899,264118971222,230978770,1,0
6900,264119307444,231011728,1,0
6901,264119641888,231045865,1,0
6902,264119972222,231079646,1,0
6903,264120320777,231114269,1,0
6904,264120664222,231145604,1,0
6905,264120974222,231179152,1,0
6906,264121312222,231214089,1,0
6907,264121645000,231244538,1,0
6908,264121970111,231282924,1,0
6909,264122348444,231315899,1,0
6910,264122672777,231349975,1,0
6911,264123014777,231378559,1,0
6912,264123310888,231413788,1,0
6913,264123666666,231452104,1,0
6914,264123988777,231480408,1,0
6915,264124320000,231513660,1,0
6916,264124650888,231547032,1,0
6917,264124979222,231583380,1,0
6918,264125359444,231612867,1,0
6919,264125657000,231646197,1,0
6920,264125990666,231680469,1,0
6921,264126330111,231713217,1,0
6922,264126655111,231746994,1,0
6923,264126984555,231779936,1,0
6924,264127328333,231813991,1,0
6925,264127658111,231847315,1,0
6926,264128000111,231881703,1,0
6927,264128345555,231913517,1,0
6928,264128655444,231947314,1,0
6929,264128997444,231980298,1,0
6930,264129330444,232014362,1,0
6931,264129673111,232047549,1,0
6932,264130003333,232081930,1,0
6933,264130347555,232114236,1,0
6934,264130668222,232149426,1,0
6935,264130999777,232180140,1,0
6936,264131333111,232217006,1,0
6937,264131687222,232246593,1,0
6938,264131996444,232279272,1,0
6939,264132324666,232313310,1,0
6940,264132662777,232345976,1,0
6941,264132988666,232380394,1,0
6942,264133328777,232416228,1,0
6943,264133690777,232445745,1,0
6944,264133986222,232480534,1,0
6945,264134331222,232513310,1,0
6946,264134662666,232546917,1,0
6947,264135001111,232580570,1,0
6948,264135331333,232616097,1,0
6949,264135688888,232646051,1,0
6950,264135986000,232679924,1,0
6951,264136323333,232715945,1,0
6952,264136686888,232747883,1,0
6953,264137004555,232782609,1,0
6954,264137350111,232821762,1,0
6955,264137744111,232848044,1,0
6956,264138012222,232880668,1,0
6957,264138335111,232916117,1,0
6958,264138685222,232945624,1,0
6959,264138986444,232982558,1,0
6960,264139340000,233015029,1,0
6961,264139676000,233046471,1,0
6962,264139989222,233083682,1,0
6963,264140351888,233115286,1,0
6964,264140665222,233147076,1,0
6965,264140992333,233184905,1,0
6966,264141369777,233214942,1,0
6967,264141673999,233247986,1,0
6968,264142003333,233280009,1,0
6969,264142329888,233315141,1,0
6970,264142672333,233349301,1,0
6971,264143019111,233381267,1,0
6972,264143334888,233419820,1,0
6973,264143723777,233446895,1,0
6974,264143997555,233481171,1,0
6975,264144343222,233515183,1,0
6976,264144677222,233549298,1,0
6977,264145011222,233582196,1,0
6978,264145338222,233619366,1,0
6979,264145705666,233650925,1,0
6980,264146015111,233681354,1,0
6981,264146340666,233714172,1,0
6982,264146670666,233747488,1,0
6983,264146995666,233781584,1,0
6984,264147345000,233814991,1,0
6985,264147682444,233851422,1,0
6986,264148033888,233881082,1,0
6987,264148340666,233913959,1,0
6988,264148669111,233947774,1,0
6989,264149000000,233980527,1,0
6990,264149334888,234014928,1,0
6991,264149680666,234052209,1,0
6992,264150049555,234082880,1,0
6993,264150352555,234114505,1,0
6994,264150676222,234147267,1,0
6995,264151002777,234182516,1,0
6996,264151340555,234215064,1,0
6997,264151673777,234247855,1,0
6998,264152005888,234283930,1,0
6999,264152369111,234316443,1,0
7000,264152690666,234350693,1,0
7001,264153035000,234381953,1,0
7002,264153347000,234414863,1,0
7003,264153679777,234447993,1,0
7004,264154004000,234481152,1,0
7005,264154339555,234514530,1,0
7006,264154674888,234548585,1,0
7007,264155007444,234582594,1,0
7008,264155356000,234617669,1,0
7009,264155704222,234649111,1,0
7010,264156022777,234684262,1,0
7011,264156373222,234717343,1,0
7012,264156687555,234747803,1,0
7013,264157008888,234782244,1,0
7014,264157345111,234815081,1,0
7015,264157678777,234849232,1,0
7016,264158023666,234883262,1,0
7017,264158353111,234916085,1,0
7018,264158688000,234947676,1,0
7019,264159007222,234983759,1,0
7020,264159360777,235016646,1,0
7021,264159688666,235051716,1,0
7022,264160040666,235083123,1,0
7023,264160356333,235117324,1,0
7024,264160688666,235150564,1,0
7025,264161028888,235184821,1,0
7026,264161360666,235216052,1,0
7027,264161681888,235252090,1,0
7028,264162022222,235282437,1,0
7029,264162347111,235317607,1,0
7030,264162692222,235350584,1,0
7031,264163034222,235386246,1,0
7032,264163361111,235419011,1,0
7033,264163721000,235452075,1,0
7034,264164045777,235483794,1,0
7035,264164360222,235521065,1,0
7036,264164726666,235549069,1,0
7037,264165019222,235582539,1,0
7038,264165348888,235616889,1,0
7039,264165698666,235648978,1,0
7040,264166019555,235683081,1,0
7041,264166357111,235717332,1,0
7042,264166693666,235749315,1,0
7043,264167021777,235784096,1,0
7044,264167368000,235816452,1,0
7045,264167696777,235850961,1,0
7046,264168039000,235884410,1,0
7047,264168368888,235917343,1,0
7048,264168695222,235951069,1,0
7049,264169032555,235985964,1,0
7050,264169388888,236017471,1,0
7051,264169705666,236049737,1,0
7052,264170025666,236083859,1,0
7053,264170369444,236117169,1,0
7054,264170700666,236153313,1,0
7055,264171056888,236184719,1,0
7056,264171359333,236217455,1,0
7057,264171699555,236249921,1,0
7058,264172032444,236285257,1,0
7059,264172384111,236316966,1,0
7060,264172700777,236349565,1,0
7061,264173024666,236384776,1,0
7062,264173375666,236417462,1,0
7063,264173698222,236451841,1,0
7064,264174046333,236483820,1,0
7065,264174371222,236516299,1,0
7066,264174696666,236552496,1,0
7067,264175051333,236584622,1,0
7068,264175371777,236617451,1,0
7069,264175703666,236651760,1,0
7070,264176040555,236682835,1,0
7071,264176359777,236716232,1,0
7072,264176692111,236753043,1,0
7073,264177053111,236785297,1,0
7074,264177382000,236818005,1,0
7075,264177710111,236854855,1,0
7076,264178077000,236884493,1,0
7077,264178368222,236917233,1,0
7078,264178703111,236950713,1,0
7079,264179036111,236984380,1,0
7080,264179375555,237017379,1,0
7081,264179705888,237051987,1,0
7082,264180040777,237085170,1,0
7083,264180377666,237118961,1,0
7084,264180708888,237152297,1,0
7085,264181038888,237184900,1,0
7086,264181377111,237218930,1,0
7087,264181712777,237252238,1,0
7088,264182049555,237286202,1,0
7089,264182380000,237317828,1,0
7090,264182710000,237352717,1,0
7091,264183046111,237386631,1,0
7092,264183380000,237419206,1,0
7093,264183721444,237452501,1,0
7094,264184045666,237483814,1,0
7095,264184368111,237519281,1,0
7096,264184717222,237552682,1,0
7097,264185048222,237589354,1,0
7098,264185388111,237620985,1,0
7099,264185739000,237652348,1,0
7100,264186043111,237688472,1,0
7101,264186402000,237719531,1,0
7102,264186716777,237752466,1,0
7103,264187050666,237784666,1,0
7104,264187372444,237819362,1,0
7105,264187714888,237852665,1,0
7106,264188046444,237889875,1,0
7107,264188422000,237920106,1,0
7108,264188715000,237952146,1,0
7109,264189043222,237990783,1,0
7110,264189429111,238019928,1,0
7111,264189718111,238053797,1,0
7112,264190052777,238085498,1,0
7113,264190385444,238119069,1,0
7114,264190713777,238153017,1,0
7115,264191058333,238186296,1,0
7116,264191385666,238220386,1,0
7117,264191714111,238254572,1,0
7118,264192074000,238285943,1,0
7119,264192387111,238319077,1,0
7120,264192720666,238351988,1,0
7121,264193050000,238385915,1,0
7122,264193384000,238419262,1,0
7123,264193717000,238452898,1,0
7124,264194055555,238486138,1,0
7125,264194380888,238521014,1,0
7126,264194724555,238552529,1,0
7127,264195051666,238585489,1,0
7128,264195388111,238618516,1,0
7129,264195713333,238651799,1,0
7130,264196045555,238685222,1,0
7131,264196382000,238718888,1,0
7132,264196715222,238751895,1,0
7133,264197046333,238788600,1,0
7134,264197415666,238820948,1,0
7135,264197740000,238854684,1,0
7136,264198077333,238887586,1,0
7137,264198403444,238922202,1,0
7138,264198725555,238954069,1,0
7139,264199073111,238987472,1,0
7140,264199401222,239019788,1,0
7141,264199718888,239055524,1,0
7142,264200076666,239087649,1,0
7143,264200401444,239120420,1,0
7144,264200726666,239153215,1,0
7145,264201055888,239187901,1,0
7146,264201399555,239221798,1,0
7147,264201740111,239253572,1,0
7148,264202058222,239286159,1,0
7149,264202392666,239321198,1,0
7150,264202731666,239352897,1,0
7151,264203055777,239386955,1,0
7152,264203394111,239422259,1,0
7153,264203738777,239453352,1,0
7154,264204054222,239487650,1,0
7155,264204390555,239521362,1,0
7156,264204739000,239553637,1,0
7157,264205059555,239587866,1,0
7158,264205404777,239623205,1,0
7159,264205739555,239654614,1,0
7160,264206062111,239687095,1,0
7161,264206390777,239720023,1,0
7162,264206729444,239753731,1,0
7163,264207069222,239788123,1,0
7164,264207410555,239821778,1,0
7165,264207749555,239855024,1,0
7166,264208075666,239890432,1,0
7167,264208431777,239921769,1,0
7168,264208743888,239954495,1,0
7169,264209074333,239988227,1,0
7170,264209412666,240020478,1,0
7171,264209736222,240055360,1,0
7172,264210075555,240087939,1,0
7173,264210398555,240121029,1,0
7174,264210736111,240155096,1,0
7175,264211062111,240187841,1,0
7176,264211401111,240220908,1,0
7177,264211734888,240253525,1,0
7178,264212066222,240288038,1,0
7179,264212406111,240321184,1,0
7180,264212738333,240355707,1,0
7181,264213076333,240391551,1,0
7182,264213425666,240421783,1,0
7183,264213747000,240454189,1,0
7184,264214068888,240487715,1,0
7185,264214401222,240519788,1,0
7186,264214732444,240554647,1,0
7187,264215072111,240587665,1,0
7188,264215408777,240623146,1,0
7189,264215750666,240655469,1,0
7190,264216085777,240689358,1,0
7191,264216417222,240722188,1,0
7192,264216752444,240754997,1,0
7193,264217078111,240789491,1,0
7194,264217424111,240823964,1,0
7195,264217763888,240855637,1,0
7196,264218084888,240888901,1,0
7197,264218413111,240922932,1,0
7198,264218749777,240957021,1,0
7199,264219097555,240989247,1,0
7200,264219421777,241021815,1,0
7201,264219746000,241057387,1,0
7202,264220103888,241088465,1,0
7203,264220413111,241123741,1,0
7204,264220766444,241157786,1,0
7205,264221107888,241191225,1,0
7206,264221443888,241221755,1,0
7207,264221750000,241256776,1,0
7208,264222082111,241287689,1,0
7209,264222401888,241322361,1,0
7210,264222742333,241357067,1,0
7211,264223088666,241388577,1,0
7212,264223413222,241423680,1,0
7213,264223766666,241455267,1,0
7214,264224080555,241488015,1,0
7215,264224412555,241524552,1,0
7216,264224768666,241557068,1,0
7217,264225098666,241589684,1,0
7218,264225423222,241622747,1,0
7219,264225759444,241654706,1,0
7220,264226077111,241691421,1,0
7221,264226437555,241724889,1,0
7222,264226774333,241757561,1,0
7223,264227095666,241790145,1,0
7224,264227423777,241826320,1,0
7225,264227790111,241857759,1,0
7226,264228107111,241892160,1,0
7227,264228437444,241922708,1,0
7228,264228758111,241956924,1,0
7229,264229095000,241989799,1,0
7230,264229428333,242027085,1,0
7231,264229795444,242057277,1,0
7232,264230096777,242090171,1,0
7233,264230423111,242128652,1,0
7234,264230812444,242157829,1,0
7235,264231102888,242191344,1,0
7236,264231443111,242229330,1,0
7237,264231824555,242259382,1,0
7238,264232109222,242293968,1,0
7239,264232467444,242325023,1,0
7240,264232775666,242358293,1,0
7241,264233105888,242393924,1,0
7242,264233468222,242425090,1,0
7243,264233777999,242462524,1,0
7244,264234157111,242492925,1,0
7245,264234452555,242525127,1,0
7246,264234777000,242557579,1,0
7247,264235091444,242590960,1,0
7248,264235432333,242624730,1,0
7249,264235761222,242657567,1,0
7250,264236102555,242692120,1,0
7251,264236433222,242722550,1,0
7252,264236750666,242758194,1,0
7253,264237100888,242790030,1,0
7254,264237430555,242823431,1,0
7255,264237763111,242857633,1,0
7256,264238102333,242892802,1,0
7257,264238437777,242922519,1,0
7258,264238755777,242957036,1,0
7259,264239095111,242989674,1,0
7260,264239429222,243023226,1,0
7261,264239764888,243057059,1,0
7262,264240098555,243090105,1,0
7263,264240429111,243124418,1,0
7264,264240774666,243159469,1,0
7265,264241118888,243190289,1,0
7266,264241429555,243223646,1,0
7267,264241768777,243258619,1,0
7268,264242107666,243292314,1,0
7269,264242433111,243324814,1,0
7270,264242776333,243355764,1,0
7271,264243087222,243391672,1,0
7272,264243437666,243425202,1,0
7273,264243777222,243457391,1,0
7274,264244104444,243491378,1,0
7275,264244435555,243524058,1,0
7276,264244767444,243557616,1,0
7277,264245095666,243594786,1,0
7278,264245473111,243624503,1,0
7279,264245778111,243659376,1,0
7280,264246112111,243693685,1,0
7281,264246463555,243727364,1,0
7282,264246804555,243757888,1,0
7283,264247107111,243791897,1,0
7284,264247449222,243823955,1,0
7285,264247771555,243857261,1,0
7286,264248103222,243893534,1,0
7287,264248457000,243928573,1,0
7288,264248811111,243958241,1,0
7289,264249112111,243992934,1,0
7290,264249458555,244025020,1,0
7291,264249779666,244059731,1,0
7292,264250126111,244091793,1,0
7293,264250446777,244126341,1,0
7294,264250789333,244158989,1,0
7295,264251116333,244193964,1,0
7296,264251467111,244226258,1,0
7297,264251791555,244256889,1,0
7298,264252099222,244290986,1,0
7299,264252439888,244324937,1,0
7300,264252776888,244359198,1,0
7301,264253114555,244394269,1,0
7302,264253462555,244425769,1,0
7303,264253788222,244459260,1,0
7304,264254101555,244492287,1,0
7305,264254452444,244524577,1,0
7306,264254773111,244563644,1,0
7307,264255167111,244591638,1,0
7308,264255443888,244624352,1,0
7309,264255762222,244659899,1,0
7310,264256121555,244693092,1,0
7311,264256458555,244728677,1,0
7312,264256817111,244758644,1,0
7313,264257118666,244792281,1,0
7314,264257452111,244827613,1,0
7315,264257804888,244859176,1,0
7316,264258123555,244892536,1,0
7317,264258454111,244927211,1,0
7318,264258801555,244960782,1,0
7319,264259126222,244993889,1,0
7320,264259457555,245025530,1,0
7321,264259784666,245060698,1,0
7322,264260126666,245093898,1,0
7323,264260458777,245128278,1,0
7324,264260786111,245160087,1,0
7325,264261123111,245197039,1,0
7326,264261488111,245229210,1,0
7327,264261801888,245260406,1,0
7328,264262129333,245296147,1,0
7329,264262454111,245327518,1,0
7330,264262794888,245359716,1,0
7331,264263113666,245397174,1,0
7332,264263493555,245425506,1,0
7333,264263781444,245457926,1,0
7334,264264107444,245493655,1,0
7335,264264465777,245528965,1,0
7336,264264782222,245559943,1,0
7337,264265129666,245592746,1,0
7338,264265457222,245626317,1,0
7339,264265792333,245659503,1,0
7340,264266123111,245697064,1,0
7341,264266462555,245726097,1,0
7342,264266793222,245759755,1,0
7343,264267121666,245793366,1,0
7344,264267462111,245827093,1,0
7345,264267804777,245860049,1,0
7346,264268126111,245893822,1,0
7347,264268465555,245926805,1,0
7348,264268798555,245960377,1,0
7349,264269124222,245994399,1,0
7350,264269470555,246028997,1,0
7351,264269812333,246061569,1,0
7352,264270136111,246094541,1,0
7353,264270471444,246127097,1,0
7354,264270801777,246162192,1,0
7355,264271149444,246192486,1,0
7356,264271455000,246231676,1,0
7357,264271813555,246259855,1,0
7358,264272123666,246293665,1,0
7359,264272464111,246327630,1,0
7360,264272808555,246359830,1,0
7361,264273131000,246392770,1,0
7362,264273456888,246427476,1,0
7363,264273804888,246463843,1,0
7364,264274141444,246493427,1,0
7365,264274459111,246527401,1,0
7366,264274804888,246560063,1,0
7367,264275122666,246594896,1,0
7368,264275481333,246630979,1,0
7369,264275833888,246662166,1,0
7370,264276152666,246696532,1,0
7371,264276488666,246727386,1,0
7372,264276801777,246760579,1,0
7373,264277127000,246795574,1,0
7374,264277476222,246827514,1,0
7375,264277803555,246860747,1,0
7376,264278136000,246896792,1,0
7377,264278492555,246928347,1,0
7378,264278805111,246960265,1,0
7379,264279131111,246993859,1,0
7380,264279471111,247029402,1,0
7381,264279826555,247060413,1,0
7382,264280136555,247094613,1,0
7383,264280474555,247129580,1,0
7384,264280817777,247162066,1,0
7385,264281144555,247196375,1,0
7386,264281495000,247229094,1,0
7387,264281813555,247261109,1,0
7388,264282138777,247298239,1,0
7389,264282495000,247330274,1,0
7390,264282832222,247359796,1,0
7391,264283130555,247397107,1,0
7392,264283497444,247430476,1,0
7393,264283819555,247464030,1,0
7394,264284132888,247496216,1,0
7395,264284475666,247530881,1,0
7396,264284818111,247562099,1,0
7397,264285149333,247596884,1,0
7398,264285496888,247630390,1,0
7399,264285822111,247662180,1,0
7400,264286148111,247697218,1,0
7401,264286498555,247727629,1,0
7402,264286797333,247761689,1,0
7403,264287144999,247794619,1,0
7404,264287471333,247827860,1,0
7405,264287809444,247861516,1,0
7406,264288141555,247895269,1,0
7407,264288482777,247928784,1,0
7408,264288816000,247967009,1,0
7409,264289162111,247994403,1,0
7410,264289478555,248027695,1,0
7411,264289809888,248062317,1,0
7412,264290155111,248096605,1,0
7413,264290481777,248129486,1,0
7414,264290825555,248161877,1,0
7415,264291148888,248195580,1,0
7416,264291483000,248228984,1,0
7417,264291821000,248262749,1,0
7418,264292156333,248296497,1,0
7419,264292493777,248331752,1,0
7420,264292822000,248362002,1,0
7421,264293144444,248395681,1,0
7422,264293483777,248431029,1,0
7423,264293829333,248464373,1,0
7424,264294169777,248500389,1,0
7425,264294529000,248529288,1,0
7426,264294814888,248563622,1,0
7427,264295161666,248597530,1,0
7428,264295505555,248631476,1,0
7429,264295838555,248663402,1,0
7430,264296163111,248696653,1,0
7431,264296497222,248731441,1,0
7432,264296814555,248765158,1,0
7433,264297178555,248799885,1,0
7434,264297527444,248829609,1,0
7435,264297828555,248863194,1,0
7436,264298162222,248896621,1,0
7437,264298497444,248929891,1,0
7438,264298831111,248963841,1,0
7439,264299166333,248998207,1,0
7440,264299513777,249031351,1,0
7441,264299836222,249064482,1,0
7442,264300167444,249097322,1,0
7443,264300503111,249130928,1,0
7444,264300837000,249163761,1,0
7445,264301167444,249195371,1,0
7446,264301486333,249230478,1,0
7447,264301833111,249263386,1,0
7448,264302157333,249297834,1,0
7449,264302509000,249330554,1,0
7450,264302837111,249363432,1,0
7451,264303163666,249398687,1,0
7452,264303517333,249430333,1,0
7453,264303833555,249465382,1,0
7454,264304183555,249495852,1,0
7455,264304488444,249530727,1,0
7456,264304838000,249562200,1,0
7457,264305156222,249602144,1,0
7458,264305547888,249630190,1,0
7459,264305834111,249662740,1,0
7460,264306157111,249700312,1,0
7461,264306534666,249733871,1,0
7462,264306856777,249764147,1,0
7463,264307170111,249797070,1,0
7464,264307499333,249831374,1,0
7465,264307839111,249863905,1,0
7466,264308164444,249896507,1,0
7467,264308494444,249930706,1,0
7468,264308834888,249963406,1,0
7469,264309159000,249997570,1,0
7470,264309500666,250031196,1,0
7471,264309836555,250064365,1,0
7472,264310171000,250097909,1,0
7473,264310507000,250130635,1,0
7474,264310835666,250163929,1,0
7475,264311164111,250198291,1,0
7476,264311502777,250233762,1,0
7477,264311863888,250264279,1,0
7478,264312166000,250298532,1,0
7479,264312515111,250330206,1,0
7480,264312830888,250362835,1,0
7481,264313160666,250396990,1,0
7482,264313499555,250432166,1,0
7483,264313844888,250464775,1,0
7484,264314179111,250497217,1,0
7485,264314504333,250531326,1,0
7486,264314846111,250566796,1,0
7487,264315198888,250599985,1,0
7488,264315529000,250633362,1,0
7489,264315864333,250665501,1,0
7490,264316177444,250700551,1,0
7491,264316536666,250732775,1,0
7492,264316854111,250766537,1,0
7493,264317189555,250799858,1,0
7494,264317529555,250831969,1,0
7495,264317853111,250864222,1,0
7496,264318173666,250899659,1,0
7497,264318518111,250932969,1,0
7498,264318858666,250966720,1,0
7499,264319198666,250999405,1,0
7500,264319522555,251030745,1,0
7501,264319840555,251066895,1,0
7502,264320196888,251097800,1,0
7503,264320511111,251132869,1,0
7504,264320858111,251165208,1,0
7505,264321181111,251197644,1,0
7506,264321508111,251231563,1,0
7507,264321849333,251266495,1,0
7508,264322196888,251298396,1,0
7509,264322517222,251332284,1,0
7510,264322852888,251366957,1,0
7511,264323196777,251398604,1,0
7512,264323519111,251431670,1,0
7513,264323843111,251465980,1,0
7514,264324184555,251499259,1,0
7515,264324517666,251531881,1,0
7516,264324851444,251564770,1,0
7517,264325175111,251599487,1,0
7518,264325513888,251632277,1,0
7519,264325849000,251664595,1,0
7520,264326174444,251703563,1,0
7521,264326563000,251732251,1,0
7522,264326854333,251766605,1,0
7523,264327192444,251798935,1,0
7524,264327520111,251833261,1,0
7525,264327858111,251865356,1,0
7526,264328181222,251900690,1,0
7527,264328533888,251932649,1,0
7528,264328855666,251964716,1,0
7529,264329176444,251999311,1,0
7530,264329522555,252032152,1,0
7531,264329847999,252065524,1,0
7532,264330179555,252100670,1,0
7533,264330534111,252133989,1,0
7534,264330861000,252166005,1,0
7535,264331184555,252200091,1,0
7536,264331526000,252234689,1,0
7537,264331863333,252266979,1,0
7538,264332196444,252300329,1,0
7539,264332527999,252333878,1,0
7540,264332864333,252366710,1,0
7541,264333196666,252400682,1,0
7542,264333533000,252433193,1,0
7543,264333857333,252466171,1,0
7544,264334188000,252500514,1,0
7545,264334532111,252534471,1,0
7546,264334867444,252564933,1,0
7547,264335181222,252600880,1,0
7548,264335539333,252633501,1,0
7549,264335867888,252666492,1,0
7550,264336190444,252703784,1,0
7551,264336568000,252733677,1,0
7552,264336863555,252767758,1,0
7553,264337199666,252800224,1,0
7554,264337528888,252834247,1,0
7555,264337875000,252866833,1,0
7556,264338198777,252900491,1,0
7557,264338532000,252933217,1,0
7558,264338859444,252967434,1,0
7559,264339196888,253001151,1,0
7560,264339531777,253036320,1,0
7561,264339891777,253066978,1,0
7562,264340196777,253101080,1,0
7563,264340536888,253135450,1,0
7564,264340869333,253170704,1,0
7565,264341233222,253201200,1,0
7566,264341535444,253234644,1,0
7567,264341871666,253270165,1,0
7568,264342226111,253301344,1,0
7569,264342536888,253335669,1,0
7570,264342874222,253368177,1,0
7571,264343208000,253401017,1,0
7572,264343539444,253434089,1,0
7573,264343872000,253467740,1,0
7574,264344199666,253501006,1,0
7575,264344540000,253535290,1,0
7576,264344881222,253567065,1,0
7577,264345198888,253600851,1,0
7578,264345537111,253636271,1,0
7579,264345889111,253668315,1,0
7580,264346212111,253702397,1,0
7581,264346550000,253734627,1,0
7582,264346875555,253766967,1,0
7583,264347200888,253804084,1,0
7584,264347569777,253834419,1,0
7585,264347873666,253867494,1,0
7586,264348204555,253900537,1,0
7587,264348534444,253935260,1,0
7588,264348877222,253968067,1,0
7589,264349201000,254003654,1,0
7590,264349565333,254034752,1,0
7591,264349873555,254070766,1,0
7592,264350237777,254102100,1,0
7593,264350548000,254136365,1,0
7594,264350884888,254167673,1,0
7595,264351202666,254201512,1,0
7596,264351542999,254235252,1,0
7597,264351879333,254267941,1,0
7598,264352203333,254303149,1,0
7599,264352538000,254337922,1,0
7600,264352884111,254369474,1,0
7601,264353220111,254402504,1,0
7602,264353545777,254435736,1,0
7603,264353888000,254468201,1,0
7604,264354208444,254504062,1,0
7605,264354555555,254536844,1,0
7606,264354880666,254569364,1,0
7607,264355207333,254603406,1,0
7608,264355551222,254642034,1,0
7609,264355925555,254668176,1,0
7610,264356208555,254702229,1,0
7611,264356543666,254735324,1,0
7612,264356877222,254770537,1,0
7613,264357228000,254802089,1,0
7614,264357550111,254835476,1,0
7615,264357877444,254876085,1,0
7616,264358250444,254903007,1,0
7617,264358557111,254936791,1,0
7618,264358893000,254970514,1,0
7619,264359230666,255003742,1,0
7620,264359559777,255040235,1,0
7621,264359909444,255068479,1,0
7622,264360214555,255103756,1,0
7623,264360559444,255136951,1,0
7624,264360893555,255170501,1,0
7625,264361231777,255202822,1,0
7626,264361560000,255236370,1,0
7627,264361886333,255272989,1,0
7628,264362263111,255303083,1,0
7629,264362553666,255336593,1,0
7630,264362888111,255372944,1,0
7631,264363233000,255406109,1,0
7632,264363569888,255437416,1,0
7633,264363898777,255468782,1,0
7634,264364214888,255502546,1,0
7635,264364553555,255539529,1,0
7636,264364909000,255571829,1,0
7637,264365232555,255602509,1,0
7638,264365544000,255640059,1,0
7639,264365909333,255669057,1,0
7640,264366216222,255706944,1,0
7641,264366575444,255738959,1,0
7642,264366905666,255768922,1,0
7643,264367219555,255803595,1,0
7644,264367559222,255836718,1,0
7645,264367897555,255869966,1,0
7646,264368223666,255904301,1,0
7647,264368562777,255937818,1,0
7648,264368901888,255970383,1,0
7649,264369228000,256004700,1,0
7650,264369577111,256038440,1,0
7651,264369895888,256069862,1,0
7652,264370224222,256105784,1,0
7653,264370568555,256139724,1,0
7654,264370905555,256171354,1,0
7655,264371233555,256204713,1,0
7656,264371568222,256237908,1,0
7657,264371900222,256272872,1,0
7658,264372236888,256303784,1,0
7659,264372563555,256337450,1,0
7660,264372899777,256372172,1,0
7661,264373228111,256404380,1,0
7662,264373576222,256438752,1,0
7663,264373916333,256471910,1,0
7664,264374225555,256506957,1,0
7665,264374581222,256543651,1,0
7666,264374951000,256571992,1,0
7667,264375233000,256603888,1,0
7668,264375565777,256637102,1,0
7669,264375901333,256671242,1,0
7670,264376237666,256704355,1,0
7671,264376573111,256739427,1,0
7672,264376916555,256772637,1,0
7673,264377230000,256804937,1,0
7674,264377578555,256838376,1,0
7675,264377910555,256870051,1,0
7676,264378230666,256903198,1,0
7677,264378554888,256937174,1,0
7678,264378900555,256972633,1,0
7679,264379247888,257006978,1,0
7680,264379595555,257038454,1,0
7681,264379898666,257071425,1,0
7682,264380230444,257105626,1,0
7683,264380583111,257138283,1,0
7684,264380908555,257172323,1,0
7685,264381250444,257206258,1,0
7686,264381582222,257238489,1,0
7687,264381900000,257274678,1,0
7688,264382247555,257305106,1,0
7689,264382571444,257338608,1,0
7690,264382902000,257372693,1,0
7691,264383253555,257406985,1,0
7692,264383592555,257439063,1,0
7693,264383913888,257471034,1,0
7694,264384237000,257505243,1,0
7695,264384582999,257539602,1,0
7696,264384913111,257572436,1,0
7697,264385240777,257606727,1,0
7698,264385586333,257638582,1,0
7699,264385915111,257671412,1,0
7700,264386234888,257705030,1,0
7701,264386565555,257737582,1,0
7702,264386902000,257770921,1,0
7703,264387228000,257807220,1,0
7704,264387579666,257839525,1,0
7705,264387916666,257870964,1,0
7706,264388234888,257906592,1,0
7707,264388585555,257937843,1,0
7708,264388903555,257972249,1,0
7709,264389254555,258004890,1,0
7710,264389578000,258039380,1,0
7711,264389919222,258073952,1,0
7712,264390269999,258105139,1,0
7713,264390581222,258139551,1,0
7714,264390914888,258172331,1,0
7715,264391251777,258206558,1,0
7716,264391588444,258239584,1,0
7717,264391924888,258273855,1,0
7718,264392265555,258305400,1,0
7719,264392586222,258340343,1,0
7720,264392931555,258376436,1,0
7721,264393281888,258406808,1,0
7722,264393597444,258439653,1,0
7723,264393925444,258472194,1,0
7724,264394252444,258507310,1,0
7725,264394596222,258540376,1,0
7726,264394923555,258573032,1,0
7727,264395259444,258607677,1,0
7728,264395599555,258640291,1,0
7729,264395930777,258672450,1,0
7730,264396255666,258706850,1,0
7731,264396599555,258739772,1,0
7732,264396928000,258774446,1,0
7733,264397270888,258806118,1,0
7734,264397588222,258846830,1,0
7735,264397994111,258872684,1,0
7736,264398256444,258906583,1,0
7737,264398596888,258941554,1,0
7738,264398933111,258972548,1,0
7739,264399255444,259006609,1,0
7740,264399583111,259041122,1,0
7741,264399944000,259073667,1,0
7742,264400252333,259107673,1,0
7743,264400604444,259140713,1,0
7744,264400928888,259172931,1,0
7745,264401260111,259206078,1,0
7746,264401588000,259240661,1,0
7747,264401934777,259274127,1,0
7748,264402272000,259306318,1,0
7749,264402586555,259340463,1,0
7750,264402933333,259372557,1,0
7751,264403250777,259409805,1,0
7752,264403623555,259441242,1,0
7753,264403940555,259479588,1,0
7754,264404318000,259508299,1,0
7755,264404608000,259544473,1,0
7756,264404942777,259575204,1,0
7757,264405279555,259608535,1,0
7758,264405605000,259641970,1,0
7759,264405943222,259673001,1,0
7760,264406262222,259706820,1,0
7761,264406597000,259741063,1,0
7762,264406938111,259776662,1,0
7763,264407271222,259806155,1,0
7764,264407592000,259841279,1,0
7765,264407941555,259873451,1,0
7766,264408264777,259906350,1,0
7767,264408595444,259940743,1,0
7768,264408938444,259975377,1,0
7769,264409279444,260007890,1,0
7770,264409606888,260043147,1,0
7771,264409961111,260074637,1,0
7772,264410272333,260110168,1,0
7773,264410629222,260139392,1,0
7774,264410927222,260175118,1,0
7775,264411280666,260207296,1,0
7776,264411596555,260241330,1,0
7777,264411941000,260276265,1,0
7778,264412283555,260307568,1,0
7779,264412608000,260341323,1,0
7780,264412941888,260376224,1,0
7781,264413288111,260406544,1,0
7782,264413596444,260442939,1,0
7783,264413959000,260475519,1,0
7784,264414278000,260512703,1,0
7785,264414630666,260541812,1,0
7786,264414948111,260575574,1,0
7787,264415281222,260609875,1,0
7788,264415608666,260641263,1,0
7789,264415941666,260673750,1,0
7790,264416264888,260708555,1,0
7791,264416611333,260741631,1,0
7792,264416944777,260777474,1,0
7793,264417297888,260813778,1,0
7794,264417622222,260841923,1,0
7795,264417943444,260878626,1,0
7796,264418310333,260908139,1,0
7797,264418611555,260946527,1,0
7798,264418986666,260973459,1,0
7799,264419266333,261007930,1,0
7800,264419611111,261042947,1,0
7801,264419937000,261073664,1,0
7802,264420268222,261111085,1,0
7803,264420628333,261141086,1,0
7804,264420938888,261179154,1,0
7805,264421305888,261208769,1,0
7806,264421616666,261242807,1,0
7807,264421956888,261275956,1,0
7808,264422287777,261308160,1,0
7809,264422614000,261341653,1,0
7810,264422946777,261373744,1,0
7811,264423270555,261413559,1,0
7812,264423655444,261441115,1,0
7813,264423940777,261475354,1,0
7814,264424283000,261509028,1,0
7815,264424621888,261542569,1,0
7816,264424956111,261579491,1,0
7817,264425320888,261609449,1,0
7818,264425627444,261644068,1,0
7819,264425964222,261675179,1,0
7820,264426284777,261712020,1,0
7821,264426646888,261742352,1,0
7822,264426949333,261775039,1,0
7823,264427272555,261810089,1,0
7824,264427614777,261843834,1,0
7825,264427962000,261879984,1,0
7826,264428317333,261909830,1,0
7827,264428625666,261941739,1,0
7828,264428949333,261977416,1,0
7829,264429306555,262010280,1,0
7830,264429626000,262044280,1,0
7831,264429960888,262076083,1,0
7832,264430291222,262112037,1,0
7833,264430647666,262142070,1,0
7834,264430949444,262175141,1,0
7835,264431282000,262209313,1,0
7836,264431624111,262242994,1,0
7837,264431961000,262277828,1,0
7838,264432309888,262312803,1,0
7839,264432629444,262342008,1,0
7840,264432949777,262376647,1,0
7841,264433294777,262410990,1,0
7842,264433639777,262442986,1,0
7843,264433960555,262477237,1,0
7844,264434297333,262512476,1,0
7845,264434654222,262544663,1,0
7846,264434977333,262575842,1,0
7847,264435284888,262608509,1,0
7848,264435617222,262643421,1,0
7849,264435964777,262676607,1,0
7850,264436284555,262711961,1,0
7851,264436652888,262742087,1,0
7852,264436953333,262777535,1,0
7853,264437303111,262810856,1,0
7854,264437637888,262844688,1,0
7855,264437976888,262877830,1,0
7856,264438303888,262914582,1,0
7857,264438630444,262942981,1,0
7858,264438962000,262974888,1,0
7859,264439277555,263012606,1,0
7860,264439654000,263044868,1,0
7861,264439976555,263078140,1,0
7862,264440306333,263110533,1,0
7863,264440638111,263143594,1,0
7864,264440958000,263178254,1,0
7865,264441307222,263210901,1,0
7866,264441627111,263244202,1,0
7867,264441971888,263279136,1,0
7868,264442318777,263311064,1,0
7869,264442643333,263346957,1,0
7870,264442975555,263378334,1,0
7871,264443307666,263409995,1,0
7872,264443630555,263443120,1,0
7873,264443964222,263477736,1,0
7874,264444304000,263510593,1,0
7875,264444629111,263543542,1,0
7876,264444962222,263578139,1,0
7877,264445310777,263611835,1,0
7878,264445643111,263643870,1,0
7879,264445966444,263682191,1,0
7880,264446349111,263715621,1,0
7881,264446647222,263745129,1,0
7882,264446977222,263778916,1,0
7883,264447312333,263811665,1,0
7884,264447650222,263843893,1,0
7885,264447971222,263876476,1,0
7886,264448298555,263911332,1,0
7887,264448646444,263943803,1,0
7888,264448969444,263978874,1,0
7889,264449319444,264014043,1,0
7890,264449663111,264045189,1,0
7891,264449975777,264078213,1,0
7892,264450302111,264114040,1,0
7893,264450656555,264144179,1,0
7894,264450969111,264177865,1,0
7895,264451307222,264212664,1,0
7896,264451648222,264245313,1,0
7897,264451979333,264278593,1,0
7898,264452313777,264315942,1,0
7899,264452682000,264345617,1,0
7900,264452984333,264380255,1,0
7901,264453322000,264413781,1,0
7902,264453659111,264447004,1,0
7903,264453990444,264480131,1,0
7904,264454326333,264512610,1,0
7905,264454653000,264545137,1,0
7906,264454982000,264579101,1,0
7907,264455318000,264612465,1,0
7908,264455653444,264646738,1,0
7909,264455991222,264678189,1,0
7910,264456306888,264713431,1,0
7911,264456664222,264745136,1,0
7912,264456983888,264780241,1,0
7913,264457333444,264813365,1,0
7914,264457656333,264845507,1,0
7915,264457982333,264880384,1,0
7916,264458329444,264911875,1,0
7917,264458643444,264944964,1,0
7918,264458979000,264981159,1,0
7919,264459338000,265011826,1,0
7920,264459649555,265045975,1,0
7921,264459985666,265078670,1,0
7922,264460316555,265111935,1,0
7923,264460645000,265154638,1,0
7924,264461031111,265180167,1,0
7925,264461328666,265212693,1,0
7926,264461656666,265248070,1,0
7927,264462010999,265279556,1,0
7928,264462326111,265312676,1,0
7929,264462659555,265347277,1,0
7930,264463005444,265379976,1,0
7931,264463324777,265411911,1,0
7932,264463651111,265447722,1,0
7933,264463997888,265481856,1,0
7934,264464350555,265513443,1,0
7935,264464666000,265547536,1,0
7936,264465005666,265581659,1,0
7937,264465346000,265612289,1,0
7938,264465649777,265646336,1,0
7939,264465987333,265681168,1,0
7940,264466343000,265712500,1,0
7941,264466654000,265746932,1,0
7942,264466998000,265782864,1,0
7943,264467356444,265812208,1,0
7944,264467649888,265847767,1,0
7945,264467998000,265880413,1,0
7946,264468329111,265911844,1,0
7947,264468649111,265946815,1,0
7948,264468992000,265983504,1,0
7949,264469365444,266014117,1,0
7950,264469671888,266047449,1,0
7951,264470001555,266081561,1,0
7952,264470343555,266112783,1,0
7953,264470656666,266147041,1,0
7954,264470992888,266179963,1,0
7955,264471322888,266213348,1,0
7956,264471666888,266246978,1,0
7957,264471997333,266280678,1,0
7958,264472327111,266313944,1,0
7959,264472665777,266346636,1,0
7960,264472991111,266383005,1,0
7961,264473352444,266413255,1,0
7962,264473660777,266447373,1,0
7963,264474005444,266485107,1,0
7964,264474374333,266513613,1,0
7965,264474667555,266552538,1,0
7966,264475048888,266579979,1,0
7967,264475329333,266614937,1,0
7968,264475675666,266648533,1,0
7969,264476006888,266681060,1,0
7970,264476331666,266714974,1,0
7971,264476665555,266747860,1,0
7972,264477008555,266782668,1,0
7973,264477342888,266816399,1,0
7974,264477694222,266850809,1,0
7975,264478029444,266880520,1,0
7976,264478334000,266914381,1,0
7977,264478674666,266946629,1,0
7978,264478993777,266979961,1,0
7979,264479327888,267016293,1,0
7980,264479686333,267049485,1,0
7981,264480008777,267080859,1,0
7982,264480339444,267114509,1,0
7983,264480674111,267148681,1,0
7984,264481007888,267181147,1,0
7985,264481341111,267214390,1,0
7986,264481670555,267251217,1,0
7987,264482027222,267280747,1,0
7988,264482335666,267317148,1,0
7989,264482702333,267347219,1,0
7990,264483003555,267382262,1,0
7991,264483347000,267415060,1,0
7992,264483683888,267448107,1,0
7993,264484010444,267482745,1,0
7994,264484354222,267515396,1,0
7995,264484684555,267549586,1,0
7996,264485027222,267584401,1,0
7997,264485369888,267615162,1,0
7998,264485685000,267649576,1,0
7999,264486025999,267682176,1,0
8000,264486352888,267714102,1,0
8001,264486670444,267748679,1,0
8002,264487014555,267783078,1,0
8003,264487356444,267815665,1,0
8004,264487686111,267851664,1,0
8005,264488036888,267884246,1,0
8006,264488373444,267917230,1,0
8007,264488696666,267949722,1,0
8008,264489015000,267984052,1,0
8009,264489372444,268016747,1,0
8010,264489697333,268051986,1,0
8011,264490034111,268082214,1,0
8012,264490344555,268114618,1,0
8013,264490673777,268149848,1,0
8014,264491024555,268184181,1,0
8015,264491359555,268219079,1,0
8016,264491721666,268248573,1,0
8017,264492014111,268283150,1,0
8018,264492360333,268316170,1,0
8019,264492693000,268348988,1,0
8020,264493015777,268384774,1,0
8021,264493370888,268415705,1,0
8022,264493680666,268449736,1,0
8023,264494024222,268482578,1,0
8024,264494350444,268516014,1,0
8025,264494691777,268550165,1,0
8026,264495031777,268585556,1,0
8027,264495364444,268616095,1,0
8028,264495683111,268650988,1,0
8029,264496025666,268682695,1,0
8030,264496353888,268716118,1,0
8031,264496694555,268750260,1,0
8032,264497033111,268785379,1,0
8033,264497370000,268816087,1,0
8034,264497688222,268854721,1,0
8035,264498048000,268884094,1,0
8036,264498358000,268916443,1,0
8037,264498689111,268950976,1,0
8038,264499026000,268983105,1,0
8039,264499347888,269017145,1,0
8040,264499695555,269052153,1,0
8041,264500035000,269082901,1,0
8042,264500354222,269116501,1,0
8043,264500688555,269150278,1,0
8044,264501026444,269184117,1,0
8045,264501363888,269218871,1,0
8046,264501708444,269251169,1,0
8047,264502037222,269284175,1,0
8048,264502370000,269318032,1,0
8049,264502699888,269353644,1,0
8050,264503042333,269384318,1,0
8051,264503373333,269417200,1,0
8052,264503700777,269450833,1,0
8053,264504038000,269483708,1,0
8054,264504366222,269516848,1,0
8055,264504698444,269554755,1,0
8056,264505080555,269584740,1,0
8057,264505375000,269616504,1,0
8058,264505693666,269650749,1,0
8059,264506037111,269682575,1,0
8060,264506357000,269716359,1,0
8061,264506692888,269753026,1,0
8062,264507053666,269785397,1,0
8063,264507383000,269818643,1,0
8064,264507701666,269854828,1,0
8065,264508074666,269885448,1,0
8066,264508369333,269917413,1,0
8067,264508693444,269950517,1,0
8068,264509032000,269985148,1,0
8069,264509381444,270019165,1,0
8070,264509718777,270053009,1,0
8071,264510048555,270083212,1,0
8072,264510362888,270121252,1,0
8073,264510743555,270151562,1,0
8074,264511040555,270183282,1,0
8075,264511360333,270217945,1,0
8076,264511705888,270252308,1,0
8077,264512031666,270283434,1,0
8078,264512363111,270318591,1,0
8079,264512713666,270351407,1,0
8080,264513029888,270387448,1,0
8081,264513399111,270418301,1,0
8082,264513712222,270451103,1,0
8083,264514045000,270484130,1,0
8084,264514370444,270520018,1,0
8085,264514714222,270550897,1,0
8086,264515033555,270585797,1,0
8087,264515387222,270619076,1,0
8088,264515704000,270652336,1,0
8089,264516048000,270684235,1,0
8090,264516369888,270717011,1,0
8091,264516700111,270751564,1,0
8092,264517043222,270785962,1,0
8093,264517389555,270821072,1,0
8094,264517742222,270853193,1,0
8095,264518064222,270888121,1,0
8096,264518411000,270917733,1,0
8097,264518707222,270951986,1,0
8098,264519044777,270985753,1,0
8099,264519385555,271018573,1,0
8100,264519708000,271052951,1,0
8101,264520059444,271085094,1,0
8102,264520373666,271118141,1,0
8103,264520711666,271152141,1,0
8104,264521046111,271186294,1,0
8105,264521387888,271218768,1,0
8106,264521714777,271254199,1,0
8107,264522072888,271285868,1,0
8108,264522387111,271317719,1,0
8109,264522705000,271353633,1,0
8110,264523064333,271385592,1,0
8111,264523376555,271420501,1,0
8112,264523722888,271456091,1,0
8113,264524083333,271484263,1,0
8114,264524374666,271518258,1,0
8115,264524712444,271553684,1,0
8116,264525058444,271588442,1,0
8117,264525405000,271618934,1,0
8118,264525717888,271652726,1,0
8119,264526056111,271686106,1,0
8120,264526378777,271718542,1,0
8121,264526714222,271751548,1,0
8122,264527045888,271785260,1,0
8123,264527379444,271821366,1,0
8124,264527739555,271854014,1,0
8125,264528067888,271885255,1,0
8126,264528381999,271921527,1,0
8127,264528735222,271952472,1,0
8128,264529050444,271987242,1,0
8129,264529398888,272020155,1,0
8130,264529730222,272053638,1,0
8131,264530065000,272087378,1,0
8132,264530403888,272119271,1,0
8133,264530722333,272154148,1,0
8134,264531066000,272188416,1,0
8135,264531404888,272218501,1,0
8136,264531715333,272254697,1,0
8137,264532059333,272287289,1,0
8138,264532403000,272319405,1,0
8139,264532718000,272355492,1,0
8140,264533080666,272388416,1,0
8141,264533407333,272419811,1,0
8142,264533728888,272454244,1,0
8143,264534073000,272488075,1,0
8144,264534410555,272522528,1,0
8145,264534754777,272553829,1,0
8146,264535068666,272587945,1,0
8147,264535395222,272622283,1,0
8148,264535747222,272653855,1,0
8149,264536066555,272686157,1,0
8150,264536389555,272721063,1,0
8151,264536738444,272754325,1,0
8152,264537072333,272788576,1,0
8153,264537408555,272822564,1,0
8154,264537736555,272856057,1,0
8155,264538082888,272889624,1,0
8156,264538423000,272923706,1,0
8157,264538762666,272954041,1,0
8158,264539068444,272987917,1,0
8159,264539408000,273019336,1,0
8160,264539720111,273057365,1,0
8161,264540095777,273087352,1,0
8162,264540399777,273121441,1,0
8163,264540741000,273156509,1,0
8164,264541085666,273187510,1,0
8165,264541405333,273221301,1,0
8166,264541740444,273257337,1,0
8167,264542095999,273287319,1,0
8168,264542403777,273323112,1,0
8169,264542751888,273355526,1,0
8170,264543084111,273390302,1,0
8171,264543433444,273420446,1,0
8172,264543727888,273453509,1,0
8173,264544064555,273487086,1,0
8174,264544401222,273520380,1,0
8175,264544734000,273554820,1,0
8176,264545069111,273589553,1,0
8177,264545426777,273621755,1,0
8178,264545745000,273654844,1,0
8179,264546075888,273690343,1,0
8180,264546434888,273721166,1,0
8181,264546740111,273757701,1,0
8182,264547105555,273790627,1,0
8183,264547431555,273820518,1,0
8184,264547731777,273855013,1,0
8185,264548077666,273889270,1,0
8186,264548406555,273922759,1,0
8187,264548745888,273955820,1,0
8188,264549075777,273989893,1,0
8189,264549428555,274022234,1,0
8190,264549741888,274054015,1,0
8191,264550068333,274089729,1,0
8192,264550410333,274123618,1,0
8193,264550765555,274156297,1,0
8194,264551074222,274187604,1,0
8195,264551404000,274220290,1,0
8196,264551731444,274254532,1,0
8197,264552071555,274287882,1,0
8198,264552408111,274321736,1,0
8199,264552749666,274355083,1,0
8200,264553082555,274391633,1,0
8201,264553445333,274421683,1,0
8202,264553746444,274454508,1,0
8203,264554076444,274489445,1,0
8204,264554419888,274522550,1,0
8205,264554754444,274555456,1,0
8206,264555084222,274589362,1,0
8207,264555420444,274622527,1,0
8208,264555759333,274656382,1,0
8209,264556091222,274688394,1,0
8210,264556411111,274721805,1,0
8211,264556745666,274755738,1,0
8212,264557086222,274791879,1,0
8213,264557449000,274821848,1,0
8214,264557749777,274855775,1,0
8215,264558085555,274892609,1,0
8216,264558455888,274922651,1,0
8217,264558757000,274956303,1,0
8218,264559086555,274992014,1,0
8219,264559450555,275021732,1,0
8220,264559748666,275056546,1,0
8221,264560092222,275089837,1,0
8222,264560429555,275122829,1,0
8223,264560752444,275156316,1,0
8224,264561087555,275191752,1,0
8225,264561438555,275224647,1,0
8226,264561776777,275256109,1,0
8227,264562089222,275290912,1,0
8228,264562433888,275323650,1,0
8229,264562767222,275356170,1,0
8230,264563091000,275389320,1,0
8231,264563424111,275423874,1,0
8232,264563756777,275456013,1,0
8233,264564087777,275489747,1,0
8234,264564427000,275522583,1,0
8235,264564748555,275559019,1,0
8236,264565119444,275591158,1,0
8237,264565437888,275623760,1,0
8238,264565765888,275659104,1,0
8239,264566115111,275690401,1,0
8240,264566432222,275725257,1,0
8241,264566780888,275757232,1,0
8242,264567104000,275790599,1,0
8243,264567437000,275823266,1,0
8244,264567762222,275862690,1,0
8245,264568151888,275891520,1,0
8246,264568433777,275927606,1,0
8247,264568793555,275956302,1,0
8248,264569091999,275991329,1,0
8249,264569442888,276023888,1,0
8250,264569765333,276055931,1,0
8251,264570087111,276090363,1,0
8252,264570432000,276123781,1,0
8253,264570762111,276158629,1,0
8254,264571113888,276191273,1,0
8255,264571439444,276222906,1,0
8256,264571754333,276258562,1,0
8257,264572108333,276292798,1,0
8258,264572453000,276324465,1,0
8259,264572767111,276358771,1,0
8260,264573098666,276393211,1,0
8261,264573447555,276423449,1,0
8262,264573760777,276457317,1,0
8263,264574099333,276491203,1,0
8264,264574440333,276523036,1,0
8265,264574758888,276556988,1,0
8266,264575096666,276589984,1,0
8267,264575428222,276624315,1,0
8268,264575774333,276657429,1,0
8269,264576105666,276690071,1,0
8270,264576430555,276724065,1,0
8271,264576770777,276758803,1,0
8272,264577100888,276791548,1,0
8273,264577440888,276825060,1,0
8274,264577773444,276857846,1,0
8275,264578107777,276892754,1,0
8276,264578449000,276925324,1,0
8277,264578782777,276956812,1,0
8278,264579096888,276992188,1,0
8279,264579449888,277023549,1,0
8280,264579765222,277057823,1,0
8281,264580099333,277091393,1,0
8282,264580440000,277129050,1,0
8283,264580820333,277158437,1,0
8284,264581107111,277193666,1,0
8285,264581459555,277224640,1,0
8286,264581770444,277259458,1,0
8287,264582125111,277292101,1,0
8288,264582445000,277324988,1,0
8289,264582778111,277358163,1,0
8290,264583111555,277391355,1,0
8291,264583438555,277426734,1,0
8292,264583796555,277459888,1,0
8293,264584124111,277490316,1,0
8294,264584432888,277524529,1,0
8295,264584769555,277557611,1,0
8296,264585106222,277591221,1,0
8297,264585441444,277623964,1,0
8298,264585770666,277659568,1,0
8299,264586121444,277694991,1,0
8300,264586474000,277725492,1,0
8301,264586782888,277759836,1,0
8302,264587116333,277794072,1,0
8303,264587453444,277826407,1,0
8304,264587790111,277862492,1,0
8305,264588155333,277891357,1,0
8306,264588443666,277925332,1,0
8307,264588780555,277962736,1,0
8308,264589156888,277994313,1,0
8309,264589464999,278025254,1,0
8310,264589782111,278057626,1,0
8311,264590104666,278091802,1,0
8312,264590446888,278125843,1,0
8313,264590786999,278157850,1,0
8314,264591109000,278192777,1,0
8315,264591455333,278227956,1,0
8316,264591806000,278259959,1,0
8317,264592128444,278292346,1,0
8318,264592454444,278325943,1,0
8319,264592787888,278359214,1,0
8320,264593122888,278394132,1,0
8321,264593471555,278425809,1,0
8322,264593784777,278459251,1,0
8323,264594120333,278493670,1,0
8324,264594465222,278524860,1,0
8325,264594780333,278559428,1,0
8326,264595122888,278592999,1,0
8327,264595454444,278625308,1,0
8328,264595778333,278659412,1,0
8329,264596121888,278692912,1,0
8330,264596450666,278726817,1,0
8331,264596796777,278759905,1,0
8332,264597116444,278795449,1,0
8333,264597483888,278825366,1,0
8334,264597779111,278861525,1,0
8335,264598137888,278892611,1,0
8336,264598453999,278927990,1,0
8337,264598787888,278960408,1,0
8338,264599121222,278993789,1,0
8339,264599466000,279025418,1,0
8340,264599781777,279062741,1,0
8341,264600154777,279094526,1,0
8342,264600462222,279126326,1,0
8343,264600788666,279163879,1,0
8344,264601161000,279194068,1,0
8345,264601471888,279228681,1,0
8346,264601814666,279260028,1,0
8347,264602125333,279292171,1,0
8348,264602452555,279328760,1,0
8349,264602815333,279360867,1,0
8350,264603141000,279394196,1,0
8351,264603471777,279428809,1,0
8352,264603807444,279460326,1,0
8353,264604133444,279493790,1,0
8354,264604468333,279529369,1,0
8355,264604821444,279561029,1,0
8356,264605139000,279598804,1,0
8357,264605516444,279628366,1,0
8358,264605808444,279661470,1,0
8359,264606142777,279695162,1,0
8360,264606482222,279726500,1,0
8361,264606790888,279759798,1,0
8362,264607128444,279793677,1,0
8363,264607465888,279829210,1,0
8364,264607816111,279863497,1,0
8365,264608158000,279896152,1,0
8366,264608492888,279927659,1,0
8367,264608803444,279959568,1,0
8368,264609127222,279994372,1,0
8369,264609474666,280026701,1,0
8370,264609795333,280061952,1,0
8371,264610139777,280093972,1,0
8372,264610461777,280127087,1,0
8373,264610802666,280161836,1,0
8374,264611140333,280194412,1,0
8375,264611472444,280228583,1,0
8376,264611808777,280260750,1,0
8377,264612139444,280294314,1,0
8378,264612474000,280326743,1,0
8379,264612795888,280361528,1,0
8380,264613139444,280395047,1,0
8381,264613481000,280429683,1,0
8382,264613816666,280460788,1,0
8383,264614140333,280494766,1,0
8384,264614477888,280527568,1,0
8385,264614805333,280561352,1,0
8386,264615136333,280594893,1,0
8387,264615474777,280627691,1,0
8388,264615808444,280661078,1,0
8389,264616142555,280694646,1,0
8390,264616472888,280727998,1,0
8391,264616807222,280761258,1,0
8392,264617144666,280795717,1,0
8393,264617482222,280828951,1,0
8394,264617814888,280862935,1,0
8395,264618157222,280896652,1,0
8396,264618495333,280930103,1,0
8397,264618824666,280963166,1,0
8398,264619162444,280997749,1,0
8399,264619494777,281031490,1,0
8400,264619822888,281065694,1,0
8401,264620171666,281095880,1,0
8402,264620483111,281129334,1,0
8403,264620819333,281162253,1,0
8404,264621149000,281195956,1,0
8405,264621482222,281230280,1,0
8406,264621830444,281262596,1,0
8407,264622151555,281294746,1,0
8408,264622472222,281330037,1,0
8409,264622824222,281362609,1,0
8410,264623150333,281396877,1,0
8411,264623489444,281427536,1,0
8412,264623806888,281461804,1,0
8413,264624147333,281499448,1,0
8414,264624517888,281528526,1,0
8415,264624815777,281562221,1,0
8416,264625148222,281596736,1,0
8417,264625492888,281628300,1,0
8418,264625811777,281661352,1,0
8419,264626143888,281694751,1,0
8420,264626479444,281728797,1,0
8421,264626812333,281763555,1,0
8422,264627160777,281798904,1,0
8423,264627515555,281829630,1,0
8424,264627826555,281863344,1,0
8425,264628161333,281896849,1,0
8426,264628496444,281931728,1,0
8427,264628830333,281964332,1,0
8428,264629159888,281998956,1,0
8429,264629502111,282030699,1,0
8430,264629833444,282063119,1,0
8431,264630157222,282098780,1,0
8432,264630517111,282132881,1,0
8433,264630834333,282165747,1,0
8434,264631175222,282196987,1,0
8435,264631483333,282230126,1,0
8436,264631823888,282263252,1,0
8437,264632160333,282296525,1,0
8438,264632490555,282329613,1,0
8439,264632819333,282363496,1,0
8440,264633155333,282397252,1,0
8441,264633495333,282432305,1,0
8442,264633846444,282463873,1,0
8443,264634163999,282499658,1,0
8444,264634520333,282531797,1,0
8445,264634841444,282563787,1,0
8446,264635160777,282596347,1,0
8447,264635490666,282630417,1,0
8448,264635826888,282663736,1,0
8449,264636155111,282698476,1,0
8450,264636501000,282729854,1,0
8451,264636821555,282765701,1,0
8452,264637168777,282800382,1,0
8453,264637526555,282830642,1,0
8454,264637829666,282865796,1,0
8455,264638170888,282900233,1,0
8456,264638521444,282930362,1,0
8457,264638832000,282965956,1,0
8458,264639185777,283000386,1,0
8459,264639521444,283031852,1,0
8460,264639844111,283065451,1,0
8461,264640175777,283096354,1,0
8462,264640486333,283132694,1,0
8463,264640847777,283167352,1,0
8464,264641186666,283197053,1,0
8465,264641493333,283230853,1,0
8466,264641832444,283266228,1,0
8467,264642190888,283297006,1,0
8468,264642492888,283329709,1,0
8469,264642826111,283365269,1,0
8470,264643167111,283397161,1,0
8471,264643495111,283432301,1,0
8472,264643844444,283464809,1,0
8473,264644171777,283499536,1,0
8474,264644502666,283531558,1,0
8475,264644837333,283564253,1,0
8476,264645161888,283598888,1,0
8477,264645505444,283637073,1,0
8478,264645874666,283667330,1,0
8479,264646187000,283701981,1,0
8480,264646511888,283731810,1,0
8481,264646836333,283765213,1,0
8482,264647178555,283799180,1,0
8483,264647519444,283831996,1,0
8484,264647843000,283865356,1,0
8485,264648178555,283900353,1,0
8486,264648529222,283932590,1,0
8487,264648847888,283966180,1,0
8488,264649181111,284001840,1,0
8489,264649523888,284032383,1,0
8490,264649850666,284068364,1,0
8491,264650202888,284098761,1,0
8492,264650511555,284135235,1,0
8493,264650859444,284166291,1,0
8494,264651179777,284199705,1,0
8495,264651522333,284233196,1,0
8496,264651854777,284268676,1,0
8497,264652211666,284302568,1,0
8498,264652546888,284332272,1,0
8499,264652838888,284366554,1,0
8500,264653176555,284400061,1,0
8501,264653512222,284432876,1,0
8502,264653852777,284469991,1,0
8503,264654212666,284499680,1,0
8504,264654521333,284533282,1,0
8505,264654859222,284565451,1,0
8506,264655185666,284600974,1,0
8507,264655540777,284633116,1,0
8508,264655853444,284667882,1,0
8509,264656207888,284699732,1,0
8510,264656527444,284732367,1,0
8511,264656853111,284766715,1,0
8512,264657189777,284799737,1,0
8513,264657526555,284832466,1,0
8514,264657853888,284864633,1,0
8515,264658176888,284902715,1,0
8516,264658543444,284933457,1,0
8517,264658846333,284965609,1,0
8518,264659185333,285001103,1,0
8519,264659533333,285033547,1,0
8520,264659852111,285067185,1,0
8521,264660199777,285100421,1,0
8522,264660529666,285133658,1,0
8523,264660863222,285166964,1,0
8524,264661191555,285200478,1,0
8525,264661533555,285266349,1,0
8526,264662183555,285340635,1,0
8527,264662183555,285346351,1,0
8528,264662183555,285351871,1,0
8529,264662852777,285367958,1,0
8530,264663209555,285401466,1,0
8531,264663541888,285435991,1,0
8532,264663885777,285466714,1,0
8533,264664192000,285499656,1,0
8534,264664525444,285534144,1,0
8535,264664866666,285565234,1,0
8536,264665182222,285601268,1,0
8537,264665542777,285633148,1,0
8538,264665856111,285666516,1,0
8539,264666197222,285702739,1,0
8540,264666553222,285733173,1,0
8541,264666862333,285768240,1,0
8542,264667206111,285800293,1,0
8543,264667530555,285836329,1,0
8544,264667882888,285868423,1,0
8545,264668203888,285902829,1,0
8546,264668550777,285932895,1,0
8547,264668853000,285967062,1,0
8548,264669189555,286002370,1,0
8549,264669548555,286033032,1,0
8550,264669854000,286066119,1,0
8551,264670182111,286102106,1,0
8552,264670545333,286135629,1,0
8553,264670870000,286168133,1,0
8554,264671203444,286199496,1,0
8555,264671522666,286232265,1,0
8556,264671853777,286266940,1,0
8557,264672199888,286299972,1,0
8558,264672528333,286332270,1,0
8559,264672853444,286369464,1,0
8560,264673223777,286401351,1,0
8561,264673538000,286433716,1,0
8562,264673868666,286467843,1,0
8563,264674197888,286500850,1,0
8564,264674534333,286533121,1,0
8565,264674861888,286567176,1,0
8566,264675202333,286599621,1,0
8567,264675525666,286636614,1,0
8568,264675888333,286667762,1,0
8569,264676206222,286699409,1,0
8570,264676522333,286736393,1,0
8571,264676894444,286768536,1,0
8572,264677211222,286803755,1,0
8573,264677566555,286834923,1,0
8574,264677877777,286869421,1,0
8575,264678214777,286903862,1,0
8576,264678564444,286933312,1,0
8577,264678862333,286967385,1,0
8578,264679203888,287004978,1,0
8579,264679577222,287033851,1,0
8580,264679865333,287068938,1,0
8581,264680212444,287102028,1,0
8582,264680544666,287135120,1,0
8583,264680875222,287167603,1,0
8584,264681203777,287202197,1,0
8585,264681546000,287233722,1,0
8586,264681859888,287268802,1,0
8587,264682211666,287301134,1,0
8588,264682539888,287335605,1,0
8589,264682875777,287368625,1,0
8590,264683217111,287402188,1,0
8591,264683549333,287435338,1,0
8592,264683883888,287468956,1,0
8593,264684214777,287503108,1,0
8594,264684555333,287534662,1,0
8595,264684875888,287569461,1,0
8596,264685219333,287601967,1,0
8597,264685550555,287634366,1,0
8598,264685873888,287671941,1,0
8599,264686242666,287700639,1,0
8600,264686539444,287734980,1,0
8601,264686877777,287767649,1,0
8602,264687203444,287804199,1,0
8603,264687565888,287836350,1,0
8604,264687892777,287869397,1,0
8605,264688219888,287902706,1,0
8606,264688550222,287935723,1,0
8607,264688879333,287967972,1,0
8608,264689210777,288002569,1,0
8609,264689555555,288036976,1,0
8610,264689888333,288070688,1,0
8611,264690224555,288103352,1,0
8612,264690556555,288137982,1,0
8613,264690902000,288172649,1,0
8614,264691249777,288205823,1,0
8615,264691571888,288238378,1,0
8616,264691902333,288274208,1,0
8617,264692265333,288303292,1,0
8618,264692559444,288336075,1,0
8619,264692879333,288371149,1,0
8620,264693221333,288403715,1,0
8621,264693562333,288439916,1,0
8622,264693923555,288469753,1,0
8623,264694228111,288503457,1,0
8624,264694558666,288536440,1,0
8625,264694888777,288570758,1,0
8626,264695236555,288603104,1,0
8627,264695556666,288635959,1,0
8628,264695884555,288670633,1,0
8629,264696230777,288702618,1,0
8630,264696553222,288736277,1,0
8631,264696884666,288769018,1,0
8632,264697216111,288804537,1,0
8633,264697572333,288835876,1,0
8634,264697886222,288869554,1,0
8635,264698221333,288904817,1,0
8636,264698578333,288935421,1,0
8637,264698883555,288971091,1,0
8638,264699234111,289004195,1,0
8639,264699563333,289037720,1,0
8640,264699901777,289070399,1,0
8641,264700232000,289109076,1,0
8642,264700620666,289136493,1,0
8643,264700892888,289170476,1,0
8644,264701230888,289203786,1,0
8645,264701560888,289236941,1,0
8646,264701894777,289303304,1,0
8647,264702560222,289378508,1,0
8648,264702560222,289384498,1,0
8649,264702560222,289390986,1,0
8650,264703232888,289403635,1,0
8651,264703561444,289439707,1,0
8652,264703916444,289470804,1,0
8653,264704232888,289505261,1,0
8654,264704577111,289539538,1,0
8655,264704917777,289572245,1,0
8656,264705248888,289605115,1,0
8657,264705574444,289638075,1,0
8658,264705909111,289671431,1,0
8659,264706238333,289706389,1,0
8660,264706587777,289739028,1,0
8661,264706909555,289771788,1,0
8662,264707242777,289804336,1,0
8663,264707570333,289836876,1,0
8664,264707897777,289871137,1,0
8665,264708236333,289905837,1,0
8666,264708571222,289937881,1,0
8667,264708906888,289970333,1,0
8668,264709230333,290006280,1,0
8669,264709588666,290039150,1,0
8670,264709912333,290070561,1,0
8671,264710229666,290105363,1,0
8672,264710577777,290137771,1,0
8673,264710900444,290171506,1,0
8674,264711237111,290204876,1,0
8675,264711570444,290236399,1,0
8676,264711893333,290271907,1,0
8677,264712245333,290305869,1,0
8678,264712585000,290336882,1,0
8679,264712891555,290371458,1,0
8680,264713238444,290404556,1,0
8681,264713569666,290437844,1,0
8682,264713899444,290471452,1,0
8683,264714238555,290507659,1,0
8684,264714595111,290537378,1,0
8685,264714902222,290572241,1,0
8686,264715251888,290607318,1,0
8687,264715587777,290639973,1,0
8688,264715907111,290671836,1,0
8689,264716236888,290704362,1,0
8690,264716568888,290737412,1,0
8691,264716898777,290772360,1,0
8692,264717240777,290806788,1,0
8693,264717591111,290838348,1,0
8694,264717903444,290873232,1,0
8695,264718250111,290906105,1,0
8696,264718574555,290938766,1,0
8697,264718911555,290972082,1,0
8698,264719243555,291006771,1,0
8699,264719593888,291038774,1,0
8700,264719913666,291074344,1,0
8701,264720262777,291106583,1,0
8702,264720590444,291139522,1,0
8703,264720911444,291173186,1,0
8704,264721253000,291207325,1,0
8705,264721598333,291240498,1,0
8706,264721923555,291273937,1,0
8707,264722266333,291306566,1,0
8708,264722582222,291338807,1,0
8709,264722914888,291373302,1,0
8710,264723260666,291408892,1,0
8711,264723614222,291439517,1,0
8712,264723916555,291472970,1,0
8713,264724257111,291506078,1,0
8714,264724583444,291540439,1,0
8715,264724912777,291574310,1,0
8716,264725266777,291607359,1,0
8717,264725596333,291639647,1,0
8718,264725916333,291672088,1,0
8719,264726246666,291706985,1,0
8720,264726595888,291739508,1,0
8721,264726918000,291774167,1,0
8722,264727253333,291806201,1,0
8723,264727584222,291839740,1,0
8724,264727925777,291873956,1,0
8725,264728263666,291905654,1,0
8726,264728581777,291939945,1,0
8727,264728926666,291974726,1,0
8728,264729274444,292005942,1,0
8729,264729583111,292048393,1,0
8730,264730002777,292073613,1,0
8731,264730258555,292105576,1,0
8732,264730583222,292140540,1,0
8733,264730923222,292175773,1,0
8734,264731267777,292207585,1,0
8735,264731600888,292243554,1,0
8736,264731953111,292274359,1,0
8737,264732269000,292307034,1,0
8738,264732591888,292340707,1,0
8739,264732933555,292375125,1,0
8740,264733264000,292408810,1,0
8741,264733615333,292440787,1,0
8742,264733930333,292474527,1,0
8743,264734265444,292507607,1,0
8744,264734599444,292542024,1,0
8745,264734945222,292573113,1,0
8746,264735251777,292609228,1,0
8747,264735616888,292641004,1,0
8748,264735935000,292675110,1,0
8749,264736275888,292708567,1,0
8750,264736604555,292741009,1,0
8751,264736934111,292774768,1,0
8752,264737268888,292809012,1,0
8753,264737612777,292839674,1,0
8754,264737919777,292873687,1,0
8755,264738261444,292910100,1,0
8756,264738619444,292941910,1,0
8757,264738936555,292975419,1,0
8758,264739278222,293008353,1,0
8759,264739604000,293041073,1,0
8760,264739929777,293075114,1,0
8761,264740269333,293108534,1,0
8762,264740602888,293141062,1,0
8763,264740926777,293175221,1,0
8764,264741260666,293210371,1,0
8765,264741616888,293240114,1,0
8766,264741925222,293276672,1,0
8767,264742291333,293318470,1,0
8768,264742694333,293341466,1,0
8769,264742926555,293374662,1,0
8770,264743263222,293410501,1,0
8771,264743606888,293442257,1,0
8772,264743940333,293474177,1,0
8773,264744264666,293507382,1,0
8774,264744597000,293541695,1,0
8775,264744942777,293574452,1,0
8776,264745267888,293608963,1,0
8777,264745612222,293641242,1,0
8778,264745935333,293675086,1,0
8779,264746276666,293709586,1,0
8780,264746623888,293741824,1,0
8781,264746933888,293774722,1,0
8782,264747273333,293811127,1,0
8783,264747635888,293840708,1,0
8784,264747939000,293875528,1,0
8785,264748277555,293908573,1,0
8786,264748615000,293945354,1,0
8787,264748977777,293973700,1,0
8788,264749259777,294009564,1,0
8789,264749627333,294040632,1,0
8790,264749938000,294074504,1,0
8791,264750269666,294107381,1,0
8792,264750603333,294143049,1,0
8793,264750949666,294175784,1,0
8794,264751280666,294209785,1,0
8795,264751621333,294241210,1,0
8796,264751941777,294277452,1,0
8797,264752302333,294312326,1,0
8798,264752635333,294342060,1,0
8799,264752945555,294377660,1,0
8800,264753305333,294409097,1,0
8801,264753619555,294446725,1,0
8802,264753989555,294475717,1,0
8803,264754289666,294509196,1,0
8804,264754619222,294542718,1,0
8805,264754957444,294577724,1,0
8806,264755301444,294608521,1,0
8807,264755616888,294642861,1,0
8808,264755953333,294677243,1,0
8809,264756283000,294709197,1,0
8810,264756622777,294742044,1,0
8811,264756949555,294781472,1,0
8812,264757339111,294809992,1,0
8813,264757625555,294842386,1,0
8814,264757955777,294874509,1,0
8815,264758279000,294910621,1,0
8816,264758636666,294943784,1,0
8817,264758957777,294974511,1,0
8818,264759274222,295012625,1,0
8819,264759649555,295042169,1,0
8820,264759946000,295076295,1,0
8821,264760294000,295110345,1,0
8822,264760632666,295142205,1,0
8823,264760949111,295175404,1,0
8824,264761271666,295209684,1,0
8825,264761629111,295242525,1,0
8826,264761955222,295277752,1,0
8827,264762287111,295310713,1,0
8828,264762636666,295341998,1,0
8829,264762950222,295376304,1,0
8830,264763294000,295415534,1,0
8831,264763684333,295445103,1,0
8832,264763971555,295479236,1,0
8833,264764323222,295511910,1,0
8834,264764643444,295543259,1,0
8835,264764956333,295576788,1,0
8836,264765293333,295610897,1,0
8837,264765637111,295644932,1,0
8838,264765977333,295680116,1,0
8839,264766295888,295709092,1,0
8840,264766622000,295744622,1,0
8841,264766962888,295777653,1,0
8842,264767293111,295810256,1,0
8843,264767627000,295843240,1,0
8844,264767960333,295878405,1,0
8845,264768303444,295912929,1,0
8846,264768660222,295942980,1,0
8847,264768951333,295977381,1,0
8848,264769297000,296012783,1,0
8849,264769658222,296043625,1,0
8850,264769962222,296075886,1,0
8851,264770288888,296110939,1,0
8852,264770638333,296143548,1,0
8853,264770958333,296176566,1,0
8854,264771292666,296210618,1,0
8855,264771630666,296244924,1,0
8856,264771966333,296277732,1,0
8857,264772310666,296313067,1,0
8858,264772658444,296343553,1,0
8859,264772968222,296377443,1,0
8860,264773301222,296410017,1,0
8861,264773629666,296444764,1,0
8862,264773975555,296477115,1,0
8863,264774294333,296512951,1,0
8864,264774659222,296544575,1,0
8865,264774969777,296576800,1,0
8866,264775293222,296610906,1,0
8867,264775637333,296643598,1,0
8868,264775960111,296678455,1,0
8869,264776310888,296710091,1,0
8870,264776631111,296743216,1,0
8871,264776961444,296777909,1,0
8872,264777307555,296811028,1,0
8873,264777640888,296844358,1,0
8874,264777974777,296885365,1,0
8875,264778382333,296911806,1,0
8876,264778644333,296945168,1,0
8877,264778964000,296977430,1,0
8878,264779297333,297013906,1,0
8879,264779669222,297045320,1,0
8880,264779980111,297080225,1,0
8881,264780332777,297110547,1,0
8882,264780632888,297145845,1,0
8883,264780969222,297180324,1,0
8884,264781317333,297213343,1,0
8885,264781653333,297243829,1,0
8886,264781969666,297279434,1,0
8887,264782322555,297312938,1,0
8888,264782655333,297345748,1,0
8889,264782974111,297379780,1,0
8890,264783311555,297413576,1,0
8891,264783663333,297446344,1,0
8892,264783967777,297480009,1,0
8893,264784308333,297513597,1,0
8894,264784656777,297546950,1,0
8895,264784981666,297579618,1,0
8896,264785324666,297612515,1,0
8897,264785649777,297645715,1,0
8898,264785979777,297679850,1,0
8899,264786320888,297712031,1,0
8900,264786644222,297744172,1,0
8901,264786970666,297778955,1,0
8902,264787307888,297812936,1,0
8903,264787655222,297847143,1,0
8904,264787987333,297884897,1,0
8905,264788362555,297912594,1,0
8906,264788652111,297945210,1,0
8907,264788980444,297981224,1,0
8908,264789330555,298012418,1,0
8909,264789647888,298047927,1,0
8910,264789998888,298080662,1,0
8911,264790326333,298111680,1,0
8912,264790640777,298153307,1,0
8913,264791050888,298178590,1,0
8914,264791311333,298211459,1,0
8915,264791642000,298245392,1,0
8916,264791984666,298279330,1,0
8917,264792319111,298312830,1,0
8918,264792644333,298345914,1,0
8919,264792989777,298378810,1,0
8920,264793320555,298411800,1,0
8921,264793650222,298445260,1,0
8922,264793983333,298478793,1,0
8923,264794316555,298512845,1,0
8924,264794661777,298548948,1,0
8925,264795011333,298579388,1,0
8926,264795326333,298613772,1,0
8927,264795670000,298645814,1,0
8928,264795984444,298680012,1,0
8929,264796325777,298713275,1,0
8930,264796659777,298746666,1,0
8931,264796992777,298782369,1,0
8932,264797348222,298812038,1,0
8933,264797651555,298845784,1,0
8934,264797988777,298880333,1,0
8935,264798329444,298914050,1,0
8936,264798669444,298946519,1,0
8937,264798996888,298981509,1,0
8938,264799343888,299013456,1,0
8939,264799657666,299046608,1,0
8940,264799995222,299080241,1,0
8941,264800334666,299113047,1,0
8942,264800649666,299146946,1,0
8943,264800992333,299181915,1,0
8944,264801347777,299211961,1,0
8945,264801652555,299250338,1,0
8946,264802029333,299280070,1,0
8947,264802331777,299312436,1,0
8948,264802655666,299350631,1,0
8949,264803025222,299382817,1,0
8950,264803345777,299415761,1,0
8951,264803682111,299447692,1,0
8952,264804003444,299481479,1,0
8953,264804335222,299513554,1,0
8954,264804656444,299546173,1,0
8955,264804989666,299581488,1,0
8956,264805330777,299618189,1,0
8957,264805693777,299647487,1,0
8958,264806006111,299680280,1,0
8959,264806328444,299714270,1,0
8960,264806663777,299747268,1,0
8961,264807000222,299780311,1,0
8962,264807333333,299815207,1,0
8963,264807684444,299849556,1,0
8964,264808027777,299880484,1,0
8965,264808333888,299916371,1,0
8966,264808690666,299946901,1,0
8967,264808993666,299982162,1,0
8968,264809342111,300014540,1,0
8969,264809674000,300048905,1,0
8970,264810004444,300081077,1,0
8971,264810338333,300114321,1,0
8972,264810674333,300147595,1,0
8973,264810997000,300184143,1,0
8974,264811333888,300213939,1,0
8975,264811671000,300251611,1,0
8976,264812043111,300281048,1,0
8977,264812331777,300317479,1,0
8978,264812684111,300348526,1,0
8979,264813009666,300382230,1,0
8980,264813347000,300414200,1,0
8981,264813664444,300446947,1,0
8982,264813997111,300481435,1,0
8983,264814340555,300515520,1,0
8984,264814676444,300548390,1,0
8985,264815007555,300584210,1,0
8986,264815371666,300614533,1,0
8987,264815668222,300647983,1,0
8988,264816006333,300681723,1,0
8989,264816348333,300716023,1,0
8990,264816691777,300748631,1,0
8991,264817018333,300782113,1,0
8992,264817351555,300815633,1,0
8993,264817687666,300847815,1,0
8994,264818011222,300886344,1,0
8995,264818381666,300916397,1,0
8996,264818689555,300947871,1,0
8997,264819008444,300981612,1,0
8998,264819349000,301014245,1,0
8999,264819672222,301049361,1,0
9000,264820017777,301086553,1,0
9001,264820397000,301115794,1,0
9002,264820684000,301153373,1,0
9003,264821056666,301182010,1,0
9004,264821349222,301214522,1,0
9005,264821670777,301248497,1,0
9006,264822015111,301282663,1,0
9007,264822353000,301315122,1,0
9008,264822682333,301348768,1,0
9009,264823013666,301382644,1,0
9010,264823337888,301419979,1,0
9011,264823725777,301448147,1,0
9012,264824012777,301482530,1,0
9013,264824354333,301517348,1,0
9014,264824701666,301548099,1,0
9015,264825013444,301583288,1,0
9016,264825358444,301616033,1,0
9017,264825685222,301649183,1,0
9018,264826025222,301683669,1,0
9019,264826367000,301715057,1,0
9020,264826680888,301749620,1,0
9021,264827026444,301782834,1,0
9022,264827358777,301816014,1,0
9023,264827685222,301850662,1,0
9024,264828037333,301884839,1,0
9025,264828376777,301915289,1,0
9026,264828678222,301949547,1,0
9027,264829028444,301983051,1,0
9028,264829361333,302016081,1,0
9029,264829690888,302050263,1,0
9030,264830022000,302083220,1,0
9031,264830359111,302115937,1,0
9032,264830691888,302149921,1,0
9033,264831025222,302184082,1,0
9034,264831368444,302218016,1,0
9035,264831706666,302248928,1,0
9036,264832022777,302284466,1,0
9037,264832369666,302315821,1,0
9038,264832688444,302349899,1,0
9039,264833030888,302382919,1,0
9040,264833359555,302415992,1,0
9041,264833692444,302449980,1,0
9042,264834031222,302483671,1,0
9043,264834365222,302517967,1,0
9044,264834705222,302552187,1,0
9045,264835050666,302586578,1,0
9046,264835397555,302622072,1,0
9047,264835744222,302650729,1,0
9048,264836039888,302682750,1,0
9049,264836356222,302719748,1,0
9050,264836714333,302753167,1,0
9051,264837051000,302785825,1,0
9052,264837386111,302821568,1,0
9053,264837740333,302855940,1,0
9054,264838074888,302888527,1,0
9055,264838411000,302920586,1,0
9056,264838735333,302950776,1,0
9057,264839031222,302982863,1,0
9058,264839354444,303018328,1,0
9059,264839704222,303051351,1,0
9060,264840039222,303084439,1,0
9061,264840371222,303116725,1,0
9062,264840699000,303151022,1,0
9063,264841028777,303186592,1,0
9064,264841397666,303217569,1,0
9065,264841695555,303249213,1,0
9066,264842023111,303284171,1,0
9067,264842372777,303319333,1,0
9068,264842721888,303352380,1,0
9069,264843051666,303384918,1,0
9070,264843376777,303418018,1,0
9071,264843710222,303451306,1,0
9072,264844041888,303484730,1,0
9073,264844376444,303516989,1,0
9074,264844700777,303550975,1,0
9075,264845041222,303584239,1,0
9076,264845375333,303616417,1,0
9077,264845692777,303650265,1,0
9078,264846032888,303684518,1,0
9079,264846369777,303716584,1,0
9080,264846696555,303750399,1,0
9081,264847033666,303784285,1,0
9082,264847373000,303820605,1,0
9083,264847723111,303851656,1,0
9084,264848048666,303887143,1,0
9085,264848403000,303922021,1,0
9086,264848742888,303951015,1,0
9087,264849042666,303985982,1,0
9088,264849385222,304018638,1,0
9089,264849713888,304052715,1,0
9090,264850038000,304084462,1,0
9091,264850376333,304117911,1,0
9092,264850709666,304154177,1,0
9093,264851064333,304185082,1,0
9094,264851382666,304220077,1,0
9095,264851727111,304251922,1,0
9096,264852047111,304287094,1,0
9097,264852401888,304318107,1,0
9098,264852705888,304351610,1,0
9099,264853047666,304385080,1,0
9100,264853378666,304418370,1,0
9101,264853712222,304452522,1,0
9102,264854050222,304488178,1,0
9103,264854412222,304518420,1,0
9104,264854715222,304551749,1,0
9105,264855046555,304584923,1,0
9106,264855379000,304617864,1,0
9107,264855705222,304651053,1,0
9108,264856038777,304685915,1,0
9109,264856389333,304718327,1,0
9110,264856717111,304752496,1,0
9111,264857054000,304786223,1,0
9112,264857391222,304818043,1,0
9113,264857711666,304852228,1,0
9114,264858049333,304888846,1,0
9115,264858413222,304919694,1,0
9116,264858717000,304952487,1,0
9117,264859057222,304986670,1,0
9118,264859392666,305020065,1,0
9119,264859730111,305053483,1,0
9120,264860061666,305089651,1,0
9121,264860424333,305120217,1,0
9122,264860728444,305152846,1,0
9123,264861050666,305190761,1,0
9124,264861436000,305221516,1,0
9125,264861740777,305252883,1,0
9126,264862061222,305292136,1,0
9127,264862442666,305318910,1,0
9128,264862714555,305353823,1,0
9129,264863063777,305386195,1,0
9130,264863387111,305420187,1,0
9131,264863725222,305452787,1,0
9132,264864057777,305486226,1,0
9133,264864394444,305524591,1,0
9134,264864772666,305554741,1,0
9135,264865071555,305589861,1,0
9136,264865428555,305620322,1,0
9137,264865735333,305654183,1,0
9138,264866073222,305687185,1,0
9139,264866400000,305722608,1,0
9140,264866749333,305753191,1,0
9141,264867062666,305787586,1,0
9142,264867405333,305820048,1,0
9143,264867732000,305854238,1,0
9144,264868073333,305889184,1,0
9145,264868421333,305919319,1,0
9146,264868719333,305954409,1,0
9147,264869071000,305986684,1,0
9148,264869399444,306019470,1,0
9149,264869721777,306054320,1,0
9150,264870070222,306086130,1,0
9151,264870391666,306119023,1,0
9152,264870722000,306152738,1,0
9153,264871055111,306188184,1,0
9154,264871409000,306219574,1,0
9155,264871725111,306254602,1,0
9156,264872070222,306287134,1,0
9157,264872392777,306322761,1,0
9158,264872759111,306355294,1,0
9159,264873068555,306390228,1,0
9160,264873426000,306421077,1,0
9161,264873740222,306456318,1,0
9162,264874084777,306488051,1,0
9163,264874407666,306520162,1,0
9164,264874729666,306557432,1,0
9165,264875103333,306590180,1,0
9166,264875430222,306621091,1,0
9167,264875744555,306655712,1,0
9168,264876083000,306687898,1,0
9169,264876405555,306721856,1,0
9170,264876747000,306754042,1,0
9171,264877070555,306788070,1,0
9172,264877410222,306821240,1,0
9173,264877739555,306853439,1,0
9174,264878065444,306889774,1,0
9175,264878430777,306920967,1,0
9176,264878740444,306954407,1,0
9177,264879072000,306987851,1,0
9178,264879400222,307020992,1,0
9179,264879736666,307053205,1,0
9180,264880063222,307089916,1,0
9181,264880429000,307121596,1,0
9182,264880744555,307154673,1,0
9183,264881060111,307192050,1,0
9184,264881434111,307220496,1,0
9185,264881734222,307254178,1,0
9186,264882070111,307292467,1,0
9187,264882448444,307320375,1,0
9188,264882735333,307354246,1,0
9189,264883070000,307395809,1,0
9190,264883483555,307421596,1,0
9191,264883739444,307455387,1,0
9192,264884080444,307489089,1,0
9193,264884417777,307521344,1,0
9194,264884734666,307555918,1,0
9195,264885089000,307592839,1,0
9196,264885435111,307622519,1,0
9197,264885750888,307656784,1,0
9198,264886092444,307692569,1,0
9199,264886431555,307724259,1,0
9200,264886767888,307755355,1,0
9201,264887081444,307789713,1,0
9202,264887419222,307823551,1,0
9203,264887762777,307856655,1,0
9204,264888091666,307889694,1,0
9205,264888423222,307920528,1,0
9206,264888738222,307955063,1,0
9207,264889081333,307989010,1,0
9208,264889419333,308025240,1,0
9209,264889778555,308059880,1,0
9210,264890120444,308087740,1,0
9211,264890407777,308122609,1,0
9212,264890747888,308159078,1,0
9213,264891116111,308188666,1,0
9214,264891411999,308223658,1,0
9215,264891758888,308255492,1,0
9216,264892085222,308289409,1,0
9217,264892420111,308325536,1,0
9218,264892782888,308355585,1,0
9219,264893082666,308392054,1,0
9220,264893439222,308421834,1,0
9221,264893749111,308457456,1,0
9222,264894091666,308490123,1,0
9223,264894432666,308522848,1,0
9224,264894756888,308557874,1,0
9225,264895110777,308590410,1,0
9226,264895423555,308622780,1,0
9227,264895759222,308660817,1,0
9228,264896136888,308688605,1,0
9229,264896417222,308722199,1,0
9230,264896754333,308758041,1,0
9231,264897109111,308793305,1,0
9232,264897461777,308823190,1,0
9233,264897760222,308859472,1,0
9234,264898117111,308890812,1,0
9235,264898438000,308922537,1,0
9236,264898755444,308956153,1,0
9237,264899089555,308988339,1,0
9238,264899415222,309023285,1,0
9239,264899762555,309059795,1,0
9240,264900104111,309092730,1,0
9241,264900454222,309124268,1,0
9242,264900766777,309162149,1,0
9243,264901149333,309192762,1,0
9244,264901458333,309223275,1,0
9245,264901764222,309261241,1,0
9246,264902135444,309291945,1,0
9247,264902438111,309322848,1,0
9248,264902758333,309356524,1,0
9249,264903091555,309390099,1,0
9250,264903432333,309423627,1,0
9251,264903761555,309457178,1,0
9252,264904096222,309489987,1,0
9253,264904428888,309524233,1,0
9254,264904767888,309557904,1,0
9255,264905102000,309591924,1,0
9256,264905451888,309623140,1,0
9257,264905760111,309657571,1,0
9258,264906104666,309690794,1,0
9259,264906435888,309722891,1,0
9260,264906761555,309757697,1,0
9261,264907103444,309791988,1,0
9262,264907448000,309824519,1,0
9263,264907771555,309859159,1,0
9264,264908117333,309892829,1,0
9265,264908457111,309926045,1,0
9266,264908774555,309959427,1,0
9267,264909120111,309994671,1,0
9268,264909471111,310025363,1,0
9269,264909780555,310061060,1,0
9270,264910141555,310091809,1,0
9271,264910447777,310130267,1,0
9272,264910828666,310160956,1,0
9273,264911129222,310193480,1,0
9274,264911461111,310226549,1,0
9275,264911788000,310258734,1,0
9276,264912116666,310290319,1,0
9277,264912435111,310324600,1,0
9278,264912768777,310357912,1,0
9279,264913108333,310392336,1,0
9280,264913450666,310424526,1,0
9281,264913776111,310456736,1,0
9282,264914093111,310490771,1,0
9283,264914437777,310523301,1,0
9284,264914761000,310558568,1,0
9285,264915109111,310592906,1,0
9286,264915459111,310624011,1,0
9287,264915771333,310658476,1,0
9288,264916111666,310692573,1,0
9289,264916450888,310726018,1,0
9290,264916769888,310758471,1,0
9291,264917114333,310793047,1,0
9292,264917456222,310824762,1,0
9293,264917779444,310860127,1,0
9294,264918134333,310892566,1,0
9295,264918453333,310926556,1,0
9296,264918790666,310960876,1,0
9297,264919133888,310991534,1,0
9298,264919448777,311023930,1,0
9299,264919768888,311062528,1,0
9300,264920151555,311093010,1,0
9301,264920464111,311124411,1,0
9302,264920773333,311160114,1,0
9303,264921117000,311195852,1,0
9304,264921485666,311227318,1,0
9305,264921805333,311259275,1,0
9306,264922121777,311291870,1,0
9307,264922449000,311326786,1,0
9308,264922789777,311357459,1,0
9309,264923107666,311394462,1,0
9310,264923473000,311424596,1,0
9311,264923772000,311458999,1,0
9312,264924116666,311492093,1,0
9313,264924452666,311525087,1,0
9314,264924781666,311558407,1,0
9315,264925112999,311596216,1,0
9316,264925488444,311627458,1,0
9317,264925783333,311659027,1,0
9318,264926120111,311694969,1,0
9319,264926477777,311724270,1,0
9320,264926776555,311758978,1,0
9321,264927116888,311795600,1,0
9322,264927482111,311824937,1,0
9323,264927779000,311859892,1,0
9324,264928124888,311894056,1,0
9325,264928467111,311926139,1,0
9326,264928789111,311959031,1,0
9327,264929112000,311996209,1,0
9328,264929487777,312025310,1,0
9329,264929780555,312059674,1,0
9330,264930122333,312092776,1,0
9331,264930451333,312126140,1,0
9332,264930790888,312163760,1,0
9333,264931164111,312193724,1,0
9334,264931455666,312229009,1,0
9335,264931804888,312259853,1,0
9336,264932128666,312293040,1,0
9337,264932457666,312326819,1,0
9338,264932792888,312359694,1,0
9339,264933121888,312395783,1,0
9340,264933478555,312427424,1,0
9341,264933799444,312461926,1,0
9342,264934132000,312494166,1,0
9343,264934461111,312525560,1,0
9344,264934783222,312561038,1,0
9345,264935130666,312594748,1,0
9346,264935470222,312626283,1,0
9347,264935785111,312659334,1,0
9348,264936121555,312693840,1,0
9349,264936469333,312726673,1,0
9350,264936785222,312761214,1,0
9351,264937139666,312796710,1,0
9352,264937485222,312825953,1,0
9353,264937788444,312863455,1,0
9354,264938166444,312893766,1,0
9355,264938466000,312926722,1,0
9356,264938793666,312959532,1,0
9357,264939124777,312993879,1,0
9358,264939466777,313027352,1,0
9359,264939793111,313064265,1,0
9360,264940172555,313094466,1,0
9361,264940470777,313127769,1,0
9362,264940809666,313163145,1,0
9363,264941158000,313194826,1,0
9364,264941480777,313227343,1,0
9365,264941801666,313262254,1,0
9366,264942149444,313293999,1,0
9367,264942469444,313327198,1,0
9368,264942797000,313360611,1,0
9369,264943134222,313393351,1,0
9370,264943462888,313429510,1,0
