tick_ms,axis1_pos_abs_mm,axis2_pos_abs_mm,fn_1_raw_v,ft_1_raw_v,fn_1_zero_v,ft_1_zero_v
198022437,-74.1761,2668.0007,0.000000,0.000000,0.000000,0.000000
198022468,-74.1761,2668.0007,0.000000,0.000000,0.000000,0.000000
198022515,-74.1761,2668.0007,0.000000,0.000000,0.000000,0.000000
198022562,-74.1761,2668.0007,0.000000,0.000000,0.000000,0.000000
198022609,-74.1761,2668.0007,0.000000,0.000000,0.000000,0.000000
198022671,-74.1761,2668.0007,0.000000,0.000000,0.000000,0.000000
198022703,-74.1761,2668.0007,0.000000,0.000000,0.000000,0.000000
198022750,-74.1761,2668.0007,0.000000,0.000000,0.000000,0.000000
198022796,-74.1761,2668.0007,0.000000,0.000000,0.000000,0.000000
198022843,-74.1761,2668.0007,0.000000,0.000000,0.000000,0.000000
198022890,-74.1761,2668.0007,0.000000,0.000000,0.000000,0.000000
198022937,-74.1761,2668.0007,0.000000,0.000000,0.000000,0.000000
198022984,-74.1761,2668.0007,0.000000,0.000000,0.000000,0.000000
198023015,-74.1761,2668.0007,0.000000,0.000000,0.000000,0.000000
198023062,-74.1761,2668.0007,0.000000,0.000000,0.000000,0.000000
198023109,-74.1761,2668.0007,0.000000,0.000000,0.000000,0.000000
198023156,-74.1761,2668.0007,0.000000,0.000000,0.000000,0.000000
198023203,-74.1761,2668.0007,0.000000,0.000000,0.000000,0.000000
198023250,-74.1761,2668.0007,0.000000,0.000000,0.000000,0.000000
198023296,-74.1761,2668.0007,0.000000,0.000000,0.000000,0.000000
198023343,-74.1761,2668.0007,0.000000,0.000000,0.000000,0.000000
198023390,-74.1761,2668.0007,0.000000,0.000000,0.000000,0.000000
198023421,-74.1761,2668.0007,0.000000,0.000000,0.000000,0.000000
198023468,-74.1761,2668.0007,0.000000,0.000000,0.000000,0.000000
198023515,-74.1761,2668.0007,0.000000,0.000000,0.000000,0.000000
198023578,-74.1761,2668.0007,0.000000,0.000000,0.000000,0.000000
198023625,-74.1761,2668.0007,0.000000,0.000000,0.000000,0.000000
198023671,-74.1761,2668.0007,0.000000,0.000000,0.000000,0.000000
198023703,-74.1761,2668.0007,0.000000,0.000000,0.000000,0.000000
198023750,-74.1761,2668.0007,0.000000,0.000000,0.000000,0.000000
198023796,-74.1761,2668.0007,0.000000,0.000000,0.000000,0.000000
198023843,-74.1761,2668.0007,0.000000,0.000000,0.000000,0.000000
198023890,-74.1761,2668.0007,0.000000,0.000000,0.000000,0.000000
198023921,-74.1761,2668.0007,0.000000,0.000000,0.000000,0.000000
198023968,-74.1761,2668.0007,0.000000,0.000000,0.000000,0.000000
198024031,-74.1761,2668.0007,0.000000,0.000000,0.000000,0.000000
198024078,-74.1761,2668.0007,0.000000,0.000000,0.000000,0.000000
198024125,-74.1761,2668.0007,0.000000,0.000000,0.000000,0.000000
198024171,-74.1761,2668.0007,0.000000,0.000000,0.000000,0.000000
198024218,-74.1761,2668.0007,0.000000,0.000000,0.000000,0.000000
198024265,-74.1761,2668.0007,0.000000,0.000000,0.000000,0.000000
198024312,-74.1761,2668.0007,0.000000,0.000000,0.000000,0.000000
198024343,-74.1761,2668.0007,0.000000,0.000000,0.000000,0.000000
198024390,-74.1761,2668.0007,0.000000,0.000000,0.000000,0.000000
198024437,-74.1761,2668.0007,0.000000,0.000000,0.000000,0.000000
198024500,-74.1761,2668.0007,0.000000,0.000000,0.000000,0.000000
198024546,-74.1761,2668.0007,0.000000,0.000000,0.000000,0.000000
198024593,-74.1761,2668.0007,0.000000,0.000000,0.000000,0.000000
198024640,-74.1761,2668.0007,0.000000,0.000000,0.000000,0.000000
198024687,-74.1761,2668.0007,0.000000,0.000000,0.000000,0.000000
198024734,-74.1761,2668.0007,0.000000,0.000000,0.000000,0.000000
198024765,-74.1761,2668.0007,0.000000,0.000000,0.000000,0.000000
198024812,-74.1761,2668.0007,0.000000,0.000000,0.000000,0.000000
198024859,-74.1761,2668.0007,0.000000,0.000000,0.000000,0.000000
198024906,-74.1761,2668.0007,0.000000,0.000000,0.000000,0.000000
198024953,-74.1761,2668.0007,0.000000,0.000000,0.000000,0.000000
198025000,-74.1761,2668.0007,0.000000,0.000000,0.000000,0.000000
198025031,-74.1761,2668.0007,0.000000,0.000000,0.000000,0.000000
198025078,-74.1761,2668.0007,0.000000,0.000000,0.000000,0.000000
198025125,-74.1761,2668.0007,0.000000,0.000000,0.000000,0.000000
198025171,-74.1761,2668.0007,0.000000,0.000000,0.000000,0.000000
198025218,-74.1761,2668.0007,0.000000,0.000000,0.000000,0.000000
198025250,-74.1761,2668.0007,0.000000,0.000000,0.000000,0.000000
198025296,-74.1761,2668.0007,0.000000,0.000000,0.000000,0.000000
198025343,-74.1761,2668.0007,0.000000,0.000000,0.000000,0.000000
198025406,-74.1761,2668.0007,0.000000,0.000000,0.000000,0.000000
198025453,-74.1761,2668.0007,0.000000,0.000000,0.000000,0.000000
198025484,-74.1761,2668.0007,0.000000,0.000000,0.000000,0.000000
198025531,-74.1761,2668.0007,0.000000,0.000000,0.000000,0.000000
198025578,-74.1761,2668.0007,0.000000,0.000000,0.000000,0.000000
198025625,-74.1761,2668.0007,0.000000,0.000000,0.000000,0.000000
198025671,-74.1761,2668.0007,0.000000,0.000000,0.000000,0.000000
198025703,-74.1761,2668.0007,0.000000,0.000000,0.000000,0.000000
198025750,-74.1761,2668.0007,0.000000,0.000000,0.000000,0.000000
198025781,-74.1761,2668.0007,0.000000,0.000000,0.000000,0.000000
198025843,-74.1761,2668.0007,0.000000,0.000000,0.000000,0.000000
198025875,-74.1761,2668.0007,0.000000,0.000000,0.000000,0.000000
198025921,-74.1761,2668.0007,0.000000,0.000000,0.000000,0.000000
198025968,-74.1761,2668.0007,0.000000,0.000000,0.000000,0.000000
198026015,-74.1761,2668.0007,0.000000,0.000000,0.000000,0.000000
198026062,-74.1761,2668.0007,0.000000,0.000000,0.000000,0.000000
198026109,-74.1761,2668.0007,0.000000,0.000000,0.000000,0.000000
198026140,-74.1761,2668.0007,0.000000,0.000000,0.000000,0.000000
198026187,-74.1761,2668.0007,0.000000,0.000000,0.000000,0.000000
198026234,-74.1761,2668.0007,0.000000,0.000000,0.000000,0.000000
198026296,-74.1761,2668.0007,0.000000,0.000000,0.000000,0.000000
198026343,-74.1761,2668.0007,0.000000,0.000000,0.000000,0.000000
198026390,-74.1761,2668.0007,0.000000,0.000000,0.000000,0.000000
198026421,-74.1761,2668.0007,0.000000,0.000000,0.000000,0.000000
198026468,-74.1761,2668.0007,0.000000,0.000000,0.000000,0.000000
198026515,-74.1761,2668.0007,0.000000,0.000000,0.000000,0.000000
198026562,-74.1761,2668.0007,0.000000,0.000000,0.000000,0.000000
198026609,-74.1761,2668.0007,0.000000,0.000000,0.000000,0.000000
198026656,-74.1761,2668.0007,0.000000,0.000000,0.000000,0.000000
198026687,-74.1761,2668.0007,0.000000,0.000000,0.000000,0.000000
198026750,-74.1761,2668.0007,0.000000,0.000000,0.000000,0.000000
198026796,-74.1761,2668.0007,0.000000,0.000000,0.000000,0.000000
198026828,-74.1761,2668.0007,0.000000,0.000000,0.000000,0.000000
198026875,-74.1761,2668.0007,0.000000,0.000000,0.000000,0.000000
198026921,-74.1761,2668.0007,0.000000,0.000000,0.000000,0.000000
198026968,-74.1761,2668.0007,0.000000,0.000000,0.000000,0.000000
198027000,-74.1761,2668.0007,0.000000,0.000000,0.000000,0.000000
198027046,-74.1761,2668.0007,0.000000,0.000000,0.000000,0.000000
198027093,-74.1761,2668.0007,0.000000,0.000000,0.000000,0.000000
198027140,-74.1761,2668.0007,0.000000,0.000000,0.000000,0.000000
198027203,-74.1761,2668.0007,0.000000,0.000000,0.000000,0.000000
198027234,-74.1761,2668.0007,0.000000,0.000000,0.000000,0.000000
198027281,-74.1761,2668.0007,0.000000,0.000000,0.000000,0.000000
198027328,-74.1761,2668.0007,0.000000,0.000000,0.000000,0.000000
198027375,-74.1761,2668.0007,0.000000,0.000000,0.000000,0.000000
198027421,-74.1761,2668.0007,0.000000,0.000000,0.000000,0.000000
198027468,-74.1761,2668.0007,0.000000,0.000000,0.000000,0.000000
198027515,-74.1761,2668.0007,0.000000,0.000000,0.000000,0.000000
198027546,-74.1761,2668.0007,0.000000,0.000000,0.000000,0.000000
198027593,-74.1761,2668.0007,0.000000,0.000000,0.000000,0.000000
198027640,-74.1761,2668.0007,0.000000,0.000000,0.000000,0.000000
198027687,-74.1761,2668.0007,0.000000,0.000000,0.000000,0.000000
198027734,-74.1761,2668.0007,0.000000,0.000000,0.000000,0.000000
198027781,-74.1761,2668.0007,0.000000,0.000000,0.000000,0.000000
198027828,-74.1761,2668.0007,0.000000,0.000000,0.000000,0.000000
198027875,-74.1761,2668.0007,0.000000,0.000000,0.000000,0.000000
198027921,-74.1761,2668.0007,0.000000,0.000000,0.000000,0.000000
198027968,-74.1761,2668.0007,0.000000,0.000000,0.000000,0.000000
198028000,-74.1761,2668.0007,0.000000,0.000000,0.000000,0.000000
198028046,-74.1761,2668.0007,0.000000,0.000000,0.000000,0.000000
198028109,-74.1761,2668.0007,0.000000,0.000000,0.000000,0.000000
198028156,-74.1761,2668.0007,0.000000,0.000000,0.000000,0.000000
198028187,-74.1761,2668.0007,0.000000,0.000000,0.000000,0.000000
198028250,-74.1761,2668.0007,0.000000,0.000000,0.000000,0.000000
198028281,-74.1761,2668.0007,0.000000,0.000000,0.000000,0.000000
198028328,-74.1761,2668.0007,0.000000,0.000000,0.000000,0.000000
198028375,-74.1761,2668.0007,0.000000,0.000000,0.000000,0.000000
198028406,-74.1761,2668.0007,0.000000,0.000000,0.000000,0.000000
198028453,-74.1761,2668.0007,0.000000,0.000000,0.000000,0.000000
198028500,-74.1761,2668.0007,0.000000,0.000000,0.000000,0.000000
198028562,-74.1761,2668.0007,0.000000,0.000000,0.000000,0.000000
198028593,-74.1761,2668.0007,0.000000,0.000000,0.000000,0.000000
198028640,-74.1761,2668.0007,0.000000,0.000000,0.000000,0.000000
198028671,-74.1761,2668.0007,0.000000,0.000000,0.000000,0.000000
198028718,-74.1761,2668.0007,0.000000,0.000000,0.000000,0.000000
198028765,-74.1761,2668.0007,0.000000,0.000000,0.000000,0.000000
198028812,-74.1761,2668.0007,0.000000,0.000000,0.000000,0.000000
198028843,-74.1761,2668.0007,0.000000,0.000000,0.000000,0.000000
198028890,-74.1761,2668.0007,0.000000,0.000000,0.000000,0.000000
198028937,-74.1761,2668.0007,0.000000,0.000000,0.000000,0.000000
198029000,-74.1761,2668.0007,0.000000,0.000000,0.000000,0.000000
198029031,-74.1761,2668.0007,0.000000,0.000000,0.000000,0.000000
198029078,-74.1761,2668.0007,0.000000,0.000000,0.000000,0.000000
198029125,-74.1761,2668.0007,0.000000,0.000000,0.000000,0.000000
198029156,-74.1761,2668.0007,0.000000,0.000000,0.000000,0.000000
198029265,-74.1761,2668.0007,0.000000,0.000000,0.000000,0.000000
198029312,-74.1761,2668.0007,0.000000,0.000000,0.000000,0.000000
198029359,-74.1761,2668.0007,0.000000,0.000000,0.000000,0.000000
198029390,-74.1761,2668.0007,0.000000,0.000000,0.000000,0.000000
198029437,-74.1761,2668.0007,0.000000,0.000000,0.000000,0.000000
198029484,-74.1761,2668.0007,0.000000,0.000000,0.000000,0.000000
198029531,-74.1761,2668.0007,0.000000,0.000000,0.000000,0.000000
198029578,-74.1761,2668.0007,0.000000,0.000000,0.000000,0.000000
198029625,-74.1761,2668.0007,0.000000,0.000000,0.000000,0.000000
198029671,-74.1761,2668.0007,0.000000,0.000000,0.000000,0.000000
198029718,-74.1761,2668.0007,0.000000,0.000000,0.000000,0.000000
198029765,-74.1761,2668.0007,0.000000,0.000000,0.000000,0.000000
198029796,-74.1761,2668.0007,0.000000,0.000000,0.000000,0.000000
198029843,-74.1761,2668.0007,0.000000,0.000000,0.000000,0.000000
198029890,-74.1761,2668.0007,0.000000,0.000000,0.000000,0.000000
198029953,-74.1761,2668.0007,0.000000,0.000000,0.000000,0.000000
198030000,-74.1761,2668.0007,0.000000,0.000000,0.000000,0.000000
198030046,-74.1761,2668.0007,0.000000,0.000000,0.000000,0.000000
198030093,-74.1761,2668.0007,0.000000,0.000000,0.000000,0.000000
198030125,-74.1761,2668.0007,0.000000,0.000000,0.000000,0.000000
198030171,-74.1761,2668.0007,0.000000,0.000000,0.000000,0.000000
198030218,-74.1761,2668.0007,0.000000,0.000000,0.000000,0.000000
198030265,-74.1761,2668.0007,0.000000,0.000000,0.000000,0.000000
198030296,-74.1761,2668.0007,0.000000,0.000000,0.000000,0.000000
198030343,-74.1761,2668.0007,0.000000,0.000000,0.000000,0.000000
198030390,-74.1761,2668.0007,0.000000,0.000000,0.000000,0.000000
198030437,-74.1761,2668.0007,0.000000,0.000000,0.000000,0.000000
198030484,-74.1761,2668.0007,0.000000,0.000000,0.000000,0.000000
198030531,-74.1761,2668.0007,0.000000,0.000000,0.000000,0.000000
198030578,-74.1761,2668.0007,0.000000,0.000000,0.000000,0.000000
198030609,-74.1761,2668.0007,0.000000,0.000000,0.000000,0.000000
198030656,-74.1761,2668.0007,0.000000,0.000000,0.000000,0.000000
198030703,-74.1761,2668.0007,0.000000,0.000000,0.000000,0.000000
198030734,-74.1761,2668.0007,0.000000,0.000000,0.000000,0.000000
198030781,-74.1761,2668.0007,0.000000,0.000000,0.000000,0.000000
198030859,-74.1761,2668.0007,0.000000,0.000000,0.000000,0.000000
198030890,-74.1761,2668.0007,0.000000,0.000000,0.000000,0.000000
198030937,-74.1761,2668.0007,0.000000,0.000000,0.000000,0.000000
198030984,-74.1761,2668.0007,0.000000,0.000000,0.000000,0.000000
198031015,-74.1761,2668.0007,0.000000,0.000000,0.000000,0.000000
198031078,-74.1761,2668.0007,0.000000,0.000000,0.000000,0.000000
198031109,-74.1761,2668.0007,0.000000,0.000000,0.000000,0.000000
198031156,-74.1761,2668.0007,0.000000,0.000000,0.000000,0.000000
198031203,-74.1761,2668.0007,0.000000,0.000000,0.000000,0.000000
198031234,-74.1761,2668.0007,0.000000,0.000000,0.000000,0.000000
198031296,-74.1761,2668.0007,0.000000,0.000000,0.000000,0.000000
198031328,-74.1761,2668.0007,0.000000,0.000000,0.000000,0.000000
198031375,-74.1761,2668.0007,0.000000,0.000000,0.000000,0.000000
198031421,-74.1761,2668.0007,0.000000,0.000000,0.000000,0.000000
198031453,-74.1761,2668.0007,0.000000,0.000000,0.000000,0.000000
198031500,-74.1761,2668.0007,0.000000,0.000000,0.000000,0.000000
198031546,-74.1761,2668.0007,0.000000,0.000000,0.000000,0.000000
198031593,-74.1761,2668.0007,0.000000,0.000000,0.000000,0.000000
198031625,-74.1761,2668.0007,0.000000,0.000000,0.000000,0.000000
198031671,-74.1761,2668.0007,0.000000,0.000000,0.000000,0.000000
198031734,-74.1761,2668.0007,0.000000,0.000000,0.000000,0.000000
198031781,-74.1761,2668.0007,0.000000,0.000000,0.000000,0.000000
198031812,-74.1761,2668.0007,0.000000,0.000000,0.000000,0.000000
198031859,-74.1761,2668.0007,0.000000,0.000000,0.000000,0.000000
198031906,-74.1761,2668.0007,0.000000,0.000000,0.000000,0.000000
198031953,-74.1761,2668.0007,0.000000,0.000000,0.000000,0.000000
198032000,-74.1761,2668.0007,0.000000,0.000000,0.000000,0.000000
198032046,-74.1761,2668.0007,0.000000,0.000000,0.000000,0.000000
198032078,-74.1761,2668.0007,0.000000,0.000000,0.000000,0.000000
198032125,-74.1761,2668.0000,0.000000,0.000000,0.000000,0.000000
198032187,-74.1761,2668.0000,0.000000,0.000000,0.000000,0.000000
198032218,-74.1761,2668.0000,0.000000,0.000000,0.000000,0.000000
198032265,-74.1761,2668.0000,0.000000,0.000000,0.000000,0.000000
198032312,-74.1761,2668.0000,0.000000,0.000000,0.000000,0.000000
198032359,-74.1761,2668.0000,0.000000,0.000000,0.000000,0.000000
198032406,-74.1761,2668.0000,0.000000,0.000000,0.000000,0.000000
198032437,-74.1761,2668.0000,0.000000,0.000000,0.000000,0.000000
198032484,-74.1761,2668.0000,0.000000,0.000000,0.000000,0.000000
198032531,-74.1761,2668.0000,0.000000,0.000000,0.000000,0.000000
198032562,-74.1761,2668.0000,0.000000,0.000000,0.000000,0.000000
198032625,-74.1761,2668.0000,0.000000,0.000000,0.000000,0.000000
198032671,-74.1761,2668.0000,0.000000,0.000000,0.000000,0.000000
198032718,-74.1761,2668.0000,0.000000,0.000000,0.000000,0.000000
198032765,-74.1761,2668.0000,0.000000,0.000000,0.000000,0.000000
198032796,-74.1761,2668.0000,0.000000,0.000000,0.000000,0.000000
198032859,-74.1761,2668.0000,0.000000,0.000000,0.000000,0.000000
198032890,-74.1761,2668.0000,0.000000,0.000000,0.000000,0.000000
198032937,-74.1761,2668.0000,0.000000,0.000000,0.000000,0.000000
198032984,-74.1761,2668.0000,0.000000,0.000000,0.000000,0.000000
198033031,-74.1761,2668.0000,0.000000,0.000000,0.000000,0.000000
198033078,-74.1761,2668.0000,0.000000,0.000000,0.000000,0.000000
198033125,-74.1761,2668.0000,0.000000,0.000000,0.000000,0.000000
198033171,-74.1761,2668.0000,0.000000,0.000000,0.000000,0.000000
198033218,-74.1761,2668.0000,0.000000,0.000000,0.000000,0.000000
198033265,-74.1761,2668.0000,0.000000,0.000000,0.000000,0.000000
198033312,-74.1761,2668.0000,0.000000,0.000000,0.000000,0.000000
198033359,-74.1761,2668.0000,0.000000,0.000000,0.000000,0.000000
198033406,-74.1761,2668.0000,0.000000,0.000000,0.000000,0.000000
198033437,-74.1761,2668.0000,0.000000,0.000000,0.000000,0.000000
198033484,-74.1761,2668.0000,0.000000,0.000000,0.000000,0.000000
198033546,-74.1761,2668.0000,0.000000,0.000000,0.000000,0.000000
198033578,-74.1761,2668.0000,0.000000,0.000000,0.000000,0.000000
198033625,-74.1761,2668.0000,0.000000,0.000000,0.000000,0.000000
198033671,-74.1761,2668.0000,0.000000,0.000000,0.000000,0.000000
198033703,-74.1761,2668.0000,0.000000,0.000000,0.000000,0.000000
198033750,-74.1761,2668.0000,0.000000,0.000000,0.000000,0.000000
198033796,-74.1761,2668.0000,0.000000,0.000000,0.000000,0.000000
198033843,-74.1761,2668.0000,0.000000,0.000000,0.000000,0.000000
198033875,-74.1761,2668.0000,0.000000,0.000000,0.000000,0.000000
198033921,-74.1761,2668.0000,0.000000,0.000000,0.000000,0.000000
198033968,-74.1761,2668.0000,0.000000,0.000000,0.000000,0.000000
198034015,-74.1761,2668.0000,0.000000,0.000000,0.000000,0.000000
198034062,-74.1761,2668.0000,0.000000,0.000000,0.000000,0.000000
198034109,-74.1761,2668.0000,0.000000,0.000000,0.000000,0.000000
198034156,-74.1761,2668.0000,0.000000,0.000000,0.000000,0.000000
198034203,-74.1761,2668.0000,0.000000,0.000000,0.000000,0.000000
198034234,-74.1761,2668.0000,0.000000,0.000000,0.000000,0.000000
198034546,-74.1761,2668.0000,0.000000,0.000000,0.000000,0.000000
198034593,-74.1761,2668.0000,0.000000,0.000000,0.000000,0.000000
198034625,-74.1761,2668.0000,0.000000,0.000000,0.000000,0.000000
198034687,-74.1761,2668.0000,0.000000,0.000000,0.000000,0.000000
198034734,-74.1761,2668.0000,0.000000,0.000000,0.000000,0.000000
198034781,-74.1761,2668.0000,0.000000,0.000000,0.000000,0.000000
198034812,-74.1761,2668.0000,0.000000,0.000000,0.000000,0.000000
198034859,-74.1761,2668.0000,0.000000,0.000000,0.000000,0.000000
198034906,-74.1761,2668.0000,0.000000,0.000000,0.000000,0.000000
198034953,-74.1761,2668.0000,0.000000,0.000000,0.000000,0.000000
198035000,-74.1761,2668.0000,0.000000,0.000000,0.000000,0.000000
198035031,-74.1761,2668.0007,0.000000,0.000000,0.000000,0.000000
198035078,-74.1761,2668.0000,0.000000,0.000000,0.000000,0.000000
198035125,-74.1761,2668.0000,0.000000,0.000000,0.000000,0.000000
198035171,-74.1761,2668.0000,0.000000,0.000000,0.000000,0.000000
198035218,-74.1761,2668.0000,0.000000,0.000000,0.000000,0.000000
198035265,-74.1761,2668.0000,0.000000,0.000000,0.000000,0.000000
198035531,-74.1761,2668.0000,0.000000,0.000000,0.000000,0.000000
198035593,-74.1761,2668.0000,0.000000,0.000000,0.000000,0.000000
198035640,-74.1761,2668.0000,0.000000,0.000000,0.000000,0.000000
198035671,-74.1761,2668.0000,0.000000,0.000000,0.000000,0.000000
198035718,-74.1761,2668.0007,0.000000,0.000000,0.000000,0.000000
198035765,-74.1761,2668.0000,0.000000,0.000000,0.000000,0.000000
198035828,-74.1761,2668.0000,0.000000,0.000000,0.000000,0.000000
198035875,-74.1761,2668.0000,0.000000,0.000000,0.000000,0.000000
198035921,-74.1761,2668.0007,0.000000,0.000000,0.000000,0.000000
198035968,-74.1761,2668.0007,0.000000,0.000000,0.000000,0.000000
198036015,-74.1761,2668.0000,0.000000,0.000000,0.000000,0.000000
198036062,-74.1761,2668.0000,0.000000,0.000000,0.000000,0.000000
198036109,-74.1761,2668.0000,0.000000,0.000000,0.000000,0.000000
198036156,-74.1761,2668.0007,0.000000,0.000000,0.000000,0.000000
198036187,-74.1761,2668.0000,0.000000,0.000000,0.000000,0.000000
198036234,-74.1761,2668.0000,0.000000,0.000000,0.000000,0.000000
198036281,-74.1761,2668.0000,0.000000,0.000000,0.000000,0.000000
198036328,-74.1761,2668.0000,0.000000,0.000000,0.000000,0.000000
198036375,-74.1761,2668.0000,0.000000,0.000000,0.000000,0.000000
198036421,-74.1761,2668.0000,0.000000,0.000000,0.000000,0.000000
198036468,-74.1761,2668.0000,0.000000,0.000000,0.000000,0.000000
198036515,-74.1761,2668.0000,0.000000,0.000000,0.000000,0.000000
198036562,-74.1761,2668.0007,0.000000,0.000000,0.000000,0.000000
198036609,-74.1761,2668.0000,0.000000,0.000000,0.000000,0.000000
198036640,-74.1761,2668.0000,0.000000,0.000000,0.000000,0.000000
198036687,-74.1761,2668.0000,0.000000,0.000000,0.000000,0.000000
198036734,-74.1761,2668.0007,0.000000,0.000000,0.000000,0.000000
198036781,-74.1761,2668.0007,0.000000,0.000000,0.000000,0.000000
198036828,-74.1761,2668.0007,0.000000,0.000000,0.000000,0.000000
198036859,-74.1761,2668.0007,0.000000,0.000000,0.000000,0.000000
198036906,-74.1761,2668.0000,0.000000,0.000000,0.000000,0.000000
198036953,-74.1761,2668.0000,0.000000,0.000000,0.000000,0.000000
198037000,-74.1761,2668.0007,0.000000,0.000000,0.000000,0.000000
198037046,-74.1761,2668.0000,0.000000,0.000000,0.000000,0.000000
198037078,-74.1761,2668.0000,0.000000,0.000000,0.000000,0.000000
198037125,-74.1761,2668.0007,0.000000,0.000000,0.000000,0.000000
198037171,-74.1761,2668.0007,0.000000,0.000000,0.000000,0.000000
198037218,-74.1761,2668.0007,0.000000,0.000000,0.000000,0.000000
198037265,-74.1761,2668.0007,0.000000,0.000000,0.000000,0.000000
198037296,-74.1761,2668.0007,0.000000,0.000000,0.000000,0.000000
198037343,-74.1761,2668.0000,0.000000,0.000000,0.000000,0.000000
198037390,-74.1761,2668.0007,0.000000,0.000000,0.000000,0.000000
198037437,-74.1761,2668.0007,0.000000,0.000000,0.000000,0.000000
198037484,-74.1761,2668.0007,0.000000,0.000000,0.000000,0.000000
198037531,-74.1761,2668.0000,0.000000,0.000000,0.000000,0.000000
198037578,-74.1761,2668.0007,0.000000,0.000000,0.000000,0.000000
198037625,-74.1761,2668.0000,0.000000,0.000000,0.000000,0.000000
198037671,-74.1761,2668.0007,0.000000,0.000000,0.000000,0.000000
198037718,-74.1761,2668.0000,0.000000,0.000000,0.000000,0.000000
198037750,-74.1761,2668.0000,0.000000,0.000000,0.000000,0.000000
198037796,-74.1761,2668.0007,0.000000,0.000000,0.000000,0.000000
198037843,-74.1761,2668.0000,0.000000,0.000000,0.000000,0.000000
198037890,-74.1761,2668.0007,0.000000,0.000000,0.000000,0.000000
198037937,-74.1761,2668.0007,0.000000,0.000000,0.000000,0.000000
198037968,-74.1761,2668.0000,0.000000,0.000000,0.000000,0.000000
198038015,-74.1761,2668.0007,0.000000,0.000000,0.000000,0.000000
198038062,-74.1761,2668.0007,0.000000,0.000000,0.000000,0.000000
198038109,-74.1761,2668.0007,0.000000,0.000000,0.000000,0.000000
198038156,-74.1761,2668.0000,0.000000,0.000000,0.000000,0.000000
198038187,-74.1761,2668.0000,0.000000,0.000000,0.000000,0.000000
198038234,-74.1761,2668.0007,0.000000,0.000000,0.000000,0.000000
198038281,-74.1761,2668.0007,0.000000,0.000000,0.000000,0.000000
198038328,-74.1761,2668.0007,0.000000,0.000000,0.000000,0.000000
198038375,-74.1761,2668.0007,0.000000,0.000000,0.000000,0.000000
198038406,-74.1761,2668.0007,0.000000,0.000000,0.000000,0.000000
198038453,-74.1761,2668.0007,0.000000,0.000000,0.000000,0.000000
198038515,-74.1761,2668.0007,0.000000,0.000000,0.000000,0.000000
198038562,-74.1761,2668.0007,0.000000,0.000000,0.000000,0.000000
198038593,-74.1761,2668.0007,0.000000,0.000000,0.000000,0.000000
198038640,-74.1761,2668.0000,0.000000,0.000000,0.000000,0.000000
198038687,-74.1761,2668.0007,0.000000,0.000000,0.000000,0.000000
198038734,-74.1761,2668.0007,0.000000,0.000000,0.000000,0.000000
198038765,-74.1761,2668.0007,0.000000,0.000000,0.000000,0.000000
198038812,-74.1761,2668.0007,0.000000,0.000000,0.000000,0.000000
198038859,-74.1761,2668.0007,0.000000,0.000000,0.000000,0.000000
198038906,-74.1761,2668.0007,0.000000,0.000000,0.000000,0.000000
198038953,-74.1761,2668.0007,0.000000,0.000000,0.000000,0.000000
198039000,-74.1761,2668.0007,0.000000,0.000000,0.000000,0.000000
198039046,-74.1761,2668.0007,0.000000,0.000000,0.000000,0.000000
198039078,-74.1761,2668.0007,0.000000,0.000000,0.000000,0.000000
198039125,-74.1761,2668.0007,0.000000,0.000000,0.000000,0.000000
198039171,-74.1761,2668.0007,0.000000,0.000000,0.000000,0.000000
198039218,-74.1761,2668.0007,0.000000,0.000000,0.000000,0.000000
198039265,-74.1761,2668.0000,0.000000,0.000000,0.000000,0.000000
198039296,-74.1761,2668.0007,0.000000,0.000000,0.000000,0.000000
198039343,-74.1761,2668.0007,0.000000,0.000000,0.000000,0.000000
198039406,-74.1761,2668.0007,0.000000,0.000000,0.000000,0.000000
198039453,-74.1761,2668.0007,0.000000,0.000000,0.000000,0.000000
198039500,-74.1761,2668.0007,0.000000,0.000000,0.000000,0.000000
198039546,-74.1761,2668.0007,0.000000,0.000000,0.000000,0.000000
198039593,-74.1761,2668.0007,0.000000,0.000000,0.000000,0.000000
198039640,-74.1761,2668.0007,0.000000,0.000000,0.000000,0.000000
198039671,-74.1761,2668.0007,0.000000,0.000000,0.000000,0.000000
198039718,-74.1761,2668.0007,0.000000,0.000000,0.000000,0.000000
198039765,-74.1761,2668.0007,0.000000,0.000000,0.000000,0.000000
198039812,-74.1761,2668.0007,0.000000,0.000000,0.000000,0.000000
198039859,-74.1761,2668.0007,0.000000,0.000000,0.000000,0.000000
198039890,-74.1761,2668.0000,0.000000,0.000000,0.000000,0.000000
198039937,-74.1761,2668.0007,0.000000,0.000000,0.000000,0.000000
198039984,-74.1761,2668.0007,0.000000,0.000000,0.000000,0.000000
198040031,-74.1761,2668.0007,0.000000,0.000000,0.000000,0.000000
198040062,-74.1761,2668.0007,0.000000,0.000000,0.000000,0.000000
198040109,-74.1761,2668.0007,0.000000,0.000000,0.000000,0.000000
198040156,-74.1761,2668.0007,0.000000,0.000000,0.000000,0.000000
198040203,-74.1761,2668.0007,0.000000,0.000000,0.000000,0.000000
198040234,-74.1761,2668.0007,0.000000,0.000000,0.000000,0.000000
198040296,-74.1761,2668.0007,0.000000,0.000000,0.000000,0.000000
198040343,-74.1761,2668.0007,0.000000,0.000000,0.000000,0.000000
198040390,-74.1761,2668.0007,0.000000,0.000000,0.000000,0.000000
198040437,-74.1761,2668.0007,0.000000,0.000000,0.000000,0.000000
198040484,-74.1761,2668.0007,0.000000,0.000000,0.000000,0.000000
198040531,-74.1761,2668.0007,0.000000,0.000000,0.000000,0.000000
198040578,-74.1761,2668.0007,0.000000,0.000000,0.000000,0.000000
198040609,-74.1761,2668.0007,0.000000,0.000000,0.000000,0.000000
198040656,-74.1761,2668.0007,0.000000,0.000000,0.000000,0.000000
198040703,-74.1761,2668.0007,0.000000,0.000000,0.000000,0.000000
198040750,-74.1761,2668.0007,0.000000,0.000000,0.000000,0.000000
198040796,-74.1761,2668.0000,0.000000,0.000000,0.000000,0.000000
198040843,-74.1761,2668.0007,0.000000,0.000000,0.000000,0.000000
198040875,-74.1761,2668.0007,0.000000,0.000000,0.000000,0.000000
198040921,-74.1761,2668.0007,0.000000,0.000000,0.000000,0.000000
198040968,-74.1761,2668.0007,0.000000,0.000000,0.000000,0.000000
198041000,-74.1761,2668.0007,0.000000,0.000000,0.000000,0.000000
198041046,-74.1761,2668.0007,0.000000,0.000000,0.000000,0.000000
198041093,-74.1761,2668.0007,0.000000,0.000000,0.000000,0.000000
198041140,-74.1761,2668.0007,0.000000,0.000000,0.000000,0.000000
198041187,-74.1761,2668.0007,0.000000,0.000000,0.000000,0.000000
198041234,-74.1761,2668.0007,0.000000,0.000000,0.000000,0.000000
198041265,-74.1761,2668.0007,0.000000,0.000000,0.000000,0.000000
198041312,-74.1761,2668.0007,0.000000,0.000000,0.000000,0.000000
198041359,-74.1761,2668.0007,0.000000,0.000000,0.000000,0.000000
198041406,-74.1761,2668.0007,0.000000,0.000000,0.000000,0.000000
198041437,-74.1761,2668.0007,0.000000,0.000000,0.000000,0.000000
198041484,-74.1761,2668.0007,0.000000,0.000000,0.000000,0.000000
198041578,-74.1761,2668.0007,0.000000,0.000000,0.000000,0.000000
198041625,-74.1761,2668.0007,0.000000,0.000000,0.000000,0.000000
198041671,-74.1761,2668.0007,0.000000,0.000000,0.000000,0.000000
198041718,-74.1761,2668.0007,0.000000,0.000000,0.000000,0.000000
198041750,-74.1761,2668.0007,0.000000,0.000000,0.000000,0.000000
198041796,-74.1761,2668.0000,0.000000,0.000000,0.000000,0.000000
198041843,-74.1761,2668.0007,0.000000,0.000000,0.000000,0.000000
198041890,-74.1761,2668.0007,0.000000,0.000000,0.000000,0.000000
198041921,-74.1761,2668.0007,0.000000,0.000000,0.000000,0.000000
198041968,-74.1761,2668.0007,0.000000,0.000000,0.000000,0.000000
198042015,-74.1761,2668.0007,0.000000,0.000000,0.000000,0.000000
198042046,-74.1761,2668.0007,0.000000,0.000000,0.000000,0.000000
198042109,-74.1761,2668.0007,0.000000,0.000000,0.000000,0.000000
198042156,-74.1761,2668.0007,0.000000,0.000000,0.000000,0.000000
198042203,-74.1761,2668.0007,0.000000,0.000000,0.000000,0.000000
198042234,-74.1761,2668.0007,0.000000,0.000000,0.000000,0.000000
198042281,-74.1761,2668.0007,0.000000,0.000000,0.000000,0.000000
198042328,-74.1761,2668.0007,0.000000,0.000000,0.000000,0.000000
198042375,-74.1761,2668.0007,0.000000,0.000000,0.000000,0.000000
198042421,-74.1761,2668.0007,0.000000,0.000000,0.000000,0.000000
198042453,-74.1761,2668.0007,0.000000,0.000000,0.000000,0.000000
198042500,-74.1761,2668.0007,0.000000,0.000000,0.000000,0.000000
198042562,-74.1761,2668.0007,0.000000,0.000000,0.000000,0.000000
198042593,-74.1761,2668.0007,0.000000,0.000000,0.000000,0.000000
198042640,-74.1761,2668.0007,0.000000,0.000000,0.000000,0.000000
198042687,-74.1761,2668.0007,0.000000,0.000000,0.000000,0.000000
198042734,-74.1761,2668.0007,0.000000,0.000000,0.000000,0.000000
198042781,-74.1761,2668.0007,0.000000,0.000000,0.000000,0.000000
198042812,-74.1761,2668.0007,0.000000,0.000000,0.000000,0.000000
198042859,-74.1761,2668.0007,0.000000,0.000000,0.000000,0.000000
198043140,-74.1761,2668.0007,0.000000,0.000000,0.000000,0.000000
198043187,-74.1761,2668.0007,0.000000,0.000000,0.000000,0.000000
198043250,-74.1761,2668.0007,0.000000,0.000000,0.000000,0.000000
198043296,-74.1761,2668.0007,0.000000,0.000000,0.000000,0.000000
198043328,-74.1761,2668.0007,0.000000,0.000000,0.000000,0.000000
198043375,-74.1761,2668.0007,0.000000,0.000000,0.000000,0.000000
198043421,-74.1761,2668.0007,0.000000,0.000000,0.000000,0.000000
198043468,-74.1761,2668.0007,0.000000,0.000000,0.000000,0.000000
198043500,-74.1761,2668.0007,0.000000,0.000000,0.000000,0.000000
198043546,-74.1761,2668.0007,0.000000,0.000000,0.000000,0.000000
198043593,-74.1761,2668.0007,0.000000,0.000000,0.000000,0.000000
198043640,-74.1761,2668.0007,0.000000,0.000000,0.000000,0.000000
198043687,-74.1761,2668.0007,0.000000,0.000000,0.000000,0.000000
198043734,-74.1761,2668.0007,0.000000,0.000000,0.000000,0.000000
198043765,-74.1761,2668.0007,0.000000,0.000000,0.000000,0.000000
198043812,-74.1761,2668.0007,0.000000,0.000000,0.000000,0.000000
198043843,-74.1761,2668.0007,0.000000,0.000000,0.000000,0.000000
198043890,-74.1761,2668.0007,0.000000,0.000000,0.000000,0.000000
198043937,-74.1761,2668.0007,0.000000,0.000000,0.000000,0.000000
198043984,-74.1761,2668.0007,0.000000,0.000000,0.000000,0.000000
198044031,-74.1761,2668.0007,0.000000,0.000000,0.000000,0.000000
198044078,-74.1761,2668.0007,0.000000,0.000000,0.000000,0.000000
198044140,-74.1761,2668.0007,0.000000,0.000000,0.000000,0.000000
198044171,-74.1761,2668.0007,0.000000,0.000000,0.000000,0.000000
198044218,-74.1761,2668.0007,0.000000,0.000000,0.000000,0.000000
198044265,-74.1761,2668.0007,0.000000,0.000000,0.000000,0.000000
198044312,-74.1761,2668.0007,0.000000,0.000000,0.000000,0.000000
198044359,-74.1761,2668.0007,0.000000,0.000000,0.000000,0.000000
198044390,-74.1761,2668.0007,0.000000,0.000000,0.000000,0.000000
198044437,-74.1761,2668.0007,0.000000,0.000000,0.000000,0.000000
198044484,-74.1761,2668.0007,0.000000,0.000000,0.000000,0.000000
198044531,-74.1761,2668.0007,0.000000,0.000000,0.000000,0.000000
198044578,-74.1761,2668.0007,0.000000,0.000000,0.000000,0.000000
198044625,-74.1761,2668.0007,0.000000,0.000000,0.000000,0.000000
198044671,-74.1761,2668.0007,0.000000,0.000000,0.000000,0.000000
198044703,-74.1761,2668.0007,0.000000,0.000000,0.000000,0.000000
198044750,-74.1761,2668.0007,0.000000,0.000000,0.000000,0.000000
198044796,-74.1761,2668.0007,0.000000,0.000000,0.000000,0.000000
198044843,-74.1761,2668.0007,0.000000,0.000000,0.000000,0.000000
198044875,-74.1761,2668.0000,0.000000,0.000000,0.000000,0.000000
198044921,-74.1761,2668.0007,0.000000,0.000000,0.000000,0.000000
198044953,-74.1761,2668.0007,0.000000,0.000000,0.000000,0.000000
198045015,-74.1761,2668.0007,0.000000,0.000000,0.000000,0.000000
198045062,-74.1761,2668.0007,0.000000,0.000000,0.000000,0.000000
198045093,-74.1761,2668.0007,0.000000,0.000000,0.000000,0.000000
198045140,-74.1761,2668.0007,0.000000,0.000000,0.000000,0.000000
198045171,-74.1761,2668.0007,0.000000,0.000000,0.000000,0.000000
198045218,-74.1761,2668.0007,0.000000,0.000000,0.000000,0.000000
198045265,-74.1761,2668.0007,0.000000,0.000000,0.000000,0.000000
198045312,-74.1761,2668.0007,0.000000,0.000000,0.000000,0.000000
198045359,-74.1761,2668.0007,0.000000,0.000000,0.000000,0.000000
198045390,-74.1761,2668.0007,0.000000,0.000000,0.000000,0.000000
198045437,-74.1761,2668.0007,0.000000,0.000000,0.000000,0.000000
198045484,-74.1761,2668.0007,0.000000,0.000000,0.000000,0.000000
198045531,-74.1761,2668.0007,0.000000,0.000000,0.000000,0.000000
198045578,-74.1761,2668.0007,0.000000,0.000000,0.000000,0.000000
198045609,-74.1761,2668.0000,0.000000,0.000000,0.000000,0.000000
198045656,-74.1761,2668.0007,0.000000,0.000000,0.000000,0.000000
198045703,-74.1761,2668.0007,0.000000,0.000000,0.000000,0.000000
198045734,-74.1761,2668.0007,0.000000,0.000000,0.000000,0.000000
198045781,-74.1761,2668.0007,0.000000,0.000000,0.000000,0.000000
198045828,-74.1761,2668.0007,0.000000,0.000000,0.000000,0.000000
198045890,-74.1761,2668.0000,0.000000,0.000000,0.000000,0.000000
198045921,-74.1761,2668.0007,0.000000,0.000000,0.000000,0.000000
198045968,-74.1761,2668.0007,0.000000,0.000000,0.000000,0.000000
198046015,-74.1761,2668.0007,0.000000,0.000000,0.000000,0.000000
198046062,-74.1761,2668.0007,0.000000,0.000000,0.000000,0.000000
198046109,-74.1761,2668.0007,0.000000,0.000000,0.000000,0.000000
198046156,-74.1761,2668.0007,0.000000,0.000000,0.000000,0.000000
198046187,-74.1761,2668.0007,0.000000,0.000000,0.000000,0.000000
198046234,-74.1761,2668.0007,0.000000,0.000000,0.000000,0.000000
198046312,-74.1761,2668.0007,0.000000,0.000000,0.000000,0.000000
198046375,-74.1761,2668.0007,0.000000,0.000000,0.000000,0.000000
198046437,-74.1761,2668.0007,0.000000,0.000000,0.000000,0.000000
198046500,-74.1761,2668.0007,0.000000,0.000000,0.000000,0.000000
198046546,-74.1761,2668.0007,0.000000,0.000000,0.000000,0.000000
198046609,-74.1761,2668.0007,0.000000,0.000000,0.000000,0.000000
198046656,-74.1761,2668.0007,0.000000,0.000000,0.000000,0.000000
198046703,-74.1761,2668.0007,0.000000,0.000000,0.000000,0.000000
198046781,-74.1761,2668.0007,0.000000,0.000000,0.000000,0.000000
198046828,-74.1761,2668.0007,0.000000,0.000000,0.000000,0.000000
198046875,-74.1761,2668.0007,0.000000,0.000000,0.000000,0.000000
198046937,-74.1761,2668.0007,0.000000,0.000000,0.000000,0.000000
198046968,-74.1761,2668.0007,0.000000,0.000000,0.000000,0.000000
198047015,-74.1761,2668.0007,0.000000,0.000000,0.000000,0.000000
198047062,-74.1761,2668.0007,0.000000,0.000000,0.000000,0.000000
198047093,-74.1761,2668.0007,0.000000,0.000000,0.000000,0.000000
198047140,-74.1761,2668.0007,0.000000,0.000000,0.000000,0.000000
198047187,-74.1761,2668.0007,0.000000,0.000000,0.000000,0.000000
198047234,-74.1761,2668.0007,0.000000,0.000000,0.000000,0.000000
198047265,-74.1761,2668.0007,0.000000,0.000000,0.000000,0.000000
198047312,-74.1761,2668.0007,0.000000,0.000000,0.000000,0.000000
198047359,-74.1761,2668.0007,0.000000,0.000000,0.000000,0.000000
198047406,-74.1761,2668.0007,0.000000,0.000000,0.000000,0.000000
198047453,-74.1761,2668.0007,0.000000,0.000000,0.000000,0.000000
198047484,-74.1761,2668.0007,0.000000,0.000000,0.000000,0.000000
198047531,-74.1761,2668.0007,0.000000,0.000000,0.000000,0.000000
198047578,-74.1761,2668.0007,0.000000,0.000000,0.000000,0.000000
198047625,-74.1761,2668.0007,0.000000,0.000000,0.000000,0.000000
198047671,-74.1761,2668.0007,0.000000,0.000000,0.000000,0.000000
198047703,-74.1761,2668.0007,0.000000,0.000000,0.000000,0.000000
198047750,-74.1761,2668.0007,0.000000,0.000000,0.000000,0.000000
198047812,-74.1761,2668.0007,0.000000,0.000000,0.000000,0.000000
198047843,-74.1761,2668.0007,0.000000,0.000000,0.000000,0.000000
198047890,-74.1761,2668.0007,0.000000,0.000000,0.000000,0.000000
198047937,-74.1761,2668.0007,0.000000,0.000000,0.000000,0.000000
198047968,-74.1761,2668.0000,0.000000,0.000000,0.000000,0.000000
198048015,-74.1761,2668.0007,0.000000,0.000000,0.000000,0.000000
198048062,-74.1761,2668.0007,0.000000,0.000000,0.000000,0.000000
198048093,-74.1761,2668.0007,0.000000,0.000000,0.000000,0.000000
198048140,-74.1761,2668.0007,0.000000,0.000000,0.000000,0.000000
198048187,-74.1761,2668.0007,0.000000,0.000000,0.000000,0.000000
198048234,-74.1761,2668.0007,0.000000,0.000000,0.000000,0.000000
198048281,-74.1761,2668.0007,0.000000,0.000000,0.000000,0.000000
198048328,-74.1761,2668.0007,0.000000,0.000000,0.000000,0.000000
198048359,-74.1761,2668.0007,0.000000,0.000000,0.000000,0.000000
198048406,-74.1761,2668.0007,0.000000,0.000000,0.000000,0.000000
198048453,-74.1761,2668.0007,0.000000,0.000000,0.000000,0.000000
198048500,-74.1761,2668.0007,0.000000,0.000000,0.000000,0.000000
198048531,-74.1761,2668.0007,0.000000,0.000000,0.000000,0.000000
198048578,-74.1761,2668.0007,0.000000,0.000000,0.000000,0.000000
198048625,-74.1761,2668.0007,0.000000,0.000000,0.000000,0.000000
198048671,-74.1761,2668.0007,0.000000,0.000000,0.000000,0.000000
198048718,-74.1761,2668.0007,0.000000,0.000000,0.000000,0.000000
198048765,-74.1761,2668.0007,0.000000,0.000000,0.000000,0.000000
198048796,-74.1761,2668.0007,0.000000,0.000000,0.000000,0.000000
198048843,-74.1761,2668.0007,0.000000,0.000000,0.000000,0.000000
198048890,-74.1761,2668.0007,0.000000,0.000000,0.000000,0.000000
198048921,-74.1761,2668.0007,0.000000,0.000000,0.000000,0.000000
198048968,-74.1761,2668.0007,0.000000,0.000000,0.000000,0.000000
198049015,-74.1761,2668.0007,0.000000,0.000000,0.000000,0.000000
198049046,-74.1761,2668.0007,0.000000,0.000000,0.000000,0.000000
198049093,-74.1761,2668.0007,0.000000,0.000000,0.000000,0.000000
198049140,-74.1761,2668.0007,0.000000,0.000000,0.000000,0.000000
198049171,-74.1761,2668.0007,0.000000,0.000000,0.000000,0.000000
198049218,-74.1761,2668.0007,0.000000,0.000000,0.000000,0.000000
198049265,-74.1761,2668.0007,0.000000,0.000000,0.000000,0.000000
198049312,-74.1761,2668.0007,0.000000,0.000000,0.000000,0.000000
198049343,-74.1761,2668.0007,0.000000,0.000000,0.000000,0.000000
198049390,-74.1761,2668.0007,0.000000,0.000000,0.000000,0.000000
198049437,-74.1761,2668.0007,0.000000,0.000000,0.000000,0.000000
198049468,-74.1761,2668.0007,0.000000,0.000000,0.000000,0.000000
198049531,-74.1761,2668.0007,0.000000,0.000000,0.000000,0.000000
198049578,-74.1761,2668.0007,0.000000,0.000000,0.000000,0.000000
198049609,-74.1761,2668.0007,0.000000,0.000000,0.000000,0.000000
198049656,-74.1761,2668.0007,0.000000,0.000000,0.000000,0.000000
198049703,-74.1761,2668.0007,0.000000,0.000000,0.000000,0.000000
198049750,-74.1761,2668.0007,0.000000,0.000000,0.000000,0.000000
198049781,-74.1761,2668.0007,0.000000,0.000000,0.000000,0.000000
198049828,-74.1761,2668.0007,0.000000,0.000000,0.000000,0.000000
198049875,-74.1761,2668.0007,0.000000,0.000000,0.000000,0.000000
198049906,-74.1761,2668.0007,0.000000,0.000000,0.000000,0.000000
198049953,-74.1761,2668.0007,0.000000,0.000000,0.000000,0.000000
198050000,-74.1761,2668.0007,0.000000,0.000000,0.000000,0.000000
198050046,-74.1761,2668.0007,0.000000,0.000000,0.000000,0.000000
198050078,-74.1761,2668.0007,0.000000,0.000000,0.000000,0.000000
198050125,-74.1761,2668.0007,0.000000,0.000000,0.000000,0.000000
198050171,-74.1761,2668.0007,0.000000,0.000000,0.000000,0.000000
198050203,-74.1761,2668.0007,0.000000,0.000000,0.000000,0.000000
198050250,-74.1761,2668.0007,0.000000,0.000000,0.000000,0.000000
198050296,-74.1761,2668.0007,0.000000,0.000000,0.000000,0.000000
198050328,-74.1761,2668.0007,0.000000,0.000000,0.000000,0.000000
198050390,-74.1761,2668.0007,0.000000,0.000000,0.000000,0.000000
198050437,-74.1761,2668.0007,0.000000,0.000000,0.000000,0.000000
198050468,-74.1761,2668.0007,0.000000,0.000000,0.000000,0.000000
198050515,-74.1761,2668.0007,0.000000,0.000000,0.000000,0.000000
198050546,-74.1761,2668.0007,0.000000,0.000000,0.000000,0.000000
198050593,-74.1761,2668.0007,0.000000,0.000000,0.000000,0.000000
198050640,-74.1761,2668.0007,0.000000,0.000000,0.000000,0.000000
198050687,-74.1761,2668.0007,0.000000,0.000000,0.000000,0.000000
198050953,-74.1761,2668.0007,0.000000,0.000000,0.000000,0.000000
198051000,-74.1761,2668.0007,0.000000,0.000000,0.000000,0.000000
198051046,-74.1761,2668.0007,0.000000,0.000000,0.000000,0.000000
198051078,-74.1761,2668.0007,0.000000,0.000000,0.000000,0.000000
198051125,-74.1761,2668.0007,0.000000,0.000000,0.000000,0.000000
198051171,-74.1761,2668.0007,0.000000,0.000000,0.000000,0.000000
198051203,-74.1761,2668.0007,0.000000,0.000000,0.000000,0.000000
198051265,-74.1761,2668.0007,0.000000,0.000000,0.000000,0.000000
198051296,-74.1761,2668.0007,0.000000,0.000000,0.000000,0.000000
198051343,-74.1761,2668.0007,0.000000,0.000000,0.000000,0.000000
198051375,-74.1761,2668.0007,0.000000,0.000000,0.000000,0.000000
198051421,-74.1761,2668.0007,0.000000,0.000000,0.000000,0.000000
198051484,-74.1761,2668.0007,0.000000,0.000000,0.000000,0.000000
198051515,-74.1761,2668.0007,0.000000,0.000000,0.000000,0.000000
198051562,-74.1761,2668.0007,0.000000,0.000000,0.000000,0.000000
198051609,-74.1761,2668.0007,0.000000,0.000000,0.000000,0.000000
198051640,-74.1761,2668.0007,0.000000,0.000000,0.000000,0.000000
198051687,-74.1761,2668.0007,0.000000,0.000000,0.000000,0.000000
198051734,-74.1761,2668.0007,0.000000,0.000000,0.000000,0.000000
198051781,-74.1761,2668.0007,0.000000,0.000000,0.000000,0.000000
198051812,-74.1761,2668.0007,0.000000,0.000000,0.000000,0.000000
198051859,-74.1761,2668.0007,0.000000,0.000000,0.000000,0.000000
198051921,-74.1761,2668.0007,0.000000,0.000000,0.000000,0.000000
198051953,-74.1761,2668.0007,0.000000,0.000000,0.000000,0.000000
198052000,-74.1761,2668.0007,0.000000,0.000000,0.000000,0.000000
198052031,-74.1761,2668.0007,0.000000,0.000000,0.000000,0.000000
198052078,-74.1761,2668.0007,0.000000,0.000000,0.000000,0.000000
198052125,-74.1761,2668.0007,0.000000,0.000000,0.000000,0.000000
198052171,-74.1761,2668.0007,0.000000,0.000000,0.000000,0.000000
198052203,-74.1761,2668.0007,0.000000,0.000000,0.000000,0.000000
198052250,-74.1761,2668.0007,0.000000,0.000000,0.000000,0.000000
198052281,-74.1761,2668.0007,0.000000,0.000000,0.000000,0.000000
198052343,-74.1761,2668.0007,0.000000,0.000000,0.000000,0.000000
198052375,-74.1761,2668.0007,0.000000,0.000000,0.000000,0.000000
198052421,-74.1761,2668.0007,0.000000,0.000000,0.000000,0.000000
198052468,-74.1761,2668.0007,0.000000,0.000000,0.000000,0.000000
198052500,-74.1761,2668.0007,0.000000,0.000000,0.000000,0.000000
198052546,-74.1761,2668.0007,0.000000,0.000000,0.000000,0.000000
198052593,-74.1761,2668.0007,0.000000,0.000000,0.000000,0.000000
198052625,-74.1761,2668.0007,0.000000,0.000000,0.000000,0.000000
198052671,-74.1761,2668.0007,0.000000,0.000000,0.000000,0.000000
198052718,-74.1761,2668.0007,0.000000,0.000000,0.000000,0.000000
198052765,-74.1761,2668.0007,0.000000,0.000000,0.000000,0.000000
198052812,-74.1761,2668.0007,0.000000,0.000000,0.000000,0.000000
198052843,-74.1761,2668.0007,0.000000,0.000000,0.000000,0.000000
198052890,-74.1761,2668.0007,0.000000,0.000000,0.000000,0.000000
198052937,-74.1761,2668.0007,0.000000,0.000000,0.000000,0.000000
198052968,-74.1761,2668.0007,0.000000,0.000000,0.000000,0.000000
198053015,-74.1761,2668.0007,0.000000,0.000000,0.000000,0.000000
198053062,-74.1761,2668.0007,0.000000,0.000000,0.000000,0.000000
198053093,-74.1761,2668.0007,0.000000,0.000000,0.000000,0.000000
198053140,-74.1761,2668.0007,0.000000,0.000000,0.000000,0.000000
198053203,-74.1761,2668.0007,0.000000,0.000000,0.000000,0.000000
198053234,-74.1761,2668.0007,0.000000,0.000000,0.000000,0.000000
198053281,-74.1761,2668.0007,0.000000,0.000000,0.000000,0.000000
198053312,-74.1761,2668.0007,0.000000,0.000000,0.000000,0.000000
198053359,-74.1761,2668.0007,0.000000,0.000000,0.000000,0.000000
198053406,-74.1761,2668.0007,0.000000,0.000000,0.000000,0.000000
198053453,-74.1761,2668.0007,0.000000,0.000000,0.000000,0.000000
198053500,-74.1761,2668.0007,0.000000,0.000000,0.000000,0.000000
198053531,-74.1761,2668.0007,0.000000,0.000000,0.000000,0.000000
198053578,-74.1761,2668.0007,0.000000,0.000000,0.000000,0.000000
198053625,-74.1761,2668.0007,0.000000,0.000000,0.000000,0.000000
198053671,-74.1761,2668.0007,0.000000,0.000000,0.000000,0.000000
198053703,-74.1761,2668.0007,0.000000,0.000000,0.000000,0.000000
198053750,-74.1761,2668.0007,0.000000,0.000000,0.000000,0.000000
198053796,-74.1761,2668.0007,0.000000,0.000000,0.000000,0.000000
198053843,-74.1761,2668.0007,0.000000,0.000000,0.000000,0.000000
198053875,-74.1761,2668.0007,0.000000,0.000000,0.000000,0.000000
198053921,-74.1761,2668.0007,0.000000,0.000000,0.000000,0.000000
198053968,-74.1761,2668.0007,0.000000,0.000000,0.000000,0.000000
198054000,-74.1761,2668.0007,0.000000,0.000000,0.000000,0.000000
198054078,-74.1761,2668.0007,0.000000,0.000000,0.000000,0.000000
198054109,-74.1761,2668.0007,0.000000,0.000000,0.000000,0.000000
198054156,-74.1761,2668.0007,0.000000,0.000000,0.000000,0.000000
198054187,-74.1761,2668.0007,0.000000,0.000000,0.000000,0.000000
198054234,-74.1761,2668.0007,0.000000,0.000000,0.000000,0.000000
198054281,-74.1761,2668.0007,0.000000,0.000000,0.000000,0.000000
198054312,-74.1761,2668.0007,0.000000,0.000000,0.000000,0.000000
198054359,-74.1761,2668.0007,0.000000,0.000000,0.000000,0.000000
198054406,-74.1761,2668.0007,0.000000,0.000000,0.000000,0.000000
198054453,-74.1761,2668.0007,0.000000,0.000000,0.000000,0.000000
198054500,-74.1761,2668.0007,0.000000,0.000000,0.000000,0.000000
198054546,-74.1761,2668.0007,0.000000,0.000000,0.000000,0.000000
198054593,-74.1761,2668.0007,0.000000,0.000000,0.000000,0.000000
198054625,-74.1761,2668.0007,0.000000,0.000000,0.000000,0.000000
198054671,-74.1761,2668.0007,0.000000,0.000000,0.000000,0.000000
198054718,-74.1761,2668.0007,0.000000,0.000000,0.000000,0.000000
198054750,-74.1761,2668.0007,0.000000,0.000000,0.000000,0.000000
198054796,-74.1761,2668.0007,0.000000,0.000000,0.000000,0.000000
198054843,-74.1761,2668.0007,0.000000,0.000000,0.000000,0.000000
198054875,-74.1761,2668.0007,0.000000,0.000000,0.000000,0.000000
198054937,-74.1761,2668.0007,0.000000,0.000000,0.000000,0.000000
198054984,-74.1761,2668.0007,0.000000,0.000000,0.000000,0.000000
198055015,-74.1761,2668.0007,0.000000,0.000000,0.000000,0.000000
198055062,-74.1761,2668.0007,0.000000,0.000000,0.000000,0.000000
198055109,-74.1761,2668.0007,0.000000,0.000000,0.000000,0.000000
198055156,-74.1761,2668.0007,0.000000,0.000000,0.000000,0.000000
198055203,-74.1761,2668.0007,0.000000,0.000000,0.000000,0.000000
198055234,-74.1761,2668.0007,0.000000,0.000000,0.000000,0.000000
198055281,-74.1761,2668.0007,0.000000,0.000000,0.000000,0.000000
198055328,-74.1761,2668.0007,0.000000,0.000000,0.000000,0.000000
198055375,-74.1761,2668.0007,0.000000,0.000000,0.000000,0.000000
198055406,-74.1761,2668.0007,0.000000,0.000000,0.000000,0.000000
198055453,-74.1761,2668.0007,0.000000,0.000000,0.000000,0.000000
198055484,-74.1761,2668.0007,0.000000,0.000000,0.000000,0.000000
198055531,-74.1761,2668.0007,0.000000,0.000000,0.000000,0.000000
198055578,-74.1761,2668.0007,0.000000,0.000000,0.000000,0.000000
198055625,-74.1761,2668.0007,0.000000,0.000000,0.000000,0.000000
198055671,-74.1761,2668.0007,0.000000,0.000000,0.000000,0.000000
198055718,-74.1761,2668.0007,0.000000,0.000000,0.000000,0.000000
198055750,-74.1761,2668.0007,0.000000,0.000000,0.000000,0.000000
198055812,-74.1761,2668.0007,0.000000,0.000000,0.000000,0.000000
198055859,-74.1761,2668.0007,0.000000,0.000000,0.000000,0.000000
198055906,-74.1761,2668.0007,0.000000,0.000000,0.000000,0.000000
198055937,-74.1761,2668.0007,0.000000,0.000000,0.000000,0.000000
198055984,-74.1761,2668.0000,0.000000,0.000000,0.000000,0.000000
198056031,-74.1761,2668.0007,0.000000,0.000000,0.000000,0.000000
198056078,-74.1761,2668.0007,0.000000,0.000000,0.000000,0.000000
198056125,-74.1761,2668.0007,0.000000,0.000000,0.000000,0.000000
198056171,-74.1761,2668.0007,0.000000,0.000000,0.000000,0.000000
198056203,-74.1761,2668.0007,0.000000,0.000000,0.000000,0.000000
198056265,-74.1761,2668.0007,0.000000,0.000000,0.000000,0.000000
198056312,-74.1761,2668.0007,0.000000,0.000000,0.000000,0.000000
198056359,-74.1761,2668.0007,0.000000,0.000000,0.000000,0.000000
198056390,-74.1761,2668.0007,0.000000,0.000000,0.000000,0.000000
198056437,-74.1761,2668.0007,0.000000,0.000000,0.000000,0.000000
198056484,-74.1761,2668.0007,0.000000,0.000000,0.000000,0.000000
198056531,-74.1761,2668.0007,0.000000,0.000000,0.000000,0.000000
198056578,-74.1761,2668.0000,0.000000,0.000000,0.000000,0.000000
198056609,-74.1761,2668.0007,0.000000,0.000000,0.000000,0.000000
198056656,-74.1761,2668.0000,0.000000,0.000000,0.000000,0.000000
198056718,-74.1761,2668.0000,0.000000,0.000000,0.000000,0.000000
198056765,-74.1761,2668.0000,0.000000,0.000000,0.000000,0.000000
198056812,-74.1761,2667.9981,0.000000,0.000000,0.000000,0.000000
198056843,-74.1761,2667.9956,0.000000,0.000000,0.000000,0.000000
198056890,-74.1761,2667.9924,0.000000,0.000000,0.000000,0.000000
198056937,-74.1761,2667.9892,0.000000,0.000000,0.000000,0.000000
198056984,-74.1761,2667.9847,0.000000,0.000000,0.000000,0.000000
198057015,-74.1761,2667.9771,0.000000,0.000000,0.000000,0.000000
198057062,-74.1761,2667.9707,0.000000,0.000000,0.000000,0.000000
198057093,-74.1761,2667.9643,0.000000,0.000000,0.000000,0.000000
198057156,-74.1761,2667.9566,0.000000,0.000000,0.000000,0.000000
198057187,-74.1761,2667.9496,0.000000,0.000000,0.000000,0.000000
198057234,-74.1761,2667.9451,0.000000,0.000000,0.000000,0.000000
198057281,-74.1761,2667.9394,0.000000,0.000000,0.000000,0.000000
198057312,-74.1761,2667.9343,0.000000,0.000000,0.000000,0.000000
198057359,-74.1761,2667.9317,0.000000,0.000000,0.000000,0.000000
198057406,-74.1761,2667.9311,0.000000,0.000000,0.000000,0.000000
198057453,-74.1761,2667.9304,0.000000,0.000000,0.000000,0.000000
198057484,-74.1761,2667.9304,0.000000,0.000000,0.000000,0.000000
198057531,-74.1761,2667.9291,0.000000,0.000000,0.000000,0.000000
198057593,-74.1761,2667.9285,0.000000,0.000000,0.000000,0.000000
198057640,-74.1761,2667.9285,0.000000,0.000000,0.000000,0.000000
198057687,-74.1761,2667.9311,0.000000,0.000000,0.000000,0.000000
198057718,-74.1761,2667.9598,0.000000,0.000000,0.000000,0.000000
198057765,-74.1761,2667.9943,0.000000,0.000000,0.000000,0.000000
198057812,-74.1761,2668.0109,0.000000,0.000000,0.000000,0.000000
198057859,-74.1761,2668.0135,0.000000,0.000000,0.000000,0.000000
198057906,-74.1761,2668.0141,0.000000,0.000000,0.000000,0.000000
198057953,-74.1761,2668.0141,0.000000,0.000000,0.000000,0.000000
198057984,-74.1761,2668.0141,0.000000,0.000000,0.000000,0.000000
198058031,-74.1761,2668.0141,0.000000,0.000000,0.000000,0.000000
198058078,-74.1761,2668.0141,0.000000,0.000000,0.000000,0.000000
198058109,-74.1761,2668.0141,0.000000,0.000000,0.000000,0.000000
198058156,-74.1761,2668.0141,0.000000,0.000000,0.000000,0.000000
198058203,-74.1761,2668.0141,0.000000,0.000000,0.000000,0.000000
198058250,-74.1761,2668.0141,0.000000,0.000000,0.000000,0.000000
198058296,-74.1761,2668.0141,0.000000,0.000000,0.000000,0.000000
198058328,-74.1761,2668.0141,0.000000,0.000000,0.000000,0.000000
198058375,-74.1761,2668.0141,0.000000,0.000000,0.000000,0.000000
198058421,-74.1761,2668.0141,0.000000,0.000000,0.000000,0.000000
198058484,-74.1761,2668.0135,0.000000,0.000000,0.000000,0.000000
198058531,-74.1761,2668.0135,0.000000,0.000000,0.000000,0.000000
198058578,-74.1761,2668.0135,0.000000,0.000000,0.000000,0.000000
198058609,-74.1761,2668.0135,0.000000,0.000000,0.000000,0.000000
198058656,-74.1761,2668.0135,0.000000,0.000000,0.000000,0.000000
198058703,-74.1761,2668.0135,0.000000,0.000000,0.000000,0.000000
198058750,-74.1761,2668.0135,0.000000,0.000000,0.000000,0.000000
198058781,-74.1761,2668.0135,0.000000,0.000000,0.000000,0.000000
198058828,-74.1761,2668.0135,0.000000,0.000000,0.000000,0.000000
198058875,-74.1761,2668.0128,0.000000,0.000000,0.000000,0.000000
198058921,-74.1761,2668.0128,0.000000,0.000000,0.000000,0.000000
198058968,-74.1761,2668.0128,0.000000,0.000000,0.000000,0.000000
198059015,-74.1761,2668.0128,0.000000,0.000000,0.000000,0.000000
198059046,-74.1761,2668.0128,0.000000,0.000000,0.000000,0.000000
198059093,-74.1761,2668.0122,0.000000,0.000000,0.000000,0.000000
198059140,-74.1761,2668.0103,0.000000,0.000000,0.000000,0.000000
198059187,-74.1761,2668.0103,0.000000,0.000000,0.000000,0.000000
198059218,-74.1761,2668.0103,0.000000,0.000000,0.000000,0.000000
198059265,-74.1761,2668.0103,0.000000,0.000000,0.000000,0.000000
198059296,-74.1761,2668.0103,0.000000,0.000000,0.000000,0.000000
198059359,-74.1761,2668.0103,0.000000,0.000000,0.000000,0.000000
198059406,-74.1761,2668.0103,0.000000,0.000000,0.000000,0.000000
198059453,-74.1761,2668.0103,0.000000,0.000000,0.000000,0.000000
198059484,-74.1761,2668.0103,0.000000,0.000000,0.000000,0.000000
198059531,-74.1761,2668.0103,0.000000,0.000000,0.000000,0.000000
198059578,-74.1761,2668.0103,0.000000,0.000000,0.000000,0.000000
198059625,-74.1761,2668.0096,0.000000,0.000000,0.000000,0.000000
198059656,-74.1761,2668.0096,0.000000,0.000000,0.000000,0.000000
198059703,-74.1761,2668.0096,0.000000,0.000000,0.000000,0.000000
198059750,-74.1761,2668.0096,0.000000,0.000000,0.000000,0.000000
198059796,-74.1761,2668.0096,0.000000,0.000000,0.000000,0.000000
198059843,-74.1781,2668.0090,0.000000,0.000000,0.000000,0.000000
198059890,-74.1779,2668.0090,0.000000,0.000000,0.000000,0.000000
198059921,-74.1778,2668.0090,0.000000,0.000000,0.000000,0.000000
198059968,-74.1775,2668.0090,0.000000,0.000000,0.000000,0.000000
198060015,-74.1775,2668.0084,0.000000,0.000000,0.000000,0.000000
198060062,-74.1776,2668.0084,0.000000,0.000000,0.000000,0.000000
198060093,-74.1776,2668.0084,0.000000,0.000000,0.000000,0.000000
198060140,-74.1775,2668.0077,0.000000,0.000000,0.000000,0.000000
198060187,-74.1773,2668.0077,0.000000,0.000000,0.000000,0.000000
198060234,-74.1770,2668.0077,0.000000,0.000000,0.000000,0.000000
198060281,-74.1767,2668.0071,0.000000,0.000000,0.000000,0.000000
198060328,-74.1765,2668.0071,0.000000,0.000000,0.000000,0.000000
198060375,-74.1761,2668.0071,0.000000,0.000000,0.000000,0.000000
198060406,-74.1753,2668.0071,0.000000,0.000000,0.000000,0.000000
198060453,-74.1742,2668.0064,0.000000,0.000000,0.000000,0.000000
198060500,-74.1739,2668.0064,0.000000,0.000000,0.000000,0.000000
198060546,-74.1739,2668.0064,0.000000,0.000000,0.000000,0.000000
198060593,-74.1742,2668.0064,0.000000,0.000000,0.000000,0.000000
198060625,-74.1747,2668.0058,0.000000,0.000000,0.000000,0.000000
198060687,-74.1751,2668.0058,0.000000,0.000000,0.000000,0.000000
198060734,-74.1755,2668.0058,0.000000,0.000000,0.000000,0.000000
198060781,-74.1756,2668.0058,0.000000,0.000000,0.000000,0.000000
198060828,-74.1758,2668.0058,0.000000,0.000000,0.000000,0.000000
198060859,-74.1758,2668.0052,0.000000,0.000000,0.000000,0.000000
198060906,-74.1759,2668.0052,0.000000,0.000000,0.000000,0.000000
198060953,-74.1759,2668.0052,0.000000,0.000000,0.000000,0.000000
198061000,-74.1759,2668.0052,0.000000,0.000000,0.000000,0.000000
198061031,-74.1761,2668.0052,0.000000,0.000000,0.000000,0.000000
198061078,-74.1761,2668.0045,0.000000,0.000000,0.000000,0.000000
198061140,-74.1761,2668.0045,0.000000,0.000000,0.000000,0.000000
198061187,-74.1761,2668.0045,0.000000,0.000000,0.000000,0.000000
198061218,-74.1761,2668.0045,0.000000,0.000000,0.000000,0.000000
198061265,-74.1761,2668.0045,0.000000,0.000000,0.000000,0.000000
198061312,-74.1761,2668.0039,0.000000,0.000000,0.000000,0.000000
198061359,-74.1761,2668.0039,0.000000,0.000000,0.000000,0.000000
198061406,-74.1761,2668.0039,0.000000,0.000000,0.000000,0.000000
198061437,-74.1761,2668.0039,0.000000,0.000000,0.000000,0.000000
198061484,-74.1761,2668.0039,0.000000,0.000000,0.000000,0.000000
198061531,-74.1761,2668.0039,0.000000,0.000000,0.000000,0.000000
198061578,-74.1761,2668.0032,0.000000,0.000000,0.000000,0.000000
198061625,-74.1761,2668.0032,0.000000,0.000000,0.000000,0.000000
198061671,-74.1761,2668.0032,0.000000,0.000000,0.000000,0.000000
198061703,-74.1761,2668.0032,0.000000,0.000000,0.000000,0.000000
198061750,-74.1761,2668.0032,0.000000,0.000000,0.000000,0.000000
198061796,-74.1761,2668.0032,0.000000,0.000000,0.000000,0.000000
198061843,-74.1761,2668.0032,0.000000,0.000000,0.000000,0.000000
198061890,-74.1761,2668.0032,0.000000,0.000000,0.000000,0.000000
198061921,-74.1761,2668.0026,0.000000,0.000000,0.000000,0.000000
198061968,-74.1761,2668.0026,0.000000,0.000000,0.000000,0.000000
198062031,-74.1761,2668.0026,0.000000,0.000000,0.000000,0.000000
198062078,-74.1761,2668.0026,0.000000,0.000000,0.000000,0.000000
198062109,-74.1761,2668.0026,0.000000,0.000000,0.000000,0.000000
198062156,-74.1761,2668.0026,0.000000,0.000000,0.000000,0.000000
198062203,-74.1761,2668.0026,0.000000,0.000000,0.000000,0.000000
198062250,-74.1761,2668.0026,0.000000,0.000000,0.000000,0.000000
198062281,-74.1761,2668.0026,0.000000,0.000000,0.000000,0.000000
198062328,-74.1761,2668.0020,0.000000,0.000000,0.000000,0.000000
198062375,-74.1761,2668.0020,0.000000,0.000000,0.000000,0.000000
198062421,-74.1761,2668.0020,0.000000,0.000000,0.000000,0.000000
198062468,-74.1761,2668.0020,0.000000,0.000000,0.000000,0.000000
198062515,-74.1761,2668.0020,0.000000,0.000000,0.000000,0.000000
198062546,-74.1761,2668.0020,0.000000,0.000000,0.000000,0.000000
198062593,-74.1761,2668.0020,0.000000,0.000000,0.000000,0.000000
198062640,-74.1761,2668.0020,0.000000,0.000000,0.000000,0.000000
198062687,-74.1761,2668.0020,0.000000,0.000000,0.000000,0.000000
198062718,-74.1761,2668.0020,0.000000,0.000000,0.000000,0.000000
198062765,-74.1761,2668.0020,0.000000,0.000000,0.000000,0.000000
198062812,-74.1761,2668.0020,0.000000,0.000000,0.000000,0.000000
198062859,-74.1761,2668.0020,0.000000,0.000000,0.000000,0.000000
198062921,-74.1761,2668.0020,0.000000,0.000000,0.000000,0.000000
198062968,-74.1761,2668.0020,0.000000,0.000000,0.000000,0.000000
198063015,-74.1761,2668.0013,0.000000,0.000000,0.000000,0.000000
198063046,-74.1761,2668.0013,0.000000,0.000000,0.000000,0.000000
198063093,-74.1761,2668.0013,0.000000,0.000000,0.000000,0.000000
198063140,-74.1761,2668.0013,0.000000,0.000000,0.000000,0.000000
198063187,-74.1761,2668.0013,0.000000,0.000000,0.000000,0.000000
198063218,-74.1761,2668.0013,0.000000,0.000000,0.000000,0.000000
198063265,-74.1761,2668.0013,0.000000,0.000000,0.000000,0.000000
198063296,-74.1761,2668.0013,0.000000,0.000000,0.000000,0.000000
198063359,-74.1761,2668.0013,0.000000,0.000000,0.000000,0.000000
198063406,-74.1761,2668.0013,0.000000,0.000000,0.000000,0.000000
198063437,-74.1761,2668.0013,0.000000,0.000000,0.000000,0.000000
198063484,-74.1761,2668.0013,0.000000,0.000000,0.000000,0.000000
198063531,-74.1761,2668.0013,0.000000,0.000000,0.000000,0.000000
198063578,-74.1761,2668.0013,0.000000,0.000000,0.000000,0.000000
198063625,-74.1761,2668.0013,0.000000,0.000000,0.000000,0.000000
198063671,-74.1761,2668.0013,0.000000,0.000000,0.000000,0.000000
198063718,-74.1761,2668.0013,0.000000,0.000000,0.000000,0.000000
198063750,-74.1761,2668.0013,0.000000,0.000000,0.000000,0.000000
198063812,-74.1761,2668.0013,0.000000,0.000000,0.000000,0.000000
198063859,-74.1761,2668.0013,0.000000,0.000000,0.000000,0.000000
198063906,-74.1761,2668.0007,0.000000,0.000000,0.000000,0.000000
198063953,-74.1761,2668.0007,0.000000,0.000000,0.000000,0.000000
198063984,-74.1761,2668.0007,0.000000,0.000000,0.000000,0.000000
198064031,-74.1761,2668.0007,0.000000,0.000000,0.000000,0.000000
198064078,-74.1761,2668.0007,0.000000,0.000000,0.000000,0.000000
198064109,-74.1761,2668.0007,0.000000,0.000000,0.000000,0.000000
198064156,-74.1761,2668.0007,0.000000,0.000000,0.000000,0.000000
198064203,-74.1761,2668.0007,0.000000,0.000000,0.000000,0.000000
198064250,-74.1761,2668.0007,0.000000,0.000000,0.000000,0.000000
198064296,-74.1761,2668.0007,0.000000,0.000000,0.000000,0.000000
198064343,-74.1761,2668.0007,0.000000,0.000000,0.000000,0.000000
198064390,-74.1761,2668.0007,0.000000,0.000000,0.000000,0.000000
198064437,-74.1761,2668.0007,0.000000,0.000000,0.000000,0.000000
198064468,-74.1761,2668.0007,0.000000,0.000000,0.000000,0.000000
198064515,-74.1761,2668.0007,0.000000,0.000000,0.000000,0.000000
198064562,-74.1761,2668.0007,0.000000,0.000000,0.000000,0.000000
198064593,-74.1761,2668.0007,0.000000,0.000000,0.000000,0.000000
198064640,-74.1761,2668.0007,0.000000,0.000000,0.000000,0.000000
198064703,-74.1761,2668.0007,0.000000,0.000000,0.000000,0.000000
198064750,-74.1761,2668.0007,0.000000,0.000000,0.000000,0.000000
198064781,-74.1761,2668.0007,0.000000,0.000000,0.000000,0.000000
198064828,-74.1761,2668.0007,0.000000,0.000000,0.000000,0.000000
198064875,-74.1761,2668.0007,0.000000,0.000000,0.000000,0.000000
198064921,-74.1761,2668.0007,0.000000,0.000000,0.000000,0.000000
198064968,-74.1761,2668.0007,0.000000,0.000000,0.000000,0.000000
198065000,-74.1761,2668.0007,0.000000,0.000000,0.000000,0.000000
198065046,-74.1761,2668.0007,0.000000,0.000000,0.000000,0.000000
198065093,-74.1761,2668.0007,0.000000,0.000000,0.000000,0.000000
198065156,-74.1761,2668.0007,0.000000,0.000000,0.000000,0.000000
198065187,-74.1761,2668.0007,0.000000,0.000000,0.000000,0.000000
198065234,-74.1761,2668.0007,0.000000,0.000000,0.000000,0.000000
198065281,-74.1761,2668.0007,0.000000,0.000000,0.000000,0.000000
198065328,-74.1761,2668.0007,0.000000,0.000000,0.000000,0.000000
198065375,-74.1761,2668.0007,0.000000,0.000000,0.000000,0.000000
198065406,-74.1761,2668.0007,0.000000,0.000000,0.000000,0.000000
198065453,-74.1761,2668.0007,0.000000,0.000000,0.000000,0.000000
198065500,-74.1761,2668.0007,0.000000,0.000000,0.000000,0.000000
198065531,-74.1761,2668.0007,0.000000,0.000000,0.000000,0.000000
198065593,-74.1761,2668.0007,0.000000,0.000000,0.000000,0.000000
198065640,-74.1761,2668.0007,0.000000,0.000000,0.000000,0.000000
198065687,-74.1761,2668.0007,0.000000,0.000000,0.000000,0.000000
198065718,-74.1761,2668.0007,0.000000,0.000000,0.000000,0.000000
198065765,-74.1761,2668.0007,0.000000,0.000000,0.000000,0.000000
198065812,-74.1761,2668.0007,0.000000,0.000000,0.000000,0.000000
198065859,-74.1761,2668.0007,0.000000,0.000000,0.000000,0.000000
198065906,-74.1761,2668.0007,0.000000,0.000000,0.000000,0.000000
198065953,-74.1761,2668.0007,0.000000,0.000000,0.000000,0.000000
198066000,-74.1761,2668.0007,0.000000,0.000000,0.000000,0.000000
198066046,-74.1761,2668.0007,0.000000,0.000000,0.000000,0.000000
198066078,-74.1761,2668.0007,0.000000,0.000000,0.000000,0.000000
198066125,-74.1761,2668.0007,0.000000,0.000000,0.000000,0.000000
198066171,-74.1761,2668.0007,0.000000,0.000000,0.000000,0.000000
198066218,-74.1761,2668.0007,0.000000,0.000000,0.000000,0.000000
198066265,-74.1761,2668.0007,0.000000,0.000000,0.000000,0.000000
198066312,-74.1761,2668.0007,0.000000,0.000000,0.000000,0.000000
198066359,-74.1761,2668.0007,0.000000,0.000000,0.000000,0.000000
198066390,-74.1761,2668.0007,0.000000,0.000000,0.000000,0.000000
198066437,-74.1761,2668.0007,0.000000,0.000000,0.000000,0.000000
198066500,-74.1761,2668.0007,0.000000,0.000000,0.000000,0.000000
198066546,-74.1761,2668.0007,0.000000,0.000000,0.000000,0.000000
198066593,-74.1761,2668.0007,0.000000,0.000000,0.000000,0.000000
198066625,-74.1761,2668.0007,0.000000,0.000000,0.000000,0.000000
198066671,-74.1761,2668.0007,0.000000,0.000000,0.000000,0.000000
198066718,-74.1761,2668.0007,0.000000,0.000000,0.000000,0.000000
198066750,-74.1761,2668.0007,0.000000,0.000000,0.000000,0.000000
198066796,-74.1761,2668.0007,0.000000,0.000000,0.000000,0.000000
198066843,-74.1761,2668.0007,0.000000,0.000000,0.000000,0.000000
198066890,-74.1761,2668.0007,0.000000,0.000000,0.000000,0.000000
198066937,-74.1761,2668.0007,0.000000,0.000000,0.000000,0.000000
198066984,-74.1761,2668.0007,0.000000,0.000000,0.000000,0.000000
198067015,-74.1761,2668.0007,0.000000,0.000000,0.000000,0.000000
198067062,-74.1761,2668.0007,0.000000,0.000000,0.000000,0.000000
198067109,-74.1761,2668.0007,0.000000,0.000000,0.000000,0.000000
198067156,-74.1761,2668.0007,0.000000,0.000000,0.000000,0.000000
198067187,-74.1761,2668.0007,0.000000,0.000000,0.000000,0.000000
198067234,-74.1761,2668.0007,0.000000,0.000000,0.000000,0.000000
198067281,-74.1761,2668.0007,0.000000,0.000000,0.000000,0.000000
198067328,-74.1761,2668.0007,0.000000,0.000000,0.000000,0.000000
198067390,-74.1761,2668.0007,0.000000,0.000000,0.000000,0.000000
198067437,-74.1761,2668.0007,0.000000,0.000000,0.000000,0.000000
198067468,-74.1761,2668.0007,0.000000,0.000000,0.000000,0.000000
198067515,-74.1761,2668.0007,0.000000,0.000000,0.000000,0.000000
198067562,-74.1761,2668.0007,0.000000,0.000000,0.000000,0.000000
198067609,-74.1761,2668.0007,0.000000,0.000000,0.000000,0.000000
198067656,-74.1761,2668.0007,0.000000,0.000000,0.000000,0.000000
198067703,-74.1761,2668.0007,0.000000,0.000000,0.000000,0.000000
198067734,-74.1761,2668.0007,0.000000,0.000000,0.000000,0.000000
198067781,-74.1761,2668.0007,0.000000,0.000000,0.000000,0.000000
198067828,-74.1761,2668.0007,0.000000,0.000000,0.000000,0.000000
198067859,-74.1761,2668.0007,0.000000,0.000000,0.000000,0.000000
198067906,-74.1761,2668.0007,0.000000,0.000000,0.000000,0.000000
198067953,-74.1761,2668.0007,0.000000,0.000000,0.000000,0.000000
198067984,-74.1761,2668.0007,0.000000,0.000000,0.000000,0.000000
198068031,-74.1761,2668.0007,0.000000,0.000000,0.000000,0.000000
198068078,-74.1761,2668.0007,0.000000,0.000000,0.000000,0.000000
198068125,-74.1761,2668.0007,0.000000,0.000000,0.000000,0.000000
198068156,-74.1761,2668.0007,0.000000,0.000000,0.000000,0.000000
198068203,-74.1761,2668.0007,0.000000,0.000000,0.000000,0.000000
198068265,-74.1761,2668.0007,0.000000,0.000000,0.000000,0.000000
198068296,-74.1761,2668.0007,0.000000,0.000000,0.000000,0.000000
198068343,-74.1761,2668.0007,0.000000,0.000000,0.000000,0.000000
198068390,-74.1761,2668.0007,0.000000,0.000000,0.000000,0.000000
198068437,-74.1761,2668.0007,0.000000,0.000000,0.000000,0.000000
198068468,-74.1761,2668.0007,0.000000,0.000000,0.000000,0.000000
198068515,-74.1761,2668.0007,0.000000,0.000000,0.000000,0.000000
198068562,-74.1761,2668.0007,0.000000,0.000000,0.000000,0.000000
198068609,-74.1761,2668.0007,0.000000,0.000000,0.000000,0.000000
198068640,-74.1761,2668.0007,0.000000,0.000000,0.000000,0.000000
198068687,-74.1761,2668.0007,0.000000,0.000000,0.000000,0.000000
198068734,-74.1761,2668.0007,0.000000,0.000000,0.000000,0.000000
198068781,-74.1761,2668.0007,0.000000,0.000000,0.000000,0.000000
198068828,-74.1761,2668.0007,0.000000,0.000000,0.000000,0.000000
198068859,-74.1761,2668.0007,0.000000,0.000000,0.000000,0.000000
198068906,-74.1761,2668.0007,0.000000,0.000000,0.000000,0.000000
198068953,-74.1761,2668.0007,0.000000,0.000000,0.000000,0.000000
198069000,-74.1761,2668.0007,0.000000,0.000000,0.000000,0.000000
198069031,-74.1761,2668.0007,0.000000,0.000000,0.000000,0.000000
198069078,-74.1761,2668.0007,0.000000,0.000000,0.000000,0.000000
198069140,-74.1761,2668.0007,0.000000,0.000000,0.000000,0.000000
198069187,-74.1761,2668.0007,0.000000,0.000000,0.000000,0.000000
198069218,-74.1761,2668.0007,0.000000,0.000000,0.000000,0.000000
198069265,-74.1761,2668.0007,0.000000,0.000000,0.000000,0.000000
198069312,-74.1761,2668.0007,0.000000,0.000000,0.000000,0.000000
198069359,-74.1761,2668.0007,0.000000,0.000000,0.000000,0.000000
198069406,-74.1761,2668.0007,0.000000,0.000000,0.000000,0.000000
198069437,-74.1761,2668.0007,0.000000,0.000000,0.000000,0.000000
198069484,-74.1761,2668.0007,0.000000,0.000000,0.000000,0.000000
198069531,-74.1761,2668.0007,0.000000,0.000000,0.000000,0.000000
198069578,-74.1761,2668.0007,0.000000,0.000000,0.000000,0.000000
198069625,-74.1761,2668.0007,0.000000,0.000000,0.000000,0.000000
198069671,-74.1761,2668.0007,0.000000,0.000000,0.000000,0.000000
198069703,-74.1761,2668.0007,0.000000,0.000000,0.000000,0.000000
198069750,-74.1761,2668.0007,0.000000,0.000000,0.000000,0.000000
198069796,-74.1761,2668.0007,0.000000,0.000000,0.000000,0.000000
198069843,-74.1761,2668.0007,0.000000,0.000000,0.000000,0.000000
198069890,-74.1761,2668.0007,0.000000,0.000000,0.000000,0.000000
198069921,-74.1761,2668.0007,0.000000,0.000000,0.000000,0.000000
198069968,-74.1761,2668.0007,0.000000,0.000000,0.000000,0.000000
198070031,-74.1761,2668.0007,0.000000,0.000000,0.000000,0.000000
198070062,-74.1761,2668.0007,0.000000,0.000000,0.000000,0.000000
198070109,-74.1761,2668.0007,0.000000,0.000000,0.000000,0.000000
198070140,-74.1761,2668.0007,0.000000,0.000000,0.000000,0.000000
198070187,-74.1761,2668.0007,0.000000,0.000000,0.000000,0.000000
198070234,-74.1761,2668.0007,0.000000,0.000000,0.000000,0.000000
198070281,-74.1761,2668.0007,0.000000,0.000000,0.000000,0.000000
198070328,-74.1761,2668.0007,0.000000,0.000000,0.000000,0.000000
198070359,-74.1761,2668.0007,0.000000,0.000000,0.000000,0.000000
198070406,-74.1761,2668.0007,0.000000,0.000000,0.000000,0.000000
198070453,-74.1761,2668.0007,0.000000,0.000000,0.000000,0.000000
198070484,-74.1761,2668.0007,0.000000,0.000000,0.000000,0.000000
198070531,-74.1761,2668.0007,0.000000,0.000000,0.000000,0.000000
198070578,-74.1761,2668.0007,0.000000,0.000000,0.000000,0.000000
198070625,-74.1761,2668.0007,0.000000,0.000000,0.000000,0.000000
198070671,-74.1761,2668.0007,0.000000,0.000000,0.000000,0.000000
198070718,-74.1761,2668.0007,0.000000,0.000000,0.000000,0.000000
198070750,-74.1761,2668.0007,0.000000,0.000000,0.000000,0.000000
198070796,-74.1761,2668.0007,0.000000,0.000000,0.000000,0.000000
198070843,-74.1761,2668.0007,0.000000,0.000000,0.000000,0.000000
198070890,-74.1761,2668.0007,0.000000,0.000000,0.000000,0.000000
198070937,-74.1761,2668.0007,0.000000,0.000000,0.000000,0.000000
198070968,-74.1761,2668.0007,0.000000,0.000000,0.000000,0.000000
198071015,-74.1761,2668.0007,0.000000,0.000000,0.000000,0.000000
198071062,-74.1761,2668.0007,0.000000,0.000000,0.000000,0.000000
198071093,-74.1761,2668.0007,0.000000,0.000000,0.000000,0.000000
198071140,-74.1761,2668.0007,0.000000,0.000000,0.000000,0.000000
198071187,-74.1761,2668.0000,0.000000,0.000000,0.000000,0.000000
198071218,-74.1761,2668.0000,0.000000,0.000000,0.000000,0.000000
198071265,-74.1761,2668.0000,0.000000,0.000000,0.000000,0.000000
198071312,-74.1761,2668.0000,0.000000,0.000000,0.000000,0.000000
198071359,-74.1761,2668.0000,0.000000,0.000000,0.000000,0.000000
198071406,-74.1761,2668.0000,0.000000,0.000000,0.000000,0.000000
198071453,-74.1761,2668.0000,0.000000,0.000000,0.000000,0.000000
198071484,-74.1761,2668.0000,0.000000,0.000000,0.000000,0.000000
198071531,-74.1761,2668.0000,0.000000,0.000000,0.000000,0.000000
198071578,-74.1761,2668.0000,0.000000,0.000000,0.000000,0.000000
198071625,-74.1761,2668.0000,0.000000,0.000000,0.000000,0.000000
198071656,-74.1761,2668.0000,0.000000,0.000000,0.000000,0.000000
198071703,-74.1761,2668.0000,0.000000,0.000000,0.000000,0.000000
198071781,-74.1761,2668.0000,0.000000,0.000000,0.000000,0.000000
198071828,-74.1761,2668.0000,0.000000,0.000000,0.000000,0.000000
198071875,-74.1761,2668.0000,0.000000,0.000000,0.000000,0.000000
198071906,-74.1761,2668.0000,0.000000,0.000000,0.000000,0.000000
198071953,-74.1761,2668.0000,0.000000,0.000000,0.000000,0.000000
198072000,-74.1761,2668.0000,0.000000,0.000000,0.000000,0.000000
198072046,-74.1761,2668.0000,0.000000,0.000000,0.000000,0.000000
198072078,-74.1761,2668.0000,0.000000,0.000000,0.000000,0.000000
198072109,-74.1761,2668.0000,0.000000,0.000000,0.000000,0.000000
198072140,-74.1761,2668.0000,0.000000,0.000000,0.000000,0.000000
198072187,-74.1761,2668.0000,0.000000,0.000000,0.000000,0.000000
198072218,-74.1761,2668.0000,0.000000,0.000000,0.000000,0.000000
198072312,-74.1761,2668.0000,0.000000,0.000000,0.000000,0.000000
198072359,-74.1761,2668.0000,0.000000,0.000000,0.000000,0.000000
198072406,-74.1761,2668.0000,0.000000,0.000000,0.000000,0.000000
198072453,-74.1761,2668.0000,0.000000,0.000000,0.000000,0.000000
198072500,-74.1761,2668.0000,0.000000,0.000000,0.000000,0.000000
198072546,-74.1761,2668.0000,0.000000,0.000000,0.000000,0.000000
198072578,-74.1761,2668.0000,0.000000,0.000000,0.000000,0.000000
198072625,-74.1761,2668.0000,0.000000,0.000000,0.000000,0.000000
198072687,-74.1761,2668.0000,0.000000,0.000000,0.000000,0.000000
198072718,-74.1761,2668.0000,0.000000,0.000000,0.000000,0.000000
198072765,-74.1761,2668.0000,0.000000,0.000000,0.000000,0.000000
198072812,-74.1761,2668.0000,0.000000,0.000000,0.000000,0.000000
198072859,-74.1761,2668.0000,0.000000,0.000000,0.000000,0.000000
198072906,-74.1761,2668.0000,0.000000,0.000000,0.000000,0.000000
198072953,-74.1761,2668.0000,0.000000,0.000000,0.000000,0.000000
198072984,-74.1761,2668.0000,0.000000,0.000000,0.000000,0.000000
198073031,-74.1761,2668.0000,0.000000,0.000000,0.000000,0.000000
198073078,-74.1761,2668.0000,0.000000,0.000000,0.000000,0.000000
198073140,-74.1761,2668.0000,0.000000,0.000000,0.000000,0.000000
198073171,-74.1761,2668.0000,0.000000,0.000000,0.000000,0.000000
198073218,-74.1761,2668.0000,0.000000,0.000000,0.000000,0.000000
198073265,-74.1761,2668.0000,0.000000,0.000000,0.000000,0.000000
198073312,-74.1761,2668.0000,0.000000,0.000000,0.000000,0.000000
198073359,-74.1761,2668.0000,0.000000,0.000000,0.000000,0.000000
198073406,-74.1761,2668.0000,0.000000,0.000000,0.000000,0.000000
198073437,-74.1761,2668.0000,0.000000,0.000000,0.000000,0.000000
198073484,-74.1761,2668.0000,0.000000,0.000000,0.000000,0.000000
198073531,-74.1761,2668.0000,0.000000,0.000000,0.000000,0.000000
198073593,-74.1761,2668.0000,0.000000,0.000000,0.000000,0.000000
198073640,-74.1761,2668.0000,0.000000,0.000000,0.000000,0.000000
198073687,-74.1761,2668.0000,0.000000,0.000000,0.000000,0.000000
198073734,-74.1761,2668.0000,0.000000,0.000000,0.000000,0.000000
198073781,-74.1761,2668.0000,0.000000,0.000000,0.000000,0.000000
198073828,-74.1761,2668.0000,0.000000,0.000000,0.000000,0.000000
198073875,-74.1761,2668.0000,0.000000,0.000000,0.000000,0.000000
198073921,-74.1761,2668.0000,0.000000,0.000000,0.000000,0.000000
198073953,-74.1761,2668.0000,0.000000,0.000000,0.000000,0.000000
198074000,-74.1761,2668.0000,0.000000,0.000000,0.000000,0.000000
198074062,-74.1761,2668.0000,0.000000,0.000000,0.000000,0.000000
198074109,-74.1761,2668.0000,0.000000,0.000000,0.000000,0.000000
198074140,-74.1761,2668.0000,0.000000,0.000000,0.000000,0.000000
198074187,-74.1761,2668.0000,0.000000,0.000000,0.000000,0.000000
198074234,-74.1761,2668.0000,0.000000,0.000000,0.000000,0.000000
198074281,-74.1761,2668.0000,0.000000,0.000000,0.000000,0.000000
198074312,-74.1761,2668.0000,0.000000,0.000000,0.000000,0.000000
198074359,-74.1761,2668.0000,0.000000,0.000000,0.000000,0.000000
198074406,-74.1761,2668.0000,0.000000,0.000000,0.000000,0.000000
198074453,-74.1761,2668.0000,0.000000,0.000000,0.000000,0.000000
198074515,-74.1761,2668.0000,0.000000,0.000000,0.000000,0.000000
198074562,-74.1761,2668.0000,0.000000,0.000000,0.000000,0.000000
198074593,-74.1761,2668.0000,0.000000,0.000000,0.000000,0.000000
198074640,-74.1761,2668.0000,0.000000,0.000000,0.000000,0.000000
198074703,-74.1761,2668.0000,0.000000,0.000000,0.000000,0.000000
198074750,-74.1761,2668.0000,0.000000,0.000000,0.000000,0.000000
198074781,-74.1761,2668.0000,0.000000,0.000000,0.000000,0.000000
198074828,-74.1761,2668.0000,0.000000,0.000000,0.000000,0.000000
198074875,-74.1761,2668.0000,0.000000,0.000000,0.000000,0.000000
198074906,-74.1761,2668.0000,0.000000,0.000000,0.000000,0.000000
198074953,-74.1761,2668.0000,0.000000,0.000000,0.000000,0.000000
198075000,-74.1761,2668.0000,0.000000,0.000000,0.000000,0.000000
198075046,-74.1761,2668.0000,0.000000,0.000000,0.000000,0.000000
198075093,-74.1761,2668.0000,0.000000,0.000000,0.000000,0.000000
198075140,-74.1761,2668.0000,0.000000,0.000000,0.000000,0.000000
198075187,-74.1761,2668.0000,0.000000,0.000000,0.000000,0.000000
198075218,-74.1761,2668.0000,0.000000,0.000000,0.000000,0.000000
198075250,-74.1761,2668.0007,0.000000,0.000000,0.000000,0.000000
198075296,-74.1761,2668.0000,0.000000,0.000000,0.000000,0.000000
198075328,-74.1761,2668.0000,0.000000,0.000000,0.000000,0.000000
198075390,-74.1761,2668.0007,0.000000,0.000000,0.000000,0.000000
198075421,-74.1761,2668.0000,0.000000,0.000000,0.000000,0.000000
198075468,-74.1761,2668.0000,0.000000,0.000000,0.000000,0.000000
198075500,-74.1761,2668.0000,0.000000,0.000000,0.000000,0.000000
198075546,-74.1761,2668.0000,0.000000,0.000000,0.000000,0.000000
198075593,-74.1761,2668.0000,0.000000,0.000000,0.000000,0.000000
198075625,-74.1761,2668.0000,0.000000,0.000000,0.000000,0.000000
198075671,-74.1761,2668.0000,0.000000,0.000000,0.000000,0.000000
198075703,-74.1761,2668.0000,0.000000,0.000000,0.000000,0.000000
198075750,-74.1761,2668.0000,0.000000,0.000000,0.000000,0.000000
198075796,-74.1761,2668.0000,0.000000,0.000000,0.000000,0.000000
198075843,-74.1761,2668.0000,0.000000,0.000000,0.000000,0.000000
198075875,-74.1761,2668.0000,0.000000,0.000000,0.000000,0.000000
198075921,-74.1761,2668.0000,0.000000,0.000000,0.000000,0.000000
198075968,-74.1761,2668.0000,0.000000,0.000000,0.000000,0.000000
198076015,-74.1761,2668.0000,0.000000,0.000000,0.000000,0.000000
198076046,-74.1761,2668.0000,0.000000,0.000000,0.000000,0.000000
198076093,-74.1761,2668.0000,0.000000,0.000000,0.000000,0.000000
198076140,-74.1761,2668.0000,0.000000,0.000000,0.000000,0.000000
198076187,-74.1761,2668.0000,0.000000,0.000000,0.000000,0.000000
198076250,-74.1761,2668.0000,0.000000,0.000000,0.000000,0.000000
198076281,-74.1761,2668.0000,0.000000,0.000000,0.000000,0.000000
198076328,-74.1761,2668.0000,0.000000,0.000000,0.000000,0.000000
198076375,-74.1761,2668.0000,0.000000,0.000000,0.000000,0.000000
198076421,-74.1761,2668.0000,0.000000,0.000000,0.000000,0.000000
198076453,-74.1761,2668.0000,0.000000,0.000000,0.000000,0.000000
198076500,-74.1761,2668.0000,0.000000,0.000000,0.000000,0.000000
198076546,-74.1761,2668.0000,0.000000,0.000000,0.000000,0.000000
198076593,-74.1761,2668.0000,0.000000,0.000000,0.000000,0.000000
198076625,-74.1761,2668.0000,0.000000,0.000000,0.000000,0.000000
198076671,-74.1761,2668.0007,0.000000,0.000000,0.000000,0.000000
198076703,-74.1761,2668.0000,0.000000,0.000000,0.000000,0.000000
198076750,-74.1761,2668.0000,0.000000,0.000000,0.000000,0.000000
198076796,-74.1761,2668.0000,0.000000,0.000000,0.000000,0.000000
198076843,-74.1761,2668.0000,0.000000,0.000000,0.000000,0.000000
198076875,-74.1761,2668.0000,0.000000,0.000000,0.000000,0.000000
198076921,-74.1761,2668.0000,0.000000,0.000000,0.000000,0.000000
198076968,-74.1761,2668.0000,0.000000,0.000000,0.000000,0.000000
198077000,-74.1761,2668.0000,0.000000,0.000000,0.000000,0.000000
198077046,-74.1761,2668.0000,0.000000,0.000000,0.000000,0.000000
198077093,-74.1761,2668.0007,0.000000,0.000000,0.000000,0.000000
198077140,-74.1761,2668.0007,0.000000,0.000000,0.000000,0.000000
198077187,-74.1761,2668.0007,0.000000,0.000000,0.000000,0.000000
198077218,-74.1761,2668.0007,0.000000,0.000000,0.000000,0.000000
198077265,-74.1761,2668.0007,0.000000,0.000000,0.000000,0.000000
198077312,-74.1761,2668.0007,0.000000,0.000000,0.000000,0.000000
198077343,-74.1761,2668.0000,0.000000,0.000000,0.000000,0.000000
198077390,-74.1761,2668.0007,0.000000,0.000000,0.000000,0.000000
198077437,-74.1761,2668.0007,0.000000,0.000000,0.000000,0.000000
198077468,-74.1761,2668.0000,0.000000,0.000000,0.000000,0.000000
198077515,-74.1761,2668.0007,0.000000,0.000000,0.000000,0.000000
198077562,-74.1761,2668.0007,0.000000,0.000000,0.000000,0.000000
198077593,-74.1761,2668.0007,0.000000,0.000000,0.000000,0.000000
198077640,-74.1761,2668.0007,0.000000,0.000000,0.000000,0.000000
198077687,-74.1761,2668.0007,0.000000,0.000000,0.000000,0.000000
198077718,-74.1761,2668.0007,0.000000,0.000000,0.000000,0.000000
198077765,-74.1761,2668.0007,0.000000,0.000000,0.000000,0.000000
198077812,-74.1761,2668.0007,0.000000,0.000000,0.000000,0.000000
198077859,-74.1761,2668.0007,0.000000,0.000000,0.000000,0.000000
198077890,-74.1761,2668.0007,0.000000,0.000000,0.000000,0.000000
198077953,-74.1761,2668.0007,0.000000,0.000000,0.000000,0.000000
198078000,-74.1761,2668.0007,0.000000,0.000000,0.000000,0.000000
198078046,-74.1761,2668.0007,0.000000,0.000000,0.000000,0.000000
198078078,-74.1761,2668.0000,0.000000,0.000000,0.000000,0.000000
198078125,-74.1761,2668.0007,0.000000,0.000000,0.000000,0.000000
198078171,-74.1759,2668.0007,0.000000,0.000000,0.000000,0.000000
198078203,-74.1196,2668.0000,0.000000,0.000000,0.000000,0.000000
198078250,-73.8963,2668.0000,0.000000,0.000000,0.000000,0.000000
198078281,-73.5188,2668.0007,0.000000,0.000000,0.000000,0.000000
198078312,-73.1759,2668.0007,0.000000,0.000000,0.000000,0.000000
198078359,-72.6524,2668.0007,0.000000,0.000000,0.000000,0.000000
198078406,-72.3202,2668.0007,0.000000,0.000000,0.000000,0.000000
198078437,-71.9503,2668.0000,0.000000,0.000000,0.000000,0.000000
198078468,-71.6000,2668.0007,0.000000,0.000000,0.000000,0.000000
198078500,-71.2510,2668.0007,0.000000,0.000000,0.000000,0.000000
198078531,-70.8805,2668.0007,0.000000,0.000000,0.000000,0.000000
198078562,-70.5812,2668.0007,0.000000,0.000000,0.000000,0.000000
198078593,-70.2522,2668.0007,0.000000,0.000000,0.000000,0.000000
198078625,-69.9529,2668.0007,0.000000,0.000000,0.000000,0.000000
198078671,-69.6136,2668.0000,0.000000,0.000000,0.000000,0.000000
198078718,-69.2024,2668.0007,0.000000,0.000000,0.000000,0.000000
198078750,-68.7837,2668.0007,0.000000,0.000000,0.000000,0.000000
198078781,-68.5022,2668.0007,0.000000,0.000000,0.000000,0.000000
198078812,-68.1428,2668.0007,0.000000,0.000000,0.000000,0.000000
198078843,-67.8027,2668.0000,0.000000,0.000000,0.000000,0.000000
198078890,-67.4433,2668.0007,0.000000,0.000000,0.000000,0.000000
198078921,-67.0728,2668.0007,0.000000,0.000000,0.000000,0.000000
198078953,-66.7423,2668.0007,0.000000,0.000000,0.000000,0.000000
198078984,-66.4014,2668.0007,0.000000,0.000000,0.000000,0.000000
198079015,-66.0514,2668.0007,0.000000,0.000000,0.000000,0.000000
198079062,-65.6824,2668.0007,0.000000,0.000000,0.000000,0.000000
198079093,-65.3620,2668.0007,0.000000,0.000000,0.000000,0.000000
198079125,-65.0317,2668.0007,0.000000,0.000000,0.000000,0.000000
198079156,-64.6726,2668.0000,0.000000,0.000000,0.000000,0.000000
198079203,-64.3230,2668.0007,0.000000,0.000000,0.000000,0.000000
198079234,-63.9125,2668.0007,0.000000,0.000000,0.000000,0.000000
198079265,-63.5924,2668.0007,0.000000,0.000000,0.000000,0.000000
198079296,-63.2422,2668.0007,0.000000,0.000000,0.000000,0.000000
198079328,-62.9287,2668.0000,0.000000,0.000000,0.000000,0.000000
198079375,-62.7105,2668.0007,0.000000,0.000000,0.000000,0.000000
198079421,-62.6130,2668.0000,0.000000,0.000000,0.000000,0.000000
198079453,-62.6065,2668.0007,0.000000,0.000000,0.000000,0.000000
198079484,-62.6063,2668.0007,0.000000,0.000000,0.000000,0.000000
198079531,-62.6063,2668.0007,0.000000,0.000000,0.000000,0.000000
198079562,-62.6062,2668.0007,0.000000,0.000000,0.000000,0.000000
198079593,-62.6062,2668.0007,0.000000,0.000000,0.000000,0.000000
198079640,-62.6062,2668.0000,0.000000,0.000000,0.000000,0.000000
198079671,-62.6062,2668.0007,0.000000,0.000000,0.000000,0.000000
198079703,-62.6062,2668.0007,0.000000,0.000000,0.000000,0.000000
198079734,-62.6062,2668.0000,0.000000,0.000000,0.000000,0.000000
198079781,-62.6062,2668.0007,0.000000,0.000000,0.000000,0.000000
198079812,-62.6062,2668.0007,0.000000,0.000000,0.000000,0.000000
198079859,-62.6062,2668.0007,0.000000,0.000000,0.000000,0.000000
198079890,-62.6062,2668.0007,0.000000,0.000000,0.000000,0.000000
198079921,-62.6062,2668.0007,0.000000,0.000000,0.000000,0.000000
198079968,-62.6062,2668.0007,0.000000,0.000000,0.000000,0.000000
198080000,-62.6062,2668.0007,0.000000,0.000000,0.000000,0.000000
198080031,-62.6060,2668.0007,0.000000,0.000000,0.000000,0.000000
198080062,-62.6060,2668.0007,0.000000,0.000000,0.000000,0.000000
198080109,-62.6060,2668.0007,0.000000,0.000000,0.000000,0.000000
198080171,-62.6060,2668.0007,0.000000,0.000000,0.000000,0.000000
198080203,-62.6060,2668.0007,0.000000,0.000000,0.000000,0.000000
198080234,-62.6060,2668.0007,0.000000,0.000000,0.000000,0.000000
198080281,-62.6060,2668.0007,0.000000,0.000000,0.000000,0.000000
198080312,-62.6060,2668.0007,0.000000,0.000000,0.000000,0.000000
198080359,-62.6060,2668.0000,0.000000,0.000000,0.000000,0.000000
198080390,-62.6089,2668.0007,0.000000,0.000000,0.000000,0.000000
198080421,-62.6932,2668.0000,0.000000,0.000000,0.000000,0.000000
198080453,-62.9081,2668.0007,0.000000,0.000000,0.000000,0.000000
198080500,-63.2481,2668.0007,0.000000,0.000000,0.000000,0.000000
198080531,-63.6695,2668.0007,0.000000,0.000000,0.000000,0.000000
198080578,-64.0192,2668.0007,0.000000,0.000000,0.000000,0.000000
198080609,-64.3889,2668.0007,0.000000,0.000000,0.000000,0.000000
198080656,-64.7882,2668.0007,0.000000,0.000000,0.000000,0.000000
198080687,-65.1791,2668.0000,0.000000,0.000000,0.000000,0.000000
198080718,-65.5593,2668.0007,0.000000,0.000000,0.000000,0.000000
198080750,-65.8692,2668.0007,0.000000,0.000000,0.000000,0.000000
198080781,-66.1998,2668.0007,0.000000,0.000000,0.000000,0.000000
198080828,-66.5195,2668.0007,0.000000,0.000000,0.000000,0.000000
198080859,-66.8594,2668.0007,0.000000,0.000000,0.000000,0.000000
198080906,-67.2789,2668.0000,0.000000,0.000000,0.000000,0.000000
198080937,-67.7087,2668.0007,0.000000,0.000000,0.000000,0.000000
198080984,-68.0789,2668.0007,0.000000,0.000000,0.000000,0.000000
198081015,-68.4327,2668.0007,0.000000,0.000000,0.000000,0.000000
198081046,-68.6742,2668.0007,0.000000,0.000000,0.000000,0.000000
198081093,-68.7529,2668.0007,0.000000,0.000000,0.000000,0.000000
198081125,-68.7565,2668.0007,0.000000,0.000000,0.000000,0.000000
198081156,-68.7565,2668.0007,0.000000,0.000000,0.000000,0.000000
198081203,-68.7565,2668.0007,0.000000,0.000000,0.000000,0.000000
198081234,-68.7565,2668.0007,0.000000,0.000000,0.000000,0.000000
198081281,-68.7564,2668.0007,0.000000,0.000000,0.000000,0.000000
198081312,-68.7564,2668.0007,0.000000,0.000000,0.000000,0.000000
198081343,-68.7564,2668.0007,0.000000,0.000000,0.000000,0.000000
198081390,-68.7562,2668.0007,0.000000,0.000000,0.000000,0.000000
198081421,-68.7562,2668.0007,0.000000,0.000000,0.000000,0.000000
198081468,-68.7562,2668.0007,0.000000,0.000000,0.000000,0.000000
198081515,-68.7562,2668.0007,0.000000,0.000000,0.000000,0.000000
198081546,-68.7561,2668.0007,0.000000,0.000000,0.000000,0.000000
198081578,-68.7561,2668.0007,0.000000,0.000000,0.000000,0.000000
198081609,-68.7561,2668.0007,0.000000,0.000000,0.000000,0.000000
198081671,-68.7561,2668.0007,0.000000,0.000000,0.000000,0.000000
198081703,-68.7561,2668.0007,0.000000,0.000000,0.000000,0.000000
198081750,-68.7561,2668.0007,0.000000,0.000000,0.000000,0.000000
198081781,-68.7561,2668.0007,0.000000,0.000000,0.000000,0.000000
198081828,-68.7561,2668.0000,0.000000,0.000000,0.000000,0.000000
198081859,-68.7561,2668.0007,0.000000,0.000000,0.000000,0.000000
198081890,-68.7561,2668.0007,0.000000,0.000000,0.000000,0.000000
198081921,-68.7561,2668.0007,0.000000,0.000000,0.000000,0.000000
198081953,-68.7561,2668.0007,0.000000,0.000000,0.000000,0.000000
198082000,-68.7561,2668.0007,0.000000,0.000000,0.000000,0.000000
198082046,-68.7561,2668.0007,0.000000,0.000000,0.000000,0.000000
198082093,-68.7561,2668.0007,0.000000,0.000000,0.000000,0.000000
198082125,-68.7561,2668.0000,0.000000,0.000000,0.000000,0.000000
198082156,-68.7561,2668.0007,0.000000,0.000000,0.000000,0.000000
198082203,-68.7561,2668.0007,0.000000,0.000000,0.000000,0.000000
198082234,-68.7561,2668.0007,0.000000,0.000000,0.000000,0.000000
198082281,-68.7561,2668.0000,0.000000,0.000000,0.000000,0.000000
198082312,-68.7561,2668.0007,0.000000,0.000000,0.000000,0.000000
198082343,-68.7561,2668.0007,0.000000,0.000000,0.000000,0.000000
198082375,-68.7561,2668.0007,0.000000,0.000000,0.000000,0.000000
198082437,-68.7561,2668.0007,0.000000,0.000000,0.000000,0.000000
198082468,-68.7561,2668.0007,0.000000,0.000000,0.000000,0.000000
198082500,-68.7561,2668.0007,0.000000,0.000000,0.000000,0.000000
198082531,-68.7561,2668.0007,0.000000,0.000000,0.000000,0.000000
198082578,-68.7561,2668.0007,0.000000,0.000000,0.000000,0.000000
198082609,-68.7561,2668.0007,0.000000,0.000000,0.000000,0.000000
198082640,-68.7561,2668.0007,0.000000,0.000000,0.000000,0.000000
198082687,-68.7561,2668.0000,0.000000,0.000000,0.000000,0.000000
198082718,-68.7561,2668.0007,0.000000,0.000000,0.000000,0.000000
198082765,-68.7561,2668.0007,0.000000,0.000000,0.000000,0.000000
198082796,-68.7561,2668.0007,0.000000,0.000000,0.000000,0.000000
198082843,-68.7561,2668.0007,0.000000,0.000000,0.000000,0.000000
198082875,-68.7561,2668.0007,0.000000,0.000000,0.000000,0.000000
198082906,-68.7561,2668.0000,0.000000,0.000000,0.000000,0.000000
198082937,-68.7561,2668.0007,0.000000,0.000000,0.000000,0.000000
198082984,-68.7561,2668.0007,0.000000,0.000000,0.000000,0.000000
198083031,-68.7561,2668.0007,0.000000,0.000000,0.000000,0.000000
198083062,-68.7561,2668.0007,0.000000,0.000000,0.000000,0.000000
198083078,-68.7561,2668.0007,0.000000,0.000000,0.000000,0.000000
198083109,-68.7561,2668.0007,0.000000,0.000000,0.000000,0.000000
198083171,-68.7561,2668.0007,0.000000,0.000000,0.000000,0.000000
198083218,-68.7561,2668.0007,0.000000,0.000000,0.000000,0.000000
198083250,-68.7561,2668.0007,0.000000,0.000000,0.000000,0.000000
198083281,-68.7561,2668.0007,0.000000,0.000000,0.000000,0.000000
198083328,-68.7561,2668.0007,0.000000,0.000000,0.000000,0.000000
198083359,-68.7561,2668.0007,0.000000,0.000000,0.000000,0.000000
198083390,-68.7561,2668.0007,0.000000,0.000000,0.000000,0.000000
198083437,-68.7561,2668.0007,0.000000,0.000000,0.000000,0.000000
198083468,-68.7561,2668.0007,0.000000,0.000000,0.000000,0.000000
198083500,-68.7561,2668.0007,0.000000,0.000000,0.000000,0.000000
198083546,-68.7561,2668.0007,0.000000,0.000000,0.000000,0.000000
198083578,-68.7561,2668.0007,0.000000,0.000000,0.000000,0.000000
198083609,-68.7561,2668.0007,0.000000,0.000000,0.000000,0.000000
198083656,-68.7561,2668.0007,0.000000,0.000000,0.000000,0.000000
198083687,-68.7561,2668.0007,0.000000,0.000000,0.000000,0.000000
198083718,-68.7561,2668.0007,0.000000,0.000000,0.000000,0.000000
198083765,-68.7561,2668.0007,0.000000,0.000000,0.000000,0.000000
198083796,-68.7561,2668.0007,0.000000,0.000000,0.000000,0.000000
198083828,-68.7561,2668.0007,0.000000,0.000000,0.000000,0.000000
198083859,-68.7561,2668.0007,0.000000,0.000000,0.000000,0.000000
198083906,-68.7561,2668.0007,0.000000,0.000000,0.000000,0.000000
198083953,-68.7561,2668.0007,0.000000,0.000000,0.000000,0.000000
198083984,-68.7561,2668.0007,0.000000,0.000000,0.000000,0.000000
198084031,-68.7561,2668.0007,0.000000,0.000000,0.000000,0.000000
198084062,-68.7561,2668.0007,0.000000,0.000000,0.000000,0.000000
198084093,-68.7561,2668.0007,0.000000,0.000000,0.000000,0.000000
198084125,-68.7561,2668.0007,0.000000,0.000000,0.000000,0.000000
198084156,-68.7561,2668.0007,0.000000,0.000000,0.000000,0.000000
198084187,-68.7561,2668.0007,0.000000,0.000000,0.000000,0.000000
198084234,-68.7561,2668.0007,0.000000,0.000000,0.000000,0.000000
198084265,-68.7561,2668.0007,0.000000,0.000000,0.000000,0.000000
198084296,-68.7561,2668.0007,0.000000,0.000000,0.000000,0.000000
198084343,-68.7561,2668.0007,0.000000,0.000000,0.000000,0.000000
198084375,-68.7561,2668.0007,0.000000,0.000000,0.000000,0.000000
198084406,-68.7561,2668.0007,0.000000,0.000000,0.000000,0.000000
198084453,-68.7561,2668.0007,0.000000,0.000000,0.000000,0.000000
198084484,-68.7561,2668.0007,0.000000,0.000000,0.000000,0.000000
198084515,-68.7561,2668.0007,0.000000,0.000000,0.000000,0.000000
198084546,-68.7561,2668.0007,0.000000,0.000000,0.000000,0.000000
198084578,-68.7561,2668.0007,0.000000,0.000000,0.000000,0.000000
198084625,-68.7561,2668.0007,0.000000,0.000000,0.000000,0.000000
198084656,-68.7561,2668.0007,0.000000,0.000000,0.000000,0.000000
198084687,-68.7561,2668.0007,0.000000,0.000000,0.000000,0.000000
198084718,-68.7561,2668.0007,0.000000,0.000000,0.000000,0.000000
198084765,-68.7561,2668.0000,0.000000,0.000000,0.000000,0.000000
198084796,-68.7561,2668.0007,0.000000,0.000000,0.000000,0.000000
198084828,-68.7561,2668.0007,0.000000,0.000000,0.000000,0.000000
198084875,-68.7561,2668.0007,0.000000,0.000000,0.000000,0.000000
198084906,-68.7561,2668.0007,0.000000,0.000000,0.000000,0.000000
198084937,-68.7561,2668.0007,0.000000,0.000000,0.000000,0.000000
198084984,-68.7561,2668.0007,0.000000,0.000000,0.000000,0.000000
198085015,-68.7561,2668.0007,0.000000,0.000000,0.000000,0.000000
198085046,-68.7561,2668.0007,0.000000,0.000000,0.000000,0.000000
198085093,-68.7561,2668.0007,0.000000,0.000000,0.000000,0.000000
198085125,-68.7561,2668.0007,0.000000,0.000000,0.000000,0.000000
198085171,-68.7561,2668.0007,0.000000,0.000000,0.000000,0.000000
198085203,-68.7561,2668.0007,0.000000,0.000000,0.000000,0.000000
198085234,-68.7561,2668.0007,0.000000,0.000000,0.000000,0.000000
198085265,-68.7561,2668.0007,0.000000,0.000000,0.000000,0.000000
198085312,-68.7561,2668.0007,0.000000,0.000000,0.000000,0.000000
198085359,-68.7561,2668.0007,0.000000,0.000000,0.000000,0.000000
198085390,-68.7561,2668.0007,0.000000,0.000000,0.000000,0.000000
198085421,-68.7561,2668.0007,0.000000,0.000000,0.000000,0.000000
198085468,-68.7561,2668.0007,0.000000,0.000000,0.000000,0.000000
198085500,-68.7561,2668.0007,0.000000,0.000000,0.000000,0.000000
198085531,-68.7561,2668.0007,0.000000,0.000000,0.000000,0.000000
198085578,-68.7561,2668.0000,0.000000,0.000000,0.000000,0.000000
198085609,-68.7561,2667.9624,0.000000,0.000000,0.000000,0.000000
198085640,-68.7561,2667.7918,0.000000,0.000000,0.000000,0.000000
198085687,-68.7561,2667.4891,0.000000,0.000000,0.000000,0.000000
198085734,-68.7561,2667.0068,0.000000,0.000000,0.000000,0.000000
198085765,-68.7561,2666.6485,0.000000,0.000000,0.000000,0.000000
198085812,-68.7561,2666.3208,0.000000,0.000000,0.000000,0.000000
198085843,-68.7561,2666.0148,0.000000,0.000000,0.000000,0.000000
198085875,-68.7561,2665.6629,0.000000,0.000000,0.000000,0.000000
198085921,-68.7561,2665.2892,0.000000,0.000000,0.000000,0.000000
198085953,-68.7561,2664.8785,0.000000,0.000000,0.000000,0.000000
198086000,-68.7561,2664.5285,0.000000,0.000000,0.000000,0.000000
198086031,-68.7561,2664.2021,0.000000,0.000000,0.000000,0.000000
198086062,-68.7561,2663.9817,0.000000,0.000000,0.000000,0.000000
198086109,-68.7561,2663.8853,0.000000,0.000000,0.000000,0.000000
198086156,-68.7561,2663.8540,0.000000,0.000000,0.000000,0.000000
198086187,-68.7561,2663.8482,0.000000,0.000000,0.000000,0.000000
198086234,-68.7561,2663.8393,0.000000,0.000000,0.000000,0.000000
198086265,-68.7561,2663.7805,0.000000,0.000000,0.000000,0.000000
198086312,-68.7561,2663.5506,0.000000,0.000000,0.000000,0.000000
198086343,-68.7561,2663.2082,0.000000,0.000000,0.000000,0.000000
198086375,-68.7561,2662.8441,0.000000,0.000000,0.000000,0.000000
198086406,-68.7561,2662.4909,0.000000,0.000000,0.000000,0.000000
198086437,-68.7561,2662.1370,0.000000,0.000000,0.000000,0.000000
198086484,-68.7561,2661.7851,0.000000,0.000000,0.000000,0.000000
198086515,-68.7561,2661.4542,0.000000,0.000000,0.000000,0.000000
198086546,-68.7561,2661.0927,0.000000,0.000000,0.000000,0.000000
198086593,-68.7561,2660.7695,0.000000,0.000000,0.000000,0.000000
198086625,-68.7561,2660.3799,0.000000,0.000000,0.000000,0.000000
198086656,-68.7561,2659.9979,0.000000,0.000000,0.000000,0.000000
198086703,-68.7561,2659.6306,0.000000,0.000000,0.000000,0.000000
198086734,-68.7561,2659.2250,0.000000,0.000000,0.000000,0.000000
198086781,-68.7561,2658.8603,0.000000,0.000000,0.000000,0.000000
198086812,-68.7561,2658.4247,0.000000,0.000000,0.000000,0.000000
198086859,-68.7561,2658.0038,0.000000,0.000000,0.000000,0.000000
198086906,-68.7561,2657.5566,0.000000,0.000000,0.000000,0.000000
198086937,-68.7561,2657.2041,0.000000,0.000000,0.000000,0.000000
198086968,-68.7561,2656.8349,0.000000,0.000000,0.000000,0.000000
198087015,-68.7561,2656.5034,0.000000,0.000000,0.000000,0.000000
198087046,-68.7561,2656.0811,0.000000,0.000000,0.000000,0.000000
198087093,-68.7561,2655.7369,0.000000,0.000000,0.000000,0.000000
198087125,-68.7561,2655.3294,0.000000,0.000000,0.000000,0.000000
198087156,-68.7561,2654.9576,0.000000,0.000000,0.000000,0.000000
198087203,-68.7561,2654.6172,0.000000,0.000000,0.000000,0.000000
198087250,-68.7561,2654.1451,0.000000,0.000000,0.000000,0.000000
198087296,-68.7561,2653.6680,0.000000,0.000000,0.000000,0.000000
198087343,-68.7561,2653.2413,0.000000,0.000000,0.000000,0.000000
198087390,-68.7561,2652.7993,0.000000,0.000000,0.000000,0.000000
198087437,-68.7561,2652.3452,0.000000,0.000000,0.000000,0.000000
198087484,-68.7561,2651.8584,0.000000,0.000000,0.000000,0.000000
198087531,-68.7561,2651.3800,0.000000,0.000000,0.000000,0.000000
198087578,-68.7561,2650.9303,0.000000,0.000000,0.000000,0.000000
198087625,-68.7561,2650.4621,0.000000,0.000000,0.000000,0.000000
198087656,-68.7561,2650.0221,0.000000,0.000000,0.000000,0.000000
198087718,-68.7561,2649.4925,0.000000,0.000000,0.000000,0.000000
198087765,-68.7561,2648.9911,0.000000,0.000000,0.000000,0.000000
198087812,-68.7561,2648.5466,0.000000,0.000000,0.000000,0.000000
198087859,-68.7561,2648.0745,0.000000,0.000000,0.000000,0.000000
198087906,-68.7561,2647.6127,0.000000,0.000000,0.000000,0.000000
198087953,-68.7561,2647.1043,0.000000,0.000000,0.000000,0.000000
198088000,-68.7561,2646.6642,0.000000,0.000000,0.000000,0.000000
198088046,-68.7561,2646.2267,0.000000,0.000000,0.000000,0.000000
198088093,-68.7561,2645.7534,0.000000,0.000000,0.000000,0.000000
198088140,-68.7561,2645.3088,0.000000,0.000000,0.000000,0.000000
198088187,-68.7561,2644.7607,0.000000,0.000000,0.000000,0.000000
198088234,-68.7561,2644.2906,0.000000,0.000000,0.000000,0.000000
198088281,-68.7561,2643.8544,0.000000,0.000000,0.000000,0.000000
198088328,-68.7561,2643.3708,0.000000,0.000000,0.000000,0.000000
198088375,-68.7561,2642.9250,0.000000,0.000000,0.000000,0.000000
198088421,-68.7561,2642.4185,0.000000,0.000000,0.000000,0.000000
198088468,-68.7561,2641.9669,0.000000,0.000000,0.000000,0.000000
198088500,-68.7561,2641.5594,0.000000,0.000000,0.000000,0.000000
198088562,-68.7561,2641.0937,0.000000,0.000000,0.000000,0.000000
198088593,-68.7561,2640.6128,0.000000,0.000000,0.000000,0.000000
198088671,-68.7561,2640.1050,0.000000,0.000000,0.000000,0.000000
198088718,-68.7561,2639.4745,0.000000,0.000000,0.000000,0.000000
198088750,-68.7561,2639.0498,0.000000,0.000000,0.000000,0.000000
198088796,-68.7561,2638.6173,0.000000,0.000000,0.000000,0.000000
198088843,-68.7561,2638.1702,0.000000,0.000000,0.000000,0.000000
198088890,-68.7561,2637.7365,0.000000,0.000000,0.000000,0.000000
198088937,-68.7561,2637.3124,0.000000,0.000000,0.000000,0.000000
198088968,-68.7561,2636.8563,0.000000,0.000000,0.000000,0.000000
198089031,-68.7561,2636.4507,0.000000,0.000000,0.000000,0.000000
198089078,-68.7561,2635.9391,0.000000,0.000000,0.000000,0.000000
198089125,-68.7561,2635.4096,0.000000,0.000000,0.000000,0.000000
198089171,-68.7561,2634.9414,0.000000,0.000000,0.000000,0.000000
198089218,-68.7561,2634.4489,0.000000,0.000000,0.000000,0.000000
198089265,-68.7561,2633.9877,0.000000,0.000000,0.000000,0.000000
198089312,-68.7561,2633.5355,0.000000,0.000000,0.000000,0.000000
198089359,-68.7561,2633.0328,0.000000,0.000000,0.000000,0.000000
198089406,-68.7561,2632.5985,0.000000,0.000000,0.000000,0.000000
198089453,-68.7561,2632.1297,0.000000,0.000000,0.000000,0.000000
198089500,-68.7561,2631.6666,0.000000,0.000000,0.000000,0.000000
198089546,-68.7561,2631.2699,0.000000,0.000000,0.000000,0.000000
198089609,-68.7561,2630.7072,0.000000,0.000000,0.000000,0.000000
198089656,-68.7561,2630.1611,0.000000,0.000000,0.000000,0.000000
198089703,-68.7561,2629.7005,0.000000,0.000000,0.000000,0.000000
198089734,-68.7561,2629.2259,0.000000,0.000000,0.000000,0.000000
198089781,-68.7561,2628.8037,0.000000,0.000000,0.000000,0.000000
198089828,-68.7561,2628.3221,0.000000,0.000000,0.000000,0.000000
198089875,-68.7561,2627.8705,0.000000,0.000000,0.000000,0.000000
198089921,-68.7561,2627.4106,0.000000,0.000000,0.000000,0.000000
198089968,-68.7561,2626.9763,0.000000,0.000000,0.000000,0.000000
198090015,-68.7561,2626.4615,0.000000,0.000000,0.000000,0.000000
198090078,-68.7561,2625.8674,0.000000,0.000000,0.000000,0.000000
198090125,-68.7561,2625.3769,0.000000,0.000000,0.000000,0.000000
198090171,-68.7561,2624.9425,0.000000,0.000000,0.000000,0.000000
198090203,-68.7561,2624.5229,0.000000,0.000000,0.000000,0.000000
198090250,-68.7561,2624.0892,0.000000,0.000000,0.000000,0.000000
198090296,-68.7561,2623.6753,0.000000,0.000000,0.000000,0.000000
198090328,-68.7561,2623.3067,0.000000,0.000000,0.000000,0.000000
198090359,-68.7561,2622.9401,0.000000,0.000000,0.000000,0.000000
198090406,-68.7561,2622.5760,0.000000,0.000000,0.000000,0.000000
198090437,-68.7561,2622.2145,0.000000,0.000000,0.000000,0.000000
198090484,-68.7561,2621.7635,0.000000,0.000000,0.000000,0.000000
198090531,-68.7561,2621.2998,0.000000,0.000000,0.000000,0.000000
198090562,-68.7561,2620.9498,0.000000,0.000000,0.000000,0.000000
198090609,-68.7561,2620.5748,0.000000,0.000000,0.000000,0.000000
198090640,-68.7561,2620.1724,0.000000,0.000000,0.000000,0.000000
198090671,-68.7561,2619.8109,0.000000,0.000000,0.000000,0.000000
198090718,-68.7561,2619.4021,0.000000,0.000000,0.000000,0.000000
198090750,-68.7561,2619.0457,0.000000,0.000000,0.000000,0.000000
198090796,-68.7561,2618.6957,0.000000,0.000000,0.000000,0.000000
198090828,-68.7561,2618.3041,0.000000,0.000000,0.000000,0.000000
198090859,-68.7561,2617.9138,0.000000,0.000000,0.000000,0.000000
198090906,-68.7561,2617.5523,0.000000,0.000000,0.000000,0.000000
198090937,-68.7561,2617.1755,0.000000,0.000000,0.000000,0.000000
198090984,-68.7561,2616.7992,0.000000,0.000000,0.000000,0.000000
198091015,-68.7561,2616.4243,0.000000,0.000000,0.000000,0.000000
198091046,-68.7561,2616.0021,0.000000,0.000000,0.000000,0.000000
198091078,-68.7561,2615.6782,0.000000,0.000000,0.000000,0.000000
198091125,-68.7561,2615.3563,0.000000,0.000000,0.000000,0.000000
198091156,-68.7561,2614.9207,0.000000,0.000000,0.000000,0.000000
198091187,-68.7561,2614.6218,0.000000,0.000000,0.000000,0.000000
198091250,-68.7561,2614.1836,0.000000,0.000000,0.000000,0.000000
198091281,-68.7561,2613.7033,0.000000,0.000000,0.000000,0.000000
198091312,-68.7561,2613.3628,0.000000,0.000000,0.000000,0.000000
198091343,-68.7561,2613.0128,0.000000,0.000000,0.000000,0.000000
198091390,-68.7561,2612.6940,0.000000,0.000000,0.000000,0.000000
198091421,-68.7561,2612.2674,0.000000,0.000000,0.000000,0.000000
198091468,-68.7561,2611.8873,0.000000,0.000000,0.000000,0.000000
198091515,-68.7561,2611.4683,0.000000,0.000000,0.000000,0.000000
198091546,-68.7561,2611.1017,0.000000,0.000000,0.000000,0.000000
198091593,-68.7561,2610.7235,0.000000,0.000000,0.000000,0.000000
198091625,-68.7561,2610.2483,0.000000,0.000000,0.000000,0.000000
198091671,-68.7561,2609.9398,0.000000,0.000000,0.000000,0.000000
198091703,-68.7561,2609.5617,0.000000,0.000000,0.000000,0.000000
198091750,-68.7561,2609.1548,0.000000,0.000000,0.000000,0.000000
198091781,-68.7561,2608.7377,0.000000,0.000000,0.000000,0.000000
198091828,-68.7561,2608.3346,0.000000,0.000000,0.000000,0.000000
198091875,-68.7561,2607.9655,0.000000,0.000000,0.000000,0.000000
198091906,-68.7561,2607.5369,0.000000,0.000000,0.000000,0.000000
198091937,-68.7561,2607.1504,0.000000,0.000000,0.000000,0.000000
198091984,-68.7561,2606.7736,0.000000,0.000000,0.000000,0.000000
198092031,-68.7561,2606.2683,0.000000,0.000000,0.000000,0.000000
198092078,-68.7561,2605.8193,0.000000,0.000000,0.000000,0.000000
198092109,-68.7561,2605.4597,0.000000,0.000000,0.000000,0.000000
198092140,-68.7561,2605.0930,0.000000,0.000000,0.000000,0.000000
198092187,-68.7561,2604.7526,0.000000,0.000000,0.000000,0.000000
198092218,-68.7561,2604.3310,0.000000,0.000000,0.000000,0.000000
198092265,-68.7561,2604.0136,0.000000,0.000000,0.000000,0.000000
198092296,-68.7561,2603.6252,0.000000,0.000000,0.000000,0.000000
198092343,-68.7561,2603.2586,0.000000,0.000000,0.000000,0.000000
198092375,-68.7561,2602.8204,0.000000,0.000000,0.000000,0.000000
198092421,-68.7561,2602.3496,0.000000,0.000000,0.000000,0.000000
198092453,-68.7561,2601.9945,0.000000,0.000000,0.000000,0.000000
198092484,-68.7561,2601.6585,0.000000,0.000000,0.000000,0.000000
198092531,-68.7561,2601.2944,0.000000,0.000000,0.000000,0.000000
198092562,-68.7561,2600.9310,0.000000,0.000000,0.000000,0.000000
198092593,-68.7561,2600.5586,0.000000,0.000000,0.000000,0.000000
198092640,-68.7561,2600.2456,0.000000,0.000000,0.000000,0.000000
198092671,-68.7561,2599.8847,0.000000,0.000000,0.000000,0.000000
198092703,-68.7561,2599.5034,0.000000,0.000000,0.000000,0.000000
198092750,-68.7561,2599.1016,0.000000,0.000000,0.000000,0.000000
198092796,-68.7561,2598.6290,0.000000,0.000000,0.000000,0.000000
198092843,-68.7561,2598.1691,0.000000,0.000000,0.000000,0.000000
198092890,-68.7561,2597.7424,0.000000,0.000000,0.000000,0.000000
198092921,-68.7561,2597.3764,0.000000,0.000000,0.000000,0.000000
198092968,-68.7561,2596.9548,0.000000,0.000000,0.000000,0.000000
198093000,-68.7561,2596.5237,0.000000,0.000000,0.000000,0.000000
198093046,-68.7561,2596.1788,0.000000,0.000000,0.000000,0.000000
198093078,-68.7561,2595.7566,0.000000,0.000000,0.000000,0.000000
198093125,-68.7561,2595.4410,0.000000,0.000000,0.000000,0.000000
198093156,-68.7561,2595.0028,0.000000,0.000000,0.000000,0.000000
198093203,-68.7561,2594.5921,0.000000,0.000000,0.000000,0.000000
198093234,-68.7561,2594.2485,0.000000,0.000000,0.000000,0.000000
198093281,-68.7561,2593.9023,0.000000,0.000000,0.000000,0.000000
198093312,-68.7561,2593.4379,0.000000,0.000000,0.000000,0.000000
198093359,-68.7561,2593.0081,0.000000,0.000000,0.000000,0.000000
198093421,-68.7561,2592.5424,0.000000,0.000000,0.000000,0.000000
198093468,-68.7561,2592.0685,0.000000,0.000000,0.000000,0.000000
198093515,-68.7561,2591.5964,0.000000,0.000000,0.000000,0.000000
198093562,-68.7561,2591.1212,0.000000,0.000000,0.000000,0.000000
198093609,-68.7561,2590.6473,0.000000,0.000000,0.000000,0.000000
198093671,-68.7561,2590.0750,0.000000,0.000000,0.000000,0.000000
198093718,-68.7561,2589.5097,0.000000,0.000000,0.000000,0.000000
198093750,-68.7561,2589.0479,0.000000,0.000000,0.000000,0.000000
198093796,-68.7561,2588.6320,0.000000,0.000000,0.000000,0.000000
198093843,-68.7561,2588.1734,0.000000,0.000000,0.000000,0.000000
198093890,-68.7561,2587.6944,0.000000,0.000000,0.000000,0.000000
198093937,-68.7561,2587.2326,0.000000,0.000000,0.000000,0.000000
198093984,-68.7561,2586.7880,0.000000,0.000000,0.000000,0.000000
198094031,-68.7561,2586.3409,0.000000,0.000000,0.000000,0.000000
198094062,-68.7561,2585.9046,0.000000,0.000000,0.000000,0.000000
198094125,-68.7561,2585.3451,0.000000,0.000000,0.000000,0.000000
198094171,-68.7561,2584.8788,0.000000,0.000000,0.000000,0.000000
198094218,-68.7561,2584.3972,0.000000,0.000000,0.000000,0.000000
198094265,-68.7561,2583.9750,0.000000,0.000000,0.000000,0.000000
198094312,-68.7561,2583.4672,0.000000,0.000000,0.000000,0.000000
198094359,-68.7561,2583.0475,0.000000,0.000000,0.000000,0.000000
198094390,-68.7561,2582.6400,0.000000,0.000000,0.000000,0.000000
198094437,-68.7561,2582.2357,0.000000,0.000000,0.000000,0.000000
198094468,-68.7561,2581.8505,0.000000,0.000000,0.000000,0.000000
198094500,-68.7561,2581.5229,0.000000,0.000000,0.000000,0.000000
198094546,-68.7561,2581.1767,0.000000,0.000000,0.000000,0.000000
198094593,-68.7561,2580.7104,0.000000,0.000000,0.000000,0.000000
198094625,-68.7561,2580.2856,0.000000,0.000000,0.000000,0.000000
198094671,-68.7561,2579.9005,0.000000,0.000000,0.000000,0.000000
198094703,-68.7561,2579.4744,0.000000,0.000000,0.000000,0.000000
198094750,-68.7561,2579.1020,0.000000,0.000000,0.000000,0.000000
198094781,-68.7561,2578.7609,0.000000,0.000000,0.000000,0.000000
198094812,-68.7561,2578.4033,0.000000,0.000000,0.000000,0.000000
198094859,-68.7561,2578.0583,0.000000,0.000000,0.000000,0.000000
198094890,-68.7561,2577.6566,0.000000,0.000000,0.000000,0.000000
198094937,-68.7561,2577.2184,0.000000,0.000000,0.000000,0.000000
198094968,-68.7561,2576.8051,0.000000,0.000000,0.000000,0.000000
198095015,-68.7561,2576.4462,0.000000,0.000000,0.000000,0.000000
198095046,-68.7561,2576.0974,0.000000,0.000000,0.000000,0.000000
198095093,-68.7561,2575.7180,0.000000,0.000000,0.000000,0.000000
198095125,-68.7561,2575.3054,0.000000,0.000000,0.000000,0.000000
198095171,-68.7561,2574.8902,0.000000,0.000000,0.000000,0.000000
198095218,-68.7561,2574.4494,0.000000,0.000000,0.000000,0.000000
198095250,-68.7561,2574.0592,0.000000,0.000000,0.000000,0.000000
198095296,-68.7561,2573.6606,0.000000,0.000000,0.000000,0.000000
198095359,-68.7561,2573.1451,0.000000,0.000000,0.000000,0.000000
198095390,-68.7561,2572.6425,0.000000,0.000000,0.000000,0.000000
198095437,-68.7561,2572.2528,0.000000,0.000000,0.000000,0.000000
198095484,-68.7561,2571.8332,0.000000,0.000000,0.000000,0.000000
198095515,-68.7561,2571.4071,0.000000,0.000000,0.000000,0.000000
198095562,-68.7561,2571.0137,0.000000,0.000000,0.000000,0.000000
198095593,-68.7561,2570.5998,0.000000,0.000000,0.000000,0.000000
198095625,-68.7561,2570.2382,0.000000,0.000000,0.000000,0.000000
198095671,-68.7561,2569.8825,0.000000,0.000000,0.000000,0.000000
198095703,-68.7561,2569.5222,0.000000,0.000000,0.000000,0.000000
198095750,-68.7561,2569.1255,0.000000,0.000000,0.000000,0.000000
198095781,-68.7561,2568.7864,0.000000,0.000000,0.000000,0.000000
198095828,-68.7561,2568.4223,0.000000,0.000000,0.000000,0.000000
198095859,-68.7561,2567.9752,0.000000,0.000000,0.000000,0.000000
198095906,-68.7561,2567.6136,0.000000,0.000000,0.000000,0.000000
198095953,-68.7561,2567.1767,0.000000,0.000000,0.000000,0.000000
198096000,-68.7561,2566.7711,0.000000,0.000000,0.000000,0.000000
198096031,-68.7561,2566.3036,0.000000,0.000000,0.000000,0.000000
198096078,-68.7561,2565.8961,0.000000,0.000000,0.000000,0.000000
198096125,-68.7562,2565.4502,0.000000,0.000000,0.000000,0.000000
198096187,-68.7562,2564.8901,0.000000,0.000000,0.000000,0.000000
198096218,-68.7562,2564.3925,0.000000,0.000000,0.000000,0.000000
198096265,-68.7562,2564.0124,0.000000,0.000000,0.000000,0.000000
198096296,-68.7562,2563.6145,0.000000,0.000000,0.000000,0.000000
198096343,-68.7562,2563.2127,0.000000,0.000000,0.000000,0.000000
198096390,-68.7562,2562.6826,0.000000,0.000000,0.000000,0.000000
198096437,-68.7562,2562.2482,0.000000,0.000000,0.000000,0.000000
198096484,-68.7562,2561.8069,0.000000,0.000000,0.000000,0.000000
198096515,-68.7562,2561.3930,0.000000,0.000000,0.000000,0.000000
198096562,-68.7562,2560.9810,0.000000,0.000000,0.000000,0.000000
198096609,-68.7562,2560.4476,0.000000,0.000000,0.000000,0.000000
198096656,-68.7561,2560.0254,0.000000,0.000000,0.000000,0.000000
198096703,-68.7561,2559.5879,0.000000,0.000000,0.000000,0.000000
198096750,-68.7561,2559.1484,0.000000,0.000000,0.000000,0.000000
198096796,-68.7561,2558.6745,0.000000,0.000000,0.000000,0.000000
198096828,-68.7561,2558.2261,0.000000,0.000000,0.000000,0.000000
198096875,-68.7561,2557.8524,0.000000,0.000000,0.000000,0.000000
198096921,-68.7562,2557.4743,0.000000,0.000000,0.000000,0.000000
198096953,-68.7561,2557.0169,0.000000,0.000000,0.000000,0.000000
198097000,-68.7561,2556.6050,0.000000,0.000000,0.000000,0.000000
198097062,-68.7561,2556.1540,0.000000,0.000000,0.000000,0.000000
198097093,-68.7561,2555.6130,0.000000,0.000000,0.000000,0.000000
198097140,-68.7561,2555.2700,0.000000,0.000000,0.000000,0.000000
198097171,-68.7561,2554.8708,0.000000,0.000000,0.000000,0.000000
198097218,-68.7561,2554.4339,0.000000,0.000000,0.000000,0.000000
198097265,-68.7561,2553.9708,0.000000,0.000000,0.000000,0.000000
198097312,-68.7561,2553.5288,0.000000,0.000000,0.000000,0.000000
198097359,-68.7561,2553.1136,0.000000,0.000000,0.000000,0.000000
198097390,-68.7561,2552.6959,0.000000,0.000000,0.000000,0.000000
198097437,-68.7561,2552.2494,0.000000,0.000000,0.000000,0.000000
198097484,-68.7561,2551.7601,0.000000,0.000000,0.000000,0.000000
198097531,-68.7561,2551.3392,0.000000,0.000000,0.000000,0.000000
198097562,-68.7561,2550.9521,0.000000,0.000000,0.000000,0.000000
198097609,-68.7561,2550.5433,0.000000,0.000000,0.000000,0.000000
198097656,-68.7561,2550.0930,0.000000,0.000000,0.000000,0.000000
198097687,-68.7561,2549.6452,0.000000,0.000000,0.000000,0.000000
198097734,-68.7561,2549.2435,0.000000,0.000000,0.000000,0.000000
198097781,-68.7561,2548.8200,0.000000,0.000000,0.000000,0.000000
198097828,-68.7561,2548.4227,0.000000,0.000000,0.000000,0.000000
198097859,-68.7561,2547.9864,0.000000,0.000000,0.000000,0.000000
198097921,-68.7561,2547.4888,0.000000,0.000000,0.000000,0.000000
198097968,-68.7561,2546.9555,0.000000,0.000000,0.000000,0.000000
198098000,-68.7561,2546.5333,0.000000,0.000000,0.000000,0.000000
198098046,-68.7561,2546.1264,0.000000,0.000000,0.000000,0.000000
198098078,-68.7561,2545.7144,0.000000,0.000000,0.000000,0.000000
198098125,-68.7561,2545.3254,0.000000,0.000000,0.000000,0.000000
198098171,-68.7561,2544.9371,0.000000,0.000000,0.000000,0.000000
198098203,-68.7561,2544.5161,0.000000,0.000000,0.000000,0.000000
198098250,-68.7561,2544.1533,0.000000,0.000000,0.000000,0.000000
198098281,-68.7561,2543.7177,0.000000,0.000000,0.000000,0.000000
198098343,-68.7561,2543.1863,0.000000,0.000000,0.000000,0.000000
198098390,-68.7561,2542.7583,0.000000,0.000000,0.000000,0.000000
198098421,-68.7561,2542.3259,0.000000,0.000000,0.000000,0.000000
198098468,-68.7561,2541.9746,0.000000,0.000000,0.000000,0.000000
198098515,-68.7561,2541.7625,0.000000,0.000000,0.000000,0.000000
198098546,-68.7561,2541.6974,0.000000,0.000000,0.000000,0.000000
198098593,-68.7561,2541.6904,0.000000,0.000000,0.000000,0.000000
198098640,-68.7561,2541.6884,0.000000,0.000000,0.000000,0.000000
198098671,-68.7561,2541.6878,0.000000,0.000000,0.000000,0.000000
198098718,-68.7561,2541.6878,0.000000,0.000000,0.000000,0.000000
198098765,-68.7561,2541.6872,0.000000,0.000000,0.000000,0.000000
198098812,-68.7561,2541.6865,0.000000,0.000000,0.000000,0.000000
198098859,-68.7561,2541.6865,0.000000,0.000000,0.000000,0.000000
198098890,-68.7561,2541.6865,0.000000,0.000000,0.000000,0.000000
198098937,-68.7561,2541.6859,0.000000,0.000000,0.000000,0.000000
198098984,-68.7561,2541.6859,0.000000,0.000000,0.000000,0.000000
198099031,-68.7561,2541.6859,0.000000,0.000000,0.000000,0.000000
198099078,-68.7561,2541.6852,0.000000,0.000000,0.000000,0.000000
198099109,-68.7561,2541.6852,0.000000,0.000000,0.000000,0.000000
198099156,-68.7561,2541.6852,0.000000,0.000000,0.000000,0.000000
198099203,-68.7561,2541.6846,0.000000,0.000000,0.000000,0.000000
198099250,-68.7561,2541.6846,0.000000,0.000000,0.000000,0.000000
198099281,-68.7561,2541.6846,0.000000,0.000000,0.000000,0.000000
198099312,-68.7561,2541.6840,0.000000,0.000000,0.000000,0.000000
198099343,-68.7561,2541.6840,0.000000,0.000000,0.000000,0.000000
198099390,-68.7561,2541.6840,0.000000,0.000000,0.000000,0.000000
198099421,-68.7561,2541.6840,0.000000,0.000000,0.000000,0.000000
198099453,-68.7561,2541.6833,0.000000,0.000000,0.000000,0.000000
198099500,-68.7561,2541.6833,0.000000,0.000000,0.000000,0.000000
198099531,-68.7561,2541.6833,0.000000,0.000000,0.000000,0.000000
198099578,-68.7561,2541.6833,0.000000,0.000000,0.000000,0.000000
198099609,-68.7561,2541.6827,0.000000,0.000000,0.000000,0.000000
198099640,-68.7561,2541.6827,0.000000,0.000000,0.000000,0.000000
198099687,-68.7561,2541.6827,0.000000,0.000000,0.000000,0.000000
198099718,-68.7561,2541.6827,0.000000,0.000000,0.000000,0.000000
198099750,-68.7561,2541.6821,0.000000,0.000000,0.000000,0.000000
198099781,-68.7561,2541.6821,0.000000,0.000000,0.000000,0.000000
198099828,-68.7561,2541.6821,0.000000,0.000000,0.000000,0.000000
198099859,-68.7561,2541.6821,0.000000,0.000000,0.000000,0.000000
198099890,-68.7561,2541.6814,0.000000,0.000000,0.000000,0.000000
198099937,-68.7561,2541.6814,0.000000,0.000000,0.000000,0.000000
198099968,-68.7561,2541.6814,0.000000,0.000000,0.000000,0.000000
198100015,-68.7561,2541.6814,0.000000,0.000000,0.000000,0.000000
198100031,-68.7561,2541.6808,0.000000,0.000000,0.000000,0.000000
198100078,-68.7561,2541.6808,0.000000,0.000000,0.000000,0.000000
198100109,-68.7561,2541.6808,0.000000,0.000000,0.000000,0.000000
198100156,-68.7561,2541.6808,0.000000,0.000000,0.000000,0.000000
198100187,-68.7561,2541.6801,0.000000,0.000000,0.000000,0.000000
198100218,-68.7561,2541.6801,0.000000,0.000000,0.000000,0.000000
198100250,-68.7561,2541.6801,0.000000,0.000000,0.000000,0.000000
198100312,-68.7561,2541.6795,0.000000,0.000000,0.000000,0.000000
198100343,-68.7561,2541.6795,0.000000,0.000000,0.000000,0.000000
198100375,-68.7561,2541.6795,0.000000,0.000000,0.000000,0.000000
198100406,-68.7561,2541.6789,0.000000,0.000000,0.000000,0.000000
198100437,-68.7561,2541.6789,0.000000,0.000000,0.000000,0.000000
198100484,-68.7561,2541.6789,0.000000,0.000000,0.000000,0.000000
198100515,-68.7561,2541.6789,0.000000,0.000000,0.000000,0.000000
