tick_ms,axis1_pos_abs_mm,axis2_pos_abs_mm,fn_1_raw_v,ft_1_raw_v,fn_1_zero_v,ft_1_zero_v
111830656,-7.2017,0.0000,0.000000,0.000000,0.000000,0.000000
111830718,-7.2017,0.0000,0.000000,0.000000,0.000000,0.000000
111830890,-7.2017,0.0000,0.000000,0.000000,0.000000,0.000000
111830937,-7.2017,0.0000,0.000000,0.000000,0.000000,0.000000
111830968,-9.6736,0.0000,0.000000,0.000000,0.000000,0.000000
111831000,-14.6121,0.0000,0.000000,0.000000,0.000000,0.000000
111831046,-20.0774,0.0000,0.000000,0.000000,0.000000,0.000000
111831078,-25.4009,0.0000,0.000000,0.000000,0.000000,0.000000
111831125,-30.8740,0.0000,0.000000,0.000000,0.000000,0.000000
111831171,-37.2221,0.0000,0.000000,0.000000,0.000000,0.000000
111831203,-42.9925,0.0000,0.000000,0.000000,0.000000,0.000000
111831265,-50.1534,0.0000,0.000000,0.000000,0.000000,0.000000
111831296,-56.0325,0.0000,0.000000,0.000000,0.000000,0.000000
111831328,-61.4906,0.0000,0.000000,0.000000,0.000000,0.000000
111831375,-67.1014,0.0000,0.000000,0.000000,0.000000,0.000000
111831406,-72.5789,0.0000,0.000000,0.000000,0.000000,0.000000
111831453,-78.9090,0.0000,0.000000,0.000000,0.000000,0.000000
111831500,-84.1706,0.0000,0.000000,0.000000,0.000000,0.000000
111831546,-83.3523,0.0000,0.000000,0.000000,0.000000,0.000000
111831578,-83.1998,0.0000,0.000000,0.000000,0.000000,0.000000
111831625,-83.2006,0.0000,0.000000,0.000000,0.000000,0.000000
111831671,-83.2009,0.0000,0.000000,0.000000,0.000000,0.000000
111831703,-83.2011,0.0000,0.000000,0.000000,0.000000,0.000000
111831750,-83.2012,0.0000,0.000000,0.000000,0.000000,0.000000
111831781,-83.2014,0.0000,0.000000,0.000000,0.000000,0.000000
111831812,-83.2015,0.0000,0.000000,0.000000,0.000000,0.000000
111831859,-83.2015,0.0000,0.000000,0.000000,0.000000,0.000000
111831953,-83.2017,0.0000,0.000000,0.000000,0.000000,0.000000
111832203,-83.2017,0.0000,0.000000,0.000000,0.000000,0.000000
111832250,-83.2017,0.0000,0.000000,0.000000,0.000000,0.000000
111832296,-83.2017,0.0000,0.000000,0.000000,0.000000,0.000000
111832343,-83.2017,0.0000,0.000000,0.000000,0.000000,0.000000
111832375,-83.2017,0.0000,0.000000,0.000000,0.000000,0.000000
111832421,-83.2017,0.0000,0.000000,0.000000,0.000000,0.000000
111832453,-83.2017,0.0000,0.000000,0.000000,0.000000,0.000000
111832500,-83.2017,0.0000,0.000000,0.000000,0.000000,0.000000
111832546,-83.2017,0.0000,0.000000,0.000000,0.000000,0.000000
111832593,-83.2017,0.0000,0.000000,0.000000,0.000000,0.000000
111832625,-83.2017,0.0000,0.000000,0.000000,0.000000,0.000000
111832656,-83.2017,0.0000,0.000000,0.000000,0.000000,0.000000
111832687,-83.2017,0.0000,0.000000,0.000000,0.000000,0.000000
111832734,-83.2017,0.0000,0.000000,0.000000,0.000000,0.000000
111832781,-83.2017,0.0000,0.000000,0.000000,0.000000,0.000000
111832812,-83.2017,0.0000,0.000000,0.000000,0.000000,0.000000
111832859,-83.2017,0.0000,0.000000,0.000000,0.000000,0.000000
111832890,-83.2017,0.0000,0.000000,0.000000,0.000000,0.000000
111832921,-83.2017,0.0000,0.000000,0.000000,0.000000,0.000000
111832968,-83.2017,0.0000,0.000000,0.000000,0.000000,0.000000
111833000,-83.2017,0.0000,0.000000,0.000000,0.000000,0.000000
111833046,-83.2017,0.0000,0.000000,0.000000,0.000000,0.000000
111833078,-83.2017,0.0000,0.000000,0.000000,0.000000,0.000000
111833140,-83.2017,0.0000,0.000000,0.000000,0.000000,0.000000
111833171,-83.2017,0.0000,0.000000,0.000000,0.000000,0.000000
111833203,-83.2017,0.0000,0.000000,0.000000,0.000000,0.000000
111833250,-83.2017,0.0000,0.000000,0.000000,0.000000,0.000000
111833281,-83.2017,0.0000,0.000000,0.000000,0.000000,0.000000
111833328,-83.2017,0.0000,0.000000,0.000000,0.000000,0.000000
111833375,-83.2017,0.0000,0.000000,0.000000,0.000000,0.000000
111833421,-83.2017,0.0000,0.000000,0.000000,0.000000,0.000000
111833468,-83.2017,0.0000,0.000000,0.000000,0.000000,0.000000
111833515,-83.2017,0.0000,0.000000,0.000000,0.000000,0.000000
111833562,-83.2017,0.0000,0.000000,0.000000,0.000000,0.000000
111833609,-83.2017,0.0000,0.000000,0.000000,0.000000,0.000000
111833656,-83.2017,0.0000,0.000000,0.000000,0.000000,0.000000
111833703,-83.2017,0.0000,0.000000,0.000000,0.000000,0.000000
111833750,-83.2017,0.0000,0.000000,0.000000,0.000000,0.000000
111833796,-83.2017,0.0000,0.000000,0.000000,0.000000,0.000000
111833843,-83.2017,0.0000,0.000000,0.000000,0.000000,0.000000
111833906,-83.2017,0.0000,0.000000,0.000000,0.000000,0.000000
111833953,-83.2017,0.0000,0.000000,0.000000,0.000000,0.000000
111833984,-83.2017,0.0000,0.000000,0.000000,0.000000,0.000000
111834046,-83.2017,0.0000,0.000000,0.000000,0.000000,0.000000
111834093,-83.2017,0.0000,0.000000,0.000000,0.000000,0.000000
111834140,-83.2017,0.0000,0.000000,0.000000,0.000000,0.000000
111834343,-83.2017,0.0000,0.000000,0.000000,0.000000,0.000000
111834390,-83.2017,0.0000,0.000000,0.000000,0.000000,0.000000
111834437,-83.2017,0.0000,0.000000,0.000000,0.000000,0.000000
111834500,-83.2017,0.0000,0.000000,0.000000,0.000000,0.000000
111834531,-83.2017,0.0000,0.000000,0.000000,0.000000,0.000000
111834578,-83.2017,0.0000,0.000000,0.000000,0.000000,0.000000
111834625,-83.2017,0.0000,0.000000,0.000000,0.000000,0.000000
111834671,-83.2017,0.0000,0.000000,0.000000,0.000000,0.000000
111834734,-83.2017,0.0000,0.000000,0.000000,0.000000,0.000000
111834765,-83.2017,0.0000,0.000000,0.000000,0.000000,0.000000
111834812,-83.2017,0.0000,0.000000,0.000000,0.000000,0.000000
111834859,-83.2017,0.0000,0.000000,0.000000,0.000000,0.000000
111834906,-83.2017,0.0000,0.000000,0.000000,0.000000,0.000000
111834968,-83.2017,0.0000,0.000000,0.000000,0.000000,0.000000
111835015,-83.2017,0.0000,0.000000,0.000000,0.000000,0.000000
111835062,-83.2017,0.0000,0.000000,0.000000,0.000000,0.000000
111835109,-83.2017,0.0000,0.000000,0.000000,0.000000,0.000000
111835171,-83.2017,0.0000,0.000000,0.000000,0.000000,0.000000
111835218,-83.2017,0.0000,0.000000,0.000000,0.000000,0.000000
111835265,-83.2017,0.0000,0.000000,0.000000,0.000000,0.000000
111835312,-83.2017,0.0000,0.000000,0.000000,0.000000,0.000000
111835375,-83.2017,0.0000,0.000000,0.000000,0.000000,0.000000
111835421,-83.2017,0.0000,0.000000,0.000000,0.000000,0.000000
111835468,-83.2017,0.0000,0.000000,0.000000,0.000000,0.000000
111835500,-83.2017,0.0000,0.000000,0.000000,0.000000,0.000000
111835562,-83.2017,0.0000,0.000000,0.000000,0.000000,0.000000
111835609,-83.2017,0.0000,0.000000,0.000000,0.000000,0.000000
111835656,-83.2017,0.0000,0.000000,0.000000,0.000000,0.000000
111835703,-83.2017,0.0000,0.000000,0.000000,0.000000,0.000000
111835750,-83.2017,0.0000,0.000000,0.000000,0.000000,0.000000
111835796,-83.2017,0.0000,0.000000,0.000000,0.000000,0.000000
111835843,-83.2017,0.0000,0.000000,0.000000,0.000000,0.000000
111835890,-83.2017,0.0000,0.000000,0.000000,0.000000,0.000000
111835937,-83.2017,0.0000,0.000000,0.000000,0.000000,0.000000
111835984,-83.2017,0.0000,0.000000,0.000000,0.000000,0.000000
111836031,-83.2017,0.0000,0.000000,0.000000,0.000000,0.000000
111836078,-83.2017,0.0000,0.000000,0.000000,0.000000,0.000000
111836156,-83.2017,0.0000,0.000000,0.000000,0.000000,0.000000
111836203,-83.2017,0.0000,0.000000,0.000000,0.000000,0.000000
111836250,-83.2017,0.0000,0.000000,0.000000,0.000000,0.000000
111836296,-83.2017,0.0000,0.000000,0.000000,0.000000,0.000000
111836343,-83.2017,0.0000,0.000000,0.000000,0.000000,0.000000
111836390,-83.2017,0.0000,0.000000,0.000000,0.000000,0.000000
111836437,-83.2017,0.0000,0.000000,0.000000,0.000000,0.000000
111836468,-83.2017,0.0000,0.000000,0.000000,0.000000,0.000000
111836562,-83.2017,0.0000,0.000000,0.000000,0.000000,0.000000
111836609,-83.2017,0.0000,0.000000,0.000000,0.000000,0.000000
111836671,-83.2017,0.0000,0.000000,0.000000,0.000000,0.000000
111836968,-83.2017,0.0000,0.000000,0.000000,0.000000,0.000000
111837015,-83.2017,0.0000,0.000000,0.000000,0.000000,0.000000
111837109,-83.2017,0.0000,0.000000,0.000000,0.000000,0.000000
111837187,-83.2017,0.0000,0.000000,0.000000,0.000000,0.000000
111837234,-83.2017,0.0000,0.000000,0.000000,0.000000,0.000000
111837421,-83.2017,0.0000,0.000000,0.000000,0.000000,0.000000
111837468,-83.2017,0.0000,0.000000,0.000000,0.000000,0.000000
111837500,-83.2017,0.0000,0.000000,0.000000,0.000000,0.000000
111837578,-83.2017,0.0000,0.000000,0.000000,0.000000,0.000000
111837640,-83.2017,0.0000,0.000000,0.000000,0.000000,0.000000
111837687,-83.2017,0.0000,0.000000,0.000000,0.000000,0.000000
111837890,-83.2017,0.0000,0.000000,0.000000,0.000000,0.000000
111837937,-83.2017,0.0000,0.000000,0.000000,0.000000,0.000000
111837984,-83.2017,0.0000,0.000000,0.000000,0.000000,0.000000
111838046,-83.2017,0.0000,0.000000,0.000000,0.000000,0.000000
111838250,-83.2017,0.0000,0.000000,0.000000,0.000000,0.000000
111838296,-83.2017,0.0000,0.000000,0.000000,0.000000,0.000000
111838343,-83.2017,0.0000,0.000000,0.000000,0.000000,0.000000
111838375,-83.2017,0.0000,0.000000,0.000000,0.000000,0.000000
111838437,-83.2017,0.0000,0.000000,0.000000,0.000000,0.000000
111838468,-83.2017,0.0000,0.000000,0.000000,0.000000,0.000000
111838515,-83.2017,0.0000,0.000000,0.000000,0.000000,0.000000
111838562,-83.2017,0.0000,0.000000,0.000000,0.000000,0.000000
111838609,-83.2017,0.0000,0.000000,0.000000,0.000000,0.000000
111838656,-83.2017,0.0000,0.000000,0.000000,0.000000,0.000000
111838687,-83.2017,0.0000,0.000000,0.000000,0.000000,0.000000
111838734,-83.2017,0.0000,0.000000,0.000000,0.000000,0.000000
111838765,-83.2017,0.0000,0.000000,0.000000,0.000000,0.000000
111838812,-83.2017,0.0000,0.000000,0.000000,0.000000,0.000000
111838875,-83.2017,0.0000,0.000000,0.000000,0.000000,0.000000
111838921,-83.2017,0.0000,0.000000,0.000000,0.000000,0.000000
111838953,-83.2017,0.0000,0.000000,0.000000,0.000000,0.000000
111839000,-83.2017,0.0000,0.000000,0.000000,0.000000,0.000000
111839046,-83.2017,0.0000,0.000000,0.000000,0.000000,0.000000
111839093,-83.2017,0.0000,0.000000,0.000000,0.000000,0.000000
111839125,-83.2017,0.0000,0.000000,0.000000,0.000000,0.000000
111839171,-83.2017,0.0000,0.000000,0.000000,0.000000,0.000000
111839218,-83.2017,0.0000,0.000000,0.000000,0.000000,0.000000
111839265,-83.2017,0.0000,0.000000,0.000000,0.000000,0.000000
111839312,-83.2017,0.0000,0.000000,0.000000,0.000000,0.000000
111839359,-83.2017,0.0000,0.000000,0.000000,0.000000,0.000000
111839406,-83.2017,0.0000,0.000000,0.000000,0.000000,0.000000
111839453,-83.2017,0.0000,0.000000,0.000000,0.000000,0.000000
111839500,-83.2017,0.0000,0.000000,0.000000,0.000000,0.000000
111839546,-83.2017,0.0000,0.000000,0.000000,0.000000,0.000000
111839609,-83.2017,0.0000,0.000000,0.000000,0.000000,0.000000
111839656,-83.2017,0.0000,0.000000,0.000000,0.000000,0.000000
111839687,-83.2017,0.0000,0.000000,0.000000,0.000000,0.000000
111839750,-83.2017,0.0000,0.000000,0.000000,0.000000,0.000000
111839812,-83.2017,0.0000,0.000000,0.000000,0.000000,0.000000
111839859,-83.2017,0.0000,0.000000,0.000000,0.000000,0.000000
111839906,-83.2017,0.0000,0.000000,0.000000,0.000000,0.000000
111839953,-83.2017,0.0000,0.000000,0.000000,0.000000,0.000000
111840000,-83.2017,0.0000,0.000000,0.000000,0.000000,0.000000
111840062,-83.2017,0.0000,0.000000,0.000000,0.000000,0.000000
111840109,-83.2017,0.0000,0.000000,0.000000,0.000000,0.000000
111840156,-83.2017,0.0000,0.000000,0.000000,0.000000,0.000000
111840203,-83.2017,0.0000,0.000000,0.000000,0.000000,0.000000
111840250,-83.2017,0.0000,0.000000,0.000000,0.000000,0.000000
111840312,-83.2017,0.0000,0.000000,0.000000,0.000000,0.000000
111840359,-83.2017,0.0000,0.000000,0.000000,0.000000,0.000000
111840406,-83.2017,0.0000,0.000000,0.000000,0.000000,0.000000
111840437,-83.2017,0.0000,0.000000,0.000000,0.000000,0.000000
111840484,-83.2017,0.0000,0.000000,0.000000,0.000000,0.000000
111840546,-83.2017,0.0000,0.000000,0.000000,0.000000,0.000000
111840593,-83.2017,0.0000,0.000000,0.000000,0.000000,0.000000
111840640,-83.2017,0.0000,0.000000,0.000000,0.000000,0.000000
111840687,-83.2017,0.0000,0.000000,0.000000,0.000000,0.000000
111840750,-83.2017,0.0000,0.000000,0.000000,0.000000,0.000000
111840828,-83.2017,0.0000,0.000000,0.000000,0.000000,0.000000
111840875,-83.2017,0.0000,0.000000,0.000000,0.000000,0.000000
111840921,-83.2017,0.0000,0.000000,0.000000,0.000000,0.000000
111840984,-83.2017,0.0000,0.000000,0.000000,0.000000,0.000000
111841031,-83.2017,0.0000,0.000000,0.000000,0.000000,0.000000
111841093,-83.2017,0.0000,0.000000,0.000000,0.000000,0.000000
111841156,-83.2017,0.0000,0.000000,0.000000,0.000000,0.000000
111841250,-83.2017,0.0000,0.000000,0.000000,0.000000,0.000000
111841312,-83.2017,0.0000,0.000000,0.000000,0.000000,0.000000
111841359,-83.2017,0.0000,0.000000,0.000000,0.000000,0.000000
111841421,-83.2017,0.0000,0.000000,0.000000,0.000000,0.000000
111841468,-83.2017,0.0000,0.000000,0.000000,0.000000,0.000000
111841515,-83.2017,0.0000,0.000000,0.000000,0.000000,0.000000
111841578,-83.2017,0.0000,0.000000,0.000000,0.000000,0.000000
111841875,-83.2017,0.0000,0.000000,0.000000,0.000000,0.000000
111841937,-83.2017,0.0000,0.000000,0.000000,0.000000,0.000000
111842015,-83.2017,0.0000,0.000000,0.000000,0.000000,0.000000
111842062,-83.2017,0.0000,0.000000,0.000000,0.000000,0.000000
111842125,-83.2017,0.0000,0.000000,0.000000,0.000000,0.000000
111842187,-83.2017,0.0000,0.000000,0.000000,0.000000,0.000000
111842250,-83.2017,0.0000,0.000000,0.000000,0.000000,0.000000
111842296,-83.2017,0.0000,0.000000,0.000000,0.000000,0.000000
111842359,-83.2017,0.0000,0.000000,0.000000,0.000000,0.000000
111842421,-83.2017,0.0000,0.000000,0.000000,0.000000,0.000000
111842468,-83.2017,0.0000,0.000000,0.000000,0.000000,0.000000
111842515,-83.2017,0.0000,0.000000,0.000000,0.000000,0.000000
111842562,-83.2017,0.0000,0.000000,0.000000,0.000000,0.000000
111842593,-83.2017,0.0000,0.000000,0.000000,0.000000,0.000000
111842640,-83.2017,0.0000,0.000000,0.000000,0.000000,0.000000
111842671,-83.2017,0.0000,0.000000,0.000000,0.000000,0.000000
111842734,-83.2017,0.0000,0.000000,0.000000,0.000000,0.000000
111842765,-83.2017,0.0000,0.000000,0.000000,0.000000,0.000000
111842812,-83.2017,0.0000,0.000000,0.000000,0.000000,0.000000
111842859,-83.2017,0.0000,0.000000,0.000000,0.000000,0.000000
111842906,-83.2017,0.0000,0.000000,0.000000,0.000000,0.000000
111842984,-83.2017,0.0000,0.000000,0.000000,0.000000,0.000000
111843046,-83.2017,0.0000,0.000000,0.000000,0.000000,0.000000
111843125,-83.2017,0.0000,0.000000,0.000000,0.000000,0.000000
111843171,-83.2017,0.0000,0.000000,0.000000,0.000000,0.000000
111843218,-83.2017,0.0000,0.000000,0.000000,0.000000,0.000000
111843281,-83.2017,0.0000,0.000000,0.000000,0.000000,0.000000
111843375,-83.2017,0.0000,0.000000,0.000000,0.000000,0.000000
111843515,-83.2017,0.0000,0.000000,0.000000,0.000000,0.000000
111843609,-83.2017,0.0000,0.000000,0.000000,0.000000,0.000000
111843640,-83.2017,0.0000,0.000000,0.000000,0.000000,0.000000
111843687,-83.2017,0.0000,0.000000,0.000000,0.000000,0.000000
111843734,-83.2017,0.0000,0.000000,0.000000,0.000000,0.000000
111843781,-83.2017,0.0000,0.000000,0.000000,0.000000,0.000000
111843828,-83.2017,0.0000,0.000000,0.000000,0.000000,0.000000
111843906,-83.2017,0.0000,0.000000,0.000000,0.000000,0.000000
111843984,-83.2017,0.0000,0.000000,0.000000,0.000000,0.000000
111844031,-83.2017,0.0000,0.000000,0.000000,0.000000,0.000000
111844156,-83.2017,0.0000,0.000000,0.000000,0.000000,0.000000
111844218,-83.2017,0.0000,0.000000,0.000000,0.000000,0.000000
111844250,-83.2017,0.0000,0.000000,0.000000,0.000000,0.000000
111844375,-83.2017,0.0000,0.000000,0.000000,0.000000,0.000000
111844421,-83.2017,0.0000,0.000000,0.000000,0.000000,0.000000
111844500,-83.2017,0.0000,0.000000,0.000000,0.000000,0.000000
111844593,-83.2017,0.0000,0.000000,0.000000,0.000000,0.000000
111844656,-83.2017,0.0000,0.000000,0.000000,0.000000,0.000000
111844765,-83.2017,0.0000,0.000000,0.000000,0.000000,0.000000
111844828,-83.2017,0.0000,0.000000,0.000000,0.000000,0.000000
111844890,-83.2017,0.0000,0.000000,0.000000,0.000000,0.000000
111844937,-83.2017,0.0000,0.000000,0.000000,0.000000,0.000000
111844984,-83.2017,0.0000,0.000000,0.000000,0.000000,0.000000
111845703,-83.2017,0.0000,0.000000,0.000000,0.000000,0.000000
111845968,-83.2017,0.0000,0.000000,0.000000,0.000000,0.000000
111846109,-83.2017,0.0000,0.000000,0.000000,0.000000,0.000000
111846640,-83.2017,0.0000,0.000000,0.000000,0.000000,0.000000
111846687,-83.2017,0.0000,0.000000,0.000000,0.000000,0.000000
111846734,-83.2017,0.0000,0.000000,0.000000,0.000000,0.000000
111846781,-83.2017,0.0000,0.000000,0.000000,0.000000,0.000000
111846828,-83.2017,0.0000,0.000000,0.000000,0.000000,0.000000
111846875,-83.2017,0.0000,0.000000,0.000000,0.000000,0.000000
111846921,-83.2017,0.0000,0.000000,0.000000,0.000000,0.000000
111846953,-83.2017,0.0000,0.000000,0.000000,0.000000,0.000000
111847000,-83.2017,0.0000,0.000000,0.000000,0.000000,0.000000
111847046,-83.2017,0.0000,0.000000,0.000000,0.000000,0.000000
111847093,-83.2017,0.0000,0.000000,0.000000,0.000000,0.000000
111847140,-83.2017,0.0000,0.000000,0.000000,0.000000,0.000000
111847203,-83.2017,0.0000,0.000000,0.000000,0.000000,0.000000
111847234,-83.2017,0.0000,0.000000,0.000000,0.000000,0.000000
111847281,-83.2017,0.0000,0.000000,0.000000,0.000000,0.000000
111847328,-83.2017,0.0000,0.000000,0.000000,0.000000,0.000000
111847375,-83.2017,0.0000,0.000000,0.000000,0.000000,0.000000
111847421,-83.2017,0.0000,0.000000,0.000000,0.000000,0.000000
111847468,-83.2017,0.0000,0.000000,0.000000,0.000000,0.000000
111847515,-83.2017,0.0000,0.000000,0.000000,0.000000,0.000000
111847562,-83.2017,0.0000,0.000000,0.000000,0.000000,0.000000
111847593,-83.2017,0.0000,0.000000,0.000000,0.000000,0.000000
111847656,-83.2017,0.0000,0.000000,0.000000,0.000000,0.000000
111847703,-83.2017,0.0000,0.000000,0.000000,0.000000,0.000000
111847750,-83.2017,0.0000,0.000000,0.000000,0.000000,0.000000
111847796,-83.2017,0.0000,0.000000,0.000000,0.000000,0.000000
111847843,-83.2017,0.0000,0.000000,0.000000,0.000000,0.000000
111847890,-83.2017,0.0000,0.000000,0.000000,0.000000,0.000000
111847921,-83.2017,0.0000,0.000000,0.000000,0.000000,0.000000
111847968,-83.2017,0.0000,0.000000,0.000000,0.000000,0.000000
111848015,-83.2017,0.0000,0.000000,0.000000,0.000000,0.000000
111848062,-83.2287,0.0000,0.000000,0.000000,0.000000,0.000000
111848125,-83.3552,0.0000,0.000000,0.000000,0.000000,0.000000
111848171,-83.2668,0.0000,0.000000,0.000000,0.000000,0.000000
111848218,-82.8763,0.0198,0.000000,0.000000,0.000000,0.000000
111848265,-82.4185,0.0236,0.000000,0.000000,0.000000,0.000000
111848312,-81.9915,0.0307,0.000000,0.000000,0.000000,0.000000
111848375,-81.4247,0.0562,0.000000,0.000000,0.000000,0.000000
111848421,-80.7615,0.0837,0.000000,0.000000,0.000000,0.000000
111848468,-79.9668,0.0913,0.000000,0.000000,0.000000,0.000000
111848609,-78.8831,0.0894,0.000000,0.000000,0.000000,0.000000
111848671,-78.3014,0.0907,0.000000,0.000000,0.000000,0.000000
111848734,-77.3961,0.0907,0.000000,0.000000,0.000000,0.000000
111848828,-76.4367,0.0907,0.000000,0.000000,0.000000,0.000000
111848906,-75.7521,0.0913,0.000000,0.000000,0.000000,0.000000
111848968,-74.8110,0.0913,0.000000,0.000000,0.000000,0.000000
111849031,-74.3054,0.0913,0.000000,0.000000,0.000000,0.000000
111849078,-74.3054,0.0913,0.000000,0.000000,0.000000,0.000000
111849125,-74.3054,0.0913,0.000000,0.000000,0.000000,0.000000
111849187,-74.3054,0.0913,0.000000,0.000000,0.000000,0.000000
111849234,-74.3054,0.0913,0.000000,0.000000,0.000000,0.000000
111849312,-74.3054,0.0913,0.000000,0.000000,0.000000,0.000000
111849578,-74.3054,0.0913,0.000000,0.000000,0.000000,0.000000
111849703,-74.3054,0.0913,0.000000,0.000000,0.000000,0.000000
111849734,-74.3054,0.0913,0.000000,0.000000,0.000000,0.000000
111850093,-74.3054,0.0913,0.000000,0.000000,0.000000,0.000000
111850109,-74.3054,0.0913,0.000000,0.000000,0.000000,0.000000
111850125,-74.3054,0.0913,0.000000,0.000000,0.000000,0.000000
111850156,-74.3054,0.0913,0.000000,0.000000,0.000000,0.000000
111850171,-74.3054,0.0913,0.000000,0.000000,0.000000,0.000000
111850187,-74.3054,0.0913,0.000000,0.000000,0.000000,0.000000
111850203,-74.3054,0.0913,0.000000,0.000000,0.000000,0.000000
111850515,-74.2060,0.0958,0.000000,0.000000,0.000000,0.000000
111850562,-74.2060,0.0958,0.000000,0.000000,0.000000,0.000000
111850609,-74.2060,0.0958,0.000000,0.000000,0.000000,0.000000
111850656,-74.1407,-0.2747,0.000000,0.000000,0.000000,0.000000
111850703,-74.0641,-0.7984,0.000000,0.000000,0.000000,0.000000
111850750,-73.9920,-1.6914,0.000000,0.000000,0.000000,0.000000
111850781,-73.9509,-2.4464,0.000000,0.000000,0.000000,0.000000
111850843,-73.9144,-3.3892,0.000000,0.000000,0.000000,0.000000
111850890,-73.8871,-4.2476,0.000000,0.000000,0.000000,0.000000
111850937,-73.9448,-4.9400,0.000000,0.000000,0.000000,0.000000
111851000,-74.1457,-5.6184,0.000000,0.000000,0.000000,0.000000
111851046,-74.4977,-6.1204,0.000000,0.000000,0.000000,0.000000
111851093,-74.9661,-6.4698,0.000000,0.000000,0.000000,0.000000
111851140,-75.6400,-6.8396,0.000000,0.000000,0.000000,0.000000
111851187,-76.4009,-7.1245,0.000000,0.000000,0.000000,0.000000
111851234,-77.2989,-7.3768,0.000000,0.000000,0.000000,0.000000
111851265,-78.2387,-7.6042,0.000000,0.000000,0.000000,0.000000
111851312,-79.1242,-7.8080,0.000000,0.000000,0.000000,0.000000
111851359,-80.3744,-8.1184,0.000000,0.000000,0.000000,0.000000
111851421,-81.4138,-8.3509,0.000000,0.000000,0.000000,0.000000
111851484,-82.5931,-8.6735,0.000000,0.000000,0.000000,0.000000
111851531,-83.4785,-8.9290,0.000000,0.000000,0.000000,0.000000
111851593,-84.5273,-9.2317,0.000000,0.000000,0.000000,0.000000
111851656,-85.5442,-9.5741,0.000000,0.000000,0.000000,0.000000
111851796,-86.5982,-9.6859,0.000000,0.000000,0.000000,0.000000
111851843,-87.5013,-10.0365,0.000000,0.000000,0.000000,0.000000
111851906,-88.8584,-10.5335,0.000000,0.000000,0.000000,0.000000
111851968,-90.6097,-11.1454,0.000000,0.000000,0.000000,0.000000
111852031,-92.1354,-11.6372,0.000000,0.000000,0.000000,0.000000
111852093,-93.7755,-12.0863,0.000000,0.000000,0.000000,0.000000
111852250,-95.7287,-12.6266,0.000000,0.000000,0.000000,0.000000
111852312,-97.1191,-12.8891,0.000000,0.000000,0.000000,0.000000
111852375,-99.1854,-13.3292,0.000000,0.000000,0.000000,0.000000
111852421,-100.0240,-13.7010,0.000000,0.000000,0.000000,0.000000
111852468,-100.1819,-14.0632,0.000000,0.000000,0.000000,0.000000
111852531,-100.0266,-14.2158,0.000000,0.000000,0.000000,0.000000
111852593,-100.0240,-14.2216,0.000000,0.000000,0.000000,0.000000
111852796,-100.0240,-14.2241,0.000000,0.000000,0.000000,0.000000
111852890,-88.5164,-14.3135,0.000000,0.000000,0.000000,0.000000
111852968,-85.2083,-14.3212,0.000000,0.000000,0.000000,0.000000
111853078,-85.1838,-14.3225,0.000000,0.000000,0.000000,0.000000
111853125,-85.1937,-14.3225,0.000000,0.000000,0.000000,0.000000
111853187,-85.1967,-14.3225,0.000000,0.000000,0.000000,0.000000
111853281,-85.1985,-14.3225,0.000000,0.000000,0.000000,0.000000
111853328,-85.1981,-14.3225,0.000000,0.000000,0.000000,0.000000
111853468,-85.2013,-14.2088,0.000000,0.000000,0.000000,0.000000
111853796,-85.2016,-13.9578,0.000000,0.000000,0.000000,0.000000
111853843,-85.2016,-13.2290,0.000000,0.000000,0.000000,0.000000
111853890,-85.2016,-12.3443,0.000000,0.000000,0.000000,0.000000
111853937,-85.2016,-11.3760,0.000000,0.000000,0.000000,0.000000
111854000,-85.2016,-10.8682,0.000000,0.000000,0.000000,0.000000
111854062,-85.2016,-10.6964,0.000000,0.000000,0.000000,0.000000
111854125,-85.2016,-10.9761,0.000000,0.000000,0.000000,0.000000
111854187,-85.2016,-12.1080,0.000000,0.000000,0.000000,0.000000
111854234,-85.3210,-13.8057,0.000000,0.000000,0.000000,0.000000
111854328,-85.6241,-16.7012,0.000000,0.000000,0.000000,0.000000
111854468,-85.9467,-18.9770,0.000000,0.000000,0.000000,0.000000
111854578,-86.4464,-20.6460,0.000000,0.000000,0.000000,0.000000
111854718,-87.5065,-22.4089,0.000000,0.000000,0.000000,0.000000
111854812,-88.8990,-23.6526,0.000000,0.000000,0.000000,0.000000
111854875,-90.4807,-24.4178,0.000000,0.000000,0.000000,0.000000
111855203,-93.6433,-25.5994,0.000000,0.000000,0.000000,0.000000
111855234,-94.8748,-25.9552,0.000000,0.000000,0.000000,0.000000
111855281,-97.3248,-26.2337,0.000000,0.000000,0.000000,0.000000
111855328,-99.6180,-26.2957,0.000000,0.000000,0.000000,0.000000
111855375,-100.1411,-26.2586,0.000000,0.000000,0.000000,0.000000
111855421,-100.1927,-26.0466,0.000000,0.000000,0.000000,0.000000
111855468,-100.1378,-25.9003,0.000000,0.000000,0.000000,0.000000
111855500,-100.1409,-25.8562,0.000000,0.000000,0.000000,0.000000
111855546,-100.1409,-25.8236,0.000000,0.000000,0.000000,0.000000
111855687,-100.1411,-25.7949,0.000000,0.000000,0.000000,0.000000
111855765,-95.5353,-25.7668,0.000000,0.000000,0.000000,0.000000
111855828,-87.5200,-25.7508,0.000000,0.000000,0.000000,0.000000
111855906,-85.2091,-25.7393,0.000000,0.000000,0.000000,0.000000
111855953,-85.1796,-25.7285,0.000000,0.000000,0.000000,0.000000
111856000,-85.1872,-25.7221,0.000000,0.000000,0.000000,0.000000
111856109,-85.1920,-25.7170,0.000000,0.000000,0.000000,0.000000
111856140,-85.1903,-25.7068,0.000000,0.000000,0.000000,0.000000
111856187,-85.1991,-25.5011,0.000000,0.000000,0.000000,0.000000
111856234,-85.1998,-24.9722,0.000000,0.000000,0.000000,0.000000
111856281,-85.2004,-24.2262,0.000000,0.000000,0.000000,0.000000
111856328,-85.2009,-23.5887,0.000000,0.000000,0.000000,0.000000
111856375,-85.2010,-22.9129,0.000000,0.000000,0.000000,0.000000
111856421,-85.2012,-22.3080,0.000000,0.000000,0.000000,0.000000
111856468,-85.2013,-21.7025,0.000000,0.000000,0.000000,0.000000
111856515,-85.2015,-21.2790,0.000000,0.000000,0.000000,0.000000
111856562,-85.2595,-20.9539,0.000000,0.000000,0.000000,0.000000
111856593,-85.3760,-20.6613,0.000000,0.000000,0.000000,0.000000
111856640,-85.5276,-20.4442,0.000000,0.000000,0.000000,0.000000
111856687,-85.7196,-20.2398,0.000000,0.000000,0.000000,0.000000
111856734,-86.0236,-19.8591,0.000000,0.000000,0.000000,0.000000
111856781,-86.5035,-19.1105,0.000000,0.000000,0.000000,0.000000
111856828,-87.0866,-18.2744,0.000000,0.000000,0.000000,0.000000
111856875,-87.9463,-16.9924,0.000000,0.000000,0.000000,0.000000
111856921,-88.9194,-15.5188,0.000000,0.000000,0.000000,0.000000
111856968,-89.9309,-13.8466,0.000000,0.000000,0.000000,0.000000
111857015,-90.9000,-12.4197,0.000000,0.000000,0.000000,0.000000
111857062,-92.0629,-10.7430,0.000000,0.000000,0.000000,0.000000
111857109,-93.3806,-8.8293,0.000000,0.000000,0.000000,0.000000
111857156,-94.7566,-6.8390,0.000000,0.000000,0.000000,0.000000
111857203,-96.1478,-5.0154,0.000000,0.000000,0.000000,0.000000
111857250,-97.5400,-3.4581,0.000000,0.000000,0.000000,0.000000
111857296,-99.0596,-2.0031,0.000000,0.000000,0.000000,0.000000
111857328,-99.9325,-0.7237,0.000000,0.000000,0.000000,0.000000
111857359,-100.1492,0.2759,0.000000,0.000000,0.000000,0.000000
111857406,-100.1935,1.3720,0.000000,0.000000,0.000000,0.000000
111857437,-100.1751,1.8057,0.000000,0.000000,0.000000,0.000000
111857484,-100.1495,1.9533,0.000000,0.000000,0.000000,0.000000
111857515,-100.1495,1.9884,0.000000,0.000000,0.000000,0.000000
111857609,-100.1495,2.0025,0.000000,0.000000,0.000000,0.000000
111857687,-97.7379,2.0395,0.000000,0.000000,0.000000,0.000000
111857750,-89.6905,2.0504,0.000000,0.000000,0.000000,0.000000
111857812,-85.3915,2.0612,0.000000,0.000000,0.000000,0.000000
111857875,-85.2081,2.0682,0.000000,0.000000,0.000000,0.000000
111857921,-85.1833,2.0702,0.000000,0.000000,0.000000,0.000000
111858109,-85.1967,2.0714,0.000000,0.000000,0.000000,0.000000
111858203,-85.1960,2.0714,0.000000,0.000000,0.000000,0.000000
111858234,-85.2007,2.0785,0.000000,0.000000,0.000000,0.000000
111858281,-85.2009,2.1391,0.000000,0.000000,0.000000,0.000000
111858500,-85.2015,2.4764,0.000000,0.000000,0.000000,0.000000
111858546,-85.2016,2.6910,0.000000,0.000000,0.000000,0.000000
111858593,-85.3746,3.3227,0.000000,0.000000,0.000000,0.000000
111858640,-85.7587,4.5191,0.000000,0.000000,0.000000,0.000000
111858703,-86.4244,6.1939,0.000000,0.000000,0.000000,0.000000
111858750,-86.9725,7.1322,0.000000,0.000000,0.000000,0.000000
111858796,-87.7695,8.1810,0.000000,0.000000,0.000000,0.000000
111858859,-89.0878,9.5294,0.000000,0.000000,0.000000,0.000000
111858906,-90.3043,10.3099,0.000000,0.000000,0.000000,0.000000
111858984,-91.7031,11.0790,0.000000,0.000000,0.000000,0.000000
111859031,-93.0817,11.8895,0.000000,0.000000,0.000000,0.000000
111859109,-95.1871,13.0271,0.000000,0.000000,0.000000,0.000000
111859187,-96.9451,13.8307,0.000000,0.000000,0.000000,0.000000
111859312,-98.9232,14.4598,0.000000,0.000000,0.000000,0.000000
111859343,-99.5534,14.6489,0.000000,0.000000,0.000000,0.000000
111859375,-100.0573,14.9574,0.000000,0.000000,0.000000,0.000000
111859703,-100.2019,15.4805,0.000000,0.000000,0.000000,0.000000
111859812,-100.0580,15.4805,0.000000,0.000000,0.000000,0.000000
111859875,-98.5426,15.4824,0.000000,0.000000,0.000000,0.000000
111859953,-89.6289,15.4958,0.000000,0.000000,0.000000,0.000000
111860203,-85.1959,15.5029,0.000000,0.000000,0.000000,0.000000
111860250,-85.1957,15.5029,0.000000,0.000000,0.000000,0.000000
111860281,-85.1973,15.5029,0.000000,0.000000,0.000000,0.000000
111860453,-85.1998,15.5029,0.000000,0.000000,0.000000,0.000000
111860500,-85.1996,15.5022,0.000000,0.000000,0.000000,0.000000
111860609,-85.6878,15.5003,0.000000,0.000000,0.000000,0.000000
111860656,-86.1765,15.4958,0.000000,0.000000,0.000000,0.000000
111860703,-87.2267,15.4888,0.000000,0.000000,0.000000,0.000000
111860843,-89.0613,15.4703,0.000000,0.000000,0.000000,0.000000
111860890,-89.8859,15.4620,0.000000,0.000000,0.000000,0.000000
111860937,-91.3942,15.4511,0.000000,0.000000,0.000000,0.000000
111861375,-93.7924,15.3694,0.000000,0.000000,0.000000,0.000000
111861421,-94.8597,15.3540,0.000000,0.000000,0.000000,0.000000
111861453,-96.5042,15.3413,0.000000,0.000000,0.000000,0.000000
111861500,-98.5075,15.3317,0.000000,0.000000,0.000000,0.000000
111861546,-99.8529,15.3234,0.000000,0.000000,0.000000,0.000000
111861593,-100.1644,15.3183,0.000000,0.000000,0.000000,0.000000
111861656,-100.1968,15.3144,0.000000,0.000000,0.000000,0.000000
111861687,-100.1614,15.3132,0.000000,0.000000,0.000000,0.000000
111861734,-100.1648,15.3119,0.000000,0.000000,0.000000,0.000000
111861781,-100.1647,15.3113,0.000000,0.000000,0.000000,0.000000
111861921,-100.1645,15.3100,0.000000,0.000000,0.000000,0.000000
111862000,-95.0891,15.3087,0.000000,0.000000,0.000000,0.000000
111862093,-86.4579,15.3081,0.000000,0.000000,0.000000,0.000000
111862171,-85.2075,15.3068,0.000000,0.000000,0.000000,0.000000
111862218,-85.1853,15.3055,0.000000,0.000000,0.000000,0.000000
111862281,-85.1914,15.3055,0.000000,0.000000,0.000000,0.000000
111862375,-85.1951,15.3049,0.000000,0.000000,0.000000,0.000000
111862421,-85.1940,15.2985,0.000000,0.000000,0.000000,0.000000
111862468,-85.1999,15.2978,0.000000,0.000000,0.000000,0.000000
111862515,-85.2004,15.2972,0.000000,0.000000,0.000000,0.000000
111862593,-85.2010,15.2972,0.000000,0.000000,0.000000,0.000000
111862640,-85.2012,15.2972,0.000000,0.000000,0.000000,0.000000
111862687,-85.2013,15.2972,0.000000,0.000000,0.000000,0.000000
111862734,-85.2015,15.2972,0.000000,0.000000,0.000000,0.000000
111862781,-85.2015,15.2972,0.000000,0.000000,0.000000,0.000000
111862828,-85.2016,15.2972,0.000000,0.000000,0.000000,0.000000
111862875,-85.2016,15.2972,0.000000,0.000000,0.000000,0.000000
111862921,-85.2016,15.2972,0.000000,0.000000,0.000000,0.000000
111862968,-85.2016,15.2972,0.000000,0.000000,0.000000,0.000000
111863015,-85.2016,15.2972,0.000000,0.000000,0.000000,0.000000
111863062,-85.2016,15.2972,0.000000,0.000000,0.000000,0.000000
111863109,-85.2016,15.2972,0.000000,0.000000,0.000000,0.000000
111863156,-85.2016,15.2972,0.000000,0.000000,0.000000,0.000000
111863218,-85.2016,15.2972,0.000000,0.000000,0.000000,0.000000
111863265,-85.2016,15.2972,0.000000,0.000000,0.000000,0.000000
111863312,-85.2016,15.2972,0.000000,0.000000,0.000000,0.000000
111863359,-85.2016,15.2972,0.000000,0.000000,0.000000,0.000000
111863390,-85.2016,15.2972,0.000000,0.000000,0.000000,0.000000
111863437,-85.2016,15.2966,0.000000,0.000000,0.000000,0.000000
111863484,-85.2016,15.2966,0.000000,0.000000,0.000000,0.000000
111863531,-85.2016,15.2966,0.000000,0.000000,0.000000,0.000000
111863578,-85.2016,15.2966,0.000000,0.000000,0.000000,0.000000
111863609,-85.2016,15.2966,0.000000,0.000000,0.000000,0.000000
111863656,-85.2016,15.2966,0.000000,0.000000,0.000000,0.000000
111863687,-85.2016,15.2966,0.000000,0.000000,0.000000,0.000000
111863734,-85.2016,15.2966,0.000000,0.000000,0.000000,0.000000
111863781,-85.2016,15.2966,0.000000,0.000000,0.000000,0.000000
111863812,-85.2016,15.2966,0.000000,0.000000,0.000000,0.000000
111863859,-85.2018,15.2966,0.000000,0.000000,0.000000,0.000000
111863984,-85.2018,15.2966,0.000000,0.000000,0.000000,0.000000
111864031,-85.2018,15.2966,0.000000,0.000000,0.000000,0.000000
111864078,-85.2018,15.2966,0.000000,0.000000,0.000000,0.000000
111864171,-85.2016,15.2966,0.000000,0.000000,0.000000,0.000000
111864281,-85.2016,15.2966,0.000000,0.000000,0.000000,0.000000
111864375,-85.2016,15.2966,0.000000,0.000000,0.000000,0.000000
111864421,-85.2016,15.2966,0.000000,0.000000,0.000000,0.000000
111864468,-85.2016,15.2959,0.000000,0.000000,0.000000,0.000000
111864515,-85.2016,15.2959,0.000000,0.000000,0.000000,0.000000
111864562,-85.2016,15.2959,0.000000,0.000000,0.000000,0.000000
111864609,-85.2016,15.2959,0.000000,0.000000,0.000000,0.000000
111864750,-85.2016,15.2959,0.000000,0.000000,0.000000,0.000000
111864796,-85.2016,15.2959,0.000000,0.000000,0.000000,0.000000
111864828,-85.2016,15.2959,0.000000,0.000000,0.000000,0.000000
111864859,-85.2016,15.2959,0.000000,0.000000,0.000000,0.000000
111864906,-85.2016,15.2959,0.000000,0.000000,0.000000,0.000000
111864953,-85.2016,15.2959,0.000000,0.000000,0.000000,0.000000
111864984,-85.2016,15.2959,0.000000,0.000000,0.000000,0.000000
111865031,-85.2016,15.2959,0.000000,0.000000,0.000000,0.000000
111865078,-85.2016,15.2959,0.000000,0.000000,0.000000,0.000000
111865125,-85.2016,15.2959,0.000000,0.000000,0.000000,0.000000
111865187,-85.2016,15.2959,0.000000,0.000000,0.000000,0.000000
111865234,-85.2016,15.2959,0.000000,0.000000,0.000000,0.000000
111865265,-85.2016,15.2959,0.000000,0.000000,0.000000,0.000000
111865312,-85.2016,15.2959,0.000000,0.000000,0.000000,0.000000
111865359,-85.2016,15.2959,0.000000,0.000000,0.000000,0.000000
111865421,-85.2016,15.2959,0.000000,0.000000,0.000000,0.000000
111865468,-85.2016,15.2959,0.000000,0.000000,0.000000,0.000000
111865531,-85.2016,15.2959,0.000000,0.000000,0.000000,0.000000
111865578,-85.2016,15.2959,0.000000,0.000000,0.000000,0.000000
111865625,-85.2016,15.2959,0.000000,0.000000,0.000000,0.000000
111865703,-85.2016,15.2959,0.000000,0.000000,0.000000,0.000000
111865750,-85.2016,15.2959,0.000000,0.000000,0.000000,0.000000
111865812,-85.2016,15.2959,0.000000,0.000000,0.000000,0.000000
111866796,-85.2016,15.2959,0.000000,0.000000,0.000000,0.000000
111866843,-85.2016,15.2959,0.000000,0.000000,0.000000,0.000000
111866890,-85.2016,15.2959,0.000000,0.000000,0.000000,0.000000
111866937,-85.2016,15.2959,0.000000,0.000000,0.000000,0.000000
111866984,-85.2016,15.2959,0.000000,0.000000,0.000000,0.000000
111867046,-85.2016,15.2959,0.000000,0.000000,0.000000,0.000000
111867093,-85.2016,15.2959,0.000000,0.000000,0.000000,0.000000
111867140,-85.2016,15.2959,0.000000,0.000000,0.000000,0.000000
111867218,-85.2016,15.2959,0.000000,0.000000,0.000000,0.000000
111867265,-85.2016,15.2959,0.000000,0.000000,0.000000,0.000000
111867312,-85.2016,15.2959,0.000000,0.000000,0.000000,0.000000
111867359,-85.2016,15.2959,0.000000,0.000000,0.000000,0.000000
111867718,-85.2016,15.2959,0.000000,0.000000,0.000000,0.000000
111867765,-85.2016,15.2959,0.000000,0.000000,0.000000,0.000000
111867812,-85.2016,15.2959,0.000000,0.000000,0.000000,0.000000
111867859,-85.2016,15.2959,0.000000,0.000000,0.000000,0.000000
111867890,-85.2016,15.2959,0.000000,0.000000,0.000000,0.000000
111867953,-85.2016,15.2959,0.000000,0.000000,0.000000,0.000000
111867984,-85.2016,15.2959,0.000000,0.000000,0.000000,0.000000
111868046,-85.2016,15.2959,0.000000,0.000000,0.000000,0.000000
111868093,-85.2016,15.2959,0.000000,0.000000,0.000000,0.000000
111868125,-85.2016,15.2959,0.000000,0.000000,0.000000,0.000000
111868171,-85.2016,15.2959,0.000000,0.000000,0.000000,0.000000
111868218,-85.2016,15.2959,0.000000,0.000000,0.000000,0.000000
111868265,-85.2016,15.2959,0.000000,0.000000,0.000000,0.000000
111868296,-85.2016,15.2959,0.000000,0.000000,0.000000,0.000000
111868343,-85.2016,15.2959,0.000000,0.000000,0.000000,0.000000
111868390,-85.2016,15.2959,0.000000,0.000000,0.000000,0.000000
111868453,-85.2016,15.2959,0.000000,0.000000,0.000000,0.000000
111868500,-85.2016,15.2959,0.000000,0.000000,0.000000,0.000000
111868546,-85.2016,15.2959,0.000000,0.000000,0.000000,0.000000
111868593,-85.2016,15.2959,0.000000,0.000000,0.000000,0.000000
111868640,-85.2016,15.2959,0.000000,0.000000,0.000000,0.000000
111868687,-85.2016,15.2959,0.000000,0.000000,0.000000,0.000000
111868734,-85.2016,15.2959,0.000000,0.000000,0.000000,0.000000
111868765,-85.2016,15.2959,0.000000,0.000000,0.000000,0.000000
111868812,-85.2016,15.2959,0.000000,0.000000,0.000000,0.000000
111868875,-85.2016,15.2959,0.000000,0.000000,0.000000,0.000000
111868906,-85.2016,15.2959,0.000000,0.000000,0.000000,0.000000
111868937,-85.2016,15.2959,0.000000,0.000000,0.000000,0.000000
111868984,-85.2016,15.2959,0.000000,0.000000,0.000000,0.000000
111869031,-85.2016,15.2959,0.000000,0.000000,0.000000,0.000000
111869062,-85.2016,15.2959,0.000000,0.000000,0.000000,0.000000
111869109,-85.2016,15.2959,0.000000,0.000000,0.000000,0.000000
111869156,-85.2016,15.2959,0.000000,0.000000,0.000000,0.000000
111869203,-85.2016,15.2959,0.000000,0.000000,0.000000,0.000000
111869250,-85.2016,15.2959,0.000000,0.000000,0.000000,0.000000
111869296,-85.2016,15.2959,0.000000,0.000000,0.000000,0.000000
111869343,-85.2016,15.2959,0.000000,0.000000,0.000000,0.000000
111869406,-85.2016,15.2959,0.000000,0.000000,0.000000,0.000000
111869468,-85.2016,15.2959,0.000000,0.000000,0.000000,0.000000
111869546,-85.2016,15.2959,0.000000,0.000000,0.000000,0.000000
111869593,-85.2016,15.2959,0.000000,0.000000,0.000000,0.000000
111869640,-85.2016,15.2959,0.000000,0.000000,0.000000,0.000000
111869687,-85.2016,15.2959,0.000000,0.000000,0.000000,0.000000
111869750,-85.2016,15.2959,0.000000,0.000000,0.000000,0.000000
111869796,-85.2016,15.2959,0.000000,0.000000,0.000000,0.000000
111869875,-85.2016,15.2959,0.000000,0.000000,0.000000,0.000000
111870000,-85.2016,15.2959,0.000000,0.000000,0.000000,0.000000
111870203,-85.2768,15.2959,0.000000,0.000000,0.000000,0.000000
111870250,-85.4417,15.2998,0.000000,0.000000,0.000000,0.000000
111870296,-86.2615,15.3681,0.000000,0.000000,0.000000,0.000000
111870375,-87.6434,15.4927,0.000000,0.000000,0.000000,0.000000
111870437,-88.3083,15.5367,0.000000,0.000000,0.000000,0.000000
111870484,-89.3296,15.6491,0.000000,0.000000,0.000000,0.000000
111870578,-90.4903,15.7724,0.000000,0.000000,0.000000,0.000000
111870656,-91.3408,15.8753,0.000000,0.000000,0.000000,0.000000
111870890,-92.2171,15.9953,0.000000,0.000000,0.000000,0.000000
111870937,-92.6723,16.0375,0.000000,0.000000,0.000000,0.000000
111870984,-93.4727,16.0905,0.000000,0.000000,0.000000,0.000000
111871046,-94.5123,16.2029,0.000000,0.000000,0.000000,0.000000
111871203,-95.1795,16.3096,0.000000,0.000000,0.000000,0.000000
111871312,-95.5938,16.3805,0.000000,0.000000,0.000000,0.000000
111871375,-95.9043,16.4367,0.000000,0.000000,0.000000,0.000000
111871437,-96.1898,16.4980,0.000000,0.000000,0.000000,0.000000
111871484,-96.4598,16.5753,0.000000,0.000000,0.000000,0.000000
111871531,-96.6912,16.6207,0.000000,0.000000,0.000000,0.000000
111871625,-96.9111,16.6711,0.000000,0.000000,0.000000,0.000000
111871937,-97.0869,16.7650,0.000000,0.000000,0.000000,0.000000
111871984,-97.1756,16.7727,0.000000,0.000000,0.000000,0.000000
111872031,-97.2754,16.7861,0.000000,0.000000,0.000000,0.000000
111872093,-97.3811,16.7963,0.000000,0.000000,0.000000,0.000000
111872140,-97.5031,16.8014,0.000000,0.000000,0.000000,0.000000
111872187,-97.6658,16.8027,0.000000,0.000000,0.000000,0.000000
111872234,-97.8722,16.8027,0.000000,0.000000,0.000000,0.000000
111872281,-98.2175,16.8021,0.000000,0.000000,0.000000,0.000000
111872343,-98.6462,16.8021,0.000000,0.000000,0.000000,0.000000
111872406,-99.1699,16.8008,0.000000,0.000000,0.000000,0.000000
111872453,-99.5488,16.7963,0.000000,0.000000,0.000000,0.000000
111872500,-100.0412,16.7778,0.000000,0.000000,0.000000,0.000000
111872546,-100.1814,16.7484,0.000000,0.000000,0.000000,0.000000
111872593,-100.0294,16.7280,0.000000,0.000000,0.000000,0.000000
111872656,-100.0415,16.7114,0.000000,0.000000,0.000000,0.000000
111872750,-100.0415,16.6928,0.000000,0.000000,0.000000,0.000000
111872812,-98.9157,16.6584,0.000000,0.000000,0.000000,0.000000
111872875,-92.1481,16.6379,0.000000,0.000000,0.000000,0.000000
111872953,-85.9392,16.6264,0.000000,0.000000,0.000000,0.000000
111873031,-85.2170,16.6143,0.000000,0.000000,0.000000,0.000000
111873093,-85.1849,16.6085,0.000000,0.000000,0.000000,0.000000
111873140,-85.1909,16.6053,0.000000,0.000000,0.000000,0.000000
111873281,-85.1946,16.6021,0.000000,0.000000,0.000000,0.000000
111873343,-85.1957,16.5849,0.000000,0.000000,0.000000,0.000000
111873390,-86.3630,16.5823,0.000000,0.000000,0.000000,0.000000
111873437,-87.5251,16.5804,0.000000,0.000000,0.000000,0.000000
111873484,-88.6749,16.5785,0.000000,0.000000,0.000000,0.000000
111873546,-89.8949,16.5760,0.000000,0.000000,0.000000,0.000000
111873593,-91.0496,16.5740,0.000000,0.000000,0.000000,0.000000
111873656,-92.2236,16.5721,0.000000,0.000000,0.000000,0.000000
111873703,-93.1909,16.5696,0.000000,0.000000,0.000000,0.000000
111873750,-94.0408,16.5677,0.000000,0.000000,0.000000,0.000000
111873796,-94.9191,16.5657,0.000000,0.000000,0.000000,0.000000
111873843,-95.7619,16.5632,0.000000,0.000000,0.000000,0.000000
111873890,-96.5806,16.5600,0.000000,0.000000,0.000000,0.000000
111873953,-97.2790,16.5574,0.000000,0.000000,0.000000,0.000000
111874000,-98.0126,16.5549,0.000000,0.000000,0.000000,0.000000
111874046,-98.6249,16.5536,0.000000,0.000000,0.000000,0.000000
111874109,-99.2791,16.5530,0.000000,0.000000,0.000000,0.000000
111874171,-99.9092,16.5523,0.000000,0.000000,0.000000,0.000000
111874218,-100.1642,16.5517,0.000000,0.000000,0.000000,0.000000
111874265,-100.1982,16.5510,0.000000,0.000000,0.000000,0.000000
111874328,-100.1572,16.5504,0.000000,0.000000,0.000000,0.000000
111874375,-100.1654,16.5491,0.000000,0.000000,0.000000,0.000000
111874468,-100.1650,16.5479,0.000000,0.000000,0.000000,0.000000
111874531,-99.4038,16.5466,0.000000,0.000000,0.000000,0.000000
111874593,-92.7522,16.5447,0.000000,0.000000,0.000000,0.000000
111874671,-86.1140,16.5434,0.000000,0.000000,0.000000,0.000000
111874734,-85.2072,16.5415,0.000000,0.000000,0.000000,0.000000
111874812,-85.1843,16.5408,0.000000,0.000000,0.000000,0.000000
111875171,-85.2001,16.5306,0.000000,0.000000,0.000000,0.000000
111875218,-85.1999,16.5293,0.000000,0.000000,0.000000,0.000000
111875281,-85.2015,16.5293,0.000000,0.000000,0.000000,0.000000
111875343,-85.2015,16.5293,0.000000,0.000000,0.000000,0.000000
111875406,-85.2016,16.5293,0.000000,0.000000,0.000000,0.000000
111875453,-85.2016,16.5293,0.000000,0.000000,0.000000,0.000000
111875500,-85.2016,16.5293,0.000000,0.000000,0.000000,0.000000
111875562,-85.2016,16.5293,0.000000,0.000000,0.000000,0.000000
111875609,-85.2016,16.5293,0.000000,0.000000,0.000000,0.000000
111875687,-85.2016,16.5293,0.000000,0.000000,0.000000,0.000000
111875734,-85.2016,16.5293,0.000000,0.000000,0.000000,0.000000
111875781,-85.2016,16.5293,0.000000,0.000000,0.000000,0.000000
111875843,-85.2016,16.5293,0.000000,0.000000,0.000000,0.000000
111876156,-85.2016,16.5293,0.000000,0.000000,0.000000,0.000000
111876203,-85.2016,16.5293,0.000000,0.000000,0.000000,0.000000
111876250,-85.2223,16.5293,0.000000,0.000000,0.000000,0.000000
111876312,-85.2558,16.5300,0.000000,0.000000,0.000000,0.000000
111876359,-85.2202,16.5300,0.000000,0.000000,0.000000,0.000000
111876406,-85.2170,16.5300,0.000000,0.000000,0.000000,0.000000
111876468,-85.2176,16.5300,0.000000,0.000000,0.000000,0.000000
111876515,-85.2176,16.5300,0.000000,0.000000,0.000000,0.000000
111876593,-85.2176,16.5300,0.000000,0.000000,0.000000,0.000000
111876656,-85.2176,16.5300,0.000000,0.000000,0.000000,0.000000
111876718,-85.2176,16.5300,0.000000,0.000000,0.000000,0.000000
111876781,-85.2176,16.5300,0.000000,0.000000,0.000000,0.000000
111876843,-85.2176,16.5300,0.000000,0.000000,0.000000,0.000000
111876890,-85.2176,16.5300,0.000000,0.000000,0.000000,0.000000
111876937,-85.2176,16.5300,0.000000,0.000000,0.000000,0.000000
111877093,-85.2176,16.5300,0.000000,0.000000,0.000000,0.000000
111877156,-85.2176,16.5300,0.000000,0.000000,0.000000,0.000000
111877203,-85.2072,16.4827,0.000000,0.000000,0.000000,0.000000
111877250,-85.2038,16.4112,0.000000,0.000000,0.000000,0.000000
111877296,-85.2029,16.3607,0.000000,0.000000,0.000000,0.000000
111877343,-85.2024,16.3460,0.000000,0.000000,0.000000,0.000000
111877406,-85.2021,16.3492,0.000000,0.000000,0.000000,0.000000
111877453,-85.2019,16.3690,0.000000,0.000000,0.000000,0.000000
111877500,-85.2018,16.4150,0.000000,0.000000,0.000000,0.000000
111877546,-85.2018,16.4731,0.000000,0.000000,0.000000,0.000000
111877593,-85.2016,16.5479,0.000000,0.000000,0.000000,0.000000
111877656,-85.2016,16.5945,0.000000,0.000000,0.000000,0.000000
111877703,-85.2627,16.6245,0.000000,0.000000,0.000000,0.000000
111877750,-85.6509,16.6616,0.000000,0.000000,0.000000,0.000000
111877796,-86.3062,16.6980,0.000000,0.000000,0.000000,0.000000
111877859,-87.0354,16.7382,0.000000,0.000000,0.000000,0.000000
111877906,-88.0473,16.7695,0.000000,0.000000,0.000000,0.000000
111877953,-88.9031,16.7880,0.000000,0.000000,0.000000,0.000000
111878000,-89.9158,16.8008,0.000000,0.000000,0.000000,0.000000
111878062,-90.9517,16.8104,0.000000,0.000000,0.000000,0.000000
111878109,-91.9161,16.8244,0.000000,0.000000,0.000000,0.000000
111878171,-92.8216,16.8461,0.000000,0.000000,0.000000,0.000000
111878218,-93.6016,16.8838,0.000000,0.000000,0.000000,0.000000
111878265,-94.2074,16.8985,0.000000,0.000000,0.000000,0.000000
111878312,-94.8527,16.9241,0.000000,0.000000,0.000000,0.000000
111878359,-95.4376,16.9541,0.000000,0.000000,0.000000,0.000000
111878406,-96.1515,16.9688,0.000000,0.000000,0.000000,0.000000
111878453,-96.8080,16.9764,0.000000,0.000000,0.000000,0.000000
111878500,-97.5898,16.9835,0.000000,0.000000,0.000000,0.000000
111878531,-98.2749,16.9879,0.000000,0.000000,0.000000,0.000000
111878578,-98.8620,16.9911,0.000000,0.000000,0.000000,0.000000
111878640,-99.5249,16.9937,0.000000,0.000000,0.000000,0.000000
111878671,-99.9995,16.9950,0.000000,0.000000,0.000000,0.000000
111878718,-100.1703,16.9969,0.000000,0.000000,0.000000,0.000000
111878765,-100.1971,16.9982,0.000000,0.000000,0.000000,0.000000
111878796,-100.1639,16.9994,0.000000,0.000000,0.000000,0.000000
111878859,-100.1716,17.0007,0.000000,0.000000,0.000000,0.000000
111878906,-100.1712,17.0020,0.000000,0.000000,0.000000,0.000000
111879031,-100.1707,17.0135,0.000000,0.000000,0.000000,0.000000
111879078,-99.5769,17.0346,0.000000,0.000000,0.000000,0.000000
111879140,-94.6130,17.0486,0.000000,0.000000,0.000000,0.000000
111879218,-86.7287,17.0576,0.000000,0.000000,0.000000,0.000000
111879281,-85.2081,17.0710,0.000000,0.000000,0.000000,0.000000
111879328,-85.1815,17.0748,0.000000,0.000000,0.000000,0.000000
111879375,-85.1853,17.0761,0.000000,0.000000,0.000000,0.000000
111879515,-85.1905,17.0761,0.000000,0.000000,0.000000,0.000000
111879546,-85.1914,17.0767,0.000000,0.000000,0.000000,0.000000
111879593,-85.1995,17.0793,0.000000,0.000000,0.000000,0.000000
111879640,-85.2001,17.0863,0.000000,0.000000,0.000000,0.000000
111879687,-85.2005,17.0914,0.000000,0.000000,0.000000,0.000000
111879734,-85.2009,17.0984,0.000000,0.000000,0.000000,0.000000
111879781,-85.2012,17.1131,0.000000,0.000000,0.000000,0.000000
111879812,-85.2013,17.1253,0.000000,0.000000,0.000000,0.000000
111879875,-85.2015,17.1489,0.000000,0.000000,0.000000,0.000000
111879921,-85.2015,17.1566,0.000000,0.000000,0.000000,0.000000
111879968,-85.2016,17.1636,0.000000,0.000000,0.000000,0.000000
111880031,-85.2016,17.1719,0.000000,0.000000,0.000000,0.000000
111880078,-85.2016,17.1751,0.000000,0.000000,0.000000,0.000000
111880125,-85.2016,17.1783,0.000000,0.000000,0.000000,0.000000
111880312,-85.2243,17.1866,0.000000,0.000000,0.000000,0.000000
111880359,-85.2568,17.1885,0.000000,0.000000,0.000000,0.000000
111880500,-85.3527,17.1949,0.000000,0.000000,0.000000,0.000000
111880625,-85.4152,17.2000,0.000000,0.000000,0.000000,0.000000
111880671,-85.4476,17.2013,0.000000,0.000000,0.000000,0.000000
111880734,-85.4778,17.2032,0.000000,0.000000,0.000000,0.000000
111880781,-85.4861,17.2051,0.000000,0.000000,0.000000,0.000000
111880843,-85.4868,17.2064,0.000000,0.000000,0.000000,0.000000
111880890,-85.4870,17.2077,0.000000,0.000000,0.000000,0.000000
111880937,-85.4461,17.2090,0.000000,0.000000,0.000000,0.000000
111880984,-85.3732,17.2096,0.000000,0.000000,0.000000,0.000000
111881031,-85.3142,17.2109,0.000000,0.000000,0.000000,0.000000
111881093,-85.2544,17.2115,0.000000,0.000000,0.000000,0.000000
111881140,-85.2235,17.2121,0.000000,0.000000,0.000000,0.000000
111881203,-85.2063,17.2134,0.000000,0.000000,0.000000,0.000000
111881296,-85.2026,17.2141,0.000000,0.000000,0.000000,0.000000
111881390,-85.2021,17.2153,0.000000,0.000000,0.000000,0.000000
111881484,-85.2018,17.2160,0.000000,0.000000,0.000000,0.000000
111881609,-85.2016,17.2173,0.000000,0.000000,0.000000,0.000000
111881718,-85.2792,17.2179,0.000000,0.000000,0.000000,0.000000
111881781,-85.4664,17.2179,0.000000,0.000000,0.000000,0.000000
111881828,-85.6534,17.2185,0.000000,0.000000,0.000000,0.000000
111881906,-85.9050,17.2192,0.000000,0.000000,0.000000,0.000000
111881968,-86.0985,17.2198,0.000000,0.000000,0.000000,0.000000
111882015,-86.2584,17.2198,0.000000,0.000000,0.000000,0.000000
111882062,-86.3819,17.2204,0.000000,0.000000,0.000000,0.000000
111882109,-86.4746,17.2211,0.000000,0.000000,0.000000,0.000000
111882171,-86.5641,17.2211,0.000000,0.000000,0.000000,0.000000
111882218,-86.6190,17.2217,0.000000,0.000000,0.000000,0.000000
111882265,-86.6550,17.2217,0.000000,0.000000,0.000000,0.000000
111882312,-86.6842,17.2217,0.000000,0.000000,0.000000,0.000000
111882375,-86.7195,17.2224,0.000000,0.000000,0.000000,0.000000
111882437,-86.7636,17.2224,0.000000,0.000000,0.000000,0.000000
111882484,-86.8037,17.2224,0.000000,0.000000,0.000000,0.000000
111882546,-86.8560,17.2230,0.000000,0.000000,0.000000,0.000000
111882609,-86.8830,17.2230,0.000000,0.000000,0.000000,0.000000
111882656,-86.9094,17.2230,0.000000,0.000000,0.000000,0.000000
111882718,-86.9170,17.2230,0.000000,0.000000,0.000000,0.000000
111882765,-86.9176,17.2230,0.000000,0.000000,0.000000,0.000000
111882828,-86.9548,17.2230,0.000000,0.000000,0.000000,0.000000
111882875,-86.9599,17.2236,0.000000,0.000000,0.000000,0.000000
111882921,-86.9591,17.2236,0.000000,0.000000,0.000000,0.000000
111882984,-86.9594,17.2236,0.000000,0.000000,0.000000,0.000000
111883078,-86.9596,17.2236,0.000000,0.000000,0.000000,0.000000
111883187,-86.9596,17.2236,0.000000,0.000000,0.000000,0.000000
111883250,-86.9598,17.2236,0.000000,0.000000,0.000000,0.000000
111883312,-86.9598,17.2236,0.000000,0.000000,0.000000,0.000000
111883406,-86.9598,17.2236,0.000000,0.000000,0.000000,0.000000
111883453,-86.9598,17.2236,0.000000,0.000000,0.000000,0.000000
111883515,-86.9598,17.2243,0.000000,0.000000,0.000000,0.000000
111883656,-86.9598,17.2243,0.000000,0.000000,0.000000,0.000000
111883718,-86.9598,17.2243,0.000000,0.000000,0.000000,0.000000
111883781,-86.9306,17.2243,0.000000,0.000000,0.000000,0.000000
111883828,-86.9045,17.2243,0.000000,0.000000,0.000000,0.000000
111883875,-86.8968,17.2243,0.000000,0.000000,0.000000,0.000000
111883937,-86.9297,17.2243,0.000000,0.000000,0.000000,0.000000
111883984,-87.0634,17.2243,0.000000,0.000000,0.000000,0.000000
111884046,-87.4210,17.2243,0.000000,0.000000,0.000000,0.000000
111884093,-87.9550,17.2243,0.000000,0.000000,0.000000,0.000000
111884156,-88.6594,17.2243,0.000000,0.000000,0.000000,0.000000
111884203,-89.4301,17.2243,0.000000,0.000000,0.000000,0.000000
111884453,-90.5122,17.2243,0.000000,0.000000,0.000000,0.000000
111884515,-91.2720,17.2243,0.000000,0.000000,0.000000,0.000000
111884546,-92.8100,17.2243,0.000000,0.000000,0.000000,0.000000
111884593,-94.8509,17.2236,0.000000,0.000000,0.000000,0.000000
111884625,-96.9533,17.2224,0.000000,0.000000,0.000000,0.000000
111884671,-98.5753,17.2147,0.000000,0.000000,0.000000,0.000000
111884703,-99.8928,17.1923,0.000000,0.000000,0.000000,0.000000
111884750,-100.1431,17.1713,0.000000,0.000000,0.000000,0.000000
111884781,-100.1904,17.1297,0.000000,0.000000,0.000000,0.000000
111884828,-100.1298,17.0723,0.000000,0.000000,0.000000,0.000000
111884859,-100.1430,17.0410,0.000000,0.000000,0.000000,0.000000
111884921,-100.1430,17.0167,0.000000,0.000000,0.000000,0.000000
111885000,-100.1430,17.0103,0.000000,0.000000,0.000000,0.000000
111885046,-99.6572,17.0001,0.000000,0.000000,0.000000,0.000000
111885093,-95.6535,16.9924,0.000000,0.000000,0.000000,0.000000
111885156,-89.5707,16.9860,0.000000,0.000000,0.000000,0.000000
111885218,-85.3438,16.9777,0.000000,0.000000,0.000000,0.000000
111885250,-85.2069,16.9707,0.000000,0.000000,0.000000,0.000000
111885281,-85.1762,16.9656,0.000000,0.000000,0.000000,0.000000
111885328,-85.1829,16.9611,0.000000,0.000000,0.000000,0.000000
111885468,-85.1886,16.9560,0.000000,0.000000,0.000000,0.000000
111885531,-85.1759,16.9202,0.000000,0.000000,0.000000,0.000000
111885578,-85.1998,16.9177,0.000000,0.000000,0.000000,0.000000
111885625,-85.2002,16.9215,0.000000,0.000000,0.000000,0.000000
111885656,-85.2005,16.9298,0.000000,0.000000,0.000000,0.000000
111885718,-85.2009,16.9432,0.000000,0.000000,0.000000,0.000000
111885765,-85.2012,16.9560,0.000000,0.000000,0.000000,0.000000
111885812,-85.2013,16.9624,0.000000,0.000000,0.000000,0.000000
111885859,-85.2015,16.9681,0.000000,0.000000,0.000000,0.000000
111885906,-85.2621,16.9739,0.000000,0.000000,0.000000,0.000000
111885937,-85.4087,16.9784,0.000000,0.000000,0.000000,0.000000
111886000,-85.6210,16.9828,0.000000,0.000000,0.000000,0.000000
111886031,-85.7780,16.9854,0.000000,0.000000,0.000000,0.000000
111886078,-85.9237,16.9879,0.000000,0.000000,0.000000,0.000000
111886140,-86.0382,16.9899,0.000000,0.000000,0.000000,0.000000
111886187,-86.1344,16.9918,0.000000,0.000000,0.000000,0.000000
111886218,-86.1958,16.9943,0.000000,0.000000,0.000000,0.000000
111886265,-86.2476,16.9956,0.000000,0.000000,0.000000,0.000000
111886312,-86.3074,16.9975,0.000000,0.000000,0.000000,0.000000
111886375,-86.3557,16.9994,0.000000,0.000000,0.000000,0.000000
111886406,-86.3954,17.0007,0.000000,0.000000,0.000000,0.000000
111886468,-86.4256,17.0026,0.000000,0.000000,0.000000,0.000000
111886515,-86.4287,17.0026,0.000000,0.000000,0.000000,0.000000
111886562,-86.4284,17.0026,0.000000,0.000000,0.000000,0.000000
111886640,-86.4286,17.0026,0.000000,0.000000,0.000000,0.000000
111886718,-86.4286,17.0026,0.000000,0.000000,0.000000,0.000000
111886765,-86.4287,17.0020,0.000000,0.000000,0.000000,0.000000
111886828,-86.4287,17.0026,0.000000,0.000000,0.000000,0.000000
111886890,-86.4287,17.0020,0.000000,0.000000,0.000000,0.000000
111886953,-86.4289,17.0026,0.000000,0.000000,0.000000,0.000000
111887015,-86.4289,17.0026,0.000000,0.000000,0.000000,0.000000
111887078,-86.4289,17.0020,0.000000,0.000000,0.000000,0.000000
111887125,-86.4289,17.0026,0.000000,0.000000,0.000000,0.000000
111887281,-86.4289,17.0026,0.000000,0.000000,0.000000,0.000000
111887312,-86.4289,17.0026,0.000000,0.000000,0.000000,0.000000
111887359,-86.4289,17.0020,0.000000,0.000000,0.000000,0.000000
111887531,-86.4289,17.0026,0.000000,0.000000,0.000000,0.000000
111887593,-86.4289,17.0020,0.000000,0.000000,0.000000,0.000000
111887640,-86.4768,17.0020,0.000000,0.000000,0.000000,0.000000
111887671,-86.5371,17.0026,0.000000,0.000000,0.000000,0.000000
111887718,-86.5944,17.0026,0.000000,0.000000,0.000000,0.000000
111887781,-86.6362,17.0020,0.000000,0.000000,0.000000,0.000000
111887828,-86.6659,17.0026,0.000000,0.000000,0.000000,0.000000
111887875,-86.6718,17.0020,0.000000,0.000000,0.000000,0.000000
111887921,-86.6725,17.0026,0.000000,0.000000,0.000000,0.000000
111887968,-86.6727,17.0026,0.000000,0.000000,0.000000,0.000000
111888015,-86.6882,17.0020,0.000000,0.000000,0.000000,0.000000
111888421,-86.8073,17.0020,0.000000,0.000000,0.000000,0.000000
111888484,-87.0499,17.0014,0.000000,0.000000,0.000000,0.000000
111888531,-88.8646,16.9726,0.000000,0.000000,0.000000,0.000000
111888593,-93.7457,16.9055,0.000000,0.000000,0.000000,0.000000
111888640,-96.5825,16.8308,0.000000,0.000000,0.000000,0.000000
111888687,-99.4156,16.7746,0.000000,0.000000,0.000000,0.000000
111888734,-100.1042,16.7439,0.000000,0.000000,0.000000,0.000000
111888781,-100.1859,16.7024,0.000000,0.000000,0.000000,0.000000
111888828,-100.1192,16.6603,0.000000,0.000000,0.000000,0.000000
111888859,-100.1031,16.6309,0.000000,0.000000,0.000000,0.000000
111888906,-100.1036,16.6226,0.000000,0.000000,0.000000,0.000000
111888984,-100.1037,16.6175,0.000000,0.000000,0.000000,0.000000
111889046,-99.6513,16.6136,0.000000,0.000000,0.000000,0.000000
111889093,-95.9592,16.6124,0.000000,0.000000,0.000000,0.000000
111889156,-88.6675,16.6105,0.000000,0.000000,0.000000,0.000000
111889265,-85.2075,16.6079,0.000000,0.000000,0.000000,0.000000
111889296,-85.1787,16.6073,0.000000,0.000000,0.000000,0.000000
111889343,-85.1855,16.6060,0.000000,0.000000,0.000000,0.000000
111889484,-85.1914,16.6047,0.000000,0.000000,0.000000,0.000000
111889593,-85.1942,16.6015,0.000000,0.000000,0.000000,0.000000
111889656,-85.2009,16.6833,0.000000,0.000000,0.000000,0.000000
111889703,-85.2010,16.7465,0.000000,0.000000,0.000000,0.000000
111889734,-85.2012,16.8276,0.000000,0.000000,0.000000,0.000000
111889781,-85.2013,16.8985,0.000000,0.000000,0.000000,0.000000
111889843,-85.2015,16.9848,0.000000,0.000000,0.000000,0.000000
111889875,-85.2015,17.0109,0.000000,0.000000,0.000000,0.000000
111889921,-85.2016,17.0314,0.000000,0.000000,0.000000,0.000000
111890421,-85.2016,17.1470,0.000000,0.000000,0.000000,0.000000
111890468,-85.2016,17.1572,0.000000,0.000000,0.000000,0.000000
111890515,-85.2016,17.1636,0.000000,0.000000,0.000000,0.000000
111890562,-85.2018,17.1662,0.000000,0.000000,0.000000,0.000000
111890609,-85.2018,17.1681,0.000000,0.000000,0.000000,0.000000
111890656,-85.2018,17.1687,0.000000,0.000000,0.000000,0.000000
111890703,-85.2018,17.1700,0.000000,0.000000,0.000000,0.000000
111890765,-85.2016,17.1713,0.000000,0.000000,0.000000,0.000000
111890828,-85.2016,17.1713,0.000000,0.000000,0.000000,0.000000
111890875,-85.2016,17.1713,0.000000,0.000000,0.000000,0.000000
111890921,-85.2016,17.1713,0.000000,0.000000,0.000000,0.000000
111890984,-85.2016,17.1713,0.000000,0.000000,0.000000,0.000000
111891046,-85.2016,17.1713,0.000000,0.000000,0.000000,0.000000
111891109,-85.2018,17.1713,0.000000,0.000000,0.000000,0.000000
111891171,-85.2018,17.1713,0.000000,0.000000,0.000000,0.000000
111891234,-85.2018,17.1713,0.000000,0.000000,0.000000,0.000000
111891296,-85.2018,17.1713,0.000000,0.000000,0.000000,0.000000
111891359,-85.2018,17.1713,0.000000,0.000000,0.000000,0.000000
111891390,-85.2018,17.1713,0.000000,0.000000,0.000000,0.000000
111891546,-85.2018,17.1713,0.000000,0.000000,0.000000,0.000000
111891593,-85.2018,17.1713,0.000000,0.000000,0.000000,0.000000
111891640,-85.2018,17.1713,0.000000,0.000000,0.000000,0.000000
111891687,-85.2018,17.1713,0.000000,0.000000,0.000000,0.000000
111891734,-85.2016,17.1713,0.000000,0.000000,0.000000,0.000000
111891781,-85.2016,17.1713,0.000000,0.000000,0.000000,0.000000
111891828,-85.2016,17.1713,0.000000,0.000000,0.000000,0.000000
111891875,-85.2016,17.1713,0.000000,0.000000,0.000000,0.000000
111891937,-85.2016,17.1706,0.000000,0.000000,0.000000,0.000000
111891984,-85.2016,17.1693,0.000000,0.000000,0.000000,0.000000
111892031,-85.2016,17.1674,0.000000,0.000000,0.000000,0.000000
111892078,-85.2269,17.1642,0.000000,0.000000,0.000000,0.000000
111892125,-85.4684,17.1604,0.000000,0.000000,0.000000,0.000000
111892171,-85.9079,17.1540,0.000000,0.000000,0.000000,0.000000
111892218,-86.3501,17.1470,0.000000,0.000000,0.000000,0.000000
111892265,-86.8872,17.1400,0.000000,0.000000,0.000000,0.000000
111892312,-87.5921,17.1297,0.000000,0.000000,0.000000,0.000000
111892359,-88.3941,17.1163,0.000000,0.000000,0.000000,0.000000
111892421,-89.3086,17.1036,0.000000,0.000000,0.000000,0.000000
111892468,-90.2366,17.0921,0.000000,0.000000,0.000000,0.000000
111892515,-91.0049,17.0838,0.000000,0.000000,0.000000,0.000000
111892546,-91.7600,17.0780,0.000000,0.000000,0.000000,0.000000
111892593,-92.4522,17.0729,0.000000,0.000000,0.000000,0.000000
111892640,-93.2168,17.0659,0.000000,0.000000,0.000000,0.000000
111892687,-93.9265,17.0576,0.000000,0.000000,0.000000,0.000000
111892781,-94.8687,17.0474,0.000000,0.000000,0.000000,0.000000
111892843,-95.4638,17.0435,0.000000,0.000000,0.000000,0.000000
111892921,-96.0899,17.0390,0.000000,0.000000,0.000000,0.000000
111893000,-96.5854,17.0359,0.000000,0.000000,0.000000,0.000000
111893046,-96.9194,17.0333,0.000000,0.000000,0.000000,0.000000
111893109,-97.1453,17.0307,0.000000,0.000000,0.000000,0.000000
111893171,-97.2858,17.0288,0.000000,0.000000,0.000000,0.000000
111893218,-97.3024,17.0282,0.000000,0.000000,0.000000,0.000000
111893265,-97.2036,17.0282,0.000000,0.000000,0.000000,0.000000
111893312,-96.9902,17.0275,0.000000,0.000000,0.000000,0.000000
111893359,-96.6808,17.0275,0.000000,0.000000,0.000000,0.000000
111893406,-96.3267,17.0275,0.000000,0.000000,0.000000,0.000000
111893453,-95.9696,17.0275,0.000000,0.000000,0.000000,0.000000
111893515,-95.5646,17.0275,0.000000,0.000000,0.000000,0.000000
111893562,-95.2442,17.0275,0.000000,0.000000,0.000000,0.000000
111893609,-94.9501,17.0275,0.000000,0.000000,0.000000,0.000000
111893656,-94.7298,17.0275,0.000000,0.000000,0.000000,0.000000
111893703,-94.5700,17.0275,0.000000,0.000000,0.000000,0.000000
111893750,-94.4726,17.0275,0.000000,0.000000,0.000000,0.000000
111893796,-94.4476,17.0282,0.000000,0.000000,0.000000,0.000000
111893843,-94.5015,17.0275,0.000000,0.000000,0.000000,0.000000
111893906,-94.7355,17.0282,0.000000,0.000000,0.000000,0.000000
111893953,-95.0879,17.0275,0.000000,0.000000,0.000000,0.000000
111894031,-95.6676,17.0282,0.000000,0.000000,0.000000,0.000000
111894078,-96.0941,17.0275,0.000000,0.000000,0.000000,0.000000
111894140,-96.4364,17.0275,0.000000,0.000000,0.000000,0.000000
111894187,-96.6559,17.0275,0.000000,0.000000,0.000000,0.000000
111894234,-96.8612,17.0275,0.000000,0.000000,0.000000,0.000000
111894281,-97.0875,17.0275,0.000000,0.000000,0.000000,0.000000
111894328,-97.3004,17.0275,0.000000,0.000000,0.000000,0.000000
111894453,-97.3899,17.0275,0.000000,0.000000,0.000000,0.000000
111894500,-97.1936,17.0282,0.000000,0.000000,0.000000,0.000000
111894546,-96.4973,17.0282,0.000000,0.000000,0.000000,0.000000
111894625,-95.3348,17.0295,0.000000,0.000000,0.000000,0.000000
111894656,-94.7051,17.0301,0.000000,0.000000,0.000000,0.000000
111894703,-94.1021,17.0307,0.000000,0.000000,0.000000,0.000000
111894765,-93.5318,17.0320,0.000000,0.000000,0.000000,0.000000
111894812,-93.1076,17.0333,0.000000,0.000000,0.000000,0.000000
111894875,-92.9006,17.0333,0.000000,0.000000,0.000000,0.000000
111894921,-92.8677,17.0333,0.000000,0.000000,0.000000,0.000000
111894968,-93.1193,17.0333,0.000000,0.000000,0.000000,0.000000
111895015,-93.5006,17.0307,0.000000,0.000000,0.000000,0.000000
111895062,-93.9893,17.0269,0.000000,0.000000,0.000000,0.000000
111895140,-94.5793,17.0199,0.000000,0.000000,0.000000,0.000000
111895187,-95.2081,17.0141,0.000000,0.000000,0.000000,0.000000
111895234,-95.7455,17.0090,0.000000,0.000000,0.000000,0.000000
111895312,-96.2915,17.0020,0.000000,0.000000,0.000000,0.000000
111895359,-96.4773,16.9982,0.000000,0.000000,0.000000,0.000000
111895406,-96.4327,16.9943,0.000000,0.000000,0.000000,0.000000
111895468,-96.1954,16.9905,0.000000,0.000000,0.000000,0.000000
111895515,-95.8284,16.9873,0.000000,0.000000,0.000000,0.000000
111895578,-95.5595,16.9854,0.000000,0.000000,0.000000,0.000000
111895906,-94.9280,16.9752,0.000000,0.000000,0.000000,0.000000
111895968,-94.5131,16.9726,0.000000,0.000000,0.000000,0.000000
111896015,-94.0807,16.9701,0.000000,0.000000,0.000000,0.000000
111896062,-93.7842,16.9637,0.000000,0.000000,0.000000,0.000000
111896125,-93.7812,16.9522,0.000000,0.000000,0.000000,0.000000
111896171,-93.9966,16.9349,0.000000,0.000000,0.000000,0.000000
111896218,-94.2355,16.9087,0.000000,0.000000,0.000000,0.000000
111896281,-94.4348,16.8832,0.000000,0.000000,0.000000,0.000000
111896328,-94.6693,16.8672,0.000000,0.000000,0.000000,0.000000
111896359,-95.0218,16.8519,0.000000,0.000000,0.000000,0.000000
111896406,-95.5280,16.8327,0.000000,0.000000,0.000000,0.000000
111896468,-96.1225,16.8187,0.000000,0.000000,0.000000,0.000000
111896515,-96.5431,16.8136,0.000000,0.000000,0.000000,0.000000
111896562,-96.8727,16.8097,0.000000,0.000000,0.000000,0.000000
111896609,-97.1303,16.8072,0.000000,0.000000,0.000000,0.000000
111896640,-97.3789,16.8053,0.000000,0.000000,0.000000,0.000000
111896687,-97.5714,16.8034,0.000000,0.000000,0.000000,0.000000
111896734,-97.6996,16.8021,0.000000,0.000000,0.000000,0.000000
111896781,-97.6767,16.8014,0.000000,0.000000,0.000000,0.000000
111896828,-97.4442,16.8014,0.000000,0.000000,0.000000,0.000000
111896875,-97.0566,16.8014,0.000000,0.000000,0.000000,0.000000
111896921,-96.4891,16.8021,0.000000,0.000000,0.000000,0.000000
111896968,-96.1337,16.8021,0.000000,0.000000,0.000000,0.000000
111897000,-95.7213,16.8027,0.000000,0.000000,0.000000,0.000000
111897031,-95.4450,16.8034,0.000000,0.000000,0.000000,0.000000
111897078,-95.3062,16.8034,0.000000,0.000000,0.000000,0.000000
111897125,-95.2119,16.8040,0.000000,0.000000,0.000000,0.000000
111897171,-95.2034,16.8040,0.000000,0.000000,0.000000,0.000000
111897203,-95.2546,16.8040,0.000000,0.000000,0.000000,0.000000
111897250,-95.3369,16.8040,0.000000,0.000000,0.000000,0.000000
111897281,-95.4298,16.8040,0.000000,0.000000,0.000000,0.000000
111897343,-95.5474,16.8040,0.000000,0.000000,0.000000,0.000000
111897390,-95.6840,16.8027,0.000000,0.000000,0.000000,0.000000
111897421,-95.8455,16.8014,0.000000,0.000000,0.000000,0.000000
111897468,-96.0743,16.7995,0.000000,0.000000,0.000000,0.000000
111897500,-96.3022,16.7970,0.000000,0.000000,0.000000,0.000000
111897546,-96.5090,16.7938,0.000000,0.000000,0.000000,0.000000
111897593,-96.7488,16.7906,0.000000,0.000000,0.000000,0.000000
111897625,-97.0490,16.7829,0.000000,0.000000,0.000000,0.000000
111897671,-97.4400,16.7689,0.000000,0.000000,0.000000,0.000000
111897718,-97.8660,16.7548,0.000000,0.000000,0.000000,0.000000
111897765,-98.4830,16.7325,0.000000,0.000000,0.000000,0.000000
111897796,-99.0772,16.7101,0.000000,0.000000,0.000000,0.000000
111897843,-99.5575,16.6852,0.000000,0.000000,0.000000,0.000000
111897890,-99.9779,16.6571,0.000000,0.000000,0.000000,0.000000
111898156,-100.2020,16.6290,0.000000,0.000000,0.000000,0.000000
111898281,-100.2019,16.6264,0.000000,0.000000,0.000000,0.000000
111898328,-100.2020,16.6264,0.000000,0.000000,0.000000,0.000000
111898406,-100.2020,16.6264,0.000000,0.000000,0.000000,0.000000
111898453,-99.6093,16.6264,0.000000,0.000000,0.000000,0.000000
111898796,-85.1950,16.6271,0.000000,0.000000,0.000000,0.000000
111898875,-85.1959,16.6271,0.000000,0.000000,0.000000,0.000000
111898921,-85.1981,16.6271,0.000000,0.000000,0.000000,0.000000
111899062,-85.1993,16.6277,0.000000,0.000000,0.000000,0.000000
111899109,-85.1990,16.6277,0.000000,0.000000,0.000000,0.000000
111899156,-85.2689,16.6277,0.000000,0.000000,0.000000,0.000000
111899218,-85.5659,16.6277,0.000000,0.000000,0.000000,0.000000
111899250,-86.0594,16.6277,0.000000,0.000000,0.000000,0.000000
111899296,-86.7059,16.6277,0.000000,0.000000,0.000000,0.000000
111899390,-87.7324,16.6277,0.000000,0.000000,0.000000,0.000000
111899437,-88.2307,16.6277,0.000000,0.000000,0.000000,0.000000
111899484,-88.7801,16.6277,0.000000,0.000000,0.000000,0.000000
111899531,-89.4037,16.6283,0.000000,0.000000,0.000000,0.000000
111899578,-89.9912,16.6283,0.000000,0.000000,0.000000,0.000000
111899640,-90.7522,16.6283,0.000000,0.000000,0.000000,0.000000
111899687,-91.4855,16.6290,0.000000,0.000000,0.000000,0.000000
111899734,-92.4286,16.6290,0.000000,0.000000,0.000000,0.000000
111899781,-93.2678,16.6290,0.000000,0.000000,0.000000,0.000000
111899843,-94.2719,16.6296,0.000000,0.000000,0.000000,0.000000
111899984,-95.2340,16.6296,0.000000,0.000000,0.000000,0.000000
111900031,-95.7078,16.6296,0.000000,0.000000,0.000000,0.000000
111900250,-96.4963,16.6303,0.000000,0.000000,0.000000,0.000000
111900421,-96.9561,16.6309,0.000000,0.000000,0.000000,0.000000
111900468,-97.3044,16.6303,0.000000,0.000000,0.000000,0.000000
111900515,-97.7993,16.6283,0.000000,0.000000,0.000000,0.000000
111900562,-98.2043,16.6251,0.000000,0.000000,0.000000,0.000000
111900671,-98.5621,16.6181,0.000000,0.000000,0.000000,0.000000
111900718,-99.0264,16.6053,0.000000,0.000000,0.000000,0.000000
111900765,-99.3974,16.5970,0.000000,0.000000,0.000000,0.000000
111900828,-99.8570,16.5843,0.000000,0.000000,0.000000,0.000000
111900875,-100.1411,16.5728,0.000000,0.000000,0.000000,0.000000
111900921,-100.1972,16.5606,0.000000,0.000000,0.000000,0.000000
111900984,-100.1307,16.5549,0.000000,0.000000,0.000000,0.000000
111901031,-100.1423,16.5510,0.000000,0.000000,0.000000,0.000000
111901125,-100.1420,16.5485,0.000000,0.000000,0.000000,0.000000
111901171,-99.1302,16.5434,0.000000,0.000000,0.000000,0.000000
111901250,-92.6095,16.5408,0.000000,0.000000,0.000000,0.000000
111901312,-86.3278,16.5389,0.000000,0.000000,0.000000,0.000000
111901375,-85.2078,16.5370,0.000000,0.000000,0.000000,0.000000
111901421,-85.1774,16.5344,0.000000,0.000000,0.000000,0.000000
111901468,-85.1857,16.5338,0.000000,0.000000,0.000000,0.000000
111901640,-85.1923,16.5306,0.000000,0.000000,0.000000,0.000000
111901687,-85.1937,16.5268,0.000000,0.000000,0.000000,0.000000
111901734,-85.2004,16.5268,0.000000,0.000000,0.000000,0.000000
111901781,-85.2009,16.5281,0.000000,0.000000,0.000000,0.000000
111901843,-85.2012,16.5300,0.000000,0.000000,0.000000,0.000000
111901890,-85.2013,16.5332,0.000000,0.000000,0.000000,0.000000
111901953,-85.2015,16.5357,0.000000,0.000000,0.000000,0.000000
111902000,-85.2015,16.5396,0.000000,0.000000,0.000000,0.000000
111902046,-85.2016,16.5434,0.000000,0.000000,0.000000,0.000000
111902109,-85.2016,16.5459,0.000000,0.000000,0.000000,0.000000
111902156,-85.2016,16.5491,0.000000,0.000000,0.000000,0.000000
111902218,-85.2016,16.5510,0.000000,0.000000,0.000000,0.000000
111902265,-85.2016,16.5530,0.000000,0.000000,0.000000,0.000000
111902312,-85.2016,16.5542,0.000000,0.000000,0.000000,0.000000
111902343,-85.2016,16.5568,0.000000,0.000000,0.000000,0.000000
111902406,-85.2016,16.5600,0.000000,0.000000,0.000000,0.000000
111902437,-85.2016,16.5638,0.000000,0.000000,0.000000,0.000000
111902484,-85.2016,16.5677,0.000000,0.000000,0.000000,0.000000
111902531,-85.2018,16.5702,0.000000,0.000000,0.000000,0.000000
111902578,-85.2018,16.5728,0.000000,0.000000,0.000000,0.000000
111902625,-85.2018,16.5766,0.000000,0.000000,0.000000,0.000000
111902671,-85.2016,16.5779,0.000000,0.000000,0.000000,0.000000
111902718,-85.2016,16.5798,0.000000,0.000000,0.000000,0.000000
111902765,-85.2016,16.5811,0.000000,0.000000,0.000000,0.000000
111902812,-85.2016,16.5817,0.000000,0.000000,0.000000,0.000000
111902859,-85.2016,16.5804,0.000000,0.000000,0.000000,0.000000
111902890,-85.2016,16.5804,0.000000,0.000000,0.000000,0.000000
111902937,-85.2016,16.5804,0.000000,0.000000,0.000000,0.000000
111902984,-85.2016,16.5804,0.000000,0.000000,0.000000,0.000000
111903062,-85.2016,16.5804,0.000000,0.000000,0.000000,0.000000
111903156,-85.2016,16.5804,0.000000,0.000000,0.000000,0.000000
111903250,-85.2016,16.5804,0.000000,0.000000,0.000000,0.000000
111903328,-85.2016,16.5804,0.000000,0.000000,0.000000,0.000000
111903375,-85.2016,16.5804,0.000000,0.000000,0.000000,0.000000
111903421,-85.2016,16.5804,0.000000,0.000000,0.000000,0.000000
111903562,-85.2016,16.5804,0.000000,0.000000,0.000000,0.000000
111903593,-85.2016,16.5804,0.000000,0.000000,0.000000,0.000000
111903671,-85.2016,16.5804,0.000000,0.000000,0.000000,0.000000
111903718,-85.2016,16.5804,0.000000,0.000000,0.000000,0.000000
111903750,-85.2821,16.5804,0.000000,0.000000,0.000000,0.000000
111903812,-85.4226,16.5804,0.000000,0.000000,0.000000,0.000000
111903859,-85.5552,16.5804,0.000000,0.000000,0.000000,0.000000
111903890,-85.6415,16.5804,0.000000,0.000000,0.000000,0.000000
111903937,-85.7179,16.5804,0.000000,0.000000,0.000000,0.000000
111903984,-85.7800,16.5804,0.000000,0.000000,0.000000,0.000000
111904031,-85.8398,16.5804,0.000000,0.000000,0.000000,0.000000
111904078,-85.8837,16.5804,0.000000,0.000000,0.000000,0.000000
111904109,-85.9293,16.5804,0.000000,0.000000,0.000000,0.000000
111904156,-85.9658,16.5804,0.000000,0.000000,0.000000,0.000000
111904187,-86.0007,16.5804,0.000000,0.000000,0.000000,0.000000
111904312,-86.0622,16.5811,0.000000,0.000000,0.000000,0.000000
111904343,-86.0627,16.5804,0.000000,0.000000,0.000000,0.000000
111904390,-86.0630,16.5804,0.000000,0.000000,0.000000,0.000000
111904421,-86.0632,16.5804,0.000000,0.000000,0.000000,0.000000
111904468,-86.0632,16.5804,0.000000,0.000000,0.000000,0.000000
111904531,-86.0633,16.5804,0.000000,0.000000,0.000000,0.000000
111904906,-86.0635,16.5804,0.000000,0.000000,0.000000,0.000000
111904968,-86.0635,16.5804,0.000000,0.000000,0.000000,0.000000
111905031,-86.0635,16.5804,0.000000,0.000000,0.000000,0.000000
111905187,-86.0635,16.5804,0.000000,0.000000,0.000000,0.000000
111905250,-86.0635,16.5804,0.000000,0.000000,0.000000,0.000000
111905312,-86.0855,16.5811,0.000000,0.000000,0.000000,0.000000
111905359,-86.1651,16.5811,0.000000,0.000000,0.000000,0.000000
111905406,-86.2634,16.5804,0.000000,0.000000,0.000000,0.000000
111905453,-86.3979,16.5804,0.000000,0.000000,0.000000,0.000000
111905500,-86.6424,16.5804,0.000000,0.000000,0.000000,0.000000
111905562,-86.9985,16.5798,0.000000,0.000000,0.000000,0.000000
111905609,-87.3168,16.4878,0.000000,0.000000,0.000000,0.000000
111905781,-87.7799,15.6900,0.000000,0.000000,0.000000,0.000000
111905828,-87.9601,15.1407,0.000000,0.000000,0.000000,0.000000
111905890,-88.3950,14.2043,0.000000,0.000000,0.000000,0.000000
111905937,-88.8671,13.3599,0.000000,0.000000,0.000000,0.000000
111905984,-89.3026,12.7633,0.000000,0.000000,0.000000,0.000000
111906031,-89.7880,12.1897,0.000000,0.000000,0.000000,0.000000
111906109,-90.4044,11.5376,0.000000,0.000000,0.000000,0.000000
111906156,-90.8154,11.2265,0.000000,0.000000,0.000000,0.000000
111906218,-91.2789,10.8835,0.000000,0.000000,0.000000,0.000000
111906265,-91.7262,10.6069,0.000000,0.000000,0.000000,0.000000
111906312,-92.1890,10.3316,0.000000,0.000000,0.000000,0.000000
111906375,-92.6340,10.0538,0.000000,0.000000,0.000000,0.000000
111906437,-93.1238,9.7350,0.000000,0.000000,0.000000,0.000000
111906484,-93.5493,9.4227,0.000000,0.000000,0.000000,0.000000
111906531,-93.8893,9.1998,0.000000,0.000000,0.000000,0.000000
111906578,-94.2947,8.8932,0.000000,0.000000,0.000000,0.000000
111906625,-94.6849,8.5451,0.000000,0.000000,0.000000,0.000000
111906671,-95.0637,8.1650,0.000000,0.000000,0.000000,0.000000
111906796,-95.4123,7.7256,0.000000,0.000000,0.000000,0.000000
111906890,-95.6857,7.3027,0.000000,0.000000,0.000000,0.000000
111906937,-95.8833,6.8524,0.000000,0.000000,0.000000,0.000000
111906984,-96.1752,5.9582,0.000000,0.000000,0.000000,0.000000
111907031,-96.4457,5.0435,0.000000,0.000000,0.000000,0.000000
111907093,-96.6527,4.2687,0.000000,0.000000,0.000000,0.000000
111907156,-96.7292,3.6172,0.000000,0.000000,0.000000,0.000000
111907203,-96.6548,3.5118,0.000000,0.000000,0.000000,0.000000
111907406,-96.2704,3.5367,0.000000,0.000000,0.000000,0.000000
111907453,-95.9621,3.7124,0.000000,0.000000,0.000000,0.000000
111907500,-95.2844,4.2668,0.000000,0.000000,0.000000,0.000000
111907562,-94.2480,5.2473,0.000000,0.000000,0.000000,0.000000
111907609,-93.4291,5.9869,0.000000,0.000000,0.000000,0.000000
111907656,-92.6759,6.7534,0.000000,0.000000,0.000000,0.000000
111907718,-91.8117,8.1095,0.000000,0.000000,0.000000,0.000000
111907765,-91.2533,9.1544,0.000000,0.000000,0.000000,0.000000
111907812,-90.8862,9.9976,0.000000,0.000000,0.000000,0.000000
111907859,-90.5495,11.2022,0.000000,0.000000,0.000000,0.000000
111907906,-90.3198,12.1674,0.000000,0.000000,0.000000,0.000000
111907953,-90.0458,13.1740,0.000000,0.000000,0.000000,0.000000
111908156,-89.7086,14.3608,0.000000,0.000000,0.000000,0.000000
111908203,-89.5543,14.5984,0.000000,0.000000,0.000000,0.000000
111908250,-88.5243,15.0059,0.000000,0.000000,0.000000,0.000000
111908296,-86.9151,15.3764,0.000000,0.000000,0.000000,0.000000
111908343,-85.5431,15.7002,0.000000,0.000000,0.000000,0.000000
111908406,-85.2379,15.8772,0.000000,0.000000,0.000000,0.000000
111908453,-85.2049,15.9704,0.000000,0.000000,0.000000,0.000000
111908500,-85.2022,16.0164,0.000000,0.000000,0.000000,0.000000
111908546,-85.2019,16.0177,0.000000,0.000000,0.000000,0.000000
111908593,-85.2018,15.9474,0.000000,0.000000,0.000000,0.000000
111908656,-85.2018,15.8548,0.000000,0.000000,0.000000,0.000000
111908703,-85.2018,15.7245,0.000000,0.000000,0.000000,0.000000
111908765,-85.2016,15.6166,0.000000,0.000000,0.000000,0.000000
111908812,-85.2016,15.4805,0.000000,0.000000,0.000000,0.000000
111908890,-85.2016,15.3860,0.000000,0.000000,0.000000,0.000000
111908937,-85.2016,15.2825,0.000000,0.000000,0.000000,0.000000
111908968,-85.2016,15.2448,0.000000,0.000000,0.000000,0.000000
111909015,-85.2016,15.1976,0.000000,0.000000,0.000000,0.000000
111909046,-85.2016,15.1445,0.000000,0.000000,0.000000,0.000000
111909093,-85.2016,15.0992,0.000000,0.000000,0.000000,0.000000
111909125,-85.2015,15.0692,0.000000,0.000000,0.000000,0.000000
111909171,-85.2840,15.0532,0.000000,0.000000,0.000000,0.000000
111909203,-85.5368,15.0494,0.000000,0.000000,0.000000,0.000000
111909250,-86.0036,15.0494,0.000000,0.000000,0.000000,0.000000
111909296,-86.6294,15.0494,0.000000,0.000000,0.000000,0.000000
111909343,-87.1625,15.0494,0.000000,0.000000,0.000000,0.000000
111909375,-87.9662,15.0494,0.000000,0.000000,0.000000,0.000000
111909421,-88.8227,15.0494,0.000000,0.000000,0.000000,0.000000
111909468,-89.9365,15.0494,0.000000,0.000000,0.000000,0.000000
111909515,-90.9739,15.0475,0.000000,0.000000,0.000000,0.000000
111909546,-91.8815,15.0455,0.000000,0.000000,0.000000,0.000000
111909578,-92.9476,15.0430,0.000000,0.000000,0.000000,0.000000
111909625,-93.7753,15.0411,0.000000,0.000000,0.000000,0.000000
111909656,-94.6680,15.0391,0.000000,0.000000,0.000000,0.000000
111909718,-95.6591,15.0360,0.000000,0.000000,0.000000,0.000000
111909750,-96.6748,15.0321,0.000000,0.000000,0.000000,0.000000
111909796,-97.3811,15.0283,0.000000,0.000000,0.000000,0.000000
111909828,-98.2504,15.0251,0.000000,0.000000,0.000000,0.000000
111909875,-99.1527,15.0225,0.000000,0.000000,0.000000,0.000000
111909906,-99.9257,15.0193,0.000000,0.000000,0.000000,0.000000
111909953,-100.1551,15.0162,0.000000,0.000000,0.000000,0.000000
111909984,-100.1954,15.0136,0.000000,0.000000,0.000000,0.000000
111910031,-100.1537,15.0110,0.000000,0.000000,0.000000,0.000000
111910265,-100.1552,15.0021,0.000000,0.000000,0.000000,0.000000
111910359,-100.1551,15.0008,0.000000,0.000000,0.000000,0.000000
111910406,-99.6690,14.9995,0.000000,0.000000,0.000000,0.000000
111910796,-85.1987,14.9957,0.000000,0.000000,0.000000,0.000000
111910843,-85.1976,14.9957,0.000000,0.000000,0.000000,0.000000
111910875,-85.1985,14.9957,0.000000,0.000000,0.000000,0.000000
111910906,-85.1993,14.9951,0.000000,0.000000,0.000000,0.000000
111911046,-85.1999,14.9944,0.000000,0.000000,0.000000,0.000000
111911078,-85.2002,14.9944,0.000000,0.000000,0.000000,0.000000
111911125,-85.2556,14.9944,0.000000,0.000000,0.000000,0.000000
111911156,-85.3654,14.9938,0.000000,0.000000,0.000000,0.000000
111911218,-85.6353,14.9938,0.000000,0.000000,0.000000,0.000000
111911250,-86.0232,14.9932,0.000000,0.000000,0.000000,0.000000
111911281,-86.5008,14.9932,0.000000,0.000000,0.000000,0.000000
111911328,-87.1017,14.9932,0.000000,0.000000,0.000000,0.000000
111911375,-87.9979,14.9932,0.000000,0.000000,0.000000,0.000000
111911421,-88.9614,14.9919,0.000000,0.000000,0.000000,0.000000
111911468,-89.8184,14.9900,0.000000,0.000000,0.000000,0.000000
111911515,-90.7803,14.9810,0.000000,0.000000,0.000000,0.000000
111911562,-91.7330,14.9599,0.000000,0.000000,0.000000,0.000000
111911609,-92.4922,14.9421,0.000000,0.000000,0.000000,0.000000
111911656,-93.2525,14.9286,0.000000,0.000000,0.000000,0.000000
111911703,-93.6913,14.9229,0.000000,0.000000,0.000000,0.000000
111911750,-94.0523,14.9172,0.000000,0.000000,0.000000,0.000000
111911796,-94.3631,14.9114,0.000000,0.000000,0.000000,0.000000
111911843,-94.5793,14.9063,0.000000,0.000000,0.000000,0.000000
111911890,-94.7460,14.9018,0.000000,0.000000,0.000000,0.000000
111911937,-94.7577,14.9005,0.000000,0.000000,0.000000,0.000000
111911984,-94.7557,14.9005,0.000000,0.000000,0.000000,0.000000
111912031,-94.7561,14.9005,0.000000,0.000000,0.000000,0.000000
111912078,-94.7564,14.9005,0.000000,0.000000,0.000000,0.000000
111912171,-94.7566,14.9005,0.000000,0.000000,0.000000,0.000000
111912234,-94.7566,14.9005,0.000000,0.000000,0.000000,0.000000
111912296,-94.7566,14.9005,0.000000,0.000000,0.000000,0.000000
111912359,-94.7566,14.9005,0.000000,0.000000,0.000000,0.000000
111912406,-94.7566,14.9005,0.000000,0.000000,0.000000,0.000000
111912484,-94.7566,14.9005,0.000000,0.000000,0.000000,0.000000
111912531,-94.7566,14.9005,0.000000,0.000000,0.000000,0.000000
111912562,-94.7566,14.9005,0.000000,0.000000,0.000000,0.000000
111912703,-94.7566,14.9005,0.000000,0.000000,0.000000,0.000000
111912750,-94.7566,14.9005,0.000000,0.000000,0.000000,0.000000
111912812,-94.8299,14.9012,0.000000,0.000000,0.000000,0.000000
111912859,-94.9273,14.9005,0.000000,0.000000,0.000000,0.000000
111912906,-95.1335,14.9005,0.000000,0.000000,0.000000,0.000000
111912953,-95.3932,14.9005,0.000000,0.000000,0.000000,0.000000
111913015,-95.8058,14.9005,0.000000,0.000000,0.000000,0.000000
111913078,-96.2737,14.9005,0.000000,0.000000,0.000000,0.000000
111913125,-96.9994,14.9005,0.000000,0.000000,0.000000,0.000000
111913171,-97.8432,14.9005,0.000000,0.000000,0.000000,0.000000
111913234,-98.9498,14.9005,0.000000,0.000000,0.000000,0.000000
111913281,-99.7509,14.9012,0.000000,0.000000,0.000000,0.000000
111913343,-100.1575,14.9012,0.000000,0.000000,0.000000,0.000000
111913406,-100.1991,14.9018,0.000000,0.000000,0.000000,0.000000
111913468,-100.1588,14.9018,0.000000,0.000000,0.000000,0.000000
111913671,-100.1578,14.9025,0.000000,0.000000,0.000000,0.000000
111913750,-100.1577,14.9025,0.000000,0.000000,0.000000,0.000000
111913812,-99.2000,14.9025,0.000000,0.000000,0.000000,0.000000
111913875,-92.8702,14.9031,0.000000,0.000000,0.000000,0.000000
111913937,-86.7249,14.9031,0.000000,0.000000,0.000000,0.000000
111914000,-85.2085,14.9031,0.000000,0.000000,0.000000,0.000000
111914046,-85.1819,14.9031,0.000000,0.000000,0.000000,0.000000
111914093,-85.1858,14.9031,0.000000,0.000000,0.000000,0.000000
111914234,-85.1911,14.9037,0.000000,0.000000,0.000000,0.000000
111914281,-85.1922,14.9037,0.000000,0.000000,0.000000,0.000000
111914328,-85.1998,14.9037,0.000000,0.000000,0.000000,0.000000
111914359,-85.2002,14.9037,0.000000,0.000000,0.000000,0.000000
111914406,-85.2005,14.9044,0.000000,0.000000,0.000000,0.000000
111914437,-85.2009,14.9044,0.000000,0.000000,0.000000,0.000000
111914484,-85.2010,14.9044,0.000000,0.000000,0.000000,0.000000
111914515,-85.2012,14.9044,0.000000,0.000000,0.000000,0.000000
111914546,-85.2013,14.9044,0.000000,0.000000,0.000000,0.000000
111914609,-85.2015,14.9044,0.000000,0.000000,0.000000,0.000000
111914640,-85.2016,14.9044,0.000000,0.000000,0.000000,0.000000
111914687,-85.2016,14.9044,0.000000,0.000000,0.000000,0.000000
111914718,-85.2016,14.9050,0.000000,0.000000,0.000000,0.000000
111914765,-85.2016,14.9050,0.000000,0.000000,0.000000,0.000000
111914796,-85.2016,14.9050,0.000000,0.000000,0.000000,0.000000
111914828,-85.2016,14.9050,0.000000,0.000000,0.000000,0.000000
111914875,-85.2016,14.9050,0.000000,0.000000,0.000000,0.000000
111914906,-85.2018,14.9050,0.000000,0.000000,0.000000,0.000000
111914953,-85.2018,14.9050,0.000000,0.000000,0.000000,0.000000
111915000,-85.2018,14.9050,0.000000,0.000000,0.000000,0.000000
111915046,-85.2016,14.9050,0.000000,0.000000,0.000000,0.000000
111915078,-85.2016,14.9050,0.000000,0.000000,0.000000,0.000000
111915125,-85.2016,14.9050,0.000000,0.000000,0.000000,0.000000
111915156,-85.2016,14.9057,0.000000,0.000000,0.000000,0.000000
111915203,-85.2286,14.9057,0.000000,0.000000,0.000000,0.000000
111915234,-85.2841,14.9057,0.000000,0.000000,0.000000,0.000000
111915281,-85.3505,14.9057,0.000000,0.000000,0.000000,0.000000
111915328,-85.4104,14.9057,0.000000,0.000000,0.000000,0.000000
111915359,-85.4614,14.9057,0.000000,0.000000,0.000000,0.000000
111915421,-85.4653,14.9057,0.000000,0.000000,0.000000,0.000000
111915453,-85.4645,14.9057,0.000000,0.000000,0.000000,0.000000
111915500,-85.4644,14.9057,0.000000,0.000000,0.000000,0.000000
111915531,-85.4644,14.9057,0.000000,0.000000,0.000000,0.000000
111915687,-85.4644,14.9057,0.000000,0.000000,0.000000,0.000000
111915875,-85.4644,14.9057,0.000000,0.000000,0.000000,0.000000
111915937,-85.4644,14.9057,0.000000,0.000000,0.000000,0.000000
111915984,-85.4644,14.9057,0.000000,0.000000,0.000000,0.000000
111916031,-85.4644,14.9057,0.000000,0.000000,0.000000,0.000000
111916062,-85.4644,14.9057,0.000000,0.000000,0.000000,0.000000
111916218,-85.4644,14.9057,0.000000,0.000000,0.000000,0.000000
111916265,-85.4644,14.9057,0.000000,0.000000,0.000000,0.000000
111916312,-85.3806,14.9057,0.000000,0.000000,0.000000,0.000000
111916437,-85.2686,14.9057,0.000000,0.000000,0.000000,0.000000
111916562,-85.2041,14.9057,0.000000,0.000000,0.000000,0.000000
111916640,-85.2026,14.9057,0.000000,0.000000,0.000000,0.000000
111916687,-85.2547,14.9057,0.000000,0.000000,0.000000,0.000000
111916734,-85.3280,14.9057,0.000000,0.000000,0.000000,0.000000
111916765,-85.3854,14.9057,0.000000,0.000000,0.000000,0.000000
111916812,-85.4271,14.9057,0.000000,0.000000,0.000000,0.000000
111916875,-85.4630,14.9057,0.000000,0.000000,0.000000,0.000000
111916906,-85.4892,14.9057,0.000000,0.000000,0.000000,0.000000
111916937,-85.4946,14.9057,0.000000,0.000000,0.000000,0.000000
111916984,-85.4955,14.9057,0.000000,0.000000,0.000000,0.000000
111917031,-85.4960,14.9057,0.000000,0.000000,0.000000,0.000000
111917062,-85.5158,14.9057,0.000000,0.000000,0.000000,0.000000
111917093,-85.5588,14.9057,0.000000,0.000000,0.000000,0.000000
111917140,-85.6154,14.9057,0.000000,0.000000,0.000000,0.000000
111917171,-85.6771,14.9057,0.000000,0.000000,0.000000,0.000000
111917328,-85.7579,14.9057,0.000000,0.000000,0.000000,0.000000
111917375,-85.7896,14.9057,0.000000,0.000000,0.000000,0.000000
111917453,-85.7918,14.9057,0.000000,0.000000,0.000000,0.000000
111917515,-85.7914,14.9057,0.000000,0.000000,0.000000,0.000000
111917562,-85.7916,14.9057,0.000000,0.000000,0.000000,0.000000
111917625,-85.7916,14.9057,0.000000,0.000000,0.000000,0.000000
111917703,-85.7916,14.9057,0.000000,0.000000,0.000000,0.000000
111917765,-85.7916,14.9057,0.000000,0.000000,0.000000,0.000000
111917828,-85.7918,14.9057,0.000000,0.000000,0.000000,0.000000
111917890,-85.7918,14.9057,0.000000,0.000000,0.000000,0.000000
111917953,-85.7918,14.9057,0.000000,0.000000,0.000000,0.000000
111918281,-85.7918,14.9057,0.000000,0.000000,0.000000,0.000000
111918328,-85.7918,14.9057,0.000000,0.000000,0.000000,0.000000
111918375,-85.3958,14.5032,0.000000,0.000000,0.000000,0.000000
111918421,-85.2236,13.5994,0.000000,0.000000,0.000000,0.000000
111918468,-85.2061,12.5857,0.000000,0.000000,0.000000,0.000000
111918531,-85.2032,11.1786,0.000000,0.000000,0.000000,0.000000
111918578,-85.2026,9.8111,0.000000,0.000000,0.000000,0.000000
111918625,-85.2022,8.1637,0.000000,0.000000,0.000000,0.000000
111918671,-85.2021,6.1779,0.000000,0.000000,0.000000,0.000000
111918718,-85.2019,4.0867,0.000000,0.000000,0.000000,0.000000
111918781,-85.2018,1.3822,0.000000,0.000000,0.000000,0.000000
111918828,-85.2016,-0.7518,0.000000,0.000000,0.000000,0.000000
111918875,-85.2016,-3.1349,0.000000,0.000000,0.000000,0.000000
111918921,-85.2016,-6.0189,0.000000,0.000000,0.000000,0.000000
111918968,-85.2016,-8.9590,0.000000,0.000000,0.000000,0.000000
111919015,-85.2016,-11.3421,0.000000,0.000000,0.000000,0.000000
111919062,-85.2174,-13.2986,0.000000,0.000000,0.000000,0.000000
111919109,-85.2987,-15.0998,0.000000,0.000000,0.000000,0.000000
111919156,-85.4372,-16.5172,0.000000,0.000000,0.000000,0.000000
111919203,-85.6326,-17.8918,0.000000,0.000000,0.000000,0.000000
111919265,-85.8470,-19.1009,0.000000,0.000000,0.000000,0.000000
111919312,-86.0205,-19.9351,0.000000,0.000000,0.000000,0.000000
111919359,-86.1525,-20.3841,0.000000,0.000000,0.000000,0.000000
111919406,-86.2803,-20.5170,0.000000,0.000000,0.000000,0.000000
111919453,-86.4264,-20.4340,0.000000,0.000000,0.000000,0.000000
111919500,-86.5911,-19.9690,0.000000,0.000000,0.000000,0.000000
111919546,-86.7347,-19.2951,0.000000,0.000000,0.000000,0.000000
111919593,-86.8779,-18.5260,0.000000,0.000000,0.000000,0.000000
111919640,-87.0030,-17.8279,0.000000,0.000000,0.000000,0.000000
111919687,-87.0975,-17.2747,0.000000,0.000000,0.000000,0.000000
111919750,-87.1603,-16.8123,0.000000,0.000000,0.000000,0.000000
111919781,-87.1736,-16.5396,0.000000,0.000000,0.000000,0.000000
111919828,-87.1750,-16.3543,0.000000,0.000000,0.000000,0.000000
111919875,-87.1755,-16.2528,0.000000,0.000000,0.000000,0.000000
111919937,-87.1755,-16.1652,0.000000,0.000000,0.000000,0.000000
111919984,-87.1753,-16.0841,0.000000,0.000000,0.000000,0.000000
111920031,-87.1753,-16.0458,0.000000,0.000000,0.000000,0.000000
111920078,-87.1752,-15.9979,0.000000,0.000000,0.000000,0.000000
111920125,-87.1750,-15.9762,0.000000,0.000000,0.000000,0.000000
111920171,-87.1750,-15.9672,0.000000,0.000000,0.000000,0.000000
111920234,-87.1749,-15.9672,0.000000,0.000000,0.000000,0.000000
111920281,-87.1747,-15.9826,0.000000,0.000000,0.000000,0.000000
111920328,-87.1747,-16.0567,0.000000,0.000000,0.000000,0.000000
111920531,-87.1746,-16.2892,0.000000,0.000000,0.000000,0.000000
111920578,-87.1746,-16.5166,0.000000,0.000000,0.000000,0.000000
111920625,-87.1964,-17.0984,0.000000,0.000000,0.000000,0.000000
111920687,-87.2045,-18.0093,0.000000,0.000000,0.000000,0.000000
111920734,-87.2057,-18.9610,0.000000,0.000000,0.000000,0.000000
111920765,-87.2059,-20.0545,0.000000,0.000000,0.000000,0.000000
111920812,-87.2059,-21.4904,0.000000,0.000000,0.000000,0.000000
111920859,-87.2060,-23.2853,0.000000,0.000000,0.000000,0.000000
111920906,-87.2181,-24.4951,0.000000,0.000000,0.000000,0.000000
111920953,-87.2738,-26.3742,0.000000,0.000000,0.000000,0.000000
111921031,-87.3718,-29.2313,0.000000,0.000000,0.000000,0.000000
111921125,-87.4360,-31.2466,0.000000,0.000000,0.000000,0.000000
111921234,-87.4798,-33.0280,0.000000,0.000000,0.000000,0.000000
111921406,-87.5601,-35.6884,0.000000,0.000000,0.000000,0.000000
111921453,-87.6049,-37.0872,0.000000,0.000000,0.000000,0.000000
111921484,-87.7990,-40.4470,0.000000,0.000000,0.000000,0.000000
111921531,-88.0349,-44.6205,0.000000,0.000000,0.000000,0.000000
111921593,-88.2515,-49.2118,0.000000,0.000000,0.000000,0.000000
111921625,-88.4142,-53.3828,0.000000,0.000000,0.000000,0.000000
111921671,-88.5298,-56.1740,0.000000,0.000000,0.000000,0.000000
111921703,-88.6512,-59.0905,0.000000,0.000000,0.000000,0.000000
111921750,-88.7669,-61.4954,0.000000,0.000000,0.000000,0.000000
111921796,-88.9194,-64.2241,0.000000,0.000000,0.000000,0.000000
111921843,-89.0816,-66.2010,0.000000,0.000000,0.000000,0.000000
111921875,-89.2996,-67.7819,0.000000,0.000000,0.000000,0.000000
111921921,-89.5914,-69.0038,0.000000,0.000000,0.000000,0.000000
111921968,-89.9786,-70.1567,0.000000,0.000000,0.000000,0.000000
111922015,-90.5092,-71.0918,0.000000,0.000000,0.000000,0.000000
111922062,-91.0246,-71.7178,0.000000,0.000000,0.000000,0.000000
111922093,-91.6008,-72.2275,0.000000,0.000000,0.000000,0.000000
111922140,-92.2075,-72.6599,0.000000,0.000000,0.000000,0.000000
111922187,-92.7371,-73.0470,0.000000,0.000000,0.000000,0.000000
111922234,-93.2241,-73.7790,0.000000,0.000000,0.000000,0.000000
111922265,-93.5470,-74.8540,0.000000,0.000000,0.000000,0.000000
111922312,-93.7910,-76.4969,0.000000,0.000000,0.000000,0.000000
111922359,-93.9746,-78.5689,0.000000,0.000000,0.000000,0.000000
111922406,-94.0964,-80.6231,0.000000,0.000000,0.000000,0.000000
111922468,-94.2103,-83.4968,0.000000,0.000000,0.000000,0.000000
111922500,-94.2823,-86.2000,0.000000,0.000000,0.000000,0.000000
111922546,-94.3234,-88.3570,0.000000,0.000000,0.000000,0.000000
111922578,-94.3622,-91.3323,0.000000,0.000000,0.000000,0.000000
111922625,-94.3881,-93.8968,0.000000,0.000000,0.000000,0.000000
111922671,-94.3982,-96.5578,0.000000,0.000000,0.000000,0.000000
111922703,-94.3994,-98.2996,0.000000,0.000000,0.000000,0.000000
111922750,-94.3997,-100.0677,0.000000,0.000000,0.000000,0.000000
111922796,-94.3999,-101.6466,0.000000,0.000000,0.000000,0.000000
111922828,-94.3999,-103.0174,0.000000,0.000000,0.000000,0.000000
111922875,-94.3999,-104.3907,0.000000,0.000000,0.000000,0.000000
111922921,-94.3997,-105.2440,0.000000,0.000000,0.000000,0.000000
111922968,-94.3997,-106.0808,0.000000,0.000000,0.000000,0.000000
111923015,-94.3997,-106.7732,0.000000,0.000000,0.000000,0.000000
111923046,-94.3997,-107.3142,0.000000,0.000000,0.000000,0.000000
111923093,-94.3997,-107.7402,0.000000,0.000000,0.000000,0.000000
111923140,-94.3997,-108.0883,0.000000,0.000000,0.000000,0.000000
111923187,-94.3997,-108.3541,0.000000,0.000000,0.000000,0.000000
111923234,-94.3996,-108.5731,0.000000,0.000000,0.000000,0.000000
111923281,-94.3996,-108.7680,0.000000,0.000000,0.000000,0.000000
111923343,-94.3996,-108.8836,0.000000,0.000000,0.000000,0.000000
111923406,-94.3996,-108.8095,0.000000,0.000000,0.000000,0.000000
111923453,-94.3996,-108.0264,0.000000,0.000000,0.000000,0.000000
111923500,-94.3996,-106.5183,0.000000,0.000000,0.000000,0.000000
111923562,-94.3996,-103.5233,0.000000,0.000000,0.000000,0.000000
111923640,-94.3996,-97.8346,0.000000,0.000000,0.000000,0.000000
111923734,-94.4459,-93.6272,0.000000,0.000000,0.000000,0.000000
111923812,-94.6460,-89.9832,0.000000,0.000000,0.000000,0.000000
111923890,-95.0161,-86.8036,0.000000,0.000000,0.000000,0.000000
111923984,-95.5445,-84.1266,0.000000,0.000000,0.000000,0.000000
111924062,-96.0904,-82.1708,0.000000,0.000000,0.000000,0.000000
111924109,-96.6417,-80.8940,0.000000,0.000000,0.000000,0.000000
111924203,-97.3584,-79.2415,0.000000,0.000000,0.000000,0.000000
111924265,-97.7598,-78.3658,0.000000,0.000000,0.000000,0.000000
111924359,-98.1539,-77.3240,0.000000,0.000000,0.000000,0.000000
111924437,-98.4110,-75.8128,0.000000,0.000000,0.000000,0.000000
111924500,-98.6078,-73.6021,0.000000,0.000000,0.000000,0.000000
111924578,-98.8002,-69.8099,0.000000,0.000000,0.000000,0.000000
111924625,-98.9360,-65.8305,0.000000,0.000000,0.000000,0.000000
111924687,-99.0395,-61.4922,0.000000,0.000000,0.000000,0.000000
111924765,-99.1795,-56.0699,0.000000,0.000000,0.000000,0.000000
111924828,-99.3828,-51.6741,0.000000,0.000000,0.000000,0.000000
111924890,-99.7594,-47.9848,0.000000,0.000000,0.000000,0.000000
111924953,-100.1140,-45.7236,0.000000,0.000000,0.000000,0.000000
111925015,-100.1977,-43.4005,0.000000,0.000000,0.000000,0.000000
111925093,-100.1150,-42.8544,0.000000,0.000000,0.000000,0.000000
111925171,-100.1146,-42.7924,0.000000,0.000000,0.000000,0.000000
111925281,-100.1144,-42.7637,0.000000,0.000000,0.000000,0.000000
111925343,-98.1353,-42.7432,0.000000,0.000000,0.000000,0.000000
111925406,-90.4847,-42.7298,0.000000,0.000000,0.000000,0.000000
111925500,-85.2514,-42.7266,0.000000,0.000000,0.000000,0.000000
111925562,-85.1824,-42.7266,0.000000,0.000000,0.000000,0.000000
111925734,-85.1889,-42.7266,0.000000,0.000000,0.000000,0.000000
111925781,-85.1911,-42.7273,0.000000,0.000000,0.000000,0.000000
111925828,-85.3739,-42.7273,0.000000,0.000000,0.000000,0.000000
111925875,-85.5552,-42.7273,0.000000,0.000000,0.000000,0.000000
111925953,-85.9531,-42.7273,0.000000,0.000000,0.000000,0.000000
111926015,-86.2829,-42.7279,0.000000,0.000000,0.000000,0.000000
111926062,-86.6291,-42.7279,0.000000,0.000000,0.000000,0.000000
111926109,-87.0809,-42.7286,0.000000,0.000000,0.000000,0.000000
111926156,-87.5093,-42.7292,0.000000,0.000000,0.000000,0.000000
111926203,-87.7790,-42.7298,0.000000,0.000000,0.000000,0.000000
111926250,-87.9398,-42.7305,0.000000,0.000000,0.000000,0.000000
111926281,-88.0988,-42.7311,0.000000,0.000000,0.000000,0.000000
111926328,-88.2197,-42.7318,0.000000,0.000000,0.000000,0.000000
111926390,-88.3160,-42.7324,0.000000,0.000000,0.000000,0.000000
111926437,-88.3875,-42.7343,0.000000,0.000000,0.000000,0.000000
111926484,-88.4296,-42.7356,0.000000,0.000000,0.000000,0.000000
111926546,-88.4682,-42.7375,0.000000,0.000000,0.000000,0.000000
111926593,-88.4925,-42.7407,0.000000,0.000000,0.000000,0.000000
111926656,-88.5175,-42.7439,0.000000,0.000000,0.000000,0.000000
111926703,-88.5206,-42.7458,0.000000,0.000000,0.000000,0.000000
111926750,-88.5211,-42.7477,0.000000,0.000000,0.000000,0.000000
111926796,-88.5211,-42.7490,0.000000,0.000000,0.000000,0.000000
111926843,-88.5211,-42.7509,0.000000,0.000000,0.000000,0.000000
111926890,-88.5211,-42.7528,0.000000,0.000000,0.000000,0.000000
111926953,-88.5211,-42.7547,0.000000,0.000000,0.000000,0.000000
111927000,-88.5211,-42.7567,0.000000,0.000000,0.000000,0.000000
111927171,-88.5209,-42.7624,0.000000,0.000000,0.000000,0.000000
111927218,-88.5209,-42.7643,0.000000,0.000000,0.000000,0.000000
111927296,-88.5208,-42.7662,0.000000,0.000000,0.000000,0.000000
111927343,-88.5208,-42.7688,0.000000,0.000000,0.000000,0.000000
111927406,-88.5208,-42.7701,0.000000,0.000000,0.000000,0.000000
111927453,-88.5206,-42.7714,0.000000,0.000000,0.000000,0.000000
111927500,-88.5206,-42.7720,0.000000,0.000000,0.000000,0.000000
111927546,-88.5206,-42.7733,0.000000,0.000000,0.000000,0.000000
111927609,-88.5206,-42.7739,0.000000,0.000000,0.000000,0.000000
111927656,-88.5206,-42.7745,0.000000,0.000000,0.000000,0.000000
111927703,-88.5206,-42.7752,0.000000,0.000000,0.000000,0.000000
111927765,-88.5206,-42.7758,0.000000,0.000000,0.000000,0.000000
111927812,-88.5206,-42.7765,0.000000,0.000000,0.000000,0.000000
111927875,-88.5206,-42.7771,0.000000,0.000000,0.000000,0.000000
111927921,-88.5206,-42.7771,0.000000,0.000000,0.000000,0.000000
111927968,-88.5206,-42.7777,0.000000,0.000000,0.000000,0.000000
111928031,-88.5206,-42.7784,0.000000,0.000000,0.000000,0.000000
111928078,-88.5206,-42.7784,0.000000,0.000000,0.000000,0.000000
111928125,-88.5206,-42.7790,0.000000,0.000000,0.000000,0.000000
111928171,-88.5206,-42.7790,0.000000,0.000000,0.000000,0.000000
111928218,-88.5206,-42.7797,0.000000,0.000000,0.000000,0.000000
111928265,-88.5206,-42.7803,0.000000,0.000000,0.000000,0.000000
111928328,-88.5206,-42.7809,0.000000,0.000000,0.000000,0.000000
111928375,-88.5206,-42.7809,0.000000,0.000000,0.000000,0.000000
111928421,-88.5206,-42.7809,0.000000,0.000000,0.000000,0.000000
111928484,-88.5206,-42.7816,0.000000,0.000000,0.000000,0.000000
111928531,-88.5206,-42.7816,0.000000,0.000000,0.000000,0.000000
111928578,-88.5206,-42.7816,0.000000,0.000000,0.000000,0.000000
111928625,-88.5206,-42.7816,0.000000,0.000000,0.000000,0.000000
111928671,-88.5206,-42.6730,0.000000,0.000000,0.000000,0.000000
111928718,-88.5206,-42.1780,0.000000,0.000000,0.000000,0.000000
111928781,-88.5206,-40.6405,0.000000,0.000000,0.000000,0.000000
111928828,-88.5206,-38.6604,0.000000,0.000000,0.000000,0.000000
111928875,-88.5206,-37.4934,0.000000,0.000000,0.000000,0.000000
111928921,-88.4513,-36.4152,0.000000,0.000000,0.000000,0.000000
111928984,-88.2342,-35.1065,0.000000,0.000000,0.000000,0.000000
111929031,-87.9859,-33.9395,0.000000,0.000000,0.000000,0.000000
111929078,-87.7569,-32.6179,0.000000,0.000000,0.000000,0.000000
111929140,-87.6363,-30.8352,0.000000,0.000000,0.000000,0.000000
111929187,-87.6163,-28.8257,0.000000,0.000000,0.000000,0.000000
111929234,-87.6329,-25.9495,0.000000,0.000000,0.000000,0.000000
111929281,-87.6592,-23.5804,0.000000,0.000000,0.000000,0.000000
111929343,-87.7728,-20.5055,0.000000,0.000000,0.000000,0.000000
111929578,-87.9240,-17.8649,0.000000,0.000000,0.000000,0.000000
111929687,-88.1417,-15.7450,0.000000,0.000000,0.000000,0.000000
111929781,-88.3857,-13.5087,0.000000,0.000000,0.000000,0.000000
111929843,-88.5902,-11.7266,0.000000,0.000000,0.000000,0.000000
111929890,-88.7419,-10.3604,0.000000,0.000000,0.000000,0.000000
111929953,-88.8964,-8.7373,0.000000,0.000000,0.000000,0.000000
111930000,-89.0031,-7.5410,0.000000,0.000000,0.000000,0.000000
111930046,-89.1168,-6.5790,0.000000,0.000000,0.000000,0.000000
111930093,-89.1964,-6.0074,0.000000,0.000000,0.000000,0.000000
111930156,-89.2989,-5.1393,0.000000,0.000000,0.000000,0.000000
111930203,-89.3046,-5.0263,0.000000,0.000000,0.000000,0.000000
111930234,-89.3041,-5.0275,0.000000,0.000000,0.000000,0.000000
111930281,-89.3046,-5.0294,0.000000,0.000000,0.000000,0.000000
111930328,-89.3051,-5.0314,0.000000,0.000000,0.000000,0.000000
111930406,-89.3052,-5.0339,0.000000,0.000000,0.000000,0.000000
111930578,-89.3052,-5.0454,0.000000,0.000000,0.000000,0.000000
111930656,-89.3054,-5.0499,0.000000,0.000000,0.000000,0.000000
111930718,-89.3054,-5.0531,0.000000,0.000000,0.000000,0.000000
111930750,-89.3054,-5.0569,0.000000,0.000000,0.000000,0.000000
111930812,-89.3054,-5.0601,0.000000,0.000000,0.000000,0.000000
111930953,-89.3054,-5.0633,0.000000,0.000000,0.000000,0.000000
111930984,-89.3054,-5.0697,0.000000,0.000000,0.000000,0.000000
111931031,-89.3054,-5.0722,0.000000,0.000000,0.000000,0.000000
111931078,-89.3054,-5.0742,0.000000,0.000000,0.000000,0.000000
111931125,-89.3054,-5.0767,0.000000,0.000000,0.000000,0.000000
111931171,-89.3054,-5.0793,0.000000,0.000000,0.000000,0.000000
111931250,-89.3054,-5.0837,0.000000,0.000000,0.000000,0.000000
111931281,-89.3054,-5.0869,0.000000,0.000000,0.000000,0.000000
111931328,-89.3054,-5.0888,0.000000,0.000000,0.000000,0.000000
111931406,-89.3054,-5.0933,0.000000,0.000000,0.000000,0.000000
111931453,-89.3054,-5.0965,0.000000,0.000000,0.000000,0.000000
111931484,-89.3054,-5.0984,0.000000,0.000000,0.000000,0.000000
111931609,-89.3054,-5.1055,0.000000,0.000000,0.000000,0.000000
111931656,-89.3054,-5.1086,0.000000,0.000000,0.000000,0.000000
111931703,-89.3054,-5.1125,0.000000,0.000000,0.000000,0.000000
111931750,-89.3054,-5.1163,0.000000,0.000000,0.000000,0.000000
111931796,-89.3054,-5.1195,0.000000,0.000000,0.000000,0.000000
111931828,-89.3054,-5.1233,0.000000,0.000000,0.000000,0.000000
111931875,-89.3054,-5.1259,0.000000,0.000000,0.000000,0.000000
111931937,-89.3054,-5.1278,0.000000,0.000000,0.000000,0.000000
111931984,-89.3054,-5.1291,0.000000,0.000000,0.000000,0.000000
111932031,-89.3054,-5.1297,0.000000,0.000000,0.000000,0.000000
111932078,-89.3054,-5.1304,0.000000,0.000000,0.000000,0.000000
111932328,-89.3054,-5.1342,0.000000,0.000000,0.000000,0.000000
111932390,-89.3054,-5.1348,0.000000,0.000000,0.000000,0.000000
111932453,-89.3054,-5.1348,0.000000,0.000000,0.000000,0.000000
111932515,-89.3054,-5.1355,0.000000,0.000000,0.000000,0.000000
111932562,-89.3054,-5.1361,0.000000,0.000000,0.000000,0.000000
111932609,-89.3054,-5.1368,0.000000,0.000000,0.000000,0.000000
111932687,-89.3054,-5.1368,0.000000,0.000000,0.000000,0.000000
111932734,-89.3054,-5.1374,0.000000,0.000000,0.000000,0.000000
111932781,-89.3054,-5.1374,0.000000,0.000000,0.000000,0.000000
111932968,-89.3054,-5.1380,0.000000,0.000000,0.000000,0.000000
111933015,-89.3054,-5.1380,0.000000,0.000000,0.000000,0.000000
111933078,-89.3054,-5.1387,0.000000,0.000000,0.000000,0.000000
111933125,-89.3054,-5.1387,0.000000,0.000000,0.000000,0.000000
111933156,-89.3054,-5.1387,0.000000,0.000000,0.000000,0.000000
111933203,-89.3054,-5.1393,0.000000,0.000000,0.000000,0.000000
111933250,-89.3054,-5.1393,0.000000,0.000000,0.000000,0.000000
111933312,-89.3054,-5.1393,0.000000,0.000000,0.000000,0.000000
111933343,-89.3054,-5.1393,0.000000,0.000000,0.000000,0.000000
111933390,-89.3054,-5.1399,0.000000,0.000000,0.000000,0.000000
111933437,-89.3054,-5.1399,0.000000,0.000000,0.000000,0.000000
111933468,-89.3054,-5.1399,0.000000,0.000000,0.000000,0.000000
111933515,-89.3054,-5.1399,0.000000,0.000000,0.000000,0.000000
111933562,-89.3054,-5.1399,0.000000,0.000000,0.000000,0.000000
111933593,-89.3054,-5.1399,0.000000,0.000000,0.000000,0.000000
111933640,-89.3054,-5.1399,0.000000,0.000000,0.000000,0.000000
111933671,-89.3054,-5.1399,0.000000,0.000000,0.000000,0.000000
111933734,-89.3054,-5.1399,0.000000,0.000000,0.000000,0.000000
111933765,-89.3054,-5.1399,0.000000,0.000000,0.000000,0.000000
111933812,-89.3054,-5.1399,0.000000,0.000000,0.000000,0.000000
111933859,-89.3054,-5.1399,0.000000,0.000000,0.000000,0.000000
111933890,-89.3054,-5.1399,0.000000,0.000000,0.000000,0.000000
111933937,-89.3054,-5.1399,0.000000,0.000000,0.000000,0.000000
111933984,-89.3054,-5.1399,0.000000,0.000000,0.000000,0.000000
111934015,-89.3054,-5.1399,0.000000,0.000000,0.000000,0.000000
111934062,-89.3054,-5.1399,0.000000,0.000000,0.000000,0.000000
111934109,-89.3054,-5.1399,0.000000,0.000000,0.000000,0.000000
111934171,-89.3054,-5.1399,0.000000,0.000000,0.000000,0.000000
111934203,-89.3054,-5.1399,0.000000,0.000000,0.000000,0.000000
111934250,-89.3054,-5.1399,0.000000,0.000000,0.000000,0.000000
111934281,-89.3054,-5.1399,0.000000,0.000000,0.000000,0.000000
111934312,-89.3054,-5.1399,0.000000,0.000000,0.000000,0.000000
111934359,-89.3054,-5.1399,0.000000,0.000000,0.000000,0.000000
111934406,-89.3054,-5.1399,0.000000,0.000000,0.000000,0.000000
111934453,-89.3054,-5.1399,0.000000,0.000000,0.000000,0.000000
111934484,-89.3054,-5.1399,0.000000,0.000000,0.000000,0.000000
111934531,-89.3054,-5.1399,0.000000,0.000000,0.000000,0.000000
111934578,-89.3054,-5.1399,0.000000,0.000000,0.000000,0.000000
111934609,-89.3054,-5.1399,0.000000,0.000000,0.000000,0.000000
111934656,-89.3054,-5.1399,0.000000,0.000000,0.000000,0.000000
111934687,-89.3054,-5.1399,0.000000,0.000000,0.000000,0.000000
111934734,-89.3054,-5.1399,0.000000,0.000000,0.000000,0.000000
111934781,-89.3054,-5.1399,0.000000,0.000000,0.000000,0.000000
111934812,-89.3054,-5.1399,0.000000,0.000000,0.000000,0.000000
111934859,-89.3054,-5.1399,0.000000,0.000000,0.000000,0.000000
111934906,-89.3054,-5.1399,0.000000,0.000000,0.000000,0.000000
111934937,-89.3054,-5.1399,0.000000,0.000000,0.000000,0.000000
111935000,-89.3054,-5.1399,0.000000,0.000000,0.000000,0.000000
111935046,-89.3054,-5.1399,0.000000,0.000000,0.000000,0.000000
111935078,-89.3054,-5.1399,0.000000,0.000000,0.000000,0.000000
111935109,-89.3054,-5.1399,0.000000,0.000000,0.000000,0.000000
111935171,-89.3054,-5.1399,0.000000,0.000000,0.000000,0.000000
111935218,-89.3054,-5.1399,0.000000,0.000000,0.000000,0.000000
111935250,-89.3054,-5.1399,0.000000,0.000000,0.000000,0.000000
111935296,-89.3054,-5.1399,0.000000,0.000000,0.000000,0.000000
111935343,-89.3054,-5.1399,0.000000,0.000000,0.000000,0.000000
111935390,-89.3054,-5.1399,0.000000,0.000000,0.000000,0.000000
111935453,-89.3054,-5.1399,0.000000,0.000000,0.000000,0.000000
111935500,-89.3054,-5.1399,0.000000,0.000000,0.000000,0.000000
111935546,-89.3054,-5.1399,0.000000,0.000000,0.000000,0.000000
111935593,-89.3054,-5.1399,0.000000,0.000000,0.000000,0.000000
111935640,-89.3054,-5.1399,0.000000,0.000000,0.000000,0.000000
111935781,-89.3054,-5.1399,0.000000,0.000000,0.000000,0.000000
111935906,-89.3054,-5.1399,0.000000,0.000000,0.000000,0.000000
111936000,-89.3054,-5.1399,0.000000,0.000000,0.000000,0.000000
111936093,-89.3054,-5.1399,0.000000,0.000000,0.000000,0.000000
111936156,-89.3054,-5.1399,0.000000,0.000000,0.000000,0.000000
111936250,-89.3054,-5.1399,0.000000,0.000000,0.000000,0.000000
111936328,-89.3054,-5.1399,0.000000,0.000000,0.000000,0.000000
111936390,-89.3054,-5.1399,0.000000,0.000000,0.000000,0.000000
111936453,-89.3054,-5.1399,0.000000,0.000000,0.000000,0.000000
111936500,-89.3054,-5.1399,0.000000,0.000000,0.000000,0.000000
111936562,-89.3054,-5.1399,0.000000,0.000000,0.000000,0.000000
111936609,-89.3054,-5.1399,0.000000,0.000000,0.000000,0.000000
111936656,-89.3054,-5.1399,0.000000,0.000000,0.000000,0.000000
111936703,-89.3054,-5.1399,0.000000,0.000000,0.000000,0.000000
111936750,-89.3054,-5.1399,0.000000,0.000000,0.000000,0.000000
111936796,-89.3054,-5.1399,0.000000,0.000000,0.000000,0.000000
111936859,-89.3054,-5.1399,0.000000,0.000000,0.000000,0.000000
111936906,-89.3054,-5.1399,0.000000,0.000000,0.000000,0.000000
111936953,-89.3054,-5.1399,0.000000,0.000000,0.000000,0.000000
111937000,-89.3054,-5.1399,0.000000,0.000000,0.000000,0.000000
111937046,-89.3054,-5.1399,0.000000,0.000000,0.000000,0.000000
111937093,-89.3054,-5.1399,0.000000,0.000000,0.000000,0.000000
111937140,-89.3054,-5.1399,0.000000,0.000000,0.000000,0.000000
111937187,-89.3054,-5.1399,0.000000,0.000000,0.000000,0.000000
111937343,-89.3054,-5.1399,0.000000,0.000000,0.000000,0.000000
111937406,-89.3054,-5.1399,0.000000,0.000000,0.000000,0.000000
111937453,-89.3054,-5.1399,0.000000,0.000000,0.000000,0.000000
111937500,-89.3054,-5.1399,0.000000,0.000000,0.000000,0.000000
111937531,-89.3054,-5.1399,0.000000,0.000000,0.000000,0.000000
111937578,-89.3054,-5.1399,0.000000,0.000000,0.000000,0.000000
111937625,-89.3054,-5.1399,0.000000,0.000000,0.000000,0.000000
111937671,-89.3054,-5.1399,0.000000,0.000000,0.000000,0.000000
111937703,-89.3055,-5.1399,0.000000,0.000000,0.000000,0.000000
111937750,-89.3055,-5.1399,0.000000,0.000000,0.000000,0.000000
111937796,-89.3055,-5.1399,0.000000,0.000000,0.000000,0.000000
111937843,-89.3055,-5.1399,0.000000,0.000000,0.000000,0.000000
111937890,-89.3054,-5.1399,0.000000,0.000000,0.000000,0.000000
111937937,-89.3054,-5.1399,0.000000,0.000000,0.000000,0.000000
111937984,-89.3054,-5.1399,0.000000,0.000000,0.000000,0.000000
111938031,-89.3054,-5.1399,0.000000,0.000000,0.000000,0.000000
111938078,-89.3054,-5.1399,0.000000,0.000000,0.000000,0.000000
111938125,-89.3054,-5.1399,0.000000,0.000000,0.000000,0.000000
111938171,-89.3054,-5.1399,0.000000,0.000000,0.000000,0.000000
111938234,-89.3054,-5.1399,0.000000,0.000000,0.000000,0.000000
111938312,-89.3054,-5.1399,0.000000,0.000000,0.000000,0.000000
111938375,-89.3054,-5.1399,0.000000,0.000000,0.000000,0.000000
111938406,-89.3054,-5.1399,0.000000,0.000000,0.000000,0.000000
111938453,-89.3054,-5.1399,0.000000,0.000000,0.000000,0.000000
111938500,-89.3054,-5.1399,0.000000,0.000000,0.000000,0.000000
111938546,-89.3054,-5.1399,0.000000,0.000000,0.000000,0.000000
111938593,-89.3054,-5.1399,0.000000,0.000000,0.000000,0.000000
111938640,-89.3054,-5.1399,0.000000,0.000000,0.000000,0.000000
111938828,-89.3054,-5.1399,0.000000,0.000000,0.000000,0.000000
111938890,-89.3054,-5.1399,0.000000,0.000000,0.000000,0.000000
111939109,-89.3054,-5.1399,0.000000,0.000000,0.000000,0.000000
111939156,-89.3054,-5.1399,0.000000,0.000000,0.000000,0.000000
111939203,-89.3054,-5.1399,0.000000,0.000000,0.000000,0.000000
111939250,-89.3054,-5.1399,0.000000,0.000000,0.000000,0.000000
111939359,-89.3054,-5.1399,0.000000,0.000000,0.000000,0.000000
111939406,-89.3054,-5.1399,0.000000,0.000000,0.000000,0.000000
111939453,-89.3054,-5.1399,0.000000,0.000000,0.000000,0.000000
111939484,-89.3054,-5.1399,0.000000,0.000000,0.000000,0.000000
111939687,-89.3054,-5.1399,0.000000,0.000000,0.000000,0.000000
111939718,-89.3054,-5.1399,0.000000,0.000000,0.000000,0.000000
111939765,-89.3054,-5.1399,0.000000,0.000000,0.000000,0.000000
111939828,-89.3054,-5.1399,0.000000,0.000000,0.000000,0.000000
111939890,-89.3054,-5.1399,0.000000,0.000000,0.000000,0.000000
111939937,-89.3054,-5.1399,0.000000,0.000000,0.000000,0.000000
111939984,-89.3054,-5.1399,0.000000,0.000000,0.000000,0.000000
111940031,-89.3054,-5.1399,0.000000,0.000000,0.000000,0.000000
111940078,-89.3054,-5.1399,0.000000,0.000000,0.000000,0.000000
111940125,-89.3054,-5.1399,0.000000,0.000000,0.000000,0.000000
111940171,-89.3054,-5.1399,0.000000,0.000000,0.000000,0.000000
111940312,-89.3054,-5.1399,0.000000,0.000000,0.000000,0.000000
111940359,-89.3054,-5.1399,0.000000,0.000000,0.000000,0.000000
111940406,-89.3054,-5.1399,0.000000,0.000000,0.000000,0.000000
111940453,-89.3054,-5.1399,0.000000,0.000000,0.000000,0.000000
111940500,-89.3054,-5.1399,0.000000,0.000000,0.000000,0.000000
111940546,-89.3054,-5.1399,0.000000,0.000000,0.000000,0.000000
111940593,-89.3054,-5.1399,0.000000,0.000000,0.000000,0.000000
111940640,-89.3054,-5.1399,0.000000,0.000000,0.000000,0.000000
111940703,-89.3054,-5.1399,0.000000,0.000000,0.000000,0.000000
111940750,-89.3054,-5.1399,0.000000,0.000000,0.000000,0.000000
111940796,-89.3054,-5.1399,0.000000,0.000000,0.000000,0.000000
111940843,-89.3054,-5.1399,0.000000,0.000000,0.000000,0.000000
111940906,-89.3054,-5.1399,0.000000,0.000000,0.000000,0.000000
111940953,-89.3054,-5.1399,0.000000,0.000000,0.000000,0.000000
111941015,-89.3054,-5.1399,0.000000,0.000000,0.000000,0.000000
111941078,-89.3054,-5.1399,0.000000,0.000000,0.000000,0.000000
111941125,-89.3054,-5.1399,0.000000,0.000000,0.000000,0.000000
111941171,-89.3054,-5.1399,0.000000,0.000000,0.000000,0.000000
111941234,-89.3054,-5.1399,0.000000,0.000000,0.000000,0.000000
111941265,-89.3054,-5.1399,0.000000,0.000000,0.000000,0.000000
111941328,-89.3054,-5.1399,0.000000,0.000000,0.000000,0.000000
111941406,-89.3054,-5.1399,0.000000,0.000000,0.000000,0.000000
111941484,-89.3054,-5.1399,0.000000,0.000000,0.000000,0.000000
111941531,-89.3054,-5.1399,0.000000,0.000000,0.000000,0.000000
111941593,-89.3054,-5.1399,0.000000,0.000000,0.000000,0.000000
111941640,-89.3054,-5.1399,0.000000,0.000000,0.000000,0.000000
111941687,-89.3054,-5.1399,0.000000,0.000000,0.000000,0.000000
111941750,-89.3054,-5.1399,0.000000,0.000000,0.000000,0.000000
111941796,-89.3054,-5.1399,0.000000,0.000000,0.000000,0.000000
111941843,-89.3054,-5.1399,0.000000,0.000000,0.000000,0.000000
111941906,-89.3054,-5.1399,0.000000,0.000000,0.000000,0.000000
111941953,-89.3054,-5.1399,0.000000,0.000000,0.000000,0.000000
111942031,-89.3054,-5.1399,0.000000,0.000000,0.000000,0.000000
111942078,-89.3054,-5.1399,0.000000,0.000000,0.000000,0.000000
111942156,-89.3054,-5.1399,0.000000,0.000000,0.000000,0.000000
111942218,-89.3054,-5.1399,0.000000,0.000000,0.000000,0.000000
111942296,-89.3054,-5.1399,0.000000,0.000000,0.000000,0.000000
111942437,-89.3054,-5.1399,0.000000,0.000000,0.000000,0.000000
111942484,-89.3054,-5.1399,0.000000,0.000000,0.000000,0.000000
111942546,-89.3054,-5.1399,0.000000,0.000000,0.000000,0.000000
111942625,-89.3054,-5.1399,0.000000,0.000000,0.000000,0.000000
111942687,-89.3054,-5.1399,0.000000,0.000000,0.000000,0.000000
111942765,-89.3054,-5.1399,0.000000,0.000000,0.000000,0.000000
111942828,-89.3054,-5.1399,0.000000,0.000000,0.000000,0.000000
111942890,-89.3054,-5.1399,0.000000,0.000000,0.000000,0.000000
111942953,-89.3054,-5.1399,0.000000,0.000000,0.000000,0.000000
111943000,-89.3054,-5.1399,0.000000,0.000000,0.000000,0.000000
111943046,-89.3054,-5.1399,0.000000,0.000000,0.000000,0.000000
111943093,-89.3054,-5.1399,0.000000,0.000000,0.000000,0.000000
111943140,-89.3054,-5.1399,0.000000,0.000000,0.000000,0.000000
111943187,-89.3054,-5.1399,0.000000,0.000000,0.000000,0.000000
111943250,-89.3054,-5.1399,0.000000,0.000000,0.000000,0.000000
111943312,-89.3054,-5.1399,0.000000,0.000000,0.000000,0.000000
111943375,-89.3054,-5.1399,0.000000,0.000000,0.000000,0.000000
111943437,-89.3054,-5.1399,0.000000,0.000000,0.000000,0.000000
111943484,-89.3054,-5.1399,0.000000,0.000000,0.000000,0.000000
111943531,-89.3054,-5.1399,0.000000,0.000000,0.000000,0.000000
111943593,-89.3054,-5.1399,0.000000,0.000000,0.000000,0.000000
111943640,-89.3054,-5.1399,0.000000,0.000000,0.000000,0.000000
111943687,-89.3054,-5.1399,0.000000,0.000000,0.000000,0.000000
111943750,-89.3054,-5.1399,0.000000,0.000000,0.000000,0.000000
111943796,-89.3054,-5.1399,0.000000,0.000000,0.000000,0.000000
111943875,-89.3054,-5.1399,0.000000,0.000000,0.000000,0.000000
111943921,-89.3054,-5.1399,0.000000,0.000000,0.000000,0.000000
111943968,-89.3054,-5.1399,0.000000,0.000000,0.000000,0.000000
111944015,-89.3054,-5.1399,0.000000,0.000000,0.000000,0.000000
111944062,-89.3054,-5.1399,0.000000,0.000000,0.000000,0.000000
111944125,-89.3054,-5.1399,0.000000,0.000000,0.000000,0.000000
111944187,-89.3054,-5.1399,0.000000,0.000000,0.000000,0.000000
111944234,-89.3054,-5.1399,0.000000,0.000000,0.000000,0.000000
111944281,-89.3054,-5.1399,0.000000,0.000000,0.000000,0.000000
111944328,-89.3054,-5.1399,0.000000,0.000000,0.000000,0.000000
111944390,-89.3054,-5.1399,0.000000,0.000000,0.000000,0.000000
111944437,-89.3054,-5.1399,0.000000,0.000000,0.000000,0.000000
111944484,-89.3054,-5.1399,0.000000,0.000000,0.000000,0.000000
111944531,-89.3054,-5.1399,0.000000,0.000000,0.000000,0.000000
111944578,-89.3054,-5.1399,0.000000,0.000000,0.000000,0.000000
111944625,-89.3054,-5.1399,0.000000,0.000000,0.000000,0.000000
111944671,-89.3054,-5.1399,0.000000,0.000000,0.000000,0.000000
111944921,-89.3054,-5.1399,0.000000,0.000000,0.000000,0.000000
111944968,-89.3054,-5.1399,0.000000,0.000000,0.000000,0.000000
111945015,-89.3054,-5.1399,0.000000,0.000000,0.000000,0.000000
111945156,-89.3054,-5.1399,0.000000,0.000000,0.000000,0.000000
111945203,-89.3054,-5.1399,0.000000,0.000000,0.000000,0.000000
111945250,-89.3054,-5.1399,0.000000,0.000000,0.000000,0.000000
111945343,-89.3054,-5.1399,0.000000,0.000000,0.000000,0.000000
111945375,-89.3054,-5.1399,0.000000,0.000000,0.000000,0.000000
111945421,-89.3054,-5.1399,0.000000,0.000000,0.000000,0.000000
111945453,-89.3054,-5.1399,0.000000,0.000000,0.000000,0.000000
111945484,-89.3054,-5.1399,0.000000,0.000000,0.000000,0.000000
111945531,-89.3054,-5.1399,0.000000,0.000000,0.000000,0.000000
111945562,-89.3054,-5.1399,0.000000,0.000000,0.000000,0.000000
111945640,-89.3054,-5.1399,0.000000,0.000000,0.000000,0.000000
111945671,-89.3054,-5.1399,0.000000,0.000000,0.000000,0.000000
111945718,-89.3054,-5.1399,0.000000,0.000000,0.000000,0.000000
111945750,-89.3054,-5.1399,0.000000,0.000000,0.000000,0.000000
111945812,-89.3054,-5.1399,0.000000,0.000000,0.000000,0.000000
111945906,-89.3054,-5.1399,0.000000,0.000000,0.000000,0.000000
111946031,-89.3054,-5.1399,0.000000,0.000000,0.000000,0.000000
111946078,-89.3054,-5.1399,0.000000,0.000000,0.000000,0.000000
111946109,-89.3054,-5.1399,0.000000,0.000000,0.000000,0.000000
111946140,-89.3054,-5.1399,0.000000,0.000000,0.000000,0.000000
111946187,-89.3054,-5.1399,0.000000,0.000000,0.000000,0.000000
111946250,-89.3054,-5.1399,0.000000,0.000000,0.000000,0.000000
111946281,-89.3054,-5.1399,0.000000,0.000000,0.000000,0.000000
111946328,-89.3054,-5.1399,0.000000,0.000000,0.000000,0.000000
111946500,-89.3054,-5.1399,0.000000,0.000000,0.000000,0.000000
111946546,-89.3054,-5.1399,0.000000,0.000000,0.000000,0.000000
111946609,-89.3054,-5.1399,0.000000,0.000000,0.000000,0.000000
111946656,-89.3054,-5.1399,0.000000,0.000000,0.000000,0.000000
111946703,-89.3054,-5.1399,0.000000,0.000000,0.000000,0.000000
111946750,-89.3054,-5.1399,0.000000,0.000000,0.000000,0.000000
111946796,-89.3054,-5.1399,0.000000,0.000000,0.000000,0.000000
111946843,-89.3054,-5.1399,0.000000,0.000000,0.000000,0.000000
111946875,-89.3054,-5.1399,0.000000,0.000000,0.000000,0.000000
111946921,-89.3054,-5.1399,0.000000,0.000000,0.000000,0.000000
111946953,-89.3054,-5.1399,0.000000,0.000000,0.000000,0.000000
111947015,-89.3054,-5.1399,0.000000,0.000000,0.000000,0.000000
111947046,-89.3054,-5.1399,0.000000,0.000000,0.000000,0.000000
111947093,-89.3054,-5.1399,0.000000,0.000000,0.000000,0.000000
111947125,-89.3054,-5.1399,0.000000,0.000000,0.000000,0.000000
111947156,-89.3054,-5.1399,0.000000,0.000000,0.000000,0.000000
111947203,-89.3054,-5.1399,0.000000,0.000000,0.000000,0.000000
111947234,-89.3054,-5.1399,0.000000,0.000000,0.000000,0.000000
111947281,-89.3054,-5.1399,0.000000,0.000000,0.000000,0.000000
111947343,-89.3054,-5.1399,0.000000,0.000000,0.000000,0.000000
111947390,-89.3054,-5.1399,0.000000,0.000000,0.000000,0.000000
111947437,-89.3054,-5.1399,0.000000,0.000000,0.000000,0.000000
111947484,-89.3054,-5.1399,0.000000,0.000000,0.000000,0.000000
111947515,-89.3054,-5.1399,0.000000,0.000000,0.000000,0.000000
111947578,-89.3054,-5.1399,0.000000,0.000000,0.000000,0.000000
111947625,-89.3054,-5.1399,0.000000,0.000000,0.000000,0.000000
111947687,-89.3054,-5.1399,0.000000,0.000000,0.000000,0.000000
111947734,-89.3054,-5.1399,0.000000,0.000000,0.000000,0.000000
111947765,-89.3054,-5.1399,0.000000,0.000000,0.000000,0.000000
111947921,-89.3054,-5.1399,0.000000,0.000000,0.000000,0.000000
111947968,-89.3054,-5.1399,0.000000,0.000000,0.000000,0.000000
111948015,-89.3054,-5.1399,0.000000,0.000000,0.000000,0.000000
111948078,-89.3054,-5.1399,0.000000,0.000000,0.000000,0.000000
111948109,-89.3054,-5.1399,0.000000,0.000000,0.000000,0.000000
111948171,-89.3054,-5.1393,0.000000,0.000000,0.000000,0.000000
111948250,-89.3054,-5.1399,0.000000,0.000000,0.000000,0.000000
111948328,-89.3054,-5.1399,0.000000,0.000000,0.000000,0.000000
111948437,-89.3054,-5.1399,0.000000,0.000000,0.000000,0.000000
111948500,-89.3054,-5.1393,0.000000,0.000000,0.000000,0.000000
111948562,-89.3054,-5.1399,0.000000,0.000000,0.000000,0.000000
111948625,-89.3054,-5.1393,0.000000,0.000000,0.000000,0.000000
111948687,-89.3054,-5.1393,0.000000,0.000000,0.000000,0.000000
111948734,-89.3054,-5.1393,0.000000,0.000000,0.000000,0.000000
111948781,-89.3054,-5.1399,0.000000,0.000000,0.000000,0.000000
111948828,-89.3054,-5.1393,0.000000,0.000000,0.000000,0.000000
111948859,-89.3054,-5.1393,0.000000,0.000000,0.000000,0.000000
111948937,-89.3054,-5.1393,0.000000,0.000000,0.000000,0.000000
111948968,-89.3054,-5.1393,0.000000,0.000000,0.000000,0.000000
111949031,-89.3054,-5.1399,0.000000,0.000000,0.000000,0.000000
111949078,-89.3054,-5.1393,0.000000,0.000000,0.000000,0.000000
111949125,-89.3054,-5.1399,0.000000,0.000000,0.000000,0.000000
111949187,-89.3054,-5.1393,0.000000,0.000000,0.000000,0.000000
111949234,-89.3054,-5.1393,0.000000,0.000000,0.000000,0.000000
111949281,-89.3054,-5.1393,0.000000,0.000000,0.000000,0.000000
111949328,-89.3054,-5.1393,0.000000,0.000000,0.000000,0.000000
111949375,-89.3054,-5.1393,0.000000,0.000000,0.000000,0.000000
111949453,-89.3054,-5.1393,0.000000,0.000000,0.000000,0.000000
111949500,-89.3054,-5.1393,0.000000,0.000000,0.000000,0.000000
111949546,-89.3054,-5.1393,0.000000,0.000000,0.000000,0.000000
111949593,-89.3054,-5.1393,0.000000,0.000000,0.000000,0.000000
111949765,-89.3054,-5.1393,0.000000,0.000000,0.000000,0.000000
111949921,-89.3054,-5.1393,0.000000,0.000000,0.000000,0.000000
111949968,-89.3054,-5.1393,0.000000,0.000000,0.000000,0.000000
111950109,-89.3054,-5.1393,0.000000,0.000000,0.000000,0.000000
111950500,-89.3054,-5.1393,0.000000,0.000000,0.000000,0.000000
111950546,-89.3054,-5.1393,0.000000,0.000000,0.000000,0.000000
111950593,-89.3054,-5.1393,0.000000,0.000000,0.000000,0.000000
111950625,-89.3054,-5.1393,0.000000,0.000000,0.000000,0.000000
111950656,-89.3054,-5.1393,0.000000,0.000000,0.000000,0.000000
111950703,-89.3054,-5.1393,0.000000,0.000000,0.000000,0.000000
111950750,-89.3054,-5.1393,0.000000,0.000000,0.000000,0.000000
111950796,-89.3054,-5.1393,0.000000,0.000000,0.000000,0.000000
111950843,-89.3054,-5.1393,0.000000,0.000000,0.000000,0.000000
111950890,-89.3054,-5.1393,0.000000,0.000000,0.000000,0.000000
111950953,-89.3054,-5.1393,0.000000,0.000000,0.000000,0.000000
111950984,-89.3054,-5.1399,0.000000,0.000000,0.000000,0.000000
111951031,-89.3054,-5.1393,0.000000,0.000000,0.000000,0.000000
111951078,-89.3054,-5.1393,0.000000,0.000000,0.000000,0.000000
111951203,-89.3054,-5.1393,0.000000,0.000000,0.000000,0.000000
111951250,-89.3054,-5.1393,0.000000,0.000000,0.000000,0.000000
111951296,-89.3054,-5.1393,0.000000,0.000000,0.000000,0.000000
111951328,-89.3054,-5.1393,0.000000,0.000000,0.000000,0.000000
111951375,-89.3054,-5.1393,0.000000,0.000000,0.000000,0.000000
111951406,-89.3054,-5.1393,0.000000,0.000000,0.000000,0.000000
111951468,-89.3054,-5.1399,0.000000,0.000000,0.000000,0.000000
111951531,-89.3054,-5.1393,0.000000,0.000000,0.000000,0.000000
111951578,-89.3054,-5.1393,0.000000,0.000000,0.000000,0.000000
111951625,-89.3054,-5.1393,0.000000,0.000000,0.000000,0.000000
111951671,-89.3054,-5.1393,0.000000,0.000000,0.000000,0.000000
111951703,-89.3054,-5.1393,0.000000,0.000000,0.000000,0.000000
111951750,-89.3054,-5.1393,0.000000,0.000000,0.000000,0.000000
111951796,-89.3054,-5.1393,0.000000,0.000000,0.000000,0.000000
111951828,-89.3054,-5.1393,0.000000,0.000000,0.000000,0.000000
111951875,-89.3054,-5.1393,0.000000,0.000000,0.000000,0.000000
111951921,-89.3054,-5.1393,0.000000,0.000000,0.000000,0.000000
111951968,-89.3054,-5.1393,0.000000,0.000000,0.000000,0.000000
111952015,-89.3054,-5.1393,0.000000,0.000000,0.000000,0.000000
111952062,-89.3054,-5.1393,0.000000,0.000000,0.000000,0.000000
111952093,-89.3054,-5.1393,0.000000,0.000000,0.000000,0.000000
111952140,-89.3054,-5.1393,0.000000,0.000000,0.000000,0.000000
111952171,-89.3054,-5.1393,0.000000,0.000000,0.000000,0.000000
111952218,-89.3054,-5.1393,0.000000,0.000000,0.000000,0.000000
111952250,-89.3054,-5.1393,0.000000,0.000000,0.000000,0.000000
111952296,-89.3054,-5.1399,0.000000,0.000000,0.000000,0.000000
111952328,-89.3054,-5.1399,0.000000,0.000000,0.000000,0.000000
111952375,-89.3054,-5.1393,0.000000,0.000000,0.000000,0.000000
111952515,-89.3054,-5.1393,0.000000,0.000000,0.000000,0.000000
111952562,-89.3054,-5.1393,0.000000,0.000000,0.000000,0.000000
111952718,-89.3054,-5.1399,0.000000,0.000000,0.000000,0.000000
111952750,-89.3054,-5.1393,0.000000,0.000000,0.000000,0.000000
111952796,-89.3054,-5.1393,0.000000,0.000000,0.000000,0.000000
111952828,-89.3054,-5.1393,0.000000,0.000000,0.000000,0.000000
111952875,-89.3054,-5.1399,0.000000,0.000000,0.000000,0.000000
111952906,-89.3054,-5.1399,0.000000,0.000000,0.000000,0.000000
111952937,-89.3054,-5.1393,0.000000,0.000000,0.000000,0.000000
111952984,-89.3054,-5.1393,0.000000,0.000000,0.000000,0.000000
111953015,-89.3054,-5.1393,0.000000,0.000000,0.000000,0.000000
111953062,-89.3054,-5.1393,0.000000,0.000000,0.000000,0.000000
111953093,-89.3054,-5.1393,0.000000,0.000000,0.000000,0.000000
111953140,-89.3054,-5.1393,0.000000,0.000000,0.000000,0.000000
111953187,-89.3054,-5.1393,0.000000,0.000000,0.000000,0.000000
111953218,-89.3054,-5.1393,0.000000,0.000000,0.000000,0.000000
111953281,-89.3054,-5.1393,0.000000,0.000000,0.000000,0.000000
111953312,-89.3054,-5.1393,0.000000,0.000000,0.000000,0.000000
111953359,-89.3054,-5.1393,0.000000,0.000000,0.000000,0.000000
111953406,-89.3054,-5.1393,0.000000,0.000000,0.000000,0.000000
111953484,-89.3054,-5.1393,0.000000,0.000000,0.000000,0.000000
111953515,-89.3054,-5.1393,0.000000,0.000000,0.000000,0.000000
111953562,-89.3054,-5.1393,0.000000,0.000000,0.000000,0.000000
111953609,-89.3054,-5.1393,0.000000,0.000000,0.000000,0.000000
111953671,-89.3054,-5.1393,0.000000,0.000000,0.000000,0.000000
111953718,-89.3054,-5.1393,0.000000,0.000000,0.000000,0.000000
111953765,-89.3054,-5.1393,0.000000,0.000000,0.000000,0.000000
111953796,-89.3054,-5.1393,0.000000,0.000000,0.000000,0.000000
111953859,-89.3054,-5.1393,0.000000,0.000000,0.000000,0.000000
111953906,-89.3054,-5.1393,0.000000,0.000000,0.000000,0.000000
111953953,-89.3054,-5.1393,0.000000,0.000000,0.000000,0.000000
111954000,-89.3054,-5.1393,0.000000,0.000000,0.000000,0.000000
111954046,-89.3054,-5.1393,0.000000,0.000000,0.000000,0.000000
111954093,-89.3054,-5.1393,0.000000,0.000000,0.000000,0.000000
111954140,-89.3054,-5.1393,0.000000,0.000000,0.000000,0.000000
111954187,-89.3054,-5.1393,0.000000,0.000000,0.000000,0.000000
111954234,-89.3054,-5.1393,0.000000,0.000000,0.000000,0.000000
111954281,-89.3054,-5.1393,0.000000,0.000000,0.000000,0.000000
111954328,-89.3054,-5.1393,0.000000,0.000000,0.000000,0.000000
111954375,-89.3054,-5.1393,0.000000,0.000000,0.000000,0.000000
111954437,-89.3054,-5.1393,0.000000,0.000000,0.000000,0.000000
111954484,-89.3054,-5.1393,0.000000,0.000000,0.000000,0.000000
111954531,-89.3054,-5.1393,0.000000,0.000000,0.000000,0.000000
111954578,-89.3054,-5.1393,0.000000,0.000000,0.000000,0.000000
111954625,-89.3054,-5.1399,0.000000,0.000000,0.000000,0.000000
111954718,-89.3054,-5.1393,0.000000,0.000000,0.000000,0.000000
111954765,-89.3054,-5.1393,0.000000,0.000000,0.000000,0.000000
111954812,-89.3054,-5.1393,0.000000,0.000000,0.000000,0.000000
111954859,-89.3054,-5.1393,0.000000,0.000000,0.000000,0.000000
111954890,-89.3054,-5.1393,0.000000,0.000000,0.000000,0.000000
111954953,-89.3054,-5.1393,0.000000,0.000000,0.000000,0.000000
111955000,-89.3054,-5.1399,0.000000,0.000000,0.000000,0.000000
111955046,-89.3054,-5.1393,0.000000,0.000000,0.000000,0.000000
111955093,-89.3054,-5.1393,0.000000,0.000000,0.000000,0.000000
111955140,-89.3054,-5.1393,0.000000,0.000000,0.000000,0.000000
111955187,-89.3054,-5.1393,0.000000,0.000000,0.000000,0.000000
111955234,-89.3054,-5.1393,0.000000,0.000000,0.000000,0.000000
111955312,-89.3054,-5.1393,0.000000,0.000000,0.000000,0.000000
111955390,-89.3054,-5.1393,0.000000,0.000000,0.000000,0.000000
111955453,-89.3054,-5.1393,0.000000,0.000000,0.000000,0.000000
111955515,-89.3054,-5.1393,0.000000,0.000000,0.000000,0.000000
111955562,-89.3054,-5.1393,0.000000,0.000000,0.000000,0.000000
111955609,-89.3054,-5.1393,0.000000,0.000000,0.000000,0.000000
111955656,-89.3054,-5.1393,0.000000,0.000000,0.000000,0.000000
111955703,-89.3054,-5.1393,0.000000,0.000000,0.000000,0.000000
111955750,-89.3054,-5.1393,0.000000,0.000000,0.000000,0.000000
111955796,-89.3054,-5.1393,0.000000,0.000000,0.000000,0.000000
111955968,-89.3054,-5.1393,0.000000,0.000000,0.000000,0.000000
111956015,-89.3054,-5.1393,0.000000,0.000000,0.000000,0.000000
111956062,-89.3054,-5.1393,0.000000,0.000000,0.000000,0.000000
111956125,-89.3054,-5.1393,0.000000,0.000000,0.000000,0.000000
111956171,-89.3054,-5.1393,0.000000,0.000000,0.000000,0.000000
111956218,-89.3054,-5.1393,0.000000,0.000000,0.000000,0.000000
111956265,-89.3054,-5.1393,0.000000,0.000000,0.000000,0.000000
111956312,-89.3054,-5.1393,0.000000,0.000000,0.000000,0.000000
111956375,-89.3054,-5.1393,0.000000,0.000000,0.000000,0.000000
111956421,-89.3054,-5.1393,0.000000,0.000000,0.000000,0.000000
111956468,-89.3054,-5.1393,0.000000,0.000000,0.000000,0.000000
111956515,-89.3054,-5.1393,0.000000,0.000000,0.000000,0.000000
111956562,-89.3054,-5.1393,0.000000,0.000000,0.000000,0.000000
111956640,-89.3054,-5.1393,0.000000,0.000000,0.000000,0.000000
111956687,-89.3054,-5.1393,0.000000,0.000000,0.000000,0.000000
111956734,-89.3054,-5.1393,0.000000,0.000000,0.000000,0.000000
111956781,-89.3054,-5.1399,0.000000,0.000000,0.000000,0.000000
111956828,-89.3054,-5.1393,0.000000,0.000000,0.000000,0.000000
111956875,-89.3054,-5.1393,0.000000,0.000000,0.000000,0.000000
111956921,-89.3054,-5.1393,0.000000,0.000000,0.000000,0.000000
111956968,-89.3054,-5.1393,0.000000,0.000000,0.000000,0.000000
111957015,-89.3054,-5.1393,0.000000,0.000000,0.000000,0.000000
111957062,-89.3054,-5.1393,0.000000,0.000000,0.000000,0.000000
111957125,-89.3054,-5.1399,0.000000,0.000000,0.000000,0.000000
111957171,-89.3054,-5.1393,0.000000,0.000000,0.000000,0.000000
111957218,-89.3054,-5.1393,0.000000,0.000000,0.000000,0.000000
111957265,-89.3054,-5.1393,0.000000,0.000000,0.000000,0.000000
111957312,-89.3054,-5.1393,0.000000,0.000000,0.000000,0.000000
111957359,-89.3054,-5.1393,0.000000,0.000000,0.000000,0.000000
111957406,-89.3054,-5.1393,0.000000,0.000000,0.000000,0.000000
111957453,-89.3054,-5.1393,0.000000,0.000000,0.000000,0.000000
111957500,-89.3054,-5.1393,0.000000,0.000000,0.000000,0.000000
111957546,-89.3054,-5.1393,0.000000,0.000000,0.000000,0.000000
111957625,-89.3054,-5.1393,0.000000,0.000000,0.000000,0.000000
111957671,-89.3054,-5.1393,0.000000,0.000000,0.000000,0.000000
111957718,-89.3054,-5.1393,0.000000,0.000000,0.000000,0.000000
111957765,-89.3054,-5.1393,0.000000,0.000000,0.000000,0.000000
111957812,-89.3054,-5.1393,0.000000,0.000000,0.000000,0.000000
111957859,-89.3054,-5.1393,0.000000,0.000000,0.000000,0.000000
111957921,-89.3054,-5.1393,0.000000,0.000000,0.000000,0.000000
111957968,-89.3054,-5.1393,0.000000,0.000000,0.000000,0.000000
111958015,-89.3054,-5.1393,0.000000,0.000000,0.000000,0.000000
111958109,-89.3054,-5.1393,0.000000,0.000000,0.000000,0.000000
111958156,-89.3054,-5.1393,0.000000,0.000000,0.000000,0.000000
111958218,-89.3054,-5.1393,0.000000,0.000000,0.000000,0.000000
111958265,-89.3054,-5.1393,0.000000,0.000000,0.000000,0.000000
111958312,-89.3054,-5.1393,0.000000,0.000000,0.000000,0.000000
111958359,-89.3054,-5.1393,0.000000,0.000000,0.000000,0.000000
111958406,-89.3054,-5.1393,0.000000,0.000000,0.000000,0.000000
111958468,-89.3054,-5.1393,0.000000,0.000000,0.000000,0.000000
111958531,-89.3054,-5.1393,0.000000,0.000000,0.000000,0.000000
111958578,-89.3054,-5.1393,0.000000,0.000000,0.000000,0.000000
111958625,-89.3054,-5.1393,0.000000,0.000000,0.000000,0.000000
111958703,-89.3054,-5.1393,0.000000,0.000000,0.000000,0.000000
111958750,-89.3054,-5.1393,0.000000,0.000000,0.000000,0.000000
111958796,-89.3054,-5.1393,0.000000,0.000000,0.000000,0.000000
111958843,-89.3054,-5.1393,0.000000,0.000000,0.000000,0.000000
111958890,-89.3054,-5.1393,0.000000,0.000000,0.000000,0.000000
111958953,-89.3054,-5.1393,0.000000,0.000000,0.000000,0.000000
111959000,-89.3054,-5.1393,0.000000,0.000000,0.000000,0.000000
111959046,-89.3054,-5.1393,0.000000,0.000000,0.000000,0.000000
111959093,-89.3054,-5.1393,0.000000,0.000000,0.000000,0.000000
111959156,-89.3054,-5.1393,0.000000,0.000000,0.000000,0.000000
111959203,-89.3054,-5.1393,0.000000,0.000000,0.000000,0.000000
111959265,-89.3054,-5.1393,0.000000,0.000000,0.000000,0.000000
111959312,-89.3054,-5.1393,0.000000,0.000000,0.000000,0.000000
111959359,-89.3054,-5.1393,0.000000,0.000000,0.000000,0.000000
111959421,-89.3054,-5.1393,0.000000,0.000000,0.000000,0.000000
111959453,-89.3054,-5.1393,0.000000,0.000000,0.000000,0.000000
111959500,-89.3054,-5.1393,0.000000,0.000000,0.000000,0.000000
111959546,-89.3054,-5.1393,0.000000,0.000000,0.000000,0.000000
111959593,-89.3054,-5.1393,0.000000,0.000000,0.000000,0.000000
111959640,-89.3054,-5.1393,0.000000,0.000000,0.000000,0.000000
111959703,-89.3054,-5.1393,0.000000,0.000000,0.000000,0.000000
111959750,-89.3054,-5.1393,0.000000,0.000000,0.000000,0.000000
111959796,-89.3054,-5.1393,0.000000,0.000000,0.000000,0.000000
111959828,-89.3054,-5.1393,0.000000,0.000000,0.000000,0.000000
111959875,-89.3054,-5.1393,0.000000,0.000000,0.000000,0.000000
111959906,-89.3054,-5.1393,0.000000,0.000000,0.000000,0.000000
111959953,-89.3054,-5.1393,0.000000,0.000000,0.000000,0.000000
111960000,-89.3054,-5.1393,0.000000,0.000000,0.000000,0.000000
111960046,-89.3054,-5.1399,0.000000,0.000000,0.000000,0.000000
111960093,-89.3054,-5.1393,0.000000,0.000000,0.000000,0.000000
111960140,-89.3054,-5.1393,0.000000,0.000000,0.000000,0.000000
111960187,-89.3054,-5.1393,0.000000,0.000000,0.000000,0.000000
111960250,-89.3054,-5.1393,0.000000,0.000000,0.000000,0.000000
111960296,-89.3054,-5.1393,0.000000,0.000000,0.000000,0.000000
111960343,-89.3054,-5.1393,0.000000,0.000000,0.000000,0.000000
111960406,-89.3054,-5.1399,0.000000,0.000000,0.000000,0.000000
111960453,-89.3054,-5.1393,0.000000,0.000000,0.000000,0.000000
111960500,-89.3054,-5.1393,0.000000,0.000000,0.000000,0.000000
111960531,-89.3054,-5.1393,0.000000,0.000000,0.000000,0.000000
111960890,-89.3054,-5.1393,0.000000,0.000000,0.000000,0.000000
111960968,-89.3054,-5.1393,0.000000,0.000000,0.000000,0.000000
111961000,-89.3054,-5.1393,0.000000,0.000000,0.000000,0.000000
111961046,-89.3054,-5.1393,0.000000,0.000000,0.000000,0.000000
111961093,-89.3054,-5.1393,0.000000,0.000000,0.000000,0.000000
111961140,-89.3054,-5.1393,0.000000,0.000000,0.000000,0.000000
111961187,-89.3054,-5.1393,0.000000,0.000000,0.000000,0.000000
111961234,-89.3054,-5.1393,0.000000,0.000000,0.000000,0.000000
111961281,-89.3054,-5.1393,0.000000,0.000000,0.000000,0.000000
111961328,-89.3054,-5.1393,0.000000,0.000000,0.000000,0.000000
111961421,-89.3054,-5.1399,0.000000,0.000000,0.000000,0.000000
111961515,-89.3054,-5.1393,0.000000,0.000000,0.000000,0.000000
111961593,-89.3054,-5.1393,0.000000,0.000000,0.000000,0.000000
111961687,-89.3054,-5.1393,0.000000,0.000000,0.000000,0.000000
111961843,-89.3054,-5.1393,0.000000,0.000000,0.000000,0.000000
111961921,-89.3054,-5.1393,0.000000,0.000000,0.000000,0.000000
111961968,-89.3054,-5.1393,0.000000,0.000000,0.000000,0.000000
111962015,-89.3054,-5.1393,0.000000,0.000000,0.000000,0.000000
111962062,-89.3054,-5.1393,0.000000,0.000000,0.000000,0.000000
111962109,-89.3054,-5.1393,0.000000,0.000000,0.000000,0.000000
111962140,-89.3054,-5.1393,0.000000,0.000000,0.000000,0.000000
111962203,-89.3054,-5.1399,0.000000,0.000000,0.000000,0.000000
111962250,-89.3054,-5.1393,0.000000,0.000000,0.000000,0.000000
111962296,-89.3054,-5.1393,0.000000,0.000000,0.000000,0.000000
111962343,-89.3054,-5.1393,0.000000,0.000000,0.000000,0.000000
111962390,-89.3054,-5.1393,0.000000,0.000000,0.000000,0.000000
111962437,-89.3054,-5.1393,0.000000,0.000000,0.000000,0.000000
111962500,-89.3054,-5.1393,0.000000,0.000000,0.000000,0.000000
111962640,-89.3054,-5.1393,0.000000,0.000000,0.000000,0.000000
111962687,-89.3054,-5.1393,0.000000,0.000000,0.000000,0.000000
111962734,-89.3054,-5.1393,0.000000,0.000000,0.000000,0.000000
111962796,-89.3054,-5.1393,0.000000,0.000000,0.000000,0.000000
111962843,-89.3054,-5.1393,0.000000,0.000000,0.000000,0.000000
111962890,-89.3054,-5.1393,0.000000,0.000000,0.000000,0.000000
111962937,-89.3054,-5.1393,0.000000,0.000000,0.000000,0.000000
111962984,-89.3054,-5.1399,0.000000,0.000000,0.000000,0.000000
111963046,-89.3054,-5.1393,0.000000,0.000000,0.000000,0.000000
111963093,-89.3054,-5.1393,0.000000,0.000000,0.000000,0.000000
111963140,-89.3054,-5.1393,0.000000,0.000000,0.000000,0.000000
111963187,-89.3054,-5.1393,0.000000,0.000000,0.000000,0.000000
111963437,-89.3054,-5.1393,0.000000,0.000000,0.000000,0.000000
111963515,-89.3054,-5.1393,0.000000,0.000000,0.000000,0.000000
111963562,-89.3054,-5.1393,0.000000,0.000000,0.000000,0.000000
111963718,-89.3054,-5.1399,0.000000,0.000000,0.000000,0.000000
111963781,-89.3054,-5.1393,0.000000,0.000000,0.000000,0.000000
111963828,-89.3054,-5.1393,0.000000,0.000000,0.000000,0.000000
111963875,-89.3054,-5.1393,0.000000,0.000000,0.000000,0.000000
111963921,-89.3054,-5.1393,0.000000,0.000000,0.000000,0.000000
111963984,-89.3054,-5.1393,0.000000,0.000000,0.000000,0.000000
111964031,-89.3054,-5.1393,0.000000,0.000000,0.000000,0.000000
111964093,-89.3054,-5.1393,0.000000,0.000000,0.000000,0.000000
111964140,-89.3054,-5.1393,0.000000,0.000000,0.000000,0.000000
111964203,-89.3054,-5.1393,0.000000,0.000000,0.000000,0.000000
111964250,-89.3054,-5.1393,0.000000,0.000000,0.000000,0.000000
111964296,-89.3054,-5.1393,0.000000,0.000000,0.000000,0.000000
111964343,-89.3054,-5.1393,0.000000,0.000000,0.000000,0.000000
111964640,-89.3054,-5.1393,0.000000,0.000000,0.000000,0.000000
111964703,-89.3054,-5.1393,0.000000,0.000000,0.000000,0.000000
111964750,-89.3054,-5.1393,0.000000,0.000000,0.000000,0.000000
111964812,-89.3054,-5.1393,0.000000,0.000000,0.000000,0.000000
111964859,-89.3054,-5.1393,0.000000,0.000000,0.000000,0.000000
111964921,-89.3054,-5.1393,0.000000,0.000000,0.000000,0.000000
111964984,-89.3054,-5.1393,0.000000,0.000000,0.000000,0.000000
111965031,-89.3054,-5.1393,0.000000,0.000000,0.000000,0.000000
111965078,-89.3054,-5.1393,0.000000,0.000000,0.000000,0.000000
111965140,-89.3054,-5.1393,0.000000,0.000000,0.000000,0.000000
111965187,-89.3054,-5.1393,0.000000,0.000000,0.000000,0.000000
111965250,-89.3054,-5.1393,0.000000,0.000000,0.000000,0.000000
111965296,-89.3054,-5.1393,0.000000,0.000000,0.000000,0.000000
111965343,-89.3054,-5.1393,0.000000,0.000000,0.000000,0.000000
111965406,-89.3054,-5.1393,0.000000,0.000000,0.000000,0.000000
111965468,-89.3054,-5.1393,0.000000,0.000000,0.000000,0.000000
111965515,-89.3054,-5.1393,0.000000,0.000000,0.000000,0.000000
111965562,-89.3054,-5.1393,0.000000,0.000000,0.000000,0.000000
111965625,-89.3054,-5.1393,0.000000,0.000000,0.000000,0.000000
111965671,-89.3054,-5.1393,0.000000,0.000000,0.000000,0.000000
111965734,-89.3054,-5.1393,0.000000,0.000000,0.000000,0.000000
111965781,-89.3054,-5.1399,0.000000,0.000000,0.000000,0.000000
111965843,-89.3054,-5.1399,0.000000,0.000000,0.000000,0.000000
111965890,-89.3054,-5.1399,0.000000,0.000000,0.000000,0.000000
111965953,-89.3054,-5.1393,0.000000,0.000000,0.000000,0.000000
111966250,-89.3054,-5.1393,0.000000,0.000000,0.000000,0.000000
111966296,-89.3054,-5.1393,0.000000,0.000000,0.000000,0.000000
111966343,-89.3054,-5.1393,0.000000,0.000000,0.000000,0.000000
111966390,-89.3054,-5.1393,0.000000,0.000000,0.000000,0.000000
111966437,-89.3054,-5.1393,0.000000,0.000000,0.000000,0.000000
111966500,-89.3054,-5.1393,0.000000,0.000000,0.000000,0.000000
111966546,-89.3054,-5.1393,0.000000,0.000000,0.000000,0.000000
111966593,-89.3054,-5.1393,0.000000,0.000000,0.000000,0.000000
111966640,-89.3054,-5.1393,0.000000,0.000000,0.000000,0.000000
111966687,-89.3054,-5.1393,0.000000,0.000000,0.000000,0.000000
111966750,-89.3054,-5.1393,0.000000,0.000000,0.000000,0.000000
111966796,-89.3054,-5.1393,0.000000,0.000000,0.000000,0.000000
111966859,-89.3054,-5.1393,0.000000,0.000000,0.000000,0.000000
111966890,-89.3054,-5.1393,0.000000,0.000000,0.000000,0.000000
111966953,-89.3054,-5.1393,0.000000,0.000000,0.000000,0.000000
111967000,-89.3054,-5.1393,0.000000,0.000000,0.000000,0.000000
111967062,-89.3054,-5.1393,0.000000,0.000000,0.000000,0.000000
111967109,-89.3054,-5.1393,0.000000,0.000000,0.000000,0.000000
111967156,-89.3054,-5.1393,0.000000,0.000000,0.000000,0.000000
111967218,-89.3054,-5.1393,0.000000,0.000000,0.000000,0.000000
111967281,-89.3054,-5.1393,0.000000,0.000000,0.000000,0.000000
111967328,-89.3054,-5.1399,0.000000,0.000000,0.000000,0.000000
111967375,-89.3054,-5.1393,0.000000,0.000000,0.000000,0.000000
111967421,-89.3054,-5.1393,0.000000,0.000000,0.000000,0.000000
111967468,-89.3054,-5.1393,0.000000,0.000000,0.000000,0.000000
111967531,-89.3054,-5.1393,0.000000,0.000000,0.000000,0.000000
111967578,-89.3054,-5.1393,0.000000,0.000000,0.000000,0.000000
111967625,-89.3054,-5.1393,0.000000,0.000000,0.000000,0.000000
111967671,-89.3054,-5.1393,0.000000,0.000000,0.000000,0.000000
111967718,-89.3054,-5.1393,0.000000,0.000000,0.000000,0.000000
111967781,-89.3054,-5.1393,0.000000,0.000000,0.000000,0.000000
111967828,-89.3054,-5.1393,0.000000,0.000000,0.000000,0.000000
111967875,-89.3054,-5.1393,0.000000,0.000000,0.000000,0.000000
111967921,-89.3054,-5.1393,0.000000,0.000000,0.000000,0.000000
111967968,-89.3054,-5.1393,0.000000,0.000000,0.000000,0.000000
111968031,-89.3054,-5.1393,0.000000,0.000000,0.000000,0.000000
111968078,-89.3054,-5.1393,0.000000,0.000000,0.000000,0.000000
111968125,-89.3054,-5.1393,0.000000,0.000000,0.000000,0.000000
111968171,-89.3054,-5.1393,0.000000,0.000000,0.000000,0.000000
111968234,-89.3054,-5.1393,0.000000,0.000000,0.000000,0.000000
111968296,-89.3054,-5.1393,0.000000,0.000000,0.000000,0.000000
111968343,-89.3054,-5.1393,0.000000,0.000000,0.000000,0.000000
111968390,-89.3054,-5.1393,0.000000,0.000000,0.000000,0.000000
111968437,-89.3054,-5.1393,0.000000,0.000000,0.000000,0.000000
111968468,-89.3054,-5.1399,0.000000,0.000000,0.000000,0.000000
111968546,-89.3054,-5.1393,0.000000,0.000000,0.000000,0.000000
111968671,-89.3054,-5.1393,0.000000,0.000000,0.000000,0.000000
111968734,-89.3054,-5.1393,0.000000,0.000000,0.000000,0.000000
111968812,-89.3054,-5.1393,0.000000,0.000000,0.000000,0.000000
111968875,-89.3054,-5.1393,0.000000,0.000000,0.000000,0.000000
111968953,-89.3054,-5.1393,0.000000,0.000000,0.000000,0.000000
111969000,-89.3054,-5.1393,0.000000,0.000000,0.000000,0.000000
111969046,-89.3054,-5.1393,0.000000,0.000000,0.000000,0.000000
111969093,-89.3054,-5.1393,0.000000,0.000000,0.000000,0.000000
111969140,-89.3054,-5.1393,0.000000,0.000000,0.000000,0.000000
111969187,-89.3054,-5.1393,0.000000,0.000000,0.000000,0.000000
111969250,-89.3054,-5.1393,0.000000,0.000000,0.000000,0.000000
111969296,-89.3054,-5.1393,0.000000,0.000000,0.000000,0.000000
111969343,-89.3054,-5.1393,0.000000,0.000000,0.000000,0.000000
111969390,-89.3054,-5.1393,0.000000,0.000000,0.000000,0.000000
111969468,-89.3054,-5.1393,0.000000,0.000000,0.000000,0.000000
111969515,-89.3054,-5.1393,0.000000,0.000000,0.000000,0.000000
111969546,-89.3054,-5.1393,0.000000,0.000000,0.000000,0.000000
111969625,-89.3054,-5.1393,0.000000,0.000000,0.000000,0.000000
111969671,-89.3054,-5.1393,0.000000,0.000000,0.000000,0.000000
111969718,-89.3054,-5.1393,0.000000,0.000000,0.000000,0.000000
111969765,-89.3054,-5.1393,0.000000,0.000000,0.000000,0.000000
111969812,-89.3054,-5.1393,0.000000,0.000000,0.000000,0.000000
111969859,-89.3054,-5.1393,0.000000,0.000000,0.000000,0.000000
111969906,-89.3054,-5.1393,0.000000,0.000000,0.000000,0.000000
111969953,-89.3054,-5.1393,0.000000,0.000000,0.000000,0.000000
111970000,-89.3054,-5.1393,0.000000,0.000000,0.000000,0.000000
111970046,-89.3054,-5.1393,0.000000,0.000000,0.000000,0.000000
111970093,-89.3054,-5.1393,0.000000,0.000000,0.000000,0.000000
111970125,-89.3054,-5.1393,0.000000,0.000000,0.000000,0.000000
111970187,-89.3054,-5.1393,0.000000,0.000000,0.000000,0.000000
111970234,-89.3054,-5.1393,0.000000,0.000000,0.000000,0.000000
111970281,-89.3054,-5.1393,0.000000,0.000000,0.000000,0.000000
111970328,-89.3054,-5.1393,0.000000,0.000000,0.000000,0.000000
111970375,-89.3054,-5.1393,0.000000,0.000000,0.000000,0.000000
111970437,-89.3054,-5.1393,0.000000,0.000000,0.000000,0.000000
111970484,-89.3054,-5.1393,0.000000,0.000000,0.000000,0.000000
111970515,-89.3054,-5.1393,0.000000,0.000000,0.000000,0.000000
111970562,-89.3054,-5.1393,0.000000,0.000000,0.000000,0.000000
111970609,-89.3054,-5.1393,0.000000,0.000000,0.000000,0.000000
111970984,-89.3054,-5.1393,0.000000,0.000000,0.000000,0.000000
111971031,-89.3054,-5.1393,0.000000,0.000000,0.000000,0.000000
111971078,-89.3054,-5.1393,0.000000,0.000000,0.000000,0.000000
111971125,-89.3054,-5.1393,0.000000,0.000000,0.000000,0.000000
111971203,-89.3054,-5.1393,0.000000,0.000000,0.000000,0.000000
111971250,-89.3054,-5.1393,0.000000,0.000000,0.000000,0.000000
111971296,-89.3054,-5.1393,0.000000,0.000000,0.000000,0.000000
111971328,-89.3054,-5.1393,0.000000,0.000000,0.000000,0.000000
111971390,-89.3054,-5.1393,0.000000,0.000000,0.000000,0.000000
111971437,-89.3054,-5.1393,0.000000,0.000000,0.000000,0.000000
111971500,-89.3054,-5.1393,0.000000,0.000000,0.000000,0.000000
111971546,-89.3054,-5.1393,0.000000,0.000000,0.000000,0.000000
111971593,-89.3054,-5.1393,0.000000,0.000000,0.000000,0.000000
111971640,-89.3054,-5.1393,0.000000,0.000000,0.000000,0.000000
111971687,-89.3054,-5.1393,0.000000,0.000000,0.000000,0.000000
111971765,-89.3054,-5.1393,0.000000,0.000000,0.000000,0.000000
111971812,-89.3054,-5.1393,0.000000,0.000000,0.000000,0.000000
111971859,-89.3054,-5.1393,0.000000,0.000000,0.000000,0.000000
111972296,-89.3054,-5.1393,0.000000,0.000000,0.000000,0.000000
111972343,-89.3054,-5.1393,0.000000,0.000000,0.000000,0.000000
111972437,-89.3054,-5.1393,0.000000,0.000000,0.000000,0.000000
111972484,-89.3054,-5.1393,0.000000,0.000000,0.000000,0.000000
111972531,-89.3054,-5.1393,0.000000,0.000000,0.000000,0.000000
111972578,-89.3054,-5.1393,0.000000,0.000000,0.000000,0.000000
111972625,-89.3054,-5.1393,0.000000,0.000000,0.000000,0.000000
111972687,-89.3054,-5.1393,0.000000,0.000000,0.000000,0.000000
111972734,-89.3054,-5.1399,0.000000,0.000000,0.000000,0.000000
111972781,-89.3054,-5.1393,0.000000,0.000000,0.000000,0.000000
111972812,-89.3054,-5.1393,0.000000,0.000000,0.000000,0.000000
111972859,-89.3054,-5.1393,0.000000,0.000000,0.000000,0.000000
111972906,-89.3054,-5.1393,0.000000,0.000000,0.000000,0.000000
111972953,-89.3054,-5.1393,0.000000,0.000000,0.000000,0.000000
111973000,-89.3054,-5.1393,0.000000,0.000000,0.000000,0.000000
111973031,-89.3054,-5.1393,0.000000,0.000000,0.000000,0.000000
111973078,-89.3054,-5.1393,0.000000,0.000000,0.000000,0.000000
111973140,-89.3054,-5.1393,0.000000,0.000000,0.000000,0.000000
111973187,-89.3054,-5.1393,0.000000,0.000000,0.000000,0.000000
111973234,-89.3054,-5.1393,0.000000,0.000000,0.000000,0.000000
111973281,-89.3054,-5.1393,0.000000,0.000000,0.000000,0.000000
111973328,-89.3054,-5.1393,0.000000,0.000000,0.000000,0.000000
111973375,-89.3054,-5.1393,0.000000,0.000000,0.000000,0.000000
111973406,-89.3054,-5.1393,0.000000,0.000000,0.000000,0.000000
111973453,-89.3054,-5.1393,0.000000,0.000000,0.000000,0.000000
111973500,-89.3054,-5.1393,0.000000,0.000000,0.000000,0.000000
111973546,-89.3054,-5.1393,0.000000,0.000000,0.000000,0.000000
111973609,-89.3054,-5.1393,0.000000,0.000000,0.000000,0.000000
111973640,-89.3054,-5.1393,0.000000,0.000000,0.000000,0.000000
111973687,-89.3054,-5.1393,0.000000,0.000000,0.000000,0.000000
111973734,-89.3054,-5.1393,0.000000,0.000000,0.000000,0.000000
111973781,-89.3054,-5.1393,0.000000,0.000000,0.000000,0.000000
111973828,-89.3054,-5.1393,0.000000,0.000000,0.000000,0.000000
111973875,-89.3054,-5.1393,0.000000,0.000000,0.000000,0.000000
111973921,-89.3054,-5.1393,0.000000,0.000000,0.000000,0.000000
111973968,-89.3054,-5.1393,0.000000,0.000000,0.000000,0.000000
111974031,-89.3054,-5.1393,0.000000,0.000000,0.000000,0.000000
111974093,-89.3054,-5.1393,0.000000,0.000000,0.000000,0.000000
111974140,-89.3054,-5.1393,0.000000,0.000000,0.000000,0.000000
111974187,-89.3054,-5.1393,0.000000,0.000000,0.000000,0.000000
111974234,-89.3054,-5.1393,0.000000,0.000000,0.000000,0.000000
111974296,-89.3054,-5.1393,0.000000,0.000000,0.000000,0.000000
111974343,-89.3054,-5.1393,0.000000,0.000000,0.000000,0.000000
111974390,-89.3054,-5.1393,0.000000,0.000000,0.000000,0.000000
111974437,-89.3054,-5.1393,0.000000,0.000000,0.000000,0.000000
111974500,-89.3054,-5.1399,0.000000,0.000000,0.000000,0.000000
111974546,-89.3054,-5.1393,0.000000,0.000000,0.000000,0.000000
111974593,-89.3054,-5.1393,0.000000,0.000000,0.000000,0.000000
111974640,-89.3054,-5.1393,0.000000,0.000000,0.000000,0.000000
111974703,-89.3054,-5.1393,0.000000,0.000000,0.000000,0.000000
111974750,-89.3054,-5.1393,0.000000,0.000000,0.000000,0.000000
111975046,-89.3054,-5.1393,0.000000,0.000000,0.000000,0.000000
111975109,-89.3054,-5.1393,0.000000,0.000000,0.000000,0.000000
111975156,-89.3054,-5.1393,0.000000,0.000000,0.000000,0.000000
111975218,-89.3054,-5.1393,0.000000,0.000000,0.000000,0.000000
111975296,-89.3054,-5.1393,0.000000,0.000000,0.000000,0.000000
111975421,-89.3054,-5.1393,0.000000,0.000000,0.000000,0.000000
111975515,-89.3054,-5.1393,0.000000,0.000000,0.000000,0.000000
111975578,-89.3054,-5.1393,0.000000,0.000000,0.000000,0.000000
111975625,-89.3054,-5.1393,0.000000,0.000000,0.000000,0.000000
111975671,-89.3054,-5.1393,0.000000,0.000000,0.000000,0.000000
111975718,-89.3054,-5.1393,0.000000,0.000000,0.000000,0.000000
111975765,-89.3054,-5.1393,0.000000,0.000000,0.000000,0.000000
111975796,-89.3054,-5.1393,0.000000,0.000000,0.000000,0.000000
111975859,-89.3054,-5.1393,0.000000,0.000000,0.000000,0.000000
111975906,-89.3054,-5.1393,0.000000,0.000000,0.000000,0.000000
111975968,-89.3054,-5.1393,0.000000,0.000000,0.000000,0.000000
111976015,-89.3054,-5.1393,0.000000,0.000000,0.000000,0.000000
111976062,-89.3054,-5.1393,0.000000,0.000000,0.000000,0.000000
111976109,-89.3054,-5.1393,0.000000,0.000000,0.000000,0.000000
111976156,-89.3054,-5.1393,0.000000,0.000000,0.000000,0.000000
111976203,-89.3054,-5.1393,0.000000,0.000000,0.000000,0.000000
111976250,-89.3054,-5.1393,0.000000,0.000000,0.000000,0.000000
111976296,-89.3054,-5.1393,0.000000,0.000000,0.000000,0.000000
111976343,-89.3054,-5.1393,0.000000,0.000000,0.000000,0.000000
111976390,-89.3054,-5.1393,0.000000,0.000000,0.000000,0.000000
111976437,-89.3054,-5.1393,0.000000,0.000000,0.000000,0.000000
111976515,-89.3054,-5.1393,0.000000,0.000000,0.000000,0.000000
111976562,-89.3054,-5.1393,0.000000,0.000000,0.000000,0.000000
111976609,-89.3054,-5.1393,0.000000,0.000000,0.000000,0.000000
111976656,-89.3054,-5.1393,0.000000,0.000000,0.000000,0.000000
111976703,-89.3054,-5.1393,0.000000,0.000000,0.000000,0.000000
111976750,-89.3054,-5.1399,0.000000,0.000000,0.000000,0.000000
111976796,-89.3054,-5.1393,0.000000,0.000000,0.000000,0.000000
111976843,-89.3054,-5.1393,0.000000,0.000000,0.000000,0.000000
111976890,-89.3054,-5.1393,0.000000,0.000000,0.000000,0.000000
111976937,-89.3054,-5.1393,0.000000,0.000000,0.000000,0.000000
111976984,-89.3054,-5.1393,0.000000,0.000000,0.000000,0.000000
111977031,-89.3054,-5.1393,0.000000,0.000000,0.000000,0.000000
111977078,-89.3054,-5.1393,0.000000,0.000000,0.000000,0.000000
111977125,-89.3054,-5.1393,0.000000,0.000000,0.000000,0.000000
111977171,-89.3054,-5.1393,0.000000,0.000000,0.000000,0.000000
111977218,-89.3054,-5.1393,0.000000,0.000000,0.000000,0.000000
111977375,-89.3054,-5.1393,0.000000,0.000000,0.000000,0.000000
111977421,-89.3054,-5.1393,0.000000,0.000000,0.000000,0.000000
111977453,-89.3054,-5.1399,0.000000,0.000000,0.000000,0.000000
111977500,-89.3054,-5.1399,0.000000,0.000000,0.000000,0.000000
111977562,-89.3054,-5.1393,0.000000,0.000000,0.000000,0.000000
111977609,-89.3054,-5.1393,0.000000,0.000000,0.000000,0.000000
111977656,-89.3054,-5.1393,0.000000,0.000000,0.000000,0.000000
111977703,-89.3054,-5.1393,0.000000,0.000000,0.000000,0.000000
111977750,-89.3054,-5.1393,0.000000,0.000000,0.000000,0.000000
111977796,-89.3054,-5.1393,0.000000,0.000000,0.000000,0.000000
111977828,-89.3054,-5.1393,0.000000,0.000000,0.000000,0.000000
111977890,-89.3054,-5.1393,0.000000,0.000000,0.000000,0.000000
111977921,-89.3054,-5.1393,0.000000,0.000000,0.000000,0.000000
111977968,-89.3054,-5.1393,0.000000,0.000000,0.000000,0.000000
111978031,-89.3054,-5.1393,0.000000,0.000000,0.000000,0.000000
111978062,-89.3054,-5.1393,0.000000,0.000000,0.000000,0.000000
111978109,-89.3054,-5.1393,0.000000,0.000000,0.000000,0.000000
111978156,-89.3054,-5.1393,0.000000,0.000000,0.000000,0.000000
111978203,-89.3054,-5.1393,0.000000,0.000000,0.000000,0.000000
111978250,-89.3054,-5.1393,0.000000,0.000000,0.000000,0.000000
111978296,-89.3054,-5.1393,0.000000,0.000000,0.000000,0.000000
111978328,-89.3054,-5.1393,0.000000,0.000000,0.000000,0.000000
111978375,-89.3054,-5.1393,0.000000,0.000000,0.000000,0.000000
111978421,-89.3054,-5.1393,0.000000,0.000000,0.000000,0.000000
111978484,-89.3054,-5.1393,0.000000,0.000000,0.000000,0.000000
111978531,-89.3054,-5.1393,0.000000,0.000000,0.000000,0.000000
111978578,-89.3054,-5.1393,0.000000,0.000000,0.000000,0.000000
111978609,-89.3054,-5.1393,0.000000,0.000000,0.000000,0.000000
111978656,-89.3054,-5.1393,0.000000,0.000000,0.000000,0.000000
111978703,-89.3054,-5.1393,0.000000,0.000000,0.000000,0.000000
111978750,-89.3054,-5.1399,0.000000,0.000000,0.000000,0.000000
111978796,-89.3054,-5.1393,0.000000,0.000000,0.000000,0.000000
111978843,-89.3054,-5.1393,0.000000,0.000000,0.000000,0.000000
111978890,-89.3054,-5.1393,0.000000,0.000000,0.000000,0.000000
111978937,-89.3054,-5.1393,0.000000,0.000000,0.000000,0.000000
111978984,-89.3054,-5.1393,0.000000,0.000000,0.000000,0.000000
111979015,-89.3054,-5.1393,0.000000,0.000000,0.000000,0.000000
111979062,-89.3054,-5.1393,0.000000,0.000000,0.000000,0.000000
111979109,-89.3054,-5.1393,0.000000,0.000000,0.000000,0.000000
111979156,-89.3054,-5.1393,0.000000,0.000000,0.000000,0.000000
111979203,-89.3054,-5.1393,0.000000,0.000000,0.000000,0.000000
111979250,-89.3054,-5.1393,0.000000,0.000000,0.000000,0.000000
111979296,-89.3054,-5.1393,0.000000,0.000000,0.000000,0.000000
111979343,-89.3054,-5.1393,0.000000,0.000000,0.000000,0.000000
111979421,-89.3054,-5.1393,0.000000,0.000000,0.000000,0.000000
111979453,-89.3054,-5.1393,0.000000,0.000000,0.000000,0.000000
111979500,-89.3054,-5.1393,0.000000,0.000000,0.000000,0.000000
111979546,-89.3054,-5.1393,0.000000,0.000000,0.000000,0.000000
111979593,-89.3054,-5.1393,0.000000,0.000000,0.000000,0.000000
111979640,-89.3054,-5.1393,0.000000,0.000000,0.000000,0.000000
111979687,-89.3054,-5.1393,0.000000,0.000000,0.000000,0.000000
111979734,-89.3054,-5.1393,0.000000,0.000000,0.000000,0.000000
111979781,-89.3054,-5.1393,0.000000,0.000000,0.000000,0.000000
111979828,-89.3054,-5.1393,0.000000,0.000000,0.000000,0.000000
111979875,-89.3054,-5.1393,0.000000,0.000000,0.000000,0.000000
111979921,-89.3054,-5.1393,0.000000,0.000000,0.000000,0.000000
111979968,-89.3054,-5.1393,0.000000,0.000000,0.000000,0.000000
111980015,-89.3054,-5.1393,0.000000,0.000000,0.000000,0.000000
111980062,-89.3054,-5.1393,0.000000,0.000000,0.000000,0.000000
111980109,-89.3054,-5.1393,0.000000,0.000000,0.000000,0.000000
111980156,-89.3054,-5.1393,0.000000,0.000000,0.000000,0.000000
111980203,-89.3054,-5.1399,0.000000,0.000000,0.000000,0.000000
111980250,-89.3054,-5.1393,0.000000,0.000000,0.000000,0.000000
111980296,-89.3054,-5.1393,0.000000,0.000000,0.000000,0.000000
111980359,-89.3054,-5.1393,0.000000,0.000000,0.000000,0.000000
111980390,-89.3054,-5.1393,0.000000,0.000000,0.000000,0.000000
111980437,-89.3054,-5.1393,0.000000,0.000000,0.000000,0.000000
111980500,-89.3054,-5.1399,0.000000,0.000000,0.000000,0.000000
111980562,-89.3054,-5.1393,0.000000,0.000000,0.000000,0.000000
111980656,-89.3054,-5.1393,0.000000,0.000000,0.000000,0.000000
111980750,-89.3054,-5.1393,0.000000,0.000000,0.000000,0.000000
111980796,-89.3054,-5.1393,0.000000,0.000000,0.000000,0.000000
111980875,-89.3054,-5.1393,0.000000,0.000000,0.000000,0.000000
111980921,-89.3054,-5.1393,0.000000,0.000000,0.000000,0.000000
111980968,-89.3054,-5.1393,0.000000,0.000000,0.000000,0.000000
111981031,-89.3054,-5.1393,0.000000,0.000000,0.000000,0.000000
111981062,-89.3054,-5.1399,0.000000,0.000000,0.000000,0.000000
111981109,-89.3054,-5.1393,0.000000,0.000000,0.000000,0.000000
111981140,-89.3054,-5.1393,0.000000,0.000000,0.000000,0.000000
111981187,-89.3054,-5.1393,0.000000,0.000000,0.000000,0.000000
111981218,-89.3054,-5.1393,0.000000,0.000000,0.000000,0.000000
111981265,-89.3054,-5.1393,0.000000,0.000000,0.000000,0.000000
111981296,-89.3054,-5.1393,0.000000,0.000000,0.000000,0.000000
111981343,-89.3054,-5.1393,0.000000,0.000000,0.000000,0.000000
111981390,-89.3054,-5.1393,0.000000,0.000000,0.000000,0.000000
111981437,-89.3054,-5.1399,0.000000,0.000000,0.000000,0.000000
111981468,-89.3054,-5.1399,0.000000,0.000000,0.000000,0.000000
111981515,-89.3054,-5.1399,0.000000,0.000000,0.000000,0.000000
111981546,-89.3054,-5.1406,0.000000,0.000000,0.000000,0.000000
111981593,-89.3054,-5.1419,0.000000,0.000000,0.000000,0.000000
111981640,-89.3054,-5.1438,0.000000,0.000000,0.000000,0.000000
111981671,-89.3054,-5.1457,0.000000,0.000000,0.000000,0.000000
111981718,-89.3054,-5.1476,0.000000,0.000000,0.000000,0.000000
111981750,-89.3054,-5.1495,0.000000,0.000000,0.000000,0.000000
111981812,-89.3054,-5.1514,0.000000,0.000000,0.000000,0.000000
111981843,-89.3054,-5.1534,0.000000,0.000000,0.000000,0.000000
111981906,-89.3218,-5.1649,0.000000,0.000000,0.000000,0.000000
111981953,-89.3245,-5.1719,0.000000,0.000000,0.000000,0.000000
111982218,-89.3257,-5.1936,0.000000,0.000000,0.000000,0.000000
111982265,-89.3257,-5.1955,0.000000,0.000000,0.000000,0.000000
111982312,-89.3257,-5.1987,0.000000,0.000000,0.000000,0.000000
111982359,-89.3257,-5.2038,0.000000,0.000000,0.000000,0.000000
111982390,-89.3257,-5.2064,0.000000,0.000000,0.000000,0.000000
111982437,-89.3257,-5.2096,0.000000,0.000000,0.000000,0.000000
111982500,-89.3257,-5.2115,0.000000,0.000000,0.000000,0.000000
111982531,-89.3257,-5.2134,0.000000,0.000000,0.000000,0.000000
111982578,-89.3257,-5.2140,0.000000,0.000000,0.000000,0.000000
111982609,-89.3257,-5.2140,0.000000,0.000000,0.000000,0.000000
111982671,-89.3257,-5.2153,0.000000,0.000000,0.000000,0.000000
111982703,-89.3257,-5.2153,0.000000,0.000000,0.000000,0.000000
111982750,-89.3257,-5.2160,0.000000,0.000000,0.000000,0.000000
111982796,-89.3259,-5.2166,0.000000,0.000000,0.000000,0.000000
111982828,-89.3259,-5.2172,0.000000,0.000000,0.000000,0.000000
111982859,-89.3259,-5.2172,0.000000,0.000000,0.000000,0.000000
111982921,-89.3259,-5.2172,0.000000,0.000000,0.000000,0.000000
111982953,-89.3259,-5.2179,0.000000,0.000000,0.000000,0.000000
111983000,-89.3259,-5.2179,0.000000,0.000000,0.000000,0.000000
111983046,-89.3259,-5.2185,0.000000,0.000000,0.000000,0.000000
111983078,-89.3257,-5.2185,0.000000,0.000000,0.000000,0.000000
111983125,-89.3257,-5.2185,0.000000,0.000000,0.000000,0.000000
111983156,-89.3257,-5.2192,0.000000,0.000000,0.000000,0.000000
111983203,-89.3257,-5.2192,0.000000,0.000000,0.000000,0.000000
111983234,-89.3257,-5.2192,0.000000,0.000000,0.000000,0.000000
111983281,-89.3257,-5.2198,0.000000,0.000000,0.000000,0.000000
111983343,-89.3257,-5.2204,0.000000,0.000000,0.000000,0.000000
111983390,-89.3257,-5.2204,0.000000,0.000000,0.000000,0.000000
111983437,-89.3257,-5.2204,0.000000,0.000000,0.000000,0.000000
111983484,-89.3257,-5.2204,0.000000,0.000000,0.000000,0.000000
111983515,-89.3257,-5.2204,0.000000,0.000000,0.000000,0.000000
111983687,-89.3257,-5.2211,0.000000,0.000000,0.000000,0.000000
111983734,-89.3257,-5.2211,0.000000,0.000000,0.000000,0.000000
111983781,-89.3257,-5.2211,0.000000,0.000000,0.000000,0.000000
111983828,-89.3257,-5.2217,0.000000,0.000000,0.000000,0.000000
111983875,-89.3257,-5.2217,0.000000,0.000000,0.000000,0.000000
111983921,-89.3257,-5.2217,0.000000,0.000000,0.000000,0.000000
111984218,-89.3257,-5.2223,0.000000,0.000000,0.000000,0.000000
111984265,-89.3257,-5.2223,0.000000,0.000000,0.000000,0.000000
111984312,-89.3257,-5.2223,0.000000,0.000000,0.000000,0.000000
111984359,-89.3257,-5.2223,0.000000,0.000000,0.000000,0.000000
111984421,-89.3257,-5.2230,0.000000,0.000000,0.000000,0.000000
111984468,-89.3257,-5.2230,0.000000,0.000000,0.000000,0.000000
111984515,-89.3257,-5.2230,0.000000,0.000000,0.000000,0.000000
111984562,-89.3257,-5.2230,0.000000,0.000000,0.000000,0.000000
111984609,-89.3257,-5.2230,0.000000,0.000000,0.000000,0.000000
111984671,-89.3257,-5.2230,0.000000,0.000000,0.000000,0.000000
111984718,-89.3257,-5.2236,0.000000,0.000000,0.000000,0.000000
111984765,-89.3257,-5.2236,0.000000,0.000000,0.000000,0.000000
111984828,-89.3257,-5.2236,0.000000,0.000000,0.000000,0.000000
111984875,-89.3257,-5.2236,0.000000,0.000000,0.000000,0.000000
111984953,-89.3257,-5.2236,0.000000,0.000000,0.000000,0.000000
111985015,-89.3257,-5.2236,0.000000,0.000000,0.000000,0.000000
111985062,-89.3257,-5.2236,0.000000,0.000000,0.000000,0.000000
111985296,-89.3257,-5.2243,0.000000,0.000000,0.000000,0.000000
111985343,-89.3257,-5.2243,0.000000,0.000000,0.000000,0.000000
111985390,-89.3257,-5.2243,0.000000,0.000000,0.000000,0.000000
111985421,-89.3257,-5.2243,0.000000,0.000000,0.000000,0.000000
111985468,-89.3257,-5.2243,0.000000,0.000000,0.000000,0.000000
111985500,-89.3257,-5.2243,0.000000,0.000000,0.000000,0.000000
111985718,-89.3257,-5.2243,0.000000,0.000000,0.000000,0.000000
111985796,-89.3257,-5.2243,0.000000,0.000000,0.000000,0.000000
111985843,-89.3257,-5.2243,0.000000,0.000000,0.000000,0.000000
111985890,-89.3257,-5.2249,0.000000,0.000000,0.000000,0.000000
111985937,-89.3257,-5.2249,0.000000,0.000000,0.000000,0.000000
111985984,-89.3257,-5.2249,0.000000,0.000000,0.000000,0.000000
111986046,-89.3257,-5.2249,0.000000,0.000000,0.000000,0.000000
111986109,-89.3257,-5.2249,0.000000,0.000000,0.000000,0.000000
111986140,-89.3257,-5.2249,0.000000,0.000000,0.000000,0.000000
111986187,-89.3257,-5.2249,0.000000,0.000000,0.000000,0.000000
111986218,-89.3257,-5.2249,0.000000,0.000000,0.000000,0.000000
111986265,-89.3257,-5.2249,0.000000,0.000000,0.000000,0.000000
111986312,-89.3257,-5.2249,0.000000,0.000000,0.000000,0.000000
111986359,-89.3257,-5.2249,0.000000,0.000000,0.000000,0.000000
111986406,-89.3257,-5.2249,0.000000,0.000000,0.000000,0.000000
111986453,-89.3257,-5.2249,0.000000,0.000000,0.000000,0.000000
111986515,-89.3257,-5.2249,0.000000,0.000000,0.000000,0.000000
111986562,-89.3257,-5.2249,0.000000,0.000000,0.000000,0.000000
111986609,-89.3257,-5.2249,0.000000,0.000000,0.000000,0.000000
111986671,-89.3257,-5.2249,0.000000,0.000000,0.000000,0.000000
111986750,-89.3257,-5.2249,0.000000,0.000000,0.000000,0.000000
111986812,-89.3257,-5.2249,0.000000,0.000000,0.000000,0.000000
111986890,-89.3257,-5.2249,0.000000,0.000000,0.000000,0.000000
111986953,-89.3257,-5.2249,0.000000,0.000000,0.000000,0.000000
111987000,-89.3257,-5.2249,0.000000,0.000000,0.000000,0.000000
111987062,-89.3257,-5.2249,0.000000,0.000000,0.000000,0.000000
111987140,-89.3257,-5.2249,0.000000,0.000000,0.000000,0.000000
111987187,-89.3257,-5.2249,0.000000,0.000000,0.000000,0.000000
111987234,-89.3257,-5.2249,0.000000,0.000000,0.000000,0.000000
111987281,-89.3257,-5.2249,0.000000,0.000000,0.000000,0.000000
111987328,-89.3257,-5.2249,0.000000,0.000000,0.000000,0.000000
111987375,-89.3257,-5.2249,0.000000,0.000000,0.000000,0.000000
111987421,-89.3257,-5.2249,0.000000,0.000000,0.000000,0.000000
111987468,-89.3257,-5.2249,0.000000,0.000000,0.000000,0.000000
111987515,-89.3257,-5.2249,0.000000,0.000000,0.000000,0.000000
111987562,-89.3257,-5.2249,0.000000,0.000000,0.000000,0.000000
111987625,-89.3257,-5.2249,0.000000,0.000000,0.000000,0.000000
111987671,-89.3257,-5.2249,0.000000,0.000000,0.000000,0.000000
111987718,-89.3257,-5.2249,0.000000,0.000000,0.000000,0.000000
111987765,-89.3257,-5.2249,0.000000,0.000000,0.000000,0.000000
111987812,-89.3257,-5.2249,0.000000,0.000000,0.000000,0.000000
111987875,-89.3257,-5.2249,0.000000,0.000000,0.000000,0.000000
111987921,-89.3257,-5.2249,0.000000,0.000000,0.000000,0.000000
111987968,-89.3257,-5.2249,0.000000,0.000000,0.000000,0.000000
111988015,-89.3257,-5.2249,0.000000,0.000000,0.000000,0.000000
111988062,-89.3257,-5.2249,0.000000,0.000000,0.000000,0.000000
111988187,-89.3257,-5.2249,0.000000,0.000000,0.000000,0.000000
111988250,-89.3257,-5.2249,0.000000,0.000000,0.000000,0.000000
111988296,-89.3257,-5.2249,0.000000,0.000000,0.000000,0.000000
111988343,-89.3257,-5.2249,0.000000,0.000000,0.000000,0.000000
111988390,-89.3257,-5.2249,0.000000,0.000000,0.000000,0.000000
111988437,-89.3257,-5.2249,0.000000,0.000000,0.000000,0.000000
111988531,-89.3257,-5.2249,0.000000,0.000000,0.000000,0.000000
111988593,-89.3257,-5.2249,0.000000,0.000000,0.000000,0.000000
111988640,-89.3257,-5.2249,0.000000,0.000000,0.000000,0.000000
111988687,-89.3257,-5.2249,0.000000,0.000000,0.000000,0.000000
111988750,-89.3257,-5.2249,0.000000,0.000000,0.000000,0.000000
111988828,-89.3257,-5.2249,0.000000,0.000000,0.000000,0.000000
111988875,-89.3257,-5.2249,0.000000,0.000000,0.000000,0.000000
111988921,-89.3257,-5.2249,0.000000,0.000000,0.000000,0.000000
111989015,-89.3257,-5.2249,0.000000,0.000000,0.000000,0.000000
111989078,-89.3257,-5.2249,0.000000,0.000000,0.000000,0.000000
111989125,-89.3257,-5.2249,0.000000,0.000000,0.000000,0.000000
111989187,-89.3257,-5.2249,0.000000,0.000000,0.000000,0.000000
111989234,-89.3257,-5.2249,0.000000,0.000000,0.000000,0.000000
111989281,-89.3257,-5.2249,0.000000,0.000000,0.000000,0.000000
111989343,-89.3257,-5.2249,0.000000,0.000000,0.000000,0.000000
111989390,-89.3257,-5.2249,0.000000,0.000000,0.000000,0.000000
111989437,-89.3257,-5.2249,0.000000,0.000000,0.000000,0.000000
111989484,-89.3257,-5.2249,0.000000,0.000000,0.000000,0.000000
111989531,-89.3257,-5.2249,0.000000,0.000000,0.000000,0.000000
111989578,-89.3257,-5.2249,0.000000,0.000000,0.000000,0.000000
111989625,-89.3257,-5.2249,0.000000,0.000000,0.000000,0.000000
111989671,-89.3257,-5.2249,0.000000,0.000000,0.000000,0.000000
111989703,-89.3257,-5.2249,0.000000,0.000000,0.000000,0.000000
111989781,-89.3257,-5.2249,0.000000,0.000000,0.000000,0.000000
111989843,-89.3257,-5.2249,0.000000,0.000000,0.000000,0.000000
111989890,-89.3257,-5.2249,0.000000,0.000000,0.000000,0.000000
111989937,-89.3257,-5.2249,0.000000,0.000000,0.000000,0.000000
111989968,-89.3257,-5.2249,0.000000,0.000000,0.000000,0.000000
111990015,-89.3257,-5.2249,0.000000,0.000000,0.000000,0.000000
111990046,-89.3257,-5.2249,0.000000,0.000000,0.000000,0.000000
111990093,-89.3257,-5.2249,0.000000,0.000000,0.000000,0.000000
111990140,-89.3257,-5.2249,0.000000,0.000000,0.000000,0.000000
111990171,-89.3257,-5.2249,0.000000,0.000000,0.000000,0.000000
111990218,-89.3257,-5.2249,0.000000,0.000000,0.000000,0.000000
111990281,-89.3257,-5.2249,0.000000,0.000000,0.000000,0.000000
111990328,-89.3257,-5.2249,0.000000,0.000000,0.000000,0.000000
111990359,-89.3257,-5.2249,0.000000,0.000000,0.000000,0.000000
111990406,-89.3257,-5.2249,0.000000,0.000000,0.000000,0.000000
111990453,-89.3257,-5.2249,0.000000,0.000000,0.000000,0.000000
111990500,-89.3257,-5.2249,0.000000,0.000000,0.000000,0.000000
111990531,-89.3257,-5.2249,0.000000,0.000000,0.000000,0.000000
111990578,-89.3257,-5.2249,0.000000,0.000000,0.000000,0.000000
111990625,-89.3257,-5.2249,0.000000,0.000000,0.000000,0.000000
111990671,-89.3257,-5.2249,0.000000,0.000000,0.000000,0.000000
111990718,-89.3257,-5.2249,0.000000,0.000000,0.000000,0.000000
111990765,-89.3257,-5.2249,0.000000,0.000000,0.000000,0.000000
111990796,-89.3257,-5.2249,0.000000,0.000000,0.000000,0.000000
111990843,-89.3257,-5.2249,0.000000,0.000000,0.000000,0.000000
111990875,-89.3257,-5.2249,0.000000,0.000000,0.000000,0.000000
111990937,-89.3257,-5.2249,0.000000,0.000000,0.000000,0.000000
111990984,-89.3257,-5.2249,0.000000,0.000000,0.000000,0.000000
111991046,-89.3257,-5.2249,0.000000,0.000000,0.000000,0.000000
111991078,-89.3257,-5.2249,0.000000,0.000000,0.000000,0.000000
111991140,-89.3257,-5.2249,0.000000,0.000000,0.000000,0.000000
111991218,-89.3257,-5.2249,0.000000,0.000000,0.000000,0.000000
111991250,-89.3257,-5.2249,0.000000,0.000000,0.000000,0.000000
111991296,-89.3257,-5.2249,0.000000,0.000000,0.000000,0.000000
111991343,-89.3257,-5.2249,0.000000,0.000000,0.000000,0.000000
111991375,-89.3257,-5.2249,0.000000,0.000000,0.000000,0.000000
111991421,-89.3257,-5.2249,0.000000,0.000000,0.000000,0.000000
111991468,-89.3257,-5.2249,0.000000,0.000000,0.000000,0.000000
111991500,-89.3257,-5.2249,0.000000,0.000000,0.000000,0.000000
111991546,-89.3257,-5.2249,0.000000,0.000000,0.000000,0.000000
111991578,-89.3257,-5.2249,0.000000,0.000000,0.000000,0.000000
111991625,-89.3257,-5.2249,0.000000,0.000000,0.000000,0.000000
111991687,-89.3257,-5.2249,0.000000,0.000000,0.000000,0.000000
111991718,-89.3257,-5.2249,0.000000,0.000000,0.000000,0.000000
111991828,-89.3257,-5.2249,0.000000,0.000000,0.000000,0.000000
111991859,-89.3257,-5.2249,0.000000,0.000000,0.000000,0.000000
111991906,-89.3257,-5.2249,0.000000,0.000000,0.000000,0.000000
111991984,-89.3257,-5.2249,0.000000,0.000000,0.000000,0.000000
111992031,-89.3257,-5.2249,0.000000,0.000000,0.000000,0.000000
111992109,-89.3257,-5.2249,0.000000,0.000000,0.000000,0.000000
111992250,-89.3257,-5.2249,0.000000,0.000000,0.000000,0.000000
111992343,-89.3257,-5.2249,0.000000,0.000000,0.000000,0.000000
111992406,-89.3257,-5.2249,0.000000,0.000000,0.000000,0.000000
111992453,-89.3257,-5.2249,0.000000,0.000000,0.000000,0.000000
111992500,-89.3257,-5.2249,0.000000,0.000000,0.000000,0.000000
111992546,-89.3257,-5.2249,0.000000,0.000000,0.000000,0.000000
111992593,-89.3257,-5.2249,0.000000,0.000000,0.000000,0.000000
111992656,-89.3257,-5.2249,0.000000,0.000000,0.000000,0.000000
111992703,-89.3257,-5.2249,0.000000,0.000000,0.000000,0.000000
111992750,-89.3257,-5.2249,0.000000,0.000000,0.000000,0.000000
111992796,-89.3257,-5.2249,0.000000,0.000000,0.000000,0.000000
111992859,-89.3257,-5.2249,0.000000,0.000000,0.000000,0.000000
111992921,-89.3257,-5.2249,0.000000,0.000000,0.000000,0.000000
111992984,-89.3257,-5.2249,0.000000,0.000000,0.000000,0.000000
111993046,-89.3257,-5.2249,0.000000,0.000000,0.000000,0.000000
111993109,-89.3257,-5.2249,0.000000,0.000000,0.000000,0.000000
111993156,-89.3257,-5.2249,0.000000,0.000000,0.000000,0.000000
111993218,-89.3257,-5.2249,0.000000,0.000000,0.000000,0.000000
111993265,-89.3257,-5.2249,0.000000,0.000000,0.000000,0.000000
111993296,-89.3257,-5.2249,0.000000,0.000000,0.000000,0.000000
111993375,-89.3257,-5.2249,0.000000,0.000000,0.000000,0.000000
111993453,-89.3257,-5.2249,0.000000,0.000000,0.000000,0.000000
111993500,-89.3257,-5.2249,0.000000,0.000000,0.000000,0.000000
111993546,-89.3257,-5.2249,0.000000,0.000000,0.000000,0.000000
111993593,-89.3257,-5.2249,0.000000,0.000000,0.000000,0.000000
111993640,-89.3257,-5.2249,0.000000,0.000000,0.000000,0.000000
111993906,-89.3257,-5.2249,0.000000,0.000000,0.000000,0.000000
111993953,-89.3257,-5.2249,0.000000,0.000000,0.000000,0.000000
111994000,-89.3257,-5.2249,0.000000,0.000000,0.000000,0.000000
111994062,-89.3257,-5.2249,0.000000,0.000000,0.000000,0.000000
111994109,-89.3257,-5.2249,0.000000,0.000000,0.000000,0.000000
111994171,-89.3257,-5.2249,0.000000,0.000000,0.000000,0.000000
111994218,-89.3257,-5.2249,0.000000,0.000000,0.000000,0.000000
111994265,-89.3257,-5.2249,0.000000,0.000000,0.000000,0.000000
111994312,-89.3257,-5.2249,0.000000,0.000000,0.000000,0.000000
111994375,-89.3257,-5.2249,0.000000,0.000000,0.000000,0.000000
111994421,-89.3257,-5.2249,0.000000,0.000000,0.000000,0.000000
111994484,-89.3257,-5.2249,0.000000,0.000000,0.000000,0.000000
111994531,-89.3257,-5.2249,0.000000,0.000000,0.000000,0.000000
111994578,-89.3257,-5.2249,0.000000,0.000000,0.000000,0.000000
111994625,-89.3257,-5.2249,0.000000,0.000000,0.000000,0.000000
111994703,-89.3257,-5.2249,0.000000,0.000000,0.000000,0.000000
111994765,-89.3257,-5.2249,0.000000,0.000000,0.000000,0.000000
111995093,-89.3257,-5.2249,0.000000,0.000000,0.000000,0.000000
111995140,-89.3257,-5.2249,0.000000,0.000000,0.000000,0.000000
111995203,-89.3257,-5.2249,0.000000,0.000000,0.000000,0.000000
111995250,-89.3257,-5.2249,0.000000,0.000000,0.000000,0.000000
111995296,-89.3257,-5.2249,0.000000,0.000000,0.000000,0.000000
111995343,-89.3257,-5.2249,0.000000,0.000000,0.000000,0.000000
111995375,-89.3257,-5.2249,0.000000,0.000000,0.000000,0.000000
111995421,-89.3257,-5.2249,0.000000,0.000000,0.000000,0.000000
111995468,-89.3257,-5.2249,0.000000,0.000000,0.000000,0.000000
111995515,-89.3257,-5.2249,0.000000,0.000000,0.000000,0.000000
111995562,-89.3257,-5.2249,0.000000,0.000000,0.000000,0.000000
111995593,-89.3257,-5.2249,0.000000,0.000000,0.000000,0.000000
111995640,-89.3257,-5.2249,0.000000,0.000000,0.000000,0.000000
111995671,-89.3257,-5.2249,0.000000,0.000000,0.000000,0.000000
111995718,-89.3257,-5.2249,0.000000,0.000000,0.000000,0.000000
111995765,-89.3257,-5.2249,0.000000,0.000000,0.000000,0.000000
111995796,-89.3257,-5.2249,0.000000,0.000000,0.000000,0.000000
111995843,-89.3257,-5.2249,0.000000,0.000000,0.000000,0.000000
111995890,-89.3257,-5.2249,0.000000,0.000000,0.000000,0.000000
111995937,-89.3257,-5.2249,0.000000,0.000000,0.000000,0.000000
111995968,-89.3257,-5.2249,0.000000,0.000000,0.000000,0.000000
111996000,-89.3257,-5.2249,0.000000,0.000000,0.000000,0.000000
111996046,-89.3257,-5.2249,0.000000,0.000000,0.000000,0.000000
111996093,-89.3257,-5.2249,0.000000,0.000000,0.000000,0.000000
111996125,-89.3257,-5.2249,0.000000,0.000000,0.000000,0.000000
111996171,-89.3257,-5.2249,0.000000,0.000000,0.000000,0.000000
111996203,-89.3257,-5.2249,0.000000,0.000000,0.000000,0.000000
111996250,-89.3257,-5.2249,0.000000,0.000000,0.000000,0.000000
111996296,-89.3257,-5.2249,0.000000,0.000000,0.000000,0.000000
111996328,-89.3257,-5.2249,0.000000,0.000000,0.000000,0.000000
111996375,-89.3257,-5.2249,0.000000,0.000000,0.000000,0.000000
111996421,-89.3257,-5.2249,0.000000,0.000000,0.000000,0.000000
111996468,-89.3257,-5.2249,0.000000,0.000000,0.000000,0.000000
111996515,-89.3257,-5.2249,0.000000,0.000000,0.000000,0.000000
111996546,-89.3257,-5.2249,0.000000,0.000000,0.000000,0.000000
111996578,-89.3257,-5.2249,0.000000,0.000000,0.000000,0.000000
111996625,-89.3257,-5.2249,0.000000,0.000000,0.000000,0.000000
111996656,-89.3257,-5.2249,0.000000,0.000000,0.000000,0.000000
111996718,-89.3257,-5.2249,0.000000,0.000000,0.000000,0.000000
111996765,-89.3257,-5.2249,0.000000,0.000000,0.000000,0.000000
111996796,-89.3257,-5.2249,0.000000,0.000000,0.000000,0.000000
111996828,-89.3257,-5.2249,0.000000,0.000000,0.000000,0.000000
111996875,-89.3257,-5.2249,0.000000,0.000000,0.000000,0.000000
111996906,-89.3257,-5.2249,0.000000,0.000000,0.000000,0.000000
111996953,-89.3257,-5.2249,0.000000,0.000000,0.000000,0.000000
111997000,-89.3257,-5.2249,0.000000,0.000000,0.000000,0.000000
111997046,-89.3257,-5.2249,0.000000,0.000000,0.000000,0.000000
111997078,-89.3257,-5.2249,0.000000,0.000000,0.000000,0.000000
111997125,-89.3257,-5.2249,0.000000,0.000000,0.000000,0.000000
111997156,-89.3257,-5.2249,0.000000,0.000000,0.000000,0.000000
111997187,-89.3257,-5.2249,0.000000,0.000000,0.000000,0.000000
111997234,-89.3257,-5.2249,0.000000,0.000000,0.000000,0.000000
111997281,-89.3257,-5.2249,0.000000,0.000000,0.000000,0.000000
111997328,-89.3257,-5.2249,0.000000,0.000000,0.000000,0.000000
111997375,-89.3257,-5.2249,0.000000,0.000000,0.000000,0.000000
111997421,-89.3257,-5.2249,0.000000,0.000000,0.000000,0.000000
111997453,-89.3257,-5.2249,0.000000,0.000000,0.000000,0.000000
111997500,-89.3257,-5.2249,0.000000,0.000000,0.000000,0.000000
111997562,-89.3257,-5.2249,0.000000,0.000000,0.000000,0.000000
111997609,-89.3257,-5.2249,0.000000,0.000000,0.000000,0.000000
111997656,-89.3257,-5.2249,0.000000,0.000000,0.000000,0.000000
111997687,-89.3257,-5.2249,0.000000,0.000000,0.000000,0.000000
111997734,-89.3257,-5.2249,0.000000,0.000000,0.000000,0.000000
111997781,-89.3257,-5.2249,0.000000,0.000000,0.000000,0.000000
111997828,-89.3257,-5.2249,0.000000,0.000000,0.000000,0.000000
111997875,-89.3257,-5.2249,0.000000,0.000000,0.000000,0.000000
111997906,-89.3257,-5.2249,0.000000,0.000000,0.000000,0.000000
111997968,-89.3257,-5.2249,0.000000,0.000000,0.000000,0.000000
111998015,-89.3257,-5.2249,0.000000,0.000000,0.000000,0.000000
111998062,-89.3257,-5.2249,0.000000,0.000000,0.000000,0.000000
111998218,-89.3257,-5.2249,0.000000,0.000000,0.000000,0.000000
111998265,-89.3257,-5.2249,0.000000,0.000000,0.000000,0.000000
111998312,-89.3257,-5.2249,0.000000,0.000000,0.000000,0.000000
111998359,-89.3257,-5.2249,0.000000,0.000000,0.000000,0.000000
111998406,-89.3257,-5.2249,0.000000,0.000000,0.000000,0.000000
111998453,-89.3257,-5.2249,0.000000,0.000000,0.000000,0.000000
111998500,-89.3257,-5.2249,0.000000,0.000000,0.000000,0.000000
111998546,-89.3257,-5.2249,0.000000,0.000000,0.000000,0.000000
111998625,-89.3257,-5.2249,0.000000,0.000000,0.000000,0.000000
111998671,-89.3257,-5.2249,0.000000,0.000000,0.000000,0.000000
111998718,-89.3257,-5.2249,0.000000,0.000000,0.000000,0.000000
111998765,-89.3257,-5.2249,0.000000,0.000000,0.000000,0.000000
111998812,-89.3257,-5.2249,0.000000,0.000000,0.000000,0.000000
111998875,-89.3257,-5.2249,0.000000,0.000000,0.000000,0.000000
111998921,-89.3257,-5.2249,0.000000,0.000000,0.000000,0.000000
111998968,-89.3257,-5.2249,0.000000,0.000000,0.000000,0.000000
111999015,-89.3257,-5.2249,0.000000,0.000000,0.000000,0.000000
111999062,-89.3257,-5.2249,0.000000,0.000000,0.000000,0.000000
111999125,-89.3257,-5.2249,0.000000,0.000000,0.000000,0.000000
111999171,-89.3257,-5.2249,0.000000,0.000000,0.000000,0.000000
111999203,-89.3257,-5.2249,0.000000,0.000000,0.000000,0.000000
111999265,-89.3257,-5.2249,0.000000,0.000000,0.000000,0.000000
111999312,-89.3257,-5.2249,0.000000,0.000000,0.000000,0.000000
111999359,-89.3257,-5.2249,0.000000,0.000000,0.000000,0.000000
111999406,-89.3257,-5.2249,0.000000,0.000000,0.000000,0.000000
111999453,-89.3257,-5.2249,0.000000,0.000000,0.000000,0.000000
111999500,-89.3257,-5.2249,0.000000,0.000000,0.000000,0.000000
111999546,-89.3257,-5.2249,0.000000,0.000000,0.000000,0.000000
111999625,-89.3257,-5.2249,0.000000,0.000000,0.000000,0.000000
111999671,-89.3257,-5.2249,0.000000,0.000000,0.000000,0.000000
111999718,-89.3257,-5.2249,0.000000,0.000000,0.000000,0.000000
111999765,-89.3257,-5.2249,0.000000,0.000000,0.000000,0.000000
111999828,-89.3257,-5.2249,0.000000,0.000000,0.000000,0.000000
111999875,-89.3257,-5.2249,0.000000,0.000000,0.000000,0.000000
111999921,-89.3257,-5.2249,0.000000,0.000000,0.000000,0.000000
111999984,-89.3257,-5.2249,0.000000,0.000000,0.000000,0.000000
112000031,-89.3257,-5.2249,0.000000,0.000000,0.000000,0.000000
112000078,-89.3257,-5.2249,0.000000,0.000000,0.000000,0.000000
112000140,-89.3257,-5.2249,0.000000,0.000000,0.000000,0.000000
112000187,-89.3257,-5.2249,0.000000,0.000000,0.000000,0.000000
112000234,-89.3257,-5.2249,0.000000,0.000000,0.000000,0.000000
112000281,-89.3257,-5.2249,0.000000,0.000000,0.000000,0.000000
112000328,-89.3257,-5.2249,0.000000,0.000000,0.000000,0.000000
112000406,-89.3257,-5.2249,0.000000,0.000000,0.000000,0.000000
112000453,-89.3257,-5.2255,0.000000,0.000000,0.000000,0.000000
112000531,-89.3257,-5.2255,0.000000,0.000000,0.000000,0.000000
112000593,-89.3257,-5.2255,0.000000,0.000000,0.000000,0.000000
112000640,-89.3257,-5.2255,0.000000,0.000000,0.000000,0.000000
112000718,-89.3257,-5.2255,0.000000,0.000000,0.000000,0.000000
112000765,-89.3257,-5.2255,0.000000,0.000000,0.000000,0.000000
112000812,-89.3257,-5.2255,0.000000,0.000000,0.000000,0.000000
112000890,-89.3257,-5.2255,0.000000,0.000000,0.000000,0.000000
112000953,-89.3257,-5.2255,0.000000,0.000000,0.000000,0.000000
112001015,-89.3257,-5.2255,0.000000,0.000000,0.000000,0.000000
112001062,-89.3257,-5.2255,0.000000,0.000000,0.000000,0.000000
112001109,-89.3257,-5.2255,0.000000,0.000000,0.000000,0.000000
112001156,-89.3257,-5.2255,0.000000,0.000000,0.000000,0.000000
112001218,-89.3257,-5.2255,0.000000,0.000000,0.000000,0.000000
112001265,-89.3257,-5.2255,0.000000,0.000000,0.000000,0.000000
112001328,-89.3257,-5.2255,0.000000,0.000000,0.000000,0.000000
112001359,-89.3257,-5.2255,0.000000,0.000000,0.000000,0.000000
112001421,-89.3257,-5.2255,0.000000,0.000000,0.000000,0.000000
112001468,-89.3257,-5.2255,0.000000,0.000000,0.000000,0.000000
112001546,-89.3257,-5.2255,0.000000,0.000000,0.000000,0.000000
112001578,-89.3257,-5.2255,0.000000,0.000000,0.000000,0.000000
112001640,-89.3257,-5.2255,0.000000,0.000000,0.000000,0.000000
112001671,-89.3257,-5.2255,0.000000,0.000000,0.000000,0.000000
112001718,-89.3257,-5.2255,0.000000,0.000000,0.000000,0.000000
112001781,-89.3257,-5.2255,0.000000,0.000000,0.000000,0.000000
112001828,-89.3257,-5.2255,0.000000,0.000000,0.000000,0.000000
112001875,-89.3257,-5.2255,0.000000,0.000000,0.000000,0.000000
112001968,-89.3257,-5.2255,0.000000,0.000000,0.000000,0.000000
112002109,-89.3257,-5.2255,0.000000,0.000000,0.000000,0.000000
112002156,-89.3257,-5.2255,0.000000,0.000000,0.000000,0.000000
112002203,-89.3257,-5.2255,0.000000,0.000000,0.000000,0.000000
112002234,-89.3257,-5.2255,0.000000,0.000000,0.000000,0.000000
112002296,-89.3257,-5.2255,0.000000,0.000000,0.000000,0.000000
112002343,-89.3257,-5.2255,0.000000,0.000000,0.000000,0.000000
112002390,-89.3257,-5.2255,0.000000,0.000000,0.000000,0.000000
112002437,-89.3257,-5.2255,0.000000,0.000000,0.000000,0.000000
112002531,-89.3257,-5.2255,0.000000,0.000000,0.000000,0.000000
112002593,-89.3257,-5.2255,0.000000,0.000000,0.000000,0.000000
112002656,-89.3257,-5.2255,0.000000,0.000000,0.000000,0.000000
112002703,-89.3257,-5.2255,0.000000,0.000000,0.000000,0.000000
112002750,-89.3257,-5.2255,0.000000,0.000000,0.000000,0.000000
112002796,-89.3257,-5.2255,0.000000,0.000000,0.000000,0.000000
112002828,-89.3257,-5.2255,0.000000,0.000000,0.000000,0.000000
112002875,-89.3257,-5.2255,0.000000,0.000000,0.000000,0.000000
112002937,-89.3257,-5.2255,0.000000,0.000000,0.000000,0.000000
112002984,-89.3257,-5.2255,0.000000,0.000000,0.000000,0.000000
112003046,-89.3257,-5.2255,0.000000,0.000000,0.000000,0.000000
112003093,-89.3257,-5.2255,0.000000,0.000000,0.000000,0.000000
112003140,-89.3257,-5.2255,0.000000,0.000000,0.000000,0.000000
112003187,-89.3257,-5.2255,0.000000,0.000000,0.000000,0.000000
112003234,-89.3257,-5.2255,0.000000,0.000000,0.000000,0.000000
112003281,-89.3257,-5.2255,0.000000,0.000000,0.000000,0.000000
112003437,-89.3257,-5.2255,0.000000,0.000000,0.000000,0.000000
112003484,-89.3257,-5.2249,0.000000,0.000000,0.000000,0.000000
112003531,-89.3257,-5.2255,0.000000,0.000000,0.000000,0.000000
112003578,-89.3257,-5.2255,0.000000,0.000000,0.000000,0.000000
112003625,-89.3257,-5.2255,0.000000,0.000000,0.000000,0.000000
112003671,-89.3257,-5.2255,0.000000,0.000000,0.000000,0.000000
112003703,-89.3257,-5.2255,0.000000,0.000000,0.000000,0.000000
112003750,-89.3257,-5.2255,0.000000,0.000000,0.000000,0.000000
112003796,-89.3257,-5.2255,0.000000,0.000000,0.000000,0.000000
112003843,-89.3257,-5.2249,0.000000,0.000000,0.000000,0.000000
112003875,-89.3257,-5.2255,0.000000,0.000000,0.000000,0.000000
112003921,-89.3257,-5.2255,0.000000,0.000000,0.000000,0.000000
112003984,-89.3257,-5.2255,0.000000,0.000000,0.000000,0.000000
112004031,-89.3257,-5.2255,0.000000,0.000000,0.000000,0.000000
112004062,-89.3257,-5.2255,0.000000,0.000000,0.000000,0.000000
112004109,-89.3257,-5.2255,0.000000,0.000000,0.000000,0.000000
112004156,-89.3257,-5.2255,0.000000,0.000000,0.000000,0.000000
112004203,-89.3257,-5.2255,0.000000,0.000000,0.000000,0.000000
112004250,-89.3257,-5.2255,0.000000,0.000000,0.000000,0.000000
112004281,-89.3257,-5.2255,0.000000,0.000000,0.000000,0.000000
112004328,-89.3257,-5.2255,0.000000,0.000000,0.000000,0.000000
112004375,-89.3257,-5.2255,0.000000,0.000000,0.000000,0.000000
112004453,-89.3257,-5.2255,0.000000,0.000000,0.000000,0.000000
112004500,-89.3257,-5.2255,0.000000,0.000000,0.000000,0.000000
112004546,-89.3257,-5.2255,0.000000,0.000000,0.000000,0.000000
112004593,-89.3257,-5.2255,0.000000,0.000000,0.000000,0.000000
112004656,-89.3257,-5.2255,0.000000,0.000000,0.000000,0.000000
112004718,-89.3257,-5.2255,0.000000,0.000000,0.000000,0.000000
112004750,-89.3257,-5.2255,0.000000,0.000000,0.000000,0.000000
112004812,-89.3257,-5.2249,0.000000,0.000000,0.000000,0.000000
112004859,-89.3257,-5.2255,0.000000,0.000000,0.000000,0.000000
112004906,-89.3257,-5.2249,0.000000,0.000000,0.000000,0.000000
112004968,-89.3257,-5.2249,0.000000,0.000000,0.000000,0.000000
112005015,-89.3257,-5.2255,0.000000,0.000000,0.000000,0.000000
112005062,-89.3257,-5.2255,0.000000,0.000000,0.000000,0.000000
112005109,-89.3257,-5.2255,0.000000,0.000000,0.000000,0.000000
112005156,-89.3257,-5.2255,0.000000,0.000000,0.000000,0.000000
112005203,-89.3257,-5.2249,0.000000,0.000000,0.000000,0.000000
112005250,-89.3257,-5.2249,0.000000,0.000000,0.000000,0.000000
112005296,-89.3257,-5.2255,0.000000,0.000000,0.000000,0.000000
112005343,-89.3257,-5.2255,0.000000,0.000000,0.000000,0.000000
112005390,-89.3257,-5.2255,0.000000,0.000000,0.000000,0.000000
112005437,-89.3257,-5.2255,0.000000,0.000000,0.000000,0.000000
112005468,-89.3257,-5.2255,0.000000,0.000000,0.000000,0.000000
112005515,-89.3257,-5.2255,0.000000,0.000000,0.000000,0.000000
112005578,-89.3257,-5.2255,0.000000,0.000000,0.000000,0.000000
112005609,-89.3257,-5.2255,0.000000,0.000000,0.000000,0.000000
112005656,-89.3257,-5.2255,0.000000,0.000000,0.000000,0.000000
112005703,-89.3257,-5.2255,0.000000,0.000000,0.000000,0.000000
112005796,-89.3257,-5.2255,0.000000,0.000000,0.000000,0.000000
112005828,-89.3257,-5.2255,0.000000,0.000000,0.000000,0.000000
112005875,-89.3257,-5.2255,0.000000,0.000000,0.000000,0.000000
112005953,-89.3257,-5.2249,0.000000,0.000000,0.000000,0.000000
112005984,-89.3257,-5.2255,0.000000,0.000000,0.000000,0.000000
112006031,-89.3257,-5.2255,0.000000,0.000000,0.000000,0.000000
112006078,-89.3257,-5.2255,0.000000,0.000000,0.000000,0.000000
112006125,-89.3257,-5.2255,0.000000,0.000000,0.000000,0.000000
112006171,-89.3257,-5.2255,0.000000,0.000000,0.000000,0.000000
112006218,-89.3257,-5.2255,0.000000,0.000000,0.000000,0.000000
112006281,-89.3257,-5.2255,0.000000,0.000000,0.000000,0.000000
112006328,-89.3257,-5.2249,0.000000,0.000000,0.000000,0.000000
112006531,-89.3257,-5.2255,0.000000,0.000000,0.000000,0.000000
112006578,-89.3257,-5.2249,0.000000,0.000000,0.000000,0.000000
112006625,-89.3257,-5.2255,0.000000,0.000000,0.000000,0.000000
112006671,-89.3257,-5.2249,0.000000,0.000000,0.000000,0.000000
112006703,-89.3257,-5.2255,0.000000,0.000000,0.000000,0.000000
112006750,-89.3257,-5.2255,0.000000,0.000000,0.000000,0.000000
112006859,-89.3257,-5.2255,0.000000,0.000000,0.000000,0.000000
112006906,-89.3257,-5.2255,0.000000,0.000000,0.000000,0.000000
112006953,-89.3257,-5.2255,0.000000,0.000000,0.000000,0.000000
112007000,-89.3257,-5.2255,0.000000,0.000000,0.000000,0.000000
112007062,-89.3257,-5.2255,0.000000,0.000000,0.000000,0.000000
112007140,-89.3257,-5.2249,0.000000,0.000000,0.000000,0.000000
112007187,-89.3257,-5.2255,0.000000,0.000000,0.000000,0.000000
112007234,-89.3257,-5.2249,0.000000,0.000000,0.000000,0.000000
112007281,-89.3257,-5.2255,0.000000,0.000000,0.000000,0.000000
112007328,-89.3257,-5.2255,0.000000,0.000000,0.000000,0.000000
112007375,-89.3257,-5.2249,0.000000,0.000000,0.000000,0.000000
112007421,-89.3257,-5.2255,0.000000,0.000000,0.000000,0.000000
112007468,-89.3257,-5.2249,0.000000,0.000000,0.000000,0.000000
112007546,-89.3257,-5.2249,0.000000,0.000000,0.000000,0.000000
112007593,-89.3257,-5.2249,0.000000,0.000000,0.000000,0.000000
112007656,-89.3257,-5.2249,0.000000,0.000000,0.000000,0.000000
112007718,-89.3257,-5.2249,0.000000,0.000000,0.000000,0.000000
112007781,-89.3257,-5.2249,0.000000,0.000000,0.000000,0.000000
112007828,-89.3257,-5.2249,0.000000,0.000000,0.000000,0.000000
112007890,-89.3257,-5.2249,0.000000,0.000000,0.000000,0.000000
112008515,-89.3257,-5.2255,0.000000,0.000000,0.000000,0.000000
112008562,-89.3257,-5.2249,0.000000,0.000000,0.000000,0.000000
112008625,-89.3257,-5.2255,0.000000,0.000000,0.000000,0.000000
112008671,-89.3257,-5.2249,0.000000,0.000000,0.000000,0.000000
112008734,-89.3257,-5.2249,0.000000,0.000000,0.000000,0.000000
112008796,-89.3257,-5.2249,0.000000,0.000000,0.000000,0.000000
112008843,-89.3257,-5.2249,0.000000,0.000000,0.000000,0.000000
112008890,-89.3257,-5.2255,0.000000,0.000000,0.000000,0.000000
112008937,-89.3257,-5.2249,0.000000,0.000000,0.000000,0.000000
112009000,-89.3257,-5.2255,0.000000,0.000000,0.000000,0.000000
112009062,-89.3257,-5.2249,0.000000,0.000000,0.000000,0.000000
112009109,-89.3257,-5.2249,0.000000,0.000000,0.000000,0.000000
112009156,-89.3257,-5.2249,0.000000,0.000000,0.000000,0.000000
112009218,-89.3257,-5.2249,0.000000,0.000000,0.000000,0.000000
112009265,-89.3257,-5.2249,0.000000,0.000000,0.000000,0.000000
112009328,-89.3257,-5.2255,0.000000,0.000000,0.000000,0.000000
112009375,-89.3257,-5.2249,0.000000,0.000000,0.000000,0.000000
112009437,-89.3257,-5.2249,0.000000,0.000000,0.000000,0.000000
112009484,-89.3257,-5.2249,0.000000,0.000000,0.000000,0.000000
112009531,-89.3257,-5.2249,0.000000,0.000000,0.000000,0.000000
112009593,-89.3257,-5.2249,0.000000,0.000000,0.000000,0.000000
112009640,-89.3257,-5.2249,0.000000,0.000000,0.000000,0.000000
112009703,-89.3257,-5.2255,0.000000,0.000000,0.000000,0.000000
112009750,-89.3257,-5.2249,0.000000,0.000000,0.000000,0.000000
112009812,-89.3257,-5.2249,0.000000,0.000000,0.000000,0.000000
112009968,-89.3257,-5.2249,0.000000,0.000000,0.000000,0.000000
112010062,-89.3257,-5.2249,0.000000,0.000000,0.000000,0.000000
112010125,-89.3257,-5.2249,0.000000,0.000000,0.000000,0.000000
112010171,-89.3257,-5.2255,0.000000,0.000000,0.000000,0.000000
112010218,-89.3257,-5.2249,0.000000,0.000000,0.000000,0.000000
112010265,-89.3257,-5.2249,0.000000,0.000000,0.000000,0.000000
112010312,-89.3257,-5.2249,0.000000,0.000000,0.000000,0.000000
112010359,-89.3257,-5.2249,0.000000,0.000000,0.000000,0.000000
112010406,-89.3257,-5.2249,0.000000,0.000000,0.000000,0.000000
112010453,-89.3257,-5.2249,0.000000,0.000000,0.000000,0.000000
112010515,-89.3257,-5.2249,0.000000,0.000000,0.000000,0.000000
112010562,-89.3257,-5.2249,0.000000,0.000000,0.000000,0.000000
112010609,-89.3257,-5.2255,0.000000,0.000000,0.000000,0.000000
112010656,-89.3257,-5.2249,0.000000,0.000000,0.000000,0.000000
112010703,-89.3257,-5.2249,0.000000,0.000000,0.000000,0.000000
112010750,-89.3257,-5.2249,0.000000,0.000000,0.000000,0.000000
112010796,-89.3257,-5.2255,0.000000,0.000000,0.000000,0.000000
112010859,-89.3257,-5.2249,0.000000,0.000000,0.000000,0.000000
112010906,-89.3257,-5.2249,0.000000,0.000000,0.000000,0.000000
112010953,-89.3257,-5.2249,0.000000,0.000000,0.000000,0.000000
112011015,-89.3257,-5.2249,0.000000,0.000000,0.000000,0.000000
112011062,-89.3257,-5.2249,0.000000,0.000000,0.000000,0.000000
112011109,-89.3257,-5.2255,0.000000,0.000000,0.000000,0.000000
112011140,-89.3257,-5.2249,0.000000,0.000000,0.000000,0.000000
112011203,-89.3257,-5.2249,0.000000,0.000000,0.000000,0.000000
112011281,-89.3257,-5.2249,0.000000,0.000000,0.000000,0.000000
112011406,-89.3257,-5.2249,0.000000,0.000000,0.000000,0.000000
112011453,-89.3257,-5.2249,0.000000,0.000000,0.000000,0.000000
112011500,-89.3257,-5.2249,0.000000,0.000000,0.000000,0.000000
112011546,-89.3257,-5.2249,0.000000,0.000000,0.000000,0.000000
112011593,-89.3257,-5.2249,0.000000,0.000000,0.000000,0.000000
112011718,-89.3257,-5.2249,0.000000,0.000000,0.000000,0.000000
112011765,-89.3257,-5.2255,0.000000,0.000000,0.000000,0.000000
112011812,-89.3257,-5.2249,0.000000,0.000000,0.000000,0.000000
112011859,-89.3257,-5.2249,0.000000,0.000000,0.000000,0.000000
112011906,-89.3257,-5.2249,0.000000,0.000000,0.000000,0.000000
112011953,-89.3257,-5.2249,0.000000,0.000000,0.000000,0.000000
112012109,-89.3257,-5.2249,0.000000,0.000000,0.000000,0.000000
112012187,-89.3257,-5.2249,0.000000,0.000000,0.000000,0.000000
112012265,-89.3257,-5.2249,0.000000,0.000000,0.000000,0.000000
112012359,-89.3257,-5.2255,0.000000,0.000000,0.000000,0.000000
112012421,-89.3257,-5.2249,0.000000,0.000000,0.000000,0.000000
112012468,-89.3257,-5.2249,0.000000,0.000000,0.000000,0.000000
112012531,-89.3257,-5.2255,0.000000,0.000000,0.000000,0.000000
112012578,-89.3257,-5.2249,0.000000,0.000000,0.000000,0.000000
112012625,-89.3257,-5.2249,0.000000,0.000000,0.000000,0.000000
112012671,-89.3257,-5.2249,0.000000,0.000000,0.000000,0.000000
112012718,-89.3257,-5.2249,0.000000,0.000000,0.000000,0.000000
112012765,-89.3257,-5.2255,0.000000,0.000000,0.000000,0.000000
112012796,-89.3257,-5.2249,0.000000,0.000000,0.000000,0.000000
112012859,-89.3257,-5.2255,0.000000,0.000000,0.000000,0.000000
112012890,-89.3257,-5.2255,0.000000,0.000000,0.000000,0.000000
112012937,-89.3257,-5.2249,0.000000,0.000000,0.000000,0.000000
112012984,-89.3257,-5.2249,0.000000,0.000000,0.000000,0.000000
112013031,-89.3257,-5.2249,0.000000,0.000000,0.000000,0.000000
112013093,-89.3257,-5.2249,0.000000,0.000000,0.000000,0.000000
112013140,-89.3257,-5.2249,0.000000,0.000000,0.000000,0.000000
112013250,-89.3257,-5.2249,0.000000,0.000000,0.000000,0.000000
112013281,-89.3257,-5.2249,0.000000,0.000000,0.000000,0.000000
112013343,-89.3257,-5.2255,0.000000,0.000000,0.000000,0.000000
112013421,-89.3257,-5.2249,0.000000,0.000000,0.000000,0.000000
112013468,-89.3257,-5.2249,0.000000,0.000000,0.000000,0.000000
112013515,-89.3257,-5.2249,0.000000,0.000000,0.000000,0.000000
112013546,-89.3257,-5.2249,0.000000,0.000000,0.000000,0.000000
112013609,-89.3257,-5.2249,0.000000,0.000000,0.000000,0.000000
112013671,-89.3257,-5.2249,0.000000,0.000000,0.000000,0.000000
112013703,-89.3257,-5.2249,0.000000,0.000000,0.000000,0.000000
112013765,-89.3257,-5.2249,0.000000,0.000000,0.000000,0.000000
112013796,-89.3257,-5.2249,0.000000,0.000000,0.000000,0.000000
112013859,-89.3257,-5.2249,0.000000,0.000000,0.000000,0.000000
112013921,-89.3257,-5.2249,0.000000,0.000000,0.000000,0.000000
112013968,-89.3257,-5.2249,0.000000,0.000000,0.000000,0.000000
112014015,-89.3257,-5.2249,0.000000,0.000000,0.000000,0.000000
112014062,-89.3257,-5.2249,0.000000,0.000000,0.000000,0.000000
112014125,-89.3257,-5.2249,0.000000,0.000000,0.000000,0.000000
112014171,-89.3257,-5.2249,0.000000,0.000000,0.000000,0.000000
112014234,-89.3257,-5.2249,0.000000,0.000000,0.000000,0.000000
112014281,-89.3257,-5.2249,0.000000,0.000000,0.000000,0.000000
112014328,-89.3257,-5.2249,0.000000,0.000000,0.000000,0.000000
112014375,-89.3257,-5.2249,0.000000,0.000000,0.000000,0.000000
112014437,-89.3257,-5.2249,0.000000,0.000000,0.000000,0.000000
112014484,-89.3257,-5.2249,0.000000,0.000000,0.000000,0.000000
112014546,-89.3257,-5.2249,0.000000,0.000000,0.000000,0.000000
112014593,-89.3257,-5.2249,0.000000,0.000000,0.000000,0.000000
112014656,-89.3257,-5.2255,0.000000,0.000000,0.000000,0.000000
112014703,-89.3257,-5.2255,0.000000,0.000000,0.000000,0.000000
112014750,-89.3257,-5.2249,0.000000,0.000000,0.000000,0.000000
112014796,-89.3257,-5.2249,0.000000,0.000000,0.000000,0.000000
112014843,-89.3257,-5.2255,0.000000,0.000000,0.000000,0.000000
112014906,-89.3257,-5.2249,0.000000,0.000000,0.000000,0.000000
112014984,-89.3257,-5.2249,0.000000,0.000000,0.000000,0.000000
112015046,-89.3257,-5.2249,0.000000,0.000000,0.000000,0.000000
112015093,-89.3257,-5.2249,0.000000,0.000000,0.000000,0.000000
112015140,-89.3257,-5.2249,0.000000,0.000000,0.000000,0.000000
112015328,-89.3257,-5.2249,0.000000,0.000000,0.000000,0.000000
112015390,-89.3257,-5.2249,0.000000,0.000000,0.000000,0.000000
112015437,-89.3257,-5.2249,0.000000,0.000000,0.000000,0.000000
112015484,-89.3257,-5.2249,0.000000,0.000000,0.000000,0.000000
112015531,-89.3257,-5.2249,0.000000,0.000000,0.000000,0.000000
112015609,-89.3257,-5.2249,0.000000,0.000000,0.000000,0.000000
112015687,-89.3257,-5.2249,0.000000,0.000000,0.000000,0.000000
112015750,-89.3257,-5.2249,0.000000,0.000000,0.000000,0.000000
112015828,-89.3257,-5.2249,0.000000,0.000000,0.000000,0.000000
112015875,-89.3257,-5.2249,0.000000,0.000000,0.000000,0.000000
112015921,-89.3257,-5.2249,0.000000,0.000000,0.000000,0.000000
112015984,-89.3257,-5.2249,0.000000,0.000000,0.000000,0.000000
112016031,-89.3257,-5.2249,0.000000,0.000000,0.000000,0.000000
112016093,-89.3257,-5.2249,0.000000,0.000000,0.000000,0.000000
112016171,-89.3257,-5.2249,0.000000,0.000000,0.000000,0.000000
112016234,-89.3257,-5.2255,0.000000,0.000000,0.000000,0.000000
112016312,-89.3257,-5.2249,0.000000,0.000000,0.000000,0.000000
112016343,-89.3257,-5.2249,0.000000,0.000000,0.000000,0.000000
112016375,-89.3257,-5.2249,0.000000,0.000000,0.000000,0.000000
112016421,-89.3257,-5.2249,0.000000,0.000000,0.000000,0.000000
112016468,-89.3257,-5.2249,0.000000,0.000000,0.000000,0.000000
112016515,-89.3257,-5.2249,0.000000,0.000000,0.000000,0.000000
112016562,-89.3257,-5.2249,0.000000,0.000000,0.000000,0.000000
112016625,-89.3257,-5.2249,0.000000,0.000000,0.000000,0.000000
112016656,-89.3257,-5.2249,0.000000,0.000000,0.000000,0.000000
112016703,-89.3257,-5.2255,0.000000,0.000000,0.000000,0.000000
112016765,-89.3257,-5.2249,0.000000,0.000000,0.000000,0.000000
112016812,-89.3257,-5.2249,0.000000,0.000000,0.000000,0.000000
112016906,-89.3257,-5.2249,0.000000,0.000000,0.000000,0.000000
112016953,-89.3257,-5.2249,0.000000,0.000000,0.000000,0.000000
112017000,-89.3257,-5.2249,0.000000,0.000000,0.000000,0.000000
112017031,-89.3257,-5.2249,0.000000,0.000000,0.000000,0.000000
112017078,-89.3257,-5.2249,0.000000,0.000000,0.000000,0.000000
112017125,-89.3257,-5.2255,0.000000,0.000000,0.000000,0.000000
112017171,-89.3257,-5.2249,0.000000,0.000000,0.000000,0.000000
112017203,-89.3257,-5.2249,0.000000,0.000000,0.000000,0.000000
112017265,-89.3257,-5.2249,0.000000,0.000000,0.000000,0.000000
112017296,-89.3257,-5.2249,0.000000,0.000000,0.000000,0.000000
112017343,-89.3257,-5.2249,0.000000,0.000000,0.000000,0.000000
112017390,-89.3257,-5.2249,0.000000,0.000000,0.000000,0.000000
112017421,-89.3257,-5.2249,0.000000,0.000000,0.000000,0.000000
112017468,-89.3257,-5.2249,0.000000,0.000000,0.000000,0.000000
112017515,-89.3257,-5.2249,0.000000,0.000000,0.000000,0.000000
112017562,-89.3257,-5.2249,0.000000,0.000000,0.000000,0.000000
112017593,-89.3257,-5.2249,0.000000,0.000000,0.000000,0.000000
112017640,-89.3257,-5.2249,0.000000,0.000000,0.000000,0.000000
112017687,-89.3257,-5.2249,0.000000,0.000000,0.000000,0.000000
112017734,-89.3257,-5.2249,0.000000,0.000000,0.000000,0.000000
112017765,-89.3257,-5.2249,0.000000,0.000000,0.000000,0.000000
112017812,-89.3257,-5.2249,0.000000,0.000000,0.000000,0.000000
112017843,-89.3257,-5.2249,0.000000,0.000000,0.000000,0.000000
112017890,-89.3257,-5.2255,0.000000,0.000000,0.000000,0.000000
112017937,-89.3257,-5.2249,0.000000,0.000000,0.000000,0.000000
112017968,-89.3257,-5.2249,0.000000,0.000000,0.000000,0.000000
112018015,-89.3257,-5.2249,0.000000,0.000000,0.000000,0.000000
112018046,-89.3257,-5.2249,0.000000,0.000000,0.000000,0.000000
112018093,-89.3257,-5.2249,0.000000,0.000000,0.000000,0.000000
112018125,-89.3257,-5.2249,0.000000,0.000000,0.000000,0.000000
112018171,-89.3257,-5.2249,0.000000,0.000000,0.000000,0.000000
112018203,-89.3257,-5.2249,0.000000,0.000000,0.000000,0.000000
112018250,-89.3257,-5.2255,0.000000,0.000000,0.000000,0.000000
112018296,-89.3257,-5.2249,0.000000,0.000000,0.000000,0.000000
112018500,-89.3257,-5.2249,0.000000,0.000000,0.000000,0.000000
112018531,-89.3257,-5.2249,0.000000,0.000000,0.000000,0.000000
112018578,-89.3257,-5.2249,0.000000,0.000000,0.000000,0.000000
112018625,-89.3257,-5.2249,0.000000,0.000000,0.000000,0.000000
112018687,-89.3257,-5.2249,0.000000,0.000000,0.000000,0.000000
112018734,-89.3257,-5.2249,0.000000,0.000000,0.000000,0.000000
112018765,-89.3257,-5.2249,0.000000,0.000000,0.000000,0.000000
112018937,-89.3257,-5.2249,0.000000,0.000000,0.000000,0.000000
112018968,-89.3257,-5.2249,0.000000,0.000000,0.000000,0.000000
112019015,-89.3257,-5.2255,0.000000,0.000000,0.000000,0.000000
112019125,-89.3257,-5.2249,0.000000,0.000000,0.000000,0.000000
112019171,-89.3257,-5.2249,0.000000,0.000000,0.000000,0.000000
112019203,-89.3257,-5.2249,0.000000,0.000000,0.000000,0.000000
112019250,-89.3257,-5.2249,0.000000,0.000000,0.000000,0.000000
112019296,-89.3257,-5.2249,0.000000,0.000000,0.000000,0.000000
112019343,-89.3257,-5.2249,0.000000,0.000000,0.000000,0.000000
112019390,-89.3257,-5.2249,0.000000,0.000000,0.000000,0.000000
112019437,-89.3257,-5.2249,0.000000,0.000000,0.000000,0.000000
112019500,-89.3257,-5.2249,0.000000,0.000000,0.000000,0.000000
112019546,-89.3257,-5.2249,0.000000,0.000000,0.000000,0.000000
112019593,-89.3257,-5.2249,0.000000,0.000000,0.000000,0.000000
112019765,-89.3257,-5.2249,0.000000,0.000000,0.000000,0.000000
112019828,-89.3257,-5.2249,0.000000,0.000000,0.000000,0.000000
112019875,-89.3257,-5.2249,0.000000,0.000000,0.000000,0.000000
112019937,-89.3257,-5.2249,0.000000,0.000000,0.000000,0.000000
112019984,-89.3257,-5.2249,0.000000,0.000000,0.000000,0.000000
112020031,-89.3257,-5.2249,0.000000,0.000000,0.000000,0.000000
112020078,-89.3257,-5.2249,0.000000,0.000000,0.000000,0.000000
112020125,-89.3257,-5.2249,0.000000,0.000000,0.000000,0.000000
112020171,-89.3257,-5.2255,0.000000,0.000000,0.000000,0.000000
112020218,-89.3257,-5.2249,0.000000,0.000000,0.000000,0.000000
112020265,-89.3257,-5.2249,0.000000,0.000000,0.000000,0.000000
112020296,-89.3257,-5.2249,0.000000,0.000000,0.000000,0.000000
112020359,-89.3257,-5.2249,0.000000,0.000000,0.000000,0.000000
112020406,-89.3257,-5.2255,0.000000,0.000000,0.000000,0.000000
112020453,-89.3257,-5.2249,0.000000,0.000000,0.000000,0.000000
112020500,-89.3257,-5.2249,0.000000,0.000000,0.000000,0.000000
112020546,-89.3257,-5.2249,0.000000,0.000000,0.000000,0.000000
112020593,-89.3257,-5.2249,0.000000,0.000000,0.000000,0.000000
112020640,-89.3257,-5.2249,0.000000,0.000000,0.000000,0.000000
112020687,-89.3257,-5.2249,0.000000,0.000000,0.000000,0.000000
112020734,-89.3257,-5.2249,0.000000,0.000000,0.000000,0.000000
112020781,-89.3257,-5.2249,0.000000,0.000000,0.000000,0.000000
112020828,-89.3257,-5.2249,0.000000,0.000000,0.000000,0.000000
112020890,-89.3257,-5.2249,0.000000,0.000000,0.000000,0.000000
112020953,-89.3257,-5.2249,0.000000,0.000000,0.000000,0.000000
112021000,-89.3257,-5.2249,0.000000,0.000000,0.000000,0.000000
112021046,-89.3257,-5.2249,0.000000,0.000000,0.000000,0.000000
112021093,-89.3257,-5.2249,0.000000,0.000000,0.000000,0.000000
112021140,-89.3257,-5.2249,0.000000,0.000000,0.000000,0.000000
112021171,-89.3257,-5.2249,0.000000,0.000000,0.000000,0.000000
112021234,-89.3257,-5.2249,0.000000,0.000000,0.000000,0.000000
112021281,-89.3257,-5.2249,0.000000,0.000000,0.000000,0.000000
112021328,-89.3257,-5.2249,0.000000,0.000000,0.000000,0.000000
112021390,-89.3257,-5.2249,0.000000,0.000000,0.000000,0.000000
112021437,-89.3257,-5.2249,0.000000,0.000000,0.000000,0.000000
112021484,-89.3257,-5.2249,0.000000,0.000000,0.000000,0.000000
112021531,-89.3257,-5.2249,0.000000,0.000000,0.000000,0.000000
112021562,-89.3257,-5.2249,0.000000,0.000000,0.000000,0.000000
112021609,-89.3257,-5.2249,0.000000,0.000000,0.000000,0.000000
112021656,-89.3257,-5.2249,0.000000,0.000000,0.000000,0.000000
112021703,-89.3257,-5.2249,0.000000,0.000000,0.000000,0.000000
112021750,-89.3257,-5.2249,0.000000,0.000000,0.000000,0.000000
112021796,-89.3257,-5.2249,0.000000,0.000000,0.000000,0.000000
112021859,-89.3257,-5.2249,0.000000,0.000000,0.000000,0.000000
112022000,-89.3257,-5.2249,0.000000,0.000000,0.000000,0.000000
112022062,-89.3257,-5.2249,0.000000,0.000000,0.000000,0.000000
112022109,-89.3257,-5.2249,0.000000,0.000000,0.000000,0.000000
112022187,-89.3257,-5.2249,0.000000,0.000000,0.000000,0.000000
112022234,-89.3257,-5.2249,0.000000,0.000000,0.000000,0.000000
112022281,-89.3257,-5.2249,0.000000,0.000000,0.000000,0.000000
112022328,-89.3257,-5.2249,0.000000,0.000000,0.000000,0.000000
112022375,-89.3257,-5.2249,0.000000,0.000000,0.000000,0.000000
112022406,-89.3257,-5.2249,0.000000,0.000000,0.000000,0.000000
112022531,-89.3257,-5.2249,0.000000,0.000000,0.000000,0.000000
112022578,-89.3257,-5.2249,0.000000,0.000000,0.000000,0.000000
112022625,-89.3257,-5.2249,0.000000,0.000000,0.000000,0.000000
112022671,-89.3257,-5.2249,0.000000,0.000000,0.000000,0.000000
112022718,-89.3257,-5.2249,0.000000,0.000000,0.000000,0.000000
112022750,-89.3257,-5.2249,0.000000,0.000000,0.000000,0.000000
112022796,-89.3257,-5.2249,0.000000,0.000000,0.000000,0.000000
112022843,-89.3257,-5.2249,0.000000,0.000000,0.000000,0.000000
112022890,-89.3257,-5.2249,0.000000,0.000000,0.000000,0.000000
112022937,-89.3257,-5.2249,0.000000,0.000000,0.000000,0.000000
112022984,-89.3257,-5.2249,0.000000,0.000000,0.000000,0.000000
112023031,-89.3257,-5.2249,0.000000,0.000000,0.000000,0.000000
112023078,-89.3257,-5.2249,0.000000,0.000000,0.000000,0.000000
112023125,-89.3257,-5.2249,0.000000,0.000000,0.000000,0.000000
112023156,-89.3257,-5.2249,0.000000,0.000000,0.000000,0.000000
112023203,-89.3257,-5.2249,0.000000,0.000000,0.000000,0.000000
112023250,-89.3257,-5.2249,0.000000,0.000000,0.000000,0.000000
112023312,-89.3257,-5.2249,0.000000,0.000000,0.000000,0.000000
112023359,-89.3257,-5.2249,0.000000,0.000000,0.000000,0.000000
112023421,-89.3257,-5.2249,0.000000,0.000000,0.000000,0.000000
112023484,-89.3257,-5.2249,0.000000,0.000000,0.000000,0.000000
112023515,-89.3257,-5.2249,0.000000,0.000000,0.000000,0.000000
112023562,-89.3257,-5.2249,0.000000,0.000000,0.000000,0.000000
112023609,-89.3257,-5.2255,0.000000,0.000000,0.000000,0.000000
112023640,-89.3257,-5.2249,0.000000,0.000000,0.000000,0.000000
112023687,-89.3257,-5.2255,0.000000,0.000000,0.000000,0.000000
112023734,-89.3257,-5.2249,0.000000,0.000000,0.000000,0.000000
112023781,-89.3257,-5.2249,0.000000,0.000000,0.000000,0.000000
112023828,-89.3257,-5.2249,0.000000,0.000000,0.000000,0.000000
112023859,-89.3257,-5.2249,0.000000,0.000000,0.000000,0.000000
112023921,-89.3257,-5.2249,0.000000,0.000000,0.000000,0.000000
112023968,-89.3257,-5.2249,0.000000,0.000000,0.000000,0.000000
112024015,-89.3257,-5.2249,0.000000,0.000000,0.000000,0.000000
112024062,-89.3257,-5.2255,0.000000,0.000000,0.000000,0.000000
112024093,-89.3257,-5.2249,0.000000,0.000000,0.000000,0.000000
112024171,-89.3257,-5.2249,0.000000,0.000000,0.000000,0.000000
112024218,-89.3257,-5.2249,0.000000,0.000000,0.000000,0.000000
112024265,-89.3257,-5.2249,0.000000,0.000000,0.000000,0.000000
112024312,-89.3257,-5.2249,0.000000,0.000000,0.000000,0.000000
112024359,-89.3257,-5.2249,0.000000,0.000000,0.000000,0.000000
112024406,-89.3259,-5.2249,0.000000,0.000000,0.000000,0.000000
112024453,-89.3259,-5.2255,0.000000,0.000000,0.000000,0.000000
112024500,-89.3259,-5.2249,0.000000,0.000000,0.000000,0.000000
112024546,-89.3257,-5.2249,0.000000,0.000000,0.000000,0.000000
112024593,-89.3257,-5.2249,0.000000,0.000000,0.000000,0.000000
112024640,-89.3257,-5.2249,0.000000,0.000000,0.000000,0.000000
112024687,-89.3257,-5.2249,0.000000,0.000000,0.000000,0.000000
112024734,-89.3257,-5.2249,0.000000,0.000000,0.000000,0.000000
112024765,-89.3257,-5.2249,0.000000,0.000000,0.000000,0.000000
112024812,-89.3257,-5.2249,0.000000,0.000000,0.000000,0.000000
112024875,-89.3257,-5.2249,0.000000,0.000000,0.000000,0.000000
112024921,-89.3257,-5.2249,0.000000,0.000000,0.000000,0.000000
112024968,-89.3257,-5.2249,0.000000,0.000000,0.000000,0.000000
112025015,-89.3257,-5.2249,0.000000,0.000000,0.000000,0.000000
112025062,-89.3257,-5.2249,0.000000,0.000000,0.000000,0.000000
112025109,-89.3257,-5.2249,0.000000,0.000000,0.000000,0.000000
112025156,-89.3257,-5.2249,0.000000,0.000000,0.000000,0.000000
112025203,-89.3257,-5.2249,0.000000,0.000000,0.000000,0.000000
112025250,-89.3257,-5.2249,0.000000,0.000000,0.000000,0.000000
112025281,-89.3257,-5.2249,0.000000,0.000000,0.000000,0.000000
112025343,-89.3257,-5.2249,0.000000,0.000000,0.000000,0.000000
112025375,-89.3257,-5.2249,0.000000,0.000000,0.000000,0.000000
112025421,-89.3257,-5.2249,0.000000,0.000000,0.000000,0.000000
112025515,-89.3257,-5.2249,0.000000,0.000000,0.000000,0.000000
112025546,-89.3257,-5.2249,0.000000,0.000000,0.000000,0.000000
112025593,-89.3257,-5.2249,0.000000,0.000000,0.000000,0.000000
112025859,-89.3257,-5.2249,0.000000,0.000000,0.000000,0.000000
112025906,-89.3257,-5.2249,0.000000,0.000000,0.000000,0.000000
112025953,-89.3257,-5.2249,0.000000,0.000000,0.000000,0.000000
112025984,-89.3257,-5.2255,0.000000,0.000000,0.000000,0.000000
112026046,-89.3257,-5.2249,0.000000,0.000000,0.000000,0.000000
112026078,-89.3257,-5.2249,0.000000,0.000000,0.000000,0.000000
112026125,-89.3257,-5.2255,0.000000,0.000000,0.000000,0.000000
112026171,-89.3257,-5.2249,0.000000,0.000000,0.000000,0.000000
112026203,-89.3257,-5.2249,0.000000,0.000000,0.000000,0.000000
112026250,-89.3257,-5.2249,0.000000,0.000000,0.000000,0.000000
112026281,-89.3257,-5.2249,0.000000,0.000000,0.000000,0.000000
112026328,-89.3257,-5.2249,0.000000,0.000000,0.000000,0.000000
112026375,-89.3257,-5.2249,0.000000,0.000000,0.000000,0.000000
112026406,-89.3257,-5.2249,0.000000,0.000000,0.000000,0.000000
112026468,-89.3257,-5.2249,0.000000,0.000000,0.000000,0.000000
112026515,-89.3257,-5.2249,0.000000,0.000000,0.000000,0.000000
112026546,-89.3257,-5.2249,0.000000,0.000000,0.000000,0.000000
112026593,-89.3257,-5.2249,0.000000,0.000000,0.000000,0.000000
112026625,-89.3257,-5.2249,0.000000,0.000000,0.000000,0.000000
112026687,-89.3257,-5.2249,0.000000,0.000000,0.000000,0.000000
112026718,-89.3257,-5.2249,0.000000,0.000000,0.000000,0.000000
112026765,-89.3257,-5.2249,0.000000,0.000000,0.000000,0.000000
112026812,-89.3257,-5.2255,0.000000,0.000000,0.000000,0.000000
112026859,-89.3257,-5.2249,0.000000,0.000000,0.000000,0.000000
112026906,-89.3257,-5.2249,0.000000,0.000000,0.000000,0.000000
112026953,-89.3257,-5.2249,0.000000,0.000000,0.000000,0.000000
112027000,-89.3257,-5.2249,0.000000,0.000000,0.000000,0.000000
112027031,-89.3257,-5.2249,0.000000,0.000000,0.000000,0.000000
112027078,-89.3257,-5.2249,0.000000,0.000000,0.000000,0.000000
112027125,-89.3257,-5.2249,0.000000,0.000000,0.000000,0.000000
112027171,-89.3257,-5.2249,0.000000,0.000000,0.000000,0.000000
112027203,-89.3257,-5.2249,0.000000,0.000000,0.000000,0.000000
112027250,-89.3257,-5.2249,0.000000,0.000000,0.000000,0.000000
112027296,-89.3257,-5.2249,0.000000,0.000000,0.000000,0.000000
112027343,-89.3257,-5.2255,0.000000,0.000000,0.000000,0.000000
112027390,-89.3257,-5.2249,0.000000,0.000000,0.000000,0.000000
112027437,-89.3257,-5.2249,0.000000,0.000000,0.000000,0.000000
112027468,-89.3257,-5.2249,0.000000,0.000000,0.000000,0.000000
112027515,-89.3257,-5.2249,0.000000,0.000000,0.000000,0.000000
112027562,-89.3257,-5.2249,0.000000,0.000000,0.000000,0.000000
112027593,-89.3257,-5.2249,0.000000,0.000000,0.000000,0.000000
112027640,-89.3257,-5.2255,0.000000,0.000000,0.000000,0.000000
112027687,-89.3257,-5.2249,0.000000,0.000000,0.000000,0.000000
112027734,-89.3257,-5.2249,0.000000,0.000000,0.000000,0.000000
112027796,-89.3257,-5.2249,0.000000,0.000000,0.000000,0.000000
112027828,-89.3257,-5.2249,0.000000,0.000000,0.000000,0.000000
112027875,-89.3257,-5.2249,0.000000,0.000000,0.000000,0.000000
112027921,-89.3257,-5.2255,0.000000,0.000000,0.000000,0.000000
112027968,-89.3257,-5.2249,0.000000,0.000000,0.000000,0.000000
112028015,-89.3257,-5.2249,0.000000,0.000000,0.000000,0.000000
112028062,-89.3257,-5.2249,0.000000,0.000000,0.000000,0.000000
112028093,-89.3257,-5.2249,0.000000,0.000000,0.000000,0.000000
112028140,-89.3257,-5.2249,0.000000,0.000000,0.000000,0.000000
112028203,-89.3257,-5.2249,0.000000,0.000000,0.000000,0.000000
112028234,-89.3257,-5.2249,0.000000,0.000000,0.000000,0.000000
112028281,-89.3257,-5.2249,0.000000,0.000000,0.000000,0.000000
112028328,-89.3257,-5.2249,0.000000,0.000000,0.000000,0.000000
112028375,-89.3257,-5.2249,0.000000,0.000000,0.000000,0.000000
112028437,-89.3257,-5.2249,0.000000,0.000000,0.000000,0.000000
112028500,-89.3257,-5.2249,0.000000,0.000000,0.000000,0.000000
112028546,-89.3257,-5.2249,0.000000,0.000000,0.000000,0.000000
112028593,-89.3257,-5.2249,0.000000,0.000000,0.000000,0.000000
112028656,-89.3257,-5.2249,0.000000,0.000000,0.000000,0.000000
112028781,-89.3257,-5.2249,0.000000,0.000000,0.000000,0.000000
112028937,-89.3257,-5.2249,0.000000,0.000000,0.000000,0.000000
112029125,-89.3257,-5.2249,0.000000,0.000000,0.000000,0.000000
112029234,-89.3257,-5.2249,0.000000,0.000000,0.000000,0.000000
112029359,-89.3257,-5.2249,0.000000,0.000000,0.000000,0.000000
112029468,-89.3257,-5.2249,0.000000,0.000000,0.000000,0.000000
112029546,-89.3257,-5.2249,0.000000,0.000000,0.000000,0.000000
112029593,-89.3257,-5.2249,0.000000,0.000000,0.000000,0.000000
112029734,-89.3257,-5.2249,0.000000,0.000000,0.000000,0.000000
112029781,-89.3257,-5.2249,0.000000,0.000000,0.000000,0.000000
112029843,-89.3257,-5.2249,0.000000,0.000000,0.000000,0.000000
112029890,-89.3257,-5.2249,0.000000,0.000000,0.000000,0.000000
112029953,-89.3257,-5.2249,0.000000,0.000000,0.000000,0.000000
112030000,-89.3257,-5.2249,0.000000,0.000000,0.000000,0.000000
112030046,-89.3257,-5.2249,0.000000,0.000000,0.000000,0.000000
112030093,-89.3257,-5.2249,0.000000,0.000000,0.000000,0.000000
112030156,-89.3257,-5.2249,0.000000,0.000000,0.000000,0.000000
112030203,-89.3257,-5.2249,0.000000,0.000000,0.000000,0.000000
112030250,-89.3257,-5.2249,0.000000,0.000000,0.000000,0.000000
112030296,-89.3257,-5.2249,0.000000,0.000000,0.000000,0.000000
112030343,-89.3257,-5.2249,0.000000,0.000000,0.000000,0.000000
112030421,-89.3257,-5.2249,0.000000,0.000000,0.000000,0.000000
112030468,-89.3257,-5.2249,0.000000,0.000000,0.000000,0.000000
112030531,-89.3257,-5.2255,0.000000,0.000000,0.000000,0.000000
112030578,-89.3257,-5.2249,0.000000,0.000000,0.000000,0.000000
112030625,-89.3257,-5.2249,0.000000,0.000000,0.000000,0.000000
112030671,-89.3257,-5.2249,0.000000,0.000000,0.000000,0.000000
112030718,-89.3257,-5.2249,0.000000,0.000000,0.000000,0.000000
112030765,-89.3257,-5.2249,0.000000,0.000000,0.000000,0.000000
112030828,-89.3257,-5.2249,0.000000,0.000000,0.000000,0.000000
112030875,-89.3257,-5.2249,0.000000,0.000000,0.000000,0.000000
112030921,-89.3257,-5.2249,0.000000,0.000000,0.000000,0.000000
112030968,-89.3257,-5.2249,0.000000,0.000000,0.000000,0.000000
112031015,-89.3257,-5.2255,0.000000,0.000000,0.000000,0.000000
112031062,-89.3257,-5.2249,0.000000,0.000000,0.000000,0.000000
112031125,-89.3257,-5.2255,0.000000,0.000000,0.000000,0.000000
112031171,-89.3257,-5.2249,0.000000,0.000000,0.000000,0.000000
112031218,-89.3257,-5.2249,0.000000,0.000000,0.000000,0.000000
112031265,-89.3257,-5.2249,0.000000,0.000000,0.000000,0.000000
112031328,-89.3257,-5.2249,0.000000,0.000000,0.000000,0.000000
112031375,-89.3257,-5.2249,0.000000,0.000000,0.000000,0.000000
112031421,-89.3257,-5.2249,0.000000,0.000000,0.000000,0.000000
112031468,-89.3257,-5.2249,0.000000,0.000000,0.000000,0.000000
112031515,-89.3257,-5.2249,0.000000,0.000000,0.000000,0.000000
112031562,-89.3257,-5.2249,0.000000,0.000000,0.000000,0.000000
112031609,-89.3257,-5.2249,0.000000,0.000000,0.000000,0.000000
112031656,-89.3257,-5.2249,0.000000,0.000000,0.000000,0.000000
112031687,-89.3257,-5.2249,0.000000,0.000000,0.000000,0.000000
112031750,-89.3257,-5.2249,0.000000,0.000000,0.000000,0.000000
112031796,-89.3257,-5.2249,0.000000,0.000000,0.000000,0.000000
112031859,-89.3257,-5.2249,0.000000,0.000000,0.000000,0.000000
112031921,-89.3257,-5.2249,0.000000,0.000000,0.000000,0.000000
112031968,-89.3257,-5.2249,0.000000,0.000000,0.000000,0.000000
112032015,-89.3257,-5.2249,0.000000,0.000000,0.000000,0.000000
112032062,-89.3257,-5.2249,0.000000,0.000000,0.000000,0.000000
112032234,-89.3257,-5.2249,0.000000,0.000000,0.000000,0.000000
112032281,-89.3257,-5.2249,0.000000,0.000000,0.000000,0.000000
112032328,-89.3257,-5.2249,0.000000,0.000000,0.000000,0.000000
112032375,-89.3257,-5.2249,0.000000,0.000000,0.000000,0.000000
112032437,-89.3257,-5.2249,0.000000,0.000000,0.000000,0.000000
112032484,-89.3257,-5.2249,0.000000,0.000000,0.000000,0.000000
112032546,-89.3257,-5.2249,0.000000,0.000000,0.000000,0.000000
112032593,-89.3257,-5.2249,0.000000,0.000000,0.000000,0.000000
112032640,-89.3257,-5.2249,0.000000,0.000000,0.000000,0.000000
112032687,-89.3257,-5.2249,0.000000,0.000000,0.000000,0.000000
112032734,-89.3257,-5.2249,0.000000,0.000000,0.000000,0.000000
112032781,-89.3257,-5.2249,0.000000,0.000000,0.000000,0.000000
112032843,-89.3257,-5.2249,0.000000,0.000000,0.000000,0.000000
112032890,-89.3257,-5.2249,0.000000,0.000000,0.000000,0.000000
112032937,-89.3257,-5.2249,0.000000,0.000000,0.000000,0.000000
112032984,-89.3257,-5.2249,0.000000,0.000000,0.000000,0.000000
112033031,-89.3257,-5.2249,0.000000,0.000000,0.000000,0.000000
112033078,-89.3257,-5.2249,0.000000,0.000000,0.000000,0.000000
112033125,-89.3257,-5.2249,0.000000,0.000000,0.000000,0.000000
112033171,-89.3257,-5.2249,0.000000,0.000000,0.000000,0.000000
112033218,-89.3257,-5.2249,0.000000,0.000000,0.000000,0.000000
112033265,-89.3257,-5.2249,0.000000,0.000000,0.000000,0.000000
112033312,-89.3257,-5.2249,0.000000,0.000000,0.000000,0.000000
112033359,-89.3257,-5.2249,0.000000,0.000000,0.000000,0.000000
112033406,-89.3257,-5.2249,0.000000,0.000000,0.000000,0.000000
112033453,-89.3257,-5.2249,0.000000,0.000000,0.000000,0.000000
112033515,-89.3257,-5.2249,0.000000,0.000000,0.000000,0.000000
112033562,-89.3257,-5.2249,0.000000,0.000000,0.000000,0.000000
112033609,-89.3257,-5.2249,0.000000,0.000000,0.000000,0.000000
112033656,-89.3257,-5.2249,0.000000,0.000000,0.000000,0.000000
112033703,-89.3257,-5.2249,0.000000,0.000000,0.000000,0.000000
112033750,-89.3257,-5.2249,0.000000,0.000000,0.000000,0.000000
112033796,-89.3257,-5.2249,0.000000,0.000000,0.000000,0.000000
112033843,-89.3257,-5.2249,0.000000,0.000000,0.000000,0.000000
112033890,-89.3257,-5.2249,0.000000,0.000000,0.000000,0.000000
112033937,-89.3257,-5.2249,0.000000,0.000000,0.000000,0.000000
112034000,-89.3257,-5.2249,0.000000,0.000000,0.000000,0.000000
112034031,-89.3257,-5.2249,0.000000,0.000000,0.000000,0.000000
112034078,-89.3257,-5.2249,0.000000,0.000000,0.000000,0.000000
112034125,-89.3257,-5.2249,0.000000,0.000000,0.000000,0.000000
112034171,-89.3257,-5.2249,0.000000,0.000000,0.000000,0.000000
112034234,-89.3257,-5.2249,0.000000,0.000000,0.000000,0.000000
112034281,-89.3257,-5.2249,0.000000,0.000000,0.000000,0.000000
112034328,-89.3257,-5.2249,0.000000,0.000000,0.000000,0.000000
112034375,-89.3257,-5.2249,0.000000,0.000000,0.000000,0.000000
112034437,-89.3257,-5.2249,0.000000,0.000000,0.000000,0.000000
112034515,-89.3257,-5.2249,0.000000,0.000000,0.000000,0.000000
112034578,-89.3257,-5.2249,0.000000,0.000000,0.000000,0.000000
112034625,-89.3257,-5.2249,0.000000,0.000000,0.000000,0.000000
112034671,-89.3257,-5.2249,0.000000,0.000000,0.000000,0.000000
112034718,-89.3257,-5.2249,0.000000,0.000000,0.000000,0.000000
112034781,-89.3257,-5.2249,0.000000,0.000000,0.000000,0.000000
112034828,-89.3257,-5.2249,0.000000,0.000000,0.000000,0.000000
112034890,-89.3257,-5.2249,0.000000,0.000000,0.000000,0.000000
112035015,-89.3257,-5.2249,0.000000,0.000000,0.000000,0.000000
112035171,-89.3257,-5.2249,0.000000,0.000000,0.000000,0.000000
112035312,-89.3257,-5.2249,0.000000,0.000000,0.000000,0.000000
112035390,-89.3257,-5.2249,0.000000,0.000000,0.000000,0.000000
112035484,-89.3257,-5.2249,0.000000,0.000000,0.000000,0.000000
112035562,-89.3257,-5.2255,0.000000,0.000000,0.000000,0.000000
112035609,-89.3257,-5.2249,0.000000,0.000000,0.000000,0.000000
112035687,-89.3257,-5.2249,0.000000,0.000000,0.000000,0.000000
112035734,-89.3257,-5.2249,0.000000,0.000000,0.000000,0.000000
112035796,-89.3257,-5.2249,0.000000,0.000000,0.000000,0.000000
112035843,-89.3257,-5.2249,0.000000,0.000000,0.000000,0.000000
112035890,-89.3257,-5.2249,0.000000,0.000000,0.000000,0.000000
112035968,-89.3257,-5.2249,0.000000,0.000000,0.000000,0.000000
112036015,-89.3257,-5.2249,0.000000,0.000000,0.000000,0.000000
112036062,-89.3257,-5.2249,0.000000,0.000000,0.000000,0.000000
112036109,-89.3257,-5.2249,0.000000,0.000000,0.000000,0.000000
112036171,-89.3257,-5.2249,0.000000,0.000000,0.000000,0.000000
112036218,-89.3257,-5.2249,0.000000,0.000000,0.000000,0.000000
112036265,-89.3257,-5.2249,0.000000,0.000000,0.000000,0.000000
112036312,-89.3257,-5.2249,0.000000,0.000000,0.000000,0.000000
112036375,-89.3257,-5.2249,0.000000,0.000000,0.000000,0.000000
112036421,-89.3257,-5.2249,0.000000,0.000000,0.000000,0.000000
112036484,-89.3257,-5.2249,0.000000,0.000000,0.000000,0.000000
112036531,-89.3257,-5.2249,0.000000,0.000000,0.000000,0.000000
112036578,-89.3257,-5.2249,0.000000,0.000000,0.000000,0.000000
112036625,-89.3257,-5.2249,0.000000,0.000000,0.000000,0.000000
112036687,-89.3257,-5.2249,0.000000,0.000000,0.000000,0.000000
112036734,-89.3257,-5.2249,0.000000,0.000000,0.000000,0.000000
112036796,-89.3257,-5.2249,0.000000,0.000000,0.000000,0.000000
112036843,-89.3257,-5.2249,0.000000,0.000000,0.000000,0.000000
112036890,-89.3257,-5.2249,0.000000,0.000000,0.000000,0.000000
112036953,-89.3257,-5.2249,0.000000,0.000000,0.000000,0.000000
112037015,-89.3257,-5.2249,0.000000,0.000000,0.000000,0.000000
112037078,-89.3257,-5.2249,0.000000,0.000000,0.000000,0.000000
112037125,-89.3257,-5.2249,0.000000,0.000000,0.000000,0.000000
112037171,-89.3257,-5.2249,0.000000,0.000000,0.000000,0.000000
112037265,-89.3257,-5.2249,0.000000,0.000000,0.000000,0.000000
112037328,-89.3257,-5.2249,0.000000,0.000000,0.000000,0.000000
112037375,-89.3257,-5.2249,0.000000,0.000000,0.000000,0.000000
112037421,-89.3257,-5.2249,0.000000,0.000000,0.000000,0.000000
112037453,-89.3257,-5.2249,0.000000,0.000000,0.000000,0.000000
112037500,-89.3257,-5.2249,0.000000,0.000000,0.000000,0.000000
112037562,-89.3257,-5.2249,0.000000,0.000000,0.000000,0.000000
112037609,-89.3257,-5.2249,0.000000,0.000000,0.000000,0.000000
112037656,-89.3257,-5.2249,0.000000,0.000000,0.000000,0.000000
112037687,-89.3257,-5.2249,0.000000,0.000000,0.000000,0.000000
112037734,-89.3257,-5.2249,0.000000,0.000000,0.000000,0.000000
112037781,-89.3257,-5.2249,0.000000,0.000000,0.000000,0.000000
112037828,-89.3257,-5.2249,0.000000,0.000000,0.000000,0.000000
112037875,-89.3257,-5.2255,0.000000,0.000000,0.000000,0.000000
112037921,-89.3257,-5.2249,0.000000,0.000000,0.000000,0.000000
112037984,-89.3257,-5.2249,0.000000,0.000000,0.000000,0.000000
112038046,-89.3257,-5.2249,0.000000,0.000000,0.000000,0.000000
112038093,-89.3257,-5.2249,0.000000,0.000000,0.000000,0.000000
112038156,-89.3257,-5.2249,0.000000,0.000000,0.000000,0.000000
112038203,-89.3257,-5.2249,0.000000,0.000000,0.000000,0.000000
112038265,-89.3257,-5.2249,0.000000,0.000000,0.000000,0.000000
112038328,-89.3257,-5.2249,0.000000,0.000000,0.000000,0.000000
112038375,-89.3257,-5.2249,0.000000,0.000000,0.000000,0.000000
112038546,-89.3257,-5.2249,0.000000,0.000000,0.000000,0.000000
112038593,-89.3257,-5.2249,0.000000,0.000000,0.000000,0.000000
112038640,-89.3257,-5.2249,0.000000,0.000000,0.000000,0.000000
112038687,-89.3257,-5.2249,0.000000,0.000000,0.000000,0.000000
112038734,-89.3257,-5.2249,0.000000,0.000000,0.000000,0.000000
112038765,-89.3257,-5.2249,0.000000,0.000000,0.000000,0.000000
112038812,-89.3257,-5.2249,0.000000,0.000000,0.000000,0.000000
112038843,-89.3257,-5.2249,0.000000,0.000000,0.000000,0.000000
112038890,-89.3257,-5.2249,0.000000,0.000000,0.000000,0.000000
112038937,-89.3257,-5.2249,0.000000,0.000000,0.000000,0.000000
112038984,-89.3257,-5.2249,0.000000,0.000000,0.000000,0.000000
112039031,-89.3257,-5.2249,0.000000,0.000000,0.000000,0.000000
112039078,-89.3257,-5.2249,0.000000,0.000000,0.000000,0.000000
112039140,-89.3257,-5.2249,0.000000,0.000000,0.000000,0.000000
112039171,-89.3257,-5.2255,0.000000,0.000000,0.000000,0.000000
112039218,-89.3257,-5.2249,0.000000,0.000000,0.000000,0.000000
112039250,-89.3257,-5.2249,0.000000,0.000000,0.000000,0.000000
112039281,-89.3257,-5.2249,0.000000,0.000000,0.000000,0.000000
112039328,-89.3257,-5.2249,0.000000,0.000000,0.000000,0.000000
112039375,-89.3257,-5.2249,0.000000,0.000000,0.000000,0.000000
112039421,-89.3257,-5.2249,0.000000,0.000000,0.000000,0.000000
112039468,-89.3257,-5.2249,0.000000,0.000000,0.000000,0.000000
112039515,-89.3257,-5.2249,0.000000,0.000000,0.000000,0.000000
112039562,-89.3257,-5.2249,0.000000,0.000000,0.000000,0.000000
112039609,-89.3257,-5.2249,0.000000,0.000000,0.000000,0.000000
112039656,-89.3257,-5.2249,0.000000,0.000000,0.000000,0.000000
112039687,-89.3257,-5.2249,0.000000,0.000000,0.000000,0.000000
112039734,-89.3257,-5.2249,0.000000,0.000000,0.000000,0.000000
112039781,-89.3257,-5.2249,0.000000,0.000000,0.000000,0.000000
112039828,-89.3257,-5.2249,0.000000,0.000000,0.000000,0.000000
112039875,-89.3257,-5.2249,0.000000,0.000000,0.000000,0.000000
112039921,-89.3257,-5.2249,0.000000,0.000000,0.000000,0.000000
112039953,-89.3257,-5.2249,0.000000,0.000000,0.000000,0.000000
112040031,-89.3257,-5.2249,0.000000,0.000000,0.000000,0.000000
112040078,-89.3257,-5.2249,0.000000,0.000000,0.000000,0.000000
112040109,-89.3257,-5.2249,0.000000,0.000000,0.000000,0.000000
112040156,-89.3257,-5.2249,0.000000,0.000000,0.000000,0.000000
112040203,-89.3257,-5.2249,0.000000,0.000000,0.000000,0.000000
112040265,-89.3257,-5.2249,0.000000,0.000000,0.000000,0.000000
112040312,-89.3257,-5.2249,0.000000,0.000000,0.000000,0.000000
112040359,-89.3257,-5.2249,0.000000,0.000000,0.000000,0.000000
112040406,-89.3257,-5.2255,0.000000,0.000000,0.000000,0.000000
112040453,-89.3257,-5.2249,0.000000,0.000000,0.000000,0.000000
112040515,-89.3257,-5.2249,0.000000,0.000000,0.000000,0.000000
112040578,-89.3257,-5.2249,0.000000,0.000000,0.000000,0.000000
112040625,-89.3257,-5.2249,0.000000,0.000000,0.000000,0.000000
112040671,-89.3257,-5.2249,0.000000,0.000000,0.000000,0.000000
112040734,-89.3257,-5.2249,0.000000,0.000000,0.000000,0.000000
112040781,-89.3257,-5.2249,0.000000,0.000000,0.000000,0.000000
112040828,-89.3257,-5.2249,0.000000,0.000000,0.000000,0.000000
112040890,-89.3257,-5.2249,0.000000,0.000000,0.000000,0.000000
112040953,-89.3257,-5.2249,0.000000,0.000000,0.000000,0.000000
112041000,-89.3257,-5.2249,0.000000,0.000000,0.000000,0.000000
112041078,-89.3257,-5.2249,0.000000,0.000000,0.000000,0.000000
112041125,-89.3257,-5.2249,0.000000,0.000000,0.000000,0.000000
112041187,-89.3257,-5.2249,0.000000,0.000000,0.000000,0.000000
112041234,-89.3257,-5.2249,0.000000,0.000000,0.000000,0.000000
112041296,-89.3257,-5.2249,0.000000,0.000000,0.000000,0.000000
112041343,-89.3257,-5.2249,0.000000,0.000000,0.000000,0.000000
112041390,-89.3257,-5.2249,0.000000,0.000000,0.000000,0.000000
112041453,-89.3257,-5.2249,0.000000,0.000000,0.000000,0.000000
112041515,-89.3257,-5.2249,0.000000,0.000000,0.000000,0.000000
112041562,-89.3257,-5.2249,0.000000,0.000000,0.000000,0.000000
112041625,-89.3257,-5.2249,0.000000,0.000000,0.000000,0.000000
112041687,-89.3257,-5.2249,0.000000,0.000000,0.000000,0.000000
112041734,-89.3257,-5.2249,0.000000,0.000000,0.000000,0.000000
112041796,-89.3257,-5.2249,0.000000,0.000000,0.000000,0.000000
112041843,-89.3257,-5.2249,0.000000,0.000000,0.000000,0.000000
112041890,-89.3257,-5.2249,0.000000,0.000000,0.000000,0.000000
112041953,-89.3257,-5.2249,0.000000,0.000000,0.000000,0.000000
112042000,-89.3257,-5.2249,0.000000,0.000000,0.000000,0.000000
112042046,-89.3257,-5.2249,0.000000,0.000000,0.000000,0.000000
112042109,-89.3257,-5.2249,0.000000,0.000000,0.000000,0.000000
112042187,-89.3257,-5.2249,0.000000,0.000000,0.000000,0.000000
112042234,-89.3257,-5.2249,0.000000,0.000000,0.000000,0.000000
112042312,-89.3257,-5.2249,0.000000,0.000000,0.000000,0.000000
112042375,-89.3257,-5.2249,0.000000,0.000000,0.000000,0.000000
112042453,-89.3257,-5.2249,0.000000,0.000000,0.000000,0.000000
112042796,-89.3257,-5.2249,0.000000,0.000000,0.000000,0.000000
112042859,-89.3257,-5.2255,0.000000,0.000000,0.000000,0.000000
112042906,-89.3257,-5.2249,0.000000,0.000000,0.000000,0.000000
112042953,-89.3257,-5.2249,0.000000,0.000000,0.000000,0.000000
112043000,-89.3257,-5.2249,0.000000,0.000000,0.000000,0.000000
112043062,-89.3257,-5.2249,0.000000,0.000000,0.000000,0.000000
112043109,-89.3257,-5.2249,0.000000,0.000000,0.000000,0.000000
112043156,-89.3257,-5.2249,0.000000,0.000000,0.000000,0.000000
112043203,-89.3257,-5.2249,0.000000,0.000000,0.000000,0.000000
112043250,-89.3257,-5.2249,0.000000,0.000000,0.000000,0.000000
112043312,-89.3257,-5.2249,0.000000,0.000000,0.000000,0.000000
112043359,-89.3257,-5.2249,0.000000,0.000000,0.000000,0.000000
112043406,-89.3257,-5.2249,0.000000,0.000000,0.000000,0.000000
112043453,-89.3257,-5.2249,0.000000,0.000000,0.000000,0.000000
112043500,-89.3257,-5.2249,0.000000,0.000000,0.000000,0.000000
112043562,-89.3257,-5.2249,0.000000,0.000000,0.000000,0.000000
112043593,-89.3257,-5.2249,0.000000,0.000000,0.000000,0.000000
112043640,-89.3257,-5.2249,0.000000,0.000000,0.000000,0.000000
112043687,-89.3257,-5.2249,0.000000,0.000000,0.000000,0.000000
112043734,-89.3257,-5.2249,0.000000,0.000000,0.000000,0.000000
112043781,-89.3257,-5.2249,0.000000,0.000000,0.000000,0.000000
112043828,-89.3257,-5.2249,0.000000,0.000000,0.000000,0.000000
112043875,-89.3257,-5.2249,0.000000,0.000000,0.000000,0.000000
112043906,-89.3257,-5.2249,0.000000,0.000000,0.000000,0.000000
112043953,-89.3257,-5.2249,0.000000,0.000000,0.000000,0.000000
112044000,-89.3257,-5.2249,0.000000,0.000000,0.000000,0.000000
112044046,-89.3257,-5.2249,0.000000,0.000000,0.000000,0.000000
112044093,-89.3257,-5.2249,0.000000,0.000000,0.000000,0.000000
112044140,-89.3257,-5.2249,0.000000,0.000000,0.000000,0.000000
112044171,-89.3257,-5.2249,0.000000,0.000000,0.000000,0.000000
112044234,-89.3257,-5.2249,0.000000,0.000000,0.000000,0.000000
112044281,-89.3257,-5.2249,0.000000,0.000000,0.000000,0.000000
112044328,-89.3257,-5.2249,0.000000,0.000000,0.000000,0.000000
112044375,-89.3257,-5.2249,0.000000,0.000000,0.000000,0.000000
112044421,-89.3257,-5.2249,0.000000,0.000000,0.000000,0.000000
112044484,-89.3257,-5.2249,0.000000,0.000000,0.000000,0.000000
112044531,-89.3257,-5.2249,0.000000,0.000000,0.000000,0.000000
112044562,-89.3257,-5.2249,0.000000,0.000000,0.000000,0.000000
112044609,-89.3257,-5.2249,0.000000,0.000000,0.000000,0.000000
112044656,-89.3257,-5.2249,0.000000,0.000000,0.000000,0.000000
112044718,-89.3257,-5.2249,0.000000,0.000000,0.000000,0.000000
112044750,-89.3257,-5.2249,0.000000,0.000000,0.000000,0.000000
112044796,-89.3257,-5.2249,0.000000,0.000000,0.000000,0.000000
112044843,-89.3257,-5.2249,0.000000,0.000000,0.000000,0.000000
112044890,-89.3257,-5.2249,0.000000,0.000000,0.000000,0.000000
112044953,-89.3257,-5.2249,0.000000,0.000000,0.000000,0.000000
112045000,-89.3257,-5.2249,0.000000,0.000000,0.000000,0.000000
112045046,-89.3257,-5.2249,0.000000,0.000000,0.000000,0.000000
112045093,-89.3257,-5.2249,0.000000,0.000000,0.000000,0.000000
112045140,-89.3257,-5.2249,0.000000,0.000000,0.000000,0.000000
112045187,-89.3257,-5.2249,0.000000,0.000000,0.000000,0.000000
112045234,-89.3257,-5.2249,0.000000,0.000000,0.000000,0.000000
112045296,-89.3257,-5.2249,0.000000,0.000000,0.000000,0.000000
112045328,-89.3257,-5.2249,0.000000,0.000000,0.000000,0.000000
112045375,-89.3257,-5.2249,0.000000,0.000000,0.000000,0.000000
112045453,-89.3257,-5.2249,0.000000,0.000000,0.000000,0.000000
112045500,-89.3257,-5.2249,0.000000,0.000000,0.000000,0.000000
112045546,-89.3257,-5.2249,0.000000,0.000000,0.000000,0.000000
112045578,-89.3257,-5.2249,0.000000,0.000000,0.000000,0.000000
112045625,-89.3257,-5.2249,0.000000,0.000000,0.000000,0.000000
112045671,-89.3257,-5.2255,0.000000,0.000000,0.000000,0.000000
112045703,-89.3257,-5.2249,0.000000,0.000000,0.000000,0.000000
112045750,-89.3257,-5.2249,0.000000,0.000000,0.000000,0.000000
112045796,-89.3257,-5.2249,0.000000,0.000000,0.000000,0.000000
112045843,-89.3257,-5.2249,0.000000,0.000000,0.000000,0.000000
112045875,-89.3257,-5.2249,0.000000,0.000000,0.000000,0.000000
112045921,-89.3257,-5.2249,0.000000,0.000000,0.000000,0.000000
112045953,-89.3257,-5.2249,0.000000,0.000000,0.000000,0.000000
112046015,-89.3257,-5.2249,0.000000,0.000000,0.000000,0.000000
112046046,-89.3257,-5.2249,0.000000,0.000000,0.000000,0.000000
112046234,-89.3257,-5.2249,0.000000,0.000000,0.000000,0.000000
112046281,-89.3257,-5.2249,0.000000,0.000000,0.000000,0.000000
112046328,-89.3257,-5.2249,0.000000,0.000000,0.000000,0.000000
112046453,-89.3257,-5.2249,0.000000,0.000000,0.000000,0.000000
112046515,-89.3257,-5.2249,0.000000,0.000000,0.000000,0.000000
112046562,-89.3257,-5.2249,0.000000,0.000000,0.000000,0.000000
112046609,-89.3257,-5.2249,0.000000,0.000000,0.000000,0.000000
112046671,-89.3257,-5.2249,0.000000,0.000000,0.000000,0.000000
112046703,-89.3257,-5.2249,0.000000,0.000000,0.000000,0.000000
112046750,-89.3257,-5.2249,0.000000,0.000000,0.000000,0.000000
112046812,-89.3257,-5.2249,0.000000,0.000000,0.000000,0.000000
112046859,-89.3257,-5.2249,0.000000,0.000000,0.000000,0.000000
112046906,-89.3257,-5.2249,0.000000,0.000000,0.000000,0.000000
112046968,-89.3257,-5.2249,0.000000,0.000000,0.000000,0.000000
112047015,-89.3257,-5.2249,0.000000,0.000000,0.000000,0.000000
112047062,-89.3257,-5.2249,0.000000,0.000000,0.000000,0.000000
112047109,-89.3257,-5.2249,0.000000,0.000000,0.000000,0.000000
112047156,-89.3257,-5.2249,0.000000,0.000000,0.000000,0.000000
112047203,-89.3257,-5.2249,0.000000,0.000000,0.000000,0.000000
112047265,-89.3257,-5.2249,0.000000,0.000000,0.000000,0.000000
112047312,-89.3257,-5.2249,0.000000,0.000000,0.000000,0.000000
112047375,-89.3257,-5.2249,0.000000,0.000000,0.000000,0.000000
112047406,-89.3257,-5.2249,0.000000,0.000000,0.000000,0.000000
112047453,-89.3257,-5.2249,0.000000,0.000000,0.000000,0.000000
112047500,-89.3257,-5.2249,0.000000,0.000000,0.000000,0.000000
112047562,-89.3257,-5.2249,0.000000,0.000000,0.000000,0.000000
112047609,-89.3257,-5.2249,0.000000,0.000000,0.000000,0.000000
112047656,-89.3257,-5.2249,0.000000,0.000000,0.000000,0.000000
112047703,-89.3257,-5.2249,0.000000,0.000000,0.000000,0.000000
112047750,-89.3257,-5.2249,0.000000,0.000000,0.000000,0.000000
112047812,-89.3257,-5.2249,0.000000,0.000000,0.000000,0.000000
112047859,-89.3257,-5.2249,0.000000,0.000000,0.000000,0.000000
112047906,-89.3257,-5.2249,0.000000,0.000000,0.000000,0.000000
112047953,-89.3257,-5.2249,0.000000,0.000000,0.000000,0.000000
112048000,-89.3257,-5.2249,0.000000,0.000000,0.000000,0.000000
112048062,-89.3257,-5.2249,0.000000,0.000000,0.000000,0.000000
112048109,-89.3257,-5.2249,0.000000,0.000000,0.000000,0.000000
112048140,-89.3257,-5.2255,0.000000,0.000000,0.000000,0.000000
112048203,-89.3257,-5.2249,0.000000,0.000000,0.000000,0.000000
112048250,-89.3257,-5.2249,0.000000,0.000000,0.000000,0.000000
112048312,-89.3257,-5.2249,0.000000,0.000000,0.000000,0.000000
112048375,-89.3257,-5.2249,0.000000,0.000000,0.000000,0.000000
112048421,-89.3257,-5.2249,0.000000,0.000000,0.000000,0.000000
112048468,-89.3257,-5.2249,0.000000,0.000000,0.000000,0.000000
112048500,-89.3257,-5.2255,0.000000,0.000000,0.000000,0.000000
112048578,-89.3257,-5.2249,0.000000,0.000000,0.000000,0.000000
112048625,-89.3257,-5.2249,0.000000,0.000000,0.000000,0.000000
112048656,-89.3257,-5.2249,0.000000,0.000000,0.000000,0.000000
112048703,-89.3257,-5.2249,0.000000,0.000000,0.000000,0.000000
112048765,-89.3257,-5.2249,0.000000,0.000000,0.000000,0.000000
112048812,-89.3257,-5.2249,0.000000,0.000000,0.000000,0.000000
112048859,-89.3257,-5.2249,0.000000,0.000000,0.000000,0.000000
112048906,-89.3257,-5.2249,0.000000,0.000000,0.000000,0.000000
112048953,-89.3257,-5.2249,0.000000,0.000000,0.000000,0.000000
112049000,-89.3257,-5.2249,0.000000,0.000000,0.000000,0.000000
112049062,-89.3257,-5.2249,0.000000,0.000000,0.000000,0.000000
112049109,-89.3257,-5.2249,0.000000,0.000000,0.000000,0.000000
112049156,-89.3257,-5.2249,0.000000,0.000000,0.000000,0.000000
112049265,-89.3257,-5.2249,0.000000,0.000000,0.000000,0.000000
112049312,-89.3257,-5.2249,0.000000,0.000000,0.000000,0.000000
112049359,-89.3257,-5.2249,0.000000,0.000000,0.000000,0.000000
112049390,-89.3257,-5.2249,0.000000,0.000000,0.000000,0.000000
112049421,-89.3257,-5.2249,0.000000,0.000000,0.000000,0.000000
112049468,-89.3257,-5.2249,0.000000,0.000000,0.000000,0.000000
112049515,-89.3257,-5.2249,0.000000,0.000000,0.000000,0.000000
112049562,-89.3257,-5.2249,0.000000,0.000000,0.000000,0.000000
112049609,-89.3257,-5.2249,0.000000,0.000000,0.000000,0.000000
112049656,-89.3257,-5.2249,0.000000,0.000000,0.000000,0.000000
112049687,-89.3257,-5.2249,0.000000,0.000000,0.000000,0.000000
112049734,-89.3257,-5.2249,0.000000,0.000000,0.000000,0.000000
112049796,-89.3257,-5.2249,0.000000,0.000000,0.000000,0.000000
112049843,-89.3257,-5.2249,0.000000,0.000000,0.000000,0.000000
112049875,-89.3257,-5.2249,0.000000,0.000000,0.000000,0.000000
112049921,-89.3257,-5.2249,0.000000,0.000000,0.000000,0.000000
112049968,-89.3257,-5.2249,0.000000,0.000000,0.000000,0.000000
112050015,-89.3257,-5.2249,0.000000,0.000000,0.000000,0.000000
112050062,-89.3257,-5.2249,0.000000,0.000000,0.000000,0.000000
112050093,-89.3257,-5.2249,0.000000,0.000000,0.000000,0.000000
112050140,-89.3257,-5.2249,0.000000,0.000000,0.000000,0.000000
112050187,-89.3257,-5.2249,0.000000,0.000000,0.000000,0.000000
112050218,-89.3257,-5.2249,0.000000,0.000000,0.000000,0.000000
112050265,-89.3257,-5.2249,0.000000,0.000000,0.000000,0.000000
112050296,-89.3257,-5.2249,0.000000,0.000000,0.000000,0.000000
112050359,-89.3257,-5.2249,0.000000,0.000000,0.000000,0.000000
112050421,-89.3257,-5.2249,0.000000,0.000000,0.000000,0.000000
112050531,-89.3257,-5.2249,0.000000,0.000000,0.000000,0.000000
112050578,-89.3257,-5.2249,0.000000,0.000000,0.000000,0.000000
112050640,-89.3257,-5.2249,0.000000,0.000000,0.000000,0.000000
112050703,-89.3257,-5.2249,0.000000,0.000000,0.000000,0.000000
112050734,-89.3257,-5.2249,0.000000,0.000000,0.000000,0.000000
112050781,-89.3257,-5.2249,0.000000,0.000000,0.000000,0.000000
112050812,-89.3257,-5.2249,0.000000,0.000000,0.000000,0.000000
112050859,-89.3257,-5.2249,0.000000,0.000000,0.000000,0.000000
112050906,-89.3257,-5.2249,0.000000,0.000000,0.000000,0.000000
112050937,-89.3257,-5.2249,0.000000,0.000000,0.000000,0.000000
112050984,-89.3257,-5.2255,0.000000,0.000000,0.000000,0.000000
112051031,-89.3257,-5.2249,0.000000,0.000000,0.000000,0.000000
112051062,-89.3257,-5.2249,0.000000,0.000000,0.000000,0.000000
112051109,-89.3257,-5.2249,0.000000,0.000000,0.000000,0.000000
112051140,-89.3257,-5.2249,0.000000,0.000000,0.000000,0.000000
112051187,-89.3257,-5.2249,0.000000,0.000000,0.000000,0.000000
112051234,-89.3257,-5.2249,0.000000,0.000000,0.000000,0.000000
112051281,-89.3257,-5.2249,0.000000,0.000000,0.000000,0.000000
112051312,-89.3257,-5.2249,0.000000,0.000000,0.000000,0.000000
112051359,-89.3257,-5.2249,0.000000,0.000000,0.000000,0.000000
112051421,-89.3257,-5.2249,0.000000,0.000000,0.000000,0.000000
112051468,-89.3257,-5.2249,0.000000,0.000000,0.000000,0.000000
112051500,-89.3257,-5.2249,0.000000,0.000000,0.000000,0.000000
112051546,-89.3257,-5.2249,0.000000,0.000000,0.000000,0.000000
112051578,-89.3257,-5.2249,0.000000,0.000000,0.000000,0.000000
112051625,-89.3257,-5.2249,0.000000,0.000000,0.000000,0.000000
112051656,-89.3257,-5.2249,0.000000,0.000000,0.000000,0.000000
112051703,-89.3257,-5.2255,0.000000,0.000000,0.000000,0.000000
112051750,-89.3257,-5.2249,0.000000,0.000000,0.000000,0.000000
112051781,-89.3257,-5.2249,0.000000,0.000000,0.000000,0.000000
112051843,-89.3257,-5.2249,0.000000,0.000000,0.000000,0.000000
112051875,-89.3257,-5.2249,0.000000,0.000000,0.000000,0.000000
112051921,-89.3257,-5.2249,0.000000,0.000000,0.000000,0.000000
112051953,-89.3257,-5.2249,0.000000,0.000000,0.000000,0.000000
112052000,-89.3257,-5.2249,0.000000,0.000000,0.000000,0.000000
112052046,-89.3257,-5.2249,0.000000,0.000000,0.000000,0.000000
112052281,-89.3257,-5.2249,0.000000,0.000000,0.000000,0.000000
112052328,-89.3257,-5.2249,0.000000,0.000000,0.000000,0.000000
112052375,-89.3257,-5.2249,0.000000,0.000000,0.000000,0.000000
112052421,-89.3257,-5.2249,0.000000,0.000000,0.000000,0.000000
112052484,-89.3257,-5.2249,0.000000,0.000000,0.000000,0.000000
112052546,-89.3257,-5.2249,0.000000,0.000000,0.000000,0.000000
112052593,-89.3257,-5.2249,0.000000,0.000000,0.000000,0.000000
112052640,-89.3257,-5.2249,0.000000,0.000000,0.000000,0.000000
112052687,-89.3257,-5.2249,0.000000,0.000000,0.000000,0.000000
112052750,-89.3257,-5.2249,0.000000,0.000000,0.000000,0.000000
112052796,-89.3257,-5.2249,0.000000,0.000000,0.000000,0.000000
112052843,-89.3257,-5.2249,0.000000,0.000000,0.000000,0.000000
112052890,-89.3257,-5.2249,0.000000,0.000000,0.000000,0.000000
112052937,-89.3257,-5.2249,0.000000,0.000000,0.000000,0.000000
112052984,-89.3257,-5.2249,0.000000,0.000000,0.000000,0.000000
112053031,-89.3257,-5.2249,0.000000,0.000000,0.000000,0.000000
112053093,-89.3257,-5.2249,0.000000,0.000000,0.000000,0.000000
112053140,-89.3257,-5.2249,0.000000,0.000000,0.000000,0.000000
112053187,-89.3257,-5.2249,0.000000,0.000000,0.000000,0.000000
112053234,-89.3257,-5.2249,0.000000,0.000000,0.000000,0.000000
112053281,-89.3257,-5.2249,0.000000,0.000000,0.000000,0.000000
112053328,-89.3257,-5.2249,0.000000,0.000000,0.000000,0.000000
112053375,-89.3257,-5.2249,0.000000,0.000000,0.000000,0.000000
112053421,-89.3257,-5.2249,0.000000,0.000000,0.000000,0.000000
112053484,-89.3257,-5.2249,0.000000,0.000000,0.000000,0.000000
112053531,-89.3257,-5.2249,0.000000,0.000000,0.000000,0.000000
112053578,-89.3257,-5.2249,0.000000,0.000000,0.000000,0.000000
112053625,-89.3257,-5.2255,0.000000,0.000000,0.000000,0.000000
112053671,-89.3257,-5.2249,0.000000,0.000000,0.000000,0.000000
112053734,-89.3257,-5.2249,0.000000,0.000000,0.000000,0.000000
112053781,-89.3257,-5.2249,0.000000,0.000000,0.000000,0.000000
112053812,-89.3257,-5.2249,0.000000,0.000000,0.000000,0.000000
112053875,-89.3257,-5.2249,0.000000,0.000000,0.000000,0.000000
112053921,-89.3257,-5.2249,0.000000,0.000000,0.000000,0.000000
112053968,-89.3257,-5.2249,0.000000,0.000000,0.000000,0.000000
112054015,-89.3257,-5.2249,0.000000,0.000000,0.000000,0.000000
112054062,-89.3257,-5.2249,0.000000,0.000000,0.000000,0.000000
112054125,-89.3257,-5.2249,0.000000,0.000000,0.000000,0.000000
112054171,-89.3257,-5.2249,0.000000,0.000000,0.000000,0.000000
112054218,-89.3257,-5.2249,0.000000,0.000000,0.000000,0.000000
112054265,-89.3257,-5.2249,0.000000,0.000000,0.000000,0.000000
112054328,-89.3257,-5.2249,0.000000,0.000000,0.000000,0.000000
112054375,-89.3257,-5.2249,0.000000,0.000000,0.000000,0.000000
112054421,-89.3257,-5.2249,0.000000,0.000000,0.000000,0.000000
112054484,-89.3257,-5.2249,0.000000,0.000000,0.000000,0.000000
112054546,-89.3257,-5.2249,0.000000,0.000000,0.000000,0.000000
112054593,-89.3257,-5.2249,0.000000,0.000000,0.000000,0.000000
112054640,-89.3257,-5.2249,0.000000,0.000000,0.000000,0.000000
112054703,-89.3257,-5.2249,0.000000,0.000000,0.000000,0.000000
112054765,-89.3257,-5.2249,0.000000,0.000000,0.000000,0.000000
112054812,-89.3257,-5.2249,0.000000,0.000000,0.000000,0.000000
112054859,-89.3257,-5.2249,0.000000,0.000000,0.000000,0.000000
112054921,-89.3257,-5.2249,0.000000,0.000000,0.000000,0.000000
112054968,-89.3257,-5.2249,0.000000,0.000000,0.000000,0.000000
112055031,-89.3257,-5.2249,0.000000,0.000000,0.000000,0.000000
112055078,-89.3257,-5.2249,0.000000,0.000000,0.000000,0.000000
112055125,-89.3257,-5.2249,0.000000,0.000000,0.000000,0.000000
112055187,-89.3257,-5.2249,0.000000,0.000000,0.000000,0.000000
112055234,-89.3257,-5.2249,0.000000,0.000000,0.000000,0.000000
112055281,-89.3257,-5.2249,0.000000,0.000000,0.000000,0.000000
112055328,-89.3257,-5.2249,0.000000,0.000000,0.000000,0.000000
112055375,-89.3257,-5.2249,0.000000,0.000000,0.000000,0.000000
112055406,-89.3257,-5.2249,0.000000,0.000000,0.000000,0.000000
112055453,-89.3257,-5.2249,0.000000,0.000000,0.000000,0.000000
112055515,-89.3257,-5.2249,0.000000,0.000000,0.000000,0.000000
112055546,-89.3257,-5.2249,0.000000,0.000000,0.000000,0.000000
112055593,-89.3257,-5.2249,0.000000,0.000000,0.000000,0.000000
112055640,-89.3257,-5.2249,0.000000,0.000000,0.000000,0.000000
112055687,-89.3257,-5.2249,0.000000,0.000000,0.000000,0.000000
112055734,-89.3257,-5.2249,0.000000,0.000000,0.000000,0.000000
112055765,-89.3257,-5.2249,0.000000,0.000000,0.000000,0.000000
112055796,-89.3257,-5.2249,0.000000,0.000000,0.000000,0.000000
112055843,-89.3257,-5.2249,0.000000,0.000000,0.000000,0.000000
112055875,-89.3257,-5.2249,0.000000,0.000000,0.000000,0.000000
112055937,-89.3257,-5.2249,0.000000,0.000000,0.000000,0.000000
112055968,-89.3257,-5.2249,0.000000,0.000000,0.000000,0.000000
112056015,-89.3257,-5.2249,0.000000,0.000000,0.000000,0.000000
112056046,-89.3257,-5.2249,0.000000,0.000000,0.000000,0.000000
112056093,-89.3257,-5.2249,0.000000,0.000000,0.000000,0.000000
112056140,-89.3257,-5.2249,0.000000,0.000000,0.000000,0.000000
112056187,-89.3257,-5.2249,0.000000,0.000000,0.000000,0.000000
112056234,-89.3257,-5.2249,0.000000,0.000000,0.000000,0.000000
112056265,-89.3257,-5.2249,0.000000,0.000000,0.000000,0.000000
112056375,-89.3257,-5.2249,0.000000,0.000000,0.000000,0.000000
112056453,-89.3257,-5.2249,0.000000,0.000000,0.000000,0.000000
112056531,-89.3257,-5.2249,0.000000,0.000000,0.000000,0.000000
112056578,-89.3257,-5.2249,0.000000,0.000000,0.000000,0.000000
112056656,-89.3257,-5.2249,0.000000,0.000000,0.000000,0.000000
112056718,-89.3257,-5.2249,0.000000,0.000000,0.000000,0.000000
112056765,-89.3257,-5.2249,0.000000,0.000000,0.000000,0.000000
112056812,-89.3257,-5.2249,0.000000,0.000000,0.000000,0.000000
112056843,-89.3257,-5.2249,0.000000,0.000000,0.000000,0.000000
112056890,-89.3257,-5.2249,0.000000,0.000000,0.000000,0.000000
112056937,-89.3257,-5.2255,0.000000,0.000000,0.000000,0.000000
112056984,-89.3257,-5.2249,0.000000,0.000000,0.000000,0.000000
112057015,-89.3257,-5.2249,0.000000,0.000000,0.000000,0.000000
112057062,-89.3257,-5.2249,0.000000,0.000000,0.000000,0.000000
112057109,-89.3257,-5.2249,0.000000,0.000000,0.000000,0.000000
112057140,-89.3257,-5.2249,0.000000,0.000000,0.000000,0.000000
112057187,-89.3257,-5.2249,0.000000,0.000000,0.000000,0.000000
112057234,-89.3257,-5.2249,0.000000,0.000000,0.000000,0.000000
112057281,-89.3257,-5.2249,0.000000,0.000000,0.000000,0.000000
112057328,-89.3257,-5.2249,0.000000,0.000000,0.000000,0.000000
112057359,-89.3257,-5.2249,0.000000,0.000000,0.000000,0.000000
112057437,-89.3257,-5.2249,0.000000,0.000000,0.000000,0.000000
112057484,-89.3257,-5.2249,0.000000,0.000000,0.000000,0.000000
112057515,-89.3257,-5.2249,0.000000,0.000000,0.000000,0.000000
112057562,-89.3257,-5.2249,0.000000,0.000000,0.000000,0.000000
112057609,-89.3257,-5.2249,0.000000,0.000000,0.000000,0.000000
112057656,-89.3257,-5.2249,0.000000,0.000000,0.000000,0.000000
112057703,-89.3257,-5.2249,0.000000,0.000000,0.000000,0.000000
112057734,-89.3257,-5.2249,0.000000,0.000000,0.000000,0.000000
112057781,-89.3257,-5.2249,0.000000,0.000000,0.000000,0.000000
112057812,-89.3257,-5.2249,0.000000,0.000000,0.000000,0.000000
112057890,-89.3257,-5.2249,0.000000,0.000000,0.000000,0.000000
112057937,-89.3257,-5.2249,0.000000,0.000000,0.000000,0.000000
112057968,-89.3257,-5.2249,0.000000,0.000000,0.000000,0.000000
112058000,-89.3257,-5.2249,0.000000,0.000000,0.000000,0.000000
112058046,-89.3257,-5.2249,0.000000,0.000000,0.000000,0.000000
112058093,-89.3257,-5.2255,0.000000,0.000000,0.000000,0.000000
112058140,-89.3257,-5.2249,0.000000,0.000000,0.000000,0.000000
112058187,-89.3257,-5.2249,0.000000,0.000000,0.000000,0.000000
112058234,-89.3257,-5.2249,0.000000,0.000000,0.000000,0.000000
112058390,-89.3257,-5.2249,0.000000,0.000000,0.000000,0.000000
112058453,-89.3257,-5.2249,0.000000,0.000000,0.000000,0.000000
112058484,-89.3257,-5.2249,0.000000,0.000000,0.000000,0.000000
112058578,-89.3257,-5.2249,0.000000,0.000000,0.000000,0.000000
112058625,-89.3257,-5.2249,0.000000,0.000000,0.000000,0.000000
112058671,-89.3257,-5.2249,0.000000,0.000000,0.000000,0.000000
112058734,-89.3257,-5.2249,0.000000,0.000000,0.000000,0.000000
112058765,-89.3257,-5.2249,0.000000,0.000000,0.000000,0.000000
112058812,-89.3257,-5.2249,0.000000,0.000000,0.000000,0.000000
112058859,-89.3257,-5.2249,0.000000,0.000000,0.000000,0.000000
112058906,-89.3257,-5.2249,0.000000,0.000000,0.000000,0.000000
112058953,-89.3257,-5.2249,0.000000,0.000000,0.000000,0.000000
112058984,-89.3257,-5.2249,0.000000,0.000000,0.000000,0.000000
112059031,-89.3257,-5.2249,0.000000,0.000000,0.000000,0.000000
112059078,-89.3257,-5.2249,0.000000,0.000000,0.000000,0.000000
112059109,-89.3257,-5.2249,0.000000,0.000000,0.000000,0.000000
112059156,-89.3257,-5.2249,0.000000,0.000000,0.000000,0.000000
112059203,-89.3257,-5.2249,0.000000,0.000000,0.000000,0.000000
112059234,-89.3257,-5.2249,0.000000,0.000000,0.000000,0.000000
112059281,-89.3257,-5.2249,0.000000,0.000000,0.000000,0.000000
112059328,-89.3257,-5.2249,0.000000,0.000000,0.000000,0.000000
112059390,-89.3257,-5.2249,0.000000,0.000000,0.000000,0.000000
112059437,-89.3257,-5.2249,0.000000,0.000000,0.000000,0.000000
112059468,-89.3257,-5.2249,0.000000,0.000000,0.000000,0.000000
112059515,-89.3257,-5.2249,0.000000,0.000000,0.000000,0.000000
112059562,-89.3257,-5.2249,0.000000,0.000000,0.000000,0.000000
112059609,-89.3257,-5.2249,0.000000,0.000000,0.000000,0.000000
112059656,-89.3257,-5.2249,0.000000,0.000000,0.000000,0.000000
112059703,-89.3257,-5.2249,0.000000,0.000000,0.000000,0.000000
112059750,-89.3257,-5.2249,0.000000,0.000000,0.000000,0.000000
112059796,-89.3257,-5.2249,0.000000,0.000000,0.000000,0.000000
112059843,-89.3257,-5.2249,0.000000,0.000000,0.000000,0.000000
112059890,-89.3257,-5.2249,0.000000,0.000000,0.000000,0.000000
112059921,-89.3257,-5.2249,0.000000,0.000000,0.000000,0.000000
112059968,-89.3257,-5.2249,0.000000,0.000000,0.000000,0.000000
112060015,-89.3257,-5.2249,0.000000,0.000000,0.000000,0.000000
112060062,-89.3257,-5.2249,0.000000,0.000000,0.000000,0.000000
112060109,-89.3257,-5.2249,0.000000,0.000000,0.000000,0.000000
112060140,-89.3257,-5.2249,0.000000,0.000000,0.000000,0.000000
112060187,-89.3257,-5.2249,0.000000,0.000000,0.000000,0.000000
112060234,-89.3257,-5.2249,0.000000,0.000000,0.000000,0.000000
112060296,-89.3257,-5.2249,0.000000,0.000000,0.000000,0.000000
112060343,-89.3257,-5.2249,0.000000,0.000000,0.000000,0.000000
112060375,-89.3257,-5.2249,0.000000,0.000000,0.000000,0.000000
112060421,-89.3257,-5.2249,0.000000,0.000000,0.000000,0.000000
112060468,-89.3257,-5.2249,0.000000,0.000000,0.000000,0.000000
112060515,-89.3257,-5.2249,0.000000,0.000000,0.000000,0.000000
112060562,-89.3257,-5.2249,0.000000,0.000000,0.000000,0.000000
112060609,-89.3257,-5.2249,0.000000,0.000000,0.000000,0.000000
112060656,-89.3257,-5.2249,0.000000,0.000000,0.000000,0.000000
112060687,-89.3257,-5.2249,0.000000,0.000000,0.000000,0.000000
112060734,-89.3257,-5.2249,0.000000,0.000000,0.000000,0.000000
112060796,-89.3257,-5.2249,0.000000,0.000000,0.000000,0.000000
112060843,-89.3257,-5.2249,0.000000,0.000000,0.000000,0.000000
112060890,-89.3257,-5.2249,0.000000,0.000000,0.000000,0.000000
112060937,-89.3257,-5.2249,0.000000,0.000000,0.000000,0.000000
112061359,-89.3257,-5.2255,0.000000,0.000000,0.000000,0.000000
112061406,-89.3257,-5.2249,0.000000,0.000000,0.000000,0.000000
112061453,-89.3257,-5.2249,0.000000,0.000000,0.000000,0.000000
112061515,-89.3257,-5.2249,0.000000,0.000000,0.000000,0.000000
112061546,-89.3257,-5.2249,0.000000,0.000000,0.000000,0.000000
112061625,-89.3257,-5.2249,0.000000,0.000000,0.000000,0.000000
112061671,-89.3257,-5.2249,0.000000,0.000000,0.000000,0.000000
112061718,-89.3257,-5.2249,0.000000,0.000000,0.000000,0.000000
112061765,-89.3257,-5.2249,0.000000,0.000000,0.000000,0.000000
112061796,-89.3257,-5.2249,0.000000,0.000000,0.000000,0.000000
112061843,-89.3257,-5.2249,0.000000,0.000000,0.000000,0.000000
112061890,-89.3257,-5.2249,0.000000,0.000000,0.000000,0.000000
112061968,-89.3257,-5.2249,0.000000,0.000000,0.000000,0.000000
112062046,-89.3257,-5.2249,0.000000,0.000000,0.000000,0.000000
112062109,-89.3257,-5.2249,0.000000,0.000000,0.000000,0.000000
112062187,-89.3257,-5.2249,0.000000,0.000000,0.000000,0.000000
112062234,-89.3257,-5.2249,0.000000,0.000000,0.000000,0.000000
112062281,-89.3257,-5.2249,0.000000,0.000000,0.000000,0.000000
112062328,-89.3257,-5.2249,0.000000,0.000000,0.000000,0.000000
112062375,-89.3257,-5.2249,0.000000,0.000000,0.000000,0.000000
112062421,-89.3257,-5.2249,0.000000,0.000000,0.000000,0.000000
112062468,-89.3257,-5.2249,0.000000,0.000000,0.000000,0.000000
112062515,-89.3257,-5.2249,0.000000,0.000000,0.000000,0.000000
112062562,-89.3257,-5.2249,0.000000,0.000000,0.000000,0.000000
112062593,-89.3257,-5.2249,0.000000,0.000000,0.000000,0.000000
112062656,-89.3257,-5.2249,0.000000,0.000000,0.000000,0.000000
112062703,-89.3257,-5.2249,0.000000,0.000000,0.000000,0.000000
112062750,-89.3257,-5.2249,0.000000,0.000000,0.000000,0.000000
112062796,-89.3257,-5.2249,0.000000,0.000000,0.000000,0.000000
112062843,-89.3257,-5.2249,0.000000,0.000000,0.000000,0.000000
112062875,-89.3257,-5.2249,0.000000,0.000000,0.000000,0.000000
112062937,-89.3257,-5.2249,0.000000,0.000000,0.000000,0.000000
112062968,-89.3257,-5.2249,0.000000,0.000000,0.000000,0.000000
112063015,-89.3257,-5.2249,0.000000,0.000000,0.000000,0.000000
112063062,-89.3257,-5.2249,0.000000,0.000000,0.000000,0.000000
112063109,-89.3257,-5.2249,0.000000,0.000000,0.000000,0.000000
112063156,-89.3257,-5.2249,0.000000,0.000000,0.000000,0.000000
112063187,-89.3257,-5.2249,0.000000,0.000000,0.000000,0.000000
112063234,-89.3257,-5.2249,0.000000,0.000000,0.000000,0.000000
112063281,-89.3257,-5.2249,0.000000,0.000000,0.000000,0.000000
112063328,-89.3257,-5.2249,0.000000,0.000000,0.000000,0.000000
112063375,-89.3257,-5.2249,0.000000,0.000000,0.000000,0.000000
112063406,-89.3257,-5.2249,0.000000,0.000000,0.000000,0.000000
112063453,-89.3257,-5.2249,0.000000,0.000000,0.000000,0.000000
112063500,-89.3257,-5.2249,0.000000,0.000000,0.000000,0.000000
112063562,-89.3257,-5.2249,0.000000,0.000000,0.000000,0.000000
112063593,-89.3257,-5.2249,0.000000,0.000000,0.000000,0.000000
112063640,-89.3257,-5.2249,0.000000,0.000000,0.000000,0.000000
112063687,-89.3257,-5.2249,0.000000,0.000000,0.000000,0.000000
112063718,-89.3257,-5.2249,0.000000,0.000000,0.000000,0.000000
112063765,-89.3257,-5.2249,0.000000,0.000000,0.000000,0.000000
112063812,-89.3257,-5.2249,0.000000,0.000000,0.000000,0.000000
112063859,-89.3257,-5.2249,0.000000,0.000000,0.000000,0.000000
112063906,-89.3257,-5.2249,0.000000,0.000000,0.000000,0.000000
112063953,-89.3257,-5.2249,0.000000,0.000000,0.000000,0.000000
112064000,-89.3257,-5.2249,0.000000,0.000000,0.000000,0.000000
112064046,-89.3257,-5.2249,0.000000,0.000000,0.000000,0.000000
112064093,-89.3257,-5.2249,0.000000,0.000000,0.000000,0.000000
112064140,-89.3257,-5.2249,0.000000,0.000000,0.000000,0.000000
112064187,-89.3257,-5.2249,0.000000,0.000000,0.000000,0.000000
112064234,-89.3257,-5.2249,0.000000,0.000000,0.000000,0.000000
112064265,-89.3257,-5.2249,0.000000,0.000000,0.000000,0.000000
112064312,-89.3257,-5.2249,0.000000,0.000000,0.000000,0.000000
112064359,-89.3257,-5.2249,0.000000,0.000000,0.000000,0.000000
112064406,-89.3257,-5.2249,0.000000,0.000000,0.000000,0.000000
112064468,-89.3257,-5.2249,0.000000,0.000000,0.000000,0.000000
112064515,-89.3257,-5.2249,0.000000,0.000000,0.000000,0.000000
112064562,-89.3257,-5.2249,0.000000,0.000000,0.000000,0.000000
112064609,-89.3257,-5.2249,0.000000,0.000000,0.000000,0.000000
112064656,-89.3257,-5.2249,0.000000,0.000000,0.000000,0.000000
112064703,-89.3257,-5.2249,0.000000,0.000000,0.000000,0.000000
112064750,-89.3257,-5.2249,0.000000,0.000000,0.000000,0.000000
112064781,-89.3257,-5.2249,0.000000,0.000000,0.000000,0.000000
112064828,-89.3257,-5.2249,0.000000,0.000000,0.000000,0.000000
112064875,-89.3257,-5.2249,0.000000,0.000000,0.000000,0.000000
112064937,-89.3257,-5.2249,0.000000,0.000000,0.000000,0.000000
112064968,-89.3257,-5.2249,0.000000,0.000000,0.000000,0.000000
112065015,-89.3257,-5.2249,0.000000,0.000000,0.000000,0.000000
112065062,-89.3257,-5.2249,0.000000,0.000000,0.000000,0.000000
112065109,-89.3257,-5.2249,0.000000,0.000000,0.000000,0.000000
112065156,-89.3257,-5.2249,0.000000,0.000000,0.000000,0.000000
112065203,-89.3257,-5.2249,0.000000,0.000000,0.000000,0.000000
112065250,-89.3257,-5.2249,0.000000,0.000000,0.000000,0.000000
112065296,-89.3257,-5.2249,0.000000,0.000000,0.000000,0.000000
112065343,-89.3257,-5.2249,0.000000,0.000000,0.000000,0.000000
112065437,-89.3257,-5.2249,0.000000,0.000000,0.000000,0.000000
112065484,-89.3257,-5.2255,0.000000,0.000000,0.000000,0.000000
112065531,-89.3257,-5.2249,0.000000,0.000000,0.000000,0.000000
112065593,-89.3257,-5.2249,0.000000,0.000000,0.000000,0.000000
112065640,-89.3257,-5.2249,0.000000,0.000000,0.000000,0.000000
112065687,-89.3257,-5.2249,0.000000,0.000000,0.000000,0.000000
112065750,-89.3257,-5.2249,0.000000,0.000000,0.000000,0.000000
112065796,-89.3257,-5.2249,0.000000,0.000000,0.000000,0.000000
112065843,-89.3257,-5.2249,0.000000,0.000000,0.000000,0.000000
112065890,-89.3257,-5.2249,0.000000,0.000000,0.000000,0.000000
112065953,-89.3257,-5.2249,0.000000,0.000000,0.000000,0.000000
112066015,-89.3257,-5.2249,0.000000,0.000000,0.000000,0.000000
112066062,-89.3257,-5.2249,0.000000,0.000000,0.000000,0.000000
112066109,-89.3257,-5.2249,0.000000,0.000000,0.000000,0.000000
112066171,-89.3257,-5.2249,0.000000,0.000000,0.000000,0.000000
112066218,-89.3257,-5.2249,0.000000,0.000000,0.000000,0.000000
112066281,-89.3257,-5.2249,0.000000,0.000000,0.000000,0.000000
112066328,-89.3257,-5.2249,0.000000,0.000000,0.000000,0.000000
112066375,-89.3257,-5.2249,0.000000,0.000000,0.000000,0.000000
112066421,-89.3257,-5.2249,0.000000,0.000000,0.000000,0.000000
112066500,-89.3257,-5.2249,0.000000,0.000000,0.000000,0.000000
112066562,-89.3257,-5.2249,0.000000,0.000000,0.000000,0.000000
112066609,-89.3257,-5.2249,0.000000,0.000000,0.000000,0.000000
112066656,-89.3257,-5.2249,0.000000,0.000000,0.000000,0.000000
112066703,-89.3257,-5.2249,0.000000,0.000000,0.000000,0.000000
112066765,-89.3257,-5.2249,0.000000,0.000000,0.000000,0.000000
112066812,-89.3257,-5.2249,0.000000,0.000000,0.000000,0.000000
112066875,-89.3257,-5.2249,0.000000,0.000000,0.000000,0.000000
112066921,-89.3257,-5.2249,0.000000,0.000000,0.000000,0.000000
112067390,-89.3257,-5.2249,0.000000,0.000000,0.000000,0.000000
112067453,-89.3257,-5.2249,0.000000,0.000000,0.000000,0.000000
112067515,-89.3257,-5.2249,0.000000,0.000000,0.000000,0.000000
112067593,-89.3257,-5.2249,0.000000,0.000000,0.000000,0.000000
112067656,-89.3257,-5.2249,0.000000,0.000000,0.000000,0.000000
112067703,-89.3257,-5.2249,0.000000,0.000000,0.000000,0.000000
112067765,-89.3257,-5.2249,0.000000,0.000000,0.000000,0.000000
112067812,-89.3257,-5.2249,0.000000,0.000000,0.000000,0.000000
112067859,-89.3257,-5.2249,0.000000,0.000000,0.000000,0.000000
112067906,-89.3257,-5.2249,0.000000,0.000000,0.000000,0.000000
112067953,-89.3257,-5.2249,0.000000,0.000000,0.000000,0.000000
112068015,-89.3257,-5.2249,0.000000,0.000000,0.000000,0.000000
112068062,-89.3257,-5.2249,0.000000,0.000000,0.000000,0.000000
112068109,-89.3257,-5.2249,0.000000,0.000000,0.000000,0.000000
112068156,-89.3257,-5.2249,0.000000,0.000000,0.000000,0.000000
112068203,-89.3257,-5.2249,0.000000,0.000000,0.000000,0.000000
112068250,-89.3257,-5.2249,0.000000,0.000000,0.000000,0.000000
112068296,-89.3257,-5.2249,0.000000,0.000000,0.000000,0.000000
112068343,-89.3257,-5.2249,0.000000,0.000000,0.000000,0.000000
112068390,-89.3257,-5.2249,0.000000,0.000000,0.000000,0.000000
112068468,-89.3257,-5.2249,0.000000,0.000000,0.000000,0.000000
112068578,-89.3257,-5.2249,0.000000,0.000000,0.000000,0.000000
112068656,-89.3257,-5.2249,0.000000,0.000000,0.000000,0.000000
112068750,-89.3257,-5.2249,0.000000,0.000000,0.000000,0.000000
112068796,-89.3257,-5.2249,0.000000,0.000000,0.000000,0.000000
112068843,-89.3257,-5.2249,0.000000,0.000000,0.000000,0.000000
112068890,-89.3257,-5.2249,0.000000,0.000000,0.000000,0.000000
112068937,-89.3257,-5.2249,0.000000,0.000000,0.000000,0.000000
112068984,-89.3257,-5.2249,0.000000,0.000000,0.000000,0.000000
112069031,-89.3257,-5.2249,0.000000,0.000000,0.000000,0.000000
112069078,-89.3257,-5.2249,0.000000,0.000000,0.000000,0.000000
112069140,-89.3257,-5.2249,0.000000,0.000000,0.000000,0.000000
112069187,-89.3257,-5.2249,0.000000,0.000000,0.000000,0.000000
112069234,-89.3257,-5.2249,0.000000,0.000000,0.000000,0.000000
112069281,-89.3257,-5.2249,0.000000,0.000000,0.000000,0.000000
112069328,-89.3257,-5.2249,0.000000,0.000000,0.000000,0.000000
112069375,-89.3257,-5.2249,0.000000,0.000000,0.000000,0.000000
112069421,-89.3257,-5.2249,0.000000,0.000000,0.000000,0.000000
112069468,-89.3257,-5.2249,0.000000,0.000000,0.000000,0.000000
112069515,-89.3257,-5.2249,0.000000,0.000000,0.000000,0.000000
112069562,-89.3257,-5.2249,0.000000,0.000000,0.000000,0.000000
112069609,-89.3257,-5.2249,0.000000,0.000000,0.000000,0.000000
112069671,-89.3257,-5.2249,0.000000,0.000000,0.000000,0.000000
112069718,-89.3257,-5.2249,0.000000,0.000000,0.000000,0.000000
112069765,-89.3257,-5.2249,0.000000,0.000000,0.000000,0.000000
112069812,-89.3257,-5.2249,0.000000,0.000000,0.000000,0.000000
112069859,-89.3257,-5.2249,0.000000,0.000000,0.000000,0.000000
112069906,-89.3257,-5.2249,0.000000,0.000000,0.000000,0.000000
112069953,-89.3257,-5.2249,0.000000,0.000000,0.000000,0.000000
112070000,-89.3257,-5.2249,0.000000,0.000000,0.000000,0.000000
112070046,-89.3257,-5.2249,0.000000,0.000000,0.000000,0.000000
112070109,-89.3257,-5.2249,0.000000,0.000000,0.000000,0.000000
112070171,-89.3257,-5.2249,0.000000,0.000000,0.000000,0.000000
112070218,-89.3257,-5.2249,0.000000,0.000000,0.000000,0.000000
112070265,-89.3257,-5.2249,0.000000,0.000000,0.000000,0.000000
112070296,-89.3257,-5.2249,0.000000,0.000000,0.000000,0.000000
112070359,-89.3257,-5.2249,0.000000,0.000000,0.000000,0.000000
112070390,-89.3257,-5.2249,0.000000,0.000000,0.000000,0.000000
112070437,-89.3257,-5.2249,0.000000,0.000000,0.000000,0.000000
112070484,-89.3257,-5.2249,0.000000,0.000000,0.000000,0.000000
112070515,-89.3257,-5.2249,0.000000,0.000000,0.000000,0.000000
112070609,-89.3257,-5.2249,0.000000,0.000000,0.000000,0.000000
112070640,-89.3257,-5.2249,0.000000,0.000000,0.000000,0.000000
112070671,-89.3257,-5.2249,0.000000,0.000000,0.000000,0.000000
112070718,-89.3257,-5.2249,0.000000,0.000000,0.000000,0.000000
112070750,-89.3257,-5.2249,0.000000,0.000000,0.000000,0.000000
112070796,-89.3257,-5.2249,0.000000,0.000000,0.000000,0.000000
112070859,-89.3257,-5.2249,0.000000,0.000000,0.000000,0.000000
112070890,-89.3257,-5.2249,0.000000,0.000000,0.000000,0.000000
112070937,-89.3257,-5.2249,0.000000,0.000000,0.000000,0.000000
112070984,-89.3257,-5.2249,0.000000,0.000000,0.000000,0.000000
112071046,-89.3257,-5.2249,0.000000,0.000000,0.000000,0.000000
112071078,-89.3257,-5.2249,0.000000,0.000000,0.000000,0.000000
112071109,-89.3257,-5.2249,0.000000,0.000000,0.000000,0.000000
112071156,-89.3257,-5.2249,0.000000,0.000000,0.000000,0.000000
112071203,-89.3257,-5.2249,0.000000,0.000000,0.000000,0.000000
112071234,-89.3257,-5.2249,0.000000,0.000000,0.000000,0.000000
112071281,-89.3257,-5.2249,0.000000,0.000000,0.000000,0.000000
112071312,-89.3257,-5.2249,0.000000,0.000000,0.000000,0.000000
112071359,-89.3257,-5.2249,0.000000,0.000000,0.000000,0.000000
112071390,-89.3257,-5.2249,0.000000,0.000000,0.000000,0.000000
112071437,-89.3257,-5.2249,0.000000,0.000000,0.000000,0.000000
112071484,-89.3257,-5.2249,0.000000,0.000000,0.000000,0.000000
112071531,-89.3257,-5.2249,0.000000,0.000000,0.000000,0.000000
112071562,-89.3257,-5.2249,0.000000,0.000000,0.000000,0.000000
112071609,-89.3257,-5.2249,0.000000,0.000000,0.000000,0.000000
112071656,-89.3257,-5.2249,0.000000,0.000000,0.000000,0.000000
112071671,-89.3257,-5.2249,0.000000,0.000000,0.000000,0.000000
112071718,-89.3257,-5.2249,0.000000,0.000000,0.000000,0.000000
112071765,-89.3257,-5.2249,0.000000,0.000000,0.000000,0.000000
112071796,-89.3257,-5.2249,0.000000,0.000000,0.000000,0.000000
112071859,-89.3257,-5.2249,0.000000,0.000000,0.000000,0.000000
112071890,-89.3257,-5.2249,0.000000,0.000000,0.000000,0.000000
112071921,-89.3257,-5.2249,0.000000,0.000000,0.000000,0.000000
112071968,-89.3257,-5.2249,0.000000,0.000000,0.000000,0.000000
112072000,-89.3257,-5.2255,0.000000,0.000000,0.000000,0.000000
112072046,-89.3257,-5.2249,0.000000,0.000000,0.000000,0.000000
112072093,-89.3257,-5.2249,0.000000,0.000000,0.000000,0.000000
112072125,-89.3257,-5.2249,0.000000,0.000000,0.000000,0.000000
112072187,-89.3257,-5.2249,0.000000,0.000000,0.000000,0.000000
112072218,-89.3257,-5.2249,0.000000,0.000000,0.000000,0.000000
112072265,-89.3257,-5.2249,0.000000,0.000000,0.000000,0.000000
112072312,-89.3257,-5.2249,0.000000,0.000000,0.000000,0.000000
112072343,-89.3257,-5.2249,0.000000,0.000000,0.000000,0.000000
112072390,-89.3257,-5.2249,0.000000,0.000000,0.000000,0.000000
112072421,-89.3257,-5.2249,0.000000,0.000000,0.000000,0.000000
112072468,-89.3257,-5.2249,0.000000,0.000000,0.000000,0.000000
112072500,-89.3257,-5.2249,0.000000,0.000000,0.000000,0.000000
112072546,-89.3257,-5.2249,0.000000,0.000000,0.000000,0.000000
112072578,-89.3257,-5.2249,0.000000,0.000000,0.000000,0.000000
112072625,-89.3257,-5.2249,0.000000,0.000000,0.000000,0.000000
112072687,-89.3257,-5.2249,0.000000,0.000000,0.000000,0.000000
112072734,-89.3257,-5.2249,0.000000,0.000000,0.000000,0.000000
112072765,-89.3257,-5.2249,0.000000,0.000000,0.000000,0.000000
112072796,-89.3257,-5.2249,0.000000,0.000000,0.000000,0.000000
112072843,-89.3257,-5.2249,0.000000,0.000000,0.000000,0.000000
112072875,-89.3257,-5.2249,0.000000,0.000000,0.000000,0.000000
112072921,-89.3257,-5.2249,0.000000,0.000000,0.000000,0.000000
112072968,-89.3257,-5.2249,0.000000,0.000000,0.000000,0.000000
112073000,-89.3257,-5.2249,0.000000,0.000000,0.000000,0.000000
112073031,-89.3257,-5.2249,0.000000,0.000000,0.000000,0.000000
112073093,-89.3257,-5.2249,0.000000,0.000000,0.000000,0.000000
112073125,-89.3257,-5.2249,0.000000,0.000000,0.000000,0.000000
112073156,-89.3257,-5.2249,0.000000,0.000000,0.000000,0.000000
112073203,-89.3257,-5.2249,0.000000,0.000000,0.000000,0.000000
112073250,-89.3257,-5.2249,0.000000,0.000000,0.000000,0.000000
112073296,-89.3257,-5.2255,0.000000,0.000000,0.000000,0.000000
112073343,-89.3257,-5.2249,0.000000,0.000000,0.000000,0.000000
112073390,-89.3257,-5.2249,0.000000,0.000000,0.000000,0.000000
112073453,-89.3257,-5.2249,0.000000,0.000000,0.000000,0.000000
112073500,-89.3257,-5.2249,0.000000,0.000000,0.000000,0.000000
112073562,-89.3257,-5.2249,0.000000,0.000000,0.000000,0.000000
112073609,-89.3257,-5.2249,0.000000,0.000000,0.000000,0.000000
112073656,-89.3257,-5.2249,0.000000,0.000000,0.000000,0.000000
112073703,-89.3257,-5.2249,0.000000,0.000000,0.000000,0.000000
112073750,-89.3257,-5.2249,0.000000,0.000000,0.000000,0.000000
112073812,-89.3257,-5.2249,0.000000,0.000000,0.000000,0.000000
112073859,-89.3257,-5.2249,0.000000,0.000000,0.000000,0.000000
112073906,-89.3257,-5.2249,0.000000,0.000000,0.000000,0.000000
112073953,-89.3257,-5.2249,0.000000,0.000000,0.000000,0.000000
112074000,-89.3257,-5.2249,0.000000,0.000000,0.000000,0.000000
112074062,-89.3257,-5.2249,0.000000,0.000000,0.000000,0.000000
112074109,-89.3257,-5.2249,0.000000,0.000000,0.000000,0.000000
112074171,-89.3257,-5.2249,0.000000,0.000000,0.000000,0.000000
112074218,-89.3257,-5.2249,0.000000,0.000000,0.000000,0.000000
112074265,-89.3257,-5.2249,0.000000,0.000000,0.000000,0.000000
112074312,-89.3257,-5.2249,0.000000,0.000000,0.000000,0.000000
112074359,-89.3257,-5.2249,0.000000,0.000000,0.000000,0.000000
112074421,-89.3257,-5.2249,0.000000,0.000000,0.000000,0.000000
112074468,-89.3257,-5.2249,0.000000,0.000000,0.000000,0.000000
112074515,-89.3257,-5.2249,0.000000,0.000000,0.000000,0.000000
112074578,-89.3257,-5.2249,0.000000,0.000000,0.000000,0.000000
112074640,-89.3257,-5.2249,0.000000,0.000000,0.000000,0.000000
112074718,-89.3257,-5.2249,0.000000,0.000000,0.000000,0.000000
112074796,-89.3257,-5.2249,0.000000,0.000000,0.000000,0.000000
112074875,-89.3257,-5.2249,0.000000,0.000000,0.000000,0.000000
112074953,-89.3257,-5.2249,0.000000,0.000000,0.000000,0.000000
112075015,-89.3257,-5.2249,0.000000,0.000000,0.000000,0.000000
112075062,-89.3257,-5.2249,0.000000,0.000000,0.000000,0.000000
112075109,-89.3257,-5.2249,0.000000,0.000000,0.000000,0.000000
112075156,-89.3257,-5.2249,0.000000,0.000000,0.000000,0.000000
112075203,-89.3257,-5.2249,0.000000,0.000000,0.000000,0.000000
112075265,-89.3257,-5.2249,0.000000,0.000000,0.000000,0.000000
112075296,-89.3257,-5.2249,0.000000,0.000000,0.000000,0.000000
112075343,-89.3257,-5.2249,0.000000,0.000000,0.000000,0.000000
112075390,-89.3257,-5.2249,0.000000,0.000000,0.000000,0.000000
112075453,-89.3257,-5.2249,0.000000,0.000000,0.000000,0.000000
112075500,-89.3257,-5.2249,0.000000,0.000000,0.000000,0.000000
112075546,-89.3257,-5.2249,0.000000,0.000000,0.000000,0.000000
112075609,-89.3257,-5.2249,0.000000,0.000000,0.000000,0.000000
112075656,-89.3257,-5.2249,0.000000,0.000000,0.000000,0.000000
112075718,-89.3257,-5.2249,0.000000,0.000000,0.000000,0.000000
112075765,-89.3257,-5.2249,0.000000,0.000000,0.000000,0.000000
112075812,-89.3257,-5.2249,0.000000,0.000000,0.000000,0.000000
112075859,-89.3257,-5.2249,0.000000,0.000000,0.000000,0.000000
112075906,-89.3257,-5.2249,0.000000,0.000000,0.000000,0.000000
112075968,-89.3257,-5.2249,0.000000,0.000000,0.000000,0.000000
112076015,-89.3257,-5.2249,0.000000,0.000000,0.000000,0.000000
112076062,-89.3257,-5.2249,0.000000,0.000000,0.000000,0.000000
112076109,-89.3257,-5.2249,0.000000,0.000000,0.000000,0.000000
112076156,-89.3257,-5.2249,0.000000,0.000000,0.000000,0.000000
112076218,-89.3257,-5.2249,0.000000,0.000000,0.000000,0.000000
112076265,-89.3257,-5.2249,0.000000,0.000000,0.000000,0.000000
112076515,-89.3257,-5.2249,0.000000,0.000000,0.000000,0.000000
112076562,-89.3257,-5.2249,0.000000,0.000000,0.000000,0.000000
112076593,-89.3257,-5.2249,0.000000,0.000000,0.000000,0.000000
112076625,-89.3257,-5.2249,0.000000,0.000000,0.000000,0.000000
112076671,-89.3257,-5.2249,0.000000,0.000000,0.000000,0.000000
112076703,-89.3257,-5.2249,0.000000,0.000000,0.000000,0.000000
112076750,-89.3257,-5.2249,0.000000,0.000000,0.000000,0.000000
112076781,-89.3257,-5.2249,0.000000,0.000000,0.000000,0.000000
112076843,-89.3257,-5.2249,0.000000,0.000000,0.000000,0.000000
112076890,-89.3257,-5.2249,0.000000,0.000000,0.000000,0.000000
112076921,-89.3257,-5.2249,0.000000,0.000000,0.000000,0.000000
112076968,-89.3257,-5.2249,0.000000,0.000000,0.000000,0.000000
112077000,-89.3257,-5.2249,0.000000,0.000000,0.000000,0.000000
112077046,-89.3257,-5.2249,0.000000,0.000000,0.000000,0.000000
112077078,-89.3257,-5.2249,0.000000,0.000000,0.000000,0.000000
112077125,-89.3257,-5.2249,0.000000,0.000000,0.000000,0.000000
112077171,-89.3257,-5.2255,0.000000,0.000000,0.000000,0.000000
112077203,-89.3257,-5.2249,0.000000,0.000000,0.000000,0.000000
112077250,-89.3257,-5.2249,0.000000,0.000000,0.000000,0.000000
112077296,-89.3257,-5.2249,0.000000,0.000000,0.000000,0.000000
112077328,-89.3257,-5.2249,0.000000,0.000000,0.000000,0.000000
112077375,-89.3257,-5.2249,0.000000,0.000000,0.000000,0.000000
112077421,-89.3257,-5.2249,0.000000,0.000000,0.000000,0.000000
112077453,-89.3257,-5.2249,0.000000,0.000000,0.000000,0.000000
112077500,-89.3257,-5.2249,0.000000,0.000000,0.000000,0.000000
112077531,-89.3257,-5.2249,0.000000,0.000000,0.000000,0.000000
112077578,-89.3257,-5.2249,0.000000,0.000000,0.000000,0.000000
112077625,-89.3257,-5.2249,0.000000,0.000000,0.000000,0.000000
112077687,-89.3257,-5.2249,0.000000,0.000000,0.000000,0.000000
112077718,-89.3257,-5.2249,0.000000,0.000000,0.000000,0.000000
112077765,-89.3257,-5.2249,0.000000,0.000000,0.000000,0.000000
112077796,-89.3257,-5.2249,0.000000,0.000000,0.000000,0.000000
112077843,-89.3257,-5.2249,0.000000,0.000000,0.000000,0.000000
112077890,-89.3257,-5.2249,0.000000,0.000000,0.000000,0.000000
112077937,-89.3257,-5.2249,0.000000,0.000000,0.000000,0.000000
112077968,-89.3257,-5.2249,0.000000,0.000000,0.000000,0.000000
112078015,-89.3257,-5.2249,0.000000,0.000000,0.000000,0.000000
112078062,-89.3257,-5.2249,0.000000,0.000000,0.000000,0.000000
112078109,-89.3257,-5.2249,0.000000,0.000000,0.000000,0.000000
112078156,-89.3257,-5.2249,0.000000,0.000000,0.000000,0.000000
112078187,-89.3257,-5.2249,0.000000,0.000000,0.000000,0.000000
112078234,-89.3257,-5.2249,0.000000,0.000000,0.000000,0.000000
112078265,-89.3257,-5.2249,0.000000,0.000000,0.000000,0.000000
112078312,-89.3257,-5.2249,0.000000,0.000000,0.000000,0.000000
112078359,-89.3257,-5.2249,0.000000,0.000000,0.000000,0.000000
112078390,-89.3257,-5.2249,0.000000,0.000000,0.000000,0.000000
112078437,-89.3257,-5.2249,0.000000,0.000000,0.000000,0.000000
112078468,-89.3257,-5.2249,0.000000,0.000000,0.000000,0.000000
112078515,-89.3257,-5.2249,0.000000,0.000000,0.000000,0.000000
112078562,-89.3257,-5.2249,0.000000,0.000000,0.000000,0.000000
112078609,-89.3257,-5.2249,0.000000,0.000000,0.000000,0.000000
112078640,-89.3257,-5.2249,0.000000,0.000000,0.000000,0.000000
112078687,-89.3257,-5.2249,0.000000,0.000000,0.000000,0.000000
112078718,-89.3257,-5.2249,0.000000,0.000000,0.000000,0.000000
112078765,-89.3257,-5.2249,0.000000,0.000000,0.000000,0.000000
112078796,-89.3257,-5.2249,0.000000,0.000000,0.000000,0.000000
112078843,-89.3257,-5.2249,0.000000,0.000000,0.000000,0.000000
112078890,-89.3257,-5.2249,0.000000,0.000000,0.000000,0.000000
112078953,-89.3257,-5.2249,0.000000,0.000000,0.000000,0.000000
112078984,-89.3257,-5.2249,0.000000,0.000000,0.000000,0.000000
112079046,-89.3257,-5.2249,0.000000,0.000000,0.000000,0.000000
112079093,-89.3257,-5.2249,0.000000,0.000000,0.000000,0.000000
112079140,-89.3257,-5.2249,0.000000,0.000000,0.000000,0.000000
112079171,-89.3257,-5.2249,0.000000,0.000000,0.000000,0.000000
112079218,-89.3257,-5.2249,0.000000,0.000000,0.000000,0.000000
112079406,-89.3257,-5.2249,0.000000,0.000000,0.000000,0.000000
112079468,-89.3257,-5.2249,0.000000,0.000000,0.000000,0.000000
112079515,-89.3257,-5.2249,0.000000,0.000000,0.000000,0.000000
112079578,-89.3257,-5.2249,0.000000,0.000000,0.000000,0.000000
112079625,-89.3257,-5.2249,0.000000,0.000000,0.000000,0.000000
112079671,-89.3257,-5.2249,0.000000,0.000000,0.000000,0.000000
112079718,-89.3257,-5.2249,0.000000,0.000000,0.000000,0.000000
112079765,-89.3257,-5.2249,0.000000,0.000000,0.000000,0.000000
112079812,-89.3257,-5.2249,0.000000,0.000000,0.000000,0.000000
112079859,-89.3257,-5.2249,0.000000,0.000000,0.000000,0.000000
112079906,-89.3257,-5.2249,0.000000,0.000000,0.000000,0.000000
112079953,-89.3257,-5.2249,0.000000,0.000000,0.000000,0.000000
112080000,-89.3257,-5.2249,0.000000,0.000000,0.000000,0.000000
112080062,-89.3257,-5.2249,0.000000,0.000000,0.000000,0.000000
112080109,-89.3257,-5.2249,0.000000,0.000000,0.000000,0.000000
112080156,-89.3257,-5.2249,0.000000,0.000000,0.000000,0.000000
112080203,-89.3257,-5.2249,0.000000,0.000000,0.000000,0.000000
112080250,-89.3257,-5.2249,0.000000,0.000000,0.000000,0.000000
112080312,-89.3257,-5.2249,0.000000,0.000000,0.000000,0.000000
112080359,-89.3257,-5.2249,0.000000,0.000000,0.000000,0.000000
112080406,-89.3257,-5.2249,0.000000,0.000000,0.000000,0.000000
112080468,-89.3257,-5.2249,0.000000,0.000000,0.000000,0.000000
112080515,-89.3257,-5.2249,0.000000,0.000000,0.000000,0.000000
112080593,-89.3257,-5.2249,0.000000,0.000000,0.000000,0.000000
112080640,-89.3257,-5.2249,0.000000,0.000000,0.000000,0.000000
112080687,-89.3257,-5.2249,0.000000,0.000000,0.000000,0.000000
112080734,-89.3257,-5.2249,0.000000,0.000000,0.000000,0.000000
112080781,-89.3257,-5.2249,0.000000,0.000000,0.000000,0.000000
112080828,-89.3257,-5.2249,0.000000,0.000000,0.000000,0.000000
112080875,-89.3257,-5.2249,0.000000,0.000000,0.000000,0.000000
112080937,-89.3257,-5.2249,0.000000,0.000000,0.000000,0.000000
112080984,-89.3257,-5.2249,0.000000,0.000000,0.000000,0.000000
112081031,-89.3257,-5.2249,0.000000,0.000000,0.000000,0.000000
112081093,-89.3257,-5.2249,0.000000,0.000000,0.000000,0.000000
112081140,-89.3257,-5.2249,0.000000,0.000000,0.000000,0.000000
112081187,-89.3257,-5.2249,0.000000,0.000000,0.000000,0.000000
112081250,-89.3257,-5.2249,0.000000,0.000000,0.000000,0.000000
112081281,-89.3257,-5.2249,0.000000,0.000000,0.000000,0.000000
112081328,-89.3257,-5.2249,0.000000,0.000000,0.000000,0.000000
112081375,-89.3257,-5.2249,0.000000,0.000000,0.000000,0.000000
112081500,-89.3257,-5.2249,0.000000,0.000000,0.000000,0.000000
112081578,-89.3257,-5.2249,0.000000,0.000000,0.000000,0.000000
112081625,-89.3257,-5.2249,0.000000,0.000000,0.000000,0.000000
112081687,-89.3257,-5.2249,0.000000,0.000000,0.000000,0.000000
112081734,-89.3257,-5.2249,0.000000,0.000000,0.000000,0.000000
112081781,-89.3257,-5.2249,0.000000,0.000000,0.000000,0.000000
112081828,-89.3257,-5.2249,0.000000,0.000000,0.000000,0.000000
112081890,-89.3257,-5.2249,0.000000,0.000000,0.000000,0.000000
112081937,-89.3257,-5.2249,0.000000,0.000000,0.000000,0.000000
112082000,-89.3257,-5.2249,0.000000,0.000000,0.000000,0.000000
112082062,-89.3257,-5.2249,0.000000,0.000000,0.000000,0.000000
112082109,-89.3257,-5.2249,0.000000,0.000000,0.000000,0.000000
112082156,-89.3257,-5.2249,0.000000,0.000000,0.000000,0.000000
112082218,-89.3257,-5.2249,0.000000,0.000000,0.000000,0.000000
112082328,-89.3257,-5.2249,0.000000,0.000000,0.000000,0.000000
112082390,-89.3257,-5.2249,0.000000,0.000000,0.000000,0.000000
112082437,-89.3257,-5.2249,0.000000,0.000000,0.000000,0.000000
112082484,-89.3257,-5.2249,0.000000,0.000000,0.000000,0.000000
112082531,-89.3257,-5.2249,0.000000,0.000000,0.000000,0.000000
112082578,-89.3257,-5.2249,0.000000,0.000000,0.000000,0.000000
112082625,-89.3257,-5.2249,0.000000,0.000000,0.000000,0.000000
112082671,-89.3257,-5.2249,0.000000,0.000000,0.000000,0.000000
112082718,-89.3257,-5.2249,0.000000,0.000000,0.000000,0.000000
112082781,-89.3257,-5.2249,0.000000,0.000000,0.000000,0.000000
112082828,-89.3257,-5.2249,0.000000,0.000000,0.000000,0.000000
112082875,-89.3257,-5.2249,0.000000,0.000000,0.000000,0.000000
112082921,-89.3257,-5.2249,0.000000,0.000000,0.000000,0.000000
112082968,-89.3257,-5.2249,0.000000,0.000000,0.000000,0.000000
112083015,-89.3257,-5.2249,0.000000,0.000000,0.000000,0.000000
112083062,-89.3257,-5.2249,0.000000,0.000000,0.000000,0.000000
112083109,-89.3257,-5.2249,0.000000,0.000000,0.000000,0.000000
112083156,-89.3257,-5.2249,0.000000,0.000000,0.000000,0.000000
112083218,-89.3257,-5.2249,0.000000,0.000000,0.000000,0.000000
112083265,-89.3257,-5.2249,0.000000,0.000000,0.000000,0.000000
112083312,-89.3257,-5.2249,0.000000,0.000000,0.000000,0.000000
112083359,-89.3257,-5.2249,0.000000,0.000000,0.000000,0.000000
112083406,-89.3257,-5.2249,0.000000,0.000000,0.000000,0.000000
112083453,-89.3257,-5.2249,0.000000,0.000000,0.000000,0.000000
112083500,-89.3257,-5.2249,0.000000,0.000000,0.000000,0.000000
112083546,-89.3257,-5.2249,0.000000,0.000000,0.000000,0.000000
112083593,-89.3257,-5.2249,0.000000,0.000000,0.000000,0.000000
112083640,-89.3257,-5.2255,0.000000,0.000000,0.000000,0.000000
112083671,-89.3257,-5.2249,0.000000,0.000000,0.000000,0.000000
112083734,-89.3257,-5.2249,0.000000,0.000000,0.000000,0.000000
112083781,-89.3257,-5.2249,0.000000,0.000000,0.000000,0.000000
112083828,-89.3257,-5.2249,0.000000,0.000000,0.000000,0.000000
112083875,-89.3257,-5.2249,0.000000,0.000000,0.000000,0.000000
112083921,-89.3257,-5.2249,0.000000,0.000000,0.000000,0.000000
112083968,-89.3257,-5.2249,0.000000,0.000000,0.000000,0.000000
112084015,-89.3257,-5.2249,0.000000,0.000000,0.000000,0.000000
112084062,-89.3257,-5.2249,0.000000,0.000000,0.000000,0.000000
112084109,-89.3257,-5.2249,0.000000,0.000000,0.000000,0.000000
112084156,-89.3257,-5.2249,0.000000,0.000000,0.000000,0.000000
112084203,-89.3257,-5.2249,0.000000,0.000000,0.000000,0.000000
112084250,-89.3257,-5.2249,0.000000,0.000000,0.000000,0.000000
112084296,-89.3257,-5.2249,0.000000,0.000000,0.000000,0.000000
112084328,-89.3257,-5.2249,0.000000,0.000000,0.000000,0.000000
112084375,-89.3257,-5.2249,0.000000,0.000000,0.000000,0.000000
112084421,-89.3257,-5.2249,0.000000,0.000000,0.000000,0.000000
112084468,-89.3257,-5.2249,0.000000,0.000000,0.000000,0.000000
112084515,-89.3257,-5.2249,0.000000,0.000000,0.000000,0.000000
112084562,-89.3257,-5.2249,0.000000,0.000000,0.000000,0.000000
112084609,-89.3257,-5.2249,0.000000,0.000000,0.000000,0.000000
112084671,-89.3257,-5.2249,0.000000,0.000000,0.000000,0.000000
112084718,-89.3257,-5.2255,0.000000,0.000000,0.000000,0.000000
112084781,-89.3257,-5.2249,0.000000,0.000000,0.000000,0.000000
112084812,-89.3257,-5.2249,0.000000,0.000000,0.000000,0.000000
112084859,-89.3257,-5.2249,0.000000,0.000000,0.000000,0.000000
112084921,-89.3257,-5.2249,0.000000,0.000000,0.000000,0.000000
112084953,-89.3257,-5.2249,0.000000,0.000000,0.000000,0.000000
112085000,-89.3257,-5.2249,0.000000,0.000000,0.000000,0.000000
112085046,-89.3257,-5.2249,0.000000,0.000000,0.000000,0.000000
112085093,-89.3257,-5.2249,0.000000,0.000000,0.000000,0.000000
112085140,-89.3257,-5.2249,0.000000,0.000000,0.000000,0.000000
112085218,-89.3257,-5.2249,0.000000,0.000000,0.000000,0.000000
112085265,-89.3257,-5.2249,0.000000,0.000000,0.000000,0.000000
112085312,-89.3257,-5.2249,0.000000,0.000000,0.000000,0.000000
112085375,-89.3257,-5.2249,0.000000,0.000000,0.000000,0.000000
112085421,-89.3257,-5.2249,0.000000,0.000000,0.000000,0.000000
112085468,-89.3257,-5.2249,0.000000,0.000000,0.000000,0.000000
112085531,-89.3257,-5.2249,0.000000,0.000000,0.000000,0.000000
112085578,-89.3257,-5.2249,0.000000,0.000000,0.000000,0.000000
112085625,-89.3257,-5.2249,0.000000,0.000000,0.000000,0.000000
112085703,-89.3257,-5.2249,0.000000,0.000000,0.000000,0.000000
112085750,-89.3257,-5.2249,0.000000,0.000000,0.000000,0.000000
112085796,-89.3257,-5.2249,0.000000,0.000000,0.000000,0.000000
112085843,-89.3257,-5.2249,0.000000,0.000000,0.000000,0.000000
112085906,-89.3257,-5.2249,0.000000,0.000000,0.000000,0.000000
112085953,-89.3257,-5.2249,0.000000,0.000000,0.000000,0.000000
112086000,-89.3257,-5.2249,0.000000,0.000000,0.000000,0.000000
112086046,-89.3257,-5.2249,0.000000,0.000000,0.000000,0.000000
112086093,-89.3257,-5.2249,0.000000,0.000000,0.000000,0.000000
112086140,-89.3257,-5.2249,0.000000,0.000000,0.000000,0.000000
112086203,-89.3257,-5.2249,0.000000,0.000000,0.000000,0.000000
112086265,-89.3257,-5.2249,0.000000,0.000000,0.000000,0.000000
112086312,-89.3257,-5.2249,0.000000,0.000000,0.000000,0.000000
112086359,-89.3257,-5.2249,0.000000,0.000000,0.000000,0.000000
112086406,-89.3257,-5.2249,0.000000,0.000000,0.000000,0.000000
112086468,-89.3257,-5.2249,0.000000,0.000000,0.000000,0.000000
112086515,-89.3257,-5.2249,0.000000,0.000000,0.000000,0.000000
112086562,-89.3257,-5.2249,0.000000,0.000000,0.000000,0.000000
112086609,-89.3257,-5.2249,0.000000,0.000000,0.000000,0.000000
112086656,-89.3257,-5.2249,0.000000,0.000000,0.000000,0.000000
112086718,-89.3257,-5.2249,0.000000,0.000000,0.000000,0.000000
112086765,-89.3257,-5.2249,0.000000,0.000000,0.000000,0.000000
112086812,-89.3257,-5.2249,0.000000,0.000000,0.000000,0.000000
112086859,-89.3257,-5.2249,0.000000,0.000000,0.000000,0.000000
112086906,-89.3257,-5.2249,0.000000,0.000000,0.000000,0.000000
112086968,-89.3257,-5.2249,0.000000,0.000000,0.000000,0.000000
112087015,-89.3257,-5.2249,0.000000,0.000000,0.000000,0.000000
112087062,-89.3257,-5.2255,0.000000,0.000000,0.000000,0.000000
112087125,-89.3257,-5.2249,0.000000,0.000000,0.000000,0.000000
112087187,-89.3257,-5.2249,0.000000,0.000000,0.000000,0.000000
112087234,-89.3257,-5.2249,0.000000,0.000000,0.000000,0.000000
112087281,-89.3257,-5.2249,0.000000,0.000000,0.000000,0.000000
112087343,-89.3257,-5.2249,0.000000,0.000000,0.000000,0.000000
112087390,-89.3257,-5.2249,0.000000,0.000000,0.000000,0.000000
112087437,-89.3257,-5.2249,0.000000,0.000000,0.000000,0.000000
112087484,-89.3257,-5.2249,0.000000,0.000000,0.000000,0.000000
112087531,-89.3257,-5.2249,0.000000,0.000000,0.000000,0.000000
112087578,-89.3257,-5.2249,0.000000,0.000000,0.000000,0.000000
112087625,-89.3257,-5.2249,0.000000,0.000000,0.000000,0.000000
112087671,-89.3257,-5.2249,0.000000,0.000000,0.000000,0.000000
112087734,-89.3257,-5.2249,0.000000,0.000000,0.000000,0.000000
112087781,-89.3257,-5.2249,0.000000,0.000000,0.000000,0.000000
112087828,-89.3257,-5.2249,0.000000,0.000000,0.000000,0.000000
112087875,-89.3257,-5.2249,0.000000,0.000000,0.000000,0.000000
112087921,-89.3257,-5.2249,0.000000,0.000000,0.000000,0.000000
112087968,-89.3257,-5.2249,0.000000,0.000000,0.000000,0.000000
112088031,-89.3257,-5.2249,0.000000,0.000000,0.000000,0.000000
112088078,-89.3257,-5.2255,0.000000,0.000000,0.000000,0.000000
112088125,-89.3257,-5.2249,0.000000,0.000000,0.000000,0.000000
112088250,-89.3257,-5.2249,0.000000,0.000000,0.000000,0.000000
112088312,-89.3257,-5.2249,0.000000,0.000000,0.000000,0.000000
112088421,-89.3257,-5.2249,0.000000,0.000000,0.000000,0.000000
112088468,-89.3257,-5.2249,0.000000,0.000000,0.000000,0.000000
112088531,-89.3257,-5.2249,0.000000,0.000000,0.000000,0.000000
112088562,-89.3257,-5.2249,0.000000,0.000000,0.000000,0.000000
112088609,-89.3257,-5.2249,0.000000,0.000000,0.000000,0.000000
112088656,-89.3257,-5.2249,0.000000,0.000000,0.000000,0.000000
112088687,-89.3257,-5.2249,0.000000,0.000000,0.000000,0.000000
112088734,-89.3257,-5.2249,0.000000,0.000000,0.000000,0.000000
112088781,-89.3257,-5.2249,0.000000,0.000000,0.000000,0.000000
112088828,-89.3257,-5.2249,0.000000,0.000000,0.000000,0.000000
112088875,-89.3257,-5.2249,0.000000,0.000000,0.000000,0.000000
112088921,-89.3257,-5.2249,0.000000,0.000000,0.000000,0.000000
112088968,-89.3257,-5.2249,0.000000,0.000000,0.000000,0.000000
112089015,-89.3257,-5.2249,0.000000,0.000000,0.000000,0.000000
112089046,-89.3257,-5.2249,0.000000,0.000000,0.000000,0.000000
112089093,-89.3257,-5.2249,0.000000,0.000000,0.000000,0.000000
112089140,-89.3257,-5.2249,0.000000,0.000000,0.000000,0.000000
112089171,-89.3257,-5.2249,0.000000,0.000000,0.000000,0.000000
112089218,-89.3257,-5.2249,0.000000,0.000000,0.000000,0.000000
112089265,-89.3257,-5.2249,0.000000,0.000000,0.000000,0.000000
112089312,-89.3257,-5.2249,0.000000,0.000000,0.000000,0.000000
112089359,-89.3257,-5.2249,0.000000,0.000000,0.000000,0.000000
112089406,-89.3257,-5.2249,0.000000,0.000000,0.000000,0.000000
112089437,-89.3257,-5.2249,0.000000,0.000000,0.000000,0.000000
112089484,-89.3257,-5.2249,0.000000,0.000000,0.000000,0.000000
112089531,-89.3257,-5.2249,0.000000,0.000000,0.000000,0.000000
112089578,-89.3257,-5.2249,0.000000,0.000000,0.000000,0.000000
112089609,-89.3257,-5.2249,0.000000,0.000000,0.000000,0.000000
112089656,-89.3257,-5.2249,0.000000,0.000000,0.000000,0.000000
112089703,-89.3257,-5.2249,0.000000,0.000000,0.000000,0.000000
112089750,-89.3257,-5.2249,0.000000,0.000000,0.000000,0.000000
112089796,-89.3257,-5.2249,0.000000,0.000000,0.000000,0.000000
112089828,-89.3257,-5.2249,0.000000,0.000000,0.000000,0.000000
112089875,-89.3257,-5.2249,0.000000,0.000000,0.000000,0.000000
112089921,-89.3257,-5.2249,0.000000,0.000000,0.000000,0.000000
112089968,-89.3257,-5.2249,0.000000,0.000000,0.000000,0.000000
112090015,-89.3257,-5.2249,0.000000,0.000000,0.000000,0.000000
112090062,-89.3257,-5.2249,0.000000,0.000000,0.000000,0.000000
112090109,-89.3257,-5.2249,0.000000,0.000000,0.000000,0.000000
112090171,-89.3257,-5.2249,0.000000,0.000000,0.000000,0.000000
112090218,-89.3257,-5.2249,0.000000,0.000000,0.000000,0.000000
112090265,-89.3257,-5.2249,0.000000,0.000000,0.000000,0.000000
112090312,-89.3257,-5.2249,0.000000,0.000000,0.000000,0.000000
112090375,-89.3257,-5.2249,0.000000,0.000000,0.000000,0.000000
112090421,-89.3257,-5.2249,0.000000,0.000000,0.000000,0.000000
112090468,-89.3257,-5.2249,0.000000,0.000000,0.000000,0.000000
112090531,-89.3257,-5.2255,0.000000,0.000000,0.000000,0.000000
112090593,-89.3257,-5.2249,0.000000,0.000000,0.000000,0.000000
112090640,-89.3257,-5.2249,0.000000,0.000000,0.000000,0.000000
112090718,-89.3257,-5.2249,0.000000,0.000000,0.000000,0.000000
112090765,-89.3257,-5.2249,0.000000,0.000000,0.000000,0.000000
112090812,-89.3257,-5.2249,0.000000,0.000000,0.000000,0.000000
112090859,-89.3257,-5.2249,0.000000,0.000000,0.000000,0.000000
112090921,-89.3257,-5.2249,0.000000,0.000000,0.000000,0.000000
112090968,-89.3257,-5.2249,0.000000,0.000000,0.000000,0.000000
112091015,-89.3257,-5.2249,0.000000,0.000000,0.000000,0.000000
112091078,-89.3257,-5.2249,0.000000,0.000000,0.000000,0.000000
112091546,-89.3257,-5.2249,0.000000,0.000000,0.000000,0.000000
112091593,-89.3257,-5.2249,0.000000,0.000000,0.000000,0.000000
112091656,-89.3257,-5.2249,0.000000,0.000000,0.000000,0.000000
112091703,-89.3257,-5.2249,0.000000,0.000000,0.000000,0.000000
112091750,-89.3257,-5.2249,0.000000,0.000000,0.000000,0.000000
112091796,-89.3257,-5.2249,0.000000,0.000000,0.000000,0.000000
112091843,-89.3257,-5.2249,0.000000,0.000000,0.000000,0.000000
112091890,-89.3257,-5.2249,0.000000,0.000000,0.000000,0.000000
112091937,-89.3257,-5.2249,0.000000,0.000000,0.000000,0.000000
112091984,-89.3257,-5.2249,0.000000,0.000000,0.000000,0.000000
112092046,-89.3257,-5.2249,0.000000,0.000000,0.000000,0.000000
112092093,-89.3257,-5.2249,0.000000,0.000000,0.000000,0.000000
112092156,-89.3257,-5.2249,0.000000,0.000000,0.000000,0.000000
112092203,-89.3257,-5.2249,0.000000,0.000000,0.000000,0.000000
112092250,-89.3257,-5.2249,0.000000,0.000000,0.000000,0.000000
112092281,-89.3257,-5.2249,0.000000,0.000000,0.000000,0.000000
112092328,-89.3257,-5.2249,0.000000,0.000000,0.000000,0.000000
112092390,-89.3257,-5.2249,0.000000,0.000000,0.000000,0.000000
112092437,-89.3257,-5.2249,0.000000,0.000000,0.000000,0.000000
112092484,-89.3257,-5.2249,0.000000,0.000000,0.000000,0.000000
112092531,-89.3257,-5.2249,0.000000,0.000000,0.000000,0.000000
112092578,-89.3257,-5.2249,0.000000,0.000000,0.000000,0.000000
112092625,-89.3257,-5.2249,0.000000,0.000000,0.000000,0.000000
112092671,-89.3257,-5.2249,0.000000,0.000000,0.000000,0.000000
112092718,-89.3257,-5.2249,0.000000,0.000000,0.000000,0.000000
112092781,-89.3257,-5.2249,0.000000,0.000000,0.000000,0.000000
112092828,-89.3257,-5.2249,0.000000,0.000000,0.000000,0.000000
112092875,-89.3257,-5.2249,0.000000,0.000000,0.000000,0.000000
112092921,-89.3257,-5.2249,0.000000,0.000000,0.000000,0.000000
112092968,-89.3257,-5.2249,0.000000,0.000000,0.000000,0.000000
112093015,-89.3257,-5.2249,0.000000,0.000000,0.000000,0.000000
112093062,-89.3257,-5.2249,0.000000,0.000000,0.000000,0.000000
112093140,-89.3257,-5.2255,0.000000,0.000000,0.000000,0.000000
112093187,-89.3257,-5.2249,0.000000,0.000000,0.000000,0.000000
112093234,-89.3257,-5.2249,0.000000,0.000000,0.000000,0.000000
112093281,-89.3257,-5.2249,0.000000,0.000000,0.000000,0.000000
112093328,-89.3257,-5.2249,0.000000,0.000000,0.000000,0.000000
112093390,-89.3257,-5.2249,0.000000,0.000000,0.000000,0.000000
112093437,-89.3257,-5.2249,0.000000,0.000000,0.000000,0.000000
112093484,-89.3257,-5.2249,0.000000,0.000000,0.000000,0.000000
112093531,-89.3257,-5.2249,0.000000,0.000000,0.000000,0.000000
112093578,-89.3257,-5.2249,0.000000,0.000000,0.000000,0.000000
112093640,-89.3257,-5.2249,0.000000,0.000000,0.000000,0.000000
112093687,-89.3257,-5.2249,0.000000,0.000000,0.000000,0.000000
112093765,-89.3257,-5.2249,0.000000,0.000000,0.000000,0.000000
112093843,-89.3257,-5.2249,0.000000,0.000000,0.000000,0.000000
112093921,-89.3257,-5.2249,0.000000,0.000000,0.000000,0.000000
112093968,-89.3257,-5.2249,0.000000,0.000000,0.000000,0.000000
112094015,-89.3257,-5.2249,0.000000,0.000000,0.000000,0.000000
112094062,-89.3257,-5.2249,0.000000,0.000000,0.000000,0.000000
112094109,-89.3257,-5.2249,0.000000,0.000000,0.000000,0.000000
112094390,-89.3257,-5.2249,0.000000,0.000000,0.000000,0.000000
112094437,-89.3257,-5.2249,0.000000,0.000000,0.000000,0.000000
112094484,-89.3257,-5.2249,0.000000,0.000000,0.000000,0.000000
112094531,-89.3257,-5.2249,0.000000,0.000000,0.000000,0.000000
112094578,-89.3257,-5.2249,0.000000,0.000000,0.000000,0.000000
112094609,-89.3257,-5.2249,0.000000,0.000000,0.000000,0.000000
112094656,-89.3257,-5.2249,0.000000,0.000000,0.000000,0.000000
112094703,-89.3257,-5.2249,0.000000,0.000000,0.000000,0.000000
112094734,-89.3257,-5.2249,0.000000,0.000000,0.000000,0.000000
112094781,-89.3257,-5.2249,0.000000,0.000000,0.000000,0.000000
112094828,-89.3257,-5.2249,0.000000,0.000000,0.000000,0.000000
112094875,-89.3257,-5.2249,0.000000,0.000000,0.000000,0.000000
112094906,-89.3257,-5.2249,0.000000,0.000000,0.000000,0.000000
112094953,-89.3257,-5.2249,0.000000,0.000000,0.000000,0.000000
112095000,-89.3257,-5.2249,0.000000,0.000000,0.000000,0.000000
112095046,-89.3257,-5.2249,0.000000,0.000000,0.000000,0.000000
112095093,-89.3257,-5.2249,0.000000,0.000000,0.000000,0.000000
112095125,-89.3257,-5.2249,0.000000,0.000000,0.000000,0.000000
112095171,-89.3257,-5.2249,0.000000,0.000000,0.000000,0.000000
112095218,-89.3257,-5.2249,0.000000,0.000000,0.000000,0.000000
112095265,-89.3257,-5.2249,0.000000,0.000000,0.000000,0.000000
112095328,-89.3257,-5.2249,0.000000,0.000000,0.000000,0.000000
112095359,-89.3257,-5.2249,0.000000,0.000000,0.000000,0.000000
112095406,-89.3257,-5.2249,0.000000,0.000000,0.000000,0.000000
112095453,-89.3257,-5.2249,0.000000,0.000000,0.000000,0.000000
112095500,-89.3257,-5.2249,0.000000,0.000000,0.000000,0.000000
112095546,-89.3257,-5.2249,0.000000,0.000000,0.000000,0.000000
112095593,-89.3257,-5.2249,0.000000,0.000000,0.000000,0.000000
112095640,-89.3257,-5.2249,0.000000,0.000000,0.000000,0.000000
112095671,-89.3257,-5.2249,0.000000,0.000000,0.000000,0.000000
112095718,-89.3257,-5.2249,0.000000,0.000000,0.000000,0.000000
112095765,-89.3257,-5.2249,0.000000,0.000000,0.000000,0.000000
112095812,-89.3257,-5.2249,0.000000,0.000000,0.000000,0.000000
112095859,-89.3257,-5.2249,0.000000,0.000000,0.000000,0.000000
112095906,-89.3257,-5.2249,0.000000,0.000000,0.000000,0.000000
112095937,-89.3257,-5.2249,0.000000,0.000000,0.000000,0.000000
112095984,-89.3257,-5.2249,0.000000,0.000000,0.000000,0.000000
112096031,-89.3257,-5.2249,0.000000,0.000000,0.000000,0.000000
112096078,-89.3257,-5.2249,0.000000,0.000000,0.000000,0.000000
112096125,-89.3257,-5.2249,0.000000,0.000000,0.000000,0.000000
112096156,-89.3257,-5.2249,0.000000,0.000000,0.000000,0.000000
112096234,-89.3257,-5.2249,0.000000,0.000000,0.000000,0.000000
112096281,-89.3257,-5.2249,0.000000,0.000000,0.000000,0.000000
112096328,-89.3257,-5.2249,0.000000,0.000000,0.000000,0.000000
112096359,-89.3257,-5.2249,0.000000,0.000000,0.000000,0.000000
112096406,-89.3257,-5.2249,0.000000,0.000000,0.000000,0.000000
112096453,-89.3259,-5.2249,0.000000,0.000000,0.000000,0.000000
112096500,-89.3257,-5.2249,0.000000,0.000000,0.000000,0.000000
112096546,-89.3257,-5.2249,0.000000,0.000000,0.000000,0.000000
112096593,-89.3257,-5.2249,0.000000,0.000000,0.000000,0.000000
112096640,-89.3257,-5.2249,0.000000,0.000000,0.000000,0.000000
112096671,-89.3257,-5.2249,0.000000,0.000000,0.000000,0.000000
112096718,-89.3257,-5.2249,0.000000,0.000000,0.000000,0.000000
112096765,-89.3257,-5.2249,0.000000,0.000000,0.000000,0.000000
112096796,-89.3257,-5.2249,0.000000,0.000000,0.000000,0.000000
112096843,-89.3257,-5.2249,0.000000,0.000000,0.000000,0.000000
112096890,-89.3257,-5.2249,0.000000,0.000000,0.000000,0.000000
112096937,-89.3257,-5.2249,0.000000,0.000000,0.000000,0.000000
112096984,-89.3257,-5.2249,0.000000,0.000000,0.000000,0.000000
112097031,-89.3257,-5.2249,0.000000,0.000000,0.000000,0.000000
112097078,-89.3257,-5.2249,0.000000,0.000000,0.000000,0.000000
112097125,-89.3257,-5.2249,0.000000,0.000000,0.000000,0.000000
112097171,-89.3257,-5.2249,0.000000,0.000000,0.000000,0.000000
112097218,-89.3257,-5.2249,0.000000,0.000000,0.000000,0.000000
112097265,-89.3257,-5.2249,0.000000,0.000000,0.000000,0.000000
112097312,-89.3257,-5.2249,0.000000,0.000000,0.000000,0.000000
112097375,-89.3257,-5.2249,0.000000,0.000000,0.000000,0.000000
112097421,-89.3257,-5.2249,0.000000,0.000000,0.000000,0.000000
112097468,-89.3257,-5.2249,0.000000,0.000000,0.000000,0.000000
112097531,-89.3257,-5.2249,0.000000,0.000000,0.000000,0.000000
112097578,-89.3257,-5.2249,0.000000,0.000000,0.000000,0.000000
112097640,-89.3257,-5.2249,0.000000,0.000000,0.000000,0.000000
112097687,-89.3257,-5.2249,0.000000,0.000000,0.000000,0.000000
112097734,-89.3257,-5.2249,0.000000,0.000000,0.000000,0.000000
112097781,-89.3257,-5.2249,0.000000,0.000000,0.000000,0.000000
112097843,-89.3257,-5.2249,0.000000,0.000000,0.000000,0.000000
112097890,-89.3257,-5.2249,0.000000,0.000000,0.000000,0.000000
112097937,-89.3257,-5.2249,0.000000,0.000000,0.000000,0.000000
112097984,-89.3257,-5.2249,0.000000,0.000000,0.000000,0.000000
112098046,-89.3257,-5.2249,0.000000,0.000000,0.000000,0.000000
112098093,-89.3257,-5.2249,0.000000,0.000000,0.000000,0.000000
112098156,-89.3257,-5.2249,0.000000,0.000000,0.000000,0.000000
112098203,-89.3257,-5.2249,0.000000,0.000000,0.000000,0.000000
112098250,-89.3257,-5.2249,0.000000,0.000000,0.000000,0.000000
112098312,-89.3257,-5.2249,0.000000,0.000000,0.000000,0.000000
112098390,-89.3257,-5.2249,0.000000,0.000000,0.000000,0.000000
112098437,-89.3257,-5.2249,0.000000,0.000000,0.000000,0.000000
112098484,-89.3257,-5.2249,0.000000,0.000000,0.000000,0.000000
112098531,-89.3257,-5.2249,0.000000,0.000000,0.000000,0.000000
112098578,-89.3257,-5.2249,0.000000,0.000000,0.000000,0.000000
112098625,-89.3257,-5.2249,0.000000,0.000000,0.000000,0.000000
112098687,-89.3257,-5.2249,0.000000,0.000000,0.000000,0.000000
112098734,-89.3257,-5.2249,0.000000,0.000000,0.000000,0.000000
112098781,-89.3257,-5.2249,0.000000,0.000000,0.000000,0.000000
112098828,-89.3257,-5.2249,0.000000,0.000000,0.000000,0.000000
112098875,-89.3257,-5.2249,0.000000,0.000000,0.000000,0.000000
112098937,-89.3257,-5.2249,0.000000,0.000000,0.000000,0.000000
112098984,-89.3257,-5.2249,0.000000,0.000000,0.000000,0.000000
112099031,-89.3257,-5.2249,0.000000,0.000000,0.000000,0.000000
112099078,-89.3257,-5.2249,0.000000,0.000000,0.000000,0.000000
112099140,-89.3257,-5.2249,0.000000,0.000000,0.000000,0.000000
112099203,-89.3257,-5.2249,0.000000,0.000000,0.000000,0.000000
112099265,-89.3257,-5.2249,0.000000,0.000000,0.000000,0.000000
112099312,-89.3257,-5.2249,0.000000,0.000000,0.000000,0.000000
112099359,-89.3257,-5.2249,0.000000,0.000000,0.000000,0.000000
112099406,-89.3257,-5.2249,0.000000,0.000000,0.000000,0.000000
112099468,-89.3257,-5.2249,0.000000,0.000000,0.000000,0.000000
112099515,-89.3257,-5.2249,0.000000,0.000000,0.000000,0.000000
112099562,-89.3257,-5.2249,0.000000,0.000000,0.000000,0.000000
112099609,-89.3257,-5.2249,0.000000,0.000000,0.000000,0.000000
112099671,-89.3257,-5.2249,0.000000,0.000000,0.000000,0.000000
112099734,-89.3257,-5.2249,0.000000,0.000000,0.000000,0.000000
112099781,-89.3257,-5.2249,0.000000,0.000000,0.000000,0.000000
112099828,-89.3257,-5.2249,0.000000,0.000000,0.000000,0.000000
112099875,-89.3257,-5.2249,0.000000,0.000000,0.000000,0.000000
112099937,-89.3257,-5.2249,0.000000,0.000000,0.000000,0.000000
112099984,-89.3257,-5.2249,0.000000,0.000000,0.000000,0.000000
112100046,-89.3257,-5.2249,0.000000,0.000000,0.000000,0.000000
112100093,-89.3257,-5.2249,0.000000,0.000000,0.000000,0.000000
112100140,-89.3257,-5.2249,0.000000,0.000000,0.000000,0.000000
112100203,-89.3257,-5.2249,0.000000,0.000000,0.000000,0.000000
112100265,-89.3257,-5.2249,0.000000,0.000000,0.000000,0.000000
112100375,-89.3257,-5.2249,0.000000,0.000000,0.000000,0.000000
112100437,-89.3257,-5.2249,0.000000,0.000000,0.000000,0.000000
112100500,-89.3257,-5.2249,0.000000,0.000000,0.000000,0.000000
112100625,-89.3257,-5.2249,0.000000,0.000000,0.000000,0.000000
112100734,-89.3257,-5.2249,0.000000,0.000000,0.000000,0.000000
112100781,-89.3257,-5.2249,0.000000,0.000000,0.000000,0.000000
112100828,-89.3257,-5.2249,0.000000,0.000000,0.000000,0.000000
112100875,-89.3257,-5.2249,0.000000,0.000000,0.000000,0.000000
112100921,-89.3257,-5.2249,0.000000,0.000000,0.000000,0.000000
112100984,-89.3257,-5.2249,0.000000,0.000000,0.000000,0.000000
112101031,-89.3257,-5.2249,0.000000,0.000000,0.000000,0.000000
112101062,-89.3257,-5.2249,0.000000,0.000000,0.000000,0.000000
112101109,-89.3257,-5.2249,0.000000,0.000000,0.000000,0.000000
112101171,-89.3257,-5.2249,0.000000,0.000000,0.000000,0.000000
112101218,-89.3257,-5.2249,0.000000,0.000000,0.000000,0.000000
112101265,-89.3257,-5.2249,0.000000,0.000000,0.000000,0.000000
112101312,-89.3257,-5.2249,0.000000,0.000000,0.000000,0.000000
112101343,-89.3257,-5.2249,0.000000,0.000000,0.000000,0.000000
112101406,-89.3257,-5.2249,0.000000,0.000000,0.000000,0.000000
112101484,-89.3257,-5.2249,0.000000,0.000000,0.000000,0.000000
112101515,-89.3257,-5.2249,0.000000,0.000000,0.000000,0.000000
112101562,-89.3257,-5.2249,0.000000,0.000000,0.000000,0.000000
112101671,-89.3257,-5.2249,0.000000,0.000000,0.000000,0.000000
112101703,-89.3257,-5.2249,0.000000,0.000000,0.000000,0.000000
112101765,-89.3257,-5.2249,0.000000,0.000000,0.000000,0.000000
112101796,-89.3257,-5.2249,0.000000,0.000000,0.000000,0.000000
112101843,-89.3257,-5.2249,0.000000,0.000000,0.000000,0.000000
112101890,-89.3257,-5.2249,0.000000,0.000000,0.000000,0.000000
112101937,-89.3257,-5.2249,0.000000,0.000000,0.000000,0.000000
112102000,-89.3257,-5.2249,0.000000,0.000000,0.000000,0.000000
112102046,-89.3257,-5.2249,0.000000,0.000000,0.000000,0.000000
112102093,-89.3257,-5.2249,0.000000,0.000000,0.000000,0.000000
112102140,-89.3257,-5.2249,0.000000,0.000000,0.000000,0.000000
112102187,-89.3257,-5.2249,0.000000,0.000000,0.000000,0.000000
112102234,-89.3257,-5.2249,0.000000,0.000000,0.000000,0.000000
112102281,-89.3257,-5.2249,0.000000,0.000000,0.000000,0.000000
112102328,-89.3257,-5.2249,0.000000,0.000000,0.000000,0.000000
112102375,-89.3257,-5.2249,0.000000,0.000000,0.000000,0.000000
112102421,-89.3257,-5.2249,0.000000,0.000000,0.000000,0.000000
112102484,-89.3257,-5.2249,0.000000,0.000000,0.000000,0.000000
112102515,-89.3257,-5.2249,0.000000,0.000000,0.000000,0.000000
112102578,-89.3257,-5.2249,0.000000,0.000000,0.000000,0.000000
112102625,-89.3257,-5.2249,0.000000,0.000000,0.000000,0.000000
112102656,-89.3257,-5.2249,0.000000,0.000000,0.000000,0.000000
112102703,-89.3257,-5.2249,0.000000,0.000000,0.000000,0.000000
112102765,-89.3257,-5.2249,0.000000,0.000000,0.000000,0.000000
112102796,-89.3257,-5.2249,0.000000,0.000000,0.000000,0.000000
112102843,-89.3257,-5.2249,0.000000,0.000000,0.000000,0.000000
112102890,-89.3257,-5.2249,0.000000,0.000000,0.000000,0.000000
112102953,-89.3257,-5.2249,0.000000,0.000000,0.000000,0.000000
112103000,-89.3257,-5.2249,0.000000,0.000000,0.000000,0.000000
112103031,-89.3257,-5.2249,0.000000,0.000000,0.000000,0.000000
112103078,-89.3257,-5.2249,0.000000,0.000000,0.000000,0.000000
112103125,-89.3257,-5.2249,0.000000,0.000000,0.000000,0.000000
112103171,-89.3257,-5.2249,0.000000,0.000000,0.000000,0.000000
112103218,-89.3257,-5.2249,0.000000,0.000000,0.000000,0.000000
112103265,-89.3257,-5.2249,0.000000,0.000000,0.000000,0.000000
112103312,-89.3257,-5.2249,0.000000,0.000000,0.000000,0.000000
112103375,-89.3257,-5.2249,0.000000,0.000000,0.000000,0.000000
112103437,-89.3257,-5.2249,0.000000,0.000000,0.000000,0.000000
112103765,-89.3257,-5.2249,0.000000,0.000000,0.000000,0.000000
112103812,-89.3257,-5.2249,0.000000,0.000000,0.000000,0.000000
112103859,-89.3257,-5.2249,0.000000,0.000000,0.000000,0.000000
112103906,-89.3257,-5.2249,0.000000,0.000000,0.000000,0.000000
112103953,-89.3257,-5.2249,0.000000,0.000000,0.000000,0.000000
112104015,-89.3257,-5.2249,0.000000,0.000000,0.000000,0.000000
112104062,-89.3257,-5.2249,0.000000,0.000000,0.000000,0.000000
112104109,-89.3257,-5.2249,0.000000,0.000000,0.000000,0.000000
112104156,-89.3257,-5.2249,0.000000,0.000000,0.000000,0.000000
112104218,-89.3257,-5.2249,0.000000,0.000000,0.000000,0.000000
112104265,-89.3257,-5.2249,0.000000,0.000000,0.000000,0.000000
112104328,-89.3257,-5.2249,0.000000,0.000000,0.000000,0.000000
112104375,-89.3257,-5.2249,0.000000,0.000000,0.000000,0.000000
112104421,-89.3257,-5.2249,0.000000,0.000000,0.000000,0.000000
112104468,-89.3257,-5.2249,0.000000,0.000000,0.000000,0.000000
112104515,-89.3257,-5.2249,0.000000,0.000000,0.000000,0.000000
112104562,-89.3257,-5.2249,0.000000,0.000000,0.000000,0.000000
112104609,-89.3257,-5.2249,0.000000,0.000000,0.000000,0.000000
112104671,-89.3257,-5.2249,0.000000,0.000000,0.000000,0.000000
112104734,-89.3257,-5.2249,0.000000,0.000000,0.000000,0.000000
112104781,-89.3257,-5.2249,0.000000,0.000000,0.000000,0.000000
112104828,-89.3257,-5.2249,0.000000,0.000000,0.000000,0.000000
112104890,-89.3257,-5.2249,0.000000,0.000000,0.000000,0.000000
112104937,-89.3257,-5.2249,0.000000,0.000000,0.000000,0.000000
112104984,-89.3257,-5.2249,0.000000,0.000000,0.000000,0.000000
112105031,-89.3257,-5.2249,0.000000,0.000000,0.000000,0.000000
112105078,-89.3257,-5.2249,0.000000,0.000000,0.000000,0.000000
112105140,-89.3257,-5.2249,0.000000,0.000000,0.000000,0.000000
112105187,-89.3257,-5.2249,0.000000,0.000000,0.000000,0.000000
112105250,-89.3257,-5.2249,0.000000,0.000000,0.000000,0.000000
112105296,-89.3257,-5.2249,0.000000,0.000000,0.000000,0.000000
112105343,-89.3257,-5.2249,0.000000,0.000000,0.000000,0.000000
112105390,-89.3257,-5.2249,0.000000,0.000000,0.000000,0.000000
112105437,-89.3257,-5.2249,0.000000,0.000000,0.000000,0.000000
112105484,-89.3257,-5.2249,0.000000,0.000000,0.000000,0.000000
112105531,-89.3257,-5.2249,0.000000,0.000000,0.000000,0.000000
112105578,-89.3257,-5.2249,0.000000,0.000000,0.000000,0.000000
112105625,-89.3257,-5.2249,0.000000,0.000000,0.000000,0.000000
112105671,-89.3257,-5.2249,0.000000,0.000000,0.000000,0.000000
112105734,-89.3257,-5.2249,0.000000,0.000000,0.000000,0.000000
112105781,-89.3257,-5.2249,0.000000,0.000000,0.000000,0.000000
112105828,-89.3257,-5.2249,0.000000,0.000000,0.000000,0.000000
112105875,-89.3257,-5.2249,0.000000,0.000000,0.000000,0.000000
112105906,-89.3257,-5.2249,0.000000,0.000000,0.000000,0.000000
112105968,-89.3257,-5.2249,0.000000,0.000000,0.000000,0.000000
112106015,-89.3257,-5.2249,0.000000,0.000000,0.000000,0.000000
112106046,-89.3257,-5.2249,0.000000,0.000000,0.000000,0.000000
112106109,-89.3257,-5.2249,0.000000,0.000000,0.000000,0.000000
112106140,-89.3257,-5.2249,0.000000,0.000000,0.000000,0.000000
112106203,-89.3257,-5.2249,0.000000,0.000000,0.000000,0.000000
112106281,-89.3257,-5.2249,0.000000,0.000000,0.000000,0.000000
112106328,-89.3257,-5.2249,0.000000,0.000000,0.000000,0.000000
112106375,-89.3257,-5.2249,0.000000,0.000000,0.000000,0.000000
112106437,-89.3257,-5.2249,0.000000,0.000000,0.000000,0.000000
112106500,-89.3257,-5.2249,0.000000,0.000000,0.000000,0.000000
112106546,-89.3257,-5.2249,0.000000,0.000000,0.000000,0.000000
112106656,-89.3257,-5.2249,0.000000,0.000000,0.000000,0.000000
112106703,-89.3257,-5.2249,0.000000,0.000000,0.000000,0.000000
112106750,-89.3257,-5.2249,0.000000,0.000000,0.000000,0.000000
112106828,-89.3257,-5.2249,0.000000,0.000000,0.000000,0.000000
112106875,-89.3257,-5.2249,0.000000,0.000000,0.000000,0.000000
112106921,-89.3257,-5.2249,0.000000,0.000000,0.000000,0.000000
112107000,-89.3257,-5.2249,0.000000,0.000000,0.000000,0.000000
112107046,-89.3257,-5.2249,0.000000,0.000000,0.000000,0.000000
112107093,-89.3257,-5.2249,0.000000,0.000000,0.000000,0.000000
112107140,-89.3257,-5.2249,0.000000,0.000000,0.000000,0.000000
112107171,-89.3257,-5.2249,0.000000,0.000000,0.000000,0.000000
112107203,-89.3257,-5.2249,0.000000,0.000000,0.000000,0.000000
112107250,-89.3257,-5.2249,0.000000,0.000000,0.000000,0.000000
112107312,-89.3257,-5.2249,0.000000,0.000000,0.000000,0.000000
112107359,-89.3257,-5.2255,0.000000,0.000000,0.000000,0.000000
112107406,-89.3257,-5.2249,0.000000,0.000000,0.000000,0.000000
112107437,-89.3257,-5.2249,0.000000,0.000000,0.000000,0.000000
112107484,-89.3257,-5.2249,0.000000,0.000000,0.000000,0.000000
112107515,-89.3257,-5.2249,0.000000,0.000000,0.000000,0.000000
112107562,-89.3257,-5.2249,0.000000,0.000000,0.000000,0.000000
112107656,-89.3257,-5.2249,0.000000,0.000000,0.000000,0.000000
112107703,-89.3257,-5.2249,0.000000,0.000000,0.000000,0.000000
112107734,-89.3257,-5.2249,0.000000,0.000000,0.000000,0.000000
112107796,-89.3257,-5.2249,0.000000,0.000000,0.000000,0.000000
112107828,-89.3257,-5.2249,0.000000,0.000000,0.000000,0.000000
112107875,-89.3257,-5.2249,0.000000,0.000000,0.000000,0.000000
112107937,-89.3257,-5.2249,0.000000,0.000000,0.000000,0.000000
112108000,-89.3257,-5.2249,0.000000,0.000000,0.000000,0.000000
112108031,-89.3257,-5.2249,0.000000,0.000000,0.000000,0.000000
112108078,-89.3257,-5.2249,0.000000,0.000000,0.000000,0.000000
112108109,-89.3257,-5.2249,0.000000,0.000000,0.000000,0.000000
112108156,-89.3257,-5.2249,0.000000,0.000000,0.000000,0.000000
112108187,-89.3257,-5.2249,0.000000,0.000000,0.000000,0.000000
112108234,-89.3257,-5.2249,0.000000,0.000000,0.000000,0.000000
112108281,-89.3257,-5.2249,0.000000,0.000000,0.000000,0.000000
112108312,-89.3257,-5.2249,0.000000,0.000000,0.000000,0.000000
112108359,-89.3257,-5.2249,0.000000,0.000000,0.000000,0.000000
112108406,-89.3257,-5.2249,0.000000,0.000000,0.000000,0.000000
112108484,-89.3257,-5.2255,0.000000,0.000000,0.000000,0.000000
112108531,-89.3257,-5.2249,0.000000,0.000000,0.000000,0.000000
112108578,-89.3257,-5.2249,0.000000,0.000000,0.000000,0.000000
112108609,-89.3257,-5.2249,0.000000,0.000000,0.000000,0.000000
112108656,-89.3257,-5.2249,0.000000,0.000000,0.000000,0.000000
112108718,-89.3257,-5.2249,0.000000,0.000000,0.000000,0.000000
112108750,-89.3257,-5.2249,0.000000,0.000000,0.000000,0.000000
112108796,-89.3257,-5.2249,0.000000,0.000000,0.000000,0.000000
112108843,-89.3257,-5.2249,0.000000,0.000000,0.000000,0.000000
112108875,-89.3257,-5.2249,0.000000,0.000000,0.000000,0.000000
112108921,-89.3257,-5.2249,0.000000,0.000000,0.000000,0.000000
112108968,-89.3257,-5.2249,0.000000,0.000000,0.000000,0.000000
112109015,-89.3257,-5.2249,0.000000,0.000000,0.000000,0.000000
112109046,-89.3257,-5.2249,0.000000,0.000000,0.000000,0.000000
112109093,-89.3257,-5.2249,0.000000,0.000000,0.000000,0.000000
112109140,-89.3257,-5.2249,0.000000,0.000000,0.000000,0.000000
112109187,-89.3257,-5.2249,0.000000,0.000000,0.000000,0.000000
112109234,-89.3257,-5.2249,0.000000,0.000000,0.000000,0.000000
112109265,-89.3257,-5.2249,0.000000,0.000000,0.000000,0.000000
112109296,-89.3257,-5.2249,0.000000,0.000000,0.000000,0.000000
112109359,-89.3257,-5.2249,0.000000,0.000000,0.000000,0.000000
112109406,-89.3257,-5.2249,0.000000,0.000000,0.000000,0.000000
112109453,-89.3257,-5.2249,0.000000,0.000000,0.000000,0.000000
112109515,-89.3257,-5.2249,0.000000,0.000000,0.000000,0.000000
112109578,-89.3257,-5.2249,0.000000,0.000000,0.000000,0.000000
112109656,-89.3257,-5.2249,0.000000,0.000000,0.000000,0.000000
112109734,-89.3257,-5.2249,0.000000,0.000000,0.000000,0.000000
112109796,-89.3257,-5.2249,0.000000,0.000000,0.000000,0.000000
112109843,-89.3257,-5.2249,0.000000,0.000000,0.000000,0.000000
112109890,-89.3257,-5.2249,0.000000,0.000000,0.000000,0.000000
112109953,-89.3257,-5.2249,0.000000,0.000000,0.000000,0.000000
112110015,-89.3257,-5.2249,0.000000,0.000000,0.000000,0.000000
112110093,-89.3257,-5.2249,0.000000,0.000000,0.000000,0.000000
112110140,-89.3257,-5.2249,0.000000,0.000000,0.000000,0.000000
112110187,-89.3257,-5.2249,0.000000,0.000000,0.000000,0.000000
112110250,-89.3257,-5.2249,0.000000,0.000000,0.000000,0.000000
112110296,-89.3257,-5.2249,0.000000,0.000000,0.000000,0.000000
112110359,-89.3257,-5.2249,0.000000,0.000000,0.000000,0.000000
112110406,-89.3257,-5.2249,0.000000,0.000000,0.000000,0.000000
112110453,-89.3257,-5.2249,0.000000,0.000000,0.000000,0.000000
112110500,-89.3257,-5.2249,0.000000,0.000000,0.000000,0.000000
112110562,-89.3257,-5.2249,0.000000,0.000000,0.000000,0.000000
112110593,-89.3257,-5.2249,0.000000,0.000000,0.000000,0.000000
112110656,-89.3257,-5.2249,0.000000,0.000000,0.000000,0.000000
112110718,-89.3257,-5.2249,0.000000,0.000000,0.000000,0.000000
112110781,-89.3257,-5.2249,0.000000,0.000000,0.000000,0.000000
112110843,-89.3257,-5.2249,0.000000,0.000000,0.000000,0.000000
112110875,-89.3257,-5.2249,0.000000,0.000000,0.000000,0.000000
112110953,-89.3257,-5.2249,0.000000,0.000000,0.000000,0.000000
112111046,-89.3257,-5.2249,0.000000,0.000000,0.000000,0.000000
112111156,-89.3257,-5.2249,0.000000,0.000000,0.000000,0.000000
112111250,-89.3257,-5.2249,0.000000,0.000000,0.000000,0.000000
112111328,-89.3257,-5.2249,0.000000,0.000000,0.000000,0.000000
112111406,-89.3257,-5.2249,0.000000,0.000000,0.000000,0.000000
112111437,-89.3257,-5.2249,0.000000,0.000000,0.000000,0.000000
112111500,-89.3257,-5.2249,0.000000,0.000000,0.000000,0.000000
112111546,-89.3257,-5.2249,0.000000,0.000000,0.000000,0.000000
112111609,-89.3257,-5.2249,0.000000,0.000000,0.000000,0.000000
112111703,-89.3257,-5.2249,0.000000,0.000000,0.000000,0.000000
112111734,-89.3257,-5.2249,0.000000,0.000000,0.000000,0.000000
112111781,-89.3257,-5.2249,0.000000,0.000000,0.000000,0.000000
112111843,-89.3257,-5.2249,0.000000,0.000000,0.000000,0.000000
112111921,-89.3257,-5.2249,0.000000,0.000000,0.000000,0.000000
112111984,-89.3257,-5.2249,0.000000,0.000000,0.000000,0.000000
112112046,-89.3257,-5.2249,0.000000,0.000000,0.000000,0.000000
112112140,-89.3257,-5.2249,0.000000,0.000000,0.000000,0.000000
112112218,-89.3257,-5.2249,0.000000,0.000000,0.000000,0.000000
112112281,-89.3257,-5.2249,0.000000,0.000000,0.000000,0.000000
112112375,-89.3257,-5.2249,0.000000,0.000000,0.000000,0.000000
112112437,-89.3257,-5.2249,0.000000,0.000000,0.000000,0.000000
112112500,-89.3257,-5.2249,0.000000,0.000000,0.000000,0.000000
112112562,-89.3257,-5.2249,0.000000,0.000000,0.000000,0.000000
112112609,-89.3257,-5.2249,0.000000,0.000000,0.000000,0.000000
112112656,-89.3257,-5.2249,0.000000,0.000000,0.000000,0.000000
112112703,-89.3257,-5.2249,0.000000,0.000000,0.000000,0.000000
112112750,-89.3257,-5.2249,0.000000,0.000000,0.000000,0.000000
112112781,-89.3257,-5.2249,0.000000,0.000000,0.000000,0.000000
112112828,-89.3257,-5.2249,0.000000,0.000000,0.000000,0.000000
112112921,-89.3257,-5.2249,0.000000,0.000000,0.000000,0.000000
112113000,-89.3257,-5.2249,0.000000,0.000000,0.000000,0.000000
112113062,-89.3257,-5.2249,0.000000,0.000000,0.000000,0.000000
112113125,-89.3257,-5.2249,0.000000,0.000000,0.000000,0.000000
112113171,-89.3257,-5.2249,0.000000,0.000000,0.000000,0.000000
112113265,-89.3257,-5.2249,0.000000,0.000000,0.000000,0.000000
112113468,-89.3257,-5.2249,0.000000,0.000000,0.000000,0.000000
112113515,-89.3257,-5.2249,0.000000,0.000000,0.000000,0.000000
112113546,-89.3257,-5.2249,0.000000,0.000000,0.000000,0.000000
112113718,-89.3257,-5.2249,0.000000,0.000000,0.000000,0.000000
112113765,-89.3257,-5.2249,0.000000,0.000000,0.000000,0.000000
112113812,-89.3257,-5.2249,0.000000,0.000000,0.000000,0.000000
112113906,-89.3257,-5.2249,0.000000,0.000000,0.000000,0.000000
112113968,-89.3257,-5.2249,0.000000,0.000000,0.000000,0.000000
112114031,-89.3257,-5.2249,0.000000,0.000000,0.000000,0.000000
112114062,-89.3257,-5.2249,0.000000,0.000000,0.000000,0.000000
112114125,-89.3257,-5.2249,0.000000,0.000000,0.000000,0.000000
112114171,-89.3257,-5.2249,0.000000,0.000000,0.000000,0.000000
112114203,-89.3257,-5.2249,0.000000,0.000000,0.000000,0.000000
112114250,-89.3257,-5.2249,0.000000,0.000000,0.000000,0.000000
112114281,-89.3257,-5.2249,0.000000,0.000000,0.000000,0.000000
112114328,-89.3257,-5.2249,0.000000,0.000000,0.000000,0.000000
112114375,-89.3257,-5.2249,0.000000,0.000000,0.000000,0.000000
112114421,-89.3257,-5.2249,0.000000,0.000000,0.000000,0.000000
112114468,-89.3257,-5.2249,0.000000,0.000000,0.000000,0.000000
112114531,-89.3257,-5.2249,0.000000,0.000000,0.000000,0.000000
112114578,-89.3257,-5.2249,0.000000,0.000000,0.000000,0.000000
112114640,-89.3257,-5.2249,0.000000,0.000000,0.000000,0.000000
112114687,-89.3257,-5.2249,0.000000,0.000000,0.000000,0.000000
112114734,-89.3257,-5.2249,0.000000,0.000000,0.000000,0.000000
112114812,-89.3257,-5.2249,0.000000,0.000000,0.000000,0.000000
112114890,-89.3257,-5.2249,0.000000,0.000000,0.000000,0.000000
112114968,-89.3257,-5.2249,0.000000,0.000000,0.000000,0.000000
112115015,-89.3257,-5.2249,0.000000,0.000000,0.000000,0.000000
112115093,-89.3257,-5.2249,0.000000,0.000000,0.000000,0.000000
112115156,-89.3257,-5.2249,0.000000,0.000000,0.000000,0.000000
112115218,-89.3257,-5.2249,0.000000,0.000000,0.000000,0.000000
112115296,-89.3257,-5.2249,0.000000,0.000000,0.000000,0.000000
112115328,-89.3257,-5.2249,0.000000,0.000000,0.000000,0.000000
112115375,-89.3257,-5.2249,0.000000,0.000000,0.000000,0.000000
112115421,-89.3257,-5.2249,0.000000,0.000000,0.000000,0.000000
112115484,-89.3257,-5.2249,0.000000,0.000000,0.000000,0.000000
112115531,-89.3257,-5.2249,0.000000,0.000000,0.000000,0.000000
112115562,-89.3257,-5.2249,0.000000,0.000000,0.000000,0.000000
112115609,-89.3257,-5.2249,0.000000,0.000000,0.000000,0.000000
112115671,-89.3257,-5.2249,0.000000,0.000000,0.000000,0.000000
112115718,-89.3257,-5.2249,0.000000,0.000000,0.000000,0.000000
112115765,-89.3257,-5.2249,0.000000,0.000000,0.000000,0.000000
112115812,-89.3257,-5.2249,0.000000,0.000000,0.000000,0.000000
112115859,-89.3257,-5.2249,0.000000,0.000000,0.000000,0.000000
112115906,-89.3257,-5.2249,0.000000,0.000000,0.000000,0.000000
112115968,-89.3257,-5.2249,0.000000,0.000000,0.000000,0.000000
112116015,-89.3257,-5.2249,0.000000,0.000000,0.000000,0.000000
112116062,-89.3257,-5.2249,0.000000,0.000000,0.000000,0.000000
112116109,-89.3257,-5.2249,0.000000,0.000000,0.000000,0.000000
112116156,-89.3257,-5.2249,0.000000,0.000000,0.000000,0.000000
112116203,-89.3257,-5.2249,0.000000,0.000000,0.000000,0.000000
112116250,-89.3257,-5.2249,0.000000,0.000000,0.000000,0.000000
112116296,-89.3257,-5.2249,0.000000,0.000000,0.000000,0.000000
112116343,-89.3257,-5.2249,0.000000,0.000000,0.000000,0.000000
112116390,-89.3257,-5.2249,0.000000,0.000000,0.000000,0.000000
112116437,-89.3257,-5.2255,0.000000,0.000000,0.000000,0.000000
112116500,-89.3257,-5.2249,0.000000,0.000000,0.000000,0.000000
112116531,-89.3257,-5.2249,0.000000,0.000000,0.000000,0.000000
112116578,-89.3257,-5.2249,0.000000,0.000000,0.000000,0.000000
112116625,-89.3257,-5.2249,0.000000,0.000000,0.000000,0.000000
112116687,-89.3257,-5.2249,0.000000,0.000000,0.000000,0.000000
112116750,-89.3257,-5.2249,0.000000,0.000000,0.000000,0.000000
112116796,-89.3257,-5.2249,0.000000,0.000000,0.000000,0.000000
112116843,-89.3257,-5.2249,0.000000,0.000000,0.000000,0.000000
112116890,-89.3257,-5.2249,0.000000,0.000000,0.000000,0.000000
112116937,-89.3257,-5.2249,0.000000,0.000000,0.000000,0.000000
112116984,-89.3257,-5.2249,0.000000,0.000000,0.000000,0.000000
112117031,-89.3257,-5.2249,0.000000,0.000000,0.000000,0.000000
112117078,-89.3257,-5.2249,0.000000,0.000000,0.000000,0.000000
112117140,-89.3257,-5.2249,0.000000,0.000000,0.000000,0.000000
112117187,-89.3257,-5.2249,0.000000,0.000000,0.000000,0.000000
112117250,-89.3257,-5.2249,0.000000,0.000000,0.000000,0.000000
112117281,-89.3257,-5.2249,0.000000,0.000000,0.000000,0.000000
112117328,-89.3257,-5.2249,0.000000,0.000000,0.000000,0.000000
112117390,-89.3257,-5.2249,0.000000,0.000000,0.000000,0.000000
112117437,-89.3257,-5.2249,0.000000,0.000000,0.000000,0.000000
112117484,-89.3257,-5.2249,0.000000,0.000000,0.000000,0.000000
112117531,-89.3257,-5.2249,0.000000,0.000000,0.000000,0.000000
112117578,-89.3257,-5.2249,0.000000,0.000000,0.000000,0.000000
112117625,-89.3257,-5.2249,0.000000,0.000000,0.000000,0.000000
112117671,-89.3257,-5.2249,0.000000,0.000000,0.000000,0.000000
112117734,-89.3257,-5.2249,0.000000,0.000000,0.000000,0.000000
112117781,-89.3257,-5.2249,0.000000,0.000000,0.000000,0.000000
112117828,-89.3257,-5.2249,0.000000,0.000000,0.000000,0.000000
112117875,-89.3257,-5.2249,0.000000,0.000000,0.000000,0.000000
112117921,-89.3257,-5.2249,0.000000,0.000000,0.000000,0.000000
112117968,-89.3257,-5.2255,0.000000,0.000000,0.000000,0.000000
112118015,-89.3257,-5.2249,0.000000,0.000000,0.000000,0.000000
112118062,-89.3257,-5.2249,0.000000,0.000000,0.000000,0.000000
112118109,-89.3257,-5.2249,0.000000,0.000000,0.000000,0.000000
112118156,-89.3257,-5.2249,0.000000,0.000000,0.000000,0.000000
112118218,-89.3257,-5.2249,0.000000,0.000000,0.000000,0.000000
112118265,-89.3257,-5.2249,0.000000,0.000000,0.000000,0.000000
112118312,-89.3257,-5.2249,0.000000,0.000000,0.000000,0.000000
112118343,-89.3257,-5.2249,0.000000,0.000000,0.000000,0.000000
112118390,-89.3257,-5.2249,0.000000,0.000000,0.000000,0.000000
112118421,-89.3257,-5.2249,0.000000,0.000000,0.000000,0.000000
112118468,-89.3257,-5.2249,0.000000,0.000000,0.000000,0.000000
112118500,-89.3257,-5.2249,0.000000,0.000000,0.000000,0.000000
112118546,-89.3257,-5.2249,0.000000,0.000000,0.000000,0.000000
112118578,-89.3257,-5.2249,0.000000,0.000000,0.000000,0.000000
112118640,-89.3257,-5.2249,0.000000,0.000000,0.000000,0.000000
112118687,-89.3257,-5.2249,0.000000,0.000000,0.000000,0.000000
112118718,-89.3257,-5.2249,0.000000,0.000000,0.000000,0.000000
112118765,-89.3257,-5.2249,0.000000,0.000000,0.000000,0.000000
112118796,-89.3257,-5.2249,0.000000,0.000000,0.000000,0.000000
112118843,-89.3257,-5.2249,0.000000,0.000000,0.000000,0.000000
112118875,-89.3257,-5.2249,0.000000,0.000000,0.000000,0.000000
112118921,-89.3257,-5.2249,0.000000,0.000000,0.000000,0.000000
112118984,-89.3257,-5.2249,0.000000,0.000000,0.000000,0.000000
112119078,-89.3257,-5.2249,0.000000,0.000000,0.000000,0.000000
112119125,-89.3257,-5.2249,0.000000,0.000000,0.000000,0.000000
112119156,-89.3257,-5.2249,0.000000,0.000000,0.000000,0.000000
112119203,-89.3257,-5.2249,0.000000,0.000000,0.000000,0.000000
112119250,-89.3257,-5.2249,0.000000,0.000000,0.000000,0.000000
112119296,-89.3257,-5.2249,0.000000,0.000000,0.000000,0.000000
112119328,-89.3257,-5.2249,0.000000,0.000000,0.000000,0.000000
112119390,-89.3257,-5.2249,0.000000,0.000000,0.000000,0.000000
112119468,-89.3257,-5.2249,0.000000,0.000000,0.000000,0.000000
112119546,-89.3257,-5.2249,0.000000,0.000000,0.000000,0.000000
112119609,-89.3257,-5.2249,0.000000,0.000000,0.000000,0.000000
112119687,-89.3257,-5.2249,0.000000,0.000000,0.000000,0.000000
112119765,-89.3257,-5.2249,0.000000,0.000000,0.000000,0.000000
112119828,-89.3257,-5.2249,0.000000,0.000000,0.000000,0.000000
112120218,-89.3257,-5.2249,0.000000,0.000000,0.000000,0.000000
112120265,-89.3257,-5.2249,0.000000,0.000000,0.000000,0.000000
112120296,-89.3257,-5.2249,0.000000,0.000000,0.000000,0.000000
112120343,-89.3257,-5.2249,0.000000,0.000000,0.000000,0.000000
112120375,-89.3257,-5.2249,0.000000,0.000000,0.000000,0.000000
112120406,-89.3257,-5.2249,0.000000,0.000000,0.000000,0.000000
112120453,-89.3257,-5.2249,0.000000,0.000000,0.000000,0.000000
112120500,-89.3257,-5.2249,0.000000,0.000000,0.000000,0.000000
112120546,-89.3257,-5.2249,0.000000,0.000000,0.000000,0.000000
112120578,-89.3257,-5.2249,0.000000,0.000000,0.000000,0.000000
112120609,-89.3257,-5.2249,0.000000,0.000000,0.000000,0.000000
112120656,-89.3257,-5.2249,0.000000,0.000000,0.000000,0.000000
112120703,-89.3257,-5.2249,0.000000,0.000000,0.000000,0.000000
112120734,-89.3257,-5.2249,0.000000,0.000000,0.000000,0.000000
112120781,-89.3257,-5.2249,0.000000,0.000000,0.000000,0.000000
112120812,-89.3257,-5.2249,0.000000,0.000000,0.000000,0.000000
112120859,-89.3257,-5.2249,0.000000,0.000000,0.000000,0.000000
112120906,-89.3257,-5.2249,0.000000,0.000000,0.000000,0.000000
112120953,-89.3257,-5.2249,0.000000,0.000000,0.000000,0.000000
112120984,-89.3257,-5.2249,0.000000,0.000000,0.000000,0.000000
112121031,-89.3257,-5.2249,0.000000,0.000000,0.000000,0.000000
112121078,-89.3257,-5.2249,0.000000,0.000000,0.000000,0.000000
112121109,-89.3257,-5.2249,0.000000,0.000000,0.000000,0.000000
112121156,-89.3257,-5.2249,0.000000,0.000000,0.000000,0.000000
112121187,-89.3257,-5.2249,0.000000,0.000000,0.000000,0.000000
112121234,-89.3257,-5.2249,0.000000,0.000000,0.000000,0.000000
112121265,-89.3257,-5.2249,0.000000,0.000000,0.000000,0.000000
112121312,-89.3257,-5.2249,0.000000,0.000000,0.000000,0.000000
112121359,-89.3257,-5.2249,0.000000,0.000000,0.000000,0.000000
112121406,-89.3257,-5.2249,0.000000,0.000000,0.000000,0.000000
112121453,-89.3257,-5.2249,0.000000,0.000000,0.000000,0.000000
112121500,-89.3257,-5.2249,0.000000,0.000000,0.000000,0.000000
112121562,-89.3257,-5.2249,0.000000,0.000000,0.000000,0.000000
112121609,-89.3257,-5.2249,0.000000,0.000000,0.000000,0.000000
112121656,-89.3257,-5.2249,0.000000,0.000000,0.000000,0.000000
112121703,-89.3257,-5.2249,0.000000,0.000000,0.000000,0.000000
112121750,-89.3257,-5.2249,0.000000,0.000000,0.000000,0.000000
112121812,-89.3257,-5.2249,0.000000,0.000000,0.000000,0.000000
112121859,-89.3257,-5.2249,0.000000,0.000000,0.000000,0.000000
112121906,-89.3257,-5.2249,0.000000,0.000000,0.000000,0.000000
112121953,-89.3257,-5.2249,0.000000,0.000000,0.000000,0.000000
112122000,-89.3257,-5.2249,0.000000,0.000000,0.000000,0.000000
112122046,-89.3257,-5.2249,0.000000,0.000000,0.000000,0.000000
112122109,-89.3257,-5.2249,0.000000,0.000000,0.000000,0.000000
112122156,-89.3257,-5.2249,0.000000,0.000000,0.000000,0.000000
112122203,-89.3257,-5.2249,0.000000,0.000000,0.000000,0.000000
112122250,-89.3257,-5.2249,0.000000,0.000000,0.000000,0.000000
112122312,-89.3257,-5.2249,0.000000,0.000000,0.000000,0.000000
112122359,-89.3257,-5.2249,0.000000,0.000000,0.000000,0.000000
112122406,-89.3257,-5.2249,0.000000,0.000000,0.000000,0.000000
112122453,-89.3257,-5.2249,0.000000,0.000000,0.000000,0.000000
112122515,-89.3257,-5.2249,0.000000,0.000000,0.000000,0.000000
112122562,-89.3257,-5.2249,0.000000,0.000000,0.000000,0.000000
112122609,-89.3257,-5.2249,0.000000,0.000000,0.000000,0.000000
112122656,-89.3257,-5.2249,0.000000,0.000000,0.000000,0.000000
112122703,-89.3257,-5.2249,0.000000,0.000000,0.000000,0.000000
112122765,-89.3257,-5.2249,0.000000,0.000000,0.000000,0.000000
112122828,-89.3257,-5.2249,0.000000,0.000000,0.000000,0.000000
112122890,-89.3257,-5.2249,0.000000,0.000000,0.000000,0.000000
112122937,-89.3257,-5.2249,0.000000,0.000000,0.000000,0.000000
112122984,-89.3257,-5.2249,0.000000,0.000000,0.000000,0.000000
112123031,-89.3257,-5.2249,0.000000,0.000000,0.000000,0.000000
112123093,-89.3257,-5.2249,0.000000,0.000000,0.000000,0.000000
112123140,-89.3257,-5.2249,0.000000,0.000000,0.000000,0.000000
112123187,-89.3257,-5.2249,0.000000,0.000000,0.000000,0.000000
112123234,-89.3257,-5.2249,0.000000,0.000000,0.000000,0.000000
112123296,-89.3257,-5.2249,0.000000,0.000000,0.000000,0.000000
112123343,-89.3257,-5.2249,0.000000,0.000000,0.000000,0.000000
112123421,-89.3257,-5.2249,0.000000,0.000000,0.000000,0.000000
112123468,-89.3257,-5.2249,0.000000,0.000000,0.000000,0.000000
112123515,-89.3257,-5.2249,0.000000,0.000000,0.000000,0.000000
112123578,-89.3257,-5.2249,0.000000,0.000000,0.000000,0.000000
112123640,-89.3257,-5.2249,0.000000,0.000000,0.000000,0.000000
112123687,-89.3257,-5.2249,0.000000,0.000000,0.000000,0.000000
112123750,-89.3257,-5.2249,0.000000,0.000000,0.000000,0.000000
112123812,-89.3257,-5.2249,0.000000,0.000000,0.000000,0.000000
112123875,-89.3257,-5.2249,0.000000,0.000000,0.000000,0.000000
112123953,-89.3257,-5.2249,0.000000,0.000000,0.000000,0.000000
112124000,-89.3257,-5.2249,0.000000,0.000000,0.000000,0.000000
112124078,-89.3257,-5.2249,0.000000,0.000000,0.000000,0.000000
112124125,-89.3257,-5.2249,0.000000,0.000000,0.000000,0.000000
112124187,-89.3257,-5.2249,0.000000,0.000000,0.000000,0.000000
112124234,-89.3257,-5.2249,0.000000,0.000000,0.000000,0.000000
112124281,-89.3257,-5.2249,0.000000,0.000000,0.000000,0.000000
112124328,-89.3257,-5.2249,0.000000,0.000000,0.000000,0.000000
112124375,-89.3257,-5.2249,0.000000,0.000000,0.000000,0.000000
112124421,-89.3257,-5.2249,0.000000,0.000000,0.000000,0.000000
112124468,-89.3257,-5.2249,0.000000,0.000000,0.000000,0.000000
112124515,-89.3257,-5.2249,0.000000,0.000000,0.000000,0.000000
112124546,-89.3257,-5.2249,0.000000,0.000000,0.000000,0.000000
112124593,-89.3257,-5.2249,0.000000,0.000000,0.000000,0.000000
112124640,-89.3257,-5.2249,0.000000,0.000000,0.000000,0.000000
112124687,-89.3257,-5.2249,0.000000,0.000000,0.000000,0.000000
112124734,-89.3257,-5.2249,0.000000,0.000000,0.000000,0.000000
112124781,-89.3257,-5.2249,0.000000,0.000000,0.000000,0.000000
112124828,-89.3257,-5.2249,0.000000,0.000000,0.000000,0.000000
112124859,-89.3257,-5.2249,0.000000,0.000000,0.000000,0.000000
112124921,-89.3257,-5.2249,0.000000,0.000000,0.000000,0.000000
112124968,-89.3257,-5.2249,0.000000,0.000000,0.000000,0.000000
112125015,-89.3257,-5.2249,0.000000,0.000000,0.000000,0.000000
112125046,-89.3257,-5.2249,0.000000,0.000000,0.000000,0.000000
112125093,-89.3257,-5.2249,0.000000,0.000000,0.000000,0.000000
112125140,-89.3257,-5.2249,0.000000,0.000000,0.000000,0.000000
112125171,-89.3257,-5.2249,0.000000,0.000000,0.000000,0.000000
112125218,-89.3257,-5.2249,0.000000,0.000000,0.000000,0.000000
112125250,-89.3257,-5.2249,0.000000,0.000000,0.000000,0.000000
112125296,-89.3257,-5.2249,0.000000,0.000000,0.000000,0.000000
112125359,-89.3257,-5.2249,0.000000,0.000000,0.000000,0.000000
112125406,-89.3257,-5.2249,0.000000,0.000000,0.000000,0.000000
112125453,-89.3257,-5.2249,0.000000,0.000000,0.000000,0.000000
112125500,-89.3257,-5.2249,0.000000,0.000000,0.000000,0.000000
112125546,-89.3257,-5.2249,0.000000,0.000000,0.000000,0.000000
112125593,-89.3257,-5.2249,0.000000,0.000000,0.000000,0.000000
112125640,-89.3257,-5.2249,0.000000,0.000000,0.000000,0.000000
112125703,-89.3257,-5.2249,0.000000,0.000000,0.000000,0.000000
112125750,-89.3257,-5.2249,0.000000,0.000000,0.000000,0.000000
112125796,-89.3257,-5.2249,0.000000,0.000000,0.000000,0.000000
112125859,-89.3257,-5.2249,0.000000,0.000000,0.000000,0.000000
112125906,-89.3257,-5.2255,0.000000,0.000000,0.000000,0.000000
112125968,-89.3257,-5.2249,0.000000,0.000000,0.000000,0.000000
112126015,-89.3257,-5.2249,0.000000,0.000000,0.000000,0.000000
112126062,-89.3257,-5.2249,0.000000,0.000000,0.000000,0.000000
112126140,-89.3257,-5.2249,0.000000,0.000000,0.000000,0.000000
112126187,-89.3257,-5.2249,0.000000,0.000000,0.000000,0.000000
112126265,-89.3257,-5.2249,0.000000,0.000000,0.000000,0.000000
112126312,-89.3257,-5.2249,0.000000,0.000000,0.000000,0.000000
112126375,-89.3257,-5.2249,0.000000,0.000000,0.000000,0.000000
112126421,-89.3257,-5.2249,0.000000,0.000000,0.000000,0.000000
112126468,-89.3257,-5.2249,0.000000,0.000000,0.000000,0.000000
112126515,-89.3257,-5.2249,0.000000,0.000000,0.000000,0.000000
112126562,-89.3257,-5.2249,0.000000,0.000000,0.000000,0.000000
112126625,-89.3257,-5.2249,0.000000,0.000000,0.000000,0.000000
112126671,-89.3257,-5.2249,0.000000,0.000000,0.000000,0.000000
112126734,-89.3257,-5.2249,0.000000,0.000000,0.000000,0.000000
112126781,-89.3257,-5.2249,0.000000,0.000000,0.000000,0.000000
112126843,-89.3257,-5.2249,0.000000,0.000000,0.000000,0.000000
112126890,-89.3257,-5.2249,0.000000,0.000000,0.000000,0.000000
112126968,-89.3257,-5.2249,0.000000,0.000000,0.000000,0.000000
112127015,-89.3257,-5.2249,0.000000,0.000000,0.000000,0.000000
112127062,-89.3257,-5.2249,0.000000,0.000000,0.000000,0.000000
112127125,-89.3257,-5.2249,0.000000,0.000000,0.000000,0.000000
112127171,-89.3257,-5.2249,0.000000,0.000000,0.000000,0.000000
112127234,-89.3257,-5.2249,0.000000,0.000000,0.000000,0.000000
112127296,-89.3257,-5.2249,0.000000,0.000000,0.000000,0.000000
112127343,-89.3257,-5.2249,0.000000,0.000000,0.000000,0.000000
112127390,-89.3257,-5.2249,0.000000,0.000000,0.000000,0.000000
112127421,-89.3257,-5.2249,0.000000,0.000000,0.000000,0.000000
112127468,-89.3257,-5.2249,0.000000,0.000000,0.000000,0.000000
112127515,-89.3257,-5.2249,0.000000,0.000000,0.000000,0.000000
112127562,-89.3257,-5.2249,0.000000,0.000000,0.000000,0.000000
112127593,-89.3257,-5.2249,0.000000,0.000000,0.000000,0.000000
112127640,-89.3257,-5.2249,0.000000,0.000000,0.000000,0.000000
112127687,-89.3257,-5.2249,0.000000,0.000000,0.000000,0.000000
112127734,-89.3257,-5.2249,0.000000,0.000000,0.000000,0.000000
112127765,-89.3257,-5.2249,0.000000,0.000000,0.000000,0.000000
112127812,-89.3257,-5.2249,0.000000,0.000000,0.000000,0.000000
112127843,-89.3257,-5.2249,0.000000,0.000000,0.000000,0.000000
112127921,-89.3257,-5.2249,0.000000,0.000000,0.000000,0.000000
112127968,-89.3257,-5.2249,0.000000,0.000000,0.000000,0.000000
112128000,-89.3257,-5.2249,0.000000,0.000000,0.000000,0.000000
112128046,-89.3257,-5.2249,0.000000,0.000000,0.000000,0.000000
112128093,-89.3257,-5.2249,0.000000,0.000000,0.000000,0.000000
112128140,-89.3257,-5.2249,0.000000,0.000000,0.000000,0.000000
112128171,-89.3257,-5.2249,0.000000,0.000000,0.000000,0.000000
112128218,-89.3257,-5.2249,0.000000,0.000000,0.000000,0.000000
112128250,-89.3257,-5.2249,0.000000,0.000000,0.000000,0.000000
112128296,-89.3257,-5.2249,0.000000,0.000000,0.000000,0.000000
112128343,-89.3257,-5.2249,0.000000,0.000000,0.000000,0.000000
112128390,-89.3257,-5.2249,0.000000,0.000000,0.000000,0.000000
112128453,-89.3257,-5.2249,0.000000,0.000000,0.000000,0.000000
112128515,-89.3257,-5.2249,0.000000,0.000000,0.000000,0.000000
112128562,-89.3257,-5.2249,0.000000,0.000000,0.000000,0.000000
112128640,-89.3257,-5.2249,0.000000,0.000000,0.000000,0.000000
112128718,-89.3257,-5.2249,0.000000,0.000000,0.000000,0.000000
112128765,-89.3257,-5.2249,0.000000,0.000000,0.000000,0.000000
112128843,-89.3257,-5.2249,0.000000,0.000000,0.000000,0.000000
112128906,-89.3257,-5.2249,0.000000,0.000000,0.000000,0.000000
112128968,-89.3257,-5.2249,0.000000,0.000000,0.000000,0.000000
112129031,-89.3257,-5.2249,0.000000,0.000000,0.000000,0.000000
112129093,-89.3257,-5.2249,0.000000,0.000000,0.000000,0.000000
112129171,-89.3257,-5.2249,0.000000,0.000000,0.000000,0.000000
112129218,-89.3257,-5.2249,0.000000,0.000000,0.000000,0.000000
112129296,-89.3257,-5.2249,0.000000,0.000000,0.000000,0.000000
112129343,-89.3257,-5.2249,0.000000,0.000000,0.000000,0.000000
112129406,-89.3257,-5.2249,0.000000,0.000000,0.000000,0.000000
112129453,-89.3257,-5.2249,0.000000,0.000000,0.000000,0.000000
112129515,-89.3257,-5.2249,0.000000,0.000000,0.000000,0.000000
112129578,-89.3257,-5.2249,0.000000,0.000000,0.000000,0.000000
112129640,-89.3257,-5.2249,0.000000,0.000000,0.000000,0.000000
112129687,-89.3257,-5.2249,0.000000,0.000000,0.000000,0.000000
112129765,-89.3257,-5.2249,0.000000,0.000000,0.000000,0.000000
112129828,-89.3257,-5.2249,0.000000,0.000000,0.000000,0.000000
112129890,-89.3257,-5.2249,0.000000,0.000000,0.000000,0.000000
112130109,-89.3257,-5.2249,0.000000,0.000000,0.000000,0.000000
112130156,-89.3257,-5.2249,0.000000,0.000000,0.000000,0.000000
112130187,-89.3257,-5.2249,0.000000,0.000000,0.000000,0.000000
112130234,-89.3257,-5.2249,0.000000,0.000000,0.000000,0.000000
112130296,-89.3257,-5.2249,0.000000,0.000000,0.000000,0.000000
112130343,-89.3257,-5.2249,0.000000,0.000000,0.000000,0.000000
112130406,-89.3257,-5.2249,0.000000,0.000000,0.000000,0.000000
112130453,-89.3257,-5.2249,0.000000,0.000000,0.000000,0.000000
112130515,-89.3257,-5.2249,0.000000,0.000000,0.000000,0.000000
112130562,-89.3257,-5.2249,0.000000,0.000000,0.000000,0.000000
112130609,-89.3257,-5.2249,0.000000,0.000000,0.000000,0.000000
112130656,-89.3257,-5.2249,0.000000,0.000000,0.000000,0.000000
112130703,-89.3257,-5.2249,0.000000,0.000000,0.000000,0.000000
112130765,-89.3257,-5.2249,0.000000,0.000000,0.000000,0.000000
112130828,-89.3257,-5.2249,0.000000,0.000000,0.000000,0.000000
112130875,-89.3257,-5.2249,0.000000,0.000000,0.000000,0.000000
112130937,-89.3257,-5.2249,0.000000,0.000000,0.000000,0.000000
112130984,-89.3257,-5.2249,0.000000,0.000000,0.000000,0.000000
112131031,-89.3257,-5.2249,0.000000,0.000000,0.000000,0.000000
112131093,-89.3257,-5.2249,0.000000,0.000000,0.000000,0.000000
112131140,-89.3257,-5.2249,0.000000,0.000000,0.000000,0.000000
112131187,-89.3257,-5.2249,0.000000,0.000000,0.000000,0.000000
112131234,-89.3257,-5.2249,0.000000,0.000000,0.000000,0.000000
112131296,-89.3257,-5.2249,0.000000,0.000000,0.000000,0.000000
112131359,-89.3257,-5.2249,0.000000,0.000000,0.000000,0.000000
112131406,-89.3257,-5.2249,0.000000,0.000000,0.000000,0.000000
112131453,-89.3257,-5.2249,0.000000,0.000000,0.000000,0.000000
112131515,-89.3257,-5.2249,0.000000,0.000000,0.000000,0.000000
112131562,-89.3257,-5.2249,0.000000,0.000000,0.000000,0.000000
112131625,-89.3257,-5.2249,0.000000,0.000000,0.000000,0.000000
112131671,-89.3257,-5.2249,0.000000,0.000000,0.000000,0.000000
112131734,-89.3257,-5.2249,0.000000,0.000000,0.000000,0.000000
112131812,-89.3257,-5.2249,0.000000,0.000000,0.000000,0.000000
112131859,-89.3257,-5.2249,0.000000,0.000000,0.000000,0.000000
112131921,-89.3257,-5.2249,0.000000,0.000000,0.000000,0.000000
112131984,-89.3257,-5.2249,0.000000,0.000000,0.000000,0.000000
112132031,-89.3257,-5.2249,0.000000,0.000000,0.000000,0.000000
112132078,-89.3257,-5.2249,0.000000,0.000000,0.000000,0.000000
112132125,-89.3257,-5.2249,0.000000,0.000000,0.000000,0.000000
112132187,-89.3257,-5.2249,0.000000,0.000000,0.000000,0.000000
112132234,-89.3257,-5.2249,0.000000,0.000000,0.000000,0.000000
112132296,-89.3257,-5.2249,0.000000,0.000000,0.000000,0.000000
112132343,-89.3257,-5.2249,0.000000,0.000000,0.000000,0.000000
112132421,-89.3257,-5.2249,0.000000,0.000000,0.000000,0.000000
112132500,-89.3257,-5.2249,0.000000,0.000000,0.000000,0.000000
112132578,-89.3257,-5.2249,0.000000,0.000000,0.000000,0.000000
112132625,-89.3257,-5.2249,0.000000,0.000000,0.000000,0.000000
112132703,-89.3257,-5.2249,0.000000,0.000000,0.000000,0.000000
112132750,-89.3257,-5.2249,0.000000,0.000000,0.000000,0.000000
112132812,-89.3257,-5.2249,0.000000,0.000000,0.000000,0.000000
112132859,-89.3257,-5.2249,0.000000,0.000000,0.000000,0.000000
112132921,-89.3257,-5.2249,0.000000,0.000000,0.000000,0.000000
112132953,-89.3257,-5.2249,0.000000,0.000000,0.000000,0.000000
112133015,-89.3257,-5.2249,0.000000,0.000000,0.000000,0.000000
112133093,-89.3257,-5.2249,0.000000,0.000000,0.000000,0.000000
112133156,-89.3257,-5.2249,0.000000,0.000000,0.000000,0.000000
112133234,-89.3257,-5.2249,0.000000,0.000000,0.000000,0.000000
112133281,-89.3257,-5.2249,0.000000,0.000000,0.000000,0.000000
112133343,-89.3257,-5.2249,0.000000,0.000000,0.000000,0.000000
112133390,-89.3257,-5.2249,0.000000,0.000000,0.000000,0.000000
112133453,-89.3257,-5.2249,0.000000,0.000000,0.000000,0.000000
112133500,-89.3257,-5.2249,0.000000,0.000000,0.000000,0.000000
112133578,-89.3257,-5.2249,0.000000,0.000000,0.000000,0.000000
112133625,-89.3257,-5.2249,0.000000,0.000000,0.000000,0.000000
112133703,-89.3257,-5.2249,0.000000,0.000000,0.000000,0.000000
112133750,-89.3257,-5.2249,0.000000,0.000000,0.000000,0.000000
112133796,-89.3257,-5.2249,0.000000,0.000000,0.000000,0.000000
112133875,-89.3257,-5.2249,0.000000,0.000000,0.000000,0.000000
112133937,-89.3257,-5.2249,0.000000,0.000000,0.000000,0.000000
112134015,-89.3257,-5.2249,0.000000,0.000000,0.000000,0.000000
112134062,-89.3257,-5.2249,0.000000,0.000000,0.000000,0.000000
112134109,-89.3257,-5.2249,0.000000,0.000000,0.000000,0.000000
112134171,-89.3257,-5.2249,0.000000,0.000000,0.000000,0.000000
112134218,-89.3257,-5.2249,0.000000,0.000000,0.000000,0.000000
112134281,-89.3257,-5.2249,0.000000,0.000000,0.000000,0.000000
112134328,-89.3257,-5.2249,0.000000,0.000000,0.000000,0.000000
112134390,-89.3257,-5.2249,0.000000,0.000000,0.000000,0.000000
112134437,-89.3257,-5.2249,0.000000,0.000000,0.000000,0.000000
112134500,-89.3257,-5.2249,0.000000,0.000000,0.000000,0.000000
112134562,-89.3257,-5.2249,0.000000,0.000000,0.000000,0.000000
112134625,-89.3257,-5.2249,0.000000,0.000000,0.000000,0.000000
112134703,-89.3257,-5.2249,0.000000,0.000000,0.000000,0.000000
112134765,-89.3257,-5.2249,0.000000,0.000000,0.000000,0.000000
112134828,-89.3257,-5.2249,0.000000,0.000000,0.000000,0.000000
112134921,-89.3257,-5.2249,0.000000,0.000000,0.000000,0.000000
112134984,-89.3257,-5.2249,0.000000,0.000000,0.000000,0.000000
112135046,-89.3257,-5.2249,0.000000,0.000000,0.000000,0.000000
112135093,-89.3257,-5.2249,0.000000,0.000000,0.000000,0.000000
112135156,-89.3257,-5.2249,0.000000,0.000000,0.000000,0.000000
112135203,-89.3257,-5.2249,0.000000,0.000000,0.000000,0.000000
112135250,-89.3257,-5.2249,0.000000,0.000000,0.000000,0.000000
112135296,-89.3257,-5.2249,0.000000,0.000000,0.000000,0.000000
112135343,-89.3257,-5.2249,0.000000,0.000000,0.000000,0.000000
112135421,-89.3257,-5.2249,0.000000,0.000000,0.000000,0.000000
112135468,-89.3257,-5.2249,0.000000,0.000000,0.000000,0.000000
112135531,-89.3257,-5.2249,0.000000,0.000000,0.000000,0.000000
112135609,-89.3257,-5.2249,0.000000,0.000000,0.000000,0.000000
112135687,-89.3257,-5.2249,0.000000,0.000000,0.000000,0.000000
112135750,-89.3257,-5.2249,0.000000,0.000000,0.000000,0.000000
112135859,-89.3257,-5.2249,0.000000,0.000000,0.000000,0.000000
112135937,-89.3257,-5.2249,0.000000,0.000000,0.000000,0.000000
112136046,-89.3257,-5.2249,0.000000,0.000000,0.000000,0.000000
112136109,-89.3257,-5.2249,0.000000,0.000000,0.000000,0.000000
112136187,-89.3257,-5.2249,0.000000,0.000000,0.000000,0.000000
112136250,-89.3257,-5.2249,0.000000,0.000000,0.000000,0.000000
112136312,-89.3257,-5.2249,0.000000,0.000000,0.000000,0.000000
112136375,-89.3257,-5.2249,0.000000,0.000000,0.000000,0.000000
112136406,-89.3257,-5.2249,0.000000,0.000000,0.000000,0.000000
112136453,-89.3257,-5.2249,0.000000,0.000000,0.000000,0.000000
112136484,-89.3257,-5.2249,0.000000,0.000000,0.000000,0.000000
112136531,-89.3257,-5.2249,0.000000,0.000000,0.000000,0.000000
112136562,-89.3257,-5.2249,0.000000,0.000000,0.000000,0.000000
112136609,-89.3257,-5.2249,0.000000,0.000000,0.000000,0.000000
112136640,-89.3257,-5.2249,0.000000,0.000000,0.000000,0.000000
112136703,-89.3257,-5.2249,0.000000,0.000000,0.000000,0.000000
112136734,-89.3257,-5.2249,0.000000,0.000000,0.000000,0.000000
112136781,-89.3257,-5.2249,0.000000,0.000000,0.000000,0.000000
112136812,-89.3257,-5.2249,0.000000,0.000000,0.000000,0.000000
112136843,-89.3257,-5.2249,0.000000,0.000000,0.000000,0.000000
112136890,-89.3257,-5.2249,0.000000,0.000000,0.000000,0.000000
112136937,-89.3257,-5.2249,0.000000,0.000000,0.000000,0.000000
112136968,-89.3257,-5.2249,0.000000,0.000000,0.000000,0.000000
112137015,-89.3257,-5.2249,0.000000,0.000000,0.000000,0.000000
112137062,-89.3257,-5.2249,0.000000,0.000000,0.000000,0.000000
112137125,-89.3257,-5.2249,0.000000,0.000000,0.000000,0.000000
112137171,-89.3257,-5.2249,0.000000,0.000000,0.000000,0.000000
112137234,-89.3257,-5.2249,0.000000,0.000000,0.000000,0.000000
112137265,-89.3257,-5.2249,0.000000,0.000000,0.000000,0.000000
112137328,-89.3257,-5.2249,0.000000,0.000000,0.000000,0.000000
112137390,-89.3257,-5.2249,0.000000,0.000000,0.000000,0.000000
112137453,-89.3257,-5.2249,0.000000,0.000000,0.000000,0.000000
112137515,-89.3257,-5.2249,0.000000,0.000000,0.000000,0.000000
112137578,-89.3257,-5.2249,0.000000,0.000000,0.000000,0.000000
112137625,-89.3257,-5.2249,0.000000,0.000000,0.000000,0.000000
112137671,-89.3257,-5.2249,0.000000,0.000000,0.000000,0.000000
112137718,-89.3257,-5.2249,0.000000,0.000000,0.000000,0.000000
112137750,-89.3257,-5.2249,0.000000,0.000000,0.000000,0.000000
112137796,-89.3257,-5.2249,0.000000,0.000000,0.000000,0.000000
112137859,-89.3257,-5.2249,0.000000,0.000000,0.000000,0.000000
112137906,-89.3257,-5.2249,0.000000,0.000000,0.000000,0.000000
112137953,-89.3257,-5.2249,0.000000,0.000000,0.000000,0.000000
112138000,-89.3257,-5.2249,0.000000,0.000000,0.000000,0.000000
112138031,-89.3257,-5.2249,0.000000,0.000000,0.000000,0.000000
112138078,-89.3257,-5.2249,0.000000,0.000000,0.000000,0.000000
112138125,-89.3257,-5.2249,0.000000,0.000000,0.000000,0.000000
112138171,-89.3257,-5.2249,0.000000,0.000000,0.000000,0.000000
112138203,-89.3257,-5.2249,0.000000,0.000000,0.000000,0.000000
112138265,-89.3257,-5.2249,0.000000,0.000000,0.000000,0.000000
112138406,-89.3257,-5.2249,0.000000,0.000000,0.000000,0.000000
112138500,-89.3257,-5.2249,0.000000,0.000000,0.000000,0.000000
112138578,-89.3257,-5.2249,0.000000,0.000000,0.000000,0.000000
112138656,-89.3257,-5.2249,0.000000,0.000000,0.000000,0.000000
112138718,-89.3257,-5.2249,0.000000,0.000000,0.000000,0.000000
112138781,-89.3257,-5.2249,0.000000,0.000000,0.000000,0.000000
112138828,-89.3257,-5.2249,0.000000,0.000000,0.000000,0.000000
112138875,-89.3257,-5.2249,0.000000,0.000000,0.000000,0.000000
112138921,-89.3257,-5.2249,0.000000,0.000000,0.000000,0.000000
112138968,-89.3257,-5.2249,0.000000,0.000000,0.000000,0.000000
112139000,-89.3257,-5.2249,0.000000,0.000000,0.000000,0.000000
112139046,-89.3257,-5.2249,0.000000,0.000000,0.000000,0.000000
112139078,-89.3257,-5.2249,0.000000,0.000000,0.000000,0.000000
112139125,-89.3257,-5.2249,0.000000,0.000000,0.000000,0.000000
112139156,-89.3257,-5.2249,0.000000,0.000000,0.000000,0.000000
112139218,-89.3257,-5.2249,0.000000,0.000000,0.000000,0.000000
112139281,-89.3257,-5.2249,0.000000,0.000000,0.000000,0.000000
112139328,-89.3257,-5.2249,0.000000,0.000000,0.000000,0.000000
112139375,-89.3257,-5.2249,0.000000,0.000000,0.000000,0.000000
112139453,-89.3257,-5.2249,0.000000,0.000000,0.000000,0.000000
112139484,-89.3257,-5.2249,0.000000,0.000000,0.000000,0.000000
112139546,-89.3257,-5.2249,0.000000,0.000000,0.000000,0.000000
112139593,-89.3257,-5.2249,0.000000,0.000000,0.000000,0.000000
112139640,-89.3257,-5.2249,0.000000,0.000000,0.000000,0.000000
112139703,-89.3257,-5.2249,0.000000,0.000000,0.000000,0.000000
112139750,-89.3257,-5.2249,0.000000,0.000000,0.000000,0.000000
112139796,-89.3257,-5.2249,0.000000,0.000000,0.000000,0.000000
112139843,-89.3257,-5.2249,0.000000,0.000000,0.000000,0.000000
112139890,-89.3257,-5.2249,0.000000,0.000000,0.000000,0.000000
112139937,-89.3257,-5.2249,0.000000,0.000000,0.000000,0.000000
112139984,-89.3257,-5.2249,0.000000,0.000000,0.000000,0.000000
112140031,-89.3257,-5.2249,0.000000,0.000000,0.000000,0.000000
112140078,-89.3257,-5.2249,0.000000,0.000000,0.000000,0.000000
112140140,-89.3257,-5.2249,0.000000,0.000000,0.000000,0.000000
112140187,-89.3257,-5.2249,0.000000,0.000000,0.000000,0.000000
112140234,-89.3257,-5.2249,0.000000,0.000000,0.000000,0.000000
112140312,-89.3257,-5.2249,0.000000,0.000000,0.000000,0.000000
112140359,-89.3257,-5.2249,0.000000,0.000000,0.000000,0.000000
112140406,-89.3257,-5.2249,0.000000,0.000000,0.000000,0.000000
112140453,-89.3257,-5.2249,0.000000,0.000000,0.000000,0.000000
112140515,-89.3257,-5.2249,0.000000,0.000000,0.000000,0.000000
112140562,-89.3257,-5.2249,0.000000,0.000000,0.000000,0.000000
112140625,-89.3257,-5.2249,0.000000,0.000000,0.000000,0.000000
112140671,-89.3257,-5.2249,0.000000,0.000000,0.000000,0.000000
112140734,-89.3257,-5.2249,0.000000,0.000000,0.000000,0.000000
112140781,-89.3257,-5.2249,0.000000,0.000000,0.000000,0.000000
112140828,-89.3257,-5.2249,0.000000,0.000000,0.000000,0.000000
112140859,-89.3257,-5.2255,0.000000,0.000000,0.000000,0.000000
112140921,-89.3257,-5.2249,0.000000,0.000000,0.000000,0.000000
112140953,-89.3257,-5.2249,0.000000,0.000000,0.000000,0.000000
112141000,-89.3257,-5.2249,0.000000,0.000000,0.000000,0.000000
112141062,-89.3257,-5.2249,0.000000,0.000000,0.000000,0.000000
112141109,-89.3257,-5.2249,0.000000,0.000000,0.000000,0.000000
112141156,-89.3257,-5.2249,0.000000,0.000000,0.000000,0.000000
112141234,-89.3257,-5.2249,0.000000,0.000000,0.000000,0.000000
112141281,-89.3257,-5.2249,0.000000,0.000000,0.000000,0.000000
112141359,-89.3257,-5.2249,0.000000,0.000000,0.000000,0.000000
112141406,-89.3257,-5.2249,0.000000,0.000000,0.000000,0.000000
112141468,-89.3257,-5.2249,0.000000,0.000000,0.000000,0.000000
112141515,-89.3257,-5.2249,0.000000,0.000000,0.000000,0.000000
112141578,-89.3257,-5.2249,0.000000,0.000000,0.000000,0.000000
112141640,-89.3257,-5.2249,0.000000,0.000000,0.000000,0.000000
112141718,-89.3257,-5.2249,0.000000,0.000000,0.000000,0.000000
112141781,-89.3257,-5.2249,0.000000,0.000000,0.000000,0.000000
112141859,-89.3257,-5.2249,0.000000,0.000000,0.000000,0.000000
112141921,-89.3257,-5.2249,0.000000,0.000000,0.000000,0.000000
112142031,-89.3257,-5.2249,0.000000,0.000000,0.000000,0.000000
112142406,-89.3257,-5.2249,0.000000,0.000000,0.000000,0.000000
112142453,-89.3257,-5.2249,0.000000,0.000000,0.000000,0.000000
112142484,-89.3257,-5.2249,0.000000,0.000000,0.000000,0.000000
112142515,-89.3257,-5.2249,0.000000,0.000000,0.000000,0.000000
112142562,-89.3257,-5.2249,0.000000,0.000000,0.000000,0.000000
112142593,-89.3257,-5.2249,0.000000,0.000000,0.000000,0.000000
112142640,-89.3257,-5.2249,0.000000,0.000000,0.000000,0.000000
112142671,-89.3257,-5.2249,0.000000,0.000000,0.000000,0.000000
112142718,-89.3257,-5.2249,0.000000,0.000000,0.000000,0.000000
112142765,-89.3257,-5.2249,0.000000,0.000000,0.000000,0.000000
112142796,-89.3257,-5.2249,0.000000,0.000000,0.000000,0.000000
112142843,-89.3257,-5.2249,0.000000,0.000000,0.000000,0.000000
112142875,-89.3257,-5.2249,0.000000,0.000000,0.000000,0.000000
112142906,-89.3257,-5.2249,0.000000,0.000000,0.000000,0.000000
112142953,-89.3257,-5.2249,0.000000,0.000000,0.000000,0.000000
112142984,-89.3257,-5.2249,0.000000,0.000000,0.000000,0.000000
112143015,-89.3257,-5.2249,0.000000,0.000000,0.000000,0.000000
112143046,-89.3257,-5.2249,0.000000,0.000000,0.000000,0.000000
112143093,-89.3257,-5.2249,0.000000,0.000000,0.000000,0.000000
112143125,-89.3257,-5.2249,0.000000,0.000000,0.000000,0.000000
112143171,-89.3257,-5.2249,0.000000,0.000000,0.000000,0.000000
112143203,-89.3257,-5.2249,0.000000,0.000000,0.000000,0.000000
112143250,-89.3257,-5.2249,0.000000,0.000000,0.000000,0.000000
112143281,-89.3257,-5.2249,0.000000,0.000000,0.000000,0.000000
112143328,-89.3257,-5.2249,0.000000,0.000000,0.000000,0.000000
112143359,-89.3257,-5.2249,0.000000,0.000000,0.000000,0.000000
112143406,-89.3257,-5.2249,0.000000,0.000000,0.000000,0.000000
112143437,-89.3257,-5.2249,0.000000,0.000000,0.000000,0.000000
112143468,-89.3257,-5.2249,0.000000,0.000000,0.000000,0.000000
112143531,-89.3257,-5.2249,0.000000,0.000000,0.000000,0.000000
112143562,-89.3257,-5.2249,0.000000,0.000000,0.000000,0.000000
112143609,-89.3257,-5.2249,0.000000,0.000000,0.000000,0.000000
112143640,-89.3257,-5.2249,0.000000,0.000000,0.000000,0.000000
112143671,-89.3257,-5.2249,0.000000,0.000000,0.000000,0.000000
112143718,-89.3257,-5.2249,0.000000,0.000000,0.000000,0.000000
112143750,-89.3257,-5.2249,0.000000,0.000000,0.000000,0.000000
112143796,-89.3257,-5.2249,0.000000,0.000000,0.000000,0.000000
112143828,-89.3257,-5.2249,0.000000,0.000000,0.000000,0.000000
112143875,-89.3257,-5.2249,0.000000,0.000000,0.000000,0.000000
112143906,-89.3257,-5.2249,0.000000,0.000000,0.000000,0.000000
112143953,-89.3257,-5.2249,0.000000,0.000000,0.000000,0.000000
112143984,-89.3257,-5.2249,0.000000,0.000000,0.000000,0.000000
112144031,-89.3257,-5.2249,0.000000,0.000000,0.000000,0.000000
112144062,-89.3257,-5.2249,0.000000,0.000000,0.000000,0.000000
112144093,-89.3257,-5.2249,0.000000,0.000000,0.000000,0.000000
112144140,-89.3257,-5.2249,0.000000,0.000000,0.000000,0.000000
112144171,-89.3257,-5.2249,0.000000,0.000000,0.000000,0.000000
112144218,-89.3257,-5.2249,0.000000,0.000000,0.000000,0.000000
112144281,-89.3257,-5.2249,0.000000,0.000000,0.000000,0.000000
112144375,-89.3257,-5.2249,0.000000,0.000000,0.000000,0.000000
112144437,-89.3257,-5.2249,0.000000,0.000000,0.000000,0.000000
112144484,-89.3257,-5.2249,0.000000,0.000000,0.000000,0.000000
112144515,-89.3257,-5.2255,0.000000,0.000000,0.000000,0.000000
112144578,-89.3257,-5.2249,0.000000,0.000000,0.000000,0.000000
112144656,-89.3257,-5.2249,0.000000,0.000000,0.000000,0.000000
112144718,-89.3257,-5.2249,0.000000,0.000000,0.000000,0.000000
112144781,-89.3257,-5.2249,0.000000,0.000000,0.000000,0.000000
112144875,-89.3257,-5.2249,0.000000,0.000000,0.000000,0.000000
112144937,-89.3257,-5.2249,0.000000,0.000000,0.000000,0.000000
112145000,-89.3257,-5.2249,0.000000,0.000000,0.000000,0.000000
112145046,-89.3257,-5.2249,0.000000,0.000000,0.000000,0.000000
112145109,-89.3257,-5.2249,0.000000,0.000000,0.000000,0.000000
112145156,-89.3257,-5.2249,0.000000,0.000000,0.000000,0.000000
112145203,-89.3257,-5.2249,0.000000,0.000000,0.000000,0.000000
112145265,-89.3257,-5.2249,0.000000,0.000000,0.000000,0.000000
112145343,-89.3257,-5.2249,0.000000,0.000000,0.000000,0.000000
112145390,-89.3257,-5.2249,0.000000,0.000000,0.000000,0.000000
112145437,-89.3257,-5.2249,0.000000,0.000000,0.000000,0.000000
112145484,-89.3257,-5.2249,0.000000,0.000000,0.000000,0.000000
112145562,-89.3257,-5.2249,0.000000,0.000000,0.000000,0.000000
112145609,-89.3257,-5.2249,0.000000,0.000000,0.000000,0.000000
112145687,-89.3257,-5.2249,0.000000,0.000000,0.000000,0.000000
112145750,-89.3257,-5.2249,0.000000,0.000000,0.000000,0.000000
112145781,-89.3257,-5.2249,0.000000,0.000000,0.000000,0.000000
112145843,-89.3257,-5.2249,0.000000,0.000000,0.000000,0.000000
112145906,-89.3257,-5.2249,0.000000,0.000000,0.000000,0.000000
112145953,-89.3257,-5.2249,0.000000,0.000000,0.000000,0.000000
112146109,-89.3257,-5.2249,0.000000,0.000000,0.000000,0.000000
112146156,-89.3257,-5.2249,0.000000,0.000000,0.000000,0.000000
112146203,-89.3257,-5.2249,0.000000,0.000000,0.000000,0.000000
112146250,-89.3257,-5.2249,0.000000,0.000000,0.000000,0.000000
112146296,-89.3257,-5.2249,0.000000,0.000000,0.000000,0.000000
112146343,-89.3257,-5.2249,0.000000,0.000000,0.000000,0.000000
112146375,-89.3257,-5.2249,0.000000,0.000000,0.000000,0.000000
112146453,-89.3257,-5.2249,0.000000,0.000000,0.000000,0.000000
112146515,-89.3257,-5.2249,0.000000,0.000000,0.000000,0.000000
112146546,-89.3257,-5.2249,0.000000,0.000000,0.000000,0.000000
112146593,-89.3257,-5.2249,0.000000,0.000000,0.000000,0.000000
112146640,-89.3257,-5.2249,0.000000,0.000000,0.000000,0.000000
112146703,-89.3257,-5.2249,0.000000,0.000000,0.000000,0.000000
112146750,-89.3257,-5.2249,0.000000,0.000000,0.000000,0.000000
112146796,-89.3257,-5.2249,0.000000,0.000000,0.000000,0.000000
112146828,-89.3257,-5.2249,0.000000,0.000000,0.000000,0.000000
112146875,-89.3257,-5.2249,0.000000,0.000000,0.000000,0.000000
112146937,-89.3257,-5.2249,0.000000,0.000000,0.000000,0.000000
112146984,-89.3257,-5.2249,0.000000,0.000000,0.000000,0.000000
112147015,-89.3257,-5.2249,0.000000,0.000000,0.000000,0.000000
112147062,-89.3257,-5.2249,0.000000,0.000000,0.000000,0.000000
112147093,-89.3257,-5.2249,0.000000,0.000000,0.000000,0.000000
112147156,-89.3257,-5.2249,0.000000,0.000000,0.000000,0.000000
112147203,-89.3257,-5.2249,0.000000,0.000000,0.000000,0.000000
112147234,-89.3257,-5.2249,0.000000,0.000000,0.000000,0.000000
112147281,-89.3257,-5.2249,0.000000,0.000000,0.000000,0.000000
112147328,-89.3257,-5.2249,0.000000,0.000000,0.000000,0.000000
112147375,-89.3257,-5.2249,0.000000,0.000000,0.000000,0.000000
112147468,-89.3257,-5.2249,0.000000,0.000000,0.000000,0.000000
112147531,-89.3257,-5.2249,0.000000,0.000000,0.000000,0.000000
112147625,-89.3257,-5.2249,0.000000,0.000000,0.000000,0.000000
112147718,-89.3257,-5.2249,0.000000,0.000000,0.000000,0.000000
112147828,-89.3257,-5.2249,0.000000,0.000000,0.000000,0.000000
112147921,-89.3257,-5.2249,0.000000,0.000000,0.000000,0.000000
112148015,-89.3257,-5.2249,0.000000,0.000000,0.000000,0.000000
112148093,-89.3257,-5.2249,0.000000,0.000000,0.000000,0.000000
112148171,-89.3257,-5.2249,0.000000,0.000000,0.000000,0.000000
112148234,-89.3257,-5.2249,0.000000,0.000000,0.000000,0.000000
112148296,-89.3257,-5.2249,0.000000,0.000000,0.000000,0.000000
112148406,-89.3257,-5.2249,0.000000,0.000000,0.000000,0.000000
112148515,-89.3257,-5.2249,0.000000,0.000000,0.000000,0.000000
112148593,-89.3257,-5.2249,0.000000,0.000000,0.000000,0.000000
112148671,-89.3257,-5.2249,0.000000,0.000000,0.000000,0.000000
112148734,-89.3257,-5.2249,0.000000,0.000000,0.000000,0.000000
112148828,-89.3257,-5.2249,0.000000,0.000000,0.000000,0.000000
112148921,-89.3257,-5.2249,0.000000,0.000000,0.000000,0.000000
112149015,-89.3257,-5.2249,0.000000,0.000000,0.000000,0.000000
112149140,-89.3257,-5.2249,0.000000,0.000000,0.000000,0.000000
112149234,-89.3257,-5.2249,0.000000,0.000000,0.000000,0.000000
112149296,-89.3257,-5.2249,0.000000,0.000000,0.000000,0.000000
112149343,-89.3257,-5.2249,0.000000,0.000000,0.000000,0.000000
112149390,-89.3257,-5.2249,0.000000,0.000000,0.000000,0.000000
112149453,-89.3257,-5.2249,0.000000,0.000000,0.000000,0.000000
112149500,-89.3257,-5.2249,0.000000,0.000000,0.000000,0.000000
112149546,-89.3257,-5.2249,0.000000,0.000000,0.000000,0.000000
112149609,-89.3257,-5.2249,0.000000,0.000000,0.000000,0.000000
112149656,-89.3257,-5.2249,0.000000,0.000000,0.000000,0.000000
112149703,-89.3257,-5.2249,0.000000,0.000000,0.000000,0.000000
112149765,-89.3257,-5.2249,0.000000,0.000000,0.000000,0.000000
112149796,-89.3257,-5.2249,0.000000,0.000000,0.000000,0.000000
112149859,-89.3257,-5.2249,0.000000,0.000000,0.000000,0.000000
112149906,-89.3257,-5.2249,0.000000,0.000000,0.000000,0.000000
112150000,-89.3257,-5.2249,0.000000,0.000000,0.000000,0.000000
112150046,-89.3257,-5.2249,0.000000,0.000000,0.000000,0.000000
112150109,-89.3257,-5.2249,0.000000,0.000000,0.000000,0.000000
112150156,-89.3257,-5.2249,0.000000,0.000000,0.000000,0.000000
112150218,-89.3257,-5.2249,0.000000,0.000000,0.000000,0.000000
112150281,-89.3257,-5.2249,0.000000,0.000000,0.000000,0.000000
112150343,-89.3257,-5.2249,0.000000,0.000000,0.000000,0.000000
112150406,-89.3257,-5.2249,0.000000,0.000000,0.000000,0.000000
112150468,-89.3257,-5.2249,0.000000,0.000000,0.000000,0.000000
112150531,-89.3257,-5.2249,0.000000,0.000000,0.000000,0.000000
112150609,-89.3257,-5.2249,0.000000,0.000000,0.000000,0.000000
112150671,-89.3257,-5.2249,0.000000,0.000000,0.000000,0.000000
112150734,-89.3257,-5.2249,0.000000,0.000000,0.000000,0.000000
112150796,-89.3257,-5.2249,0.000000,0.000000,0.000000,0.000000
112150843,-89.3257,-5.2249,0.000000,0.000000,0.000000,0.000000
112150906,-89.3257,-5.2249,0.000000,0.000000,0.000000,0.000000
112150953,-89.3257,-5.2249,0.000000,0.000000,0.000000,0.000000
112151000,-89.3257,-5.2249,0.000000,0.000000,0.000000,0.000000
112151046,-89.3257,-5.2249,0.000000,0.000000,0.000000,0.000000
112151093,-89.3257,-5.2249,0.000000,0.000000,0.000000,0.000000
112151156,-89.3257,-5.2255,0.000000,0.000000,0.000000,0.000000
112151203,-89.3257,-5.2249,0.000000,0.000000,0.000000,0.000000
112151250,-89.3257,-5.2249,0.000000,0.000000,0.000000,0.000000
112151312,-89.3257,-5.2249,0.000000,0.000000,0.000000,0.000000
112151359,-89.3257,-5.2249,0.000000,0.000000,0.000000,0.000000
112151421,-89.3257,-5.2249,0.000000,0.000000,0.000000,0.000000
112151484,-89.3257,-5.2249,0.000000,0.000000,0.000000,0.000000
112151531,-89.3257,-5.2249,0.000000,0.000000,0.000000,0.000000
112151578,-89.3257,-5.2249,0.000000,0.000000,0.000000,0.000000
112151640,-89.3257,-5.2249,0.000000,0.000000,0.000000,0.000000
112151703,-89.3257,-5.2249,0.000000,0.000000,0.000000,0.000000
112151750,-89.3257,-5.2249,0.000000,0.000000,0.000000,0.000000
112151796,-89.3257,-5.2249,0.000000,0.000000,0.000000,0.000000
112151890,-89.3257,-5.2249,0.000000,0.000000,0.000000,0.000000
112151937,-89.3257,-5.2249,0.000000,0.000000,0.000000,0.000000
112152000,-89.3257,-5.2249,0.000000,0.000000,0.000000,0.000000
112152062,-89.3257,-5.2249,0.000000,0.000000,0.000000,0.000000
112152125,-89.3257,-5.2249,0.000000,0.000000,0.000000,0.000000
112152171,-89.3257,-5.2249,0.000000,0.000000,0.000000,0.000000
112152375,-89.3257,-5.2249,0.000000,0.000000,0.000000,0.000000
112152421,-89.3257,-5.2249,0.000000,0.000000,0.000000,0.000000
112152468,-89.3257,-5.2249,0.000000,0.000000,0.000000,0.000000
112152515,-89.3257,-5.2249,0.000000,0.000000,0.000000,0.000000
112152546,-89.3257,-5.2249,0.000000,0.000000,0.000000,0.000000
112152593,-89.3257,-5.2249,0.000000,0.000000,0.000000,0.000000
112152656,-89.3257,-5.2249,0.000000,0.000000,0.000000,0.000000
112152687,-89.3257,-5.2249,0.000000,0.000000,0.000000,0.000000
112152734,-89.3257,-5.2249,0.000000,0.000000,0.000000,0.000000
112152781,-89.3257,-5.2249,0.000000,0.000000,0.000000,0.000000
112152828,-89.3257,-5.2249,0.000000,0.000000,0.000000,0.000000
112152890,-89.3257,-5.2249,0.000000,0.000000,0.000000,0.000000
112152937,-89.3257,-5.2249,0.000000,0.000000,0.000000,0.000000
112152984,-89.3257,-5.2249,0.000000,0.000000,0.000000,0.000000
112153031,-89.3257,-5.2249,0.000000,0.000000,0.000000,0.000000
112153078,-89.3257,-5.2249,0.000000,0.000000,0.000000,0.000000
112153125,-89.3257,-5.2249,0.000000,0.000000,0.000000,0.000000
112153187,-89.3257,-5.2249,0.000000,0.000000,0.000000,0.000000
112153234,-89.3257,-5.2249,0.000000,0.000000,0.000000,0.000000
112153281,-89.3257,-5.2249,0.000000,0.000000,0.000000,0.000000
112153328,-89.3257,-5.2249,0.000000,0.000000,0.000000,0.000000
112153390,-89.3257,-5.2249,0.000000,0.000000,0.000000,0.000000
112153453,-89.3257,-5.2249,0.000000,0.000000,0.000000,0.000000
112153500,-89.3257,-5.2249,0.000000,0.000000,0.000000,0.000000
112153546,-89.3257,-5.2249,0.000000,0.000000,0.000000,0.000000
112153593,-89.3257,-5.2249,0.000000,0.000000,0.000000,0.000000
112153640,-89.3257,-5.2249,0.000000,0.000000,0.000000,0.000000
112153687,-89.3257,-5.2249,0.000000,0.000000,0.000000,0.000000
112153750,-89.3257,-5.2249,0.000000,0.000000,0.000000,0.000000
112153796,-89.3257,-5.2249,0.000000,0.000000,0.000000,0.000000
112153828,-89.3257,-5.2249,0.000000,0.000000,0.000000,0.000000
112153906,-89.3257,-5.2249,0.000000,0.000000,0.000000,0.000000
112153953,-89.3257,-5.2249,0.000000,0.000000,0.000000,0.000000
112154000,-89.3257,-5.2249,0.000000,0.000000,0.000000,0.000000
112154046,-89.3257,-5.2249,0.000000,0.000000,0.000000,0.000000
112154093,-89.3257,-5.2249,0.000000,0.000000,0.000000,0.000000
112154156,-89.3257,-5.2249,0.000000,0.000000,0.000000,0.000000
112154203,-89.3257,-5.2249,0.000000,0.000000,0.000000,0.000000
112154250,-89.3257,-5.2249,0.000000,0.000000,0.000000,0.000000
112154296,-89.3257,-5.2249,0.000000,0.000000,0.000000,0.000000
112154343,-89.3257,-5.2249,0.000000,0.000000,0.000000,0.000000
112154406,-89.3257,-5.2249,0.000000,0.000000,0.000000,0.000000
112154453,-89.3257,-5.2249,0.000000,0.000000,0.000000,0.000000
112154515,-89.3257,-5.2249,0.000000,0.000000,0.000000,0.000000
112154562,-89.3257,-5.2249,0.000000,0.000000,0.000000,0.000000
112154609,-89.3257,-5.2249,0.000000,0.000000,0.000000,0.000000
112154671,-89.3257,-5.2249,0.000000,0.000000,0.000000,0.000000
112154734,-89.3257,-5.2249,0.000000,0.000000,0.000000,0.000000
112154781,-89.3257,-5.2249,0.000000,0.000000,0.000000,0.000000
112154828,-89.3257,-5.2249,0.000000,0.000000,0.000000,0.000000
112154875,-89.3257,-5.2249,0.000000,0.000000,0.000000,0.000000
112154953,-89.3257,-5.2249,0.000000,0.000000,0.000000,0.000000
112155000,-89.3257,-5.2249,0.000000,0.000000,0.000000,0.000000
112155062,-89.3257,-5.2249,0.000000,0.000000,0.000000,0.000000
112155109,-89.3257,-5.2249,0.000000,0.000000,0.000000,0.000000
112155156,-89.3257,-5.2249,0.000000,0.000000,0.000000,0.000000
112155203,-89.3257,-5.2249,0.000000,0.000000,0.000000,0.000000
112155265,-89.3257,-5.2249,0.000000,0.000000,0.000000,0.000000
112155312,-89.3257,-5.2249,0.000000,0.000000,0.000000,0.000000
112155390,-89.3257,-5.2249,0.000000,0.000000,0.000000,0.000000
112155484,-89.3257,-5.2249,0.000000,0.000000,0.000000,0.000000
112155562,-89.3257,-5.2249,0.000000,0.000000,0.000000,0.000000
112155750,-89.3257,-5.2249,0.000000,0.000000,0.000000,0.000000
112155921,-89.3257,-5.2249,0.000000,0.000000,0.000000,0.000000
112156046,-89.3257,-5.2249,0.000000,0.000000,0.000000,0.000000
112156125,-89.3257,-5.2249,0.000000,0.000000,0.000000,0.000000
112156218,-89.3257,-5.2249,0.000000,0.000000,0.000000,0.000000
112156296,-89.3257,-5.2249,0.000000,0.000000,0.000000,0.000000
112156343,-89.3257,-5.2249,0.000000,0.000000,0.000000,0.000000
112156406,-89.3257,-5.2249,0.000000,0.000000,0.000000,0.000000
112156453,-89.3257,-5.2249,0.000000,0.000000,0.000000,0.000000
112156531,-89.3257,-5.2249,0.000000,0.000000,0.000000,0.000000
112156578,-89.3257,-5.2249,0.000000,0.000000,0.000000,0.000000
112156625,-89.3257,-5.2249,0.000000,0.000000,0.000000,0.000000
112156671,-89.3257,-5.2249,0.000000,0.000000,0.000000,0.000000
112156734,-89.3257,-5.2249,0.000000,0.000000,0.000000,0.000000
112156781,-89.3257,-5.2249,0.000000,0.000000,0.000000,0.000000
112156828,-89.3257,-5.2249,0.000000,0.000000,0.000000,0.000000
112156890,-89.3257,-5.2249,0.000000,0.000000,0.000000,0.000000
112156953,-89.3257,-5.2249,0.000000,0.000000,0.000000,0.000000
112157000,-89.3257,-5.2249,0.000000,0.000000,0.000000,0.000000
112157046,-89.3257,-5.2249,0.000000,0.000000,0.000000,0.000000
112157109,-89.3257,-5.2249,0.000000,0.000000,0.000000,0.000000
112157156,-89.3257,-5.2249,0.000000,0.000000,0.000000,0.000000
112157218,-89.3257,-5.2249,0.000000,0.000000,0.000000,0.000000
112157265,-89.3257,-5.2249,0.000000,0.000000,0.000000,0.000000
112157328,-89.3257,-5.2249,0.000000,0.000000,0.000000,0.000000
112157359,-89.3257,-5.2249,0.000000,0.000000,0.000000,0.000000
112157406,-89.3257,-5.2249,0.000000,0.000000,0.000000,0.000000
112157453,-89.3257,-5.2249,0.000000,0.000000,0.000000,0.000000
112157500,-89.3257,-5.2249,0.000000,0.000000,0.000000,0.000000
112157562,-89.3257,-5.2249,0.000000,0.000000,0.000000,0.000000
112157609,-89.3257,-5.2249,0.000000,0.000000,0.000000,0.000000
112157640,-89.3257,-5.2249,0.000000,0.000000,0.000000,0.000000
112157687,-89.3257,-5.2249,0.000000,0.000000,0.000000,0.000000
112157734,-89.3257,-5.2249,0.000000,0.000000,0.000000,0.000000
112157796,-89.3257,-5.2249,0.000000,0.000000,0.000000,0.000000
112157828,-89.3257,-5.2249,0.000000,0.000000,0.000000,0.000000
112157890,-89.3257,-5.2249,0.000000,0.000000,0.000000,0.000000
112157937,-89.3257,-5.2249,0.000000,0.000000,0.000000,0.000000
112157984,-89.3257,-5.2249,0.000000,0.000000,0.000000,0.000000
112158046,-89.3257,-5.2249,0.000000,0.000000,0.000000,0.000000
112158078,-89.3257,-5.2249,0.000000,0.000000,0.000000,0.000000
112158125,-89.3257,-5.2249,0.000000,0.000000,0.000000,0.000000
112158171,-89.3257,-5.2249,0.000000,0.000000,0.000000,0.000000
112158218,-89.3257,-5.2249,0.000000,0.000000,0.000000,0.000000
112158250,-89.3257,-5.2249,0.000000,0.000000,0.000000,0.000000
112158296,-89.3257,-5.2249,0.000000,0.000000,0.000000,0.000000
112158343,-89.3257,-5.2249,0.000000,0.000000,0.000000,0.000000
112158390,-89.3257,-5.2249,0.000000,0.000000,0.000000,0.000000
112158437,-89.3257,-5.2249,0.000000,0.000000,0.000000,0.000000
112158484,-89.3257,-5.2249,0.000000,0.000000,0.000000,0.000000
112158531,-89.3257,-5.2249,0.000000,0.000000,0.000000,0.000000
112158578,-89.3257,-5.2249,0.000000,0.000000,0.000000,0.000000
112158625,-89.3257,-5.2249,0.000000,0.000000,0.000000,0.000000
112158656,-89.3257,-5.2249,0.000000,0.000000,0.000000,0.000000
112158750,-89.3257,-5.2249,0.000000,0.000000,0.000000,0.000000
112158796,-89.3257,-5.2249,0.000000,0.000000,0.000000,0.000000
112158843,-89.3257,-5.2249,0.000000,0.000000,0.000000,0.000000
112158906,-89.3257,-5.2249,0.000000,0.000000,0.000000,0.000000
112159015,-89.3257,-5.2249,0.000000,0.000000,0.000000,0.000000
112159078,-89.3257,-5.2249,0.000000,0.000000,0.000000,0.000000
112159109,-89.3257,-5.2249,0.000000,0.000000,0.000000,0.000000
112159156,-89.3257,-5.2249,0.000000,0.000000,0.000000,0.000000
112159218,-89.3474,-5.1553,0.000000,0.000000,0.000000,0.000000
112159265,-89.4490,-4.8065,0.000000,0.000000,0.000000,0.000000
112159312,-89.6264,-3.9161,0.000000,0.000000,0.000000,0.000000
112159359,-89.7883,-2.5556,0.000000,0.000000,0.000000,0.000000
112159390,-89.9144,-1.0137,0.000000,0.000000,0.000000,0.000000
112159437,-90.0160,1.0073,0.000000,0.000000,0.000000,0.000000
112159484,-90.0915,3.5584,0.000000,0.000000,0.000000,0.000000
112159546,-90.1592,6.6448,0.000000,0.000000,0.000000,0.000000
112159578,-90.2691,8.9123,0.000000,0.000000,0.000000,0.000000
112159625,-90.4314,10.6529,0.000000,0.000000,0.000000,0.000000
112159671,-90.5999,12.4382,0.000000,0.000000,0.000000,0.000000
112159718,-90.7414,14.0331,0.000000,0.000000,0.000000,0.000000
112159765,-90.8759,15.3917,0.000000,0.000000,0.000000,0.000000
112159812,-91.0049,16.2687,0.000000,0.000000,0.000000,0.000000
112159859,-91.1387,17.0103,0.000000,0.000000,0.000000,0.000000
112159921,-91.1780,17.3303,0.000000,0.000000,0.000000,0.000000
112160000,-91.0001,16.9598,0.000000,0.000000,0.000000,0.000000
112160062,-90.7823,15.7450,0.000000,0.000000,0.000000,0.000000
112160109,-90.5975,14.0031,0.000000,0.000000,0.000000,0.000000
112160140,-90.4377,11.6506,0.000000,0.000000,0.000000,0.000000
112160187,-90.3119,9.1142,0.000000,0.000000,0.000000,0.000000
112160234,-90.2192,6.6346,0.000000,0.000000,0.000000,0.000000
112160312,-90.1460,3.1745,0.000000,0.000000,0.000000,0.000000
112160375,-90.1413,1.2558,0.000000,0.000000,0.000000,0.000000
112160437,-90.2142,-0.1718,0.000000,0.000000,0.000000,0.000000
112160515,-90.4859,-1.6722,0.000000,0.000000,0.000000,0.000000
112160562,-90.6826,-2.2017,0.000000,0.000000,0.000000,0.000000
112160625,-91.0154,-2.3921,0.000000,0.000000,0.000000,0.000000
112160687,-91.2347,-1.8511,0.000000,0.000000,0.000000,0.000000
112160750,-91.3911,-0.1776,0.000000,0.000000,0.000000,0.000000
112160812,-91.5449,2.9293,0.000000,0.000000,0.000000,0.000000
112160859,-91.6406,5.1661,0.000000,0.000000,0.000000,0.000000
112160921,-91.8691,9.9120,0.000000,0.000000,0.000000,0.000000
112160984,-92.0997,12.5857,0.000000,0.000000,0.000000,0.000000
112161031,-92.4524,15.6581,0.000000,0.000000,0.000000,0.000000
112161093,-92.8911,18.6621,0.000000,0.000000,0.000000,0.000000
112161171,-93.2840,20.9022,0.000000,0.000000,0.000000,0.000000
112161250,-93.6475,22.5654,0.000000,0.000000,0.000000,0.000000
112161296,-93.9175,23.2451,0.000000,0.000000,0.000000,0.000000
112161359,-94.2642,24.0256,0.000000,0.000000,0.000000,0.000000
112161406,-94.4847,24.1744,0.000000,0.000000,0.000000,0.000000
112161484,-94.6612,24.0863,0.000000,0.000000,0.000000,0.000000
112161562,-94.7836,22.8177,0.000000,0.000000,0.000000,0.000000
112161640,-94.8678,20.4576,0.000000,0.000000,0.000000,0.000000
112161718,-94.9120,16.8078,0.000000,0.000000,0.000000,0.000000
112161781,-94.9739,14.0216,0.000000,0.000000,0.000000,0.000000
112161843,-95.0733,8.5630,0.000000,0.000000,0.000000,0.000000
112162015,-95.1446,3.2244,0.000000,0.000000,0.000000,0.000000
112162046,-95.1772,0.9077,0.000000,0.000000,0.000000,0.000000
112162078,-95.2022,-1.0654,0.000000,0.000000,0.000000,0.000000
112162109,-95.2292,-3.7079,0.000000,0.000000,0.000000,0.000000
112162156,-95.2422,-6.0393,0.000000,0.000000,0.000000,0.000000
112162203,-95.2461,-8.4129,0.000000,0.000000,0.000000,0.000000
112162234,-95.2468,-10.1119,0.000000,0.000000,0.000000,0.000000
112162265,-95.2468,-11.2086,0.000000,0.000000,0.000000,0.000000
112162312,-95.2468,-12.2849,0.000000,0.000000,0.000000,0.000000
112162343,-95.2568,-13.6480,0.000000,0.000000,0.000000,0.000000
112162390,-95.2783,-15.3234,0.000000,0.000000,0.000000,0.000000
112162421,-95.2868,-16.6526,0.000000,0.000000,0.000000,0.000000
112162453,-95.2886,-18.5401,0.000000,0.000000,0.000000,0.000000
112162484,-95.2892,-21.5524,0.000000,0.000000,0.000000,0.000000
112162531,-95.2893,-26.0804,0.000000,0.000000,0.000000,0.000000
112162562,-95.2895,-32.2577,0.000000,0.000000,0.000000,0.000000
112162609,-95.2895,-36.6331,0.000000,0.000000,0.000000,0.000000
112162640,-95.2895,-42.4092,0.000000,0.000000,0.000000,0.000000
112162671,-95.2895,-46.6166,0.000000,0.000000,0.000000,0.000000
112162703,-95.2895,-49.4034,0.000000,0.000000,0.000000,0.000000
112162750,-95.2895,-53.1758,0.000000,0.000000,0.000000,0.000000
112162781,-95.2895,-55.5519,0.000000,0.000000,0.000000,0.000000
112162828,-95.2895,-56.9144,0.000000,0.000000,0.000000,0.000000
112162859,-95.2893,-58.3943,0.000000,0.000000,0.000000,0.000000
112162890,-95.2893,-59.5555,0.000000,0.000000,0.000000,0.000000
112162921,-95.2893,-60.5392,0.000000,0.000000,0.000000,0.000000
112162953,-95.2893,-61.2227,0.000000,0.000000,0.000000,0.000000
112162984,-95.2989,-61.7228,0.000000,0.000000,0.000000,0.000000
112163031,-95.3238,-61.8895,0.000000,0.000000,0.000000,0.000000
112163062,-95.3458,-61.6819,0.000000,0.000000,0.000000,0.000000
112163109,-95.3881,-60.6069,0.000000,0.000000,0.000000,0.000000
112163140,-95.5003,-59.0803,0.000000,0.000000,0.000000,0.000000
112163187,-95.5918,-56.3503,0.000000,0.000000,0.000000,0.000000
112163218,-95.6111,-52.6488,0.000000,0.000000,0.000000,0.000000
112163250,-95.6107,-47.9477,0.000000,0.000000,0.000000,0.000000
112163296,-95.6099,-41.8905,0.000000,0.000000,0.000000,0.000000
112163328,-95.6279,-36.4159,0.000000,0.000000,0.000000,0.000000
112163375,-95.6766,-30.9962,0.000000,0.000000,0.000000,0.000000
112163421,-95.7368,-26.4196,0.000000,0.000000,0.000000,0.000000
112163468,-95.7887,-22.8311,0.000000,0.000000,0.000000,0.000000
112163515,-95.8311,-19.6770,0.000000,0.000000,0.000000,0.000000
112163562,-95.8598,-17.3846,0.000000,0.000000,0.000000,0.000000
112163609,-95.8664,-15.8759,0.000000,0.000000,0.000000,0.000000
112163656,-95.8675,-14.4375,0.000000,0.000000,0.000000,0.000000
112163703,-95.8675,-13.3644,0.000000,0.000000,0.000000,0.000000
112163750,-95.8675,-12.4235,0.000000,0.000000,0.000000,0.000000
112163812,-95.8675,-11.6672,0.000000,0.000000,0.000000,0.000000
112163859,-95.8978,-10.4383,0.000000,0.000000,0.000000,0.000000
112163953,-95.9567,-7.7153,0.000000,0.000000,0.000000,0.000000
112164000,-95.9848,-6.1741,0.000000,0.000000,0.000000,0.000000
112164125,-96.0277,-1.5854,0.000000,0.000000,0.000000,0.000000
112164187,-96.0480,1.4244,0.000000,0.000000,0.000000,0.000000
112164250,-96.0518,5.2722,0.000000,0.000000,0.000000,0.000000
112164312,-96.0518,8.1337,0.000000,0.000000,0.000000,0.000000
112164375,-96.0518,10.8733,0.000000,0.000000,0.000000,0.000000
112164421,-96.0516,12.8866,0.000000,0.000000,0.000000,0.000000
112164468,-96.0516,14.3378,0.000000,0.000000,0.000000,0.000000
112164515,-96.0515,15.4224,0.000000,0.000000,0.000000,0.000000
112164562,-96.0515,15.9730,0.000000,0.000000,0.000000,0.000000
112164609,-96.0513,16.1646,0.000000,0.000000,0.000000,0.000000
112164671,-96.0513,16.0464,0.000000,0.000000,0.000000,0.000000
112164718,-96.0513,15.4045,0.000000,0.000000,0.000000,0.000000
112164781,-96.0511,14.1986,0.000000,0.000000,0.000000,0.000000
112164828,-96.0511,13.1613,0.000000,0.000000,0.000000,0.000000
112164875,-96.0511,11.7733,0.000000,0.000000,0.000000,0.000000
112164953,-96.0511,9.9088,0.000000,0.000000,0.000000,0.000000
112165015,-96.0511,8.8970,0.000000,0.000000,0.000000,0.000000
112165062,-96.0511,7.9268,0.000000,0.000000,0.000000,0.000000
112165093,-96.0511,6.6007,0.000000,0.000000,0.000000,0.000000
112165140,-96.0511,5.4612,0.000000,0.000000,0.000000,0.000000
112165187,-96.0511,4.0598,0.000000,0.000000,0.000000,0.000000
112165234,-96.0511,2.7619,0.000000,0.000000,0.000000,0.000000
112165281,-96.0511,1.4812,0.000000,0.000000,0.000000,0.000000
112165343,-96.0511,0.1099,0.000000,0.000000,0.000000,0.000000
112165390,-96.0511,-0.7397,0.000000,0.000000,0.000000,0.000000
112165453,-96.0511,-2.2643,0.000000,0.000000,0.000000,0.000000
112165500,-96.0511,-3.0283,0.000000,0.000000,0.000000,0.000000
112165531,-96.0511,-3.9002,0.000000,0.000000,0.000000,0.000000
112165578,-96.0511,-5.5513,0.000000,0.000000,0.000000,0.000000
112165625,-96.0511,-6.4775,0.000000,0.000000,0.000000,0.000000
112165671,-96.0511,-7.6834,0.000000,0.000000,0.000000,0.000000
112165718,-96.0511,-8.8581,0.000000,0.000000,0.000000,0.000000
112165765,-96.0511,-10.0091,0.000000,0.000000,0.000000,0.000000
112165796,-96.0511,-11.4929,0.000000,0.000000,0.000000,0.000000
112165843,-96.0511,-12.8182,0.000000,0.000000,0.000000,0.000000
112165875,-96.0511,-14.8859,0.000000,0.000000,0.000000,0.000000
112165921,-96.0511,-16.2853,0.000000,0.000000,0.000000,0.000000
112165953,-96.0511,-18.0955,0.000000,0.000000,0.000000,0.000000
112166000,-96.0511,-19.4362,0.000000,0.000000,0.000000,0.000000
112166031,-96.0511,-20.6901,0.000000,0.000000,0.000000,0.000000
112166078,-96.0511,-22.0136,0.000000,0.000000,0.000000,0.000000
112166109,-96.0511,-22.9308,0.000000,0.000000,0.000000,0.000000
112166140,-96.0511,-23.6724,0.000000,0.000000,0.000000,0.000000
112166171,-96.0511,-24.6496,0.000000,0.000000,0.000000,0.000000
112166218,-96.0511,-25.6333,0.000000,0.000000,0.000000,0.000000
112166250,-96.0511,-26.7945,0.000000,0.000000,0.000000,0.000000
112166296,-96.0511,-27.5099,0.000000,0.000000,0.000000,0.000000
112166343,-96.0511,-28.3920,0.000000,0.000000,0.000000,0.000000
112166390,-96.0511,-29.0352,0.000000,0.000000,0.000000,0.000000
112166437,-96.0511,-29.1975,0.000000,0.000000,0.000000,0.000000
112166500,-96.0511,-29.0902,0.000000,0.000000,0.000000,0.000000
112166546,-96.0511,-28.5153,0.000000,0.000000,0.000000,0.000000
112166593,-96.0511,-27.7501,0.000000,0.000000,0.000000,0.000000
112166656,-96.0511,-26.3940,0.000000,0.000000,0.000000,0.000000
112166734,-96.0511,-24.9626,0.000000,0.000000,0.000000,0.000000
112166875,-96.0511,-22.4594,0.000000,0.000000,0.000000,0.000000
112167046,-96.0511,-20.0929,0.000000,0.000000,0.000000,0.000000
112167109,-96.0511,-17.1540,0.000000,0.000000,0.000000,0.000000
112167187,-96.0511,-12.3130,0.000000,0.000000,0.000000,0.000000
112167250,-96.0511,-8.4863,0.000000,0.000000,0.000000,0.000000
112167328,-96.0511,-3.9985,0.000000,0.000000,0.000000,0.000000
112167421,-96.0511,-0.7971,0.000000,0.000000,0.000000,0.000000
112167484,-96.0511,2.0983,0.000000,0.000000,0.000000,0.000000
112167546,-96.0511,5.0390,0.000000,0.000000,0.000000,0.000000
112167609,-96.0511,8.3368,0.000000,0.000000,0.000000,0.000000
112167703,-96.0511,11.4207,0.000000,0.000000,0.000000,0.000000
112167781,-96.0511,14.3116,0.000000,0.000000,0.000000,0.000000
112167843,-96.0511,16.1767,0.000000,0.000000,0.000000,0.000000
112167921,-96.0511,18.0253,0.000000,0.000000,0.000000,0.000000
112168015,-96.0511,19.0907,0.000000,0.000000,0.000000,0.000000
112168078,-96.1476,19.1494,0.000000,0.000000,0.000000,0.000000
112168125,-96.2818,18.6059,0.000000,0.000000,0.000000,0.000000
112168156,-96.3790,17.4632,0.000000,0.000000,0.000000,0.000000
112168203,-96.4586,15.9232,0.000000,0.000000,0.000000,0.000000
112168250,-96.5228,13.9750,0.000000,0.000000,0.000000,0.000000
112168312,-96.5740,11.5682,0.000000,0.000000,0.000000,0.000000
112168359,-96.6075,9.4796,0.000000,0.000000,0.000000,0.000000
112168406,-96.6309,7.3928,0.000000,0.000000,0.000000,0.000000
112168453,-96.6382,5.3584,0.000000,0.000000,0.000000,0.000000
112168500,-96.6393,3.2735,0.000000,0.000000,0.000000,0.000000
112168546,-96.6394,1.1414,0.000000,0.000000,0.000000,0.000000
112168593,-96.6394,-0.4854,0.000000,0.000000,0.000000,0.000000
112168640,-96.6394,-2.6131,0.000000,0.000000,0.000000,0.000000
112168687,-96.6394,-4.6175,0.000000,0.000000,0.000000,0.000000
112168734,-96.6394,-6.5969,0.000000,0.000000,0.000000,0.000000
112168781,-96.6393,-9.0043,0.000000,0.000000,0.000000,0.000000
112168828,-96.6393,-11.2840,0.000000,0.000000,0.000000,0.000000
112168890,-96.6393,-13.3005,0.000000,0.000000,0.000000,0.000000
112168937,-96.6393,-15.0711,0.000000,0.000000,0.000000,0.000000
112168984,-96.6393,-16.4840,0.000000,0.000000,0.000000,0.000000
112169046,-96.6393,-17.4715,0.000000,0.000000,0.000000,0.000000
112169125,-96.6393,-17.7940,0.000000,0.000000,0.000000,0.000000
112169187,-96.6391,-17.3405,0.000000,0.000000,0.000000,0.000000
112169234,-96.6391,-15.9736,0.000000,0.000000,0.000000,0.000000
112169312,-96.6391,-13.9648,0.000000,0.000000,0.000000,0.000000
112169390,-96.6391,-11.3460,0.000000,0.000000,0.000000,0.000000
112169437,-96.6391,-9.9018,0.000000,0.000000,0.000000,0.000000
112169500,-96.6391,-6.4449,0.000000,0.000000,0.000000,0.000000
112169546,-96.6391,-4.3332,0.000000,0.000000,0.000000,0.000000
112169578,-96.6391,-2.0184,0.000000,0.000000,0.000000,0.000000
112169625,-96.6391,1.1925,0.000000,0.000000,0.000000,0.000000
112169671,-96.6391,3.9302,0.000000,0.000000,0.000000,0.000000
112169718,-96.6391,6.4698,0.000000,0.000000,0.000000,0.000000
112169765,-96.6391,8.7361,0.000000,0.000000,0.000000,0.000000
112169812,-96.6391,11.7714,0.000000,0.000000,0.000000,0.000000
112169859,-96.6391,14.2899,0.000000,0.000000,0.000000,0.000000
112169890,-96.6391,16.2004,0.000000,0.000000,0.000000,0.000000
112169937,-96.6391,19.2536,0.000000,0.000000,0.000000,0.000000
112169968,-96.6391,21.5773,0.000000,0.000000,0.000000,0.000000
112170031,-96.6391,24.7365,0.000000,0.000000,0.000000,0.000000
112170109,-96.6391,26.7377,0.000000,0.000000,0.000000,0.000000
112170156,-96.6391,28.0497,0.000000,0.000000,0.000000,0.000000
112170203,-96.6391,29.0480,0.000000,0.000000,0.000000,0.000000
112170265,-96.6391,29.9397,0.000000,0.000000,0.000000,0.000000
112170328,-96.6391,30.6966,0.000000,0.000000,0.000000,0.000000
112170375,-96.6391,31.1942,0.000000,0.000000,0.000000,0.000000
112170421,-96.6391,31.5915,0.000000,0.000000,0.000000,0.000000
112170468,-96.6391,32.0699,0.000000,0.000000,0.000000,0.000000
112170500,-96.6391,32.8702,0.000000,0.000000,0.000000,0.000000
112170546,-96.6611,34.0034,0.000000,0.000000,0.000000,0.000000
112170609,-96.9260,36.8272,0.000000,0.000000,0.000000,0.000000
112170656,-97.1283,39.0104,0.000000,0.000000,0.000000,0.000000
112170703,-97.3435,41.4025,0.000000,0.000000,0.000000,0.000000
112170750,-97.5537,44.2155,0.000000,0.000000,0.000000,0.000000
112170796,-97.7407,47.2662,0.000000,0.000000,0.000000,0.000000
112170828,-97.8479,49.1626,0.000000,0.000000,0.000000,0.000000
112170875,-97.9326,50.7856,0.000000,0.000000,0.000000,0.000000
112170937,-98.0261,52.9075,0.000000,0.000000,0.000000,0.000000
112170984,-98.0649,53.8222,0.000000,0.000000,0.000000,0.000000
112171031,-98.0974,54.7209,0.000000,0.000000,0.000000,0.000000
112171093,-98.1254,55.6631,0.000000,0.000000,0.000000,0.000000
112171218,-98.1587,56.8409,0.000000,0.000000,0.000000,0.000000
112171265,-98.2510,57.3640,0.000000,0.000000,0.000000,0.000000
112171375,-98.4723,57.6029,0.000000,0.000000,0.000000,0.000000
112171406,-98.5663,57.3749,0.000000,0.000000,0.000000,0.000000
112171453,-98.6910,55.8221,0.000000,0.000000,0.000000,0.000000
112171500,-98.7958,53.7539,0.000000,0.000000,0.000000,0.000000
112171546,-98.8879,51.2934,0.000000,0.000000,0.000000,0.000000
112171578,-98.9714,48.4932,0.000000,0.000000,0.000000,0.000000
112171625,-99.0353,45.8622,0.000000,0.000000,0.000000,0.000000
112171687,-99.0637,42.3319,0.000000,0.000000,0.000000,0.000000
112171734,-98.9582,40.3090,0.000000,0.000000,0.000000,0.000000
112171796,-98.7332,38.1015,0.000000,0.000000,0.000000,0.000000
112171843,-98.5636,36.2019,0.000000,0.000000,0.000000,0.000000
112171875,-98.4403,34.3745,0.000000,0.000000,0.000000,0.000000
112171921,-98.2808,31.4548,0.000000,0.000000,0.000000,0.000000
112171984,-98.0857,27.4927,0.000000,0.000000,0.000000,0.000000
112172046,-97.9586,23.0930,0.000000,0.000000,0.000000,0.000000
112172109,-97.9047,17.4887,0.000000,0.000000,0.000000,0.000000
112172156,-97.8671,11.3543,0.000000,0.000000,0.000000,0.000000
112172250,-97.8589,4.8640,0.000000,0.000000,0.000000,0.000000
112172328,-97.9276,0.5378,0.000000,0.000000,0.000000,0.000000
112172375,-98.0548,-2.0421,0.000000,0.000000,0.000000,0.000000
112172421,-98.5667,-4.8621,0.000000,0.000000,0.000000,0.000000
112172468,-99.4771,-7.3838,0.000000,0.000000,0.000000,0.000000
112172515,-100.0668,-9.4764,0.000000,0.000000,0.000000,0.000000
112172562,-100.1850,-11.1096,0.000000,0.000000,0.000000,0.000000
112172609,-100.0595,-11.8831,0.000000,0.000000,0.000000,0.000000
112172656,-100.0665,-12.0198,0.000000,0.000000,0.000000,0.000000
112172703,-100.0667,-12.0428,0.000000,0.000000,0.000000,0.000000
112172796,-100.0667,-12.0837,0.000000,0.000000,0.000000,0.000000
112172875,-98.8819,-12.1361,0.000000,0.000000,0.000000,0.000000
112172937,-91.6727,-12.1540,0.000000,0.000000,0.000000,0.000000
112173000,-85.8617,-12.1565,0.000000,0.000000,0.000000,0.000000
112173062,-85.2071,-12.1572,0.000000,0.000000,0.000000,0.000000
112173109,-85.1812,-12.1572,0.000000,0.000000,0.000000,0.000000
112173171,-85.1884,-12.1565,0.000000,0.000000,0.000000,0.000000
112173312,-85.1931,-12.1565,0.000000,0.000000,0.000000,0.000000
112173359,-85.1909,-12.1559,0.000000,0.000000,0.000000,0.000000
112173421,-85.2004,-13.4021,0.000000,0.000000,0.000000,0.000000
112173500,-85.2009,-15.0570,0.000000,0.000000,0.000000,0.000000
112173546,-85.2012,-16.7580,0.000000,0.000000,0.000000,0.000000
112173593,-85.2013,-17.7391,0.000000,0.000000,0.000000,0.000000
112173640,-85.2015,-18.8179,0.000000,0.000000,0.000000,0.000000
112173703,-85.2534,-20.3037,0.000000,0.000000,0.000000,0.000000
112173796,-85.4619,-22.4741,0.000000,0.000000,0.000000,0.000000
112173875,-85.7286,-24.4012,0.000000,0.000000,0.000000,0.000000
112173953,-85.9563,-27.9928,0.000000,0.000000,0.000000,0.000000
112174093,-86.1333,-33.0484,0.000000,0.000000,0.000000,0.000000
112174140,-86.3200,-37.7093,0.000000,0.000000,0.000000,0.000000
112174187,-86.6102,-45.7837,0.000000,0.000000,0.000000,0.000000
112174234,-86.8382,-52.9350,0.000000,0.000000,0.000000,0.000000
112174281,-87.0533,-59.0529,0.000000,0.000000,0.000000,0.000000
112174328,-87.2405,-64.1787,0.000000,0.000000,0.000000,0.000000
112174375,-87.3680,-68.2239,0.000000,0.000000,0.000000,0.000000
112174453,-87.4761,-72.4785,0.000000,0.000000,0.000000,0.000000
112174531,-87.5369,-75.0412,0.000000,0.000000,0.000000,0.000000
112174593,-87.5882,-77.5636,0.000000,0.000000,0.000000,0.000000
112174671,-87.6606,-80.7483,0.000000,0.000000,0.000000,0.000000
112174734,-87.8227,-85.7503,0.000000,0.000000,0.000000,0.000000
112174828,-88.2827,-92.8825,0.000000,0.000000,0.000000,0.000000
112174890,-88.7640,-97.4827,0.000000,0.000000,0.000000,0.000000
112174953,-89.3023,-101.1989,0.000000,0.000000,0.000000,0.000000
112175015,-89.7030,-104.0036,0.000000,0.000000,0.000000,0.000000
112175062,-89.9945,-106.6237,0.000000,0.000000,0.000000,0.000000
112175140,-90.2043,-108.8848,0.000000,0.000000,0.000000,0.000000
112175218,-90.3571,-111.7343,0.000000,0.000000,0.000000,0.000000
112175281,-90.4635,-117.2409,0.000000,0.000000,0.000000,0.000000
112175343,-90.5382,-122.3393,0.000000,0.000000,0.000000,0.000000
112175406,-90.6110,-126.5058,0.000000,0.000000,0.000000,0.000000
112175468,-90.6728,-129.7998,0.000000,0.000000,0.000000,0.000000
112175531,-90.7091,-131.6745,0.000000,0.000000,0.000000,0.000000
112175593,-90.7181,-133.6252,0.000000,0.000000,0.000000,0.000000
112175640,-90.7043,-135.1122,0.000000,0.000000,0.000000,0.000000
112175703,-90.7515,-137.1836,0.000000,0.000000,0.000000,0.000000
112175765,-90.8735,-141.7378,0.000000,0.000000,0.000000,0.000000
112175812,-90.9776,-146.2646,0.000000,0.000000,0.000000,0.000000
112175875,-91.0761,-150.8111,0.000000,0.000000,0.000000,0.000000
112175921,-91.1673,-154.1722,0.000000,0.000000,0.000000,0.000000
112176000,-91.3459,-158.0104,0.000000,0.000000,0.000000,0.000000
112176078,-91.4582,-159.9796,0.000000,0.000000,0.000000,0.000000
112176125,-91.5446,-161.6748,0.000000,0.000000,0.000000,0.000000
112176171,-91.6419,-163.0322,0.000000,0.000000,0.000000,0.000000
112176234,-91.7735,-165.8995,0.000000,0.000000,0.000000,0.000000
112176296,-91.9189,-169.7786,0.000000,0.000000,0.000000,0.000000
112176375,-92.1282,-175.5828,0.000000,0.000000,0.000000,0.000000
112176437,-92.3488,-178.9406,0.000000,0.000000,0.000000,0.000000
112176484,-92.6653,-181.2899,0.000000,0.000000,0.000000,0.000000
112176546,-93.0005,-183.8308,0.000000,0.000000,0.000000,0.000000
112176593,-93.2576,-185.8390,0.000000,0.000000,0.000000,0.000000
112176640,-93.4698,-187.5221,0.000000,0.000000,0.000000,0.000000
112176687,-93.6205,-187.3937,0.000000,0.000000,0.000000,0.000000
112176734,-93.7443,-185.8224,0.000000,0.000000,0.000000,0.000000
112176781,-93.8752,-181.9280,0.000000,0.000000,0.000000,0.000000
112176828,-93.9458,-178.7797,0.000000,0.000000,0.000000,0.000000
112176875,-94.0142,-174.7652,0.000000,0.000000,0.000000,0.000000
112176921,-94.0131,-172.2000,0.000000,0.000000,0.000000,0.000000
112177000,-93.9540,-168.9367,0.000000,0.000000,0.000000,0.000000
112177046,-93.9487,-167.5513,0.000000,0.000000,0.000000,0.000000
112177109,-94.0906,-166.0560,0.000000,0.000000,0.000000,0.000000
112177171,-94.3290,-164.8864,0.000000,0.000000,0.000000,0.000000
112177218,-94.5229,-163.7201,0.000000,0.000000,0.000000,0.000000
112177265,-94.6618,-160.5686,0.000000,0.000000,0.000000,0.000000
112177312,-94.7650,-155.9543,0.000000,0.000000,0.000000,0.000000
112177359,-94.8555,-149.3024,0.000000,0.000000,0.000000,0.000000
112177406,-94.9061,-144.2526,0.000000,0.000000,0.000000,0.000000
112177453,-94.9401,-140.4993,0.000000,0.000000,0.000000,0.000000
112177500,-94.9736,-136.3111,0.000000,0.000000,0.000000,0.000000
112177546,-94.9967,-133.5147,0.000000,0.000000,0.000000,0.000000
112177593,-95.0927,-131.1660,0.000000,0.000000,0.000000,0.000000
112177640,-95.2600,-129.3597,0.000000,0.000000,0.000000,0.000000
112177687,-95.3918,-127.7513,0.000000,0.000000,0.000000,0.000000
112177718,-95.5046,-124.7148,0.000000,0.000000,0.000000,0.000000
112177765,-95.5173,-118.3210,0.000000,0.000000,0.000000,0.000000
112177812,-95.3574,-110.8215,0.000000,0.000000,0.000000,0.000000
112177875,-95.1544,-100.7032,0.000000,0.000000,0.000000,0.000000
112178015,-94.9768,-87.7745,0.000000,0.000000,0.000000,0.000000
112178062,-94.9233,-83.9254,0.000000,0.000000,0.000000,0.000000
112178093,-95.0742,-78.4987,0.000000,0.000000,0.000000,0.000000
112178140,-95.3557,-71.4559,0.000000,0.000000,0.000000,0.000000
112178203,-95.5838,-63.2085,0.000000,0.000000,0.000000,0.000000
112178234,-95.6389,-54.9809,0.000000,0.000000,0.000000,0.000000
112178265,-95.4903,-48.8400,0.000000,0.000000,0.000000,0.000000
112178312,-95.2512,-40.7504,0.000000,0.000000,0.000000,0.000000
112178359,-95.0401,-32.1287,0.000000,0.000000,0.000000,0.000000
112178421,-94.8379,-19.1782,0.000000,0.000000,0.000000,0.000000
112178468,-94.7868,-7.8322,0.000000,0.000000,0.000000,0.000000
112178515,-94.8200,2.9887,0.000000,0.000000,0.000000,0.000000
112178562,-94.8748,10.0774,0.000000,0.000000,0.000000,0.000000
112178609,-94.9225,14.8354,0.000000,0.000000,0.000000,0.000000
112178671,-94.9860,19.3149,0.000000,0.000000,0.000000,0.000000
112178718,-95.0294,21.8698,0.000000,0.000000,0.000000,0.000000
112178781,-95.0669,25.4870,0.000000,0.000000,0.000000,0.000000
112178828,-95.0972,31.2121,0.000000,0.000000,0.000000,0.000000
112178875,-95.0888,38.2682,0.000000,0.000000,0.000000,0.000000
112178921,-95.0646,45.6936,0.000000,0.000000,0.000000,0.000000
112178968,-95.0219,53.4192,0.000000,0.000000,0.000000,0.000000
112179015,-94.9759,60.2026,0.000000,0.000000,0.000000,0.000000
112179062,-94.9920,66.1525,0.000000,0.000000,0.000000,0.000000
112179109,-95.0989,70.5125,0.000000,0.000000,0.000000,0.000000
112179171,-95.2323,74.3769,0.000000,0.000000,0.000000,0.000000
112179218,-95.3408,77.9449,0.000000,0.000000,0.000000,0.000000
112179265,-95.4053,81.7077,0.000000,0.000000,0.000000,0.000000
112179312,-95.4255,87.0316,0.000000,0.000000,0.000000,0.000000
112179359,-95.3725,94.3797,0.000000,0.000000,0.000000,0.000000
112179421,-95.2906,103.7270,0.000000,0.000000,0.000000,0.000000
112179468,-95.2341,110.8349,0.000000,0.000000,0.000000,0.000000
112179515,-95.2177,117.1553,0.000000,0.000000,0.000000,0.000000
112179562,-95.3706,122.4038,0.000000,0.000000,0.000000,0.000000
112179609,-95.6473,126.7594,0.000000,0.000000,0.000000,0.000000
112179671,-95.9218,130.5886,0.000000,0.000000,0.000000,0.000000
112179718,-96.1009,133.1187,0.000000,0.000000,0.000000,0.000000
112179765,-96.2476,136.6662,0.000000,0.000000,0.000000,0.000000
112179812,-96.2574,141.9346,0.000000,0.000000,0.000000,0.000000
112179859,-96.1259,148.6088,0.000000,0.000000,0.000000,0.000000
112179921,-95.9472,157.3717,0.000000,0.000000,0.000000,0.000000
112179968,-95.8362,163.3975,0.000000,0.000000,0.000000,0.000000
112180015,-95.7436,169.2356,0.000000,0.000000,0.000000,0.000000
112180062,-95.7644,173.7464,0.000000,0.000000,0.000000,0.000000
112180109,-95.8804,177.2748,0.000000,0.000000,0.000000,0.000000
112180171,-96.0386,180.5107,0.000000,0.000000,0.000000,0.000000
112180218,-96.1712,182.9877,0.000000,0.000000,0.000000,0.000000
112180265,-96.2486,185.9183,0.000000,0.000000,0.000000,0.000000
112180312,-96.2404,191.2907,0.000000,0.000000,0.000000,0.000000
112180359,-96.0960,199.0884,0.000000,0.000000,0.000000,0.000000
112180421,-95.9547,207.1775,0.000000,0.000000,0.000000,0.000000
112180468,-95.8483,216.4628,0.000000,0.000000,0.000000,0.000000
112180515,-95.9220,224.0900,0.000000,0.000000,0.000000,0.000000
112180593,-96.1382,233.0580,0.000000,0.000000,0.000000,0.000000
112180671,-96.2900,238.3378,0.000000,0.000000,0.000000,0.000000
112180750,-96.4138,242.4570,0.000000,0.000000,0.000000,0.000000
112181000,-96.5937,246.1406,0.000000,0.000000,0.000000,0.000000
112181046,-96.6822,248.8304,0.000000,0.000000,0.000000,0.000000
112181093,-96.7677,256.8740,0.000000,0.000000,0.000000,0.000000
112181140,-96.8117,263.6415,0.000000,0.000000,0.000000,0.000000
112181203,-96.8542,270.7660,0.000000,0.000000,0.000000,0.000000
112181250,-96.8964,275.5617,0.000000,0.000000,0.000000,0.000000
112181296,-96.9518,279.8745,0.000000,0.000000,0.000000,0.000000
112181343,-96.9988,282.8510,0.000000,0.000000,0.000000,0.000000
112181406,-97.0495,286.6534,0.000000,0.000000,0.000000,0.000000
112181484,-97.0847,290.6660,0.000000,0.000000,0.000000,0.000000
112181531,-97.0914,296.4357,0.000000,0.000000,0.000000,0.000000
112181593,-97.0918,301.1139,0.000000,0.000000,0.000000,0.000000
112181656,-97.0744,306.9002,0.000000,0.000000,0.000000,0.000000
112181718,-97.0713,310.2376,0.000000,0.000000,0.000000,0.000000
112181781,-97.0706,313.1765,0.000000,0.000000,0.000000,0.000000
112181843,-97.0704,315.7033,0.000000,0.000000,0.000000,0.000000
112181906,-97.0703,317.5174,0.000000,0.000000,0.000000,0.000000
112181953,-97.0701,317.8878,0.000000,0.000000,0.000000,0.000000
112182015,-97.1011,313.8861,0.000000,0.000000,0.000000,0.000000
112182078,-97.1287,309.3498,0.000000,0.000000,0.000000,0.000000
112182125,-97.1525,304.0195,0.000000,0.000000,0.000000,0.000000
112182203,-97.2232,298.3781,0.000000,0.000000,0.000000,0.000000
112182281,-97.2973,295.0631,0.000000,0.000000,0.000000,0.000000
112182328,-97.3406,292.9348,0.000000,0.000000,0.000000,0.000000
112182390,-97.3728,290.4207,0.000000,0.000000,0.000000,0.000000
112182437,-97.3770,289.0270,0.000000,0.000000,0.000000,0.000000
112182500,-97.4045,287.2608,0.000000,0.000000,0.000000,0.000000
112182578,-97.4651,284.9135,0.000000,0.000000,0.000000,0.000000
112182625,-97.5349,282.3215,0.000000,0.000000,0.000000,0.000000
112182703,-97.6281,276.5556,0.000000,0.000000,0.000000,0.000000
112182750,-97.6906,271.8563,0.000000,0.000000,0.000000,0.000000
112182796,-97.7320,268.7508,0.000000,0.000000,0.000000,0.000000
112182859,-97.7724,265.2837,0.000000,0.000000,0.000000,0.000000
112182906,-97.8026,262.7013,0.000000,0.000000,0.000000,0.000000
112182953,-97.8279,260.4242,0.000000,0.000000,0.000000,0.000000
112183015,-97.8336,258.8695,0.000000,0.000000,0.000000,0.000000
112183062,-97.8344,257.3889,0.000000,0.000000,0.000000,0.000000
112183109,-97.8344,256.3311,0.000000,0.000000,0.000000,0.000000
112183171,-97.8344,254.7739,0.000000,0.000000,0.000000,0.000000
112183234,-97.8344,252.4188,0.000000,0.000000,0.000000,0.000000
112183281,-97.8344,248.7837,0.000000,0.000000,0.000000,0.000000
112183343,-97.8344,242.8051,0.000000,0.000000,0.000000,0.000000
112183421,-97.8344,238.4119,0.000000,0.000000,0.000000,0.000000
112183468,-97.8344,234.8681,0.000000,0.000000,0.000000,0.000000
112183562,-97.8693,230.3318,0.000000,0.000000,0.000000,0.000000
112183640,-98.3113,227.0934,0.000000,0.000000,0.000000,0.000000
112183703,-98.6406,225.0392,0.000000,0.000000,0.000000,0.000000
112184015,-98.9923,222.3546,0.000000,0.000000,0.000000,0.000000
112184078,-99.1621,221.2681,0.000000,0.000000,0.000000,0.000000
112184156,-99.3587,219.8635,0.000000,0.000000,0.000000,0.000000
112184203,-99.4992,218.8434,0.000000,0.000000,0.000000,0.000000
112184250,-99.6062,218.0590,0.000000,0.000000,0.000000,0.000000
112184312,-99.6783,217.5168,0.000000,0.000000,0.000000,0.000000
112184343,-99.7551,216.8703,0.000000,0.000000,0.000000,0.000000
112184390,-99.8008,216.5107,0.000000,0.000000,0.000000,0.000000
112184437,-99.8447,216.1320,0.000000,0.000000,0.000000,0.000000
112184484,-99.8791,215.8381,0.000000,0.000000,0.000000,0.000000
112184531,-99.9088,215.5871,0.000000,0.000000,0.000000,0.000000
112184562,-99.9179,215.4000,0.000000,0.000000,0.000000,0.000000
112184625,-99.9193,215.2454,0.000000,0.000000,0.000000,0.000000
112184671,-99.9195,215.1234,0.000000,0.000000,0.000000,0.000000
112184718,-99.9195,215.0142,0.000000,0.000000,0.000000,0.000000
112184765,-99.9195,214.9388,0.000000,0.000000,0.000000,0.000000
112184812,-99.9193,214.8947,0.000000,0.000000,0.000000,0.000000
112184875,-99.9193,214.8347,0.000000,0.000000,0.000000,0.000000
112184921,-99.9458,214.7740,0.000000,0.000000,0.000000,0.000000
112184968,-99.9919,214.7465,0.000000,0.000000,0.000000,0.000000
112185031,-99.9573,214.6597,0.000000,0.000000,0.000000,0.000000
112185078,-99.8016,213.8823,0.000000,0.000000,0.000000,0.000000
112185156,-99.6226,211.5375,0.000000,0.000000,0.000000,0.000000
112185218,-99.4295,208.1036,0.000000,0.000000,0.000000,0.000000
112185265,-99.0424,203.7417,0.000000,0.000000,0.000000,0.000000
112185328,-98.6944,199.1395,0.000000,0.000000,0.000000,0.000000
112185390,-98.3619,193.1501,0.000000,0.000000,0.000000,0.000000
112185453,-98.1255,187.4391,0.000000,0.000000,0.000000,0.000000
112185500,-98.0079,182.3189,0.000000,0.000000,0.000000,0.000000
112185562,-98.1173,176.4770,0.000000,0.000000,0.000000,0.000000
112185609,-98.4886,171.1608,0.000000,0.000000,0.000000,0.000000
112185656,-98.8617,166.6213,0.000000,0.000000,0.000000,0.000000
112185734,-99.1908,162.3232,0.000000,0.000000,0.000000,0.000000
112185781,-99.3920,159.7267,0.000000,0.000000,0.000000,0.000000
112185843,-99.5472,157.6559,0.000000,0.000000,0.000000,0.000000
112185890,-99.6865,155.6445,0.000000,0.000000,0.000000,0.000000
112185953,-99.8934,154.4820,0.000000,0.000000,0.000000,0.000000
112186000,-100.1366,153.4990,0.000000,0.000000,0.000000,0.000000
112186046,-100.1955,152.5351,0.000000,0.000000,0.000000,0.000000
112186109,-100.1237,152.1787,0.000000,0.000000,0.000000,0.000000
112186156,-100.1378,152.1359,0.000000,0.000000,0.000000,0.000000
112186250,-100.1374,152.1289,0.000000,0.000000,0.000000,0.000000
112186343,-97.7261,152.0893,0.000000,0.000000,0.000000,0.000000
112186421,-88.4778,152.0739,0.000000,0.000000,0.000000,0.000000
112186500,-85.2122,152.0644,0.000000,0.000000,0.000000,0.000000
112186546,-85.1827,152.0580,0.000000,0.000000,0.000000,0.000000
112186609,-85.1867,152.0580,0.000000,0.000000,0.000000,0.000000
112186765,-85.1931,152.0580,0.000000,0.000000,0.000000,0.000000
112186828,-85.1943,152.0573,0.000000,0.000000,0.000000,0.000000
112186890,-85.2004,152.0573,0.000000,0.000000,0.000000,0.000000
112186937,-85.2009,151.9347,0.000000,0.000000,0.000000,0.000000
112187000,-85.2012,151.4844,0.000000,0.000000,0.000000,0.000000
112187062,-85.2013,150.6898,0.000000,0.000000,0.000000,0.000000
112187125,-85.2015,149.4219,0.000000,0.000000,0.000000,0.000000
112187171,-85.2015,147.0311,0.000000,0.000000,0.000000,0.000000
112187234,-85.2016,143.5825,0.000000,0.000000,0.000000,0.000000
112187281,-85.2016,139.2959,0.000000,0.000000,0.000000,0.000000
112187328,-85.2016,135.0937,0.000000,0.000000,0.000000,0.000000
112187375,-85.2016,132.4237,0.000000,0.000000,0.000000,0.000000
112187406,-85.2016,128.1263,0.000000,0.000000,0.000000,0.000000
112187453,-85.2016,123.6155,0.000000,0.000000,0.000000,0.000000
112187500,-85.2016,120.1612,0.000000,0.000000,0.000000,0.000000
112187546,-85.2016,116.3984,0.000000,0.000000,0.000000,0.000000
112187593,-85.2016,112.0562,0.000000,0.000000,0.000000,0.000000
112187625,-85.2720,107.7677,0.000000,0.000000,0.000000,0.000000
112187671,-85.4282,103.2588,0.000000,0.000000,0.000000,0.000000
112187703,-85.6520,97.7688,0.000000,0.000000,0.000000,0.000000
112187750,-85.8826,92.1275,0.000000,0.000000,0.000000,0.000000
112187796,-86.0759,87.2801,0.000000,0.000000,0.000000,0.000000
112187843,-86.2038,84.1573,0.000000,0.000000,0.000000,0.000000
112187890,-86.3147,81.4873,0.000000,0.000000,0.000000,0.000000
112187921,-86.4079,79.3341,0.000000,0.000000,0.000000,0.000000
112187968,-86.4866,77.5131,0.000000,0.000000,0.000000,0.000000
112188015,-86.5455,76.2267,0.000000,0.000000,0.000000,0.000000
112188046,-86.5913,75.1996,0.000000,0.000000,0.000000,0.000000
112188093,-86.6303,74.2753,0.000000,0.000000,0.000000,0.000000
112188125,-86.6612,73.5350,0.000000,0.000000,0.000000,0.000000
112188156,-86.6852,72.9665,0.000000,0.000000,0.000000,0.000000
112188203,-86.6947,72.5641,0.000000,0.000000,0.000000,0.000000
112188250,-86.7372,72.1062,0.000000,0.000000,0.000000,0.000000
112188281,-86.8617,71.8992,0.000000,0.000000,0.000000,0.000000
112188328,-87.0261,71.7472,0.000000,0.000000,0.000000,0.000000
112188375,-87.2323,71.3346,0.000000,0.000000,0.000000,0.000000
112188421,-87.3466,70.6965,0.000000,0.000000,0.000000,0.000000
112188468,-87.3784,69.6943,0.000000,0.000000,0.000000,0.000000
112188500,-87.3587,68.6078,0.000000,0.000000,0.000000,0.000000
112188546,-87.3121,66.8787,0.000000,0.000000,0.000000,0.000000
112188593,-87.2209,64.9107,0.000000,0.000000,0.000000,0.000000
112188625,-87.0761,62.8355,0.000000,0.000000,0.000000,0.000000
112188671,-86.9408,60.7896,0.000000,0.000000,0.000000,0.000000
112188703,-86.8087,58.4575,0.000000,0.000000,0.000000,0.000000
112188750,-86.6749,55.6152,0.000000,0.000000,0.000000,0.000000
112188796,-86.5573,52.7657,0.000000,0.000000,0.000000,0.000000
112188843,-86.4842,50.7792,0.000000,0.000000,0.000000,0.000000
112188875,-86.4256,48.7825,0.000000,0.000000,0.000000,0.000000
112188921,-86.3861,47.2093,0.000000,0.000000,0.000000,0.000000
112188953,-86.3541,45.2682,0.000000,0.000000,0.000000,0.000000
112189000,-86.3439,43.5430,0.000000,0.000000,0.000000,0.000000
112189046,-86.3417,41.6497,0.000000,0.000000,0.000000,0.000000
112189093,-86.3295,40.1353,0.000000,0.000000,0.000000,0.000000
112189125,-86.3033,38.2242,0.000000,0.000000,0.000000,0.000000
112189171,-86.2583,36.5468,0.000000,0.000000,0.000000,0.000000
112189234,-86.1987,34.4224,0.000000,0.000000,0.000000,0.000000
112189281,-86.1544,32.3861,0.000000,0.000000,0.000000,0.000000
112189328,-86.1299,30.9329,0.000000,0.000000,0.000000,0.000000
112189375,-86.0725,28.5753,0.000000,0.000000,0.000000,0.000000
112189421,-86.0129,26.6348,0.000000,0.000000,0.000000,0.000000
112189453,-85.9579,24.5532,0.000000,0.000000,0.000000,0.000000
112189500,-85.9085,22.0168,0.000000,0.000000,0.000000,0.000000
112189546,-85.8769,19.7799,0.000000,0.000000,0.000000,0.000000
112189578,-85.8633,16.9337,0.000000,0.000000,0.000000,0.000000
112189625,-85.8611,14.5780,0.000000,0.000000,0.000000,0.000000
112189703,-85.8606,10.3348,0.000000,0.000000,0.000000,0.000000
112189750,-85.8606,8.8300,0.000000,0.000000,0.000000,0.000000
112189781,-85.8235,6.7068,0.000000,0.000000,0.000000,0.000000
112189828,-85.6985,3.6549,0.000000,0.000000,0.000000,0.000000
112189875,-85.5540,1.0654,0.000000,0.000000,0.000000,0.000000
112189953,-85.3826,-2.0555,0.000000,0.000000,0.000000,0.000000
112190015,-85.3566,-2.9893,0.000000,0.000000,0.000000,0.000000
112190062,-85.4155,-3.7315,0.000000,0.000000,0.000000,0.000000
112190093,-85.5191,-4.4865,0.000000,0.000000,0.000000,0.000000
112190140,-85.6136,-5.1086,0.000000,0.000000,0.000000,0.000000
112190203,-85.6981,-5.6988,0.000000,0.000000,0.000000,0.000000
112190234,-85.7632,-5.9045,0.000000,0.000000,0.000000,0.000000
112190281,-85.8076,-5.6893,0.000000,0.000000,0.000000,0.000000
112190328,-85.8687,-5.2421,0.000000,0.000000,0.000000,0.000000
112190375,-85.9496,-4.7835,0.000000,0.000000,0.000000,0.000000
112190421,-86.0359,-4.4712,0.000000,0.000000,0.000000,0.000000
112190468,-86.0084,-4.8461,0.000000,0.000000,0.000000,0.000000
112190515,-85.7634,-6.0316,0.000000,0.000000,0.000000,0.000000
112190562,-85.4208,-7.7716,0.000000,0.000000,0.000000,0.000000
112190609,-85.2554,-9.9873,0.000000,0.000000,0.000000,0.000000
112190656,-85.2072,-13.4519,0.000000,0.000000,0.000000,0.000000
112190703,-85.2032,-15.7890,0.000000,0.000000,0.000000,0.000000
112190750,-85.2022,-18.9023,0.000000,0.000000,0.000000,0.000000
112190796,-85.2021,-22.1847,0.000000,0.000000,0.000000,0.000000
112190843,-85.2019,-25.6582,0.000000,0.000000,0.000000,0.000000
112190890,-85.2018,-29.1732,0.000000,0.000000,0.000000,0.000000
112190953,-85.2016,-32.1440,0.000000,0.000000,0.000000,0.000000
112191000,-85.2016,-34.8791,0.000000,0.000000,0.000000,0.000000
112191062,-85.2016,-38.3468,0.000000,0.000000,0.000000,0.000000
112191109,-85.2016,-40.2560,0.000000,0.000000,0.000000,0.000000
112191171,-85.2511,-42.9055,0.000000,0.000000,0.000000,0.000000
112191218,-85.3319,-44.6154,0.000000,0.000000,0.000000,0.000000
112191265,-85.4388,-45.3244,0.000000,0.000000,0.000000,0.000000
112191328,-85.5669,-45.5575,0.000000,0.000000,0.000000,0.000000
112191375,-85.6847,-45.4464,0.000000,0.000000,0.000000,0.000000
112191421,-85.7316,-44.8703,0.000000,0.000000,0.000000,0.000000
112191468,-85.6453,-43.8642,0.000000,0.000000,0.000000,0.000000
112191546,-85.4479,-42.4705,0.000000,0.000000,0.000000,0.000000
112191593,-85.2806,-41.1969,0.000000,0.000000,0.000000,0.000000
112191640,-85.2142,-39.3848,0.000000,0.000000,0.000000,0.000000
112191703,-85.2038,-36.8458,0.000000,0.000000,0.000000,0.000000
112191750,-85.2026,-35.1448,0.000000,0.000000,0.000000,0.000000
112191796,-85.2021,-33.1034,0.000000,0.000000,0.000000,0.000000
112191843,-85.2019,-31.1903,0.000000,0.000000,0.000000,0.000000
112191890,-85.2018,-29.0218,0.000000,0.000000,0.000000,0.000000
112191937,-85.2018,-26.8329,0.000000,0.000000,0.000000,0.000000
112191984,-85.2016,-25.1440,0.000000,0.000000,0.000000,0.000000
112192031,-85.2734,-23.1460,0.000000,0.000000,0.000000,0.000000
112192078,-85.4400,-20.5681,0.000000,0.000000,0.000000,0.000000
112192125,-85.6525,-17.8419,0.000000,0.000000,0.000000,0.000000
112192187,-85.8639,-14.9484,0.000000,0.000000,0.000000,0.000000
112192234,-86.0075,-12.9415,0.000000,0.000000,0.000000,0.000000
112192281,-86.0934,-11.9809,0.000000,0.000000,0.000000,0.000000
112192328,-86.1505,-11.6155,0.000000,0.000000,0.000000,0.000000
112192375,-86.1660,-11.7739,0.000000,0.000000,0.000000,0.000000
112192421,-86.1683,-12.6771,0.000000,0.000000,0.000000,0.000000
112192468,-86.1385,-14.1647,0.000000,0.000000,0.000000,0.000000
112192515,-86.1033,-16.3492,0.000000,0.000000,0.000000,0.000000
112192562,-86.1843,-18.8722,0.000000,0.000000,0.000000,0.000000
112192609,-86.3547,-23.1262,0.000000,0.000000,0.000000,0.000000
112192703,-86.5429,-29.4613,0.000000,0.000000,0.000000,0.000000
112192750,-86.6592,-33.0427,0.000000,0.000000,0.000000,0.000000
112192796,-86.8023,-38.5180,0.000000,0.000000,0.000000,0.000000
112192843,-86.9072,-42.8154,0.000000,0.000000,0.000000,0.000000
112192890,-86.9951,-46.7929,0.000000,0.000000,0.000000,0.000000
112192937,-87.0665,-50.1277,0.000000,0.000000,0.000000,0.000000
112192984,-87.1390,-52.6974,0.000000,0.000000,0.000000,0.000000
112193031,-87.1933,-55.1214,0.000000,0.000000,0.000000,0.000000
112193078,-87.2439,-57.4924,0.000000,0.000000,0.000000,0.000000
112193125,-87.2876,-60.5092,0.000000,0.000000,0.000000,0.000000
112193187,-87.3287,-66.0055,0.000000,0.000000,0.000000,0.000000
112193234,-87.3570,-71.6788,0.000000,0.000000,0.000000,0.000000
112193281,-87.4187,-77.4333,0.000000,0.000000,0.000000,0.000000
112193328,-87.5753,-84.0474,0.000000,0.000000,0.000000,0.000000
112193375,-87.7270,-89.4346,0.000000,0.000000,0.000000,0.000000
112193421,-87.8733,-94.8434,0.000000,0.000000,0.000000,0.000000
112193453,-87.9615,-98.1316,0.000000,0.000000,0.000000,0.000000
112193500,-88.0499,-101.6792,0.000000,0.000000,0.000000,0.000000
112193531,-88.1186,-104.1492,0.000000,0.000000,0.000000,0.000000
112193562,-88.2356,-106.8645,0.000000,0.000000,0.000000,0.000000
112193625,-88.4110,-110.5053,0.000000,0.000000,0.000000,0.000000
112193656,-88.5876,-116.1358,0.000000,0.000000,0.000000,0.000000
112193703,-88.7047,-122.1911,0.000000,0.000000,0.000000,0.000000
112193750,-88.8311,-127.5342,0.000000,0.000000,0.000000,0.000000
112193781,-89.0250,-134.3233,0.000000,0.000000,0.000000,0.000000
112193828,-89.1922,-139.7699,0.000000,0.000000,0.000000,0.000000
112193875,-89.3184,-144.0360,0.000000,0.000000,0.000000,0.000000
112193921,-89.4307,-148.0971,0.000000,0.000000,0.000000,0.000000
112193953,-89.5058,-150.8769,0.000000,0.000000,0.000000,0.000000
112194000,-89.5625,-153.0678,0.000000,0.000000,0.000000,0.000000
112194062,-89.7345,-155.5065,0.000000,0.000000,0.000000,0.000000
112194093,-89.9161,-158.4364,0.000000,0.000000,0.000000,0.000000
112194140,-89.9596,-161.8518,0.000000,0.000000,0.000000,0.000000
112194187,-89.8701,-167.4293,0.000000,0.000000,0.000000,0.000000
112194218,-89.7649,-174.5397,0.000000,0.000000,0.000000,0.000000
112194265,-89.8510,-179.7206,0.000000,0.000000,0.000000,0.000000
112194312,-90.0401,-185.7765,0.000000,0.000000,0.000000,0.000000
112194359,-90.2432,-191.9684,0.000000,0.000000,0.000000,0.000000
112194390,-90.3614,-195.3237,0.000000,0.000000,0.000000,0.000000
112194437,-90.4667,-198.5628,0.000000,0.000000,0.000000,0.000000
112194468,-90.5717,-201.9577,0.000000,0.000000,0.000000,0.000000
112194515,-90.6490,-204.6730,0.000000,0.000000,0.000000,0.000000
112194562,-90.7138,-208.2129,0.000000,0.000000,0.000000,0.000000
112194609,-90.7519,-213.2206,0.000000,0.000000,0.000000,0.000000
112194656,-90.7623,-220.0743,0.000000,0.000000,0.000000,0.000000
112194734,-90.8089,-231.7728,0.000000,0.000000,0.000000,0.000000
112194828,-90.8506,-243.8744,0.000000,0.000000,0.000000,0.000000
112194906,-90.8836,-254.8812,0.000000,0.000000,0.000000,0.000000
112194953,-90.9095,-263.2589,0.000000,0.000000,0.000000,0.000000
112195000,-90.9334,-272.4101,0.000000,0.000000,0.000000,0.000000
112195062,-91.0266,-284.9965,0.000000,0.000000,0.000000,0.000000
112195093,-91.1254,-294.6166,0.000000,0.000000,0.000000,0.000000
112195140,-91.0007,-301.5386,0.000000,0.000000,0.000000,0.000000
112195187,-90.6860,-310.9530,0.000000,0.000000,0.000000,0.000000
112195218,-90.4414,-319.7293,0.000000,0.000000,0.000000,0.000000
112195281,-90.2558,-331.5179,0.000000,0.000000,0.000000,0.000000
112195328,-90.2071,-340.5919,0.000000,0.000000,0.000000,0.000000
112195359,-90.1922,-350.2458,0.000000,0.000000,0.000000,0.000000
112195406,-90.1897,-359.0361,0.000000,0.000000,0.000000,0.000000
112195437,-90.1893,-368.2455,0.000000,0.000000,0.000000,0.000000
112195484,-90.1894,-377.8106,0.000000,0.000000,0.000000,0.000000
112195546,-90.1897,-387.6613,0.000000,0.000000,0.000000,0.000000
112195578,-90.1899,-391.3385,0.000000,0.000000,0.000000,0.000000
112195625,-90.2164,-394.2397,0.000000,0.000000,0.000000,0.000000
112195671,-90.2912,-397.3382,0.000000,0.000000,0.000000,0.000000
112195718,-90.3223,-399.7559,0.000000,0.000000,0.000000,0.000000
112195765,-90.2947,-401.3508,0.000000,0.000000,0.000000,0.000000
112195796,-90.2460,-402.8710,0.000000,0.000000,0.000000,0.000000
112195843,-90.2121,-404.0067,0.000000,0.000000,0.000000,0.000000
112195875,-90.1843,-405.2343,0.000000,0.000000,0.000000,0.000000
112195937,-90.1482,-406.7565,0.000000,0.000000,0.000000,0.000000
112195968,-90.0678,-407.8659,0.000000,0.000000,0.000000,0.000000
112196015,-89.9200,-409.1626,0.000000,0.000000,0.000000,0.000000
112196062,-89.7989,-410.2120,0.000000,0.000000,0.000000,0.000000
112196109,-89.6540,-414.7056,0.000000,0.000000,0.000000,0.000000
112196156,-89.5647,-422.5576,0.000000,0.000000,0.000000,0.000000
112196187,-89.5231,-429.6132,0.000000,0.000000,0.000000,0.000000
112196234,-89.4887,-438.1416,0.000000,0.000000,0.000000,0.000000
112196281,-89.4763,-447.2207,0.000000,0.000000,0.000000,0.000000
112196312,-89.4743,-455.8603,0.000000,0.000000,0.000000,0.000000
112196375,-89.4737,-467.6827,0.000000,0.000000,0.000000,0.000000
112196421,-89.4737,-477.4529,0.000000,0.000000,0.000000,0.000000
112196468,-89.4737,-487.5674,0.000000,0.000000,0.000000,0.000000
112196515,-89.4735,-496.2427,0.000000,0.000000,0.000000,0.000000
112196562,-89.4735,-500.4693,0.000000,0.000000,0.000000,0.000000
112196609,-89.4735,-503.8208,0.000000,0.000000,0.000000,0.000000
112196671,-89.4735,-506.4888,0.000000,0.000000,0.000000,0.000000
112196718,-89.4735,-508.5673,0.000000,0.000000,0.000000,0.000000
112196765,-89.5098,-510.4720,0.000000,0.000000,0.000000,0.000000
112196812,-89.6477,-513.0148,0.000000,0.000000,0.000000,0.000000
112196875,-89.8436,-516.3005,0.000000,0.000000,0.000000,0.000000
112196921,-90.0470,-520.3788,0.000000,0.000000,0.000000,0.000000
112196968,-90.2353,-523.4250,0.000000,0.000000,0.000000,0.000000
112197031,-90.4717,-526.6545,0.000000,0.000000,0.000000,0.000000
112197078,-90.7014,-528.7930,0.000000,0.000000,0.000000,0.000000
112197109,-91.0085,-530.1471,0.000000,0.000000,0.000000,0.000000
112197156,-91.3593,-530.7558,0.000000,0.000000,0.000000,0.000000
112197203,-91.8984,-530.7188,0.000000,0.000000,0.000000,0.000000
112197250,-92.6143,-530.2199,0.000000,0.000000,0.000000,0.000000
112197296,-93.4031,-529.6457,0.000000,0.000000,0.000000,0.000000
112197343,-94.1917,-529.0798,0.000000,0.000000,0.000000,0.000000
112197390,-94.8245,-528.6505,0.000000,0.000000,0.000000,0.000000
112197453,-95.3807,-528.3414,0.000000,0.000000,0.000000,0.000000
112197500,-95.8486,-528.0840,0.000000,0.000000,0.000000,0.000000
112197546,-96.1681,-527.8655,0.000000,0.000000,0.000000,0.000000
112197593,-96.3184,-527.6477,0.000000,0.000000,0.000000,0.000000
112197640,-96.3463,-527.4842,0.000000,0.000000,0.000000,0.000000
112197687,-96.3506,-527.3475,0.000000,0.000000,0.000000,0.000000
112197734,-96.3664,-527.2166,0.000000,0.000000,0.000000,0.000000
112197781,-96.3722,-527.1201,0.000000,0.000000,0.000000,0.000000
112197859,-96.3737,-526.4973,0.000000,0.000000,0.000000,0.000000
112197906,-96.3252,-524.5894,0.000000,0.000000,0.000000,0.000000
112197953,-96.1605,-522.9779,0.000000,0.000000,0.000000,0.000000
112198000,-95.9182,-520.9371,0.000000,0.000000,0.000000,0.000000
112198046,-95.6910,-518.8376,0.000000,0.000000,0.000000,0.000000
112198109,-95.4945,-516.6984,0.000000,0.000000,0.000000,0.000000
112198171,-95.3298,-515.6087,0.000000,0.000000,0.000000,0.000000
112198218,-95.1623,-514.4066,0.000000,0.000000,0.000000,0.000000
112198265,-95.0313,-513.2588,0.000000,0.000000,0.000000,0.000000
112198312,-94.9371,-512.1027,0.000000,0.000000,0.000000,0.000000
112198406,-94.8478,-510.5518,0.000000,0.000000,0.000000,0.000000
112198453,-94.8120,-509.8243,0.000000,0.000000,0.000000,0.000000
112198515,-94.7814,-508.5800,0.000000,0.000000,0.000000,0.000000
112198562,-94.7771,-507.6915,0.000000,0.000000,0.000000,0.000000
112198609,-94.7764,-506.5584,0.000000,0.000000,0.000000,0.000000
112198656,-94.7764,-504.8530,0.000000,0.000000,0.000000,0.000000
112198703,-94.7764,-503.6368,0.000000,0.000000,0.000000,0.000000
112198750,-94.7980,-501.8713,0.000000,0.000000,0.000000,0.000000
112198812,-94.8355,-500.0554,0.000000,0.000000,0.000000,0.000000
112198859,-94.8608,-499.0181,0.000000,0.000000,0.000000,0.000000
112198937,-94.8693,-497.7540,0.000000,0.000000,0.000000,0.000000
112198984,-94.8704,-496.8100,0.000000,0.000000,0.000000,0.000000
112199031,-94.8706,-496.1188,0.000000,0.000000,0.000000,0.000000
112199078,-94.8707,-495.3964,0.000000,0.000000,0.000000,0.000000
112199125,-94.8707,-494.7628,0.000000,0.000000,0.000000,0.000000
112199171,-94.8710,-494.2147,0.000000,0.000000,0.000000,0.000000
112199218,-94.8710,-493.8513,0.000000,0.000000,0.000000,0.000000
112199265,-94.8710,-493.5038,0.000000,0.000000,0.000000,0.000000
112199312,-94.8710,-493.2209,0.000000,0.000000,0.000000,0.000000
112199359,-94.8710,-493.0369,0.000000,0.000000,0.000000,0.000000
112199421,-94.8710,-492.8427,0.000000,0.000000,0.000000,0.000000
112199453,-94.8710,-492.7156,0.000000,0.000000,0.000000,0.000000
112199515,-94.8710,-492.6236,0.000000,0.000000,0.000000,0.000000
112199546,-94.8710,-492.5074,0.000000,0.000000,0.000000,0.000000
112199609,-94.8710,-492.4620,0.000000,0.000000,0.000000,0.000000
112199656,-94.8710,-492.4052,0.000000,0.000000,0.000000,0.000000
112199703,-94.8710,-492.3483,0.000000,0.000000,0.000000,0.000000
112199750,-94.8710,-492.3036,0.000000,0.000000,0.000000,0.000000
112199796,-94.8710,-492.2826,0.000000,0.000000,0.000000,0.000000
112199843,-94.8710,-492.2685,0.000000,0.000000,0.000000,0.000000
112199921,-94.8710,-492.2532,0.000000,0.000000,0.000000,0.000000
112199968,-94.8709,-492.2474,0.000000,0.000000,0.000000,0.000000
112200015,-94.8709,-492.2430,0.000000,0.000000,0.000000,0.000000
112200062,-94.8709,-492.2378,0.000000,0.000000,0.000000,0.000000
112200109,-94.8709,-492.2289,0.000000,0.000000,0.000000,0.000000
112200171,-94.8709,-492.2174,0.000000,0.000000,0.000000,0.000000
112200218,-94.8709,-492.2034,0.000000,0.000000,0.000000,0.000000
112200265,-94.8707,-492.1880,0.000000,0.000000,0.000000,0.000000
112200312,-94.8707,-492.1721,0.000000,0.000000,0.000000,0.000000
112200359,-94.8707,-492.1625,0.000000,0.000000,0.000000,0.000000
112200421,-94.8707,-492.1561,0.000000,0.000000,0.000000,0.000000
112200468,-94.8707,-492.1529,0.000000,0.000000,0.000000,0.000000
112200531,-94.8707,-492.1510,0.000000,0.000000,0.000000,0.000000
112200578,-94.8707,-492.1503,0.000000,0.000000,0.000000,0.000000
112200625,-94.8707,-492.1497,0.000000,0.000000,0.000000,0.000000
112200671,-94.8707,-492.1497,0.000000,0.000000,0.000000,0.000000
112200718,-94.8707,-492.1497,0.000000,0.000000,0.000000,0.000000
112200765,-94.8707,-492.1497,0.000000,0.000000,0.000000,0.000000
112200812,-94.8707,-492.1497,0.000000,0.000000,0.000000,0.000000
112200921,-94.8707,-492.1497,0.000000,0.000000,0.000000,0.000000
112201031,-94.8707,-492.1497,0.000000,0.000000,0.000000,0.000000
112201156,-94.8707,-492.1497,0.000000,0.000000,0.000000,0.000000
112201250,-94.8707,-492.1497,0.000000,0.000000,0.000000,0.000000
112201312,-94.8707,-492.1497,0.000000,0.000000,0.000000,0.000000
112201390,-94.8875,-492.1497,0.000000,0.000000,0.000000,0.000000
112201468,-94.8903,-492.1497,0.000000,0.000000,0.000000,0.000000
112201531,-94.8906,-492.1497,0.000000,0.000000,0.000000,0.000000
112201593,-94.8907,-492.1497,0.000000,0.000000,0.000000,0.000000
112201640,-94.8907,-492.1497,0.000000,0.000000,0.000000,0.000000
112201687,-94.8907,-492.1497,0.000000,0.000000,0.000000,0.000000
112201750,-94.8907,-492.1497,0.000000,0.000000,0.000000,0.000000
112201796,-94.8907,-492.1497,0.000000,0.000000,0.000000,0.000000
112201859,-94.8909,-492.1497,0.000000,0.000000,0.000000,0.000000
112201906,-94.8909,-492.1503,0.000000,0.000000,0.000000,0.000000
112201953,-94.8909,-492.1503,0.000000,0.000000,0.000000,0.000000
112202015,-94.8909,-492.1503,0.000000,0.000000,0.000000,0.000000
112202062,-94.8909,-492.1503,0.000000,0.000000,0.000000,0.000000
112202109,-94.8909,-492.1503,0.000000,0.000000,0.000000,0.000000
112202156,-94.8909,-492.1503,0.000000,0.000000,0.000000,0.000000
112202203,-94.8909,-492.1503,0.000000,0.000000,0.000000,0.000000
112202265,-94.8909,-492.1503,0.000000,0.000000,0.000000,0.000000
112202312,-94.8909,-492.1503,0.000000,0.000000,0.000000,0.000000
112202359,-94.8909,-492.1503,0.000000,0.000000,0.000000,0.000000
112202421,-94.8909,-492.1503,0.000000,0.000000,0.000000,0.000000
112202468,-94.8909,-492.1503,0.000000,0.000000,0.000000,0.000000
112202515,-94.8909,-492.1503,0.000000,0.000000,0.000000,0.000000
112202562,-94.8909,-492.1503,0.000000,0.000000,0.000000,0.000000
112202625,-94.8909,-492.1510,0.000000,0.000000,0.000000,0.000000
112202671,-94.8909,-492.1510,0.000000,0.000000,0.000000,0.000000
112202703,-94.8909,-492.1510,0.000000,0.000000,0.000000,0.000000
112202781,-94.8909,-492.1510,0.000000,0.000000,0.000000,0.000000
112202828,-94.8907,-492.1510,0.000000,0.000000,0.000000,0.000000
112202875,-94.8907,-492.1510,0.000000,0.000000,0.000000,0.000000
112202937,-94.8907,-492.1510,0.000000,0.000000,0.000000,0.000000
112202984,-94.8907,-492.1510,0.000000,0.000000,0.000000,0.000000
112203046,-94.8907,-492.1510,0.000000,0.000000,0.000000,0.000000
112203093,-94.8907,-492.1510,0.000000,0.000000,0.000000,0.000000
112203140,-94.8907,-492.1516,0.000000,0.000000,0.000000,0.000000
112203187,-94.8907,-492.1516,0.000000,0.000000,0.000000,0.000000
112203234,-94.8907,-492.1516,0.000000,0.000000,0.000000,0.000000
112203312,-94.8907,-492.1516,0.000000,0.000000,0.000000,0.000000
112203375,-94.8907,-492.1516,0.000000,0.000000,0.000000,0.000000
112203421,-94.8907,-492.1516,0.000000,0.000000,0.000000,0.000000
112203468,-94.8907,-492.1523,0.000000,0.000000,0.000000,0.000000
112203531,-94.8907,-492.1523,0.000000,0.000000,0.000000,0.000000
112203578,-94.8907,-492.1523,0.000000,0.000000,0.000000,0.000000
112203625,-94.8907,-492.1523,0.000000,0.000000,0.000000,0.000000
112203687,-94.8907,-492.1529,0.000000,0.000000,0.000000,0.000000
112203734,-94.8907,-492.1529,0.000000,0.000000,0.000000,0.000000
112203796,-94.8907,-492.1529,0.000000,0.000000,0.000000,0.000000
112203859,-94.8907,-492.1535,0.000000,0.000000,0.000000,0.000000
112203921,-94.8907,-492.1535,0.000000,0.000000,0.000000,0.000000
112203968,-94.8907,-492.1535,0.000000,0.000000,0.000000,0.000000
112204015,-94.8907,-492.1542,0.000000,0.000000,0.000000,0.000000
112204062,-94.8907,-492.1542,0.000000,0.000000,0.000000,0.000000
112204140,-94.8907,-492.1548,0.000000,0.000000,0.000000,0.000000
112204187,-94.8907,-492.1548,0.000000,0.000000,0.000000,0.000000
112204296,-94.8907,-492.1554,0.000000,0.000000,0.000000,0.000000
112204343,-94.8907,-492.1554,0.000000,0.000000,0.000000,0.000000
112204406,-94.8907,-492.1561,0.000000,0.000000,0.000000,0.000000
112204484,-94.8907,-492.1561,0.000000,0.000000,0.000000,0.000000
112204531,-94.8907,-492.1567,0.000000,0.000000,0.000000,0.000000
112204593,-94.8907,-492.1567,0.000000,0.000000,0.000000,0.000000
112204640,-94.8907,-492.1574,0.000000,0.000000,0.000000,0.000000
112204687,-94.8907,-492.1574,0.000000,0.000000,0.000000,0.000000
112204750,-94.8907,-492.1580,0.000000,0.000000,0.000000,0.000000
112204796,-94.8907,-492.1580,0.000000,0.000000,0.000000,0.000000
112204859,-94.8907,-492.1586,0.000000,0.000000,0.000000,0.000000
112204906,-94.8907,-492.1593,0.000000,0.000000,0.000000,0.000000
112204953,-94.8907,-492.1593,0.000000,0.000000,0.000000,0.000000
112205015,-94.8907,-492.1599,0.000000,0.000000,0.000000,0.000000
112205062,-94.8907,-492.1606,0.000000,0.000000,0.000000,0.000000
112205109,-94.8907,-492.1612,0.000000,0.000000,0.000000,0.000000
112205187,-94.8907,-492.1618,0.000000,0.000000,0.000000,0.000000
112205250,-94.8907,-492.1625,0.000000,0.000000,0.000000,0.000000
112205312,-94.8907,-492.1631,0.000000,0.000000,0.000000,0.000000
112205343,-94.8907,-492.1638,0.000000,0.000000,0.000000,0.000000
112205375,-94.8907,-492.1644,0.000000,0.000000,0.000000,0.000000
112205421,-94.8907,-492.1644,0.000000,0.000000,0.000000,0.000000
112205453,-94.8907,-492.1650,0.000000,0.000000,0.000000,0.000000
112205500,-94.8907,-492.1650,0.000000,0.000000,0.000000,0.000000
112205546,-94.8907,-492.1657,0.000000,0.000000,0.000000,0.000000
112205578,-94.8907,-492.1663,0.000000,0.000000,0.000000,0.000000
112205625,-94.8907,-492.1663,0.000000,0.000000,0.000000,0.000000
112205656,-94.8907,-492.1669,0.000000,0.000000,0.000000,0.000000
112205703,-94.8907,-492.1669,0.000000,0.000000,0.000000,0.000000
112205734,-94.8907,-492.1676,0.000000,0.000000,0.000000,0.000000
112205781,-94.8907,-492.1676,0.000000,0.000000,0.000000,0.000000
112205812,-94.8907,-492.1682,0.000000,0.000000,0.000000,0.000000
112205859,-94.8907,-492.1682,0.000000,0.000000,0.000000,0.000000
112205890,-94.8907,-492.1682,0.000000,0.000000,0.000000,0.000000
112205937,-94.8907,-492.1682,0.000000,0.000000,0.000000,0.000000
112205968,-94.8907,-492.1689,0.000000,0.000000,0.000000,0.000000
112206015,-94.8907,-492.1689,0.000000,0.000000,0.000000,0.000000
112206062,-94.8907,-492.1689,0.000000,0.000000,0.000000,0.000000
112206109,-94.8907,-492.1695,0.000000,0.000000,0.000000,0.000000
112206140,-94.8907,-492.1695,0.000000,0.000000,0.000000,0.000000
112206187,-94.8907,-492.1695,0.000000,0.000000,0.000000,0.000000
112206234,-94.8907,-492.1695,0.000000,0.000000,0.000000,0.000000
112206265,-94.8907,-492.1701,0.000000,0.000000,0.000000,0.000000
112206328,-94.8907,-492.1701,0.000000,0.000000,0.000000,0.000000
112206375,-94.8907,-492.1701,0.000000,0.000000,0.000000,0.000000
112206406,-94.8907,-492.1708,0.000000,0.000000,0.000000,0.000000
112206453,-94.8907,-492.1708,0.000000,0.000000,0.000000,0.000000
112206484,-94.8907,-492.1708,0.000000,0.000000,0.000000,0.000000
112206531,-94.8907,-492.1708,0.000000,0.000000,0.000000,0.000000
112206578,-94.8907,-492.1708,0.000000,0.000000,0.000000,0.000000
112206609,-94.8907,-492.1708,0.000000,0.000000,0.000000,0.000000
112206656,-94.8907,-492.1714,0.000000,0.000000,0.000000,0.000000
112206687,-94.8907,-492.1714,0.000000,0.000000,0.000000,0.000000
112206750,-94.8907,-492.1714,0.000000,0.000000,0.000000,0.000000
112206781,-94.8907,-492.1714,0.000000,0.000000,0.000000,0.000000
112206828,-94.8907,-492.1714,0.000000,0.000000,0.000000,0.000000
112206859,-94.8907,-492.1714,0.000000,0.000000,0.000000,0.000000
112206906,-94.8907,-492.1721,0.000000,0.000000,0.000000,0.000000
112206937,-94.8907,-492.1721,0.000000,0.000000,0.000000,0.000000
112206984,-94.8907,-492.1721,0.000000,0.000000,0.000000,0.000000
112207031,-94.8907,-492.1721,0.000000,0.000000,0.000000,0.000000
112207062,-94.8907,-492.1721,0.000000,0.000000,0.000000,0.000000
112207109,-94.8907,-492.1721,0.000000,0.000000,0.000000,0.000000
112207171,-94.8907,-492.1721,0.000000,0.000000,0.000000,0.000000
112207281,-94.8907,-492.1721,0.000000,0.000000,0.000000,0.000000
112207312,-94.8907,-492.1721,0.000000,0.000000,0.000000,0.000000
112207343,-94.8907,-492.1721,0.000000,0.000000,0.000000,0.000000
112207390,-94.8907,-492.1721,0.000000,0.000000,0.000000,0.000000
112207421,-94.8907,-492.1721,0.000000,0.000000,0.000000,0.000000
112207468,-94.8907,-492.1727,0.000000,0.000000,0.000000,0.000000
112207515,-94.8907,-492.1727,0.000000,0.000000,0.000000,0.000000
112207562,-94.8907,-492.1727,0.000000,0.000000,0.000000,0.000000
112207609,-94.8907,-492.1727,0.000000,0.000000,0.000000,0.000000
112207703,-94.8907,-492.1727,0.000000,0.000000,0.000000,0.000000
112207781,-94.8907,-492.1727,0.000000,0.000000,0.000000,0.000000
112207843,-94.8907,-492.1727,0.000000,0.000000,0.000000,0.000000
112207921,-94.8907,-492.1727,0.000000,0.000000,0.000000,0.000000
112208000,-94.8907,-492.1727,0.000000,0.000000,0.000000,0.000000
112208062,-94.8907,-492.1727,0.000000,0.000000,0.000000,0.000000
112208093,-94.8907,-492.1727,0.000000,0.000000,0.000000,0.000000
112208171,-94.8907,-492.1727,0.000000,0.000000,0.000000,0.000000
112208218,-94.8907,-492.1727,0.000000,0.000000,0.000000,0.000000
112208250,-94.8907,-492.1727,0.000000,0.000000,0.000000,0.000000
112208296,-94.8907,-492.1727,0.000000,0.000000,0.000000,0.000000
112208359,-94.8907,-492.1727,0.000000,0.000000,0.000000,0.000000
112208406,-94.8907,-492.1727,0.000000,0.000000,0.000000,0.000000
112208453,-94.8907,-492.1733,0.000000,0.000000,0.000000,0.000000
112208500,-94.8907,-492.1733,0.000000,0.000000,0.000000,0.000000
112208546,-94.8907,-492.1733,0.000000,0.000000,0.000000,0.000000
112208593,-94.8907,-492.1733,0.000000,0.000000,0.000000,0.000000
112208640,-94.8907,-492.1733,0.000000,0.000000,0.000000,0.000000
112208687,-94.8907,-492.1733,0.000000,0.000000,0.000000,0.000000
112208734,-94.8907,-492.1733,0.000000,0.000000,0.000000,0.000000
112208781,-94.8907,-492.1733,0.000000,0.000000,0.000000,0.000000
112208828,-94.8907,-492.1733,0.000000,0.000000,0.000000,0.000000
112208875,-94.8907,-492.1733,0.000000,0.000000,0.000000,0.000000
112208921,-94.8907,-492.1733,0.000000,0.000000,0.000000,0.000000
112208968,-94.8907,-492.1733,0.000000,0.000000,0.000000,0.000000
112209015,-94.8907,-492.1733,0.000000,0.000000,0.000000,0.000000
112209062,-94.8907,-492.1733,0.000000,0.000000,0.000000,0.000000
112209109,-94.8907,-492.1733,0.000000,0.000000,0.000000,0.000000
112209156,-94.8907,-492.1733,0.000000,0.000000,0.000000,0.000000
112209203,-94.8907,-492.1733,0.000000,0.000000,0.000000,0.000000
112209265,-94.8907,-492.1733,0.000000,0.000000,0.000000,0.000000
112209328,-94.8907,-492.1733,0.000000,0.000000,0.000000,0.000000
112209375,-94.8907,-492.1733,0.000000,0.000000,0.000000,0.000000
112209421,-94.8907,-492.1733,0.000000,0.000000,0.000000,0.000000
112209453,-94.8907,-492.1733,0.000000,0.000000,0.000000,0.000000
112209515,-94.8907,-492.1733,0.000000,0.000000,0.000000,0.000000
112209578,-94.8907,-492.1733,0.000000,0.000000,0.000000,0.000000
112209609,-94.8907,-492.1733,0.000000,0.000000,0.000000,0.000000
112209671,-94.8907,-492.1733,0.000000,0.000000,0.000000,0.000000
112209718,-94.8907,-492.1733,0.000000,0.000000,0.000000,0.000000
112209781,-94.8907,-492.1733,0.000000,0.000000,0.000000,0.000000
112209828,-94.8907,-492.1733,0.000000,0.000000,0.000000,0.000000
112209875,-94.8907,-492.1733,0.000000,0.000000,0.000000,0.000000
112209921,-94.8907,-492.1733,0.000000,0.000000,0.000000,0.000000
112209968,-94.8907,-492.1733,0.000000,0.000000,0.000000,0.000000
112210015,-94.8907,-492.1733,0.000000,0.000000,0.000000,0.000000
112210062,-94.8907,-492.1733,0.000000,0.000000,0.000000,0.000000
112210109,-94.8907,-492.1733,0.000000,0.000000,0.000000,0.000000
112210171,-94.8907,-492.1733,0.000000,0.000000,0.000000,0.000000
112210218,-94.8907,-492.1733,0.000000,0.000000,0.000000,0.000000
112210281,-94.8907,-492.1733,0.000000,0.000000,0.000000,0.000000
112210328,-94.8907,-492.1733,0.000000,0.000000,0.000000,0.000000
112210375,-94.8907,-492.1733,0.000000,0.000000,0.000000,0.000000
112210421,-94.8907,-492.1733,0.000000,0.000000,0.000000,0.000000
112210484,-94.8907,-492.1733,0.000000,0.000000,0.000000,0.000000
112210546,-94.8907,-492.1733,0.000000,0.000000,0.000000,0.000000
112210609,-94.8907,-492.1733,0.000000,0.000000,0.000000,0.000000
112210671,-94.8907,-492.1733,0.000000,0.000000,0.000000,0.000000
112210718,-94.8907,-492.1733,0.000000,0.000000,0.000000,0.000000
112210765,-94.8907,-492.1733,0.000000,0.000000,0.000000,0.000000
112210812,-94.8907,-492.1733,0.000000,0.000000,0.000000,0.000000
112210859,-94.8907,-492.1733,0.000000,0.000000,0.000000,0.000000
112210906,-94.8907,-492.1733,0.000000,0.000000,0.000000,0.000000
112210953,-94.8907,-492.1733,0.000000,0.000000,0.000000,0.000000
112211000,-94.8907,-492.1733,0.000000,0.000000,0.000000,0.000000
112211062,-94.8907,-492.1733,0.000000,0.000000,0.000000,0.000000
112211093,-94.8907,-492.1733,0.000000,0.000000,0.000000,0.000000
112211140,-94.8907,-492.1733,0.000000,0.000000,0.000000,0.000000
112211187,-94.8907,-492.1733,0.000000,0.000000,0.000000,0.000000
112211234,-94.8907,-492.1733,0.000000,0.000000,0.000000,0.000000
112211296,-94.8907,-492.1733,0.000000,0.000000,0.000000,0.000000
112211343,-94.8907,-492.1733,0.000000,0.000000,0.000000,0.000000
112211390,-94.8907,-492.1733,0.000000,0.000000,0.000000,0.000000
112211421,-94.8907,-492.1733,0.000000,0.000000,0.000000,0.000000
112211468,-94.8907,-492.1733,0.000000,0.000000,0.000000,0.000000
112211515,-94.8907,-492.1733,0.000000,0.000000,0.000000,0.000000
112211546,-94.8907,-492.1733,0.000000,0.000000,0.000000,0.000000
112211593,-94.8907,-492.1733,0.000000,0.000000,0.000000,0.000000
112211625,-94.8907,-492.1733,0.000000,0.000000,0.000000,0.000000
112211671,-94.8907,-492.1733,0.000000,0.000000,0.000000,0.000000
112211734,-94.8907,-492.1733,0.000000,0.000000,0.000000,0.000000
112211765,-94.8907,-492.1733,0.000000,0.000000,0.000000,0.000000
112211812,-94.8907,-492.1733,0.000000,0.000000,0.000000,0.000000
112211843,-94.8907,-492.1733,0.000000,0.000000,0.000000,0.000000
112211906,-94.8907,-492.1733,0.000000,0.000000,0.000000,0.000000
112211937,-94.8907,-492.1733,0.000000,0.000000,0.000000,0.000000
112211984,-94.8907,-492.1733,0.000000,0.000000,0.000000,0.000000
112212031,-94.8907,-492.1733,0.000000,0.000000,0.000000,0.000000
112212062,-94.8907,-492.1733,0.000000,0.000000,0.000000,0.000000
112212109,-94.8907,-492.1733,0.000000,0.000000,0.000000,0.000000
112212156,-94.8907,-492.1733,0.000000,0.000000,0.000000,0.000000
112212203,-94.8907,-492.1733,0.000000,0.000000,0.000000,0.000000
112212250,-94.8907,-492.1733,0.000000,0.000000,0.000000,0.000000
112212296,-94.8907,-492.1733,0.000000,0.000000,0.000000,0.000000
112212343,-94.8907,-492.1733,0.000000,0.000000,0.000000,0.000000
112212375,-94.8907,-492.1733,0.000000,0.000000,0.000000,0.000000
112212421,-94.8907,-492.1733,0.000000,0.000000,0.000000,0.000000
112212468,-94.8907,-492.1733,0.000000,0.000000,0.000000,0.000000
112212500,-94.8907,-492.1733,0.000000,0.000000,0.000000,0.000000
112212546,-94.8907,-492.1733,0.000000,0.000000,0.000000,0.000000
112212609,-94.8907,-492.1733,0.000000,0.000000,0.000000,0.000000
112212640,-94.8907,-492.1733,0.000000,0.000000,0.000000,0.000000
112212687,-94.8907,-492.1733,0.000000,0.000000,0.000000,0.000000
112212718,-94.8907,-492.1733,0.000000,0.000000,0.000000,0.000000
112212765,-94.8907,-492.1733,0.000000,0.000000,0.000000,0.000000
112212812,-94.8907,-492.1733,0.000000,0.000000,0.000000,0.000000
112212843,-94.8907,-492.1733,0.000000,0.000000,0.000000,0.000000
112212875,-94.8907,-492.1733,0.000000,0.000000,0.000000,0.000000
112212921,-94.8907,-492.1733,0.000000,0.000000,0.000000,0.000000
112212968,-94.8907,-492.1733,0.000000,0.000000,0.000000,0.000000
112213015,-94.8907,-492.1733,0.000000,0.000000,0.000000,0.000000
112213078,-94.8907,-492.1733,0.000000,0.000000,0.000000,0.000000
112213109,-94.8907,-492.1733,0.000000,0.000000,0.000000,0.000000
112213156,-94.8907,-492.1733,0.000000,0.000000,0.000000,0.000000
112213203,-94.8907,-492.1733,0.000000,0.000000,0.000000,0.000000
112213250,-94.8907,-492.1733,0.000000,0.000000,0.000000,0.000000
112213296,-94.8907,-492.1733,0.000000,0.000000,0.000000,0.000000
112213343,-94.8907,-492.1733,0.000000,0.000000,0.000000,0.000000
112213375,-94.8907,-492.1733,0.000000,0.000000,0.000000,0.000000
112213421,-94.8907,-492.1733,0.000000,0.000000,0.000000,0.000000
112213468,-94.8907,-492.1733,0.000000,0.000000,0.000000,0.000000
112213515,-94.8907,-492.1733,0.000000,0.000000,0.000000,0.000000
112213546,-94.8907,-492.1733,0.000000,0.000000,0.000000,0.000000
112213593,-94.8907,-492.1733,0.000000,0.000000,0.000000,0.000000
112213625,-94.8907,-492.1733,0.000000,0.000000,0.000000,0.000000
112213671,-94.8907,-492.1733,0.000000,0.000000,0.000000,0.000000
112213718,-94.8907,-492.1733,0.000000,0.000000,0.000000,0.000000
112213750,-94.8907,-492.1733,0.000000,0.000000,0.000000,0.000000
112213796,-94.8907,-492.1733,0.000000,0.000000,0.000000,0.000000
112213843,-94.8907,-492.1733,0.000000,0.000000,0.000000,0.000000
112213890,-94.8907,-492.1733,0.000000,0.000000,0.000000,0.000000
112213937,-94.8907,-492.1733,0.000000,0.000000,0.000000,0.000000
112213968,-94.8907,-492.1733,0.000000,0.000000,0.000000,0.000000
112214015,-94.8907,-492.1733,0.000000,0.000000,0.000000,0.000000
112214062,-94.8907,-492.1733,0.000000,0.000000,0.000000,0.000000
112214093,-94.8907,-492.1733,0.000000,0.000000,0.000000,0.000000
112214156,-94.8907,-492.1733,0.000000,0.000000,0.000000,0.000000
112214203,-94.8907,-492.1733,0.000000,0.000000,0.000000,0.000000
112214265,-94.8907,-492.1733,0.000000,0.000000,0.000000,0.000000
112214312,-94.8907,-492.1733,0.000000,0.000000,0.000000,0.000000
112214375,-94.8907,-492.1733,0.000000,0.000000,0.000000,0.000000
112214421,-94.8907,-492.1733,0.000000,0.000000,0.000000,0.000000
112214468,-94.8907,-492.1733,0.000000,0.000000,0.000000,0.000000
112214515,-94.8907,-492.1733,0.000000,0.000000,0.000000,0.000000
112214562,-94.8907,-492.1733,0.000000,0.000000,0.000000,0.000000
112214625,-94.8907,-492.1733,0.000000,0.000000,0.000000,0.000000
112214671,-94.8907,-492.1733,0.000000,0.000000,0.000000,0.000000
112214718,-94.8907,-492.1733,0.000000,0.000000,0.000000,0.000000
112214765,-94.8907,-492.1733,0.000000,0.000000,0.000000,0.000000
112214812,-94.8907,-492.1733,0.000000,0.000000,0.000000,0.000000
112214875,-94.8907,-492.1733,0.000000,0.000000,0.000000,0.000000
112214921,-94.8907,-492.1733,0.000000,0.000000,0.000000,0.000000
112214968,-94.8907,-492.1733,0.000000,0.000000,0.000000,0.000000
112215015,-94.8907,-492.1733,0.000000,0.000000,0.000000,0.000000
112215062,-94.8907,-492.1733,0.000000,0.000000,0.000000,0.000000
112215125,-94.8907,-492.1733,0.000000,0.000000,0.000000,0.000000
112215171,-94.8907,-492.1733,0.000000,0.000000,0.000000,0.000000
112215218,-94.8907,-492.1733,0.000000,0.000000,0.000000,0.000000
112215265,-94.8907,-492.1733,0.000000,0.000000,0.000000,0.000000
112215312,-94.8907,-492.1733,0.000000,0.000000,0.000000,0.000000
112215375,-94.8907,-492.1733,0.000000,0.000000,0.000000,0.000000
112215421,-94.8907,-492.1733,0.000000,0.000000,0.000000,0.000000
112215468,-94.8907,-492.1733,0.000000,0.000000,0.000000,0.000000
112215515,-94.8907,-492.1733,0.000000,0.000000,0.000000,0.000000
112215578,-94.8907,-492.1733,0.000000,0.000000,0.000000,0.000000
112215625,-94.8907,-492.1733,0.000000,0.000000,0.000000,0.000000
112215687,-94.8907,-492.1733,0.000000,0.000000,0.000000,0.000000
112215734,-94.8907,-492.1733,0.000000,0.000000,0.000000,0.000000
112215781,-94.8907,-492.1733,0.000000,0.000000,0.000000,0.000000
112215828,-94.8907,-492.1733,0.000000,0.000000,0.000000,0.000000
112215890,-94.8907,-492.1733,0.000000,0.000000,0.000000,0.000000
112215953,-94.8907,-492.1733,0.000000,0.000000,0.000000,0.000000
112216000,-94.8907,-492.1733,0.000000,0.000000,0.000000,0.000000
112216046,-94.8907,-492.1733,0.000000,0.000000,0.000000,0.000000
112216093,-94.8907,-492.1733,0.000000,0.000000,0.000000,0.000000
112216156,-94.8907,-492.1733,0.000000,0.000000,0.000000,0.000000
112216203,-94.8907,-492.1733,0.000000,0.000000,0.000000,0.000000
112216250,-94.8907,-492.1733,0.000000,0.000000,0.000000,0.000000
112216296,-94.8907,-492.1733,0.000000,0.000000,0.000000,0.000000
112216343,-94.8907,-492.1733,0.000000,0.000000,0.000000,0.000000
112216406,-94.8907,-492.1733,0.000000,0.000000,0.000000,0.000000
112216453,-94.8907,-492.1733,0.000000,0.000000,0.000000,0.000000
112216484,-94.8907,-492.1733,0.000000,0.000000,0.000000,0.000000
112216531,-94.8907,-492.1733,0.000000,0.000000,0.000000,0.000000
112216593,-94.8907,-492.1733,0.000000,0.000000,0.000000,0.000000
112216640,-94.8907,-492.1733,0.000000,0.000000,0.000000,0.000000
112216687,-94.8907,-492.1733,0.000000,0.000000,0.000000,0.000000
112216750,-94.8907,-492.1733,0.000000,0.000000,0.000000,0.000000
112216796,-94.8907,-492.1733,0.000000,0.000000,0.000000,0.000000
112216843,-94.8907,-492.1733,0.000000,0.000000,0.000000,0.000000
112216921,-94.8907,-492.1733,0.000000,0.000000,0.000000,0.000000
112216968,-94.8907,-492.1733,0.000000,0.000000,0.000000,0.000000
112217015,-94.8907,-492.1733,0.000000,0.000000,0.000000,0.000000
112217062,-94.8907,-492.1733,0.000000,0.000000,0.000000,0.000000
112217109,-94.8907,-492.1733,0.000000,0.000000,0.000000,0.000000
112217156,-94.8907,-492.1733,0.000000,0.000000,0.000000,0.000000
112217218,-94.8907,-492.1733,0.000000,0.000000,0.000000,0.000000
112217250,-94.8907,-492.1733,0.000000,0.000000,0.000000,0.000000
112217312,-94.8907,-492.1733,0.000000,0.000000,0.000000,0.000000
112217343,-94.8907,-492.1733,0.000000,0.000000,0.000000,0.000000
112217406,-94.8907,-492.1733,0.000000,0.000000,0.000000,0.000000
112217453,-94.8907,-492.1733,0.000000,0.000000,0.000000,0.000000
112217484,-94.8907,-492.1733,0.000000,0.000000,0.000000,0.000000
112217531,-94.8907,-492.1733,0.000000,0.000000,0.000000,0.000000
112217578,-94.8907,-492.1733,0.000000,0.000000,0.000000,0.000000
112217625,-94.8907,-492.1733,0.000000,0.000000,0.000000,0.000000
112217671,-94.8907,-492.1733,0.000000,0.000000,0.000000,0.000000
112217703,-94.8907,-492.1733,0.000000,0.000000,0.000000,0.000000
112217750,-94.8907,-492.1733,0.000000,0.000000,0.000000,0.000000
112217796,-94.8907,-492.1733,0.000000,0.000000,0.000000,0.000000
112217843,-94.8907,-492.1733,0.000000,0.000000,0.000000,0.000000
112217890,-94.8907,-492.1733,0.000000,0.000000,0.000000,0.000000
112217937,-94.8907,-492.1733,0.000000,0.000000,0.000000,0.000000
112217968,-94.8907,-492.1733,0.000000,0.000000,0.000000,0.000000
112218015,-94.8907,-492.1733,0.000000,0.000000,0.000000,0.000000
112218062,-94.8909,-492.1733,0.000000,0.000000,0.000000,0.000000
112218109,-94.8909,-492.1733,0.000000,0.000000,0.000000,0.000000
112218140,-94.8909,-492.1733,0.000000,0.000000,0.000000,0.000000
112218218,-94.8909,-492.1733,0.000000,0.000000,0.000000,0.000000
112218265,-94.8909,-492.1733,0.000000,0.000000,0.000000,0.000000
112218312,-94.8909,-492.1733,0.000000,0.000000,0.000000,0.000000
112218359,-94.8909,-492.1733,0.000000,0.000000,0.000000,0.000000
112218390,-94.8909,-492.1733,0.000000,0.000000,0.000000,0.000000
112218437,-94.8909,-492.1733,0.000000,0.000000,0.000000,0.000000
112218468,-94.8909,-492.1733,0.000000,0.000000,0.000000,0.000000
112218515,-94.8907,-492.1733,0.000000,0.000000,0.000000,0.000000
112218562,-94.8907,-492.1733,0.000000,0.000000,0.000000,0.000000
112218609,-94.8907,-492.1733,0.000000,0.000000,0.000000,0.000000
112218640,-94.8907,-492.1733,0.000000,0.000000,0.000000,0.000000
112218687,-94.8907,-492.1733,0.000000,0.000000,0.000000,0.000000
112218750,-94.8907,-492.1733,0.000000,0.000000,0.000000,0.000000
112218781,-94.8907,-492.1733,0.000000,0.000000,0.000000,0.000000
112218828,-94.8907,-492.1733,0.000000,0.000000,0.000000,0.000000
112218875,-94.8907,-492.1733,0.000000,0.000000,0.000000,0.000000
112218921,-94.8907,-492.1733,0.000000,0.000000,0.000000,0.000000
112218984,-94.8907,-492.1733,0.000000,0.000000,0.000000,0.000000
112219046,-94.8907,-492.1733,0.000000,0.000000,0.000000,0.000000
112219109,-94.8907,-492.1733,0.000000,0.000000,0.000000,0.000000
112219156,-94.8907,-492.1733,0.000000,0.000000,0.000000,0.000000
112219218,-94.8907,-492.1733,0.000000,0.000000,0.000000,0.000000
112219671,-94.8907,-492.1733,0.000000,0.000000,0.000000,0.000000
112219718,-94.8907,-492.1733,0.000000,0.000000,0.000000,0.000000
112219796,-94.8907,-492.1733,0.000000,0.000000,0.000000,0.000000
112219875,-94.8907,-492.1733,0.000000,0.000000,0.000000,0.000000
112219921,-94.8907,-492.1733,0.000000,0.000000,0.000000,0.000000
112219968,-94.8907,-492.1733,0.000000,0.000000,0.000000,0.000000
112220015,-94.8907,-492.1733,0.000000,0.000000,0.000000,0.000000
112220062,-94.8907,-492.1733,0.000000,0.000000,0.000000,0.000000
112220109,-94.8907,-492.1733,0.000000,0.000000,0.000000,0.000000
112220171,-94.8907,-492.1733,0.000000,0.000000,0.000000,0.000000
112220250,-94.8907,-492.1733,0.000000,0.000000,0.000000,0.000000
112220296,-94.8907,-492.1733,0.000000,0.000000,0.000000,0.000000
112220375,-94.8907,-492.1733,0.000000,0.000000,0.000000,0.000000
112220421,-94.8907,-492.1733,0.000000,0.000000,0.000000,0.000000
112220484,-94.8907,-492.1733,0.000000,0.000000,0.000000,0.000000
112220546,-94.8907,-492.1733,0.000000,0.000000,0.000000,0.000000
112220625,-94.8907,-492.1733,0.000000,0.000000,0.000000,0.000000
112220703,-94.8907,-492.1733,0.000000,0.000000,0.000000,0.000000
112220765,-94.8907,-492.1733,0.000000,0.000000,0.000000,0.000000
112220828,-94.8907,-492.1733,0.000000,0.000000,0.000000,0.000000
112220890,-94.8907,-492.1733,0.000000,0.000000,0.000000,0.000000
112220953,-94.8907,-492.1733,0.000000,0.000000,0.000000,0.000000
112221000,-94.8907,-492.1733,0.000000,0.000000,0.000000,0.000000
112221046,-94.8907,-492.1733,0.000000,0.000000,0.000000,0.000000
112221093,-94.8907,-492.1733,0.000000,0.000000,0.000000,0.000000
112221156,-94.8907,-492.1733,0.000000,0.000000,0.000000,0.000000
112221203,-94.8907,-492.1733,0.000000,0.000000,0.000000,0.000000
112221250,-94.8907,-492.1733,0.000000,0.000000,0.000000,0.000000
112221312,-94.8907,-492.1727,0.000000,0.000000,0.000000,0.000000
112221421,-94.8907,-492.1733,0.000000,0.000000,0.000000,0.000000
112221500,-94.8907,-492.1733,0.000000,0.000000,0.000000,0.000000
112221546,-94.8907,-492.1733,0.000000,0.000000,0.000000,0.000000
112221593,-94.8907,-492.1733,0.000000,0.000000,0.000000,0.000000
112221640,-94.8907,-492.1733,0.000000,0.000000,0.000000,0.000000
112221687,-94.8907,-492.1733,0.000000,0.000000,0.000000,0.000000
112221734,-94.8907,-492.1733,0.000000,0.000000,0.000000,0.000000
112221796,-94.8907,-492.1733,0.000000,0.000000,0.000000,0.000000
112221843,-94.8907,-492.1733,0.000000,0.000000,0.000000,0.000000
112221890,-94.8907,-492.1733,0.000000,0.000000,0.000000,0.000000
112221937,-94.8907,-492.1733,0.000000,0.000000,0.000000,0.000000
112222000,-94.8907,-492.1733,0.000000,0.000000,0.000000,0.000000
112222062,-94.8907,-492.1733,0.000000,0.000000,0.000000,0.000000
112222109,-94.8907,-492.1733,0.000000,0.000000,0.000000,0.000000
112222171,-94.8907,-492.1733,0.000000,0.000000,0.000000,0.000000
112222218,-94.8907,-492.1733,0.000000,0.000000,0.000000,0.000000
112222281,-94.8907,-492.1733,0.000000,0.000000,0.000000,0.000000
112222312,-94.8907,-492.1733,0.000000,0.000000,0.000000,0.000000
112222359,-94.8907,-492.1733,0.000000,0.000000,0.000000,0.000000
112222421,-94.8907,-492.1733,0.000000,0.000000,0.000000,0.000000
112222468,-94.8907,-492.1733,0.000000,0.000000,0.000000,0.000000
112222546,-94.8907,-492.1733,0.000000,0.000000,0.000000,0.000000
112222593,-94.8907,-492.1733,0.000000,0.000000,0.000000,0.000000
112222656,-94.8907,-492.1733,0.000000,0.000000,0.000000,0.000000
112222703,-94.8907,-492.1733,0.000000,0.000000,0.000000,0.000000
112222765,-94.8907,-492.1733,0.000000,0.000000,0.000000,0.000000
112222843,-94.8907,-492.1733,0.000000,0.000000,0.000000,0.000000
112222906,-94.8907,-492.1733,0.000000,0.000000,0.000000,0.000000
112223000,-94.8907,-492.1733,0.000000,0.000000,0.000000,0.000000
112223062,-94.8907,-492.1733,0.000000,0.000000,0.000000,0.000000
112223109,-94.8907,-492.1733,0.000000,0.000000,0.000000,0.000000
112223156,-94.8907,-492.1733,0.000000,0.000000,0.000000,0.000000
112223218,-94.8907,-492.1733,0.000000,0.000000,0.000000,0.000000
112223281,-94.8907,-492.1733,0.000000,0.000000,0.000000,0.000000
112223328,-94.8907,-492.1733,0.000000,0.000000,0.000000,0.000000
112223390,-94.8907,-492.1733,0.000000,0.000000,0.000000,0.000000
112223453,-94.8907,-492.1733,0.000000,0.000000,0.000000,0.000000
112223500,-94.8907,-492.1733,0.000000,0.000000,0.000000,0.000000
112223562,-94.8907,-492.1733,0.000000,0.000000,0.000000,0.000000
112223609,-94.8907,-492.1733,0.000000,0.000000,0.000000,0.000000
112223656,-94.8907,-492.1733,0.000000,0.000000,0.000000,0.000000
112223718,-94.8909,-492.1733,0.000000,0.000000,0.000000,0.000000
112223765,-94.8909,-492.1733,0.000000,0.000000,0.000000,0.000000
112223796,-94.8909,-492.1733,0.000000,0.000000,0.000000,0.000000
112223843,-94.8909,-492.1733,0.000000,0.000000,0.000000,0.000000
112223890,-94.8907,-492.1733,0.000000,0.000000,0.000000,0.000000
112223937,-94.8907,-492.1733,0.000000,0.000000,0.000000,0.000000
112223984,-94.8907,-492.1733,0.000000,0.000000,0.000000,0.000000
112224046,-94.8907,-492.1733,0.000000,0.000000,0.000000,0.000000
112224093,-94.8907,-492.1733,0.000000,0.000000,0.000000,0.000000
112224125,-94.8907,-492.1733,0.000000,0.000000,0.000000,0.000000
112224187,-94.8907,-492.1733,0.000000,0.000000,0.000000,0.000000
112224218,-94.8907,-492.1733,0.000000,0.000000,0.000000,0.000000
112224265,-94.8907,-492.1733,0.000000,0.000000,0.000000,0.000000
112224312,-94.8907,-492.1733,0.000000,0.000000,0.000000,0.000000
112224359,-94.8907,-492.1733,0.000000,0.000000,0.000000,0.000000
112224406,-94.8907,-492.1733,0.000000,0.000000,0.000000,0.000000
112224453,-94.8909,-492.1733,0.000000,0.000000,0.000000,0.000000
112224484,-94.8909,-492.1733,0.000000,0.000000,0.000000,0.000000
112224531,-94.8909,-492.1733,0.000000,0.000000,0.000000,0.000000
112224562,-94.8909,-492.1733,0.000000,0.000000,0.000000,0.000000
112224640,-94.8907,-492.1733,0.000000,0.000000,0.000000,0.000000
112224671,-94.8907,-492.1733,0.000000,0.000000,0.000000,0.000000
112224718,-94.8907,-492.1733,0.000000,0.000000,0.000000,0.000000
112224781,-94.8907,-492.1733,0.000000,0.000000,0.000000,0.000000
112224812,-94.8907,-492.1733,0.000000,0.000000,0.000000,0.000000
112224859,-94.8907,-492.1733,0.000000,0.000000,0.000000,0.000000
112224906,-94.8907,-492.1733,0.000000,0.000000,0.000000,0.000000
112224953,-94.8907,-492.1733,0.000000,0.000000,0.000000,0.000000
112225000,-94.8907,-492.1733,0.000000,0.000000,0.000000,0.000000
112225046,-94.8907,-492.1733,0.000000,0.000000,0.000000,0.000000
112225093,-94.8907,-492.1733,0.000000,0.000000,0.000000,0.000000
112225125,-94.8907,-492.1733,0.000000,0.000000,0.000000,0.000000
112225171,-94.8907,-492.1733,0.000000,0.000000,0.000000,0.000000
112225218,-94.8907,-492.1733,0.000000,0.000000,0.000000,0.000000
112225265,-94.8907,-492.1733,0.000000,0.000000,0.000000,0.000000
112225328,-94.8907,-492.1733,0.000000,0.000000,0.000000,0.000000
112225375,-94.8907,-492.1733,0.000000,0.000000,0.000000,0.000000
112225421,-94.8907,-492.1733,0.000000,0.000000,0.000000,0.000000
112225468,-94.8907,-492.1733,0.000000,0.000000,0.000000,0.000000
112225531,-94.8907,-492.1733,0.000000,0.000000,0.000000,0.000000
112225593,-94.8907,-492.1733,0.000000,0.000000,0.000000,0.000000
112225640,-94.8907,-492.1733,0.000000,0.000000,0.000000,0.000000
112225703,-94.8907,-492.1733,0.000000,0.000000,0.000000,0.000000
112225734,-94.8907,-492.1733,0.000000,0.000000,0.000000,0.000000
112225781,-94.8907,-492.1733,0.000000,0.000000,0.000000,0.000000
112225843,-94.8907,-492.1733,0.000000,0.000000,0.000000,0.000000
112225890,-94.8907,-492.1733,0.000000,0.000000,0.000000,0.000000
112225937,-94.8907,-492.1733,0.000000,0.000000,0.000000,0.000000
112225984,-94.8907,-492.1733,0.000000,0.000000,0.000000,0.000000
112226031,-94.8907,-492.1733,0.000000,0.000000,0.000000,0.000000
112226093,-94.8907,-492.1733,0.000000,0.000000,0.000000,0.000000
112226156,-94.8907,-492.1733,0.000000,0.000000,0.000000,0.000000
112226203,-94.8907,-492.1733,0.000000,0.000000,0.000000,0.000000
112226281,-94.8907,-492.1733,0.000000,0.000000,0.000000,0.000000
112226328,-94.8907,-492.1733,0.000000,0.000000,0.000000,0.000000
112226718,-94.8907,-492.1733,0.000000,0.000000,0.000000,0.000000
112226765,-94.8907,-492.1733,0.000000,0.000000,0.000000,0.000000
112226796,-94.8907,-492.1733,0.000000,0.000000,0.000000,0.000000
112226843,-94.8907,-492.1733,0.000000,0.000000,0.000000,0.000000
112226875,-94.8907,-492.1733,0.000000,0.000000,0.000000,0.000000
112226937,-94.8907,-492.1733,0.000000,0.000000,0.000000,0.000000
112226984,-94.8907,-492.1733,0.000000,0.000000,0.000000,0.000000
112227031,-94.8907,-492.1733,0.000000,0.000000,0.000000,0.000000
112227078,-94.8907,-492.1733,0.000000,0.000000,0.000000,0.000000
112227109,-94.8907,-492.1733,0.000000,0.000000,0.000000,0.000000
112227171,-94.8907,-492.1733,0.000000,0.000000,0.000000,0.000000
112227218,-94.8907,-492.1733,0.000000,0.000000,0.000000,0.000000
112227250,-94.8907,-492.1733,0.000000,0.000000,0.000000,0.000000
112227296,-94.8907,-492.1733,0.000000,0.000000,0.000000,0.000000
112227343,-94.8907,-492.1733,0.000000,0.000000,0.000000,0.000000
112227390,-94.8907,-492.1733,0.000000,0.000000,0.000000,0.000000
112227437,-94.8907,-492.1733,0.000000,0.000000,0.000000,0.000000
112227484,-94.8907,-492.1733,0.000000,0.000000,0.000000,0.000000
112227531,-94.8907,-492.1733,0.000000,0.000000,0.000000,0.000000
112227578,-94.8907,-492.1733,0.000000,0.000000,0.000000,0.000000
112227609,-94.8907,-492.1733,0.000000,0.000000,0.000000,0.000000
112227656,-94.8907,-492.1733,0.000000,0.000000,0.000000,0.000000
112227703,-94.8907,-492.1733,0.000000,0.000000,0.000000,0.000000
112227750,-94.8907,-492.1733,0.000000,0.000000,0.000000,0.000000
112227781,-94.8907,-492.1733,0.000000,0.000000,0.000000,0.000000
112227843,-94.8907,-492.1733,0.000000,0.000000,0.000000,0.000000
112227890,-94.8907,-492.1733,0.000000,0.000000,0.000000,0.000000
112227937,-94.8907,-492.1733,0.000000,0.000000,0.000000,0.000000
112227968,-94.8907,-492.1733,0.000000,0.000000,0.000000,0.000000
112228015,-94.8907,-492.1733,0.000000,0.000000,0.000000,0.000000
112228062,-94.8907,-492.1733,0.000000,0.000000,0.000000,0.000000
112228093,-94.8907,-492.1733,0.000000,0.000000,0.000000,0.000000
112228140,-94.8907,-492.1733,0.000000,0.000000,0.000000,0.000000
112228187,-94.8907,-492.1733,0.000000,0.000000,0.000000,0.000000
112228218,-94.8907,-492.1733,0.000000,0.000000,0.000000,0.000000
112228265,-94.8907,-492.1733,0.000000,0.000000,0.000000,0.000000
112228312,-94.8907,-492.1733,0.000000,0.000000,0.000000,0.000000
112228343,-94.8907,-492.1733,0.000000,0.000000,0.000000,0.000000
112228390,-94.8907,-492.1733,0.000000,0.000000,0.000000,0.000000
112228437,-94.8907,-492.1733,0.000000,0.000000,0.000000,0.000000
112228484,-94.8907,-492.1733,0.000000,0.000000,0.000000,0.000000
112228515,-94.8907,-492.1733,0.000000,0.000000,0.000000,0.000000
112228562,-94.8907,-492.1733,0.000000,0.000000,0.000000,0.000000
112228609,-94.8907,-492.1733,0.000000,0.000000,0.000000,0.000000
112228640,-94.8907,-492.1733,0.000000,0.000000,0.000000,0.000000
112228703,-94.8907,-492.1733,0.000000,0.000000,0.000000,0.000000
112228765,-94.8907,-492.1733,0.000000,0.000000,0.000000,0.000000
112228843,-94.8907,-492.1733,0.000000,0.000000,0.000000,0.000000
112228921,-94.8907,-492.1733,0.000000,0.000000,0.000000,0.000000
112228968,-94.8907,-492.1733,0.000000,0.000000,0.000000,0.000000
112229031,-94.8907,-492.1733,0.000000,0.000000,0.000000,0.000000
112229078,-94.8907,-492.1733,0.000000,0.000000,0.000000,0.000000
112229125,-94.8907,-492.1733,0.000000,0.000000,0.000000,0.000000
112229171,-94.8907,-492.1733,0.000000,0.000000,0.000000,0.000000
112229203,-94.8907,-492.1733,0.000000,0.000000,0.000000,0.000000
112229250,-94.8907,-492.1733,0.000000,0.000000,0.000000,0.000000
112229296,-94.8907,-492.1733,0.000000,0.000000,0.000000,0.000000
112229343,-94.8907,-492.1733,0.000000,0.000000,0.000000,0.000000
112229406,-94.8907,-492.1733,0.000000,0.000000,0.000000,0.000000
112229453,-94.8907,-492.1733,0.000000,0.000000,0.000000,0.000000
112229500,-94.8907,-492.1733,0.000000,0.000000,0.000000,0.000000
112229546,-94.8907,-492.1733,0.000000,0.000000,0.000000,0.000000
112229593,-94.8907,-492.1733,0.000000,0.000000,0.000000,0.000000
112229640,-94.8907,-492.1733,0.000000,0.000000,0.000000,0.000000
112229703,-94.8907,-492.1733,0.000000,0.000000,0.000000,0.000000
112229781,-94.8907,-492.1733,0.000000,0.000000,0.000000,0.000000
112229828,-94.8907,-492.1733,0.000000,0.000000,0.000000,0.000000
112229890,-94.8907,-492.1733,0.000000,0.000000,0.000000,0.000000
112229937,-94.8907,-492.1733,0.000000,0.000000,0.000000,0.000000
112229984,-94.8907,-492.1733,0.000000,0.000000,0.000000,0.000000
112230046,-94.8907,-492.1733,0.000000,0.000000,0.000000,0.000000
112230093,-94.8907,-492.1733,0.000000,0.000000,0.000000,0.000000
112230140,-94.8907,-492.1733,0.000000,0.000000,0.000000,0.000000
112230187,-94.8907,-492.1733,0.000000,0.000000,0.000000,0.000000
112230250,-94.8907,-492.1733,0.000000,0.000000,0.000000,0.000000
112230296,-94.8907,-492.1733,0.000000,0.000000,0.000000,0.000000
112230359,-94.8907,-492.1733,0.000000,0.000000,0.000000,0.000000
112230406,-94.8907,-492.1733,0.000000,0.000000,0.000000,0.000000
112230453,-94.8907,-492.1733,0.000000,0.000000,0.000000,0.000000
112230500,-94.8907,-492.1733,0.000000,0.000000,0.000000,0.000000
112230562,-94.8907,-492.1733,0.000000,0.000000,0.000000,0.000000
112230609,-94.8907,-492.1733,0.000000,0.000000,0.000000,0.000000
112230656,-94.8907,-492.1733,0.000000,0.000000,0.000000,0.000000
112230703,-94.8907,-492.1733,0.000000,0.000000,0.000000,0.000000
112230750,-94.8907,-492.1733,0.000000,0.000000,0.000000,0.000000
112230828,-94.8907,-492.1733,0.000000,0.000000,0.000000,0.000000
112230875,-94.8907,-492.1733,0.000000,0.000000,0.000000,0.000000
112230921,-94.8907,-492.1733,0.000000,0.000000,0.000000,0.000000
112230968,-94.8907,-492.1733,0.000000,0.000000,0.000000,0.000000
112231015,-94.8907,-492.1733,0.000000,0.000000,0.000000,0.000000
112231078,-94.8907,-492.1733,0.000000,0.000000,0.000000,0.000000
112231125,-94.8907,-492.1733,0.000000,0.000000,0.000000,0.000000
112231171,-94.8907,-492.1733,0.000000,0.000000,0.000000,0.000000
112231234,-94.8907,-492.1733,0.000000,0.000000,0.000000,0.000000
112231281,-94.8907,-492.1733,0.000000,0.000000,0.000000,0.000000
112231359,-94.8907,-492.1733,0.000000,0.000000,0.000000,0.000000
112231406,-94.8907,-492.1733,0.000000,0.000000,0.000000,0.000000
112231453,-94.8907,-492.1733,0.000000,0.000000,0.000000,0.000000
112231500,-94.8907,-492.1733,0.000000,0.000000,0.000000,0.000000
112231546,-94.8907,-492.1733,0.000000,0.000000,0.000000,0.000000
112231609,-94.8907,-492.1733,0.000000,0.000000,0.000000,0.000000
112231656,-94.8907,-492.1733,0.000000,0.000000,0.000000,0.000000
112231703,-94.8907,-492.1733,0.000000,0.000000,0.000000,0.000000
112231750,-94.8907,-492.1733,0.000000,0.000000,0.000000,0.000000
112231796,-94.8907,-492.1733,0.000000,0.000000,0.000000,0.000000
112231875,-94.8907,-492.1733,0.000000,0.000000,0.000000,0.000000
112231921,-94.8907,-492.1733,0.000000,0.000000,0.000000,0.000000
112231984,-94.8907,-492.1733,0.000000,0.000000,0.000000,0.000000
112232031,-94.8907,-492.1733,0.000000,0.000000,0.000000,0.000000
112232078,-94.8907,-492.1733,0.000000,0.000000,0.000000,0.000000
112232140,-94.8907,-492.1733,0.000000,0.000000,0.000000,0.000000
112232187,-94.8907,-492.1733,0.000000,0.000000,0.000000,0.000000
112232234,-94.8907,-492.1733,0.000000,0.000000,0.000000,0.000000
112232281,-94.8907,-492.1733,0.000000,0.000000,0.000000,0.000000
112232343,-94.8907,-492.1733,0.000000,0.000000,0.000000,0.000000
112232406,-94.8907,-492.1733,0.000000,0.000000,0.000000,0.000000
112232437,-94.8907,-492.1733,0.000000,0.000000,0.000000,0.000000
112232484,-94.8907,-492.1733,0.000000,0.000000,0.000000,0.000000
112232531,-94.8907,-492.1733,0.000000,0.000000,0.000000,0.000000
112232562,-94.8907,-492.1733,0.000000,0.000000,0.000000,0.000000
112232625,-94.8907,-492.1733,0.000000,0.000000,0.000000,0.000000
112232671,-94.8907,-492.1733,0.000000,0.000000,0.000000,0.000000
112232718,-94.8907,-492.1733,0.000000,0.000000,0.000000,0.000000
112232765,-94.8907,-492.1733,0.000000,0.000000,0.000000,0.000000
112232812,-94.8907,-492.1733,0.000000,0.000000,0.000000,0.000000
112232875,-94.8907,-492.1733,0.000000,0.000000,0.000000,0.000000
112233156,-94.8907,-492.1733,0.000000,0.000000,0.000000,0.000000
112233203,-94.8907,-492.1733,0.000000,0.000000,0.000000,0.000000
112233250,-94.8907,-492.1733,0.000000,0.000000,0.000000,0.000000
112233296,-94.8907,-492.1733,0.000000,0.000000,0.000000,0.000000
112233343,-94.8907,-492.1733,0.000000,0.000000,0.000000,0.000000
112233375,-94.8907,-492.1733,0.000000,0.000000,0.000000,0.000000
112233421,-94.8907,-492.1733,0.000000,0.000000,0.000000,0.000000
112233468,-94.8907,-492.1733,0.000000,0.000000,0.000000,0.000000
112233515,-94.8907,-492.1733,0.000000,0.000000,0.000000,0.000000
112233578,-94.8907,-492.1733,0.000000,0.000000,0.000000,0.000000
112233625,-94.8907,-492.1733,0.000000,0.000000,0.000000,0.000000
112233656,-94.8907,-492.1733,0.000000,0.000000,0.000000,0.000000
112233703,-94.8907,-492.1733,0.000000,0.000000,0.000000,0.000000
112233750,-94.8907,-492.1733,0.000000,0.000000,0.000000,0.000000
112233796,-94.8907,-492.1733,0.000000,0.000000,0.000000,0.000000
112233843,-94.8907,-492.1733,0.000000,0.000000,0.000000,0.000000
112233890,-94.8907,-492.1733,0.000000,0.000000,0.000000,0.000000
112233921,-94.8907,-492.1733,0.000000,0.000000,0.000000,0.000000
112233968,-94.8907,-492.1733,0.000000,0.000000,0.000000,0.000000
112234031,-94.8907,-492.1733,0.000000,0.000000,0.000000,0.000000
112234078,-94.8907,-492.1733,0.000000,0.000000,0.000000,0.000000
112234125,-94.8907,-492.1733,0.000000,0.000000,0.000000,0.000000
112234171,-94.8907,-492.1733,0.000000,0.000000,0.000000,0.000000
112234203,-94.8907,-492.1733,0.000000,0.000000,0.000000,0.000000
112234250,-94.8907,-492.1733,0.000000,0.000000,0.000000,0.000000
112234296,-94.8907,-492.1733,0.000000,0.000000,0.000000,0.000000
112234343,-94.8907,-492.1733,0.000000,0.000000,0.000000,0.000000
112234390,-94.8907,-492.1733,0.000000,0.000000,0.000000,0.000000
112234421,-94.8907,-492.1733,0.000000,0.000000,0.000000,0.000000
112234468,-94.8907,-492.1733,0.000000,0.000000,0.000000,0.000000
112234515,-94.8907,-492.1733,0.000000,0.000000,0.000000,0.000000
112234562,-94.8907,-492.1733,0.000000,0.000000,0.000000,0.000000
112234609,-94.8907,-492.1733,0.000000,0.000000,0.000000,0.000000
112234656,-94.8907,-492.1733,0.000000,0.000000,0.000000,0.000000
112234703,-94.8907,-492.1733,0.000000,0.000000,0.000000,0.000000
112234734,-94.8907,-492.1733,0.000000,0.000000,0.000000,0.000000
112234781,-94.8907,-492.1733,0.000000,0.000000,0.000000,0.000000
112234828,-94.8907,-492.1733,0.000000,0.000000,0.000000,0.000000
112234859,-94.8907,-492.1733,0.000000,0.000000,0.000000,0.000000
112234937,-94.8907,-492.1733,0.000000,0.000000,0.000000,0.000000
112234984,-94.8907,-492.1733,0.000000,0.000000,0.000000,0.000000
112235015,-94.8907,-492.1733,0.000000,0.000000,0.000000,0.000000
112235062,-94.8907,-492.1733,0.000000,0.000000,0.000000,0.000000
112235109,-94.8907,-492.1733,0.000000,0.000000,0.000000,0.000000
112235156,-94.8907,-492.1733,0.000000,0.000000,0.000000,0.000000
112235203,-94.8907,-492.1733,0.000000,0.000000,0.000000,0.000000
112235234,-94.8907,-492.1733,0.000000,0.000000,0.000000,0.000000
112235296,-94.8907,-492.1733,0.000000,0.000000,0.000000,0.000000
112235343,-94.8907,-492.1733,0.000000,0.000000,0.000000,0.000000
112235390,-94.8907,-492.1733,0.000000,0.000000,0.000000,0.000000
112235453,-94.8907,-492.1733,0.000000,0.000000,0.000000,0.000000
112235500,-94.8907,-492.1733,0.000000,0.000000,0.000000,0.000000
112235562,-94.8907,-492.1733,0.000000,0.000000,0.000000,0.000000
112235656,-94.8907,-492.1733,0.000000,0.000000,0.000000,0.000000
112235734,-94.8907,-492.1733,0.000000,0.000000,0.000000,0.000000
112235843,-94.8907,-492.1733,0.000000,0.000000,0.000000,0.000000
112235968,-94.8907,-492.1733,0.000000,0.000000,0.000000,0.000000
112236078,-94.8907,-492.1733,0.000000,0.000000,0.000000,0.000000
112236125,-94.8907,-492.1733,0.000000,0.000000,0.000000,0.000000
112236203,-94.8907,-492.1733,0.000000,0.000000,0.000000,0.000000
112236265,-94.8907,-492.1733,0.000000,0.000000,0.000000,0.000000
112236421,-94.8907,-492.1733,0.000000,0.000000,0.000000,0.000000
112236484,-94.8907,-492.1733,0.000000,0.000000,0.000000,0.000000
112236531,-94.8907,-492.1733,0.000000,0.000000,0.000000,0.000000
112236593,-94.8907,-492.1733,0.000000,0.000000,0.000000,0.000000
112236656,-94.8907,-492.1733,0.000000,0.000000,0.000000,0.000000
112236703,-94.8907,-492.1733,0.000000,0.000000,0.000000,0.000000
112236750,-94.8907,-492.1733,0.000000,0.000000,0.000000,0.000000
112236812,-94.8907,-492.1733,0.000000,0.000000,0.000000,0.000000
112236859,-94.8907,-492.1733,0.000000,0.000000,0.000000,0.000000
112236921,-94.8907,-492.1733,0.000000,0.000000,0.000000,0.000000
112236968,-94.8907,-492.1733,0.000000,0.000000,0.000000,0.000000
112237031,-94.8907,-492.1733,0.000000,0.000000,0.000000,0.000000
112237078,-94.8907,-492.1733,0.000000,0.000000,0.000000,0.000000
112237125,-94.8907,-492.1733,0.000000,0.000000,0.000000,0.000000
112237187,-94.8907,-492.1733,0.000000,0.000000,0.000000,0.000000
112237250,-94.8907,-492.1733,0.000000,0.000000,0.000000,0.000000
112237296,-94.8907,-492.1733,0.000000,0.000000,0.000000,0.000000
112237359,-94.8907,-492.1733,0.000000,0.000000,0.000000,0.000000
112237437,-94.8907,-492.1733,0.000000,0.000000,0.000000,0.000000
112237484,-94.8907,-492.1727,0.000000,0.000000,0.000000,0.000000
112237546,-94.8907,-492.1733,0.000000,0.000000,0.000000,0.000000
112237578,-94.8907,-492.1733,0.000000,0.000000,0.000000,0.000000
112237640,-94.8907,-492.1733,0.000000,0.000000,0.000000,0.000000
112237687,-94.8907,-492.1733,0.000000,0.000000,0.000000,0.000000
112237750,-94.8907,-492.1733,0.000000,0.000000,0.000000,0.000000
112237796,-94.8907,-492.1733,0.000000,0.000000,0.000000,0.000000
112237859,-94.8907,-492.1733,0.000000,0.000000,0.000000,0.000000
112237906,-94.8907,-492.1733,0.000000,0.000000,0.000000,0.000000
112237968,-94.8907,-492.1733,0.000000,0.000000,0.000000,0.000000
112238015,-94.8907,-492.1733,0.000000,0.000000,0.000000,0.000000
112238062,-94.8907,-492.1733,0.000000,0.000000,0.000000,0.000000
112238156,-94.8907,-492.1733,0.000000,0.000000,0.000000,0.000000
112238234,-94.8907,-492.1733,0.000000,0.000000,0.000000,0.000000
112238296,-94.8907,-492.1733,0.000000,0.000000,0.000000,0.000000
112238375,-94.8907,-492.1733,0.000000,0.000000,0.000000,0.000000
112238406,-94.8907,-492.1733,0.000000,0.000000,0.000000,0.000000
112238453,-94.8907,-492.1733,0.000000,0.000000,0.000000,0.000000
112238500,-94.8907,-492.1733,0.000000,0.000000,0.000000,0.000000
112238562,-94.8907,-492.1733,0.000000,0.000000,0.000000,0.000000
112238609,-94.8907,-492.1733,0.000000,0.000000,0.000000,0.000000
112238656,-94.8907,-492.1733,0.000000,0.000000,0.000000,0.000000
112238703,-94.8907,-492.1733,0.000000,0.000000,0.000000,0.000000
112238750,-94.8907,-492.1733,0.000000,0.000000,0.000000,0.000000
112238812,-94.8907,-492.1733,0.000000,0.000000,0.000000,0.000000
112238859,-94.8907,-492.1733,0.000000,0.000000,0.000000,0.000000
112238906,-94.8907,-492.1733,0.000000,0.000000,0.000000,0.000000
112238953,-94.8907,-492.1733,0.000000,0.000000,0.000000,0.000000
112239015,-94.8907,-492.1733,0.000000,0.000000,0.000000,0.000000
112239062,-94.8907,-492.1733,0.000000,0.000000,0.000000,0.000000
112239109,-94.8907,-492.1733,0.000000,0.000000,0.000000,0.000000
112239171,-94.8907,-492.1733,0.000000,0.000000,0.000000,0.000000
112239218,-94.8907,-492.1733,0.000000,0.000000,0.000000,0.000000
112239265,-94.8907,-492.1733,0.000000,0.000000,0.000000,0.000000
112239312,-94.8907,-492.1733,0.000000,0.000000,0.000000,0.000000
112239359,-94.8907,-492.1733,0.000000,0.000000,0.000000,0.000000
112239406,-94.8907,-492.1733,0.000000,0.000000,0.000000,0.000000
112239453,-94.8907,-492.1733,0.000000,0.000000,0.000000,0.000000
112239500,-94.8907,-492.1733,0.000000,0.000000,0.000000,0.000000
112239546,-94.8907,-492.1733,0.000000,0.000000,0.000000,0.000000
112239671,-94.8907,-492.1733,0.000000,0.000000,0.000000,0.000000
112239734,-94.8907,-492.1733,0.000000,0.000000,0.000000,0.000000
112239781,-94.8907,-492.1733,0.000000,0.000000,0.000000,0.000000
112239828,-94.8907,-492.1733,0.000000,0.000000,0.000000,0.000000
112239875,-94.8907,-492.1733,0.000000,0.000000,0.000000,0.000000
112239921,-94.8907,-492.1733,0.000000,0.000000,0.000000,0.000000
112239968,-94.8907,-492.1733,0.000000,0.000000,0.000000,0.000000
112240015,-94.8907,-492.1733,0.000000,0.000000,0.000000,0.000000
112240062,-94.8907,-492.1733,0.000000,0.000000,0.000000,0.000000
112240109,-94.8907,-492.1733,0.000000,0.000000,0.000000,0.000000
112240156,-94.8907,-492.1733,0.000000,0.000000,0.000000,0.000000
112240203,-94.8907,-492.1733,0.000000,0.000000,0.000000,0.000000
112240250,-94.8907,-492.1733,0.000000,0.000000,0.000000,0.000000
112240296,-94.8907,-492.1733,0.000000,0.000000,0.000000,0.000000
112240359,-94.8907,-492.1733,0.000000,0.000000,0.000000,0.000000
112240406,-94.8907,-492.1733,0.000000,0.000000,0.000000,0.000000
112240437,-94.8907,-492.1733,0.000000,0.000000,0.000000,0.000000
112240484,-94.8907,-492.1733,0.000000,0.000000,0.000000,0.000000
112240531,-94.8907,-492.1733,0.000000,0.000000,0.000000,0.000000
112240609,-94.8907,-492.1733,0.000000,0.000000,0.000000,0.000000
112240656,-94.8907,-492.1733,0.000000,0.000000,0.000000,0.000000
112240687,-94.8907,-492.1733,0.000000,0.000000,0.000000,0.000000
112240734,-94.8907,-492.1733,0.000000,0.000000,0.000000,0.000000
112240781,-94.8907,-492.1733,0.000000,0.000000,0.000000,0.000000
112240828,-94.8907,-492.1733,0.000000,0.000000,0.000000,0.000000
112240875,-94.8907,-492.1733,0.000000,0.000000,0.000000,0.000000
112240921,-94.8907,-492.1733,0.000000,0.000000,0.000000,0.000000
112240953,-94.8907,-492.1733,0.000000,0.000000,0.000000,0.000000
112241000,-94.8907,-492.1733,0.000000,0.000000,0.000000,0.000000
112241046,-94.8907,-492.1733,0.000000,0.000000,0.000000,0.000000
112241093,-94.8907,-492.1733,0.000000,0.000000,0.000000,0.000000
112241140,-94.8907,-492.1733,0.000000,0.000000,0.000000,0.000000
112241187,-94.8907,-492.1733,0.000000,0.000000,0.000000,0.000000
112241234,-94.8907,-492.1733,0.000000,0.000000,0.000000,0.000000
112241281,-94.8907,-492.1733,0.000000,0.000000,0.000000,0.000000
112241312,-94.8907,-492.1733,0.000000,0.000000,0.000000,0.000000
112241359,-94.8907,-492.1733,0.000000,0.000000,0.000000,0.000000
112241406,-94.8907,-492.1733,0.000000,0.000000,0.000000,0.000000
112241453,-94.8907,-492.1733,0.000000,0.000000,0.000000,0.000000
112241515,-94.8907,-492.1733,0.000000,0.000000,0.000000,0.000000
112241562,-94.8907,-492.1733,0.000000,0.000000,0.000000,0.000000
112241609,-94.8907,-492.1733,0.000000,0.000000,0.000000,0.000000
112241671,-94.8907,-492.1733,0.000000,0.000000,0.000000,0.000000
112241718,-94.8907,-492.1733,0.000000,0.000000,0.000000,0.000000
112241765,-94.8907,-492.1733,0.000000,0.000000,0.000000,0.000000
112241812,-94.8907,-492.1733,0.000000,0.000000,0.000000,0.000000
112241859,-94.8907,-492.1733,0.000000,0.000000,0.000000,0.000000
112241906,-94.8907,-492.1733,0.000000,0.000000,0.000000,0.000000
112241953,-94.8907,-492.1733,0.000000,0.000000,0.000000,0.000000
112242015,-94.8907,-492.1733,0.000000,0.000000,0.000000,0.000000
112242062,-94.8907,-492.1733,0.000000,0.000000,0.000000,0.000000
112242109,-94.8907,-492.1733,0.000000,0.000000,0.000000,0.000000
112242156,-94.8907,-492.1733,0.000000,0.000000,0.000000,0.000000
112242203,-94.8907,-492.1733,0.000000,0.000000,0.000000,0.000000
112242250,-94.8907,-492.1733,0.000000,0.000000,0.000000,0.000000
112242296,-94.8907,-492.1733,0.000000,0.000000,0.000000,0.000000
112242484,-94.8907,-492.1733,0.000000,0.000000,0.000000,0.000000
112242531,-94.8907,-492.1733,0.000000,0.000000,0.000000,0.000000
112242578,-94.8907,-492.1733,0.000000,0.000000,0.000000,0.000000
112242671,-94.8907,-492.1733,0.000000,0.000000,0.000000,0.000000
112242765,-94.8907,-492.1733,0.000000,0.000000,0.000000,0.000000
112242828,-94.8907,-492.1733,0.000000,0.000000,0.000000,0.000000
112242875,-94.8907,-492.1733,0.000000,0.000000,0.000000,0.000000
112242937,-94.8907,-492.1733,0.000000,0.000000,0.000000,0.000000
112243000,-94.8907,-492.1733,0.000000,0.000000,0.000000,0.000000
112243046,-94.8907,-492.1733,0.000000,0.000000,0.000000,0.000000
112243109,-94.8907,-492.1733,0.000000,0.000000,0.000000,0.000000
112243156,-94.8907,-492.1733,0.000000,0.000000,0.000000,0.000000
112243203,-94.8907,-492.1733,0.000000,0.000000,0.000000,0.000000
112243265,-94.8907,-492.1733,0.000000,0.000000,0.000000,0.000000
112243312,-94.8907,-492.1733,0.000000,0.000000,0.000000,0.000000
112243359,-94.8907,-492.1733,0.000000,0.000000,0.000000,0.000000
112243406,-94.8907,-492.1733,0.000000,0.000000,0.000000,0.000000
112243453,-94.8907,-492.1733,0.000000,0.000000,0.000000,0.000000
112243515,-94.8907,-492.1733,0.000000,0.000000,0.000000,0.000000
112243546,-94.8907,-492.1733,0.000000,0.000000,0.000000,0.000000
112243609,-94.8907,-492.1733,0.000000,0.000000,0.000000,0.000000
112243656,-94.8907,-492.1733,0.000000,0.000000,0.000000,0.000000
112243703,-94.8907,-492.1733,0.000000,0.000000,0.000000,0.000000
112243765,-94.8907,-492.1733,0.000000,0.000000,0.000000,0.000000
112243812,-94.8907,-492.1733,0.000000,0.000000,0.000000,0.000000
112243859,-94.8907,-492.1733,0.000000,0.000000,0.000000,0.000000
112243906,-94.8907,-492.1733,0.000000,0.000000,0.000000,0.000000
112243953,-94.8907,-492.1733,0.000000,0.000000,0.000000,0.000000
112244000,-94.8907,-492.1733,0.000000,0.000000,0.000000,0.000000
112244046,-94.8907,-492.1733,0.000000,0.000000,0.000000,0.000000
112244093,-94.8907,-492.1733,0.000000,0.000000,0.000000,0.000000
112244140,-94.8907,-492.1733,0.000000,0.000000,0.000000,0.000000
112244187,-94.8907,-492.1733,0.000000,0.000000,0.000000,0.000000
112244250,-94.8907,-492.1733,0.000000,0.000000,0.000000,0.000000
112244281,-94.8907,-492.1733,0.000000,0.000000,0.000000,0.000000
112244343,-94.8907,-492.1733,0.000000,0.000000,0.000000,0.000000
112244390,-94.8907,-492.1733,0.000000,0.000000,0.000000,0.000000
112244437,-94.8907,-492.1733,0.000000,0.000000,0.000000,0.000000
112244484,-94.8907,-492.1733,0.000000,0.000000,0.000000,0.000000
112244531,-94.8907,-492.1733,0.000000,0.000000,0.000000,0.000000
112244578,-94.8907,-492.1733,0.000000,0.000000,0.000000,0.000000
112244625,-94.8907,-492.1733,0.000000,0.000000,0.000000,0.000000
112244687,-94.8907,-492.1733,0.000000,0.000000,0.000000,0.000000
112244750,-94.8907,-492.1733,0.000000,0.000000,0.000000,0.000000
112244796,-94.8907,-492.1733,0.000000,0.000000,0.000000,0.000000
112244843,-94.8907,-492.1733,0.000000,0.000000,0.000000,0.000000
112244890,-94.8907,-492.1733,0.000000,0.000000,0.000000,0.000000
112244937,-94.8907,-492.1733,0.000000,0.000000,0.000000,0.000000
112244984,-94.8907,-492.1733,0.000000,0.000000,0.000000,0.000000
112245031,-94.8907,-492.1733,0.000000,0.000000,0.000000,0.000000
112245078,-94.8907,-492.1733,0.000000,0.000000,0.000000,0.000000
112245125,-94.8907,-492.1733,0.000000,0.000000,0.000000,0.000000
112245171,-94.8907,-492.1733,0.000000,0.000000,0.000000,0.000000
112245234,-94.8907,-492.1733,0.000000,0.000000,0.000000,0.000000
112245281,-94.8907,-492.1733,0.000000,0.000000,0.000000,0.000000
112245328,-94.8907,-492.1733,0.000000,0.000000,0.000000,0.000000
112245406,-94.8907,-492.1733,0.000000,0.000000,0.000000,0.000000
112245453,-94.8907,-492.1733,0.000000,0.000000,0.000000,0.000000
112245500,-94.8907,-492.1733,0.000000,0.000000,0.000000,0.000000
112245531,-94.8907,-492.1733,0.000000,0.000000,0.000000,0.000000
112245578,-94.8907,-492.1733,0.000000,0.000000,0.000000,0.000000
112245625,-94.8907,-492.1727,0.000000,0.000000,0.000000,0.000000
112245671,-94.8907,-492.1733,0.000000,0.000000,0.000000,0.000000
112245859,-94.8907,-492.1733,0.000000,0.000000,0.000000,0.000000
112245906,-94.8907,-492.1727,0.000000,0.000000,0.000000,0.000000
112245953,-94.8907,-492.1733,0.000000,0.000000,0.000000,0.000000
112245984,-94.8907,-492.1733,0.000000,0.000000,0.000000,0.000000
112246031,-94.8907,-492.1733,0.000000,0.000000,0.000000,0.000000
112246078,-94.8907,-492.1733,0.000000,0.000000,0.000000,0.000000
112246125,-94.8907,-492.1733,0.000000,0.000000,0.000000,0.000000
112246156,-94.8907,-492.1733,0.000000,0.000000,0.000000,0.000000
112246203,-94.8907,-492.1733,0.000000,0.000000,0.000000,0.000000
112246250,-94.8907,-492.1733,0.000000,0.000000,0.000000,0.000000
112246296,-94.8907,-492.1733,0.000000,0.000000,0.000000,0.000000
112246328,-94.8907,-492.1733,0.000000,0.000000,0.000000,0.000000
112246375,-94.8907,-492.1733,0.000000,0.000000,0.000000,0.000000
112246421,-94.8907,-492.1733,0.000000,0.000000,0.000000,0.000000
112246453,-94.8907,-492.1733,0.000000,0.000000,0.000000,0.000000
112246500,-94.8907,-492.1733,0.000000,0.000000,0.000000,0.000000
112246546,-94.8907,-492.1733,0.000000,0.000000,0.000000,0.000000
112246578,-94.8907,-492.1733,0.000000,0.000000,0.000000,0.000000
112246625,-94.8907,-492.1733,0.000000,0.000000,0.000000,0.000000
112246671,-94.8907,-492.1733,0.000000,0.000000,0.000000,0.000000
112246718,-94.8907,-492.1733,0.000000,0.000000,0.000000,0.000000
112246765,-94.8907,-492.1733,0.000000,0.000000,0.000000,0.000000
112246796,-94.8907,-492.1733,0.000000,0.000000,0.000000,0.000000
112246843,-94.8907,-492.1733,0.000000,0.000000,0.000000,0.000000
112246875,-94.8907,-492.1733,0.000000,0.000000,0.000000,0.000000
112246921,-94.8907,-492.1733,0.000000,0.000000,0.000000,0.000000
112246968,-94.8907,-492.1733,0.000000,0.000000,0.000000,0.000000
112247015,-94.8907,-492.1733,0.000000,0.000000,0.000000,0.000000
112247046,-94.8907,-492.1733,0.000000,0.000000,0.000000,0.000000
112247093,-94.8907,-492.1733,0.000000,0.000000,0.000000,0.000000
112247156,-94.8907,-492.1733,0.000000,0.000000,0.000000,0.000000
112247187,-94.8907,-492.1733,0.000000,0.000000,0.000000,0.000000
112247234,-94.8907,-492.1733,0.000000,0.000000,0.000000,0.000000
112247265,-94.8907,-492.1733,0.000000,0.000000,0.000000,0.000000
112247312,-94.8907,-492.1733,0.000000,0.000000,0.000000,0.000000
112247375,-94.8907,-492.1733,0.000000,0.000000,0.000000,0.000000
112247421,-94.8907,-492.1733,0.000000,0.000000,0.000000,0.000000
112247468,-94.8907,-492.1733,0.000000,0.000000,0.000000,0.000000
112247515,-94.8907,-492.1733,0.000000,0.000000,0.000000,0.000000
112247562,-94.8907,-492.1733,0.000000,0.000000,0.000000,0.000000
112247625,-94.8907,-492.1733,0.000000,0.000000,0.000000,0.000000
112247671,-94.8907,-492.1733,0.000000,0.000000,0.000000,0.000000
112247718,-94.8907,-492.1733,0.000000,0.000000,0.000000,0.000000
112247781,-94.8907,-492.1733,0.000000,0.000000,0.000000,0.000000
112247859,-94.8907,-492.1733,0.000000,0.000000,0.000000,0.000000
112247921,-94.8907,-492.1733,0.000000,0.000000,0.000000,0.000000
112247968,-94.8907,-492.1733,0.000000,0.000000,0.000000,0.000000
112248015,-94.8907,-492.1733,0.000000,0.000000,0.000000,0.000000
112248062,-94.8907,-492.1733,0.000000,0.000000,0.000000,0.000000
112248109,-94.8907,-492.1733,0.000000,0.000000,0.000000,0.000000
112248171,-94.8907,-492.1733,0.000000,0.000000,0.000000,0.000000
112248218,-94.8907,-492.1733,0.000000,0.000000,0.000000,0.000000
112248265,-94.8907,-492.1733,0.000000,0.000000,0.000000,0.000000
112248328,-94.8907,-492.1733,0.000000,0.000000,0.000000,0.000000
112248375,-94.8907,-492.1733,0.000000,0.000000,0.000000,0.000000
112248421,-94.8907,-492.1733,0.000000,0.000000,0.000000,0.000000
112248468,-94.8907,-492.1733,0.000000,0.000000,0.000000,0.000000
112248515,-94.8907,-492.1733,0.000000,0.000000,0.000000,0.000000
112248562,-94.8907,-492.1733,0.000000,0.000000,0.000000,0.000000
112248625,-94.8907,-492.1733,0.000000,0.000000,0.000000,0.000000
112248687,-94.8907,-492.1733,0.000000,0.000000,0.000000,0.000000
112248750,-94.8907,-492.1733,0.000000,0.000000,0.000000,0.000000
112248796,-94.8907,-492.1733,0.000000,0.000000,0.000000,0.000000
112248843,-94.8907,-492.1733,0.000000,0.000000,0.000000,0.000000
112248906,-94.8907,-492.1733,0.000000,0.000000,0.000000,0.000000
112248953,-94.8907,-492.1733,0.000000,0.000000,0.000000,0.000000
112248984,-94.8907,-492.1733,0.000000,0.000000,0.000000,0.000000
112249031,-94.8907,-492.1733,0.000000,0.000000,0.000000,0.000000
112249093,-94.8907,-492.1733,0.000000,0.000000,0.000000,0.000000
112249437,-94.8907,-492.1733,0.000000,0.000000,0.000000,0.000000
112249562,-94.8907,-492.1733,0.000000,0.000000,0.000000,0.000000
112249609,-94.8907,-492.1733,0.000000,0.000000,0.000000,0.000000
112249656,-94.8907,-492.1733,0.000000,0.000000,0.000000,0.000000
112249703,-94.8907,-492.1733,0.000000,0.000000,0.000000,0.000000
112249750,-94.8907,-492.1733,0.000000,0.000000,0.000000,0.000000
112249812,-94.8907,-492.1733,0.000000,0.000000,0.000000,0.000000
112249859,-94.8907,-492.1733,0.000000,0.000000,0.000000,0.000000
112249906,-94.8907,-492.1733,0.000000,0.000000,0.000000,0.000000
112249937,-94.8907,-492.1733,0.000000,0.000000,0.000000,0.000000
112249984,-94.8907,-492.1733,0.000000,0.000000,0.000000,0.000000
112250078,-94.8907,-492.1733,0.000000,0.000000,0.000000,0.000000
112250171,-94.8907,-492.1733,0.000000,0.000000,0.000000,0.000000
112250265,-94.8907,-492.1733,0.000000,0.000000,0.000000,0.000000
112250359,-94.8907,-492.1733,0.000000,0.000000,0.000000,0.000000
112250437,-94.8907,-492.1733,0.000000,0.000000,0.000000,0.000000
112250500,-94.8907,-492.1733,0.000000,0.000000,0.000000,0.000000
112250546,-94.8907,-492.1733,0.000000,0.000000,0.000000,0.000000
112250593,-94.8907,-492.1733,0.000000,0.000000,0.000000,0.000000
112250640,-94.8907,-492.1733,0.000000,0.000000,0.000000,0.000000
112250687,-94.8907,-492.1733,0.000000,0.000000,0.000000,0.000000
112250734,-94.8907,-492.1733,0.000000,0.000000,0.000000,0.000000
112250781,-94.8907,-492.1733,0.000000,0.000000,0.000000,0.000000
112250812,-94.8907,-492.1733,0.000000,0.000000,0.000000,0.000000
112250843,-94.8907,-492.1733,0.000000,0.000000,0.000000,0.000000
112250890,-94.8907,-492.1733,0.000000,0.000000,0.000000,0.000000
112250937,-94.8907,-492.1733,0.000000,0.000000,0.000000,0.000000
112250968,-94.8907,-492.1733,0.000000,0.000000,0.000000,0.000000
112251015,-94.8907,-492.1733,0.000000,0.000000,0.000000,0.000000
112251062,-94.8907,-492.1733,0.000000,0.000000,0.000000,0.000000
112251109,-94.8907,-492.1733,0.000000,0.000000,0.000000,0.000000
112251171,-94.8907,-492.1733,0.000000,0.000000,0.000000,0.000000
112251203,-94.8907,-492.1733,0.000000,0.000000,0.000000,0.000000
112251250,-94.8907,-492.1733,0.000000,0.000000,0.000000,0.000000
112251281,-94.8907,-492.1733,0.000000,0.000000,0.000000,0.000000
112251328,-94.8907,-492.1733,0.000000,0.000000,0.000000,0.000000
112251375,-94.8907,-492.1733,0.000000,0.000000,0.000000,0.000000
112251421,-94.8907,-492.1733,0.000000,0.000000,0.000000,0.000000
112251468,-94.8907,-492.1733,0.000000,0.000000,0.000000,0.000000
112251515,-94.8907,-492.1733,0.000000,0.000000,0.000000,0.000000
112251562,-94.8907,-492.1733,0.000000,0.000000,0.000000,0.000000
112251609,-94.8907,-492.1733,0.000000,0.000000,0.000000,0.000000
112251656,-94.8907,-492.1733,0.000000,0.000000,0.000000,0.000000
112251687,-94.8907,-492.1733,0.000000,0.000000,0.000000,0.000000
112251734,-94.8907,-492.1733,0.000000,0.000000,0.000000,0.000000
112251796,-94.8907,-492.1733,0.000000,0.000000,0.000000,0.000000
112251843,-94.8907,-492.1733,0.000000,0.000000,0.000000,0.000000
112251875,-94.8907,-492.1733,0.000000,0.000000,0.000000,0.000000
112251921,-94.8907,-492.1733,0.000000,0.000000,0.000000,0.000000
112251968,-94.8907,-492.1733,0.000000,0.000000,0.000000,0.000000
112252015,-94.8907,-492.1733,0.000000,0.000000,0.000000,0.000000
112252062,-94.8907,-492.1733,0.000000,0.000000,0.000000,0.000000
112252109,-94.8907,-492.1733,0.000000,0.000000,0.000000,0.000000
112252156,-94.8907,-492.1733,0.000000,0.000000,0.000000,0.000000
112252390,-94.8907,-492.1733,0.000000,0.000000,0.000000,0.000000
112252531,-94.8907,-492.1733,0.000000,0.000000,0.000000,0.000000
112252578,-94.8907,-492.1733,0.000000,0.000000,0.000000,0.000000
112252625,-94.8907,-492.1733,0.000000,0.000000,0.000000,0.000000
112252671,-94.8907,-492.1733,0.000000,0.000000,0.000000,0.000000
112252703,-94.8907,-492.1733,0.000000,0.000000,0.000000,0.000000
112252750,-94.8907,-492.1733,0.000000,0.000000,0.000000,0.000000
112252796,-94.8907,-492.1733,0.000000,0.000000,0.000000,0.000000
112252843,-94.8907,-492.1733,0.000000,0.000000,0.000000,0.000000
112252890,-94.8907,-492.1733,0.000000,0.000000,0.000000,0.000000
112252921,-94.8907,-492.1733,0.000000,0.000000,0.000000,0.000000
112252968,-94.8907,-492.1733,0.000000,0.000000,0.000000,0.000000
112253015,-94.8907,-492.1733,0.000000,0.000000,0.000000,0.000000
112253046,-94.8907,-492.1733,0.000000,0.000000,0.000000,0.000000
112253093,-94.8907,-492.1733,0.000000,0.000000,0.000000,0.000000
112253140,-94.8907,-492.1733,0.000000,0.000000,0.000000,0.000000
112253187,-94.8907,-492.1733,0.000000,0.000000,0.000000,0.000000
112253234,-94.8907,-492.1733,0.000000,0.000000,0.000000,0.000000
112253281,-94.8907,-492.1733,0.000000,0.000000,0.000000,0.000000
112253328,-94.8907,-492.1733,0.000000,0.000000,0.000000,0.000000
112253375,-94.8907,-492.1733,0.000000,0.000000,0.000000,0.000000
112253437,-94.8907,-492.1733,0.000000,0.000000,0.000000,0.000000
112253484,-94.8907,-492.1733,0.000000,0.000000,0.000000,0.000000
112253546,-94.8907,-492.1733,0.000000,0.000000,0.000000,0.000000
112253593,-94.8907,-492.1733,0.000000,0.000000,0.000000,0.000000
112253656,-94.8907,-492.1733,0.000000,0.000000,0.000000,0.000000
112253703,-94.8907,-492.1733,0.000000,0.000000,0.000000,0.000000
112253765,-94.8907,-492.1733,0.000000,0.000000,0.000000,0.000000
112253812,-94.8907,-492.1733,0.000000,0.000000,0.000000,0.000000
112253875,-94.8907,-492.1733,0.000000,0.000000,0.000000,0.000000
112253937,-94.8907,-492.1733,0.000000,0.000000,0.000000,0.000000
112253984,-94.8907,-492.1733,0.000000,0.000000,0.000000,0.000000
112254031,-94.8907,-492.1733,0.000000,0.000000,0.000000,0.000000
112254078,-94.8907,-492.1733,0.000000,0.000000,0.000000,0.000000
112254125,-94.8907,-492.1733,0.000000,0.000000,0.000000,0.000000
112254187,-94.8907,-492.1733,0.000000,0.000000,0.000000,0.000000
112254234,-94.8907,-492.1733,0.000000,0.000000,0.000000,0.000000
112254296,-94.8907,-492.1733,0.000000,0.000000,0.000000,0.000000
112254343,-94.8907,-492.1733,0.000000,0.000000,0.000000,0.000000
112254390,-94.8907,-492.1733,0.000000,0.000000,0.000000,0.000000
112254453,-94.8907,-492.1733,0.000000,0.000000,0.000000,0.000000
112254500,-94.8907,-492.1733,0.000000,0.000000,0.000000,0.000000
112254546,-94.8907,-492.1733,0.000000,0.000000,0.000000,0.000000
112254593,-94.8907,-492.1733,0.000000,0.000000,0.000000,0.000000
112254640,-94.8907,-492.1733,0.000000,0.000000,0.000000,0.000000
112254687,-94.8907,-492.1733,0.000000,0.000000,0.000000,0.000000
112254734,-94.8907,-492.1733,0.000000,0.000000,0.000000,0.000000
112254796,-94.8907,-492.1733,0.000000,0.000000,0.000000,0.000000
112254843,-94.8907,-492.1733,0.000000,0.000000,0.000000,0.000000
112254890,-94.8907,-492.1733,0.000000,0.000000,0.000000,0.000000
112254937,-94.8907,-492.1733,0.000000,0.000000,0.000000,0.000000
112254984,-94.8907,-492.1733,0.000000,0.000000,0.000000,0.000000
112255031,-94.8907,-492.1733,0.000000,0.000000,0.000000,0.000000
112255093,-94.8907,-492.1733,0.000000,0.000000,0.000000,0.000000
112255140,-94.8907,-492.1733,0.000000,0.000000,0.000000,0.000000
112255203,-94.8907,-492.1733,0.000000,0.000000,0.000000,0.000000
112255359,-94.8907,-492.1733,0.000000,0.000000,0.000000,0.000000
112255421,-94.8907,-492.1733,0.000000,0.000000,0.000000,0.000000
112255468,-94.8907,-492.1733,0.000000,0.000000,0.000000,0.000000
112255515,-94.8907,-492.1733,0.000000,0.000000,0.000000,0.000000
112255578,-94.8907,-492.1733,0.000000,0.000000,0.000000,0.000000
112255625,-94.8907,-492.1733,0.000000,0.000000,0.000000,0.000000
112255671,-94.8907,-492.1733,0.000000,0.000000,0.000000,0.000000
112255718,-94.8907,-492.1733,0.000000,0.000000,0.000000,0.000000
112255765,-94.8907,-492.1733,0.000000,0.000000,0.000000,0.000000
112255812,-94.8907,-492.1733,0.000000,0.000000,0.000000,0.000000
112255859,-94.8907,-492.1733,0.000000,0.000000,0.000000,0.000000
112255921,-94.8907,-492.1733,0.000000,0.000000,0.000000,0.000000
112255968,-94.8907,-492.1733,0.000000,0.000000,0.000000,0.000000
112256015,-94.8907,-492.1733,0.000000,0.000000,0.000000,0.000000
112256062,-94.8907,-492.1733,0.000000,0.000000,0.000000,0.000000
112256109,-94.8907,-492.1733,0.000000,0.000000,0.000000,0.000000
112256171,-94.8907,-492.1733,0.000000,0.000000,0.000000,0.000000
112256218,-94.8907,-492.1733,0.000000,0.000000,0.000000,0.000000
112256265,-94.8907,-492.1733,0.000000,0.000000,0.000000,0.000000
112256312,-94.8907,-492.1733,0.000000,0.000000,0.000000,0.000000
112256359,-94.8907,-492.1733,0.000000,0.000000,0.000000,0.000000
112256437,-94.8907,-492.1733,0.000000,0.000000,0.000000,0.000000
112256500,-94.8907,-492.1733,0.000000,0.000000,0.000000,0.000000
112256546,-94.8907,-492.1733,0.000000,0.000000,0.000000,0.000000
112256609,-94.8907,-492.1733,0.000000,0.000000,0.000000,0.000000
112256656,-94.8907,-492.1733,0.000000,0.000000,0.000000,0.000000
112256703,-94.8907,-492.1733,0.000000,0.000000,0.000000,0.000000
112256765,-94.8907,-492.1733,0.000000,0.000000,0.000000,0.000000
112256812,-94.8907,-492.1733,0.000000,0.000000,0.000000,0.000000
112256859,-94.8907,-492.1733,0.000000,0.000000,0.000000,0.000000
112256906,-94.8907,-492.1733,0.000000,0.000000,0.000000,0.000000
112256968,-94.8907,-492.1733,0.000000,0.000000,0.000000,0.000000
112257015,-94.8907,-492.1733,0.000000,0.000000,0.000000,0.000000
112257062,-94.8907,-492.1733,0.000000,0.000000,0.000000,0.000000
112257109,-94.8907,-492.1733,0.000000,0.000000,0.000000,0.000000
112257171,-94.8907,-492.1733,0.000000,0.000000,0.000000,0.000000
112257218,-94.8907,-492.1733,0.000000,0.000000,0.000000,0.000000
112257281,-94.8907,-492.1733,0.000000,0.000000,0.000000,0.000000
112257328,-94.8907,-492.1733,0.000000,0.000000,0.000000,0.000000
112257375,-94.8907,-492.1733,0.000000,0.000000,0.000000,0.000000
112257421,-94.8907,-492.1733,0.000000,0.000000,0.000000,0.000000
112257500,-94.8907,-492.1733,0.000000,0.000000,0.000000,0.000000
112257546,-94.8907,-492.1733,0.000000,0.000000,0.000000,0.000000
112257593,-94.8907,-492.1733,0.000000,0.000000,0.000000,0.000000
112257656,-94.8907,-492.1733,0.000000,0.000000,0.000000,0.000000
112257703,-94.8907,-492.1733,0.000000,0.000000,0.000000,0.000000
112257765,-94.8907,-492.1733,0.000000,0.000000,0.000000,0.000000
112257828,-94.8907,-492.1733,0.000000,0.000000,0.000000,0.000000
112257875,-94.8907,-492.1733,0.000000,0.000000,0.000000,0.000000
112257921,-94.8907,-492.1733,0.000000,0.000000,0.000000,0.000000
112257968,-94.8907,-492.1733,0.000000,0.000000,0.000000,0.000000
112258031,-94.8907,-492.1733,0.000000,0.000000,0.000000,0.000000
112258078,-94.8907,-492.1733,0.000000,0.000000,0.000000,0.000000
112258140,-94.8907,-492.1733,0.000000,0.000000,0.000000,0.000000
112258187,-94.8907,-492.1733,0.000000,0.000000,0.000000,0.000000
112258234,-94.8907,-492.1733,0.000000,0.000000,0.000000,0.000000
112258296,-94.8907,-492.1733,0.000000,0.000000,0.000000,0.000000
112258343,-94.8907,-492.1733,0.000000,0.000000,0.000000,0.000000
112258390,-94.8907,-492.1733,0.000000,0.000000,0.000000,0.000000
112258453,-94.8907,-492.1733,0.000000,0.000000,0.000000,0.000000
112258515,-94.8907,-492.1733,0.000000,0.000000,0.000000,0.000000
112258734,-94.8907,-492.1733,0.000000,0.000000,0.000000,0.000000
112259109,-94.8907,-492.1733,0.000000,0.000000,0.000000,0.000000
112259156,-94.8907,-492.1733,0.000000,0.000000,0.000000,0.000000
112259218,-94.8907,-492.1733,0.000000,0.000000,0.000000,0.000000
112259281,-94.8907,-492.1733,0.000000,0.000000,0.000000,0.000000
112259328,-94.8907,-492.1733,0.000000,0.000000,0.000000,0.000000
112259375,-94.8907,-492.1733,0.000000,0.000000,0.000000,0.000000
112259437,-94.8907,-492.1733,0.000000,0.000000,0.000000,0.000000
112259484,-94.8907,-492.1733,0.000000,0.000000,0.000000,0.000000
112259546,-94.8907,-492.1733,0.000000,0.000000,0.000000,0.000000
112259593,-94.8907,-492.1733,0.000000,0.000000,0.000000,0.000000
112259640,-94.8907,-492.1733,0.000000,0.000000,0.000000,0.000000
112259687,-94.8907,-492.1733,0.000000,0.000000,0.000000,0.000000
112259734,-94.8907,-492.1733,0.000000,0.000000,0.000000,0.000000
112259796,-94.8907,-492.1733,0.000000,0.000000,0.000000,0.000000
112259843,-94.8907,-492.1733,0.000000,0.000000,0.000000,0.000000
112259875,-94.8907,-492.1733,0.000000,0.000000,0.000000,0.000000
112259937,-94.8907,-492.1733,0.000000,0.000000,0.000000,0.000000
112259984,-94.8907,-492.1733,0.000000,0.000000,0.000000,0.000000
112260046,-94.8907,-492.1733,0.000000,0.000000,0.000000,0.000000
112260109,-94.8907,-492.1733,0.000000,0.000000,0.000000,0.000000
112260171,-94.8907,-492.1733,0.000000,0.000000,0.000000,0.000000
112260218,-94.8907,-492.1733,0.000000,0.000000,0.000000,0.000000
112260265,-94.8907,-492.1733,0.000000,0.000000,0.000000,0.000000
112260312,-94.8907,-492.1733,0.000000,0.000000,0.000000,0.000000
112260375,-94.8907,-492.1733,0.000000,0.000000,0.000000,0.000000
112260406,-94.8907,-492.1733,0.000000,0.000000,0.000000,0.000000
112260484,-94.8907,-492.1733,0.000000,0.000000,0.000000,0.000000
112260531,-94.8907,-492.1733,0.000000,0.000000,0.000000,0.000000
112260562,-94.8907,-492.1733,0.000000,0.000000,0.000000,0.000000
112260625,-94.8907,-492.1733,0.000000,0.000000,0.000000,0.000000
112260656,-94.8907,-492.1733,0.000000,0.000000,0.000000,0.000000
112260703,-94.8907,-492.1733,0.000000,0.000000,0.000000,0.000000
112260750,-94.8907,-492.1733,0.000000,0.000000,0.000000,0.000000
112260812,-94.8907,-492.1733,0.000000,0.000000,0.000000,0.000000
112260859,-94.8907,-492.1733,0.000000,0.000000,0.000000,0.000000
112260906,-94.8907,-492.1733,0.000000,0.000000,0.000000,0.000000
112260937,-94.8907,-492.1733,0.000000,0.000000,0.000000,0.000000
112260984,-94.8907,-492.1733,0.000000,0.000000,0.000000,0.000000
112261031,-94.8907,-492.1733,0.000000,0.000000,0.000000,0.000000
112261093,-94.8907,-492.1733,0.000000,0.000000,0.000000,0.000000
112261140,-94.8907,-492.1733,0.000000,0.000000,0.000000,0.000000
112261187,-94.8907,-492.1733,0.000000,0.000000,0.000000,0.000000
112261234,-94.8907,-492.1733,0.000000,0.000000,0.000000,0.000000
112261281,-94.8907,-492.1733,0.000000,0.000000,0.000000,0.000000
112261328,-94.8907,-492.1733,0.000000,0.000000,0.000000,0.000000
112261375,-94.8907,-492.1733,0.000000,0.000000,0.000000,0.000000
112261421,-94.8907,-492.1733,0.000000,0.000000,0.000000,0.000000
112261484,-94.8907,-492.1733,0.000000,0.000000,0.000000,0.000000
112261531,-94.8907,-492.1733,0.000000,0.000000,0.000000,0.000000
112261578,-94.8907,-492.1733,0.000000,0.000000,0.000000,0.000000
112261625,-94.8907,-492.1733,0.000000,0.000000,0.000000,0.000000
112261671,-94.8907,-492.1733,0.000000,0.000000,0.000000,0.000000
112261718,-94.8907,-492.1733,0.000000,0.000000,0.000000,0.000000
112261765,-94.8907,-492.1733,0.000000,0.000000,0.000000,0.000000
112261812,-94.8907,-492.1733,0.000000,0.000000,0.000000,0.000000
112261859,-94.8907,-492.1733,0.000000,0.000000,0.000000,0.000000
112261906,-94.8907,-492.1733,0.000000,0.000000,0.000000,0.000000
112261953,-94.8907,-492.1733,0.000000,0.000000,0.000000,0.000000
112262000,-94.8907,-492.1733,0.000000,0.000000,0.000000,0.000000
112262062,-94.8907,-492.1733,0.000000,0.000000,0.000000,0.000000
112262218,-94.8907,-492.1733,0.000000,0.000000,0.000000,0.000000
112262281,-94.8907,-492.1733,0.000000,0.000000,0.000000,0.000000
112262328,-94.8907,-492.1733,0.000000,0.000000,0.000000,0.000000
112262375,-94.8907,-492.1733,0.000000,0.000000,0.000000,0.000000
112262421,-94.8907,-492.1733,0.000000,0.000000,0.000000,0.000000
112262468,-94.8907,-492.1733,0.000000,0.000000,0.000000,0.000000
112262515,-94.8907,-492.1733,0.000000,0.000000,0.000000,0.000000
112262562,-94.8907,-492.1733,0.000000,0.000000,0.000000,0.000000
112262609,-94.8907,-492.1733,0.000000,0.000000,0.000000,0.000000
112262656,-94.8907,-492.1733,0.000000,0.000000,0.000000,0.000000
112262703,-94.8907,-492.1733,0.000000,0.000000,0.000000,0.000000
112262750,-94.8907,-492.1733,0.000000,0.000000,0.000000,0.000000
112262796,-94.8907,-492.1733,0.000000,0.000000,0.000000,0.000000
112262843,-94.8907,-492.1733,0.000000,0.000000,0.000000,0.000000
112262890,-94.8907,-492.1733,0.000000,0.000000,0.000000,0.000000
112262937,-94.8907,-492.1733,0.000000,0.000000,0.000000,0.000000
112262984,-94.8907,-492.1733,0.000000,0.000000,0.000000,0.000000
112263031,-94.8907,-492.1733,0.000000,0.000000,0.000000,0.000000
112263078,-94.8907,-492.1733,0.000000,0.000000,0.000000,0.000000
112263140,-94.8907,-492.1733,0.000000,0.000000,0.000000,0.000000
112263187,-94.8907,-492.1733,0.000000,0.000000,0.000000,0.000000
112263234,-94.8907,-492.1733,0.000000,0.000000,0.000000,0.000000
112263296,-94.8907,-492.1733,0.000000,0.000000,0.000000,0.000000
112263343,-94.8907,-492.1733,0.000000,0.000000,0.000000,0.000000
112263390,-94.8907,-492.1733,0.000000,0.000000,0.000000,0.000000
112263437,-94.8907,-492.1733,0.000000,0.000000,0.000000,0.000000
112263484,-94.8907,-492.1733,0.000000,0.000000,0.000000,0.000000
112263531,-94.8907,-492.1733,0.000000,0.000000,0.000000,0.000000
112263578,-94.8907,-492.1733,0.000000,0.000000,0.000000,0.000000
112263640,-94.8907,-492.1733,0.000000,0.000000,0.000000,0.000000
112263671,-94.8907,-492.1733,0.000000,0.000000,0.000000,0.000000
112263734,-94.8907,-492.1733,0.000000,0.000000,0.000000,0.000000
112263781,-94.8907,-492.1733,0.000000,0.000000,0.000000,0.000000
112263828,-94.8907,-492.1733,0.000000,0.000000,0.000000,0.000000
112263890,-94.8907,-492.1733,0.000000,0.000000,0.000000,0.000000
112263921,-94.8907,-492.1733,0.000000,0.000000,0.000000,0.000000
112263984,-94.8907,-492.1733,0.000000,0.000000,0.000000,0.000000
112264031,-94.8907,-492.1733,0.000000,0.000000,0.000000,0.000000
112264078,-94.8907,-492.1733,0.000000,0.000000,0.000000,0.000000
112264125,-94.8907,-492.1733,0.000000,0.000000,0.000000,0.000000
112264171,-94.8907,-492.1733,0.000000,0.000000,0.000000,0.000000
112264234,-94.8907,-492.1733,0.000000,0.000000,0.000000,0.000000
112264281,-94.8907,-492.1733,0.000000,0.000000,0.000000,0.000000
112264328,-94.8907,-492.1733,0.000000,0.000000,0.000000,0.000000
112264375,-94.8907,-492.1733,0.000000,0.000000,0.000000,0.000000
112264421,-94.8907,-492.1733,0.000000,0.000000,0.000000,0.000000
112264500,-94.8907,-492.1733,0.000000,0.000000,0.000000,0.000000
112264562,-94.8907,-492.1733,0.000000,0.000000,0.000000,0.000000
112264656,-94.8907,-492.1733,0.000000,0.000000,0.000000,0.000000
112264750,-94.8907,-492.1733,0.000000,0.000000,0.000000,0.000000
112264843,-94.8907,-492.1733,0.000000,0.000000,0.000000,0.000000
112264921,-94.8907,-492.1733,0.000000,0.000000,0.000000,0.000000
112264984,-94.8907,-492.1733,0.000000,0.000000,0.000000,0.000000
112265062,-94.8907,-492.1733,0.000000,0.000000,0.000000,0.000000
112265578,-94.8907,-492.1733,0.000000,0.000000,0.000000,0.000000
112265703,-94.8907,-492.1733,0.000000,0.000000,0.000000,0.000000
112265765,-94.8907,-492.1733,0.000000,0.000000,0.000000,0.000000
112265812,-94.8907,-492.1733,0.000000,0.000000,0.000000,0.000000
112265859,-94.8907,-492.1733,0.000000,0.000000,0.000000,0.000000
112265953,-94.8907,-492.1733,0.000000,0.000000,0.000000,0.000000
112266015,-94.8907,-492.1733,0.000000,0.000000,0.000000,0.000000
112266062,-94.8907,-492.1733,0.000000,0.000000,0.000000,0.000000
112266109,-94.8907,-492.1733,0.000000,0.000000,0.000000,0.000000
112266156,-94.8907,-492.1733,0.000000,0.000000,0.000000,0.000000
112266234,-94.8907,-492.1733,0.000000,0.000000,0.000000,0.000000
112266296,-94.8907,-492.1733,0.000000,0.000000,0.000000,0.000000
112266343,-94.8907,-492.1733,0.000000,0.000000,0.000000,0.000000
112266390,-94.8907,-492.1733,0.000000,0.000000,0.000000,0.000000
112266437,-94.8907,-492.1733,0.000000,0.000000,0.000000,0.000000
112266515,-94.8907,-492.1733,0.000000,0.000000,0.000000,0.000000
112266562,-94.8907,-492.1733,0.000000,0.000000,0.000000,0.000000
112266609,-94.8907,-492.1733,0.000000,0.000000,0.000000,0.000000
112266656,-94.8907,-492.1733,0.000000,0.000000,0.000000,0.000000
112266703,-94.8907,-492.1733,0.000000,0.000000,0.000000,0.000000
112266750,-94.8907,-492.1733,0.000000,0.000000,0.000000,0.000000
112266812,-94.8907,-492.1733,0.000000,0.000000,0.000000,0.000000
112266859,-94.8907,-492.1733,0.000000,0.000000,0.000000,0.000000
112266921,-94.8907,-492.1733,0.000000,0.000000,0.000000,0.000000
112266968,-94.8907,-492.1733,0.000000,0.000000,0.000000,0.000000
112267046,-94.8907,-492.1733,0.000000,0.000000,0.000000,0.000000
112267093,-94.8907,-492.1733,0.000000,0.000000,0.000000,0.000000
112267140,-94.8907,-492.1733,0.000000,0.000000,0.000000,0.000000
112267203,-94.8907,-492.1733,0.000000,0.000000,0.000000,0.000000
112267250,-94.8907,-492.1733,0.000000,0.000000,0.000000,0.000000
112267328,-94.8907,-492.1733,0.000000,0.000000,0.000000,0.000000
112267375,-94.8907,-492.1733,0.000000,0.000000,0.000000,0.000000
112267437,-94.8907,-492.1733,0.000000,0.000000,0.000000,0.000000
112267484,-94.8907,-492.1733,0.000000,0.000000,0.000000,0.000000
112267546,-94.8907,-492.1733,0.000000,0.000000,0.000000,0.000000
112267593,-94.8907,-492.1733,0.000000,0.000000,0.000000,0.000000
112267656,-94.8907,-492.1733,0.000000,0.000000,0.000000,0.000000
112267703,-94.8907,-492.1733,0.000000,0.000000,0.000000,0.000000
112267765,-94.8907,-492.1733,0.000000,0.000000,0.000000,0.000000
112267812,-94.8907,-492.1733,0.000000,0.000000,0.000000,0.000000
112267875,-94.8907,-492.1733,0.000000,0.000000,0.000000,0.000000
112267937,-94.8907,-492.1733,0.000000,0.000000,0.000000,0.000000
112267984,-94.8907,-492.1733,0.000000,0.000000,0.000000,0.000000
112268046,-94.8907,-492.1733,0.000000,0.000000,0.000000,0.000000
112268093,-94.8907,-492.1733,0.000000,0.000000,0.000000,0.000000
112268171,-94.8907,-492.1733,0.000000,0.000000,0.000000,0.000000
112268234,-94.8907,-492.1733,0.000000,0.000000,0.000000,0.000000
112268281,-94.8907,-492.1733,0.000000,0.000000,0.000000,0.000000
112268328,-94.8907,-492.1733,0.000000,0.000000,0.000000,0.000000
112268375,-94.8907,-492.1733,0.000000,0.000000,0.000000,0.000000
112268437,-94.8907,-492.1733,0.000000,0.000000,0.000000,0.000000
112268484,-94.8907,-492.1733,0.000000,0.000000,0.000000,0.000000
112268531,-94.8907,-492.1733,0.000000,0.000000,0.000000,0.000000
112268578,-94.8907,-492.1733,0.000000,0.000000,0.000000,0.000000
112268640,-94.8907,-492.1733,0.000000,0.000000,0.000000,0.000000
112268687,-94.8907,-492.1733,0.000000,0.000000,0.000000,0.000000
112268734,-94.8907,-492.1733,0.000000,0.000000,0.000000,0.000000
112268875,-94.8907,-492.1733,0.000000,0.000000,0.000000,0.000000
112268921,-94.8907,-492.1733,0.000000,0.000000,0.000000,0.000000
112268968,-94.8907,-492.1733,0.000000,0.000000,0.000000,0.000000
112269015,-94.8907,-492.1733,0.000000,0.000000,0.000000,0.000000
112269062,-94.8907,-492.1733,0.000000,0.000000,0.000000,0.000000
112269109,-94.8907,-492.1733,0.000000,0.000000,0.000000,0.000000
112269187,-94.8907,-492.1733,0.000000,0.000000,0.000000,0.000000
112269234,-94.8907,-492.1733,0.000000,0.000000,0.000000,0.000000
112269328,-94.8907,-492.1733,0.000000,0.000000,0.000000,0.000000
112269375,-94.8907,-492.1733,0.000000,0.000000,0.000000,0.000000
112269437,-94.8907,-492.1733,0.000000,0.000000,0.000000,0.000000
112269484,-94.8907,-492.1733,0.000000,0.000000,0.000000,0.000000
112269531,-94.8907,-492.1733,0.000000,0.000000,0.000000,0.000000
112269593,-94.8907,-492.1733,0.000000,0.000000,0.000000,0.000000
112269640,-94.8907,-492.1733,0.000000,0.000000,0.000000,0.000000
112269687,-94.8907,-492.1733,0.000000,0.000000,0.000000,0.000000
112269734,-94.8907,-492.1733,0.000000,0.000000,0.000000,0.000000
112269765,-94.8907,-492.1733,0.000000,0.000000,0.000000,0.000000
112269828,-94.8907,-492.1733,0.000000,0.000000,0.000000,0.000000
112269875,-94.8907,-492.1733,0.000000,0.000000,0.000000,0.000000
112269921,-94.8907,-492.1733,0.000000,0.000000,0.000000,0.000000
112269968,-94.8907,-492.1733,0.000000,0.000000,0.000000,0.000000
112270015,-94.8907,-492.1733,0.000000,0.000000,0.000000,0.000000
112270062,-94.8907,-492.1733,0.000000,0.000000,0.000000,0.000000
112270109,-94.8907,-492.1733,0.000000,0.000000,0.000000,0.000000
112270156,-94.8907,-492.1733,0.000000,0.000000,0.000000,0.000000
112270203,-94.8907,-492.1733,0.000000,0.000000,0.000000,0.000000
112270250,-94.8907,-492.1733,0.000000,0.000000,0.000000,0.000000
112270312,-94.8907,-492.1733,0.000000,0.000000,0.000000,0.000000
112270359,-94.8907,-492.1733,0.000000,0.000000,0.000000,0.000000
112270406,-94.8907,-492.1733,0.000000,0.000000,0.000000,0.000000
112270453,-94.8907,-492.1733,0.000000,0.000000,0.000000,0.000000
112270515,-94.8907,-492.1733,0.000000,0.000000,0.000000,0.000000
112270562,-94.8907,-492.1733,0.000000,0.000000,0.000000,0.000000
112270609,-94.8907,-492.1733,0.000000,0.000000,0.000000,0.000000
112270656,-94.8907,-492.1733,0.000000,0.000000,0.000000,0.000000
112270703,-94.8907,-492.1733,0.000000,0.000000,0.000000,0.000000
112270750,-94.8907,-492.1733,0.000000,0.000000,0.000000,0.000000
112270812,-94.8907,-492.1733,0.000000,0.000000,0.000000,0.000000
112270859,-94.8907,-492.1733,0.000000,0.000000,0.000000,0.000000
112270906,-94.8907,-492.1733,0.000000,0.000000,0.000000,0.000000
112270953,-94.8907,-492.1733,0.000000,0.000000,0.000000,0.000000
112271000,-94.8907,-492.1733,0.000000,0.000000,0.000000,0.000000
112271046,-94.8907,-492.1733,0.000000,0.000000,0.000000,0.000000
112271093,-94.8907,-492.1733,0.000000,0.000000,0.000000,0.000000
112271140,-94.8907,-492.1733,0.000000,0.000000,0.000000,0.000000
112271187,-94.8907,-492.1733,0.000000,0.000000,0.000000,0.000000
112271234,-94.8907,-492.1733,0.000000,0.000000,0.000000,0.000000
112271296,-94.8907,-492.1733,0.000000,0.000000,0.000000,0.000000
112271343,-94.8907,-492.1733,0.000000,0.000000,0.000000,0.000000
112271390,-94.8907,-492.1733,0.000000,0.000000,0.000000,0.000000
112271437,-94.8907,-492.1733,0.000000,0.000000,0.000000,0.000000
112271468,-94.8907,-492.1733,0.000000,0.000000,0.000000,0.000000
112271515,-94.8907,-492.1733,0.000000,0.000000,0.000000,0.000000
112271546,-94.8907,-492.1733,0.000000,0.000000,0.000000,0.000000
112271593,-94.8907,-492.1733,0.000000,0.000000,0.000000,0.000000
112271640,-94.8907,-492.1733,0.000000,0.000000,0.000000,0.000000
112271687,-94.8907,-492.1733,0.000000,0.000000,0.000000,0.000000
112271750,-94.8907,-492.1733,0.000000,0.000000,0.000000,0.000000
112271781,-94.8907,-492.1733,0.000000,0.000000,0.000000,0.000000
112271828,-94.8907,-492.1733,0.000000,0.000000,0.000000,0.000000
112271875,-94.8907,-492.1733,0.000000,0.000000,0.000000,0.000000
112271906,-94.8907,-492.1733,0.000000,0.000000,0.000000,0.000000
112271968,-94.8907,-492.1733,0.000000,0.000000,0.000000,0.000000
112272562,-94.8907,-492.1733,0.000000,0.000000,0.000000,0.000000
112272734,-94.8907,-492.1733,0.000000,0.000000,0.000000,0.000000
112272796,-94.8907,-492.1733,0.000000,0.000000,0.000000,0.000000
112272890,-94.8907,-492.1733,0.000000,0.000000,0.000000,0.000000
112272984,-94.8907,-492.1733,0.000000,0.000000,0.000000,0.000000
112273093,-94.8907,-492.1733,0.000000,0.000000,0.000000,0.000000
112273171,-94.8907,-492.1733,0.000000,0.000000,0.000000,0.000000
112273218,-94.8907,-492.1733,0.000000,0.000000,0.000000,0.000000
112273265,-94.8907,-492.1733,0.000000,0.000000,0.000000,0.000000
112273375,-94.8907,-492.1733,0.000000,0.000000,0.000000,0.000000
112273437,-94.8907,-492.1733,0.000000,0.000000,0.000000,0.000000
112273500,-94.8907,-492.1733,0.000000,0.000000,0.000000,0.000000
112273546,-94.8907,-492.1733,0.000000,0.000000,0.000000,0.000000
112273578,-94.8907,-492.1733,0.000000,0.000000,0.000000,0.000000
112273640,-94.8907,-492.1733,0.000000,0.000000,0.000000,0.000000
112273687,-94.8907,-492.1733,0.000000,0.000000,0.000000,0.000000
112273734,-94.8907,-492.1733,0.000000,0.000000,0.000000,0.000000
112273765,-94.8907,-492.1733,0.000000,0.000000,0.000000,0.000000
112273812,-94.8907,-492.1733,0.000000,0.000000,0.000000,0.000000
112273859,-94.8907,-492.1733,0.000000,0.000000,0.000000,0.000000
112273890,-94.8907,-492.1733,0.000000,0.000000,0.000000,0.000000
112273937,-94.8907,-492.1733,0.000000,0.000000,0.000000,0.000000
112273984,-94.8907,-492.1733,0.000000,0.000000,0.000000,0.000000
112274031,-94.8907,-492.1733,0.000000,0.000000,0.000000,0.000000
112274093,-94.8907,-492.1733,0.000000,0.000000,0.000000,0.000000
112274140,-94.8907,-492.1733,0.000000,0.000000,0.000000,0.000000
112274171,-94.8907,-492.1733,0.000000,0.000000,0.000000,0.000000
112274218,-94.8907,-492.1733,0.000000,0.000000,0.000000,0.000000
112274250,-94.8907,-492.1733,0.000000,0.000000,0.000000,0.000000
112274296,-94.8907,-492.1733,0.000000,0.000000,0.000000,0.000000
112274359,-94.8907,-492.1733,0.000000,0.000000,0.000000,0.000000
112274390,-94.8907,-492.1733,0.000000,0.000000,0.000000,0.000000
112274437,-94.8907,-492.1733,0.000000,0.000000,0.000000,0.000000
112274500,-94.8907,-492.1733,0.000000,0.000000,0.000000,0.000000
112274546,-94.8907,-492.1733,0.000000,0.000000,0.000000,0.000000
112274609,-94.8907,-492.1733,0.000000,0.000000,0.000000,0.000000
112274640,-94.8907,-492.1733,0.000000,0.000000,0.000000,0.000000
112274703,-94.8907,-492.1733,0.000000,0.000000,0.000000,0.000000
112274750,-94.8907,-492.1733,0.000000,0.000000,0.000000,0.000000
112274796,-94.8907,-492.1733,0.000000,0.000000,0.000000,0.000000
112274843,-94.8907,-492.1733,0.000000,0.000000,0.000000,0.000000
112274906,-94.8907,-492.1733,0.000000,0.000000,0.000000,0.000000
112274953,-94.8907,-492.1733,0.000000,0.000000,0.000000,0.000000
112275000,-94.8907,-492.1733,0.000000,0.000000,0.000000,0.000000
112275062,-94.8907,-492.1733,0.000000,0.000000,0.000000,0.000000
112275125,-94.8907,-492.1733,0.000000,0.000000,0.000000,0.000000
112275171,-94.8907,-492.1727,0.000000,0.000000,0.000000,0.000000
112275218,-94.8907,-492.1733,0.000000,0.000000,0.000000,0.000000
112275265,-94.8907,-492.1733,0.000000,0.000000,0.000000,0.000000
112275312,-94.8907,-492.1733,0.000000,0.000000,0.000000,0.000000
112275359,-94.8907,-492.1733,0.000000,0.000000,0.000000,0.000000
112275406,-94.8907,-492.1733,0.000000,0.000000,0.000000,0.000000
112275468,-94.8907,-492.1733,0.000000,0.000000,0.000000,0.000000
112275546,-94.8907,-492.1733,0.000000,0.000000,0.000000,0.000000
112275593,-94.8907,-492.1733,0.000000,0.000000,0.000000,0.000000
112275656,-94.8907,-492.1733,0.000000,0.000000,0.000000,0.000000
112275687,-94.8907,-492.1733,0.000000,0.000000,0.000000,0.000000
112275734,-94.8907,-492.1733,0.000000,0.000000,0.000000,0.000000
112275781,-94.8907,-492.1733,0.000000,0.000000,0.000000,0.000000
112275843,-94.8907,-492.1733,0.000000,0.000000,0.000000,0.000000
112275890,-94.8907,-492.1733,0.000000,0.000000,0.000000,0.000000
112275937,-94.8907,-492.1733,0.000000,0.000000,0.000000,0.000000
112275984,-94.8907,-492.1733,0.000000,0.000000,0.000000,0.000000
112276031,-94.8907,-492.1733,0.000000,0.000000,0.000000,0.000000
112276109,-94.8907,-492.1733,0.000000,0.000000,0.000000,0.000000
112276156,-94.8907,-492.1733,0.000000,0.000000,0.000000,0.000000
112276218,-94.8907,-492.1733,0.000000,0.000000,0.000000,0.000000
112276281,-94.8907,-492.1733,0.000000,0.000000,0.000000,0.000000
112276406,-94.8907,-492.1733,0.000000,0.000000,0.000000,0.000000
112276453,-94.8907,-492.1733,0.000000,0.000000,0.000000,0.000000
112276500,-94.8907,-492.1733,0.000000,0.000000,0.000000,0.000000
112276546,-94.8907,-492.1733,0.000000,0.000000,0.000000,0.000000
112276593,-94.8907,-492.1733,0.000000,0.000000,0.000000,0.000000
112276640,-94.8907,-492.1733,0.000000,0.000000,0.000000,0.000000
112276703,-94.8907,-492.1733,0.000000,0.000000,0.000000,0.000000
112276765,-94.8907,-492.1733,0.000000,0.000000,0.000000,0.000000
112276843,-94.8907,-492.1733,0.000000,0.000000,0.000000,0.000000
112276890,-94.8907,-492.1733,0.000000,0.000000,0.000000,0.000000
112276937,-94.8907,-492.1733,0.000000,0.000000,0.000000,0.000000
112276984,-94.8907,-492.1733,0.000000,0.000000,0.000000,0.000000
112277031,-94.8907,-492.1733,0.000000,0.000000,0.000000,0.000000
112277078,-94.8907,-492.1733,0.000000,0.000000,0.000000,0.000000
112277125,-94.8907,-492.1733,0.000000,0.000000,0.000000,0.000000
112277171,-94.8907,-492.1733,0.000000,0.000000,0.000000,0.000000
112277250,-94.8907,-492.1733,0.000000,0.000000,0.000000,0.000000
112277296,-94.8907,-492.1733,0.000000,0.000000,0.000000,0.000000
112277375,-94.8907,-492.1733,0.000000,0.000000,0.000000,0.000000
112277421,-94.8907,-492.1733,0.000000,0.000000,0.000000,0.000000
112277468,-94.8907,-492.1733,0.000000,0.000000,0.000000,0.000000
112277500,-94.8907,-492.1733,0.000000,0.000000,0.000000,0.000000
112277546,-94.8907,-492.1733,0.000000,0.000000,0.000000,0.000000
112277593,-94.8907,-492.1733,0.000000,0.000000,0.000000,0.000000
112277625,-94.8907,-492.1733,0.000000,0.000000,0.000000,0.000000
112277671,-94.8907,-492.1733,0.000000,0.000000,0.000000,0.000000
112277718,-94.8907,-492.1733,0.000000,0.000000,0.000000,0.000000
112277765,-94.8907,-492.1733,0.000000,0.000000,0.000000,0.000000
112277796,-94.8907,-492.1733,0.000000,0.000000,0.000000,0.000000
112277843,-94.8907,-492.1733,0.000000,0.000000,0.000000,0.000000
112277875,-94.8907,-492.1733,0.000000,0.000000,0.000000,0.000000
112277921,-94.8907,-492.1733,0.000000,0.000000,0.000000,0.000000
112277953,-94.8907,-492.1733,0.000000,0.000000,0.000000,0.000000
112278000,-94.8907,-492.1733,0.000000,0.000000,0.000000,0.000000
112278046,-94.8907,-492.1733,0.000000,0.000000,0.000000,0.000000
112278093,-94.8907,-492.1733,0.000000,0.000000,0.000000,0.000000
112278140,-94.8907,-492.1733,0.000000,0.000000,0.000000,0.000000
112278187,-94.8907,-492.1733,0.000000,0.000000,0.000000,0.000000
112278234,-94.8907,-492.1733,0.000000,0.000000,0.000000,0.000000
112278265,-94.8907,-492.1733,0.000000,0.000000,0.000000,0.000000
112278312,-94.8907,-492.1733,0.000000,0.000000,0.000000,0.000000
112278343,-94.8907,-492.1733,0.000000,0.000000,0.000000,0.000000
112278390,-94.8907,-492.1733,0.000000,0.000000,0.000000,0.000000
112278421,-94.8907,-492.1733,0.000000,0.000000,0.000000,0.000000
112278468,-94.8907,-492.1733,0.000000,0.000000,0.000000,0.000000
112278515,-94.8907,-492.1733,0.000000,0.000000,0.000000,0.000000
112278562,-94.8907,-492.1733,0.000000,0.000000,0.000000,0.000000
112278593,-94.8907,-492.1733,0.000000,0.000000,0.000000,0.000000
112278640,-94.8907,-492.1733,0.000000,0.000000,0.000000,0.000000
112278687,-94.8907,-492.1733,0.000000,0.000000,0.000000,0.000000
112278734,-94.8907,-492.1733,0.000000,0.000000,0.000000,0.000000
112278781,-94.8907,-492.1733,0.000000,0.000000,0.000000,0.000000
112278828,-94.8907,-492.1733,0.000000,0.000000,0.000000,0.000000
112278875,-94.8907,-492.1733,0.000000,0.000000,0.000000,0.000000
112278921,-94.8907,-492.1733,0.000000,0.000000,0.000000,0.000000
112278968,-94.8907,-492.1733,0.000000,0.000000,0.000000,0.000000
112279031,-94.8907,-492.1733,0.000000,0.000000,0.000000,0.000000
112279093,-94.8907,-492.1733,0.000000,0.000000,0.000000,0.000000
112279125,-94.8907,-492.1733,0.000000,0.000000,0.000000,0.000000
112279171,-94.8907,-492.1733,0.000000,0.000000,0.000000,0.000000
112279218,-94.8907,-492.1733,0.000000,0.000000,0.000000,0.000000
112279265,-94.8907,-492.1733,0.000000,0.000000,0.000000,0.000000
112279296,-94.8907,-492.1733,0.000000,0.000000,0.000000,0.000000
112279406,-94.8907,-492.1733,0.000000,0.000000,0.000000,0.000000
112279531,-94.8907,-492.1733,0.000000,0.000000,0.000000,0.000000
112279578,-94.8907,-492.1733,0.000000,0.000000,0.000000,0.000000
112279625,-94.8907,-492.1733,0.000000,0.000000,0.000000,0.000000
112279656,-94.8907,-492.1733,0.000000,0.000000,0.000000,0.000000
112279703,-94.8907,-492.1733,0.000000,0.000000,0.000000,0.000000
112279734,-94.8907,-492.1733,0.000000,0.000000,0.000000,0.000000
112279812,-94.8907,-492.1733,0.000000,0.000000,0.000000,0.000000
112279875,-94.8907,-492.1733,0.000000,0.000000,0.000000,0.000000
112279921,-94.8907,-492.1733,0.000000,0.000000,0.000000,0.000000
112280031,-94.8907,-492.1733,0.000000,0.000000,0.000000,0.000000
112280078,-94.8907,-492.1733,0.000000,0.000000,0.000000,0.000000
112280125,-94.8907,-492.1733,0.000000,0.000000,0.000000,0.000000
112280187,-94.8907,-492.1733,0.000000,0.000000,0.000000,0.000000
112280218,-94.8907,-492.1733,0.000000,0.000000,0.000000,0.000000
112280265,-94.8907,-492.1733,0.000000,0.000000,0.000000,0.000000
112280296,-94.8907,-492.1733,0.000000,0.000000,0.000000,0.000000
112280343,-94.8907,-492.1733,0.000000,0.000000,0.000000,0.000000
112280406,-94.8907,-492.1733,0.000000,0.000000,0.000000,0.000000
112280453,-94.8907,-492.1733,0.000000,0.000000,0.000000,0.000000
112280500,-94.8907,-492.1733,0.000000,0.000000,0.000000,0.000000
112280546,-94.8907,-492.1733,0.000000,0.000000,0.000000,0.000000
112280593,-94.8907,-492.1733,0.000000,0.000000,0.000000,0.000000
112280656,-94.8907,-492.1733,0.000000,0.000000,0.000000,0.000000
112280703,-94.8907,-492.1733,0.000000,0.000000,0.000000,0.000000
112280750,-94.8907,-492.1733,0.000000,0.000000,0.000000,0.000000
112280796,-94.8907,-492.1733,0.000000,0.000000,0.000000,0.000000
112280843,-94.8907,-492.1733,0.000000,0.000000,0.000000,0.000000
112280906,-94.8907,-492.1733,0.000000,0.000000,0.000000,0.000000
112280953,-94.8907,-492.1733,0.000000,0.000000,0.000000,0.000000
112281000,-94.8907,-492.1733,0.000000,0.000000,0.000000,0.000000
112281062,-94.8907,-492.1733,0.000000,0.000000,0.000000,0.000000
112281109,-94.8907,-492.1733,0.000000,0.000000,0.000000,0.000000
112281171,-94.8907,-492.1733,0.000000,0.000000,0.000000,0.000000
112281234,-94.8907,-492.1733,0.000000,0.000000,0.000000,0.000000
112281296,-94.8907,-492.1733,0.000000,0.000000,0.000000,0.000000
112281343,-94.8907,-492.1733,0.000000,0.000000,0.000000,0.000000
112281390,-94.8907,-492.1733,0.000000,0.000000,0.000000,0.000000
112281453,-94.8907,-492.1733,0.000000,0.000000,0.000000,0.000000
112281500,-94.8907,-492.1733,0.000000,0.000000,0.000000,0.000000
112281546,-94.8907,-492.1733,0.000000,0.000000,0.000000,0.000000
112281593,-94.8907,-492.1733,0.000000,0.000000,0.000000,0.000000
112281656,-94.8907,-492.1733,0.000000,0.000000,0.000000,0.000000
112281703,-94.8907,-492.1733,0.000000,0.000000,0.000000,0.000000
112281765,-94.8907,-492.1733,0.000000,0.000000,0.000000,0.000000
112281812,-94.8907,-492.1733,0.000000,0.000000,0.000000,0.000000
112281859,-94.8907,-492.1733,0.000000,0.000000,0.000000,0.000000
112281906,-94.8907,-492.1733,0.000000,0.000000,0.000000,0.000000
112281953,-94.8907,-492.1733,0.000000,0.000000,0.000000,0.000000
112282015,-94.8907,-492.1733,0.000000,0.000000,0.000000,0.000000
112282062,-94.8907,-492.1733,0.000000,0.000000,0.000000,0.000000
112282109,-94.8907,-492.1733,0.000000,0.000000,0.000000,0.000000
112282156,-94.8907,-492.1733,0.000000,0.000000,0.000000,0.000000
112282218,-94.8907,-492.1733,0.000000,0.000000,0.000000,0.000000
112282265,-94.8907,-492.1733,0.000000,0.000000,0.000000,0.000000
112282312,-94.8907,-492.1733,0.000000,0.000000,0.000000,0.000000
112282390,-94.8907,-492.1733,0.000000,0.000000,0.000000,0.000000
112282437,-94.8907,-492.1733,0.000000,0.000000,0.000000,0.000000
112282500,-94.8907,-492.1733,0.000000,0.000000,0.000000,0.000000
112282546,-94.8907,-492.1733,0.000000,0.000000,0.000000,0.000000
112282734,-94.8907,-492.1733,0.000000,0.000000,0.000000,0.000000
112282781,-94.8907,-492.1733,0.000000,0.000000,0.000000,0.000000
112282828,-94.8907,-492.1733,0.000000,0.000000,0.000000,0.000000
112282906,-94.8907,-492.1733,0.000000,0.000000,0.000000,0.000000
112282953,-94.8907,-492.1733,0.000000,0.000000,0.000000,0.000000
112283000,-94.8907,-492.1733,0.000000,0.000000,0.000000,0.000000
112283062,-94.8907,-492.1733,0.000000,0.000000,0.000000,0.000000
112283109,-94.8907,-492.1733,0.000000,0.000000,0.000000,0.000000
112283156,-94.8907,-492.1733,0.000000,0.000000,0.000000,0.000000
112283203,-94.8907,-492.1733,0.000000,0.000000,0.000000,0.000000
112283250,-94.8907,-492.1733,0.000000,0.000000,0.000000,0.000000
112283296,-94.8907,-492.1733,0.000000,0.000000,0.000000,0.000000
112283343,-94.8907,-492.1733,0.000000,0.000000,0.000000,0.000000
112283406,-94.8907,-492.1733,0.000000,0.000000,0.000000,0.000000
112283453,-94.8907,-492.1733,0.000000,0.000000,0.000000,0.000000
112283484,-94.8907,-492.1733,0.000000,0.000000,0.000000,0.000000
112283531,-94.8907,-492.1733,0.000000,0.000000,0.000000,0.000000
112283562,-94.8907,-492.1733,0.000000,0.000000,0.000000,0.000000
112283625,-94.8907,-492.1733,0.000000,0.000000,0.000000,0.000000
112283671,-94.8907,-492.1733,0.000000,0.000000,0.000000,0.000000
112283703,-94.8907,-492.1733,0.000000,0.000000,0.000000,0.000000
112283734,-94.8907,-492.1733,0.000000,0.000000,0.000000,0.000000
112283781,-94.8907,-492.1733,0.000000,0.000000,0.000000,0.000000
112283828,-94.8907,-492.1733,0.000000,0.000000,0.000000,0.000000
112283875,-94.8907,-492.1733,0.000000,0.000000,0.000000,0.000000
112283921,-94.8907,-492.1733,0.000000,0.000000,0.000000,0.000000
112283968,-94.8907,-492.1733,0.000000,0.000000,0.000000,0.000000
112284000,-94.8907,-492.1733,0.000000,0.000000,0.000000,0.000000
112284046,-94.8907,-492.1733,0.000000,0.000000,0.000000,0.000000
112284078,-94.8907,-492.1733,0.000000,0.000000,0.000000,0.000000
112284125,-94.8907,-492.1733,0.000000,0.000000,0.000000,0.000000
112284171,-94.8907,-492.1733,0.000000,0.000000,0.000000,0.000000
112284218,-94.8907,-492.1733,0.000000,0.000000,0.000000,0.000000
112284281,-94.8907,-492.1733,0.000000,0.000000,0.000000,0.000000
112284328,-94.8907,-492.1733,0.000000,0.000000,0.000000,0.000000
112284390,-94.8907,-492.1733,0.000000,0.000000,0.000000,0.000000
112284437,-94.8907,-492.1733,0.000000,0.000000,0.000000,0.000000
112284484,-94.8907,-492.1733,0.000000,0.000000,0.000000,0.000000
112284531,-94.8907,-492.1733,0.000000,0.000000,0.000000,0.000000
112284562,-94.8907,-492.1733,0.000000,0.000000,0.000000,0.000000
112284609,-94.8907,-492.1733,0.000000,0.000000,0.000000,0.000000
112284656,-94.8907,-492.1733,0.000000,0.000000,0.000000,0.000000
112284703,-94.8907,-492.1733,0.000000,0.000000,0.000000,0.000000
112284765,-94.8907,-492.1733,0.000000,0.000000,0.000000,0.000000
112284812,-94.8907,-492.1733,0.000000,0.000000,0.000000,0.000000
112284859,-94.8907,-492.1733,0.000000,0.000000,0.000000,0.000000
112284890,-94.8907,-492.1733,0.000000,0.000000,0.000000,0.000000
112284937,-94.8907,-492.1733,0.000000,0.000000,0.000000,0.000000
112284984,-94.8907,-492.1733,0.000000,0.000000,0.000000,0.000000
112285031,-94.8907,-492.1733,0.000000,0.000000,0.000000,0.000000
112285078,-94.8907,-492.1733,0.000000,0.000000,0.000000,0.000000
112285140,-94.8907,-492.1733,0.000000,0.000000,0.000000,0.000000
112285171,-94.8907,-492.1733,0.000000,0.000000,0.000000,0.000000
112285234,-94.8907,-492.1733,0.000000,0.000000,0.000000,0.000000
112285281,-94.8907,-492.1733,0.000000,0.000000,0.000000,0.000000
112285343,-94.8907,-492.1733,0.000000,0.000000,0.000000,0.000000
112285421,-94.8907,-492.1733,0.000000,0.000000,0.000000,0.000000
112285468,-94.8907,-492.1733,0.000000,0.000000,0.000000,0.000000
112285750,-94.8907,-492.1733,0.000000,0.000000,0.000000,0.000000
112286125,-94.8907,-492.1733,0.000000,0.000000,0.000000,0.000000
112286218,-94.8907,-492.1733,0.000000,0.000000,0.000000,0.000000
112286281,-94.8907,-492.1733,0.000000,0.000000,0.000000,0.000000
112286343,-94.8907,-492.1733,0.000000,0.000000,0.000000,0.000000
112286406,-94.8907,-492.1733,0.000000,0.000000,0.000000,0.000000
112286437,-94.8907,-492.1733,0.000000,0.000000,0.000000,0.000000
112286484,-94.8907,-492.1733,0.000000,0.000000,0.000000,0.000000
112286546,-94.8907,-492.1733,0.000000,0.000000,0.000000,0.000000
112286609,-94.8907,-492.1733,0.000000,0.000000,0.000000,0.000000
112286656,-94.8907,-492.1733,0.000000,0.000000,0.000000,0.000000
112286718,-94.8907,-492.1733,0.000000,0.000000,0.000000,0.000000
112286937,-94.8907,-492.1733,0.000000,0.000000,0.000000,0.000000
112286984,-94.8907,-492.1733,0.000000,0.000000,0.000000,0.000000
112287031,-94.8907,-492.1733,0.000000,0.000000,0.000000,0.000000
112287093,-94.8907,-492.1733,0.000000,0.000000,0.000000,0.000000
112287156,-94.8907,-492.1733,0.000000,0.000000,0.000000,0.000000
112287203,-94.8907,-492.1733,0.000000,0.000000,0.000000,0.000000
112287265,-94.8907,-492.1733,0.000000,0.000000,0.000000,0.000000
112287312,-94.8907,-492.1733,0.000000,0.000000,0.000000,0.000000
112287343,-94.8907,-492.1733,0.000000,0.000000,0.000000,0.000000
112287390,-94.8907,-492.1733,0.000000,0.000000,0.000000,0.000000
112287437,-94.8907,-492.1733,0.000000,0.000000,0.000000,0.000000
112287484,-94.8907,-492.1733,0.000000,0.000000,0.000000,0.000000
112287531,-94.8907,-492.1733,0.000000,0.000000,0.000000,0.000000
112287593,-94.8907,-492.1733,0.000000,0.000000,0.000000,0.000000
112287625,-94.8907,-492.1733,0.000000,0.000000,0.000000,0.000000
112287671,-94.8907,-492.1733,0.000000,0.000000,0.000000,0.000000
112287718,-94.8907,-492.1733,0.000000,0.000000,0.000000,0.000000
112287765,-94.8907,-492.1733,0.000000,0.000000,0.000000,0.000000
112287812,-94.8907,-492.1733,0.000000,0.000000,0.000000,0.000000
112287843,-94.8907,-492.1733,0.000000,0.000000,0.000000,0.000000
112287890,-94.8907,-492.1733,0.000000,0.000000,0.000000,0.000000
112287937,-94.8907,-492.1733,0.000000,0.000000,0.000000,0.000000
112287984,-94.8907,-492.1733,0.000000,0.000000,0.000000,0.000000
112288031,-94.8907,-492.1733,0.000000,0.000000,0.000000,0.000000
112288078,-94.8907,-492.1733,0.000000,0.000000,0.000000,0.000000
112288125,-94.8907,-492.1733,0.000000,0.000000,0.000000,0.000000
112288171,-94.8907,-492.1733,0.000000,0.000000,0.000000,0.000000
112288203,-94.8907,-492.1733,0.000000,0.000000,0.000000,0.000000
112288250,-94.8907,-492.1733,0.000000,0.000000,0.000000,0.000000
112288296,-94.8907,-492.1733,0.000000,0.000000,0.000000,0.000000
112288343,-94.8907,-492.1733,0.000000,0.000000,0.000000,0.000000
112288406,-94.8907,-492.1733,0.000000,0.000000,0.000000,0.000000
112288453,-94.8907,-492.1733,0.000000,0.000000,0.000000,0.000000
112288515,-94.8907,-492.1733,0.000000,0.000000,0.000000,0.000000
112288546,-94.8907,-492.1733,0.000000,0.000000,0.000000,0.000000
112288593,-94.8907,-492.1733,0.000000,0.000000,0.000000,0.000000
112288640,-94.8907,-492.1733,0.000000,0.000000,0.000000,0.000000
112288703,-94.8907,-492.1733,0.000000,0.000000,0.000000,0.000000
112288750,-94.8907,-492.1733,0.000000,0.000000,0.000000,0.000000
112288796,-94.8907,-492.1733,0.000000,0.000000,0.000000,0.000000
112288843,-94.8907,-492.1733,0.000000,0.000000,0.000000,0.000000
112288890,-94.8907,-492.1733,0.000000,0.000000,0.000000,0.000000
112288937,-94.8907,-492.1733,0.000000,0.000000,0.000000,0.000000
112289000,-94.8907,-492.1733,0.000000,0.000000,0.000000,0.000000
112289046,-94.8907,-492.1733,0.000000,0.000000,0.000000,0.000000
112289109,-94.8907,-492.1733,0.000000,0.000000,0.000000,0.000000
112289156,-94.8907,-492.1733,0.000000,0.000000,0.000000,0.000000
112289218,-94.8907,-492.1733,0.000000,0.000000,0.000000,0.000000
112289265,-94.8907,-492.1733,0.000000,0.000000,0.000000,0.000000
112289296,-94.8907,-492.1733,0.000000,0.000000,0.000000,0.000000
112289359,-94.8907,-492.1733,0.000000,0.000000,0.000000,0.000000
112289421,-94.8907,-492.1733,0.000000,0.000000,0.000000,0.000000
112289484,-94.8907,-492.1733,0.000000,0.000000,0.000000,0.000000
112289609,-94.8907,-492.1733,0.000000,0.000000,0.000000,0.000000
112289656,-94.8907,-492.1733,0.000000,0.000000,0.000000,0.000000
112289703,-94.8907,-492.1733,0.000000,0.000000,0.000000,0.000000
112289750,-94.8907,-492.1733,0.000000,0.000000,0.000000,0.000000
112289812,-94.8907,-492.1733,0.000000,0.000000,0.000000,0.000000
112289859,-94.8907,-492.1733,0.000000,0.000000,0.000000,0.000000
112289906,-94.8907,-492.1733,0.000000,0.000000,0.000000,0.000000
112289968,-94.8907,-492.1733,0.000000,0.000000,0.000000,0.000000
112290015,-94.8907,-492.1733,0.000000,0.000000,0.000000,0.000000
112290062,-94.8907,-492.1733,0.000000,0.000000,0.000000,0.000000
112290125,-94.8907,-492.1733,0.000000,0.000000,0.000000,0.000000
112290171,-94.8907,-492.1733,0.000000,0.000000,0.000000,0.000000
112290218,-94.8907,-492.1733,0.000000,0.000000,0.000000,0.000000
112290265,-94.8907,-492.1733,0.000000,0.000000,0.000000,0.000000
112290312,-94.8907,-492.1733,0.000000,0.000000,0.000000,0.000000
112290375,-94.8907,-492.1733,0.000000,0.000000,0.000000,0.000000
112290421,-94.8907,-492.1733,0.000000,0.000000,0.000000,0.000000
112290468,-94.8907,-492.1733,0.000000,0.000000,0.000000,0.000000
112290515,-94.8907,-492.1733,0.000000,0.000000,0.000000,0.000000
112290562,-94.8907,-492.1733,0.000000,0.000000,0.000000,0.000000
112290625,-94.8907,-492.1733,0.000000,0.000000,0.000000,0.000000
112290656,-94.8907,-492.1733,0.000000,0.000000,0.000000,0.000000
112290703,-94.8907,-492.1733,0.000000,0.000000,0.000000,0.000000
112290750,-94.8907,-492.1733,0.000000,0.000000,0.000000,0.000000
112290796,-94.8907,-492.1733,0.000000,0.000000,0.000000,0.000000
112290859,-94.8907,-492.1733,0.000000,0.000000,0.000000,0.000000
112290906,-94.8907,-492.1733,0.000000,0.000000,0.000000,0.000000
112290953,-94.8907,-492.1733,0.000000,0.000000,0.000000,0.000000
112291000,-94.8907,-492.1733,0.000000,0.000000,0.000000,0.000000
112291062,-94.8907,-492.1733,0.000000,0.000000,0.000000,0.000000
112291125,-94.8907,-492.1733,0.000000,0.000000,0.000000,0.000000
112291171,-94.8907,-492.1733,0.000000,0.000000,0.000000,0.000000
112291218,-94.8907,-492.1733,0.000000,0.000000,0.000000,0.000000
112291265,-94.8907,-492.1733,0.000000,0.000000,0.000000,0.000000
112291312,-94.8907,-492.1733,0.000000,0.000000,0.000000,0.000000
112291375,-94.8907,-492.1733,0.000000,0.000000,0.000000,0.000000
112291437,-94.8907,-492.1733,0.000000,0.000000,0.000000,0.000000
112291484,-94.8907,-492.1733,0.000000,0.000000,0.000000,0.000000
112291531,-94.8907,-492.1733,0.000000,0.000000,0.000000,0.000000
112291593,-94.8907,-492.1733,0.000000,0.000000,0.000000,0.000000
112291656,-94.8907,-492.1733,0.000000,0.000000,0.000000,0.000000
112291703,-94.8907,-492.1733,0.000000,0.000000,0.000000,0.000000
112291750,-94.8907,-492.1733,0.000000,0.000000,0.000000,0.000000
112291812,-94.8907,-492.1733,0.000000,0.000000,0.000000,0.000000
112291859,-94.8907,-492.1733,0.000000,0.000000,0.000000,0.000000
112291906,-94.8907,-492.1733,0.000000,0.000000,0.000000,0.000000
112291968,-94.8907,-492.1733,0.000000,0.000000,0.000000,0.000000
112292031,-94.8907,-492.1733,0.000000,0.000000,0.000000,0.000000
112292093,-94.8907,-492.1733,0.000000,0.000000,0.000000,0.000000
112292140,-94.8907,-492.1733,0.000000,0.000000,0.000000,0.000000
112292234,-94.8907,-492.1733,0.000000,0.000000,0.000000,0.000000
112292328,-94.8907,-492.1733,0.000000,0.000000,0.000000,0.000000
112292375,-94.8907,-492.1733,0.000000,0.000000,0.000000,0.000000
112292453,-94.8907,-492.1733,0.000000,0.000000,0.000000,0.000000
112292484,-94.8907,-492.1733,0.000000,0.000000,0.000000,0.000000
112292531,-94.8907,-492.1733,0.000000,0.000000,0.000000,0.000000
112292640,-94.8907,-492.1733,0.000000,0.000000,0.000000,0.000000
112292671,-94.8907,-492.1733,0.000000,0.000000,0.000000,0.000000
112292734,-94.8907,-492.1733,0.000000,0.000000,0.000000,0.000000
112292765,-94.8907,-492.1733,0.000000,0.000000,0.000000,0.000000
112292828,-94.8907,-492.1733,0.000000,0.000000,0.000000,0.000000
112292921,-94.8907,-492.1733,0.000000,0.000000,0.000000,0.000000
112292968,-94.8907,-492.1733,0.000000,0.000000,0.000000,0.000000
112293015,-94.8907,-492.1733,0.000000,0.000000,0.000000,0.000000
112293062,-94.8907,-492.1733,0.000000,0.000000,0.000000,0.000000
112293109,-94.8907,-492.1733,0.000000,0.000000,0.000000,0.000000
112293156,-94.8907,-492.1733,0.000000,0.000000,0.000000,0.000000
112293203,-94.8907,-492.1733,0.000000,0.000000,0.000000,0.000000
112293250,-94.8907,-492.1733,0.000000,0.000000,0.000000,0.000000
112293296,-94.8907,-492.1733,0.000000,0.000000,0.000000,0.000000
112293343,-94.8907,-492.1733,0.000000,0.000000,0.000000,0.000000
112293390,-94.8907,-492.1733,0.000000,0.000000,0.000000,0.000000
112293437,-94.8907,-492.1733,0.000000,0.000000,0.000000,0.000000
112293484,-94.8907,-492.1733,0.000000,0.000000,0.000000,0.000000
112293531,-94.8907,-492.1733,0.000000,0.000000,0.000000,0.000000
112293578,-94.8907,-492.1733,0.000000,0.000000,0.000000,0.000000
112293625,-94.8907,-492.1733,0.000000,0.000000,0.000000,0.000000
112293671,-94.8907,-492.1733,0.000000,0.000000,0.000000,0.000000
112293718,-94.8907,-492.1733,0.000000,0.000000,0.000000,0.000000
112293765,-94.8907,-492.1733,0.000000,0.000000,0.000000,0.000000
112293812,-94.8907,-492.1733,0.000000,0.000000,0.000000,0.000000
112293859,-94.8907,-492.1733,0.000000,0.000000,0.000000,0.000000
112293906,-94.8907,-492.1733,0.000000,0.000000,0.000000,0.000000
112293953,-94.8907,-492.1733,0.000000,0.000000,0.000000,0.000000
112294000,-94.8907,-492.1733,0.000000,0.000000,0.000000,0.000000
112294046,-94.8907,-492.1733,0.000000,0.000000,0.000000,0.000000
112294109,-94.8907,-492.1733,0.000000,0.000000,0.000000,0.000000
112294156,-94.8907,-492.1733,0.000000,0.000000,0.000000,0.000000
112294187,-94.8907,-492.1733,0.000000,0.000000,0.000000,0.000000
112294234,-94.8907,-492.1733,0.000000,0.000000,0.000000,0.000000
112294296,-94.8907,-492.1733,0.000000,0.000000,0.000000,0.000000
112294343,-94.8907,-492.1733,0.000000,0.000000,0.000000,0.000000
112294390,-94.8907,-492.1733,0.000000,0.000000,0.000000,0.000000
112294453,-94.8907,-492.1733,0.000000,0.000000,0.000000,0.000000
112294750,-94.8907,-492.1733,0.000000,0.000000,0.000000,0.000000
112294812,-94.8907,-492.1733,0.000000,0.000000,0.000000,0.000000
112294859,-94.8907,-492.1733,0.000000,0.000000,0.000000,0.000000
112294906,-94.8907,-492.1733,0.000000,0.000000,0.000000,0.000000
112294953,-94.8907,-492.1733,0.000000,0.000000,0.000000,0.000000
112295000,-94.8907,-492.1733,0.000000,0.000000,0.000000,0.000000
112295062,-94.8907,-492.1733,0.000000,0.000000,0.000000,0.000000
112295109,-94.8907,-492.1733,0.000000,0.000000,0.000000,0.000000
112295156,-94.8907,-492.1733,0.000000,0.000000,0.000000,0.000000
112295203,-94.8907,-492.1733,0.000000,0.000000,0.000000,0.000000
112295250,-94.8907,-492.1733,0.000000,0.000000,0.000000,0.000000
112295296,-94.8907,-492.1733,0.000000,0.000000,0.000000,0.000000
112295343,-94.8907,-492.1733,0.000000,0.000000,0.000000,0.000000
112295390,-94.8907,-492.1733,0.000000,0.000000,0.000000,0.000000
112295453,-94.8907,-492.1733,0.000000,0.000000,0.000000,0.000000
112295500,-94.8907,-492.1733,0.000000,0.000000,0.000000,0.000000
112295578,-94.8907,-492.1733,0.000000,0.000000,0.000000,0.000000
112295843,-94.8907,-492.1733,0.000000,0.000000,0.000000,0.000000
112295890,-94.8907,-492.1733,0.000000,0.000000,0.000000,0.000000
112295937,-94.9083,-492.1733,0.000000,0.000000,0.000000,0.000000
112295984,-94.9356,-492.1733,0.000000,0.000000,0.000000,0.000000
112296031,-94.9593,-492.1733,0.000000,0.000000,0.000000,0.000000
112296093,-94.9647,-492.1733,0.000000,0.000000,0.000000,0.000000
112296140,-94.9658,-492.1733,0.000000,0.000000,0.000000,0.000000
112296187,-94.9660,-492.1733,0.000000,0.000000,0.000000,0.000000
112296250,-94.9661,-492.1733,0.000000,0.000000,0.000000,0.000000
112296296,-94.9661,-492.1733,0.000000,0.000000,0.000000,0.000000
112296343,-94.9661,-492.1733,0.000000,0.000000,0.000000,0.000000
112296390,-94.9661,-492.1733,0.000000,0.000000,0.000000,0.000000
112296437,-94.9661,-492.1733,0.000000,0.000000,0.000000,0.000000
112296484,-94.9663,-492.1733,0.000000,0.000000,0.000000,0.000000
112296546,-94.9663,-492.1733,0.000000,0.000000,0.000000,0.000000
112296593,-94.9663,-492.1733,0.000000,0.000000,0.000000,0.000000
112296656,-94.9663,-492.1733,0.000000,0.000000,0.000000,0.000000
112296703,-94.9663,-492.1733,0.000000,0.000000,0.000000,0.000000
112296750,-94.9663,-492.1733,0.000000,0.000000,0.000000,0.000000
112296812,-94.9663,-492.1733,0.000000,0.000000,0.000000,0.000000
112296859,-94.9663,-492.1733,0.000000,0.000000,0.000000,0.000000
112296921,-94.9884,-492.1727,0.000000,0.000000,0.000000,0.000000
112296968,-95.3689,-491.8629,0.000000,0.000000,0.000000,0.000000
112297015,-96.1099,-490.5784,0.000000,0.000000,0.000000,0.000000
112297078,-97.0529,-488.2068,0.000000,0.000000,0.000000,0.000000
112297125,-97.8198,-485.9878,0.000000,0.000000,0.000000,0.000000
112297171,-98.4546,-484.0026,0.000000,0.000000,0.000000,0.000000
112297218,-98.8969,-482.6069,0.000000,0.000000,0.000000,0.000000
112297265,-99.2853,-481.2323,0.000000,0.000000,0.000000,0.000000
112297328,-99.6794,-479.8769,0.000000,0.000000,0.000000,0.000000
112297375,-100.0397,-478.9080,0.000000,0.000000,0.000000,0.000000
112297421,-100.1791,-478.2117,0.000000,0.000000,0.000000,0.000000
112297468,-100.0381,-477.9703,0.000000,0.000000,0.000000,0.000000
112297515,-100.0431,-477.9205,0.000000,0.000000,0.000000,0.000000
112297656,-100.0418,-477.9128,0.000000,0.000000,0.000000,0.000000
112297750,-95.4407,-477.8598,0.000000,0.000000,0.000000,0.000000
112297828,-86.4807,-477.8349,0.000000,0.000000,0.000000,0.000000
112297921,-85.2081,-477.8176,0.000000,0.000000,0.000000,0.000000
112297953,-85.1855,-477.8112,0.000000,0.000000,0.000000,0.000000
112298031,-85.1914,-477.8106,0.000000,0.000000,0.000000,0.000000
112298140,-85.1957,-477.8106,0.000000,0.000000,0.000000,0.000000
112298187,-85.1946,-477.8100,0.000000,0.000000,0.000000,0.000000
112298234,-85.2002,-477.8183,0.000000,0.000000,0.000000,0.000000
112298296,-85.2007,-477.9332,0.000000,0.000000,0.000000,0.000000
112298343,-85.2010,-478.1683,0.000000,0.000000,0.000000,0.000000
112298390,-85.2012,-478.4219,0.000000,0.000000,0.000000,0.000000
112298437,-85.2013,-478.8058,0.000000,0.000000,0.000000,0.000000
112298500,-85.2015,-479.2989,0.000000,0.000000,0.000000,0.000000
112298546,-85.2015,-479.7275,0.000000,0.000000,0.000000,0.000000
112298593,-85.2016,-480.4403,0.000000,0.000000,0.000000,0.000000
112298703,-85.2016,-481.2617,0.000000,0.000000,0.000000,0.000000
112298906,-85.2365,-482.1770,0.000000,0.000000,0.000000,0.000000
112298937,-85.3933,-482.8088,0.000000,0.000000,0.000000,0.000000
112298984,-85.9132,-484.2676,0.000000,0.000000,0.000000,0.000000
112299031,-86.6694,-486.3257,0.000000,0.000000,0.000000,0.000000
112299093,-87.3258,-487.9915,0.000000,0.000000,0.000000,0.000000
112299125,-87.9778,-489.7321,0.000000,0.000000,0.000000,0.000000
112299171,-88.5563,-491.1922,0.000000,0.000000,0.000000,0.000000
112299218,-89.0651,-492.5649,0.000000,0.000000,0.000000,0.000000
112299281,-89.5802,-493.8845,0.000000,0.000000,0.000000,0.000000
112299328,-90.0460,-494.8299,0.000000,0.000000,0.000000,0.000000
112299359,-90.4923,-495.4718,0.000000,0.000000,0.000000,0.000000
112299406,-90.9605,-496.0396,0.000000,0.000000,0.000000,0.000000
112299453,-91.4632,-496.5666,0.000000,0.000000,0.000000,0.000000
112299500,-91.9398,-496.9652,0.000000,0.000000,0.000000,0.000000
112299546,-92.3723,-497.2456,0.000000,0.000000,0.000000,0.000000
112299593,-92.8286,-497.5107,0.000000,0.000000,0.000000,0.000000
112299625,-93.2502,-497.7099,0.000000,0.000000,0.000000,0.000000
112299671,-93.6677,-497.8013,0.000000,0.000000,0.000000,0.000000
112299734,-94.3284,-497.8294,0.000000,0.000000,0.000000,0.000000
112299781,-95.0972,-497.7470,0.000000,0.000000,0.000000,0.000000
112299812,-96.0015,-497.4883,0.000000,0.000000,0.000000,0.000000
112299859,-96.9176,-497.1498,0.000000,0.000000,0.000000,0.000000
112299906,-97.9444,-496.7339,0.000000,0.000000,0.000000,0.000000
112299953,-99.1406,-496.2849,0.000000,0.000000,0.000000,0.000000
112300000,-99.9043,-495.8934,0.000000,0.000000,0.000000,0.000000
112300046,-100.1617,-495.3485,0.000000,0.000000,0.000000,0.000000
112300093,-100.1958,-494.7468,0.000000,0.000000,0.000000,0.000000
112300140,-100.1560,-494.4306,0.000000,0.000000,0.000000,0.000000
112300203,-100.1645,-494.3457,0.000000,0.000000,0.000000,0.000000
112300328,-100.1636,-494.2869,0.000000,0.000000,0.000000,0.000000
112300406,-96.4528,-494.1739,0.000000,0.000000,0.000000,0.000000
112300484,-88.0953,-494.1247,0.000000,0.000000,0.000000,0.000000
112300562,-85.2089,-494.0927,0.000000,0.000000,0.000000,0.000000
112300609,-85.1804,-494.0768,0.000000,0.000000,0.000000,0.000000
112300656,-85.1870,-494.0666,0.000000,0.000000,0.000000,0.000000
112300750,-85.1920,-494.0583,0.000000,0.000000,0.000000,0.000000
112300796,-85.1898,-494.0461,0.000000,0.000000,0.000000,0.000000
112300843,-86.4624,-493.9963,0.000000,0.000000,0.000000,0.000000
112300890,-87.3596,-493.8839,0.000000,0.000000,0.000000,0.000000
112300937,-88.6684,-493.7280,0.000000,0.000000,0.000000,0.000000
112300968,-90.2204,-493.5345,0.000000,0.000000,0.000000,0.000000
112301015,-92.0046,-493.3224,0.000000,0.000000,0.000000,0.000000
112301062,-93.7373,-493.1353,0.000000,0.000000,0.000000,0.000000
112301109,-95.4239,-492.9692,0.000000,0.000000,0.000000,0.000000
112301156,-97.1929,-492.8165,0.000000,0.000000,0.000000,0.000000
112301203,-98.7626,-492.6914,0.000000,0.000000,0.000000,0.000000
112301265,-99.9305,-492.5834,0.000000,0.000000,0.000000,0.000000
112301312,-100.1682,-492.5080,0.000000,0.000000,0.000000,0.000000
112301375,-100.1986,-492.4461,0.000000,0.000000,0.000000,0.000000
112301421,-100.1667,-492.4263,0.000000,0.000000,0.000000,0.000000
112301484,-100.1706,-492.4135,0.000000,0.000000,0.000000,0.000000
112301593,-100.1699,-492.3969,0.000000,0.000000,0.000000,0.000000
112301671,-96.6728,-492.3087,0.000000,0.000000,0.000000,0.000000
112301750,-87.5365,-492.2794,0.000000,0.000000,0.000000,0.000000
112301828,-85.2094,-492.2717,0.000000,0.000000,0.000000,0.000000
112301890,-85.1813,-492.2698,0.000000,0.000000,0.000000,0.000000
112301937,-85.1881,-492.2698,0.000000,0.000000,0.000000,0.000000
112302031,-85.1931,-492.2698,0.000000,0.000000,0.000000,0.000000
112302218,-85.1931,-492.2704,0.000000,0.000000,0.000000,0.000000
112302250,-85.2010,-492.2704,0.000000,0.000000,0.000000,0.000000
112302296,-85.2010,-492.2704,0.000000,0.000000,0.000000,0.000000
112302343,-85.3417,-492.2704,0.000000,0.000000,0.000000,0.000000
112302390,-85.7434,-492.2723,0.000000,0.000000,0.000000,0.000000
112302453,-86.5692,-492.2768,0.000000,0.000000,0.000000,0.000000
112302500,-87.7436,-492.2826,0.000000,0.000000,0.000000,0.000000
112302546,-88.8493,-492.2902,0.000000,0.000000,0.000000,0.000000
112302609,-90.3498,-492.3024,0.000000,0.000000,0.000000,0.000000
112302656,-91.7104,-492.3177,0.000000,0.000000,0.000000,0.000000
112302718,-93.2440,-492.3477,0.000000,0.000000,0.000000,0.000000
112302765,-94.8070,-492.3963,0.000000,0.000000,0.000000,0.000000
112302812,-96.1026,-492.4716,0.000000,0.000000,0.000000,0.000000
112302859,-97.5858,-492.5745,0.000000,0.000000,0.000000,0.000000
112302906,-99.0578,-492.7354,0.000000,0.000000,0.000000,0.000000
112302968,-100.0014,-492.9603,0.000000,0.000000,0.000000,0.000000
112303000,-100.1791,-493.1902,0.000000,0.000000,0.000000,0.000000
112303046,-100.1979,-493.4119,0.000000,0.000000,0.000000,0.000000
112303093,-100.1805,-493.5147,0.000000,0.000000,0.000000,0.000000
112303140,-100.1816,-493.5658,0.000000,0.000000,0.000000,0.000000
112303187,-100.1811,-493.5754,0.000000,0.000000,0.000000,0.000000
112303312,-100.1806,-493.5798,0.000000,0.000000,0.000000,0.000000
112303390,-96.4699,-493.5913,0.000000,0.000000,0.000000,0.000000
112303468,-87.4525,-493.5958,0.000000,0.000000,0.000000,0.000000
112303546,-85.2094,-493.5996,0.000000,0.000000,0.000000,0.000000
112303593,-85.1819,-493.6028,0.000000,0.000000,0.000000,0.000000
112303640,-85.1880,-493.6048,0.000000,0.000000,0.000000,0.000000
112303750,-85.1925,-493.6067,0.000000,0.000000,0.000000,0.000000
112303781,-85.1905,-493.6131,0.000000,0.000000,0.000000,0.000000
112303828,-85.4870,-493.6156,0.000000,0.000000,0.000000,0.000000
112303890,-85.7600,-493.6188,0.000000,0.000000,0.000000,0.000000
112303937,-86.1987,-493.6207,0.000000,0.000000,0.000000,0.000000
112303984,-86.6102,-493.6220,0.000000,0.000000,0.000000,0.000000
112304031,-87.0975,-493.6233,0.000000,0.000000,0.000000,0.000000
112304078,-87.6129,-493.6246,0.000000,0.000000,0.000000,0.000000
112304125,-88.0667,-493.6258,0.000000,0.000000,0.000000,0.000000
112304171,-88.4372,-493.6271,0.000000,0.000000,0.000000,0.000000
112304218,-88.7891,-493.6277,0.000000,0.000000,0.000000,0.000000
112304265,-89.2236,-493.6290,0.000000,0.000000,0.000000,0.000000
112304296,-89.5742,-493.6297,0.000000,0.000000,0.000000,0.000000
112304359,-89.9698,-493.6309,0.000000,0.000000,0.000000,0.000000
112304406,-90.3093,-493.6322,0.000000,0.000000,0.000000,0.000000
112304453,-90.7766,-493.6329,0.000000,0.000000,0.000000,0.000000
112304515,-91.3480,-493.6335,0.000000,0.000000,0.000000,0.000000
112304562,-91.9646,-493.6341,0.000000,0.000000,0.000000,0.000000
112304609,-92.6268,-493.6348,0.000000,0.000000,0.000000,0.000000
112304671,-93.3206,-493.6360,0.000000,0.000000,0.000000,0.000000
112304718,-94.0929,-493.6360,0.000000,0.000000,0.000000,0.000000
112304765,-94.7946,-493.6373,0.000000,0.000000,0.000000,0.000000
112304812,-95.5414,-493.6373,0.000000,0.000000,0.000000,0.000000
112304875,-96.4547,-493.6386,0.000000,0.000000,0.000000,0.000000
112304921,-97.3908,-493.6386,0.000000,0.000000,0.000000,0.000000
112304968,-98.2449,-493.6392,0.000000,0.000000,0.000000,0.000000
112305015,-99.1922,-493.6392,0.000000,0.000000,0.000000,0.000000
112305062,-100.0085,-493.6392,0.000000,0.000000,0.000000,0.000000
112305265,-100.2017,-493.6399,0.000000,0.000000,0.000000,0.000000
112305390,-100.0332,-493.6399,0.000000,0.000000,0.000000,0.000000
112305468,-95.8675,-493.6392,0.000000,0.000000,0.000000,0.000000
112305546,-86.5345,-493.6392,0.000000,0.000000,0.000000,0.000000
112305640,-85.2089,-493.6392,0.000000,0.000000,0.000000,0.000000
112305703,-85.1855,-493.6392,0.000000,0.000000,0.000000,0.000000
112305750,-85.1912,-493.6392,0.000000,0.000000,0.000000,0.000000
112305843,-85.1946,-493.6392,0.000000,0.000000,0.000000,0.000000
112305937,-85.1940,-493.6392,0.000000,0.000000,0.000000,0.000000
112306000,-85.2005,-493.6482,0.000000,0.000000,0.000000,0.000000
112306093,-85.2010,-493.6699,0.000000,0.000000,0.000000,0.000000
112306187,-85.2013,-493.7216,0.000000,0.000000,0.000000,0.000000
112306250,-85.2015,-493.7414,0.000000,0.000000,0.000000,0.000000
112306328,-85.2016,-493.7798,0.000000,0.000000,0.000000,0.000000
112306406,-85.2016,-493.8123,0.000000,0.000000,0.000000,0.000000
112306468,-85.2016,-493.8398,0.000000,0.000000,0.000000,0.000000
112306515,-85.2016,-493.8890,0.000000,0.000000,0.000000,0.000000
112306562,-85.2016,-493.9554,0.000000,0.000000,0.000000,0.000000
112306609,-85.2016,-494.0455,0.000000,0.000000,0.000000,0.000000
112306656,-85.3485,-494.1330,0.000000,0.000000,0.000000,0.000000
112306703,-85.7010,-494.2658,0.000000,0.000000,0.000000,0.000000
112306765,-86.1725,-494.3540,0.000000,0.000000,0.000000,0.000000
112306812,-86.7946,-494.4747,0.000000,0.000000,0.000000,0.000000
112306859,-87.5108,-494.5942,0.000000,0.000000,0.000000,0.000000
112306906,-88.2266,-494.7264,0.000000,0.000000,0.000000,0.000000
112306968,-89.0723,-494.8733,0.000000,0.000000,0.000000,0.000000
112307015,-89.6858,-494.9889,0.000000,0.000000,0.000000,0.000000
112307062,-90.3155,-495.1690,0.000000,0.000000,0.000000,0.000000
112307109,-90.8974,-495.3971,0.000000,0.000000,0.000000,0.000000
112307156,-91.3844,-495.6193,0.000000,0.000000,0.000000,0.000000
112307203,-91.9258,-495.8774,0.000000,0.000000,0.000000,0.000000
112307265,-92.3205,-496.0697,0.000000,0.000000,0.000000,0.000000
112307312,-92.7491,-496.2964,0.000000,0.000000,0.000000,0.000000
112307343,-93.1174,-496.5053,0.000000,0.000000,0.000000,0.000000
112307390,-93.4718,-496.6745,0.000000,0.000000,0.000000,0.000000
112307453,-93.9769,-496.9569,0.000000,0.000000,0.000000,0.000000
112307484,-94.3645,-497.2175,0.000000,0.000000,0.000000,0.000000
112307531,-94.7301,-497.5943,0.000000,0.000000,0.000000,0.000000
112307578,-95.0423,-498.0414,0.000000,0.000000,0.000000,0.000000
112307625,-95.3568,-498.6821,0.000000,0.000000,0.000000,0.000000
112307656,-95.6603,-499.3317,0.000000,0.000000,0.000000,0.000000
112307718,-95.9933,-499.9941,0.000000,0.000000,0.000000,0.000000
112307765,-96.2681,-500.5019,0.000000,0.000000,0.000000,0.000000
112307812,-96.6498,-501.0518,0.000000,0.000000,0.000000,0.000000
112307859,-97.1048,-501.5667,0.000000,0.000000,0.000000,0.000000
112307906,-97.6551,-502.1006,0.000000,0.000000,0.000000,0.000000
112308343,-98.3833,-502.7490,0.000000,0.000000,0.000000,0.000000
112308390,-98.7803,-502.9399,0.000000,0.000000,0.000000,0.000000
112308421,-99.6518,-503.2421,0.000000,0.000000,0.000000,0.000000
112308468,-100.1122,-503.5365,0.000000,0.000000,0.000000,0.000000
112308531,-100.1962,-503.8744,0.000000,0.000000,0.000000,0.000000
112308562,-100.1087,-503.9089,0.000000,0.000000,0.000000,0.000000
112308609,-100.1150,-503.9166,0.000000,0.000000,0.000000,0.000000
112308656,-100.1144,-503.9479,0.000000,0.000000,0.000000,0.000000
112308765,-100.1138,-504.0079,0.000000,0.000000,0.000000,0.000000
112308843,-97.3276,-504.0462,0.000000,0.000000,0.000000,0.000000
112308906,-88.6752,-504.0520,0.000000,0.000000,0.000000,0.000000
112308968,-85.2330,-504.0533,0.000000,0.000000,0.000000,0.000000
112309062,-85.1812,-504.0533,0.000000,0.000000,0.000000,0.000000
112309093,-85.1881,-504.0526,0.000000,0.000000,0.000000,0.000000
112309140,-85.1922,-504.0526,0.000000,0.000000,0.000000,0.000000
112309234,-85.1951,-504.0526,0.000000,0.000000,0.000000,0.000000
112309281,-85.1936,-504.0514,0.000000,0.000000,0.000000,0.000000
112309328,-85.3586,-504.0514,0.000000,0.000000,0.000000,0.000000
112309359,-85.4332,-504.0520,0.000000,0.000000,0.000000,0.000000
112309421,-85.7117,-504.0558,0.000000,0.000000,0.000000,0.000000
112309468,-86.0371,-504.0654,0.000000,0.000000,0.000000,0.000000
112309500,-86.4135,-504.0775,0.000000,0.000000,0.000000,0.000000
112309546,-86.7356,-504.0884,0.000000,0.000000,0.000000,0.000000
112309593,-87.0793,-504.0986,0.000000,0.000000,0.000000,0.000000
112309640,-87.4680,-504.1108,0.000000,0.000000,0.000000,0.000000
112309671,-87.7467,-504.1171,0.000000,0.000000,0.000000,0.000000
112309718,-88.0587,-504.1223,0.000000,0.000000,0.000000,0.000000
112309765,-88.3962,-504.1286,0.000000,0.000000,0.000000,0.000000
112309796,-88.6726,-504.1363,0.000000,0.000000,0.000000,0.000000
112309859,-88.9591,-504.1497,0.000000,0.000000,0.000000,0.000000
112309906,-89.2413,-504.1657,0.000000,0.000000,0.000000,0.000000
112309953,-89.5265,-504.1823,0.000000,0.000000,0.000000,0.000000
112309984,-89.8575,-504.1919,0.000000,0.000000,0.000000,0.000000
112310031,-90.2235,-504.1963,0.000000,0.000000,0.000000,0.000000
112310062,-90.6871,-504.2002,0.000000,0.000000,0.000000,0.000000
112310109,-91.1397,-504.2034,0.000000,0.000000,0.000000,0.000000
112310156,-91.6674,-504.2059,0.000000,0.000000,0.000000,0.000000
112310187,-92.1116,-504.2078,0.000000,0.000000,0.000000,0.000000
112310234,-92.6552,-504.2098,0.000000,0.000000,0.000000,0.000000
112310281,-93.2147,-504.2123,0.000000,0.000000,0.000000,0.000000
112310343,-93.7182,-504.2142,0.000000,0.000000,0.000000,0.000000
112310390,-94.3304,-504.2161,0.000000,0.000000,0.000000,0.000000
112310437,-95.0060,-504.2181,0.000000,0.000000,0.000000,0.000000
112310500,-95.8083,-504.2187,0.000000,0.000000,0.000000,0.000000
112310546,-96.6667,-504.2181,0.000000,0.000000,0.000000,0.000000
112310593,-97.5096,-504.2104,0.000000,0.000000,0.000000,0.000000
112310656,-98.4785,-504.1293,0.000000,0.000000,0.000000,0.000000
112310703,-99.4278,-503.9894,0.000000,0.000000,0.000000,0.000000
112310765,-100.0457,-503.7927,0.000000,0.000000,0.000000,0.000000
112310828,-100.1906,-503.5627,0.000000,0.000000,0.000000,0.000000
112310875,-100.0507,-503.4567,0.000000,0.000000,0.000000,0.000000
112310937,-100.0479,-503.4439,0.000000,0.000000,0.000000,0.000000
112311062,-100.0471,-503.4350,0.000000,0.000000,0.000000,0.000000
112311296,-85.2089,-503.3928,0.000000,0.000000,0.000000,0.000000
112311343,-85.1824,-503.3813,0.000000,0.000000,0.000000,0.000000
112311406,-85.1888,-503.3737,0.000000,0.000000,0.000000,0.000000
112311515,-85.1934,-503.3673,0.000000,0.000000,0.000000,0.000000
112311562,-85.1920,-503.3545,0.000000,0.000000,0.000000,0.000000
112311609,-85.5849,-503.3455,0.000000,0.000000,0.000000,0.000000
112311656,-86.0354,-503.3328,0.000000,0.000000,0.000000,0.000000
112311703,-86.6105,-503.3238,0.000000,0.000000,0.000000,0.000000
112311750,-87.3700,-503.3155,0.000000,0.000000,0.000000,0.000000
112311796,-88.2400,-503.3091,0.000000,0.000000,0.000000,0.000000
112311859,-89.1976,-503.3053,0.000000,0.000000,0.000000,0.000000
112311906,-90.1418,-503.3015,0.000000,0.000000,0.000000,0.000000
112311953,-90.9343,-503.3002,0.000000,0.000000,0.000000,0.000000
112312000,-91.7869,-503.3002,0.000000,0.000000,0.000000,0.000000
112312046,-92.6194,-503.3002,0.000000,0.000000,0.000000,0.000000
112312093,-93.4561,-503.3002,0.000000,0.000000,0.000000,0.000000
112312156,-94.4050,-503.2996,0.000000,0.000000,0.000000,0.000000
112312203,-95.3241,-503.2996,0.000000,0.000000,0.000000,0.000000
112312250,-96.1383,-503.2996,0.000000,0.000000,0.000000,0.000000
112312296,-97.1253,-503.2996,0.000000,0.000000,0.000000,0.000000
112312359,-98.1803,-503.2996,0.000000,0.000000,0.000000,0.000000
112312406,-99.3532,-503.3002,0.000000,0.000000,0.000000,0.000000
112312453,-100.0287,-503.3002,0.000000,0.000000,0.000000,0.000000
112312500,-100.1789,-503.3002,0.000000,0.000000,0.000000,0.000000
112312546,-100.0539,-503.3002,0.000000,0.000000,0.000000,0.000000
112312593,-100.0310,-503.3002,0.000000,0.000000,0.000000,0.000000
112312734,-100.0302,-503.3008,0.000000,0.000000,0.000000,0.000000
112312812,-95.4309,-503.3008,0.000000,0.000000,0.000000,0.000000
112312890,-86.3524,-503.3008,0.000000,0.000000,0.000000,0.000000
112312984,-85.2083,-503.3008,0.000000,0.000000,0.000000,0.000000
112313031,-85.1841,-503.3008,0.000000,0.000000,0.000000,0.000000
112313078,-85.1905,-503.3008,0.000000,0.000000,0.000000,0.000000
112313171,-85.1939,-503.3008,0.000000,0.000000,0.000000,0.000000
112313234,-85.1923,-503.3015,0.000000,0.000000,0.000000,0.000000
112313281,-85.1996,-503.3015,0.000000,0.000000,0.000000,0.000000
112313328,-85.2004,-503.3015,0.000000,0.000000,0.000000,0.000000
112313390,-85.2009,-503.3015,0.000000,0.000000,0.000000,0.000000
112313437,-85.2012,-503.3015,0.000000,0.000000,0.000000,0.000000
112313468,-85.2013,-503.3015,0.000000,0.000000,0.000000,0.000000
112313515,-85.2015,-503.3015,0.000000,0.000000,0.000000,0.000000
112313546,-85.2015,-503.3015,0.000000,0.000000,0.000000,0.000000
112313593,-85.2015,-503.3015,0.000000,0.000000,0.000000,0.000000
112313640,-85.2016,-503.3015,0.000000,0.000000,0.000000,0.000000
112313687,-85.2016,-503.3015,0.000000,0.000000,0.000000,0.000000
112313734,-85.2016,-503.3021,0.000000,0.000000,0.000000,0.000000
112313781,-85.2016,-503.3021,0.000000,0.000000,0.000000,0.000000
112313828,-85.2016,-503.3021,0.000000,0.000000,0.000000,0.000000
112313875,-85.2016,-503.3021,0.000000,0.000000,0.000000,0.000000
112313906,-85.2016,-503.3021,0.000000,0.000000,0.000000,0.000000
112313953,-85.2016,-503.3021,0.000000,0.000000,0.000000,0.000000
112313984,-85.2016,-503.3021,0.000000,0.000000,0.000000,0.000000
112314031,-85.2016,-503.3021,0.000000,0.000000,0.000000,0.000000
112314078,-85.2016,-503.3021,0.000000,0.000000,0.000000,0.000000
112314109,-85.2016,-503.3021,0.000000,0.000000,0.000000,0.000000
112314156,-85.2016,-503.3021,0.000000,0.000000,0.000000,0.000000
112314187,-85.2016,-503.3021,0.000000,0.000000,0.000000,0.000000
112314250,-85.2016,-503.3028,0.000000,0.000000,0.000000,0.000000
112314296,-85.2016,-503.3028,0.000000,0.000000,0.000000,0.000000
112314343,-85.2016,-503.3028,0.000000,0.000000,0.000000,0.000000
112314375,-85.2016,-503.3028,0.000000,0.000000,0.000000,0.000000
112314421,-85.2016,-503.3028,0.000000,0.000000,0.000000,0.000000
112314484,-85.2016,-503.3028,0.000000,0.000000,0.000000,0.000000
112314515,-85.2016,-503.3028,0.000000,0.000000,0.000000,0.000000
112314562,-85.2016,-503.3028,0.000000,0.000000,0.000000,0.000000
112314609,-85.2016,-503.3028,0.000000,0.000000,0.000000,0.000000
112314640,-85.2016,-503.3028,0.000000,0.000000,0.000000,0.000000
112314687,-85.2016,-503.3028,0.000000,0.000000,0.000000,0.000000
112314734,-85.2016,-503.3028,0.000000,0.000000,0.000000,0.000000
112314781,-85.2016,-503.3028,0.000000,0.000000,0.000000,0.000000
112314812,-85.2016,-503.3028,0.000000,0.000000,0.000000,0.000000
112314859,-85.2016,-503.3034,0.000000,0.000000,0.000000,0.000000
112314906,-85.2016,-503.3034,0.000000,0.000000,0.000000,0.000000
112314937,-85.2016,-503.3034,0.000000,0.000000,0.000000,0.000000
112314984,-85.2016,-503.3034,0.000000,0.000000,0.000000,0.000000
112315015,-85.2016,-503.3034,0.000000,0.000000,0.000000,0.000000
112315171,-85.2016,-503.3034,0.000000,0.000000,0.000000,0.000000
112315375,-85.2016,-503.3034,0.000000,0.000000,0.000000,0.000000
112315421,-85.2016,-503.3034,0.000000,0.000000,0.000000,0.000000
112315468,-85.2016,-503.3034,0.000000,0.000000,0.000000,0.000000
112315515,-85.2016,-503.3034,0.000000,0.000000,0.000000,0.000000
112315546,-85.2016,-503.3034,0.000000,0.000000,0.000000,0.000000
112315609,-85.2016,-503.3034,0.000000,0.000000,0.000000,0.000000
112315640,-85.2016,-503.3034,0.000000,0.000000,0.000000,0.000000
112315687,-85.2016,-503.3034,0.000000,0.000000,0.000000,0.000000
112315734,-85.2016,-503.3040,0.000000,0.000000,0.000000,0.000000
112315765,-85.2016,-503.3040,0.000000,0.000000,0.000000,0.000000
112315828,-85.2016,-503.3040,0.000000,0.000000,0.000000,0.000000
112315875,-85.2016,-503.3040,0.000000,0.000000,0.000000,0.000000
112315906,-85.2016,-503.3040,0.000000,0.000000,0.000000,0.000000
112315953,-85.2016,-503.3040,0.000000,0.000000,0.000000,0.000000
112315984,-85.2016,-503.3040,0.000000,0.000000,0.000000,0.000000
112316031,-85.2016,-503.3040,0.000000,0.000000,0.000000,0.000000
112316062,-85.2016,-503.3040,0.000000,0.000000,0.000000,0.000000
112316109,-85.2016,-503.3040,0.000000,0.000000,0.000000,0.000000
112316140,-85.2016,-503.3040,0.000000,0.000000,0.000000,0.000000
112316187,-85.2016,-503.3040,0.000000,0.000000,0.000000,0.000000
112316250,-85.2016,-503.3040,0.000000,0.000000,0.000000,0.000000
112316296,-85.2016,-503.3040,0.000000,0.000000,0.000000,0.000000
112316343,-85.2016,-503.3040,0.000000,0.000000,0.000000,0.000000
112316390,-85.2016,-503.3040,0.000000,0.000000,0.000000,0.000000
112316453,-85.2016,-503.3040,0.000000,0.000000,0.000000,0.000000
112316500,-85.2016,-503.3040,0.000000,0.000000,0.000000,0.000000
112316546,-85.2016,-503.3040,0.000000,0.000000,0.000000,0.000000
112316593,-85.2016,-503.3040,0.000000,0.000000,0.000000,0.000000
112316640,-85.2016,-503.3040,0.000000,0.000000,0.000000,0.000000
112316687,-85.2016,-503.3040,0.000000,0.000000,0.000000,0.000000
112316750,-85.2016,-503.3040,0.000000,0.000000,0.000000,0.000000
112316796,-85.2016,-503.3040,0.000000,0.000000,0.000000,0.000000
112316843,-85.2016,-503.3040,0.000000,0.000000,0.000000,0.000000
112316890,-85.2016,-503.3040,0.000000,0.000000,0.000000,0.000000
112316937,-85.2016,-503.3040,0.000000,0.000000,0.000000,0.000000
112317000,-85.2016,-503.3040,0.000000,0.000000,0.000000,0.000000
112317046,-85.2016,-503.3040,0.000000,0.000000,0.000000,0.000000
112317093,-85.2016,-503.3040,0.000000,0.000000,0.000000,0.000000
112317156,-85.2016,-503.3040,0.000000,0.000000,0.000000,0.000000
112317218,-85.2016,-503.3040,0.000000,0.000000,0.000000,0.000000
112317296,-85.2016,-503.3040,0.000000,0.000000,0.000000,0.000000
112317437,-85.2016,-503.3047,0.000000,0.000000,0.000000,0.000000
112317500,-85.2016,-503.3047,0.000000,0.000000,0.000000,0.000000
112317562,-85.2016,-503.3047,0.000000,0.000000,0.000000,0.000000
112317609,-85.2016,-503.3047,0.000000,0.000000,0.000000,0.000000
112317796,-85.2016,-503.3047,0.000000,0.000000,0.000000,0.000000
112317843,-85.2016,-503.3047,0.000000,0.000000,0.000000,0.000000
112317906,-85.2016,-503.3047,0.000000,0.000000,0.000000,0.000000
112317937,-85.2342,-503.3047,0.000000,0.000000,0.000000,0.000000
112318000,-85.4913,-503.3028,0.000000,0.000000,0.000000,0.000000
112318046,-85.9745,-503.3040,0.000000,0.000000,0.000000,0.000000
112318093,-86.3426,-503.3200,0.000000,0.000000,0.000000,0.000000
112318140,-86.6448,-503.3494,0.000000,0.000000,0.000000,0.000000
112318187,-86.9067,-503.3839,0.000000,0.000000,0.000000,0.000000
112318234,-87.1820,-503.4030,0.000000,0.000000,0.000000,0.000000
112318296,-87.5716,-503.4139,0.000000,0.000000,0.000000,0.000000
112318343,-88.0480,-503.4311,0.000000,0.000000,0.000000,0.000000
112318390,-88.5898,-503.5027,0.000000,0.000000,0.000000,0.000000
112318437,-89.1081,-503.6477,0.000000,0.000000,0.000000,0.000000
112318484,-89.6005,-503.7441,0.000000,0.000000,0.000000,0.000000
112318562,-90.1074,-503.8731,0.000000,0.000000,0.000000,0.000000
112318609,-90.6941,-503.9460,0.000000,0.000000,0.000000,0.000000
112318640,-91.3196,-504.0284,0.000000,0.000000,0.000000,0.000000
112318703,-92.0476,-504.0712,0.000000,0.000000,0.000000,0.000000
112318750,-92.8342,-504.1095,0.000000,0.000000,0.000000,0.000000
112318796,-93.5340,-504.1395,0.000000,0.000000,0.000000,0.000000
112318843,-94.1708,-504.1874,0.000000,0.000000,0.000000,0.000000
112318890,-94.8397,-504.2225,0.000000,0.000000,0.000000,0.000000
112318937,-95.4846,-504.2411,0.000000,0.000000,0.000000,0.000000
112318984,-96.1171,-504.2596,0.000000,0.000000,0.000000,0.000000
112319031,-96.8510,-504.2871,0.000000,0.000000,0.000000,0.000000
112319078,-97.3853,-504.3075,0.000000,0.000000,0.000000,0.000000
112319125,-97.9293,-504.3228,0.000000,0.000000,0.000000,0.000000
112319171,-98.5194,-504.3362,0.000000,0.000000,0.000000,0.000000
112319218,-99.0254,-504.3528,0.000000,0.000000,0.000000,0.000000
112319281,-99.4300,-504.3758,0.000000,0.000000,0.000000,0.000000
112319312,-99.7479,-504.3937,0.000000,0.000000,0.000000,0.000000
112319359,-99.9751,-504.4020,0.000000,0.000000,0.000000,0.000000
112319390,-100.1319,-504.4071,0.000000,0.000000,0.000000,0.000000
112319437,-100.1887,-504.4103,0.000000,0.000000,0.000000,0.000000
112319500,-100.1378,-504.4148,0.000000,0.000000,0.000000,0.000000
112319531,-100.1350,-504.4180,0.000000,0.000000,0.000000,0.000000
112319578,-100.1343,-504.4212,0.000000,0.000000,0.000000,0.000000
112319703,-100.1335,-504.4327,0.000000,0.000000,0.000000,0.000000
112319765,-96.6371,-504.4978,0.000000,0.000000,0.000000,0.000000
112319843,-88.3779,-504.5093,0.000000,0.000000,0.000000,0.000000
112319906,-85.2185,-504.5151,0.000000,0.000000,0.000000,0.000000
112319984,-85.1822,-504.5157,0.000000,0.000000,0.000000,0.000000
112320031,-85.1880,-504.5157,0.000000,0.000000,0.000000,0.000000
112320062,-85.1922,-504.5157,0.000000,0.000000,0.000000,0.000000
112320171,-85.1953,-504.5157,0.000000,0.000000,0.000000,0.000000
112320203,-85.1940,-504.5157,0.000000,0.000000,0.000000,0.000000
112320296,-85.2002,-504.5164,0.000000,0.000000,0.000000,0.000000
112320343,-85.2007,-504.5234,0.000000,0.000000,0.000000,0.000000
112320390,-85.2009,-504.5362,0.000000,0.000000,0.000000,0.000000
112320453,-85.2012,-504.5381,0.000000,0.000000,0.000000,0.000000
112320484,-85.2013,-504.5374,0.000000,0.000000,0.000000,0.000000
112320562,-85.2015,-504.4889,0.000000,0.000000,0.000000,0.000000
112320593,-85.2015,-504.4314,0.000000,0.000000,0.000000,0.000000
112320640,-85.2016,-504.3452,0.000000,0.000000,0.000000,0.000000
112320750,-85.2016,-504.2091,0.000000,0.000000,0.000000,0.000000
112320812,-85.2016,-504.1223,0.000000,0.000000,0.000000,0.000000
112320875,-85.2016,-504.0743,0.000000,0.000000,0.000000,0.000000
112320921,-85.2016,-504.0386,0.000000,0.000000,0.000000,0.000000
112320968,-85.2016,-504.0111,0.000000,0.000000,0.000000,0.000000
112321015,-85.2016,-503.9785,0.000000,0.000000,0.000000,0.000000
112321062,-85.2509,-503.9351,0.000000,0.000000,0.000000,0.000000
112321093,-85.3691,-503.8923,0.000000,0.000000,0.000000,0.000000
112321171,-85.6123,-503.8687,0.000000,0.000000,0.000000,0.000000
112321234,-85.8709,-503.8636,0.000000,0.000000,0.000000,0.000000
112321328,-86.3471,-503.8597,0.000000,0.000000,0.000000,0.000000
112321406,-87.0125,-503.8591,0.000000,0.000000,0.000000,0.000000
112321500,-88.1503,-503.8597,0.000000,0.000000,0.000000,0.000000
112321578,-89.2212,-503.8623,0.000000,0.000000,0.000000,0.000000
112321640,-90.1862,-503.8668,0.000000,0.000000,0.000000,0.000000
112321687,-91.0168,-503.8725,0.000000,0.000000,0.000000,0.000000
112321718,-91.7957,-503.8789,0.000000,0.000000,0.000000,0.000000
112321765,-92.4395,-503.8878,0.000000,0.000000,0.000000,0.000000
112321812,-92.9439,-503.8993,0.000000,0.000000,0.000000,0.000000
112321843,-93.3341,-503.9115,0.000000,0.000000,0.000000,0.000000
112321906,-93.7043,-503.9306,0.000000,0.000000,0.000000,0.000000
112321953,-93.9729,-503.9536,0.000000,0.000000,0.000000,0.000000
112322000,-94.1789,-503.9734,0.000000,0.000000,0.000000,0.000000
112322046,-94.5418,-504.0086,0.000000,0.000000,0.000000,0.000000
112322078,-94.9622,-504.0360,0.000000,0.000000,0.000000,0.000000
112322125,-95.4818,-504.0597,0.000000,0.000000,0.000000,0.000000
112322171,-96.0527,-504.0833,0.000000,0.000000,0.000000,0.000000
112322203,-96.6799,-504.1152,0.000000,0.000000,0.000000,0.000000
112322250,-97.2807,-504.1414,0.000000,0.000000,0.000000,0.000000
112322296,-97.8208,-504.1753,0.000000,0.000000,0.000000,0.000000
112322375,-98.3557,-504.2066,0.000000,0.000000,0.000000,0.000000
112322421,-98.7451,-504.2187,0.000000,0.000000,0.000000,0.000000
112322468,-99.1882,-504.2302,0.000000,0.000000,0.000000,0.000000
112322515,-99.7140,-504.2443,0.000000,0.000000,0.000000,0.000000
112322562,-100.0907,-504.2609,0.000000,0.000000,0.000000,0.000000
112322625,-100.1934,-504.2864,0.000000,0.000000,0.000000,0.000000
112322671,-100.0854,-504.2922,0.000000,0.000000,0.000000,0.000000
112322718,-100.0935,-504.2966,0.000000,0.000000,0.000000,0.000000
112322859,-100.0926,-504.3037,0.000000,0.000000,0.000000,0.000000
112322937,-95.4892,-504.3324,0.000000,0.000000,0.000000,0.000000
112323046,-86.4343,-504.3375,0.000000,0.000000,0.000000,0.000000
112323125,-85.1808,-504.3407,0.000000,0.000000,0.000000,0.000000
112323171,-85.1872,-504.3420,0.000000,0.000000,0.000000,0.000000
112323218,-85.1920,-504.3426,0.000000,0.000000,0.000000,0.000000
112323328,-85.1953,-504.3433,0.000000,0.000000,0.000000,0.000000
112323375,-85.1940,-504.3452,0.000000,0.000000,0.000000,0.000000
112323421,-85.5089,-504.3465,0.000000,0.000000,0.000000,0.000000
112323765,-85.8910,-504.3477,0.000000,0.000000,0.000000,0.000000
112323828,-86.2657,-504.3484,0.000000,0.000000,0.000000,0.000000
112323875,-87.6729,-504.3599,0.000000,0.000000,0.000000,0.000000
112323953,-90.0055,-504.3867,0.000000,0.000000,0.000000,0.000000
112324000,-91.4758,-504.4033,0.000000,0.000000,0.000000,0.000000
112324046,-93.2908,-504.4269,0.000000,0.000000,0.000000,0.000000
112324109,-94.5480,-504.4755,0.000000,0.000000,0.000000,0.000000
112324156,-96.0235,-504.6390,0.000000,0.000000,0.000000,0.000000
112324203,-97.2432,-505.0152,0.000000,0.000000,0.000000,0.000000
112324265,-98.5377,-505.5217,0.000000,0.000000,0.000000,0.000000
112324312,-99.7448,-506.0742,0.000000,0.000000,0.000000,0.000000
112324375,-100.1679,-506.6555,0.000000,0.000000,0.000000,0.000000
112324421,-100.1972,-506.9947,0.000000,0.000000,0.000000,0.000000
112324484,-100.1701,-507.1409,0.000000,0.000000,0.000000,0.000000
112324531,-100.1696,-507.1665,0.000000,0.000000,0.000000,0.000000
112324671,-100.1692,-507.1761,0.000000,0.000000,0.000000,0.000000
112324750,-95.7928,-507.2227,0.000000,0.000000,0.000000,0.000000
112324828,-86.8003,-507.2642,0.000000,0.000000,0.000000,0.000000
112324921,-85.2085,-507.3032,0.000000,0.000000,0.000000,0.000000
112324968,-85.1850,-507.3051,0.000000,0.000000,0.000000,0.000000
112325015,-85.1905,-507.3051,0.000000,0.000000,0.000000,0.000000
112325125,-85.1943,-507.3051,0.000000,0.000000,0.000000,0.000000
112325171,-85.1931,-507.3070,0.000000,0.000000,0.000000,0.000000
112325234,-85.4858,-507.3070,0.000000,0.000000,0.000000,0.000000
112325281,-85.7758,-507.3070,0.000000,0.000000,0.000000,0.000000
112325328,-86.2198,-507.3070,0.000000,0.000000,0.000000,0.000000
112325375,-86.7560,-507.3070,0.000000,0.000000,0.000000,0.000000
112325421,-87.3808,-507.3070,0.000000,0.000000,0.000000,0.000000
112325484,-88.0187,-507.3070,0.000000,0.000000,0.000000,0.000000
112325531,-88.7007,-507.3070,0.000000,0.000000,0.000000,0.000000
112325593,-89.3901,-507.3070,0.000000,0.000000,0.000000,0.000000
112325656,-90.3609,-507.3064,0.000000,0.000000,0.000000,0.000000
112325718,-90.9410,-507.3064,0.000000,0.000000,0.000000,0.000000
112325781,-91.6339,-507.3064,0.000000,0.000000,0.000000,0.000000
112325843,-92.4395,-507.3057,0.000000,0.000000,0.000000,0.000000
112325890,-93.1419,-507.3057,0.000000,0.000000,0.000000,0.000000
112325937,-93.9713,-507.3051,0.000000,0.000000,0.000000,0.000000
112325984,-94.7699,-507.3051,0.000000,0.000000,0.000000,0.000000
112326046,-95.6215,-507.3045,0.000000,0.000000,0.000000,0.000000
112326093,-96.4187,-507.3032,0.000000,0.000000,0.000000,0.000000
112326140,-97.1850,-507.3025,0.000000,0.000000,0.000000,0.000000
112326187,-97.9420,-507.2834,0.000000,0.000000,0.000000,0.000000
112326234,-98.8222,-507.2342,0.000000,0.000000,0.000000,0.000000
112326296,-99.7478,-507.1901,0.000000,0.000000,0.000000,0.000000
112326328,-100.1099,-507.1678,0.000000,0.000000,0.000000,0.000000
112326390,-100.1907,-507.1422,0.000000,0.000000,0.000000,0.000000
112326453,-100.1130,-507.1269,0.000000,0.000000,0.000000,0.000000
112326562,-100.1115,-507.1148,0.000000,0.000000,0.000000,0.000000
112326781,-100.1104,-507.1077,0.000000,0.000000,0.000000,0.000000
112326890,-89.8929,-507.1039,0.000000,0.000000,0.000000,0.000000
112326968,-85.2236,-507.1013,0.000000,0.000000,0.000000,0.000000
112327046,-85.1824,-507.0994,0.000000,0.000000,0.000000,0.000000
112327109,-85.1895,-507.0969,0.000000,0.000000,0.000000,0.000000
112327156,-85.1936,-507.0956,0.000000,0.000000,0.000000,0.000000
112327250,-85.1967,-507.0924,0.000000,0.000000,0.000000,0.000000
112327296,-85.1956,-507.0854,0.000000,0.000000,0.000000,0.000000
112327343,-85.2002,-507.0847,0.000000,0.000000,0.000000,0.000000
112327390,-85.2007,-507.1033,0.000000,0.000000,0.000000,0.000000
112327437,-85.2010,-507.1480,0.000000,0.000000,0.000000,0.000000
112327484,-85.2012,-507.1908,0.000000,0.000000,0.000000,0.000000
112327531,-85.2013,-507.2285,0.000000,0.000000,0.000000,0.000000
112327562,-85.2015,-507.2712,0.000000,0.000000,0.000000,0.000000
112327609,-85.2015,-507.3211,0.000000,0.000000,0.000000,0.000000
112327671,-85.2016,-507.3575,0.000000,0.000000,0.000000,0.000000
112327718,-85.2016,-507.3747,0.000000,0.000000,0.000000,0.000000
112327765,-85.2016,-507.3913,0.000000,0.000000,0.000000,0.000000
112327796,-85.2016,-507.4130,0.000000,0.000000,0.000000,0.000000
112327843,-85.2547,-507.4341,0.000000,0.000000,0.000000,0.000000
112327890,-85.4374,-507.4929,0.000000,0.000000,0.000000,0.000000
112327937,-85.7195,-507.5331,0.000000,0.000000,0.000000,0.000000
112327984,-86.0706,-507.5485,0.000000,0.000000,0.000000,0.000000
112328031,-86.4751,-507.5587,0.000000,0.000000,0.000000,0.000000
112328062,-86.9236,-507.5715,0.000000,0.000000,0.000000,0.000000
112328125,-87.3431,-507.5868,0.000000,0.000000,0.000000,0.000000
112328171,-87.7616,-507.6091,0.000000,0.000000,0.000000,0.000000
112328218,-88.0952,-507.6315,0.000000,0.000000,0.000000,0.000000
112328250,-88.4640,-507.6832,0.000000,0.000000,0.000000,0.000000
112328296,-88.8193,-507.7279,0.000000,0.000000,0.000000,0.000000
112328343,-89.2812,-507.7541,0.000000,0.000000,0.000000,0.000000
112328390,-89.7812,-507.7631,0.000000,0.000000,0.000000,0.000000
112328437,-90.3215,-507.7682,0.000000,0.000000,0.000000,0.000000
112328500,-90.8543,-507.7720,0.000000,0.000000,0.000000,0.000000
112328531,-91.4514,-507.7765,0.000000,0.000000,0.000000,0.000000
112328593,-92.1028,-507.7803,0.000000,0.000000,0.000000,0.000000
112328640,-92.6571,-507.7842,0.000000,0.000000,0.000000,0.000000
112328687,-93.2463,-507.7893,0.000000,0.000000,0.000000,0.000000
112328734,-93.8156,-507.7950,0.000000,0.000000,0.000000,0.000000
112328781,-94.3070,-507.8040,0.000000,0.000000,0.000000,0.000000
112328843,-94.7037,-507.8103,0.000000,0.000000,0.000000,0.000000
112328875,-95.0345,-507.8148,0.000000,0.000000,0.000000,0.000000
112328921,-95.3484,-507.8218,0.000000,0.000000,0.000000,0.000000
112328984,-95.6205,-507.8295,0.000000,0.000000,0.000000,0.000000
112329015,-95.8317,-507.8384,0.000000,0.000000,0.000000,0.000000
112329093,-96.0068,-507.8525,0.000000,0.000000,0.000000,0.000000
112329140,-96.1868,-507.8806,0.000000,0.000000,0.000000,0.000000
112329187,-96.5034,-507.9221,0.000000,0.000000,0.000000,0.000000
112329234,-96.9910,-507.9573,0.000000,0.000000,0.000000,0.000000
112329281,-97.5087,-507.9790,0.000000,0.000000,0.000000,0.000000
112329375,-98.1343,-508.0039,0.000000,0.000000,0.000000,0.000000
112329421,-98.5230,-508.0192,0.000000,0.000000,0.000000,0.000000
112329484,-99.1245,-508.0467,0.000000,0.000000,0.000000,0.000000
112329531,-99.7262,-508.0978,0.000000,0.000000,0.000000,0.000000
112329578,-100.1144,-508.1610,0.000000,0.000000,0.000000,0.000000
112329640,-100.1957,-508.2102,0.000000,0.000000,0.000000,0.000000
112329687,-100.1183,-508.2211,0.000000,0.000000,0.000000,0.000000
112329937,-100.1150,-508.2664,0.000000,0.000000,0.000000,0.000000
112330078,-100.1147,-508.2785,0.000000,0.000000,0.000000,0.000000
112330140,-95.1604,-508.2843,0.000000,0.000000,0.000000,0.000000
112330218,-86.5708,-508.2862,0.000000,0.000000,0.000000,0.000000
112330312,-85.2083,-508.2862,0.000000,0.000000,0.000000,0.000000
112330359,-85.1838,-508.2862,0.000000,0.000000,0.000000,0.000000
112330406,-85.1889,-508.2862,0.000000,0.000000,0.000000,0.000000
112330500,-85.1933,-508.2862,0.000000,0.000000,0.000000,0.000000
112330578,-85.1920,-508.2856,0.000000,0.000000,0.000000,0.000000
112330625,-85.4433,-508.2856,0.000000,0.000000,0.000000,0.000000
112330671,-85.7702,-508.2856,0.000000,0.000000,0.000000,0.000000
112330718,-86.2563,-508.2849,0.000000,0.000000,0.000000,0.000000
112330781,-86.6794,-508.2849,0.000000,0.000000,0.000000,0.000000
112330828,-87.3193,-508.2888,0.000000,0.000000,0.000000,0.000000
112330890,-87.9683,-508.3373,0.000000,0.000000,0.000000,0.000000
112330937,-88.7032,-508.4216,0.000000,0.000000,0.000000,0.000000
112330984,-89.3485,-508.5040,0.000000,0.000000,0.000000,0.000000
112331031,-89.9906,-508.6024,0.000000,0.000000,0.000000,0.000000
112331093,-90.7051,-508.6944,0.000000,0.000000,0.000000,0.000000
112331156,-91.2836,-508.7493,0.000000,0.000000,0.000000,0.000000
112331203,-91.8633,-508.8406,0.000000,0.000000,0.000000,0.000000
112331234,-92.3736,-508.8732,0.000000,0.000000,0.000000,0.000000
112331281,-92.8460,-508.8988,0.000000,0.000000,0.000000,0.000000
112331328,-93.3445,-508.9243,0.000000,0.000000,0.000000,0.000000
112331375,-93.7285,-508.9518,0.000000,0.000000,0.000000,0.000000
112331421,-94.1286,-508.9837,0.000000,0.000000,0.000000,0.000000
112331468,-94.5771,-509.0169,0.000000,0.000000,0.000000,0.000000
112331515,-94.9618,-509.0425,0.000000,0.000000,0.000000,0.000000
112331578,-95.3621,-509.0552,0.000000,0.000000,0.000000,0.000000
112331625,-95.6170,-509.0597,0.000000,0.000000,0.000000,0.000000
112331656,-95.8354,-509.0616,0.000000,0.000000,0.000000,0.000000
112331703,-96.0507,-509.0636,0.000000,0.000000,0.000000,0.000000
112331750,-96.2382,-509.0648,0.000000,0.000000,0.000000,0.000000
112331796,-96.4218,-509.0655,0.000000,0.000000,0.000000,0.000000
112331843,-96.5840,-509.0661,0.000000,0.000000,0.000000,0.000000
112331875,-96.7748,-509.0667,0.000000,0.000000,0.000000,0.000000
112331921,-96.9560,-509.0674,0.000000,0.000000,0.000000,0.000000
112331968,-97.2036,-509.0680,0.000000,0.000000,0.000000,0.000000
112332015,-97.4612,-509.0687,0.000000,0.000000,0.000000,0.000000
112332046,-97.7072,-509.0687,0.000000,0.000000,0.000000,0.000000
112332093,-97.9349,-509.0693,0.000000,0.000000,0.000000,0.000000
112332140,-98.1506,-509.0699,0.000000,0.000000,0.000000,0.000000
112332187,-98.3298,-509.0699,0.000000,0.000000,0.000000,0.000000
112332234,-98.4586,-509.0706,0.000000,0.000000,0.000000,0.000000
112332265,-98.5647,-509.0706,0.000000,0.000000,0.000000,0.000000
112332312,-98.6505,-509.0712,0.000000,0.000000,0.000000,0.000000
112332359,-98.7246,-509.0712,0.000000,0.000000,0.000000,0.000000
112332390,-98.7842,-509.0712,0.000000,0.000000,0.000000,0.000000
112332453,-98.8580,-509.0719,0.000000,0.000000,0.000000,0.000000
112332500,-98.9435,-509.0719,0.000000,0.000000,0.000000,0.000000
112332531,-99.0401,-509.0725,0.000000,0.000000,0.000000,0.000000
112332578,-99.2107,-509.0725,0.000000,0.000000,0.000000,0.000000
112332625,-99.3670,-509.0725,0.000000,0.000000,0.000000,0.000000
112332703,-99.5465,-509.0731,0.000000,0.000000,0.000000,0.000000
112332750,-99.6274,-509.0731,0.000000,0.000000,0.000000,0.000000
112332781,-99.6944,-509.0738,0.000000,0.000000,0.000000,0.000000
112332828,-99.7644,-509.0738,0.000000,0.000000,0.000000,0.000000
112332875,-99.8570,-509.0738,0.000000,0.000000,0.000000,0.000000
112332937,-99.9755,-509.0738,0.000000,0.000000,0.000000,0.000000
112332984,-100.0487,-509.0744,0.000000,0.000000,0.000000,0.000000
112333031,-100.1205,-509.0744,0.000000,0.000000,0.000000,0.000000
112333171,-100.0511,-509.0751,0.000000,0.000000,0.000000,0.000000
112333296,-100.0504,-509.0751,0.000000,0.000000,0.000000,0.000000
112333359,-96.4511,-509.0802,0.000000,0.000000,0.000000,0.000000
112333437,-87.9368,-509.1057,0.000000,0.000000,0.000000,0.000000
112333484,-85.2167,-509.1159,0.000000,0.000000,0.000000,0.000000
112333562,-85.1796,-509.1268,0.000000,0.000000,0.000000,0.000000
112333609,-85.1864,-509.1434,0.000000,0.000000,0.000000,0.000000
112333671,-85.1919,-509.1447,0.000000,0.000000,0.000000,0.000000
112333765,-85.1957,-509.1447,0.000000,0.000000,0.000000,0.000000
112333812,-85.1945,-509.1447,0.000000,0.000000,0.000000,0.000000
112333859,-85.2472,-509.1447,0.000000,0.000000,0.000000,0.000000
112333890,-85.2945,-509.1447,0.000000,0.000000,0.000000,0.000000
112333937,-85.3837,-509.1447,0.000000,0.000000,0.000000,0.000000
112333984,-85.4786,-509.1447,0.000000,0.000000,0.000000,0.000000
112334015,-85.5976,-509.1440,0.000000,0.000000,0.000000,0.000000
112334046,-85.7043,-509.1440,0.000000,0.000000,0.000000,0.000000
112334093,-85.8045,-509.1440,0.000000,0.000000,0.000000,0.000000
112334140,-85.9272,-509.1434,0.000000,0.000000,0.000000,0.000000
112334187,-86.0159,-509.1434,0.000000,0.000000,0.000000,0.000000
112334234,-86.1004,-509.1428,0.000000,0.000000,0.000000,0.000000
112334281,-86.1651,-509.1421,0.000000,0.000000,0.000000,0.000000
112334312,-86.2113,-509.1415,0.000000,0.000000,0.000000,0.000000
112334375,-86.2476,-509.1408,0.000000,0.000000,0.000000,0.000000
112334421,-86.2572,-509.1396,0.000000,0.000000,0.000000,0.000000
112334468,-86.2767,-509.1389,0.000000,0.000000,0.000000,0.000000
112334515,-86.3319,-509.1370,0.000000,0.000000,0.000000,0.000000
112334562,-86.4568,-509.1345,0.000000,0.000000,0.000000,0.000000
112334625,-86.6030,-509.1313,0.000000,0.000000,0.000000,0.000000
112334687,-86.6981,-509.1274,0.000000,0.000000,0.000000,0.000000
112334734,-86.7633,-509.1242,0.000000,0.000000,0.000000,0.000000
112334781,-86.8140,-509.1217,0.000000,0.000000,0.000000,0.000000
112334828,-86.8510,-509.1191,0.000000,0.000000,0.000000,0.000000
112334890,-86.8772,-509.1159,0.000000,0.000000,0.000000,0.000000
112334937,-86.8831,-509.1089,0.000000,0.000000,0.000000,0.000000
112334984,-86.8836,-509.1019,0.000000,0.000000,0.000000,0.000000
112335031,-86.8836,-509.0949,0.000000,0.000000,0.000000,0.000000
112335078,-86.8836,-509.0897,0.000000,0.000000,0.000000,0.000000
112335140,-86.8836,-509.0661,0.000000,0.000000,0.000000,0.000000
112335187,-86.8836,-509.0278,0.000000,0.000000,0.000000,0.000000
112335234,-86.8835,-508.9524,0.000000,0.000000,0.000000,0.000000
112335281,-86.8835,-508.8738,0.000000,0.000000,0.000000,0.000000
112335328,-86.8833,-508.8432,0.000000,0.000000,0.000000,0.000000
112335375,-86.8833,-508.8113,0.000000,0.000000,0.000000,0.000000
112335421,-86.8831,-508.7602,0.000000,0.000000,0.000000,0.000000
112335468,-86.9354,-508.7007,0.000000,0.000000,0.000000,0.000000
112335515,-87.0978,-508.6822,0.000000,0.000000,0.000000,0.000000
112335578,-87.3445,-508.6822,0.000000,0.000000,0.000000,0.000000
112335640,-87.5910,-508.6867,0.000000,0.000000,0.000000,0.000000
112335687,-87.7475,-508.6931,0.000000,0.000000,0.000000,0.000000
112335734,-87.8892,-508.6976,0.000000,0.000000,0.000000,0.000000
112335796,-88.1019,-508.7033,0.000000,0.000000,0.000000,0.000000
112335843,-88.4231,-508.7097,0.000000,0.000000,0.000000,0.000000
112335890,-88.8747,-508.7161,0.000000,0.000000,0.000000,0.000000
112335937,-89.3637,-508.7225,0.000000,0.000000,0.000000,0.000000
112336000,-89.8321,-508.7289,0.000000,0.000000,0.000000,0.000000
112336046,-90.2904,-508.7352,0.000000,0.000000,0.000000,0.000000
112336093,-90.7302,-508.7410,0.000000,0.000000,0.000000,0.000000
112336156,-91.2327,-508.7467,0.000000,0.000000,0.000000,0.000000
112336203,-91.6248,-508.7493,0.000000,0.000000,0.000000,0.000000
112336250,-91.9449,-508.7499,0.000000,0.000000,0.000000,0.000000
112336296,-92.2070,-508.7499,0.000000,0.000000,0.000000,0.000000
112336750,-92.4485,-508.7480,0.000000,0.000000,0.000000,0.000000
112336796,-92.5518,-508.7442,0.000000,0.000000,0.000000,0.000000
112336859,-93.1990,-508.6771,0.000000,0.000000,0.000000,0.000000
112336906,-93.8536,-508.6056,0.000000,0.000000,0.000000,0.000000
112336968,-94.3602,-508.5117,0.000000,0.000000,0.000000,0.000000
112337015,-94.7674,-508.4293,0.000000,0.000000,0.000000,0.000000
112337078,-95.0477,-508.3782,0.000000,0.000000,0.000000,0.000000
112337125,-95.3165,-508.3213,0.000000,0.000000,0.000000,0.000000
112337171,-95.5552,-508.2932,0.000000,0.000000,0.000000,0.000000
112337218,-95.8410,-508.2536,0.000000,0.000000,0.000000,0.000000
112337281,-96.1048,-508.2236,0.000000,0.000000,0.000000,0.000000
112337328,-96.3401,-508.2070,0.000000,0.000000,0.000000,0.000000
112337375,-96.5153,-508.1968,0.000000,0.000000,0.000000,0.000000
112337421,-96.6847,-508.1866,0.000000,0.000000,0.000000,0.000000
112337468,-96.8288,-508.1751,0.000000,0.000000,0.000000,0.000000
112337531,-96.9749,-508.1617,0.000000,0.000000,0.000000,0.000000
112337578,-97.0751,-508.1553,0.000000,0.000000,0.000000,0.000000
112337625,-97.1635,-508.1489,0.000000,0.000000,0.000000,0.000000
112337687,-97.2962,-508.1131,0.000000,0.000000,0.000000,0.000000
112337734,-97.3735,-508.0850,0.000000,0.000000,0.000000,0.000000
112337781,-97.4704,-508.0256,0.000000,0.000000,0.000000,0.000000
112337828,-97.5566,-507.9822,0.000000,0.000000,0.000000,0.000000
112337875,-97.6198,-507.9662,0.000000,0.000000,0.000000,0.000000
112337921,-97.6674,-507.9553,0.000000,0.000000,0.000000,0.000000
112337953,-97.7066,-507.9445,0.000000,0.000000,0.000000,0.000000
112338015,-97.7365,-507.9362,0.000000,0.000000,0.000000,0.000000
112338078,-97.7671,-507.9253,0.000000,0.000000,0.000000,0.000000
112338109,-97.8000,-507.9145,0.000000,0.000000,0.000000,0.000000
112338156,-97.8392,-507.9081,0.000000,0.000000,0.000000,0.000000
112338203,-97.9119,-507.8998,0.000000,0.000000,0.000000,0.000000
112338250,-98.0148,-507.8915,0.000000,0.000000,0.000000,0.000000
112338296,-98.1747,-507.8838,0.000000,0.000000,0.000000,0.000000
112338343,-98.3585,-507.8774,0.000000,0.000000,0.000000,0.000000
112338390,-98.5902,-507.8710,0.000000,0.000000,0.000000,0.000000
112338437,-98.8213,-507.8653,0.000000,0.000000,0.000000,0.000000
112338468,-99.0694,-507.8595,0.000000,0.000000,0.000000,0.000000
112338531,-99.3185,-507.8557,0.000000,0.000000,0.000000,0.000000
112338578,-99.5246,-507.8538,0.000000,0.000000,0.000000,0.000000
112338625,-99.8188,-507.8519,0.000000,0.000000,0.000000,0.000000
112338671,-100.0992,-507.8512,0.000000,0.000000,0.000000,0.000000
112338703,-100.1884,-507.8512,0.000000,0.000000,0.000000,0.000000
112338750,-100.0966,-507.8512,0.000000,0.000000,0.000000,0.000000
112338796,-100.1026,-507.8512,0.000000,0.000000,0.000000,0.000000
112338828,-100.1017,-507.8512,0.000000,0.000000,0.000000,0.000000
112338953,-100.1009,-507.8512,0.000000,0.000000,0.000000,0.000000
112339015,-96.8136,-507.8512,0.000000,0.000000,0.000000,0.000000
112339109,-87.7749,-507.8519,0.000000,0.000000,0.000000,0.000000
112339203,-85.2083,-507.8519,0.000000,0.000000,0.000000,0.000000
112339250,-85.1833,-507.8525,0.000000,0.000000,0.000000,0.000000
112339312,-85.1908,-507.8525,0.000000,0.000000,0.000000,0.000000
112339406,-85.1945,-507.8525,0.000000,0.000000,0.000000,0.000000
112339453,-85.1929,-507.8531,0.000000,0.000000,0.000000,0.000000
112339500,-85.4043,-507.8531,0.000000,0.000000,0.000000,0.000000
112339546,-85.6407,-507.8538,0.000000,0.000000,0.000000,0.000000
112339796,-86.2660,-507.8551,0.000000,0.000000,0.000000,0.000000
112339843,-86.7301,-507.8551,0.000000,0.000000,0.000000,0.000000
112339890,-88.1988,-507.8551,0.000000,0.000000,0.000000,0.000000
112339937,-89.7431,-507.8544,0.000000,0.000000,0.000000,0.000000
112339984,-91.2656,-507.8544,0.000000,0.000000,0.000000,0.000000
112340015,-92.8866,-507.8544,0.000000,0.000000,0.000000,0.000000
112340062,-94.2685,-507.8544,0.000000,0.000000,0.000000,0.000000
112340109,-95.5797,-507.8544,0.000000,0.000000,0.000000,0.000000
112340156,-96.5775,-507.8544,0.000000,0.000000,0.000000,0.000000
112340203,-97.6813,-507.8544,0.000000,0.000000,0.000000,0.000000
112340250,-98.6528,-507.8544,0.000000,0.000000,0.000000,0.000000
112340296,-99.6220,-507.8544,0.000000,0.000000,0.000000,0.000000
112340359,-100.1060,-507.8544,0.000000,0.000000,0.000000,0.000000
112340421,-100.1958,-507.8544,0.000000,0.000000,0.000000,0.000000
112340468,-100.1014,-507.8538,0.000000,0.000000,0.000000,0.000000
112340515,-100.1087,-507.8544,0.000000,0.000000,0.000000,0.000000
112340671,-100.1076,-507.8544,0.000000,0.000000,0.000000,0.000000
112340750,-93.4509,-507.8538,0.000000,0.000000,0.000000,0.000000
112340843,-85.5920,-507.8544,0.000000,0.000000,0.000000,0.000000
112340937,-85.1804,-507.8538,0.000000,0.000000,0.000000,0.000000
112340984,-85.1886,-507.8538,0.000000,0.000000,0.000000,0.000000
112341031,-85.1931,-507.8544,0.000000,0.000000,0.000000,0.000000
112341156,-85.1967,-507.8538,0.000000,0.000000,0.000000,0.000000
112341203,-85.1959,-507.8538,0.000000,0.000000,0.000000,0.000000
112341265,-85.2004,-507.5242,0.000000,0.000000,0.000000,0.000000
112341312,-85.2009,-506.5878,0.000000,0.000000,0.000000,0.000000
112341359,-85.2012,-505.2177,0.000000,0.000000,0.000000,0.000000
112341421,-85.2013,-503.4937,0.000000,0.000000,0.000000,0.000000
112341468,-85.2015,-502.0470,0.000000,0.000000,0.000000,0.000000
112341515,-85.2015,-500.9337,0.000000,0.000000,0.000000,0.000000
112341562,-85.2016,-500.2943,0.000000,0.000000,0.000000,0.000000
112341609,-85.2016,-500.5166,0.000000,0.000000,0.000000,0.000000
112341687,-85.2016,-501.5718,0.000000,0.000000,0.000000,0.000000
112341734,-85.2016,-502.3504,0.000000,0.000000,0.000000,0.000000
112341796,-85.2016,-503.0275,0.000000,0.000000,0.000000,0.000000
112341843,-85.2016,-503.7646,0.000000,0.000000,0.000000,0.000000
112341906,-85.2016,-504.3069,0.000000,0.000000,0.000000,0.000000
112341953,-85.2016,-504.9322,0.000000,0.000000,0.000000,0.000000
112342000,-85.2016,-505.3148,0.000000,0.000000,0.000000,0.000000
112342062,-85.2016,-505.7229,0.000000,0.000000,0.000000,0.000000
112342109,-85.2016,-506.0832,0.000000,0.000000,0.000000,0.000000
112342156,-85.2016,-506.3821,0.000000,0.000000,0.000000,0.000000
112342218,-85.2016,-506.6715,0.000000,0.000000,0.000000,0.000000
112342265,-85.2016,-506.8816,0.000000,0.000000,0.000000,0.000000
112342312,-85.2016,-507.0688,0.000000,0.000000,0.000000,0.000000
112342375,-85.2016,-507.2348,0.000000,0.000000,0.000000,0.000000
112342421,-85.2016,-507.3856,0.000000,0.000000,0.000000,0.000000
112342484,-85.2016,-507.5172,0.000000,0.000000,0.000000,0.000000
112342578,-85.2016,-507.7784,0.000000,0.000000,0.000000,0.000000
112342656,-85.2016,-508.0077,0.000000,0.000000,0.000000,0.000000
112342703,-85.2016,-508.2013,0.000000,0.000000,0.000000,0.000000
112342750,-85.2364,-508.4804,0.000000,0.000000,0.000000,0.000000
112342828,-85.3423,-508.8611,0.000000,0.000000,0.000000,0.000000
112342875,-85.5238,-509.3580,0.000000,0.000000,0.000000,0.000000
112342937,-85.7181,-509.7093,0.000000,0.000000,0.000000,0.000000
112342984,-86.0619,-510.2695,0.000000,0.000000,0.000000,0.000000
112343046,-86.4079,-510.8361,0.000000,0.000000,0.000000,0.000000
112343109,-86.7839,-511.4052,0.000000,0.000000,0.000000,0.000000
112343171,-87.2132,-511.8715,0.000000,0.000000,0.000000,0.000000
112343218,-87.7698,-512.3230,0.000000,0.000000,0.000000,0.000000
112343281,-88.2627,-512.6245,0.000000,0.000000,0.000000,0.000000
112343328,-88.8755,-512.9950,0.000000,0.000000,0.000000,0.000000
112343390,-89.4675,-513.3501,0.000000,0.000000,0.000000,0.000000
112343437,-89.9774,-513.6389,0.000000,0.000000,0.000000,0.000000
112343500,-90.4667,-513.9148,0.000000,0.000000,0.000000,0.000000
112343546,-90.9117,-514.1684,0.000000,0.000000,0.000000,0.000000
112343593,-91.3608,-514.4060,0.000000,0.000000,0.000000,0.000000
112343656,-91.8304,-514.6244,0.000000,0.000000,0.000000,0.000000
112343734,-92.3328,-514.8116,0.000000,0.000000,0.000000,0.000000
112343781,-92.6942,-514.9195,0.000000,0.000000,0.000000,0.000000
112343843,-93.1115,-515.0192,0.000000,0.000000,0.000000,0.000000
112343890,-93.5510,-515.0965,0.000000,0.000000,0.000000,0.000000
112343968,-94.0405,-515.2223,0.000000,0.000000,0.000000,0.000000
112344031,-94.4535,-515.3034,0.000000,0.000000,0.000000,0.000000
112344078,-94.8171,-515.4126,0.000000,0.000000,0.000000,0.000000
112344125,-95.2411,-515.4765,0.000000,0.000000,0.000000,0.000000
112344187,-95.6425,-515.6113,0.000000,0.000000,0.000000,0.000000
112344234,-96.0252,-515.6930,0.000000,0.000000,0.000000,0.000000
112344281,-96.3370,-515.7991,0.000000,0.000000,0.000000,0.000000
112344343,-96.6346,-515.8515,0.000000,0.000000,0.000000,0.000000
112344390,-96.9733,-515.9160,0.000000,0.000000,0.000000,0.000000
112344437,-97.2767,-515.9843,0.000000,0.000000,0.000000,0.000000
112344515,-97.6399,-516.0105,0.000000,0.000000,0.000000,0.000000
112344562,-97.9168,-516.0124,0.000000,0.000000,0.000000,0.000000
112344625,-98.2732,-516.0124,0.000000,0.000000,0.000000,0.000000
112344671,-98.6462,-516.0118,0.000000,0.000000,0.000000,0.000000
112344734,-99.0925,-516.0105,0.000000,0.000000,0.000000,0.000000
112344796,-99.4381,-515.9907,0.000000,0.000000,0.000000,0.000000
112344843,-99.8080,-515.9626,0.000000,0.000000,0.000000,0.000000
112344906,-100.1161,-515.9224,0.000000,0.000000,0.000000,0.000000
112344953,-100.1937,-515.8687,0.000000,0.000000,0.000000,0.000000
112345000,-100.1095,-515.8425,0.000000,0.000000,0.000000,0.000000
112345078,-100.1192,-515.8285,0.000000,0.000000,0.000000,0.000000
112345218,-100.1178,-515.8208,0.000000,0.000000,0.000000,0.000000
112345296,-94.5650,-515.7978,0.000000,0.000000,0.000000,0.000000
112345375,-85.8322,-515.7914,0.000000,0.000000,0.000000,0.000000
112345500,-85.1843,-515.7812,0.000000,0.000000,0.000000,0.000000
112345875,-85.2009,-515.7295,0.000000,0.000000,0.000000,0.000000
112345921,-85.2007,-515.7135,0.000000,0.000000,0.000000,0.000000
112345984,-85.2015,-515.6994,0.000000,0.000000,0.000000,0.000000
112346031,-85.3528,-515.6886,0.000000,0.000000,0.000000,0.000000
112346078,-85.5928,-515.6879,0.000000,0.000000,0.000000,0.000000
112346140,-85.8845,-515.6924,0.000000,0.000000,0.000000,0.000000
112346171,-86.1835,-515.7020,0.000000,0.000000,0.000000,0.000000
112346218,-86.5415,-515.7148,0.000000,0.000000,0.000000,0.000000
112346265,-87.0058,-515.7314,0.000000,0.000000,0.000000,0.000000
112346328,-87.5088,-515.7454,0.000000,0.000000,0.000000,0.000000
112346359,-87.9879,-515.7620,0.000000,0.000000,0.000000,0.000000
112346406,-88.5433,-515.7831,0.000000,0.000000,0.000000,0.000000
112346437,-89.1262,-515.8042,0.000000,0.000000,0.000000,0.000000
112346484,-89.6858,-515.8202,0.000000,0.000000,0.000000,0.000000
112346515,-90.3208,-515.8374,0.000000,0.000000,0.000000,0.000000
112346562,-90.9385,-515.8559,0.000000,0.000000,0.000000,0.000000
112346609,-91.5570,-515.8847,0.000000,0.000000,0.000000,0.000000
112346640,-92.1105,-515.9057,0.000000,0.000000,0.000000,0.000000
112346687,-92.4884,-515.9217,0.000000,0.000000,0.000000,0.000000
112346734,-93.0862,-515.9607,0.000000,0.000000,0.000000,0.000000
112346765,-93.6368,-515.9939,0.000000,0.000000,0.000000,0.000000
112346812,-94.0866,-516.0194,0.000000,0.000000,0.000000,0.000000
112346843,-94.5229,-516.0450,0.000000,0.000000,0.000000,0.000000
112346890,-95.0395,-516.0756,0.000000,0.000000,0.000000,0.000000
112346937,-95.4422,-516.1025,0.000000,0.000000,0.000000,0.000000
112346968,-95.8829,-516.1389,0.000000,0.000000,0.000000,0.000000
112347015,-96.2235,-516.1708,0.000000,0.000000,0.000000,0.000000
112347046,-96.6380,-516.2053,0.000000,0.000000,0.000000,0.000000
112347078,-97.0442,-516.2372,0.000000,0.000000,0.000000,0.000000
112347109,-97.4057,-516.2641,0.000000,0.000000,0.000000,0.000000
112347156,-97.8501,-516.2890,0.000000,0.000000,0.000000,0.000000
112347187,-98.2514,-516.3107,0.000000,0.000000,0.000000,0.000000
112347234,-98.6731,-516.3280,0.000000,0.000000,0.000000,0.000000
112347265,-99.1110,-516.3401,0.000000,0.000000,0.000000,0.000000
112347312,-99.4843,-516.3478,0.000000,0.000000,0.000000,0.000000
112347375,-99.9876,-516.3592,0.000000,0.000000,0.000000,0.000000
112347406,-100.1633,-516.3676,0.000000,0.000000,0.000000,0.000000
112347437,-100.1929,-516.3727,0.000000,0.000000,0.000000,0.000000
112347484,-100.1529,-516.3797,0.000000,0.000000,0.000000,0.000000
112347515,-100.1662,-516.3848,0.000000,0.000000,0.000000,0.000000
112347562,-100.1656,-516.3893,0.000000,0.000000,0.000000,0.000000
112347593,-100.1650,-516.3937,0.000000,0.000000,0.000000,0.000000
112347734,-100.1645,-516.4020,0.000000,0.000000,0.000000,0.000000
112347812,-93.2514,-516.4774,0.000000,0.000000,0.000000,0.000000
112347859,-86.2767,-516.4940,0.000000,0.000000,0.000000,0.000000
112347937,-85.2089,-516.4991,0.000000,0.000000,0.000000,0.000000
112348015,-85.1798,-516.4991,0.000000,0.000000,0.000000,0.000000
112348046,-85.1898,-516.4991,0.000000,0.000000,0.000000,0.000000
112348093,-85.1933,-516.4991,0.000000,0.000000,0.000000,0.000000
112348187,-85.1960,-516.4991,0.000000,0.000000,0.000000,0.000000
112348218,-85.1946,-516.4985,0.000000,0.000000,0.000000,0.000000
112348265,-85.4670,-516.4985,0.000000,0.000000,0.000000,0.000000
112348296,-85.6933,-516.4985,0.000000,0.000000,0.000000,0.000000
112348343,-86.1962,-516.4979,0.000000,0.000000,0.000000,0.000000
112348406,-86.7242,-516.4972,0.000000,0.000000,0.000000,0.000000
112348468,-87.2889,-516.4972,0.000000,0.000000,0.000000,0.000000
112348515,-87.9970,-516.4966,0.000000,0.000000,0.000000,0.000000
112348562,-88.6422,-516.4953,0.000000,0.000000,0.000000,0.000000
112348609,-89.3688,-516.4940,0.000000,0.000000,0.000000,0.000000
112348671,-90.1415,-516.4921,0.000000,0.000000,0.000000,0.000000
112348750,-90.9438,-516.4883,0.000000,0.000000,0.000000,0.000000
112348796,-91.4930,-516.4857,0.000000,0.000000,0.000000,0.000000
112348828,-92.2280,-516.4838,0.000000,0.000000,0.000000,0.000000
112348875,-92.9453,-516.4819,0.000000,0.000000,0.000000,0.000000
112348906,-93.7477,-516.4800,0.000000,0.000000,0.000000,0.000000
112348953,-94.5219,-516.4787,0.000000,0.000000,0.000000,0.000000
112349000,-95.1021,-516.4768,0.000000,0.000000,0.000000,0.000000
112349031,-95.7383,-516.4755,0.000000,0.000000,0.000000,0.000000
112349078,-96.3029,-516.4742,0.000000,0.000000,0.000000,0.000000
112349109,-96.9811,-516.4729,0.000000,0.000000,0.000000,0.000000
112349156,-97.9979,-516.4710,0.000000,0.000000,0.000000,0.000000
112349187,-98.8962,-516.4698,0.000000,0.000000,0.000000,0.000000
112349234,-99.7994,-516.4678,0.000000,0.000000,0.000000,0.000000
112349281,-100.1251,-516.4659,0.000000,0.000000,0.000000,0.000000
112349328,-100.1909,-516.4634,0.000000,0.000000,0.000000,0.000000
112349390,-100.1302,-516.4608,0.000000,0.000000,0.000000,0.000000
112349437,-100.1270,-516.4583,0.000000,0.000000,0.000000,0.000000
112349562,-100.1265,-516.4563,0.000000,0.000000,0.000000,0.000000
112349640,-95.8653,-516.4480,0.000000,0.000000,0.000000,0.000000
112349703,-86.9337,-516.4468,0.000000,0.000000,0.000000,0.000000
112349796,-85.2091,-516.4468,0.000000,0.000000,0.000000,0.000000
112349843,-85.1830,-516.4468,0.000000,0.000000,0.000000,0.000000
112349890,-85.1884,-516.4468,0.000000,0.000000,0.000000,0.000000
112349984,-85.1928,-516.4455,0.000000,0.000000,0.000000,0.000000
112350031,-85.1911,-516.4378,0.000000,0.000000,0.000000,0.000000
112350093,-85.1995,-516.4340,0.000000,0.000000,0.000000,0.000000
112350140,-85.2001,-516.4308,0.000000,0.000000,0.000000,0.000000
112350187,-85.2007,-516.4346,0.000000,0.000000,0.000000,0.000000
112350234,-85.2010,-516.4864,0.000000,0.000000,0.000000,0.000000
112350281,-85.2012,-516.5579,0.000000,0.000000,0.000000,0.000000
112350328,-85.2013,-516.8064,0.000000,0.000000,0.000000,0.000000
112350375,-85.2015,-517.2330,0.000000,0.000000,0.000000,0.000000
112350421,-85.2015,-517.7721,0.000000,0.000000,0.000000,0.000000
112350468,-85.2015,-518.1599,0.000000,0.000000,0.000000,0.000000
112350515,-85.2016,-518.5361,0.000000,0.000000,0.000000,0.000000
112350578,-85.2016,-518.9072,0.000000,0.000000,0.000000,0.000000
112350625,-85.2016,-519.1927,0.000000,0.000000,0.000000,0.000000
112350671,-85.2016,-519.3058,0.000000,0.000000,0.000000,0.000000
112350718,-85.2016,-519.2151,0.000000,0.000000,0.000000,0.000000
112350781,-85.2016,-518.4550,0.000000,0.000000,0.000000,0.000000
112350828,-85.2016,-516.4270,0.000000,0.000000,0.000000,0.000000
112350875,-85.2016,-513.6944,0.000000,0.000000,0.000000,0.000000
112350921,-85.2016,-510.4784,0.000000,0.000000,0.000000,0.000000
112350968,-85.2016,-507.0375,0.000000,0.000000,0.000000,0.000000
112351031,-85.2016,-504.4512,0.000000,0.000000,0.000000,0.000000
112351078,-85.2016,-501.3750,0.000000,0.000000,0.000000,0.000000
112351125,-85.2762,-498.8622,0.000000,0.000000,0.000000,0.000000
112351171,-85.4223,-495.7969,0.000000,0.000000,0.000000,0.000000
112351218,-85.6525,-493.1787,0.000000,0.000000,0.000000,0.000000
112351265,-86.0101,-490.9866,0.000000,0.000000,0.000000,0.000000
112351328,-86.4906,-488.4354,0.000000,0.000000,0.000000,0.000000
112351375,-86.9134,-486.6086,0.000000,0.000000,0.000000,0.000000
112351421,-87.5341,-484.9766,0.000000,0.000000,0.000000,0.000000
112351468,-88.3906,-483.3344,0.000000,0.000000,0.000000,0.000000
112351781,-89.8139,-480.8037,0.000000,0.000000,0.000000,0.000000
112351843,-90.6302,-480.0634,0.000000,0.000000,0.000000,0.000000
112351906,-92.7025,-478.6640,0.000000,0.000000,0.000000,0.000000
112351937,-94.9179,-477.5379,0.000000,0.000000,0.000000,0.000000
112351984,-96.8908,-476.5734,0.000000,0.000000,0.000000,0.000000
112352031,-98.7921,-475.6862,0.000000,0.000000,0.000000,0.000000
112352078,-99.9004,-475.0085,0.000000,0.000000,0.000000,0.000000
112352125,-100.1613,-474.5192,0.000000,0.000000,0.000000,0.000000
112352171,-100.1949,-474.0874,0.000000,0.000000,0.000000,0.000000
112352218,-100.1530,-473.9047,0.000000,0.000000,0.000000,0.000000
112352265,-100.1631,-473.8536,0.000000,0.000000,0.000000,0.000000
112352312,-100.1627,-473.8306,0.000000,0.000000,0.000000,0.000000
112352406,-100.1623,-473.8178,0.000000,0.000000,0.000000,0.000000
112352468,-97.4699,-473.7789,0.000000,0.000000,0.000000,0.000000
112352531,-90.7642,-473.7635,0.000000,0.000000,0.000000,0.000000
112352593,-85.6308,-473.7578,0.000000,0.000000,0.000000,0.000000
112352671,-85.2085,-473.7540,0.000000,0.000000,0.000000,0.000000
112352718,-85.1841,-473.7540,0.000000,0.000000,0.000000,0.000000
112352750,-85.1892,-473.7540,0.000000,0.000000,0.000000,0.000000
112352781,-85.1923,-473.7540,0.000000,0.000000,0.000000,0.000000
112352875,-85.1948,-473.7540,0.000000,0.000000,0.000000,0.000000
112352937,-85.1933,-473.7540,0.000000,0.000000,0.000000,0.000000
112352984,-85.1998,-473.7533,0.000000,0.000000,0.000000,0.000000
112353015,-85.2002,-473.7476,0.000000,0.000000,0.000000,0.000000
112353046,-85.2005,-473.7329,0.000000,0.000000,0.000000,0.000000
112353093,-85.2009,-473.6792,0.000000,0.000000,0.000000,0.000000
112353125,-85.2010,-473.5521,0.000000,0.000000,0.000000,0.000000
112353156,-85.2012,-473.4346,0.000000,0.000000,0.000000,0.000000
112353187,-85.2013,-473.3094,0.000000,0.000000,0.000000,0.000000
112353234,-85.2013,-473.1682,0.000000,0.000000,0.000000,0.000000
112353265,-85.2015,-473.0207,0.000000,0.000000,0.000000,0.000000
112353312,-85.2015,-472.8866,0.000000,0.000000,0.000000,0.000000
112353359,-85.2015,-472.7709,0.000000,0.000000,0.000000,0.000000
112353390,-85.2855,-472.6758,0.000000,0.000000,0.000000,0.000000
112353437,-85.4958,-472.5972,0.000000,0.000000,0.000000,0.000000
112353468,-85.8115,-472.5174,0.000000,0.000000,0.000000,0.000000
112353515,-86.1998,-472.4318,0.000000,0.000000,0.000000,0.000000
112353562,-86.5745,-472.4037,0.000000,0.000000,0.000000,0.000000
112353593,-87.0095,-472.3628,0.000000,0.000000,0.000000,0.000000
112353640,-87.4858,-472.3232,0.000000,0.000000,0.000000,0.000000
112353671,-88.0587,-472.2727,0.000000,0.000000,0.000000,0.000000
112353734,-88.7134,-472.2382,0.000000,0.000000,0.000000,0.000000
112353765,-89.3781,-472.2274,0.000000,0.000000,0.000000,0.000000
112353812,-89.9821,-472.2204,0.000000,0.000000,0.000000,0.000000
112353843,-90.6646,-472.2108,0.000000,0.000000,0.000000,0.000000
112353890,-91.4348,-472.1929,0.000000,0.000000,0.000000,0.000000
112353937,-91.9995,-472.1795,0.000000,0.000000,0.000000,0.000000
112353968,-92.5857,-472.1635,0.000000,0.000000,0.000000,0.000000
112354015,-93.2733,-472.1488,0.000000,0.000000,0.000000,0.000000
112354062,-93.9472,-472.1373,0.000000,0.000000,0.000000,0.000000
112354093,-94.5996,-472.1233,0.000000,0.000000,0.000000,0.000000
112354140,-95.1967,-472.1105,0.000000,0.000000,0.000000,0.000000
112354171,-95.7047,-472.0990,0.000000,0.000000,0.000000,0.000000
112354218,-96.2931,-472.0881,0.000000,0.000000,0.000000,0.000000
112354265,-96.9406,-472.0817,0.000000,0.000000,0.000000,0.000000
112354312,-97.5847,-472.0786,0.000000,0.000000,0.000000,0.000000
112354359,-98.3113,-472.0766,0.000000,0.000000,0.000000,0.000000
112354390,-98.8585,-472.0760,0.000000,0.000000,0.000000,0.000000
112354437,-99.5659,-472.0747,0.000000,0.000000,0.000000,0.000000
112354468,-100.0020,-472.0677,0.000000,0.000000,0.000000,0.000000
112354500,-100.1647,-472.0568,0.000000,0.000000,0.000000,0.000000
112354562,-99.9972,-472.0511,0.000000,0.000000,0.000000,0.000000
112354609,-100.0037,-472.0479,0.000000,0.000000,0.000000,0.000000
112354640,-100.0032,-472.0447,0.000000,0.000000,0.000000,0.000000
112354734,-100.0029,-472.0319,0.000000,0.000000,0.000000,0.000000
112354796,-98.1826,-472.0128,0.000000,0.000000,0.000000,0.000000
112355078,-85.1892,-471.9872,0.000000,0.000000,0.000000,0.000000
112355109,-85.1922,-471.9872,0.000000,0.000000,0.000000,0.000000
112355156,-85.1948,-471.9872,0.000000,0.000000,0.000000,0.000000
112355234,-85.1968,-471.9872,0.000000,0.000000,0.000000,0.000000
112355281,-85.1954,-471.9872,0.000000,0.000000,0.000000,0.000000
112355328,-85.3775,-471.9872,0.000000,0.000000,0.000000,0.000000
112355375,-85.5464,-471.9872,0.000000,0.000000,0.000000,0.000000
112355421,-85.9011,-471.9872,0.000000,0.000000,0.000000,0.000000
112355453,-86.3273,-471.9872,0.000000,0.000000,0.000000,0.000000
112355484,-86.7622,-471.9872,0.000000,0.000000,0.000000,0.000000
112355531,-87.2751,-471.9872,0.000000,0.000000,0.000000,0.000000
112355578,-87.7687,-471.9872,0.000000,0.000000,0.000000,0.000000
112355609,-88.2799,-471.9872,0.000000,0.000000,0.000000,0.000000
112355656,-88.8389,-471.9872,0.000000,0.000000,0.000000,0.000000
112355703,-89.3493,-471.9872,0.000000,0.000000,0.000000,0.000000
112355750,-89.8422,-471.9872,0.000000,0.000000,0.000000,0.000000
112355812,-90.3543,-471.9878,0.000000,0.000000,0.000000,0.000000
112355843,-90.7045,-471.9878,0.000000,0.000000,0.000000,0.000000
112355890,-91.0088,-471.9878,0.000000,0.000000,0.000000,0.000000
112355937,-91.3199,-471.9878,0.000000,0.000000,0.000000,0.000000
112355984,-91.6764,-471.9885,0.000000,0.000000,0.000000,0.000000
112356015,-92.0169,-471.9885,0.000000,0.000000,0.000000,0.000000
112356062,-92.2672,-471.9891,0.000000,0.000000,0.000000,0.000000
112356093,-92.6231,-471.9898,0.000000,0.000000,0.000000,0.000000
112356140,-92.9093,-471.9910,0.000000,0.000000,0.000000,0.000000
112356187,-93.2494,-471.9936,0.000000,0.000000,0.000000,0.000000
112356218,-93.5177,-471.9993,0.000000,0.000000,0.000000,0.000000
112356265,-93.7942,-472.0064,0.000000,0.000000,0.000000,0.000000
112356328,-94.1799,-472.0223,0.000000,0.000000,0.000000,0.000000
112356359,-94.4279,-472.0358,0.000000,0.000000,0.000000,0.000000
112356406,-94.7059,-472.0492,0.000000,0.000000,0.000000,0.000000
112356453,-94.9830,-472.0626,0.000000,0.000000,0.000000,0.000000
112356484,-95.2332,-472.0728,0.000000,0.000000,0.000000,0.000000
112356531,-95.4666,-472.0805,0.000000,0.000000,0.000000,0.000000
112356562,-95.7254,-472.0900,0.000000,0.000000,0.000000,0.000000
112356625,-96.0153,-472.1035,0.000000,0.000000,0.000000,0.000000
112356656,-96.2917,-472.1213,0.000000,0.000000,0.000000,0.000000
112356703,-96.5203,-472.1373,0.000000,0.000000,0.000000,0.000000
112356750,-96.8260,-472.1507,0.000000,0.000000,0.000000,0.000000
112356781,-97.2151,-472.1641,0.000000,0.000000,0.000000,0.000000
112356828,-97.6103,-472.1750,0.000000,0.000000,0.000000,0.000000
112356875,-97.9681,-472.1961,0.000000,0.000000,0.000000,0.000000
112356906,-98.3609,-472.2350,0.000000,0.000000,0.000000,0.000000
112356953,-98.8213,-472.2734,0.000000,0.000000,0.000000,0.000000
112357000,-99.2076,-472.3066,0.000000,0.000000,0.000000,0.000000
112357046,-99.6681,-472.3685,0.000000,0.000000,0.000000,0.000000
112357093,-100.0432,-472.4209,0.000000,0.000000,0.000000,0.000000
112357125,-100.1716,-472.4445,0.000000,0.000000,0.000000,0.000000
112357171,-100.0311,-472.4503,0.000000,0.000000,0.000000,0.000000
112357203,-100.0454,-472.4522,0.000000,0.000000,0.000000,0.000000
112357250,-100.0448,-472.4541,0.000000,0.000000,0.000000,0.000000
112357343,-100.0443,-472.4560,0.000000,0.000000,0.000000,0.000000
112357406,-98.0642,-472.4624,0.000000,0.000000,0.000000,0.000000
112357500,-89.0603,-472.4701,0.000000,0.000000,0.000000,0.000000
112357546,-85.2899,-472.4733,0.000000,0.000000,0.000000,0.000000
112357640,-85.1794,-472.4758,0.000000,0.000000,0.000000,0.000000
112357687,-85.1875,-472.4784,0.000000,0.000000,0.000000,0.000000
112357718,-85.1914,-472.4790,0.000000,0.000000,0.000000,0.000000
112357812,-85.1946,-472.4803,0.000000,0.000000,0.000000,0.000000
112357859,-85.1928,-472.4861,0.000000,0.000000,0.000000,0.000000
112357906,-85.1998,-472.4886,0.000000,0.000000,0.000000,0.000000
112357953,-85.2002,-472.4918,0.000000,0.000000,0.000000,0.000000
112357984,-85.2005,-472.4944,0.000000,0.000000,0.000000,0.000000
112358031,-85.2291,-472.4950,0.000000,0.000000,0.000000,0.000000
112358078,-85.3350,-472.4956,0.000000,0.000000,0.000000,0.000000
112358125,-85.5566,-472.4982,0.000000,0.000000,0.000000,0.000000
112358171,-85.8093,-472.5001,0.000000,0.000000,0.000000,0.000000
112358203,-86.1061,-472.5020,0.000000,0.000000,0.000000,0.000000
112358250,-86.4135,-472.5040,0.000000,0.000000,0.000000,0.000000
112358281,-86.7634,-472.5084,0.000000,0.000000,0.000000,0.000000
112358328,-87.2385,-472.5467,0.000000,0.000000,0.000000,0.000000
112358375,-87.6282,-472.6189,0.000000,0.000000,0.000000,0.000000
112358437,-88.0618,-472.6636,0.000000,0.000000,0.000000,0.000000
112358484,-88.5005,-472.6828,0.000000,0.000000,0.000000,0.000000
112358531,-88.9508,-472.7052,0.000000,0.000000,0.000000,0.000000
112358593,-89.4555,-472.7294,0.000000,0.000000,0.000000,0.000000
112358640,-89.9399,-472.7505,0.000000,0.000000,0.000000,0.000000
112358734,-90.4945,-472.7882,0.000000,0.000000,0.000000,0.000000
112358812,-90.9889,-472.8035,0.000000,0.000000,0.000000,0.000000
112358890,-91.5992,-472.8093,0.000000,0.000000,0.000000,0.000000
112358953,-92.2521,-472.8131,0.000000,0.000000,0.000000,0.000000
112359015,-93.0731,-472.8169,0.000000,0.000000,0.000000,0.000000
112359062,-93.7716,-472.8182,0.000000,0.000000,0.000000,0.000000
112359125,-94.8158,-472.8233,0.000000,0.000000,0.000000,0.000000
112359171,-95.7121,-472.8323,0.000000,0.000000,0.000000,0.000000
112359218,-96.6816,-472.8597,0.000000,0.000000,0.000000,0.000000
112359265,-97.5196,-472.8878,0.000000,0.000000,0.000000,0.000000
112359328,-98.1561,-472.9083,0.000000,0.000000,0.000000,0.000000
112359375,-98.7434,-472.9287,0.000000,0.000000,0.000000,0.000000
112359421,-99.1086,-472.9453,0.000000,0.000000,0.000000,0.000000
112359468,-99.4168,-472.9613,0.000000,0.000000,0.000000,0.000000
112359515,-99.6459,-472.9779,0.000000,0.000000,0.000000,0.000000
112359562,-99.8221,-472.9900,0.000000,0.000000,0.000000,0.000000
112359609,-99.9556,-472.9983,0.000000,0.000000,0.000000,0.000000
112359656,-100.0698,-473.0047,0.000000,0.000000,0.000000,0.000000
112359718,-100.1537,-473.0086,0.000000,0.000000,0.000000,0.000000
112359765,-100.0611,-473.0098,0.000000,0.000000,0.000000,0.000000
112359828,-100.0725,-473.0098,0.000000,0.000000,0.000000,0.000000
112359953,-100.0715,-473.0098,0.000000,0.000000,0.000000,0.000000
112360031,-95.9247,-473.0098,0.000000,0.000000,0.000000,0.000000
112360109,-86.6905,-473.0098,0.000000,0.000000,0.000000,0.000000
112360203,-85.2085,-473.0098,0.000000,0.000000,0.000000,0.000000
112360250,-85.1841,-473.0098,0.000000,0.000000,0.000000,0.000000
112360296,-85.1900,-473.0098,0.000000,0.000000,0.000000,0.000000
112360390,-85.1937,-473.0098,0.000000,0.000000,0.000000,0.000000
112360453,-85.1925,-473.0098,0.000000,0.000000,0.000000,0.000000
112360500,-85.1999,-473.0098,0.000000,0.000000,0.000000,0.000000
112360562,-85.2004,-473.0098,0.000000,0.000000,0.000000,0.000000
112360609,-85.2009,-473.0098,0.000000,0.000000,0.000000,0.000000
112360640,-85.2012,-473.0098,0.000000,0.000000,0.000000,0.000000
112360703,-85.2013,-473.0098,0.000000,0.000000,0.000000,0.000000
112360750,-85.2015,-473.0098,0.000000,0.000000,0.000000,0.000000
112360953,-85.2016,-473.0098,0.000000,0.000000,0.000000,0.000000
112361000,-85.2016,-473.0098,0.000000,0.000000,0.000000,0.000000
112361062,-85.2016,-473.0098,0.000000,0.000000,0.000000,0.000000
112361125,-85.2016,-473.0098,0.000000,0.000000,0.000000,0.000000
112361171,-85.2016,-473.0098,0.000000,0.000000,0.000000,0.000000
112361203,-85.2016,-473.0098,0.000000,0.000000,0.000000,0.000000
112361250,-85.2016,-473.0098,0.000000,0.000000,0.000000,0.000000
112361296,-85.2016,-473.0098,0.000000,0.000000,0.000000,0.000000
112361343,-85.2016,-473.0098,0.000000,0.000000,0.000000,0.000000
112361390,-85.2016,-473.0092,0.000000,0.000000,0.000000,0.000000
112361421,-85.2016,-473.0098,0.000000,0.000000,0.000000,0.000000
112361468,-85.2016,-473.0098,0.000000,0.000000,0.000000,0.000000
112361515,-85.2016,-473.0098,0.000000,0.000000,0.000000,0.000000
112361562,-85.2016,-473.0098,0.000000,0.000000,0.000000,0.000000
112361593,-85.2016,-473.0098,0.000000,0.000000,0.000000,0.000000
112361625,-85.2016,-473.0098,0.000000,0.000000,0.000000,0.000000
112361671,-85.2016,-473.0098,0.000000,0.000000,0.000000,0.000000
112361718,-85.2016,-473.0098,0.000000,0.000000,0.000000,0.000000
112361765,-85.2016,-473.0098,0.000000,0.000000,0.000000,0.000000
112361796,-85.2016,-473.0105,0.000000,0.000000,0.000000,0.000000
112361843,-85.2016,-473.0105,0.000000,0.000000,0.000000,0.000000
112361890,-85.2016,-473.0111,0.000000,0.000000,0.000000,0.000000
112361921,-85.2016,-473.0118,0.000000,0.000000,0.000000,0.000000
112361984,-85.2016,-473.0124,0.000000,0.000000,0.000000,0.000000
112362015,-85.2016,-473.0130,0.000000,0.000000,0.000000,0.000000
112362062,-85.2016,-473.0143,0.000000,0.000000,0.000000,0.000000
112362109,-85.2016,-473.0143,0.000000,0.000000,0.000000,0.000000
112362140,-85.2016,-473.0143,0.000000,0.000000,0.000000,0.000000
112362187,-85.2016,-473.0149,0.000000,0.000000,0.000000,0.000000
112362234,-85.2016,-473.0149,0.000000,0.000000,0.000000,0.000000
112362265,-85.2016,-473.0156,0.000000,0.000000,0.000000,0.000000
112362312,-85.2016,-473.0156,0.000000,0.000000,0.000000,0.000000
112362343,-85.2016,-473.0156,0.000000,0.000000,0.000000,0.000000
112362406,-85.2016,-473.0156,0.000000,0.000000,0.000000,0.000000
112362437,-85.2016,-473.0162,0.000000,0.000000,0.000000,0.000000
112362484,-85.2016,-473.0162,0.000000,0.000000,0.000000,0.000000
112362531,-85.2016,-473.0162,0.000000,0.000000,0.000000,0.000000
112362578,-85.2016,-473.0162,0.000000,0.000000,0.000000,0.000000
112362625,-85.2016,-473.0175,0.000000,0.000000,0.000000,0.000000
112362656,-85.2016,-473.0175,0.000000,0.000000,0.000000,0.000000
112362703,-85.2016,-473.0175,0.000000,0.000000,0.000000,0.000000
112362750,-85.2016,-473.0175,0.000000,0.000000,0.000000,0.000000
112362796,-85.2016,-473.0175,0.000000,0.000000,0.000000,0.000000
112362859,-85.2016,-473.0181,0.000000,0.000000,0.000000,0.000000
112362906,-85.2016,-473.0181,0.000000,0.000000,0.000000,0.000000
112362953,-85.2016,-473.0181,0.000000,0.000000,0.000000,0.000000
112362984,-85.2016,-473.0181,0.000000,0.000000,0.000000,0.000000
112363031,-85.2016,-473.0181,0.000000,0.000000,0.000000,0.000000
112363078,-85.2016,-473.0181,0.000000,0.000000,0.000000,0.000000
112363125,-85.2016,-473.0181,0.000000,0.000000,0.000000,0.000000
112363156,-85.2016,-473.0181,0.000000,0.000000,0.000000,0.000000
112363187,-85.2016,-473.0188,0.000000,0.000000,0.000000,0.000000
112363234,-85.2016,-473.0188,0.000000,0.000000,0.000000,0.000000
112363281,-85.2016,-473.0188,0.000000,0.000000,0.000000,0.000000
112363328,-85.2016,-473.0188,0.000000,0.000000,0.000000,0.000000
112363359,-85.2016,-473.0188,0.000000,0.000000,0.000000,0.000000
112363406,-85.2016,-473.0188,0.000000,0.000000,0.000000,0.000000
112363453,-85.2016,-473.0188,0.000000,0.000000,0.000000,0.000000
112363500,-85.2016,-473.0188,0.000000,0.000000,0.000000,0.000000
112363531,-85.2016,-473.0188,0.000000,0.000000,0.000000,0.000000
112363578,-85.2016,-473.0188,0.000000,0.000000,0.000000,0.000000
112363625,-85.2016,-473.0188,0.000000,0.000000,0.000000,0.000000
112363671,-85.2016,-473.0188,0.000000,0.000000,0.000000,0.000000
112363734,-85.2016,-473.0188,0.000000,0.000000,0.000000,0.000000
112363765,-85.2016,-473.0188,0.000000,0.000000,0.000000,0.000000
112363843,-85.2016,-473.0188,0.000000,0.000000,0.000000,0.000000
112363875,-85.2016,-473.0188,0.000000,0.000000,0.000000,0.000000
112363921,-85.2016,-473.0188,0.000000,0.000000,0.000000,0.000000
112364062,-85.2016,-473.0188,0.000000,0.000000,0.000000,0.000000
112364140,-85.2016,-473.0188,0.000000,0.000000,0.000000,0.000000
112364203,-85.2016,-473.0188,0.000000,0.000000,0.000000,0.000000
112364265,-85.2016,-473.0188,0.000000,0.000000,0.000000,0.000000
112364328,-85.2016,-473.0188,0.000000,0.000000,0.000000,0.000000
112364375,-85.2016,-473.0188,0.000000,0.000000,0.000000,0.000000
112364421,-85.2016,-473.0188,0.000000,0.000000,0.000000,0.000000
112364453,-85.2016,-473.0188,0.000000,0.000000,0.000000,0.000000
112364500,-85.2016,-473.0188,0.000000,0.000000,0.000000,0.000000
112364546,-85.2016,-473.0188,0.000000,0.000000,0.000000,0.000000
112364593,-85.2016,-473.0188,0.000000,0.000000,0.000000,0.000000
112364625,-85.2016,-473.0188,0.000000,0.000000,0.000000,0.000000
112364671,-85.2016,-473.0188,0.000000,0.000000,0.000000,0.000000
112364718,-85.2016,-473.0188,0.000000,0.000000,0.000000,0.000000
112364750,-85.2016,-473.0188,0.000000,0.000000,0.000000,0.000000
112364812,-85.2016,-473.0188,0.000000,0.000000,0.000000,0.000000
112364859,-85.2016,-473.0188,0.000000,0.000000,0.000000,0.000000
112364906,-85.2016,-473.0188,0.000000,0.000000,0.000000,0.000000
112364953,-85.2016,-473.0188,0.000000,0.000000,0.000000,0.000000
112365000,-85.2016,-473.0188,0.000000,0.000000,0.000000,0.000000
112365046,-85.2016,-473.0188,0.000000,0.000000,0.000000,0.000000
112365078,-85.2016,-473.0188,0.000000,0.000000,0.000000,0.000000
112365125,-85.2016,-473.0188,0.000000,0.000000,0.000000,0.000000
112365171,-85.2016,-473.0188,0.000000,0.000000,0.000000,0.000000
112365218,-85.2016,-473.0188,0.000000,0.000000,0.000000,0.000000
112365265,-85.2016,-473.0188,0.000000,0.000000,0.000000,0.000000
112365312,-85.2016,-473.0188,0.000000,0.000000,0.000000,0.000000
112365359,-85.2016,-473.0188,0.000000,0.000000,0.000000,0.000000
112365421,-85.2016,-473.0188,0.000000,0.000000,0.000000,0.000000
112365468,-85.2016,-473.0188,0.000000,0.000000,0.000000,0.000000
112365531,-85.2016,-473.0188,0.000000,0.000000,0.000000,0.000000
112365578,-85.2016,-473.0188,0.000000,0.000000,0.000000,0.000000
112365625,-85.2016,-473.0188,0.000000,0.000000,0.000000,0.000000
112365687,-85.2016,-473.0188,0.000000,0.000000,0.000000,0.000000
112365734,-85.2016,-473.0188,0.000000,0.000000,0.000000,0.000000
112365812,-85.2016,-473.0188,0.000000,0.000000,0.000000,0.000000
112365859,-85.2016,-473.0188,0.000000,0.000000,0.000000,0.000000
112365906,-85.2016,-473.0188,0.000000,0.000000,0.000000,0.000000
112365968,-85.2016,-473.0188,0.000000,0.000000,0.000000,0.000000
112366015,-85.2016,-473.0188,0.000000,0.000000,0.000000,0.000000
112366078,-85.2016,-473.0188,0.000000,0.000000,0.000000,0.000000
112366109,-85.2016,-473.0188,0.000000,0.000000,0.000000,0.000000
112366171,-85.2016,-473.0188,0.000000,0.000000,0.000000,0.000000
112366218,-85.2016,-473.0188,0.000000,0.000000,0.000000,0.000000
112366265,-85.2016,-473.0188,0.000000,0.000000,0.000000,0.000000
112366328,-85.2016,-473.0188,0.000000,0.000000,0.000000,0.000000
112366375,-85.2016,-473.0194,0.000000,0.000000,0.000000,0.000000
112366421,-85.2016,-473.0194,0.000000,0.000000,0.000000,0.000000
112366468,-85.2016,-473.0194,0.000000,0.000000,0.000000,0.000000
112366531,-85.2016,-473.0194,0.000000,0.000000,0.000000,0.000000
112366578,-85.2016,-473.0194,0.000000,0.000000,0.000000,0.000000
112366640,-85.2016,-473.0194,0.000000,0.000000,0.000000,0.000000
112366718,-85.2016,-473.0194,0.000000,0.000000,0.000000,0.000000
112366765,-85.2016,-473.0194,0.000000,0.000000,0.000000,0.000000
112366812,-85.2016,-473.0194,0.000000,0.000000,0.000000,0.000000
112366875,-85.2016,-473.0194,0.000000,0.000000,0.000000,0.000000
112366921,-85.2016,-473.0194,0.000000,0.000000,0.000000,0.000000
112366968,-85.2016,-473.0194,0.000000,0.000000,0.000000,0.000000
112367046,-85.2016,-473.0194,0.000000,0.000000,0.000000,0.000000
112367093,-85.2016,-473.0194,0.000000,0.000000,0.000000,0.000000
112367562,-85.2016,-473.0194,0.000000,0.000000,0.000000,0.000000
112367640,-85.2016,-473.0194,0.000000,0.000000,0.000000,0.000000
112367687,-85.2192,-473.0194,0.000000,0.000000,0.000000,0.000000
112367750,-85.2409,-473.0194,0.000000,0.000000,0.000000,0.000000
112367812,-85.2464,-473.0194,0.000000,0.000000,0.000000,0.000000
112367859,-85.2468,-473.0194,0.000000,0.000000,0.000000,0.000000
112367906,-85.2468,-473.0194,0.000000,0.000000,0.000000,0.000000
112367953,-85.2468,-473.0194,0.000000,0.000000,0.000000,0.000000
112368000,-85.2468,-473.0194,0.000000,0.000000,0.000000,0.000000
112368062,-85.2466,-473.0194,0.000000,0.000000,0.000000,0.000000
112368187,-85.2466,-473.0194,0.000000,0.000000,0.000000,0.000000
112368265,-85.2466,-473.0194,0.000000,0.000000,0.000000,0.000000
112368312,-85.2466,-473.0194,0.000000,0.000000,0.000000,0.000000
112368375,-85.2466,-473.0194,0.000000,0.000000,0.000000,0.000000
112368421,-85.2466,-473.0194,0.000000,0.000000,0.000000,0.000000
112368484,-85.2466,-473.0194,0.000000,0.000000,0.000000,0.000000
112368531,-85.2466,-473.0194,0.000000,0.000000,0.000000,0.000000
112368562,-85.2466,-473.0194,0.000000,0.000000,0.000000,0.000000
112368609,-85.2466,-473.0194,0.000000,0.000000,0.000000,0.000000
112368781,-85.2466,-473.0194,0.000000,0.000000,0.000000,0.000000
112368828,-85.2466,-473.0194,0.000000,0.000000,0.000000,0.000000
112368859,-85.2466,-473.0194,0.000000,0.000000,0.000000,0.000000
112368906,-85.2466,-473.0194,0.000000,0.000000,0.000000,0.000000
112368953,-85.2466,-473.0188,0.000000,0.000000,0.000000,0.000000
112368984,-85.2466,-473.0194,0.000000,0.000000,0.000000,0.000000
112369046,-85.2466,-473.0194,0.000000,0.000000,0.000000,0.000000
112369078,-85.2466,-473.0194,0.000000,0.000000,0.000000,0.000000
112369125,-85.2466,-473.0194,0.000000,0.000000,0.000000,0.000000
112369171,-85.2466,-473.0194,0.000000,0.000000,0.000000,0.000000
112369218,-85.2466,-473.0194,0.000000,0.000000,0.000000,0.000000
112369265,-85.2466,-473.0194,0.000000,0.000000,0.000000,0.000000
112369312,-85.2466,-473.0194,0.000000,0.000000,0.000000,0.000000
112369343,-85.2466,-473.0188,0.000000,0.000000,0.000000,0.000000
112369390,-85.2466,-473.0194,0.000000,0.000000,0.000000,0.000000
112369437,-85.2466,-473.0194,0.000000,0.000000,0.000000,0.000000
112369500,-85.2466,-473.0194,0.000000,0.000000,0.000000,0.000000
112369546,-85.2466,-473.0194,0.000000,0.000000,0.000000,0.000000
112369593,-85.2466,-473.0194,0.000000,0.000000,0.000000,0.000000
112369625,-85.2466,-473.0194,0.000000,0.000000,0.000000,0.000000
112369671,-85.2466,-473.0194,0.000000,0.000000,0.000000,0.000000
112369718,-85.2466,-473.0194,0.000000,0.000000,0.000000,0.000000
112369765,-85.2466,-473.0194,0.000000,0.000000,0.000000,0.000000
112369796,-85.2466,-473.0194,0.000000,0.000000,0.000000,0.000000
112369828,-85.2466,-473.0194,0.000000,0.000000,0.000000,0.000000
112369875,-85.2466,-473.0194,0.000000,0.000000,0.000000,0.000000
112369921,-85.2466,-473.0194,0.000000,0.000000,0.000000,0.000000
112369968,-85.2466,-473.0194,0.000000,0.000000,0.000000,0.000000
112370015,-85.2466,-473.0194,0.000000,0.000000,0.000000,0.000000
112370062,-85.2466,-473.0194,0.000000,0.000000,0.000000,0.000000
112370093,-85.2466,-473.0194,0.000000,0.000000,0.000000,0.000000
112370140,-85.2466,-473.0194,0.000000,0.000000,0.000000,0.000000
112370187,-85.2466,-473.0194,0.000000,0.000000,0.000000,0.000000
112370234,-85.2466,-473.0194,0.000000,0.000000,0.000000,0.000000
112370281,-85.2466,-473.0194,0.000000,0.000000,0.000000,0.000000
112370312,-85.2466,-473.0194,0.000000,0.000000,0.000000,0.000000
112370375,-85.2466,-473.0194,0.000000,0.000000,0.000000,0.000000
112370421,-85.2466,-473.0194,0.000000,0.000000,0.000000,0.000000
112370468,-85.2466,-473.0188,0.000000,0.000000,0.000000,0.000000
112370515,-85.2466,-473.0194,0.000000,0.000000,0.000000,0.000000
112370562,-85.2466,-473.0194,0.000000,0.000000,0.000000,0.000000
112370609,-85.2466,-473.0194,0.000000,0.000000,0.000000,0.000000
112370656,-85.2466,-473.0194,0.000000,0.000000,0.000000,0.000000
112370703,-85.2466,-473.0194,0.000000,0.000000,0.000000,0.000000
112370750,-85.2466,-473.0194,0.000000,0.000000,0.000000,0.000000
112370781,-85.2466,-473.0188,0.000000,0.000000,0.000000,0.000000
112370843,-85.2466,-473.0194,0.000000,0.000000,0.000000,0.000000
112370890,-85.2466,-473.0188,0.000000,0.000000,0.000000,0.000000
112370937,-85.2466,-473.0194,0.000000,0.000000,0.000000,0.000000
112370984,-85.2466,-473.0194,0.000000,0.000000,0.000000,0.000000
112371031,-85.2466,-473.0194,0.000000,0.000000,0.000000,0.000000
112371109,-85.2466,-473.0194,0.000000,0.000000,0.000000,0.000000
112371187,-85.2466,-473.0194,0.000000,0.000000,0.000000,0.000000
112371265,-85.2466,-473.0188,0.000000,0.000000,0.000000,0.000000
112371328,-85.2466,-473.0194,0.000000,0.000000,0.000000,0.000000
112371375,-85.2466,-473.0194,0.000000,0.000000,0.000000,0.000000
112371453,-85.2466,-473.0188,0.000000,0.000000,0.000000,0.000000
112371484,-85.2466,-473.0188,0.000000,0.000000,0.000000,0.000000
112371531,-85.2466,-473.0188,0.000000,0.000000,0.000000,0.000000
112371578,-85.2466,-473.0194,0.000000,0.000000,0.000000,0.000000
112371625,-85.2466,-473.0194,0.000000,0.000000,0.000000,0.000000
112371671,-85.2466,-473.0188,0.000000,0.000000,0.000000,0.000000
112371718,-85.2466,-473.0194,0.000000,0.000000,0.000000,0.000000
112371781,-85.2466,-473.0194,0.000000,0.000000,0.000000,0.000000
112371828,-85.2466,-473.0188,0.000000,0.000000,0.000000,0.000000
112371875,-85.2466,-473.0188,0.000000,0.000000,0.000000,0.000000
112371953,-85.2466,-473.0188,0.000000,0.000000,0.000000,0.000000
112372015,-85.2466,-473.0188,0.000000,0.000000,0.000000,0.000000
112372078,-85.2466,-473.0188,0.000000,0.000000,0.000000,0.000000
112372187,-85.2466,-473.0188,0.000000,0.000000,0.000000,0.000000
112372234,-85.2466,-473.0188,0.000000,0.000000,0.000000,0.000000
112372281,-85.2466,-473.0188,0.000000,0.000000,0.000000,0.000000
112372328,-85.2466,-473.0188,0.000000,0.000000,0.000000,0.000000
112372375,-85.2466,-473.0188,0.000000,0.000000,0.000000,0.000000
112372421,-85.2466,-473.0188,0.000000,0.000000,0.000000,0.000000
112372468,-85.2466,-473.0188,0.000000,0.000000,0.000000,0.000000
112372531,-85.2466,-473.0188,0.000000,0.000000,0.000000,0.000000
112372578,-85.2466,-473.0188,0.000000,0.000000,0.000000,0.000000
112372625,-85.2466,-473.0188,0.000000,0.000000,0.000000,0.000000
112372671,-85.2466,-473.0188,0.000000,0.000000,0.000000,0.000000
112372718,-85.2466,-473.0188,0.000000,0.000000,0.000000,0.000000
112372765,-85.2466,-473.0188,0.000000,0.000000,0.000000,0.000000
112372828,-85.2466,-473.0188,0.000000,0.000000,0.000000,0.000000
112372906,-85.2466,-473.0188,0.000000,0.000000,0.000000,0.000000
