tick_ms,session_id,guidewire_mode,axis1_phase,axis6_phase,cyl1_cmd,cyl2_cmd,cyl3_cmd,cyl4_cmd,compensation_enabled,force_sample_valid,calibration_zeroed,freeze_active,plc_hold_active,ads_return_fault,spacing_recovery_active,force_transition_active,manual_cylinder_override,fn_1_raw_v,ft_1_raw_v,fn_1_zero_v,ft_1_zero_v,calibrated_force_n,calibrated_torque_nm,logger_dropped,axis1_segment_active,axis1_grip_assumed,axis1_invalid_reason,axis1_segment_id,axis1_handle_raw,axis1_handle_filtered,axis1_raw_mapping_increment_axis_mm,axis1_nominal_forward_increment_mm,axis1_compensated_requested_forward_increment_mm,axis1_effective_forward_increment_mm,axis1_handover_forward_increment_mm,axis1_session_handover_forward_mm,axis1_compensation_gain,axis1_p_term,axis1_i_term,axis1_integral_limited,axis1_refer_rel_mm,axis1_actual_rel_mm,axis1_actual_forward_delta_mm,axis1_segment_master_forward_mm,axis1_segment_actual_forward_mm,axis1_session_master_forward_mm,axis1_session_actual_forward_mm,axis1_tracking_error_mm,axis1_tracking_error_limited,axis6_segment_active,axis6_grip_assumed,axis6_invalid_reason,axis6_segment_id,axis6_handle_raw,axis6_handle_filtered,axis6_raw_mapping_increment_axis_mm,axis6_nominal_forward_increment_mm,axis6_compensated_requested_forward_increment_mm,axis6_effective_forward_increment_mm,axis6_handover_forward_increment_mm,axis6_session_handover_forward_mm,axis6_compensation_gain,axis6_p_term,axis6_i_term,axis6_integral_limited,axis6_refer_rel_mm,axis6_actual_rel_mm,axis6_actual_forward_delta_mm,axis6_segment_master_forward_mm,axis6_segment_actual_forward_mm,axis6_session_master_forward_mm,axis6_session_actual_forward_mm,axis6_tracking_error_mm,axis6_tracking_error_limited
201796093,1,0,0,0,400,600,400,100,0,1,0,0,0,0,0,0,0,0.00000000,0.00000000,0.00000000,0.00000000,0.00000000,0.00000000,0,0,0,3,0,0.00000000,0.00000000,0.00000000,0.00000000,0.00000000,0.00000000,0.00000000,0.00000000,1.00000000,0.00000000,0.00000000,0,0.00000000,0.00000000,0.00000000,0.00000000,0.00000000,0.00000000,0.00000000,0.00000000,0,0,0,3,0,0.00000000,0.00000000,0.00000000,0.00000000,0.00000000,0.00000000,0.00000000,0.00000000,1.00000000,0.00000000,0.00000000,0,0.00000000,0.00000000,0.00000000,0.00000000,0.00000000,0.00000000,0.00000000,0.00000000,0
201796156,1,0,0,0,400,600,400,100,0,1,0,0,0,0,0,0,0,0.00000000,0.00000000,0.00000000,0.00000000,0.00000000,0.00000000,0,0,0,3,0,0.00000000,0.00000000,0.00000000,0.00000000,0.00000000,0.00000000,0.00000000,0.00000000,1.00000000,0.00000000,0.00000000,0,0.00000000,0.00000000,0.00000000,0.00000000,0.00000000,0.00000000,0.00000000,0.00000000,0,0,0,3,0,0.00000000,0.00000000,0.00000000,0.00000000,0.00000000,0.00000000,0.00000000,0.00000000,1.00000000,0.00000000,0.00000000,0,0.00000000,0.00000000,0.00000000,0.00000000,0.00000000,0.00000000,0.00000000,0.00000000,0
201796234,1,0,0,0,400,600,400,100,0,1,0,0,0,0,0,0,0,0.00000000,0.00000000,0.00000000,0.00000000,0.00000000,0.00000000,0,0,0,3,0,0.00000000,0.00000000,0.00000000,0.00000000,0.00000000,0.00000000,0.00000000,0.00000000,1.00000000,0.00000000,0.00000000,0,0.00000000,0.00000000,0.00000000,0.00000000,0.00000000,0.00000000,0.00000000,0.00000000,0,0,0,3,0,0.00000000,0.00000000,0.00000000,0.00000000,0.00000000,0.00000000,0.00000000,0.00000000,1.00000000,0.00000000,0.00000000,0,0.00000000,0.00000000,0.00000000,0.00000000,0.00000000,0.00000000,0.00000000,0.00000000,0
201796296,1,0,0,0,400,600,400,100,0,1,0,0,0,0,0,0,0,0.00000000,0.00000000,0.00000000,0.00000000,0.00000000,0.00000000,0,0,0,3,0,0.00000000,0.00000000,0.00000000,0.00000000,0.00000000,0.00000000,0.00000000,0.00000000,1.00000000,0.00000000,0.00000000,0,0.00000000,0.00000000,0.00000000,0.00000000,0.00000000,0.00000000,0.00000000,0.00000000,0,0,0,3,0,0.00000000,0.00000000,0.00000000,0.00000000,0.00000000,0.00000000,0.00000000,0.00000000,1.00000000,0.00000000,0.00000000,0,0.00000000,0.00000000,0.00000000,0.00000000,0.00000000,0.00000000,0.00000000,0.00000000,0
201796359,1,0,0,0,400,600,400,100,0,1,0,0,0,0,0,0,0,0.00000000,0.00000000,0.00000000,0.00000000,0.00000000,0.00000000,0,0,0,3,0,0.00000000,0.00000000,0.00000000,0.00000000,0.00000000,0.00000000,0.00000000,0.00000000,1.00000000,0.00000000,0.00000000,0,0.00000000,0.00000000,0.00000000,0.00000000,0.00000000,0.00000000,0.00000000,0.00000000,0,0,0,3,0,0.00000000,0.00000000,0.00000000,0.00000000,0.00000000,0.00000000,0.00000000,0.00000000,1.00000000,0.00000000,0.00000000,0,0.00000000,0.00000000,0.00000000,0.00000000,0.00000000,0.00000000,0.00000000,0.00000000,0
201796421,1,0,0,0,400,600,400,100,0,1,0,0,0,0,0,0,0,0.00000000,0.00000000,0.00000000,0.00000000,0.00000000,0.00000000,0,0,0,3,0,0.00000000,0.00000000,0.00000000,0.00000000,0.00000000,0.00000000,0.00000000,0.00000000,1.00000000,0.00000000,0.00000000,0,0.00000000,0.00000000,0.00000000,0.00000000,0.00000000,0.00000000,0.00000000,0.00000000,0,0,0,3,0,0.00000000,0.00000000,0.00000000,0.00000000,0.00000000,0.00000000,0.00000000,0.00000000,1.00000000,0.00000000,0.00000000,0,0.00000000,0.00000000,0.00000000,0.00000000,0.00000000,0.00000000,0.00000000,0.00000000,0
201796515,1,0,0,0,400,600,400,100,0,1,0,0,0,0,0,0,0,0.00000000,0.00000000,0.00000000,0.00000000,0.00000000,0.00000000,0,0,0,3,0,0.00000000,0.00000000,0.00000000,0.00000000,0.00000000,0.00000000,0.00000000,0.00000000,1.00000000,0.00000000,0.00000000,0,0.00000000,0.00000000,0.00000000,0.00000000,0.00000000,0.00000000,0.00000000,0.00000000,0,0,0,3,0,0.00000000,0.00000000,0.00000000,0.00000000,0.00000000,0.00000000,0.00000000,0.00000000,1.00000000,0.00000000,0.00000000,0,0.00000000,0.00000000,0.00000000,0.00000000,0.00000000,0.00000000,0.00000000,0.00000000,0
201796593,1,0,0,0,400,600,400,100,0,1,0,0,0,0,0,0,0,0.00000000,0.00000000,0.00000000,0.00000000,0.00000000,0.00000000,0,0,0,3,0,0.00000000,0.00000000,0.00000000,0.00000000,0.00000000,0.00000000,0.00000000,0.00000000,1.00000000,0.00000000,0.00000000,0,0.00000000,0.00000000,0.00000000,0.00000000,0.00000000,0.00000000,0.00000000,0.00000000,0,0,0,3,0,0.00000000,0.00000000,0.00000000,0.00000000,0.00000000,0.00000000,0.00000000,0.00000000,1.00000000,0.00000000,0.00000000,0,0.00000000,0.00000000,0.00000000,0.00000000,0.00000000,0.00000000,0.00000000,0.00000000,0
201796656,1,0,0,0,400,600,400,100,0,1,0,0,0,0,0,0,0,0.00000000,0.00000000,0.00000000,0.00000000,0.00000000,0.00000000,0,0,0,3,0,0.00000000,0.00000000,0.00000000,0.00000000,0.00000000,0.00000000,0.00000000,0.00000000,1.00000000,0.00000000,0.00000000,0,0.00000000,0.00000000,0.00000000,0.00000000,0.00000000,0.00000000,0.00000000,0.00000000,0,0,0,3,0,0.00000000,0.00000000,0.00000000,0.00000000,0.00000000,0.00000000,0.00000000,0.00000000,1.00000000,0.00000000,0.00000000,0,0.00000000,0.00000000,0.00000000,0.00000000,0.00000000,0.00000000,0.00000000,0.00000000,0
201796718,1,0,0,0,400,600,400,100,0,1,0,0,0,0,0,0,0,0.00000000,0.00000000,0.00000000,0.00000000,0.00000000,0.00000000,0,0,0,3,0,0.00000000,0.00000000,0.00000000,0.00000000,0.00000000,0.00000000,0.00000000,0.00000000,1.00000000,0.00000000,0.00000000,0,0.00000000,0.00000000,0.00000000,0.00000000,0.00000000,0.00000000,0.00000000,0.00000000,0,0,0,3,0,0.00000000,0.00000000,0.00000000,0.00000000,0.00000000,0.00000000,0.00000000,0.00000000,1.00000000,0.00000000,0.00000000,0,0.00000000,0.00000000,0.00000000,0.00000000,0.00000000,0.00000000,0.00000000,0.00000000,0
201796781,1,0,0,0,400,600,400,100,0,1,0,0,0,0,0,0,0,0.00000000,0.00000000,0.00000000,0.00000000,0.00000000,0.00000000,0,0,0,3,0,0.00000000,0.00000000,0.00000000,0.00000000,0.00000000,0.00000000,0.00000000,0.00000000,1.00000000,0.00000000,0.00000000,0,0.00000000,0.00000000,0.00000000,0.00000000,0.00000000,0.00000000,0.00000000,0.00000000,0,0,0,3,0,0.00000000,0.00000000,0.00000000,0.00000000,0.00000000,0.00000000,0.00000000,0.00000000,1.00000000,0.00000000,0.00000000,0,0.00000000,0.00000000,0.00000000,0.00000000,0.00000000,0.00000000,0.00000000,0.00000000,0
201796843,1,0,0,0,400,600,400,100,0,1,0,0,0,0,0,0,0,0.00000000,0.00000000,0.00000000,0.00000000,0.00000000,0.00000000,0,0,0,3,0,0.00000000,0.00000000,0.00000000,0.00000000,0.00000000,0.00000000,0.00000000,0.00000000,1.00000000,0.00000000,0.00000000,0,0.00000000,0.00000000,0.00000000,0.00000000,0.00000000,0.00000000,0.00000000,0.00000000,0,0,0,3,0,0.00000000,0.00000000,0.00000000,0.00000000,0.00000000,0.00000000,0.00000000,0.00000000,1.00000000,0.00000000,0.00000000,0,0.00000000,0.00000000,0.00000000,0.00000000,0.00000000,0.00000000,0.00000000,0.00000000,0
201796921,1,0,0,0,400,600,400,100,0,1,0,0,0,0,0,0,0,0.00000000,0.00000000,0.00000000,0.00000000,0.00000000,0.00000000,0,0,0,3,0,0.00000000,0.00000000,0.00000000,0.00000000,0.00000000,0.00000000,0.00000000,0.00000000,1.00000000,0.00000000,0.00000000,0,0.00000000,0.00000000,0.00000000,0.00000000,0.00000000,0.00000000,0.00000000,0.00000000,0,0,0,3,0,0.00000000,0.00000000,0.00000000,0.00000000,0.00000000,0.00000000,0.00000000,0.00000000,1.00000000,0.00000000,0.00000000,0,0.00000000,0.00000000,0.00000000,0.00000000,0.00000000,0.00000000,0.00000000,0.00000000,0
201796984,1,0,0,0,400,600,400,100,0,1,0,0,0,0,0,0,0,0.00000000,0.00000000,0.00000000,0.00000000,0.00000000,0.00000000,0,0,0,3,0,0.00000000,0.00000000,0.00000000,0.00000000,0.00000000,0.00000000,0.00000000,0.00000000,1.00000000,0.00000000,0.00000000,0,0.00000000,0.00000000,0.00000000,0.00000000,0.00000000,0.00000000,0.00000000,0.00000000,0,0,0,3,0,0.00000000,0.00000000,0.00000000,0.00000000,0.00000000,0.00000000,0.00000000,0.00000000,1.00000000,0.00000000,0.00000000,0,0.00000000,0.00000000,0.00000000,0.00000000,0.00000000,0.00000000,0.00000000,0.00000000,0
201797046,1,0,0,0,400,600,400,100,0,1,0,0,0,0,0,0,0,0.00000000,0.00000000,0.00000000,0.00000000,0.00000000,0.00000000,0,0,0,3,0,0.00000000,0.00000000,0.00000000,0.00000000,0.00000000,0.00000000,0.00000000,0.00000000,1.00000000,0.00000000,0.00000000,0,0.00000000,0.00000000,0.00000000,0.00000000,0.00000000,0.00000000,0.00000000,0.00000000,0,0,0,3,0,0.00000000,0.00000000,0.00000000,0.00000000,0.00000000,0.00000000,0.00000000,0.00000000,1.00000000,0.00000000,0.00000000,0,0.00000000,0.00000000,0.00000000,0.00000000,0.00000000,0.00000000,0.00000000,0.00000000,0
201797125,1,0,0,0,400,600,400,100,0,1,0,0,0,0,0,0,0,0.00000000,0.00000000,0.00000000,0.00000000,0.00000000,0.00000000,0,0,0,3,0,0.00000000,0.00000000,0.00000000,0.00000000,0.00000000,0.00000000,0.00000000,0.00000000,1.00000000,0.00000000,0.00000000,0,0.00000000,0.00000000,0.00000000,0.00000000,0.00000000,0.00000000,0.00000000,0.00000000,0,0,0,3,0,0.00000000,0.00000000,0.00000000,0.00000000,0.00000000,0.00000000,0.00000000,0.00000000,1.00000000,0.00000000,0.00000000,0,0.00000000,0.00000000,0.00000000,0.00000000,0.00000000,0.00000000,0.00000000,0.00000000,0
201797187,1,0,0,0,400,600,400,100,0,1,0,0,0,0,0,0,0,0.00000000,0.00000000,0.00000000,0.00000000,0.00000000,0.00000000,0,0,0,3,0,0.00000000,0.00000000,0.00000000,0.00000000,0.00000000,0.00000000,0.00000000,0.00000000,1.00000000,0.00000000,0.00000000,0,0.00000000,0.00000000,0.00000000,0.00000000,0.00000000,0.00000000,0.00000000,0.00000000,0,0,0,3,0,0.00000000,0.00000000,0.00000000,0.00000000,0.00000000,0.00000000,0.00000000,0.00000000,1.00000000,0.00000000,0.00000000,0,0.00000000,0.00000000,0.00000000,0.00000000,0.00000000,0.00000000,0.00000000,0.00000000,0
201797250,1,0,0,0,400,600,400,100,0,1,0,0,0,0,0,0,0,0.00000000,0.00000000,0.00000000,0.00000000,0.00000000,0.00000000,0,0,0,3,0,0.00000000,0.00000000,0.00000000,0.00000000,0.00000000,0.00000000,0.00000000,0.00000000,1.00000000,0.00000000,0.00000000,0,0.00000000,0.00000000,0.00000000,0.00000000,0.00000000,0.00000000,0.00000000,0.00000000,0,0,0,3,0,0.00000000,0.00000000,0.00000000,0.00000000,0.00000000,0.00000000,0.00000000,0.00000000,1.00000000,0.00000000,0.00000000,0,0.00000000,0.00000000,0.00000000,0.00000000,0.00000000,0.00000000,0.00000000,0.00000000,0
201797312,1,0,0,0,400,600,400,100,0,1,0,0,0,0,0,0,0,0.00000000,0.00000000,0.00000000,0.00000000,0.00000000,0.00000000,0,0,0,3,0,0.00000000,0.00000000,0.00000000,0.00000000,0.00000000,0.00000000,0.00000000,0.00000000,1.00000000,0.00000000,0.00000000,0,0.00000000,0.00000000,0.00000000,0.00000000,0.00000000,0.00000000,0.00000000,0.00000000,0,0,0,3,0,0.00000000,0.00000000,0.00000000,0.00000000,0.00000000,0.00000000,0.00000000,0.00000000,1.00000000,0.00000000,0.00000000,0,0.00000000,0.00000000,0.00000000,0.00000000,0.00000000,0.00000000,0.00000000,0.00000000,0
201797375,1,0,0,0,400,600,400,100,0,1,0,0,0,0,0,0,0,0.00000000,0.00000000,0.00000000,0.00000000,0.00000000,0.00000000,0,0,0,3,0,0.00000000,0.00000000,0.00000000,0.00000000,0.00000000,0.00000000,0.00000000,0.00000000,1.00000000,0.00000000,0.00000000,0,0.00000000,0.00000000,0.00000000,0.00000000,0.00000000,0.00000000,0.00000000,0.00000000,0,0,0,3,0,0.00000000,0.00000000,0.00000000,0.00000000,0.00000000,0.00000000,0.00000000,0.00000000,1.00000000,0.00000000,0.00000000,0,0.00000000,0.00000000,0.00000000,0.00000000,0.00000000,0.00000000,0.00000000,0.00000000,0
201797437,1,0,0,0,400,600,400,100,0,1,0,0,0,0,0,0,0,0.00000000,0.00000000,0.00000000,0.00000000,0.00000000,0.00000000,0,0,0,3,0,0.00000000,0.00000000,0.00000000,0.00000000,0.00000000,0.00000000,0.00000000,0.00000000,1.00000000,0.00000000,0.00000000,0,0.00000000,0.00000000,0.00000000,0.00000000,0.00000000,0.00000000,0.00000000,0.00000000,0,0,0,3,0,0.00000000,0.00000000,0.00000000,0.00000000,0.00000000,0.00000000,0.00000000,0.00000000,1.00000000,0.00000000,0.00000000,0,0.00000000,0.00000000,0.00000000,0.00000000,0.00000000,0.00000000,0.00000000,0.00000000,0
201797500,1,0,0,0,400,600,400,100,0,1,0,0,0,0,0,0,0,0.00000000,0.00000000,0.00000000,0.00000000,0.00000000,0.00000000,0,0,0,3,0,0.00000000,0.00000000,0.00000000,0.00000000,0.00000000,0.00000000,0.00000000,0.00000000,1.00000000,0.00000000,0.00000000,0,0.00000000,0.00000000,0.00000000,0.00000000,0.00000000,0.00000000,0.00000000,0.00000000,0,0,0,3,0,0.00000000,0.00000000,0.00000000,0.00000000,0.00000000,0.00000000,0.00000000,0.00000000,1.00000000,0.00000000,0.00000000,0,0.00000000,0.00000000,0.00000000,0.00000000,0.00000000,0.00000000,0.00000000,0.00000000,0
201797562,1,0,0,0,400,600,400,100,0,1,0,0,0,0,0,0,0,0.00000000,0.00000000,0.00000000,0.00000000,0.00000000,0.00000000,0,0,0,3,0,0.00000000,0.00000000,0.00000000,0.00000000,0.00000000,0.00000000,0.00000000,0.00000000,1.00000000,0.00000000,0.00000000,0,0.00000000,0.00000000,0.00000000,0.00000000,0.00000000,0.00000000,0.00000000,0.00000000,0,0,0,3,0,0.00000000,0.00000000,0.00000000,0.00000000,0.00000000,0.00000000,0.00000000,0.00000000,1.00000000,0.00000000,0.00000000,0,0.00000000,0.00000000,0.00000000,0.00000000,0.00000000,0.00000000,0.00000000,0.00000000,0
201797625,1,0,0,0,400,600,400,100,0,1,0,0,0,0,0,0,0,0.00000000,0.00000000,0.00000000,0.00000000,0.00000000,0.00000000,0,0,0,3,0,0.00000000,0.00000000,0.00000000,0.00000000,0.00000000,0.00000000,0.00000000,0.00000000,1.00000000,0.00000000,0.00000000,0,0.00000000,0.00000000,0.00000000,0.00000000,0.00000000,0.00000000,0.00000000,0.00000000,0,0,0,3,0,0.00000000,0.00000000,0.00000000,0.00000000,0.00000000,0.00000000,0.00000000,0.00000000,1.00000000,0.00000000,0.00000000,0,0.00000000,0.00000000,0.00000000,0.00000000,0.00000000,0.00000000,0.00000000,0.00000000,0
201797687,1,0,0,0,400,600,400,100,0,1,0,0,0,0,0,0,0,0.00000000,0.00000000,0.00000000,0.00000000,0.00000000,0.00000000,0,0,0,3,0,0.00000000,0.00000000,0.00000000,0.00000000,0.00000000,0.00000000,0.00000000,0.00000000,1.00000000,0.00000000,0.00000000,0,0.00000000,0.00000000,0.00000000,0.00000000,0.00000000,0.00000000,0.00000000,0.00000000,0,0,0,3,0,0.00000000,0.00000000,0.00000000,0.00000000,0.00000000,0.00000000,0.00000000,0.00000000,1.00000000,0.00000000,0.00000000,0,0.00000000,0.00000000,0.00000000,0.00000000,0.00000000,0.00000000,0.00000000,0.00000000,0
201797750,1,0,0,0,400,600,400,100,0,1,0,0,0,0,0,0,0,0.00000000,0.00000000,0.00000000,0.00000000,0.00000000,0.00000000,0,0,0,3,0,0.00000000,0.00000000,0.00000000,0.00000000,0.00000000,0.00000000,0.00000000,0.00000000,1.00000000,0.00000000,0.00000000,0,0.00000000,0.00000000,0.00000000,0.00000000,0.00000000,0.00000000,0.00000000,0.00000000,0,0,0,3,0,0.00000000,0.00000000,0.00000000,0.00000000,0.00000000,0.00000000,0.00000000,0.00000000,1.00000000,0.00000000,0.00000000,0,0.00000000,0.00000000,0.00000000,0.00000000,0.00000000,0.00000000,0.00000000,0.00000000,0
201797812,1,0,0,0,400,600,400,100,0,1,0,0,0,0,0,0,0,0.00000000,0.00000000,0.00000000,0.00000000,0.00000000,0.00000000,0,0,0,3,0,0.00000000,0.00000000,0.00000000,0.00000000,0.00000000,0.00000000,0.00000000,0.00000000,1.00000000,0.00000000,0.00000000,0,0.00000000,0.00000000,0.00000000,0.00000000,0.00000000,0.00000000,0.00000000,0.00000000,0,0,0,3,0,0.00000000,0.00000000,0.00000000,0.00000000,0.00000000,0.00000000,0.00000000,0.00000000,1.00000000,0.00000000,0.00000000,0,0.00000000,0.00000000,0.00000000,0.00000000,0.00000000,0.00000000,0.00000000,0.00000000,0
201797875,1,0,0,0,400,600,400,100,0,1,0,0,0,0,0,0,0,0.00000000,0.00000000,0.00000000,0.00000000,0.00000000,0.00000000,0,0,0,3,0,0.00000000,0.00000000,0.00000000,0.00000000,0.00000000,0.00000000,0.00000000,0.00000000,1.00000000,0.00000000,0.00000000,0,0.00000000,0.00000000,0.00000000,0.00000000,0.00000000,0.00000000,0.00000000,0.00000000,0,0,0,3,0,0.00000000,0.00000000,0.00000000,0.00000000,0.00000000,0.00000000,0.00000000,0.00000000,1.00000000,0.00000000,0.00000000,0,0.00000000,0.00000000,0.00000000,0.00000000,0.00000000,0.00000000,0.00000000,0.00000000,0
201797937,1,0,0,0,400,600,400,100,0,1,0,0,0,0,0,0,0,0.00000000,0.00000000,0.00000000,0.00000000,0.00000000,0.00000000,0,0,0,3,0,0.00000000,0.00000000,0.00000000,0.00000000,0.00000000,0.00000000,0.00000000,0.00000000,1.00000000,0.00000000,0.00000000,0,0.00000000,0.00000000,0.00000000,0.00000000,0.00000000,0.00000000,0.00000000,0.00000000,0,0,0,3,0,0.00000000,0.00000000,0.00000000,0.00000000,0.00000000,0.00000000,0.00000000,0.00000000,1.00000000,0.00000000,0.00000000,0,0.00000000,0.00000000,0.00000000,0.00000000,0.00000000,0.00000000,0.00000000,0.00000000,0
201798000,1,0,0,0,400,600,400,100,0,1,0,0,0,0,0,0,0,0.00000000,0.00000000,0.00000000,0.00000000,0.00000000,0.00000000,0,0,0,3,0,0.00000000,0.00000000,0.00000000,0.00000000,0.00000000,0.00000000,0.00000000,0.00000000,1.00000000,0.00000000,0.00000000,0,0.00000000,0.00000000,0.00000000,0.00000000,0.00000000,0.00000000,0.00000000,0.00000000,0,0,0,3,0,0.00000000,0.00000000,0.00000000,0.00000000,0.00000000,0.00000000,0.00000000,0.00000000,1.00000000,0.00000000,0.00000000,0,0.00000000,0.00000000,0.00000000,0.00000000,0.00000000,0.00000000,0.00000000,0.00000000,0
201798062,1,0,0,0,400,600,400,100,0,1,0,0,0,0,0,0,0,0.00000000,0.00000000,0.00000000,0.00000000,0.00000000,0.00000000,0,0,0,3,0,0.00000000,0.00000000,0.00000000,0.00000000,0.00000000,0.00000000,0.00000000,0.00000000,1.00000000,0.00000000,0.00000000,0,0.00000000,0.00000000,0.00000000,0.00000000,0.00000000,0.00000000,0.00000000,0.00000000,0,0,0,3,0,0.00000000,0.00000000,0.00000000,0.00000000,0.00000000,0.00000000,0.00000000,0.00000000,1.00000000,0.00000000,0.00000000,0,0.00000000,0.00000000,0.00000000,0.00000000,0.00000000,0.00000000,0.00000000,0.00000000,0
201798140,1,0,0,0,400,600,400,100,0,1,0,0,0,0,0,0,0,0.00000000,0.00000000,0.00000000,0.00000000,0.00000000,0.00000000,0,0,0,3,0,0.00000000,0.00000000,0.00000000,0.00000000,0.00000000,0.00000000,0.00000000,0.00000000,1.00000000,0.00000000,0.00000000,0,0.00000000,0.00000000,0.00000000,0.00000000,0.00000000,0.00000000,0.00000000,0.00000000,0,0,0,3,0,0.00000000,0.00000000,0.00000000,0.00000000,0.00000000,0.00000000,0.00000000,0.00000000,1.00000000,0.00000000,0.00000000,0,0.00000000,0.00000000,0.00000000,0.00000000,0.00000000,0.00000000,0.00000000,0.00000000,0
201798265,1,0,0,0,400,0,500,0,0,1,0,0,0,0,0,0,0,0.00000000,0.00000000,0.00000000,0.00000000,0.00000000,0.00000000,0,0,0,3,0,-0.11059787,-0.11059787,-0.00000000,0.00000000,0.00000000,0.00000000,0.00000000,0.00000000,1.00000000,0.00000000,0.00000000,0,-76.11582483,-76.11582483,0.00000000,0.00000000,0.00000000,0.00000000,0.00000000,0.00000000,0,0,0,2,0,-0.10626349,-0.10626349,-0.00000000,0.00000000,0.00000000,0.00000000,0.00000000,0.00000000,1.00000000,0.00000000,0.00000000,0,86.00004417,86.00004417,0.00000000,0.00000000,0.00000000,0.00000000,0.00000000,0.00000000,0
201798359,1,0,0,0,400,0,500,0,0,1,0,0,0,0,0,0,0,0.00000000,0.00000000,0.00000000,0.00000000,0.00000000,0.00000000,0,0,0,3,0,-0.11059787,-0.11059787,-0.00000000,0.00000000,0.00000000,0.00000000,0.00000000,0.00000000,1.00000000,0.00000000,0.00000000,0,-76.11582483,-76.11582483,0.00000000,0.00000000,0.00000000,0.00000000,0.00000000,0.00000000,0,0,0,2,0,-0.10626349,-0.10626349,-0.00000000,0.00000000,0.00000000,0.00000000,0.00000000,0.00000000,1.00000000,0.00000000,0.00000000,0,86.00004417,86.00004417,0.00000000,0.00000000,0.00000000,0.00000000,0.00000000,0.00000000,0
201798453,1,0,0,0,400,0,500,0,0,1,0,0,0,0,0,0,0,0.00000000,0.00000000,0.00000000,0.00000000,0.00000000,0.00000000,0,0,0,3,0,-0.11059787,-0.11059787,-0.00000000,0.00000000,0.00000000,0.00000000,0.00000000,0.00000000,1.00000000,0.00000000,0.00000000,0,-76.11582483,-76.11582483,0.00000000,0.00000000,0.00000000,0.00000000,0.00000000,0.00000000,0,0,0,2,0,-0.10626349,-0.10626349,-0.00000000,0.00000000,0.00000000,0.00000000,0.00000000,0.00000000,1.00000000,0.00000000,0.00000000,0,86.00004417,86.00004417,0.00000000,0.00000000,0.00000000,0.00000000,0.00000000,0.00000000,0
201798546,1,0,0,0,400,0,500,0,0,1,0,0,0,0,0,0,0,0.00000000,0.00000000,0.00000000,0.00000000,0.00000000,0.00000000,0,0,0,3,0,-0.11059787,-0.11059787,-0.00000000,0.00000000,0.00000000,0.00000000,0.00000000,0.00000000,1.00000000,0.00000000,0.00000000,0,-76.11582483,-76.11582483,0.00000000,0.00000000,0.00000000,0.00000000,0.00000000,0.00000000,0,0,0,2,0,-0.10626349,-0.10626349,-0.00000000,0.00000000,0.00000000,0.00000000,0.00000000,0.00000000,1.00000000,0.00000000,0.00000000,0,86.00004417,86.00004417,0.00000000,0.00000000,0.00000000,0.00000000,0.00000000,0.00000000,0
201798640,1,0,0,0,400,0,500,0,0,1,0,0,0,0,0,0,0,0.00000000,0.00000000,0.00000000,0.00000000,0.00000000,0.00000000,0,0,0,3,0,-0.11059787,-0.11059787,-0.00000000,0.00000000,0.00000000,0.00000000,0.00000000,0.00000000,1.00000000,0.00000000,0.00000000,0,-75.99996274,-76.11582483,0.00000000,0.00000000,0.00000000,0.00000000,0.00000000,0.00000000,0,0,0,2,0,-0.10626349,-0.10626349,-0.00000000,0.00000000,0.00000000,0.00000000,0.00000000,0.00000000,1.00000000,0.00000000,0.00000000,0,-269.99993000,86.00004417,0.00000000,0.00000000,0.00000000,0.00000000,0.00000000,0.00000000,0
201798718,1,0,0,0,400,0,500,0,0,1,0,0,0,0,0,0,0,0.00000000,0.00000000,0.00000000,0.00000000,0.00000000,0.00000000,0,0,0,3,0,-0.11059787,-0.11059787,-0.00000000,0.00000000,0.00000000,0.00000000,0.00000000,0.00000000,1.00000000,0.00000000,0.00000000,0,-75.99996274,-76.00136634,0.00000000,0.00000000,0.00000000,0.00000000,0.00000000,0.00000000,0,0,0,2,0,-0.10626349,-0.10626349,-0.00000000,0.00000000,0.00000000,0.00000000,0.00000000,0.00000000,1.00000000,0.00000000,0.00000000,0,-269.99993000,82.87244273,0.00000000,0.00000000,0.00000000,0.00000000,0.00000000,0.00000000,0
201798812,1,0,0,0,400,0,500,0,0,1,0,0,0,0,0,0,0,0.00000000,0.00000000,0.00000000,0.00000000,0.00000000,0.00000000,0,0,0,3,0,-0.11059787,-0.11059787,-0.00000000,0.00000000,0.00000000,0.00000000,0.00000000,0.00000000,1.00000000,0.00000000,0.00000000,0,-75.99996274,-76.00059088,0.00000000,0.00000000,0.00000000,0.00000000,0.00000000,0.00000000,0,0,0,2,0,-0.10626349,-0.10626349,-0.00000000,0.00000000,0.00000000,0.00000000,0.00000000,0.00000000,1.00000000,0.00000000,0.00000000,0,-269.99993000,78.82172894,0.00000000,0.00000000,0.00000000,0.00000000,0.00000000,0.00000000,0
201798890,1,0,0,0,400,0,500,0,0,1,0,0,0,0,0,0,0,0.00000000,0.00000000,0.00000000,0.00000000,0.00000000,0.00000000,0,0,0,3,0,-0.11059787,-0.11059787,-0.00000000,0.00000000,0.00000000,0.00000000,0.00000000,0.00000000,1.00000000,0.00000000,0.00000000,0,-75.99996274,-76.00028069,0.00000000,0.00000000,0.00000000,0.00000000,0.00000000,0.00000000,0,0,0,2,0,-0.10626349,-0.10626349,-0.00000000,0.00000000,0.00000000,0.00000000,0.00000000,0.00000000,1.00000000,0.00000000,0.00000000,0,-269.99993000,74.95216354,0.00000000,0.00000000,0.00000000,0.00000000,0.00000000,0.00000000,0
201798984,1,0,0,0,400,0,500,0,0,1,0,0,0,0,0,0,0,0.00000000,0.00000000,0.00000000,0.00000000,0.00000000,0.00000000,0,0,0,3,0,-0.11059787,-0.11059787,-0.00000000,0.00000000,0.00000000,0.00000000,0.00000000,0.00000000,1.00000000,0.00000000,0.00000000,0,-75.99996274,-76.00012560,0.00000000,0.00000000,0.00000000,0.00000000,0.00000000,0.00000000,0,0,0,2,0,-0.10626349,-0.10626349,-0.00000000,0.00000000,0.00000000,0.00000000,0.00000000,0.00000000,1.00000000,0.00000000,0.00000000,0,-269.99993000,71.08135739,0.00000000,0.00000000,0.00000000,0.00000000,0.00000000,0.00000000,0
201799078,1,0,0,0,400,0,500,0,0,1,0,0,0,0,0,0,0,0.00000000,0.00000000,0.00000000,0.00000000,0.00000000,0.00000000,0,0,0,3,0,-0.11059787,-0.11059787,-0.00000000,0.00000000,0.00000000,0.00000000,0.00000000,0.00000000,1.00000000,0.00000000,0.00000000,0,-75.99996274,-75.99997051,0.00000000,0.00000000,0.00000000,0.00000000,0.00000000,0.00000000,0,0,0,2,0,-0.10626349,-0.10626349,-0.00000000,0.00000000,0.00000000,0.00000000,0.00000000,0.00000000,1.00000000,0.00000000,0.00000000,0,-269.99993000,66.62786759,0.00000000,0.00000000,0.00000000,0.00000000,0.00000000,0.00000000,0
201799171,1,0,0,0,400,0,500,0,0,1,0,0,0,0,0,0,0,0.00000000,0.00000000,0.00000000,0.00000000,0.00000000,0.00000000,0,0,0,3,0,-0.11059787,-0.11059787,-0.00000000,0.00000000,0.00000000,0.00000000,0.00000000,0.00000000,1.00000000,0.00000000,0.00000000,0,-75.99996274,-75.99997051,0.00000000,0.00000000,0.00000000,0.00000000,0.00000000,0.00000000,0,0,0,2,0,-0.10626349,-0.10626349,-0.00000000,0.00000000,0.00000000,0.00000000,0.00000000,0.00000000,1.00000000,0.00000000,0.00000000,0,-269.99993000,62.48937127,0.00000000,0.00000000,0.00000000,0.00000000,0.00000000,0.00000000,0
201799265,1,0,0,0,400,0,500,0,0,1,0,0,0,0,0,0,0,0.00000000,0.00000000,0.00000000,0.00000000,0.00000000,0.00000000,0,0,0,3,0,-0.11059787,-0.11059787,-0.00000000,0.00000000,0.00000000,0.00000000,0.00000000,0.00000000,1.00000000,0.00000000,0.00000000,0,-75.99996274,-75.99997051,0.00000000,0.00000000,0.00000000,0.00000000,0.00000000,0.00000000,0,0,0,2,0,-0.10626349,-0.10626349,-0.00000000,0.00000000,0.00000000,0.00000000,0.00000000,0.00000000,1.00000000,0.00000000,0.00000000,0,-269.99993000,58.42888663,0.00000000,0.00000000,0.00000000,0.00000000,0.00000000,0.00000000,0
201799359,1,0,0,0,400,0,500,0,0,1,0,0,0,0,0,0,0,0.00000000,0.00000000,0.00000000,0.00000000,0.00000000,0.00000000,0,0,0,3,0,-0.11059787,-0.11059787,-0.00000000,0.00000000,0.00000000,0.00000000,0.00000000,0.00000000,1.00000000,0.00000000,0.00000000,0,-75.99996274,-75.99997051,0.00000000,0.00000000,0.00000000,0.00000000,0.00000000,0.00000000,0,0,0,2,0,-0.10626349,-0.10626349,-0.00000000,0.00000000,0.00000000,0.00000000,0.00000000,0.00000000,1.00000000,0.00000000,0.00000000,0,-269.99993000,56.40895799,0.00000000,0.00000000,0.00000000,0.00000000,0.00000000,0.00000000,0
201799453,1,0,0,0,400,0,500,0,0,1,0,0,0,0,0,0,0,0.00000000,0.00000000,0.00000000,0.00000000,0.00000000,0.00000000,0,0,0,3,0,-0.11059787,-0.11059787,-0.00000000,0.00000000,0.00000000,0.00000000,0.00000000,0.00000000,1.00000000,0.00000000,0.00000000,0,-75.99996274,-75.99997051,0.00000000,0.00000000,0.00000000,0.00000000,0.00000000,0.00000000,0,0,0,2,0,-0.10626349,-0.10626349,-0.00000000,0.00000000,0.00000000,0.00000000,0.00000000,0.00000000,1.00000000,0.00000000,0.00000000,0,-269.99993000,56.39282833,0.00000000,0.00000000,0.00000000,0.00000000,0.00000000,0.00000000,0
201799546,1,0,0,0,400,0,500,0,0,1,0,0,0,0,0,0,0,0.00000000,0.00000000,0.00000000,0.00000000,0.00000000,0.00000000,0,0,0,3,0,-0.11059787,-0.11059787,-0.00000000,0.00000000,0.00000000,0.00000000,0.00000000,0.00000000,1.00000000,0.00000000,0.00000000,0,-75.99996274,-75.99997051,0.00000000,0.00000000,0.00000000,0.00000000,0.00000000,0.00000000,0,0,0,2,0,-0.10626349,-0.10626349,-0.00000000,0.00000000,0.00000000,0.00000000,0.00000000,0.00000000,1.00000000,0.00000000,0.00000000,0,-269.99993000,56.34118243,0.00000000,0.00000000,0.00000000,0.00000000,0.00000000,0.00000000,0
201799640,1,0,0,0,400,0,500,0,0,1,0,0,0,0,0,0,0,0.00000000,0.00000000,0.00000000,0.00000000,0.00000000,0.00000000,0,0,0,3,0,-0.11059787,-0.11059787,-0.00000000,0.00000000,0.00000000,0.00000000,0.00000000,0.00000000,1.00000000,0.00000000,0.00000000,0,-75.99996274,-75.99997051,0.00000000,0.00000000,0.00000000,0.00000000,0.00000000,0.00000000,0,0,0,2,0,-0.10626349,-0.10626349,-0.00000000,0.00000000,0.00000000,0.00000000,0.00000000,0.00000000,1.00000000,0.00000000,0.00000000,0,-269.99993000,56.31977962,0.00000000,0.00000000,0.00000000,0.00000000,0.00000000,0.00000000,0
201799718,1,0,0,0,400,0,500,0,0,1,0,0,0,0,0,0,0,0.00000000,0.00000000,0.00000000,0.00000000,0.00000000,0.00000000,0,0,0,3,0,-0.11059787,-0.11059787,-0.00000000,0.00000000,0.00000000,0.00000000,0.00000000,0.00000000,1.00000000,0.00000000,0.00000000,0,-75.99996274,-75.99997051,0.00000000,0.00000000,0.00000000,0.00000000,0.00000000,0.00000000,0,0,0,2,0,-0.10626349,-0.10626349,-0.00000000,0.00000000,0.00000000,0.00000000,0.00000000,0.00000000,1.00000000,0.00000000,0.00000000,0,-269.99993000,56.27914531,0.00000000,0.00000000,0.00000000,0.00000000,0.00000000,0.00000000,0
201799812,1,0,0,0,400,0,500,0,0,1,0,0,0,0,0,0,0,0.00000000,0.00000000,0.00000000,0.00000000,0.00000000,0.00000000,0,0,0,3,0,-0.11059787,-0.11059787,-0.00000000,0.00000000,0.00000000,0.00000000,0.00000000,0.00000000,1.00000000,0.00000000,0.00000000,0,-75.99996274,-75.99997051,0.00000000,0.00000000,0.00000000,0.00000000,0.00000000,0.00000000,0,0,0,2,0,-0.10626349,-0.10626349,-0.00000000,0.00000000,0.00000000,0.00000000,0.00000000,0.00000000,1.00000000,0.00000000,0.00000000,0,-269.99993000,56.27464762,0.00000000,0.00000000,0.00000000,0.00000000,0.00000000,0.00000000,0
201799906,1,0,0,0,400,0,500,0,0,1,0,0,0,0,0,0,0,0.00000000,0.00000000,0.00000000,0.00000000,0.00000000,0.00000000,0,0,0,3,0,-0.11059787,-0.11059787,-0.00000000,0.00000000,0.00000000,0.00000000,0.00000000,0.00000000,1.00000000,0.00000000,0.00000000,0,-75.99996274,-75.99997051,0.00000000,0.00000000,0.00000000,0.00000000,0.00000000,0.00000000,0,0,0,2,0,-0.10626349,-0.10626349,-0.00000000,0.00000000,0.00000000,0.00000000,0.00000000,0.00000000,1.00000000,0.00000000,0.00000000,0,-269.99993000,56.26658279,0.00000000,0.00000000,0.00000000,0.00000000,0.00000000,0.00000000,0
201799968,1,0,0,0,400,0,500,0,0,1,0,0,0,0,0,0,0,0.00000000,0.00000000,0.00000000,0.00000000,0.00000000,0.00000000,0,0,0,3,0,-0.11059787,-0.11059787,-0.00000000,0.00000000,0.00000000,0.00000000,0.00000000,0.00000000,1.00000000,0.00000000,0.00000000,0,-75.99996274,-75.99997051,0.00000000,0.00000000,0.00000000,0.00000000,0.00000000,0.00000000,0,0,0,2,0,-0.10626349,-0.10626349,-0.00000000,0.00000000,0.00000000,0.00000000,0.00000000,0.00000000,1.00000000,0.00000000,0.00000000,0,-269.99993000,56.26363603,0.00000000,0.00000000,0.00000000,0.00000000,0.00000000,0.00000000,0
201800062,1,0,0,0,400,0,500,0,0,1,0,0,0,0,0,0,0,0.00000000,0.00000000,0.00000000,0.00000000,0.00000000,0.00000000,0,0,0,3,0,-0.11059787,-0.11059787,-0.00000000,0.00000000,0.00000000,0.00000000,0.00000000,0.00000000,1.00000000,0.00000000,0.00000000,0,-75.99996274,-75.99997051,0.00000000,0.00000000,0.00000000,0.00000000,0.00000000,0.00000000,0,0,0,2,0,-0.10626349,-0.10626349,-0.00000000,0.00000000,0.00000000,0.00000000,0.00000000,0.00000000,1.00000000,0.00000000,0.00000000,0,-269.99993000,56.25650176,0.00000000,0.00000000,0.00000000,0.00000000,0.00000000,0.00000000,0
201800156,1,0,0,0,400,0,500,0,0,1,0,0,0,0,0,0,0,0.00000000,0.00000000,0.00000000,0.00000000,0.00000000,0.00000000,0,0,0,3,0,-0.11059787,-0.11059787,-0.00000000,0.00000000,0.00000000,0.00000000,0.00000000,0.00000000,1.00000000,0.00000000,0.00000000,0,-75.99996274,-75.99997051,0.00000000,0.00000000,0.00000000,0.00000000,0.00000000,0.00000000,0,0,0,2,0,-0.10626349,-0.10626349,-0.00000000,0.00000000,0.00000000,0.00000000,0.00000000,0.00000000,1.00000000,0.00000000,0.00000000,0,-269.99993000,56.24564527,0.00000000,0.00000000,0.00000000,0.00000000,0.00000000,0.00000000,0
201800250,1,0,0,0,400,0,500,0,0,1,0,0,0,0,0,0,0,0.00000000,0.00000000,0.00000000,0.00000000,0.00000000,0.00000000,0,0,0,3,0,-0.11059787,-0.11059787,-0.00000000,0.00000000,0.00000000,0.00000000,0.00000000,0.00000000,1.00000000,0.00000000,0.00000000,0,-75.99996274,-75.99997051,0.00000000,0.00000000,0.00000000,0.00000000,0.00000000,0.00000000,0,0,0,2,0,-0.10626349,-0.10626349,-0.00000000,0.00000000,0.00000000,0.00000000,0.00000000,0.00000000,1.00000000,0.00000000,0.00000000,0,-269.99993000,56.21664291,0.00000000,0.00000000,0.00000000,0.00000000,0.00000000,0.00000000,0
201800328,1,0,0,0,400,0,500,0,0,1,0,0,0,0,0,0,0,0.00000000,0.00000000,0.00000000,0.00000000,0.00000000,0.00000000,0,0,0,3,0,-0.11059787,-0.11059787,-0.00000000,0.00000000,0.00000000,0.00000000,0.00000000,0.00000000,1.00000000,0.00000000,0.00000000,0,-75.99996274,-75.99997051,0.00000000,0.00000000,0.00000000,0.00000000,0.00000000,0.00000000,0,0,0,2,0,-0.10626349,-0.10626349,-0.00000000,0.00000000,0.00000000,0.00000000,0.00000000,0.00000000,1.00000000,0.00000000,0.00000000,0,-269.99993000,56.20795771,0.00000000,0.00000000,0.00000000,0.00000000,0.00000000,0.00000000,0
201800437,1,0,0,0,400,0,500,0,0,1,0,0,0,0,0,0,0,0.00000000,0.00000000,0.00000000,0.00000000,0.00000000,0.00000000,0,0,0,3,0,-0.11059787,-0.11059787,-0.00000000,0.00000000,0.00000000,0.00000000,0.00000000,0.00000000,1.00000000,0.00000000,0.00000000,0,-75.99996274,-75.99997051,0.00000000,0.00000000,0.00000000,0.00000000,0.00000000,0.00000000,0,0,0,2,0,-0.10626349,-0.10626349,-0.00000000,0.00000000,0.00000000,0.00000000,0.00000000,0.00000000,1.00000000,0.00000000,0.00000000,0,-269.99993000,56.20299474,0.00000000,0.00000000,0.00000000,0.00000000,0.00000000,0.00000000,0
201800531,1,0,0,0,400,0,500,0,0,1,0,0,0,0,0,0,0,0.00000000,0.00000000,0.00000000,0.00000000,0.00000000,0.00000000,0,0,0,3,0,-0.11059787,-0.11059787,-0.00000000,0.00000000,0.00000000,0.00000000,0.00000000,0.00000000,1.00000000,0.00000000,0.00000000,0,-75.99996274,-75.99997051,0.00000000,0.00000000,0.00000000,0.00000000,0.00000000,0.00000000,0,0,0,2,0,-0.10626349,-0.10626349,-0.00000000,0.00000000,0.00000000,0.00000000,0.00000000,0.00000000,1.00000000,0.00000000,0.00000000,0,-269.99993000,56.19927252,0.00000000,0.00000000,0.00000000,0.00000000,0.00000000,0.00000000,0
201800609,1,0,0,0,400,0,500,0,0,1,0,0,0,0,0,0,0,0.00000000,0.00000000,0.00000000,0.00000000,0.00000000,0.00000000,0,0,0,3,0,-0.11059787,-0.11059787,-0.00000000,0.00000000,0.00000000,0.00000000,0.00000000,0.00000000,1.00000000,0.00000000,0.00000000,0,-75.99996274,-75.99997051,0.00000000,0.00000000,0.00000000,0.00000000,0.00000000,0.00000000,0,0,0,2,0,-0.10626349,-0.10626349,-0.00000000,0.00000000,0.00000000,0.00000000,0.00000000,0.00000000,1.00000000,0.00000000,0.00000000,0,-269.99993000,56.19446464,0.00000000,0.00000000,0.00000000,0.00000000,0.00000000,0.00000000,0
201800671,1,0,0,0,400,0,500,0,0,1,0,0,0,0,0,0,0,0.00000000,0.00000000,0.00000000,0.00000000,0.00000000,0.00000000,0,0,0,3,0,-0.11059787,-0.11059787,-0.00000000,0.00000000,0.00000000,0.00000000,0.00000000,0.00000000,1.00000000,0.00000000,0.00000000,0,-75.99996274,-75.99997051,0.00000000,0.00000000,0.00000000,0.00000000,0.00000000,0.00000000,0,0,0,2,0,-0.10626349,-0.10626349,-0.00000000,0.00000000,0.00000000,0.00000000,0.00000000,0.00000000,1.00000000,0.00000000,0.00000000,0,-269.99993000,56.19074241,0.00000000,0.00000000,0.00000000,0.00000000,0.00000000,0.00000000,0
201800765,1,0,0,0,400,0,500,0,0,1,0,0,0,0,0,0,0,0.00000000,0.00000000,0.00000000,0.00000000,0.00000000,0.00000000,0,0,0,3,0,-0.11059787,-0.11059787,-0.00000000,0.00000000,0.00000000,0.00000000,0.00000000,0.00000000,1.00000000,0.00000000,0.00000000,0,-75.99996274,-75.99997051,0.00000000,0.00000000,0.00000000,0.00000000,0.00000000,0.00000000,0,0,0,2,0,-0.10626349,-0.10626349,-0.00000000,0.00000000,0.00000000,0.00000000,0.00000000,0.00000000,1.00000000,0.00000000,0.00000000,0,-269.99993000,56.18484889,0.00000000,0.00000000,0.00000000,0.00000000,0.00000000,0.00000000,0
201800843,1,0,0,0,400,0,500,0,0,1,0,0,0,0,0,0,0,0.00000000,0.00000000,0.00000000,0.00000000,0.00000000,0.00000000,0,0,0,3,0,-0.11059787,-0.11059787,-0.00000000,0.00000000,0.00000000,0.00000000,0.00000000,0.00000000,1.00000000,0.00000000,0.00000000,0,-75.99996274,-75.99997051,0.00000000,0.00000000,0.00000000,0.00000000,0.00000000,0.00000000,0,0,0,2,0,-0.10626349,-0.10626349,-0.00000000,0.00000000,0.00000000,0.00000000,0.00000000,0.00000000,1.00000000,0.00000000,0.00000000,0,-269.99993000,56.18298777,0.00000000,0.00000000,0.00000000,0.00000000,0.00000000,0.00000000,0
201800906,1,0,0,0,400,0,500,0,0,1,0,0,0,0,0,0,0,0.00000000,0.00000000,0.00000000,0.00000000,0.00000000,0.00000000,0,0,0,3,0,-0.11059787,-0.11059787,-0.00000000,0.00000000,0.00000000,0.00000000,0.00000000,0.00000000,1.00000000,0.00000000,0.00000000,0,-75.99996274,-75.99997051,0.00000000,0.00000000,0.00000000,0.00000000,0.00000000,0.00000000,0,0,0,2,0,-0.10626349,-0.10626349,-0.00000000,0.00000000,0.00000000,0.00000000,0.00000000,0.00000000,1.00000000,0.00000000,0.00000000,0,-269.99993000,56.18236740,0.00000000,0.00000000,0.00000000,0.00000000,0.00000000,0.00000000,0
201801000,1,0,0,0,400,0,500,0,0,1,0,0,0,0,0,0,0,0.00000000,0.00000000,0.00000000,0.00000000,0.00000000,0.00000000,0,0,0,3,0,-0.11059787,-0.11059787,-0.00000000,0.00000000,0.00000000,0.00000000,0.00000000,0.00000000,1.00000000,0.00000000,0.00000000,0,-75.99996274,-75.99997051,0.00000000,0.00000000,0.00000000,0.00000000,0.00000000,0.00000000,0,0,0,2,0,-0.10626349,-0.10626349,-0.00000000,0.00000000,0.00000000,0.00000000,0.00000000,0.00000000,1.00000000,0.00000000,0.00000000,0,-269.99993000,56.17973082,0.00000000,0.00000000,0.00000000,0.00000000,0.00000000,0.00000000,0
201801093,1,0,0,0,400,0,500,0,0,1,0,0,0,0,0,0,0,0.00000000,0.00000000,0.00000000,0.00000000,0.00000000,0.00000000,0,0,0,3,0,-0.11059787,-0.11059787,-0.00000000,0.00000000,0.00000000,0.00000000,0.00000000,0.00000000,1.00000000,0.00000000,0.00000000,0,-75.99996274,-75.99997051,0.00000000,0.00000000,0.00000000,0.00000000,0.00000000,0.00000000,0,0,0,2,0,-0.10626349,-0.10626349,-0.00000000,0.00000000,0.00000000,0.00000000,0.00000000,0.00000000,1.00000000,0.00000000,0.00000000,0,-269.99993000,56.17461276,0.00000000,0.00000000,0.00000000,0.00000000,0.00000000,0.00000000,0
201801187,1,0,0,0,400,0,500,0,0,1,0,0,0,0,0,0,0,0.00000000,0.00000000,0.00000000,0.00000000,0.00000000,0.00000000,0,0,0,3,0,-0.11059787,-0.11059787,-0.00000000,0.00000000,0.00000000,0.00000000,0.00000000,0.00000000,1.00000000,0.00000000,0.00000000,0,-75.99996274,-75.99997051,0.00000000,0.00000000,0.00000000,0.00000000,0.00000000,0.00000000,0,0,0,2,0,-0.10626349,-0.10626349,-0.00000000,0.00000000,0.00000000,0.00000000,0.00000000,0.00000000,1.00000000,0.00000000,0.00000000,0,-269.99993000,56.16685812,0.00000000,0.00000000,0.00000000,0.00000000,0.00000000,0.00000000,0
201801281,1,0,0,0,400,0,500,0,0,1,0,0,0,0,0,0,0,0.00000000,0.00000000,0.00000000,0.00000000,0.00000000,0.00000000,0,0,0,3,0,-0.11059787,-0.11059787,-0.00000000,0.00000000,0.00000000,0.00000000,0.00000000,0.00000000,1.00000000,0.00000000,0.00000000,0,-75.99996274,-75.99997051,0.00000000,0.00000000,0.00000000,0.00000000,0.00000000,0.00000000,0,0,0,2,0,-0.10626349,-0.10626349,-0.00000000,0.00000000,0.00000000,0.00000000,0.00000000,0.00000000,1.00000000,0.00000000,0.00000000,0,-269.99993000,56.15445070,0.00000000,0.00000000,0.00000000,0.00000000,0.00000000,0.00000000,0
201801390,1,0,0,0,400,0,500,0,0,1,0,0,0,0,0,0,0,0.00000000,0.00000000,0.00000000,0.00000000,0.00000000,0.00000000,0,0,0,3,0,-0.11059787,-0.11059787,-0.00000000,0.00000000,0.00000000,0.00000000,0.00000000,0.00000000,1.00000000,0.00000000,0.00000000,0,-75.99996274,-75.99997051,0.00000000,0.00000000,0.00000000,0.00000000,0.00000000,0.00000000,0,0,0,2,0,-0.10626349,-0.10626349,-0.00000000,0.00000000,0.00000000,0.00000000,0.00000000,0.00000000,1.00000000,0.00000000,0.00000000,0,-269.99993000,56.14731643,0.00000000,0.00000000,0.00000000,0.00000000,0.00000000,0.00000000,0
201801468,1,0,0,0,400,0,500,0,0,1,0,0,0,0,0,0,0,0.00000000,0.00000000,0.00000000,0.00000000,0.00000000,0.00000000,0,0,0,3,0,-0.11059787,-0.11059787,-0.00000000,0.00000000,0.00000000,0.00000000,0.00000000,0.00000000,1.00000000,0.00000000,0.00000000,0,-75.99996274,-75.99997051,0.00000000,0.00000000,0.00000000,0.00000000,0.00000000,0.00000000,0,0,0,2,0,-0.10626349,-0.10626349,-0.00000000,0.00000000,0.00000000,0.00000000,0.00000000,0.00000000,1.00000000,0.00000000,0.00000000,0,-269.99993000,56.13940670,0.00000000,0.00000000,0.00000000,0.00000000,0.00000000,0.00000000,0
201801562,1,0,0,0,400,0,500,0,0,1,0,0,0,0,0,0,0,0.00000000,0.00000000,0.00000000,0.00000000,0.00000000,0.00000000,0,0,0,3,0,-0.11059787,-0.11059787,-0.00000000,0.00000000,0.00000000,0.00000000,0.00000000,0.00000000,1.00000000,0.00000000,0.00000000,0,-75.99996274,-75.99997051,0.00000000,0.00000000,0.00000000,0.00000000,0.00000000,0.00000000,0,0,0,2,0,-0.10626349,-0.10626349,-0.00000000,0.00000000,0.00000000,0.00000000,0.00000000,0.00000000,1.00000000,0.00000000,0.00000000,0,-269.99993000,56.13227243,0.00000000,0.00000000,0.00000000,0.00000000,0.00000000,0.00000000,0
201801625,1,0,0,0,400,0,500,0,0,1,0,0,0,0,0,0,0,0.00000000,0.00000000,0.00000000,0.00000000,0.00000000,0.00000000,0,0,0,3,0,-0.11059787,-0.11059787,-0.00000000,0.00000000,0.00000000,0.00000000,0.00000000,0.00000000,1.00000000,0.00000000,0.00000000,0,-75.99996274,-75.99997051,0.00000000,0.00000000,0.00000000,0.00000000,0.00000000,0.00000000,0,0,0,2,0,-0.10626349,-0.10626349,-0.00000000,0.00000000,0.00000000,0.00000000,0.00000000,0.00000000,1.00000000,0.00000000,0.00000000,0,-269.99993000,56.13134187,0.00000000,0.00000000,0.00000000,0.00000000,0.00000000,0.00000000,0
201801718,1,0,0,0,400,0,500,0,0,1,0,0,0,0,0,0,0,0.00000000,0.00000000,0.00000000,0.00000000,0.00000000,0.00000000,0,0,0,3,0,-0.11059787,-0.11059787,-0.00000000,0.00000000,0.00000000,0.00000000,0.00000000,0.00000000,1.00000000,0.00000000,0.00000000,0,-75.99996274,-75.99997051,0.00000000,0.00000000,0.00000000,0.00000000,0.00000000,0.00000000,0,0,0,2,0,-0.10626349,-0.10626349,-0.00000000,0.00000000,0.00000000,0.00000000,0.00000000,0.00000000,1.00000000,0.00000000,0.00000000,0,-269.99993000,56.13010113,0.00000000,0.00000000,0.00000000,0.00000000,0.00000000,0.00000000,0
201801796,1,0,0,0,400,0,500,0,0,1,0,0,0,0,0,0,0,0.00000000,0.00000000,0.00000000,0.00000000,0.00000000,0.00000000,0,0,0,3,0,-0.11059787,-0.11059787,-0.00000000,0.00000000,0.00000000,0.00000000,0.00000000,0.00000000,1.00000000,0.00000000,0.00000000,0,-75.99996274,-75.99997051,0.00000000,0.00000000,0.00000000,0.00000000,0.00000000,0.00000000,0,0,0,2,0,-0.10626349,-0.10626349,-0.00000000,0.00000000,0.00000000,0.00000000,0.00000000,0.00000000,1.00000000,0.00000000,0.00000000,0,-269.99993000,56.12917057,0.00000000,0.00000000,0.00000000,0.00000000,0.00000000,0.00000000,0
201801859,1,0,0,0,400,0,500,0,0,1,0,0,0,0,0,0,0,0.00000000,0.00000000,0.00000000,0.00000000,0.00000000,0.00000000,0,0,0,3,0,-0.11059787,-0.11059787,-0.00000000,0.00000000,0.00000000,0.00000000,0.00000000,0.00000000,1.00000000,0.00000000,0.00000000,0,-75.99996274,-75.99997051,0.00000000,0.00000000,0.00000000,0.00000000,0.00000000,0.00000000,0,0,0,2,0,-0.10626349,-0.10626349,-0.00000000,0.00000000,0.00000000,0.00000000,0.00000000,0.00000000,1.00000000,0.00000000,0.00000000,0,-269.99993000,56.12855020,0.00000000,0.00000000,0.00000000,0.00000000,0.00000000,0.00000000,0
201801953,1,0,0,0,400,0,500,0,0,1,0,0,0,0,0,0,0,0.00000000,0.00000000,0.00000000,0.00000000,0.00000000,0.00000000,0,0,0,3,0,-0.11059787,-0.11059787,-0.00000000,0.00000000,0.00000000,0.00000000,0.00000000,0.00000000,1.00000000,0.00000000,0.00000000,0,-75.99996274,-75.99997051,0.00000000,0.00000000,0.00000000,0.00000000,0.00000000,0.00000000,0,0,0,2,0,-0.10626349,-0.10626349,-0.00000000,0.00000000,0.00000000,0.00000000,0.00000000,0.00000000,1.00000000,0.00000000,0.00000000,0,-269.99993000,56.12668909,0.00000000,0.00000000,0.00000000,0.00000000,0.00000000,0.00000000,0
201802046,1,0,0,0,400,0,500,0,0,1,0,0,0,0,0,0,0,0.00000000,0.00000000,0.00000000,0.00000000,0.00000000,0.00000000,0,0,0,3,0,-0.11059787,-0.11059787,-0.00000000,0.00000000,0.00000000,0.00000000,0.00000000,0.00000000,1.00000000,0.00000000,0.00000000,0,-75.99996274,-75.99997051,0.00000000,0.00000000,0.00000000,0.00000000,0.00000000,0.00000000,0,0,0,2,0,-0.10626349,-0.10626349,-0.00000000,0.00000000,0.00000000,0.00000000,0.00000000,0.00000000,1.00000000,0.00000000,0.00000000,0,-269.99993000,56.12482797,0.00000000,0.00000000,0.00000000,0.00000000,0.00000000,0.00000000,0
201802140,1,0,0,0,400,0,500,0,0,1,0,0,0,0,0,0,0,0.00000000,0.00000000,0.00000000,0.00000000,0.00000000,0.00000000,0,0,0,3,0,-0.11059787,-0.11059787,-0.00000000,0.00000000,0.00000000,0.00000000,0.00000000,0.00000000,1.00000000,0.00000000,0.00000000,0,-75.99996274,-75.99997051,0.00000000,0.00000000,0.00000000,0.00000000,0.00000000,0.00000000,0,0,0,2,0,-0.10626349,-0.10626349,-0.00000000,0.00000000,0.00000000,0.00000000,0.00000000,0.00000000,1.00000000,0.00000000,0.00000000,0,-269.99993000,56.12312195,0.00000000,0.00000000,0.00000000,0.00000000,0.00000000,0.00000000,0
201802234,1,0,0,0,400,0,500,0,0,1,0,0,0,0,0,0,0,0.00000000,0.00000000,0.00000000,0.00000000,0.00000000,0.00000000,0,0,0,3,0,-0.11059787,-0.11059787,-0.00000000,0.00000000,0.00000000,0.00000000,0.00000000,0.00000000,1.00000000,0.00000000,0.00000000,0,-75.99996274,-75.99997051,0.00000000,0.00000000,0.00000000,0.00000000,0.00000000,0.00000000,0,0,0,2,0,-0.10626349,-0.10626349,-0.00000000,0.00000000,0.00000000,0.00000000,0.00000000,0.00000000,1.00000000,0.00000000,0.00000000,0,-269.99993000,56.12172612,0.00000000,0.00000000,0.00000000,0.00000000,0.00000000,0.00000000,0
201802312,1,0,0,0,400,0,500,0,0,1,0,0,0,0,0,0,0,0.00000000,0.00000000,0.00000000,0.00000000,0.00000000,0.00000000,0,0,0,3,0,-0.11059787,-0.11059787,-0.00000000,0.00000000,0.00000000,0.00000000,0.00000000,0.00000000,1.00000000,0.00000000,0.00000000,0,-75.99996274,-75.99997051,0.00000000,0.00000000,0.00000000,0.00000000,0.00000000,0.00000000,0,0,0,2,0,-0.10626349,-0.10626349,-0.00000000,0.00000000,0.00000000,0.00000000,0.00000000,0.00000000,1.00000000,0.00000000,0.00000000,0,-269.99993000,56.12033028,0.00000000,0.00000000,0.00000000,0.00000000,0.00000000,0.00000000,0
201802406,1,0,0,0,400,0,500,0,0,1,0,0,0,0,0,0,0,0.00000000,0.00000000,0.00000000,0.00000000,0.00000000,0.00000000,0,0,0,3,0,-0.11059787,-0.11059787,-0.00000000,0.00000000,0.00000000,0.00000000,0.00000000,0.00000000,1.00000000,0.00000000,0.00000000,0,-75.99996274,-75.99997051,0.00000000,0.00000000,0.00000000,0.00000000,0.00000000,0.00000000,0,0,0,2,0,-0.10626349,-0.10626349,-0.00000000,0.00000000,0.00000000,0.00000000,0.00000000,0.00000000,1.00000000,0.00000000,0.00000000,0,-269.99993000,56.11893445,0.00000000,0.00000000,0.00000000,0.00000000,0.00000000,0.00000000,0
201802468,1,0,0,0,400,0,500,0,0,1,0,0,0,0,0,0,0,0.00000000,0.00000000,0.00000000,0.00000000,0.00000000,0.00000000,0,0,0,3,0,-0.11059787,-0.11059787,-0.00000000,0.00000000,0.00000000,0.00000000,0.00000000,0.00000000,1.00000000,0.00000000,0.00000000,0,-75.99996274,-75.99997051,0.00000000,0.00000000,0.00000000,0.00000000,0.00000000,0.00000000,0,0,0,2,0,-0.10626349,-0.10626349,-0.00000000,0.00000000,0.00000000,0.00000000,0.00000000,0.00000000,1.00000000,0.00000000,0.00000000,0,-269.99993000,56.11815898,0.00000000,0.00000000,0.00000000,0.00000000,0.00000000,0.00000000,0
201802562,1,0,0,0,400,0,500,0,0,1,0,0,0,0,0,0,0,0.00000000,0.00000000,0.00000000,0.00000000,0.00000000,0.00000000,0,0,0,3,0,-0.11059787,-0.11059787,-0.00000000,0.00000000,0.00000000,0.00000000,0.00000000,0.00000000,1.00000000,0.00000000,0.00000000,0,-75.99996274,-75.99997051,0.00000000,0.00000000,0.00000000,0.00000000,0.00000000,0.00000000,0,0,0,2,0,-0.10626349,-0.10626349,-0.00000000,0.00000000,0.00000000,0.00000000,0.00000000,0.00000000,1.00000000,0.00000000,0.00000000,0,-269.99993000,56.11614278,0.00000000,0.00000000,0.00000000,0.00000000,0.00000000,0.00000000,0
201802640,1,0,0,0,400,0,500,0,0,1,0,0,0,0,0,0,0,0.00000000,0.00000000,0.00000000,0.00000000,0.00000000,0.00000000,0,0,0,3,0,-0.11059787,-0.11059787,-0.00000000,0.00000000,0.00000000,0.00000000,0.00000000,0.00000000,1.00000000,0.00000000,0.00000000,0,-75.99996274,-75.99997051,0.00000000,0.00000000,0.00000000,0.00000000,0.00000000,0.00000000,0,0,0,2,0,-0.10626349,-0.10626349,-0.00000000,0.00000000,0.00000000,0.00000000,0.00000000,0.00000000,1.00000000,0.00000000,0.00000000,0,-269.99993000,56.11335111,0.00000000,0.00000000,0.00000000,0.00000000,0.00000000,0.00000000,0
201802750,1,0,0,0,400,0,500,0,0,1,0,0,0,0,0,0,0,0.00000000,0.00000000,0.00000000,0.00000000,0.00000000,0.00000000,0,0,0,3,0,-0.11059787,-0.11059787,-0.00000000,0.00000000,0.00000000,0.00000000,0.00000000,0.00000000,1.00000000,0.00000000,0.00000000,0,-75.99996274,-75.99997051,0.00000000,0.00000000,0.00000000,0.00000000,0.00000000,0.00000000,0,0,0,2,0,-0.10626349,-0.10626349,-0.00000000,0.00000000,0.00000000,0.00000000,0.00000000,0.00000000,1.00000000,0.00000000,0.00000000,0,-269.99993000,56.10869832,0.00000000,0.00000000,0.00000000,0.00000000,0.00000000,0.00000000,0
201802812,1,0,0,0,400,0,500,0,0,1,0,0,0,0,0,0,0,0.00000000,0.00000000,0.00000000,0.00000000,0.00000000,0.00000000,0,0,0,3,0,-0.11059787,-0.11059787,-0.00000000,0.00000000,0.00000000,0.00000000,0.00000000,0.00000000,1.00000000,0.00000000,0.00000000,0,-75.99996274,-75.99997051,0.00000000,0.00000000,0.00000000,0.00000000,0.00000000,0.00000000,0,0,0,2,0,-0.10626349,-0.10626349,-0.00000000,0.00000000,0.00000000,0.00000000,0.00000000,0.00000000,1.00000000,0.00000000,0.00000000,0,-269.99993000,56.10699230,0.00000000,0.00000000,0.00000000,0.00000000,0.00000000,0.00000000,0
201802890,1,0,0,0,400,0,500,0,0,1,0,0,0,0,0,0,0,0.00000000,0.00000000,0.00000000,0.00000000,0.00000000,0.00000000,0,0,0,3,0,-0.11059787,-0.11059787,-0.00000000,0.00000000,0.00000000,0.00000000,0.00000000,0.00000000,1.00000000,0.00000000,0.00000000,0,-75.99996274,-75.99997051,0.00000000,0.00000000,0.00000000,0.00000000,0.00000000,0.00000000,0,0,0,2,0,-0.10626349,-0.10626349,-0.00000000,0.00000000,0.00000000,0.00000000,0.00000000,0.00000000,1.00000000,0.00000000,0.00000000,0,-269.99993000,56.10497609,0.00000000,0.00000000,0.00000000,0.00000000,0.00000000,0.00000000,0
201802984,1,0,0,0,400,0,500,0,0,1,0,0,0,0,0,0,0,0.00000000,0.00000000,0.00000000,0.00000000,0.00000000,0.00000000,0,0,0,3,0,-0.11059787,-0.11059787,-0.00000000,0.00000000,0.00000000,0.00000000,0.00000000,0.00000000,1.00000000,0.00000000,0.00000000,0,-75.99996274,-75.99997051,0.00000000,0.00000000,0.00000000,0.00000000,0.00000000,0.00000000,0,0,0,2,0,-0.10626349,-0.10626349,-0.00000000,0.00000000,0.00000000,0.00000000,0.00000000,0.00000000,1.00000000,0.00000000,0.00000000,0,-269.99993000,56.10482100,0.00000000,0.00000000,0.00000000,0.00000000,0.00000000,0.00000000,0
201803078,1,0,0,0,400,0,500,0,0,1,0,0,0,0,0,0,0,0.00000000,0.00000000,0.00000000,0.00000000,0.00000000,0.00000000,0,0,0,3,0,-0.11059787,-0.11059787,-0.00000000,0.00000000,0.00000000,0.00000000,0.00000000,0.00000000,1.00000000,0.00000000,0.00000000,0,-75.99996274,-75.99997051,0.00000000,0.00000000,0.00000000,0.00000000,0.00000000,0.00000000,0,0,0,2,0,-0.10626349,-0.10626349,-0.00000000,0.00000000,0.00000000,0.00000000,0.00000000,0.00000000,1.00000000,0.00000000,0.00000000,0,-269.99993000,56.10482100,0.00000000,0.00000000,0.00000000,0.00000000,0.00000000,0.00000000,0
201803171,1,0,0,0,400,0,500,0,0,1,0,0,0,0,0,0,0,0.00000000,0.00000000,0.00000000,0.00000000,0.00000000,0.00000000,0,0,0,3,0,-0.11059787,-0.11059787,-0.00000000,0.00000000,0.00000000,0.00000000,0.00000000,0.00000000,1.00000000,0.00000000,0.00000000,0,-75.99996274,-75.99997051,0.00000000,0.00000000,0.00000000,0.00000000,0.00000000,0.00000000,0,0,0,2,0,-0.10626349,-0.10626349,-0.00000000,0.00000000,0.00000000,0.00000000,0.00000000,0.00000000,1.00000000,0.00000000,0.00000000,0,-269.99993000,56.10482100,0.00000000,0.00000000,0.00000000,0.00000000,0.00000000,0.00000000,0
201803250,1,0,0,0,400,600,400,100,0,1,0,0,1,0,0,0,0,0.00000000,0.00000000,0.00000000,0.00000000,0.00000000,0.00000000,0,0,0,4,0,-0.11059787,-0.11059787,-0.00000000,0.00000000,0.00000000,0.00000000,0.00000000,0.00000000,1.00000000,0.00000000,0.00000000,0,-75.99996274,-75.99997051,0.00000000,0.00000000,0.00000000,0.00000000,0.00000000,0.00000000,0,0,0,4,0,-0.10626349,-0.10626349,-0.00000000,0.00000000,0.00000000,0.00000000,0.00000000,0.00000000,1.00000000,0.00000000,0.00000000,0,-269.99993000,56.10482100,0.00000000,0.00000000,0.00000000,0.00000000,0.00000000,0.00000000,0
201803328,1,0,0,0,400,600,400,100,0,1,0,0,1,0,0,0,0,0.00000000,0.00000000,0.00000000,0.00000000,0.00000000,0.00000000,0,0,0,4,0,-0.11059787,-0.11059787,-0.00000000,0.00000000,0.00000000,0.00000000,0.00000000,0.00000000,1.00000000,0.00000000,0.00000000,0,-75.99996274,-75.99997051,0.00000000,0.00000000,0.00000000,0.00000000,0.00000000,0.00000000,0,0,0,4,0,-0.10626349,-0.10626349,-0.00000000,0.00000000,0.00000000,0.00000000,0.00000000,0.00000000,1.00000000,0.00000000,0.00000000,0,-269.99993000,56.10482100,0.00000000,0.00000000,0.00000000,0.00000000,0.00000000,0.00000000,0
201803406,1,0,0,0,400,600,400,100,0,1,0,0,1,0,0,0,0,0.00000000,0.00000000,0.00000000,0.00000000,0.00000000,0.00000000,0,0,0,4,0,-0.11059787,-0.11059787,-0.00000000,0.00000000,0.00000000,0.00000000,0.00000000,0.00000000,1.00000000,0.00000000,0.00000000,0,-75.99996274,-75.99997051,0.00000000,0.00000000,0.00000000,0.00000000,0.00000000,0.00000000,0,0,0,4,0,-0.10626349,-0.10626349,-0.00000000,0.00000000,0.00000000,0.00000000,0.00000000,0.00000000,1.00000000,0.00000000,0.00000000,0,-269.99993000,56.10482100,0.00000000,0.00000000,0.00000000,0.00000000,0.00000000,0.00000000,0
201803484,1,0,0,0,400,600,400,100,0,1,0,0,1,0,0,0,0,0.00000000,0.00000000,0.00000000,0.00000000,0.00000000,0.00000000,0,0,0,4,0,-0.11059787,-0.11059787,-0.00000000,0.00000000,0.00000000,0.00000000,0.00000000,0.00000000,1.00000000,0.00000000,0.00000000,0,-75.99996274,-75.99997051,0.00000000,0.00000000,0.00000000,0.00000000,0.00000000,0.00000000,0,0,0,4,0,-0.10626349,-0.10626349,-0.00000000,0.00000000,0.00000000,0.00000000,0.00000000,0.00000000,1.00000000,0.00000000,0.00000000,0,-269.99993000,56.10482100,0.00000000,0.00000000,0.00000000,0.00000000,0.00000000,0.00000000,0
201803546,1,0,0,0,400,600,400,100,0,1,0,0,1,0,0,0,0,0.00000000,0.00000000,0.00000000,0.00000000,0.00000000,0.00000000,0,0,0,4,0,-0.11059787,-0.11059787,-0.00000000,0.00000000,0.00000000,0.00000000,0.00000000,0.00000000,1.00000000,0.00000000,0.00000000,0,-75.99996274,-75.99997051,0.00000000,0.00000000,0.00000000,0.00000000,0.00000000,0.00000000,0,0,0,4,0,-0.10626349,-0.10626349,-0.00000000,0.00000000,0.00000000,0.00000000,0.00000000,0.00000000,1.00000000,0.00000000,0.00000000,0,-269.99993000,56.10482100,0.00000000,0.00000000,0.00000000,0.00000000,0.00000000,0.00000000,0
201803640,1,0,0,0,400,600,400,100,0,1,0,0,1,0,0,0,0,0.00000000,0.00000000,0.00000000,0.00000000,0.00000000,0.00000000,0,0,0,4,0,-0.11059787,-0.11059787,-0.00000000,0.00000000,0.00000000,0.00000000,0.00000000,0.00000000,1.00000000,0.00000000,0.00000000,0,-75.99996274,-75.99997051,0.00000000,0.00000000,0.00000000,0.00000000,0.00000000,0.00000000,0,0,0,4,0,-0.10626349,-0.10626349,-0.00000000,0.00000000,0.00000000,0.00000000,0.00000000,0.00000000,1.00000000,0.00000000,0.00000000,0,-269.99993000,56.10482100,0.00000000,0.00000000,0.00000000,0.00000000,0.00000000,0.00000000,0
201803718,1,0,0,0,400,600,400,100,0,1,0,0,1,0,0,0,0,0.00000000,0.00000000,0.00000000,0.00000000,0.00000000,0.00000000,0,0,0,4,0,-0.11059787,-0.11059787,-0.00000000,0.00000000,0.00000000,0.00000000,0.00000000,0.00000000,1.00000000,0.00000000,0.00000000,0,-75.99996274,-75.99997051,0.00000000,0.00000000,0.00000000,0.00000000,0.00000000,0.00000000,0,0,0,4,0,-0.10626349,-0.10626349,-0.00000000,0.00000000,0.00000000,0.00000000,0.00000000,0.00000000,1.00000000,0.00000000,0.00000000,0,-269.99993000,56.10482100,0.00000000,0.00000000,0.00000000,0.00000000,0.00000000,0.00000000,0
201803796,1,0,0,0,400,600,400,100,0,1,0,0,1,0,0,0,0,0.00000000,0.00000000,0.00000000,0.00000000,0.00000000,0.00000000,0,0,0,4,0,-0.11059787,-0.11059787,-0.00000000,0.00000000,0.00000000,0.00000000,0.00000000,0.00000000,1.00000000,0.00000000,0.00000000,0,-75.99996274,-75.99997051,0.00000000,0.00000000,0.00000000,0.00000000,0.00000000,0.00000000,0,0,0,4,0,-0.10626349,-0.10626349,-0.00000000,0.00000000,0.00000000,0.00000000,0.00000000,0.00000000,1.00000000,0.00000000,0.00000000,0,-269.99993000,56.10482100,0.00000000,0.00000000,0.00000000,0.00000000,0.00000000,0.00000000,0
201803859,1,0,0,0,400,600,400,100,0,1,0,0,1,0,0,0,0,0.00000000,0.00000000,0.00000000,0.00000000,0.00000000,0.00000000,0,0,0,4,0,-0.11059787,-0.11059787,-0.00000000,0.00000000,0.00000000,0.00000000,0.00000000,0.00000000,1.00000000,0.00000000,0.00000000,0,-75.99996274,-75.99997051,0.00000000,0.00000000,0.00000000,0.00000000,0.00000000,0.00000000,0,0,0,4,0,-0.10626349,-0.10626349,-0.00000000,0.00000000,0.00000000,0.00000000,0.00000000,0.00000000,1.00000000,0.00000000,0.00000000,0,-269.99993000,56.10482100,0.00000000,0.00000000,0.00000000,0.00000000,0.00000000,0.00000000,0
201803937,1,0,0,0,400,600,400,100,0,1,0,0,1,0,0,0,0,0.00000000,0.00000000,0.00000000,0.00000000,0.00000000,0.00000000,0,0,0,4,0,-0.11059787,-0.11059787,-0.00000000,0.00000000,0.00000000,0.00000000,0.00000000,0.00000000,1.00000000,0.00000000,0.00000000,0,-75.99996274,-75.99997051,0.00000000,0.00000000,0.00000000,0.00000000,0.00000000,0.00000000,0,0,0,4,0,-0.10626349,-0.10626349,-0.00000000,0.00000000,0.00000000,0.00000000,0.00000000,0.00000000,1.00000000,0.00000000,0.00000000,0,-269.99993000,56.10482100,0.00000000,0.00000000,0.00000000,0.00000000,0.00000000,0.00000000,0
201804015,1,0,0,0,400,0,500,0,0,1,0,0,0,0,0,0,0,0.00000000,0.00000000,0.00000000,0.00000000,0.00000000,0.00000000,0,0,0,3,0,-0.11059787,-0.11059787,-0.00000000,0.00000000,0.00000000,0.00000000,0.00000000,0.00000000,1.00000000,0.00000000,0.00000000,0,-75.99996274,-75.99997051,0.00000000,0.00000000,0.00000000,0.00000000,0.00000000,0.00000000,0,0,0,2,0,-0.10626349,-0.10626349,-0.00000000,0.00000000,0.00000000,0.00000000,0.00000000,0.00000000,1.00000000,0.00000000,0.00000000,0,-269.99993000,57.29872539,0.00000000,0.00000000,0.00000000,0.00000000,0.00000000,0.00000000,0
201804109,1,0,0,0,400,0,500,0,0,1,0,0,0,0,0,0,0,0.00000000,0.00000000,0.00000000,0.00000000,0.00000000,0.00000000,0,0,0,3,0,-0.11059787,-0.11059787,-0.00000000,0.00000000,0.00000000,0.00000000,0.00000000,0.00000000,1.00000000,0.00000000,0.00000000,0,-75.99996274,-75.99997051,0.00000000,0.00000000,0.00000000,0.00000000,0.00000000,0.00000000,0,0,0,2,0,-0.10626349,-0.10626349,-0.00000000,0.00000000,0.00000000,0.00000000,0.00000000,0.00000000,1.00000000,0.00000000,0.00000000,0,-269.99993000,55.78486455,0.00000000,0.00000000,0.00000000,0.00000000,0.00000000,0.00000000,0
201804187,1,0,0,0,400,0,500,0,0,1,0,0,0,0,0,0,0,0.00000000,0.00000000,0.00000000,0.00000000,0.00000000,0.00000000,0,0,0,3,0,-0.11059787,-0.11059787,-0.00000000,0.00000000,0.00000000,0.00000000,0.00000000,0.00000000,1.00000000,0.00000000,0.00000000,0,-75.99996274,-75.99997051,0.00000000,0.00000000,0.00000000,0.00000000,0.00000000,0.00000000,0,0,0,2,0,-0.10626349,-0.10626349,-0.00000000,0.00000000,0.00000000,0.00000000,0.00000000,0.00000000,1.00000000,0.00000000,0.00000000,0,-269.99993000,55.78486455,0.00000000,0.00000000,0.00000000,0.00000000,0.00000000,0.00000000,0
201804281,1,0,0,0,400,0,500,0,0,1,0,0,0,0,0,0,0,0.00000000,0.00000000,0.00000000,0.00000000,0.00000000,0.00000000,0,0,0,3,0,-0.11059787,-0.11059787,-0.00000000,0.00000000,0.00000000,0.00000000,0.00000000,0.00000000,1.00000000,0.00000000,0.00000000,0,-75.99996274,-75.99997051,0.00000000,0.00000000,0.00000000,0.00000000,0.00000000,0.00000000,0,0,0,2,0,-0.10626349,-0.10626349,-0.00000000,0.00000000,0.00000000,0.00000000,0.00000000,0.00000000,1.00000000,0.00000000,0.00000000,0,-269.99993000,55.78486455,0.00000000,0.00000000,0.00000000,0.00000000,0.00000000,0.00000000,0
201804375,1,0,0,0,400,0,500,0,0,1,0,0,0,0,0,0,0,0.00000000,0.00000000,0.00000000,0.00000000,0.00000000,0.00000000,0,0,0,3,0,-0.11059787,-0.11059787,-0.00000000,0.00000000,0.00000000,0.00000000,0.00000000,0.00000000,1.00000000,0.00000000,0.00000000,0,-75.99996274,-75.99997051,0.00000000,0.00000000,0.00000000,0.00000000,0.00000000,0.00000000,0,0,0,2,0,-0.10626349,-0.10626349,-0.00000000,0.00000000,0.00000000,0.00000000,0.00000000,0.00000000,1.00000000,0.00000000,0.00000000,0,-269.99993000,55.78470946,0.00000000,0.00000000,0.00000000,0.00000000,0.00000000,0.00000000,0
201804484,1,0,0,0,400,0,500,0,0,1,0,0,0,0,0,0,0,0.00000000,0.00000000,0.00000000,0.00000000,0.00000000,0.00000000,0,0,0,3,0,-0.11059787,-0.11059787,-0.00000000,0.00000000,0.00000000,0.00000000,0.00000000,0.00000000,1.00000000,0.00000000,0.00000000,0,-75.99996274,-75.99997051,0.00000000,0.00000000,0.00000000,0.00000000,0.00000000,0.00000000,0,0,0,2,0,-0.10626349,-0.10626349,-0.00000000,0.00000000,0.00000000,0.00000000,0.00000000,0.00000000,1.00000000,0.00000000,0.00000000,0,-269.99993000,55.78470946,0.00000000,0.00000000,0.00000000,0.00000000,0.00000000,0.00000000,0
201804562,1,0,0,0,400,0,500,0,0,1,0,0,0,0,0,0,0,0.00000000,0.00000000,0.00000000,0.00000000,0.00000000,0.00000000,0,0,0,3,0,-0.11059787,-0.11059787,-0.00000000,0.00000000,0.00000000,0.00000000,0.00000000,0.00000000,1.00000000,0.00000000,0.00000000,0,-75.99996274,-75.99997051,0.00000000,0.00000000,0.00000000,0.00000000,0.00000000,0.00000000,0,0,0,2,0,-0.10626349,-0.10626349,-0.00000000,0.00000000,0.00000000,0.00000000,0.00000000,0.00000000,1.00000000,0.00000000,0.00000000,0,-269.99993000,55.78470946,0.00000000,0.00000000,0.00000000,0.00000000,0.00000000,0.00000000,0
201804656,1,0,0,0,400,0,500,0,0,1,0,0,0,0,0,0,0,0.00000000,0.00000000,0.00000000,0.00000000,0.00000000,0.00000000,0,0,0,3,0,-0.11059787,-0.11059787,-0.00000000,0.00000000,0.00000000,0.00000000,0.00000000,0.00000000,1.00000000,0.00000000,0.00000000,0,-75.99996274,-75.99997051,0.00000000,0.00000000,0.00000000,0.00000000,0.00000000,0.00000000,0,0,0,2,0,-0.10626349,-0.10626349,-0.00000000,0.00000000,0.00000000,0.00000000,0.00000000,0.00000000,1.00000000,0.00000000,0.00000000,0,-269.99993000,55.78470946,0.00000000,0.00000000,0.00000000,0.00000000,0.00000000,0.00000000,0
201804750,1,0,0,0,400,0,500,0,0,1,0,0,0,0,0,0,0,0.00000000,0.00000000,0.00000000,0.00000000,0.00000000,0.00000000,0,0,0,3,0,-0.11059787,-0.11059787,-0.00000000,0.00000000,0.00000000,0.00000000,0.00000000,0.00000000,1.00000000,0.00000000,0.00000000,0,-75.99996274,-75.99997051,0.00000000,0.00000000,0.00000000,0.00000000,0.00000000,0.00000000,0,0,0,2,0,-0.10626349,-0.10626349,-0.00000000,0.00000000,0.00000000,0.00000000,0.00000000,0.00000000,1.00000000,0.00000000,0.00000000,0,-269.99993000,55.78470946,0.00000000,0.00000000,0.00000000,0.00000000,0.00000000,0.00000000,0
201804843,1,0,0,0,400,0,500,0,0,1,0,0,0,0,0,0,0,0.00000000,0.00000000,0.00000000,0.00000000,0.00000000,0.00000000,0,0,0,3,0,-0.11059787,-0.11059787,-0.00000000,0.00000000,0.00000000,0.00000000,0.00000000,0.00000000,1.00000000,0.00000000,0.00000000,0,-75.99996274,-75.99997051,0.00000000,0.00000000,0.00000000,0.00000000,0.00000000,0.00000000,0,0,0,2,0,-0.10626349,-0.10626349,-0.00000000,0.00000000,0.00000000,0.00000000,0.00000000,0.00000000,1.00000000,0.00000000,0.00000000,0,-269.99993000,55.78470946,0.00000000,0.00000000,0.00000000,0.00000000,0.00000000,0.00000000,0
201804953,1,0,0,0,400,0,500,0,0,1,0,0,0,0,0,0,0,0.00000000,0.00000000,0.00000000,0.00000000,0.00000000,0.00000000,0,0,0,3,0,-0.11059787,-0.11059787,-0.00000000,0.00000000,0.00000000,0.00000000,0.00000000,0.00000000,1.00000000,0.00000000,0.00000000,0,-75.99996274,-75.99997051,0.00000000,0.00000000,0.00000000,0.00000000,0.00000000,0.00000000,0,0,0,2,0,-0.10626349,-0.10626349,-0.00000000,0.00000000,0.00000000,0.00000000,0.00000000,0.00000000,1.00000000,0.00000000,0.00000000,0,-269.99993000,55.78470946,0.00000000,0.00000000,0.00000000,0.00000000,0.00000000,0.00000000,0
201805046,1,0,0,0,400,0,500,0,0,1,0,0,0,0,0,0,0,0.00000000,0.00000000,0.00000000,0.00000000,0.00000000,0.00000000,0,0,0,3,0,-0.11059787,-0.11059787,-0.00000000,0.00000000,0.00000000,0.00000000,0.00000000,0.00000000,1.00000000,0.00000000,0.00000000,0,-75.99996274,-75.99997051,0.00000000,0.00000000,0.00000000,0.00000000,0.00000000,0.00000000,0,0,0,2,0,-0.10626349,-0.10626349,-0.00000000,0.00000000,0.00000000,0.00000000,0.00000000,0.00000000,1.00000000,0.00000000,0.00000000,0,-269.99993000,55.78455437,0.00000000,0.00000000,0.00000000,0.00000000,0.00000000,0.00000000,0
201805140,1,0,0,0,400,0,500,0,0,1,0,0,0,0,0,0,0,0.00000000,0.00000000,0.00000000,0.00000000,0.00000000,0.00000000,0,0,0,3,0,-0.11059787,-0.11059787,-0.00000000,0.00000000,0.00000000,0.00000000,0.00000000,0.00000000,1.00000000,0.00000000,0.00000000,0,-75.99996274,-75.99997051,0.00000000,0.00000000,0.00000000,0.00000000,0.00000000,0.00000000,0,0,0,2,0,-0.10626349,-0.10626349,-0.00000000,0.00000000,0.00000000,0.00000000,0.00000000,0.00000000,1.00000000,0.00000000,0.00000000,0,-269.99993000,55.78455437,0.00000000,0.00000000,0.00000000,0.00000000,0.00000000,0.00000000,0
201805234,1,0,0,0,400,0,500,0,0,1,0,0,0,0,0,0,0,0.00000000,0.00000000,0.00000000,0.00000000,0.00000000,0.00000000,0,0,0,3,0,-0.11059787,-0.11059787,-0.00000000,0.00000000,0.00000000,0.00000000,0.00000000,0.00000000,1.00000000,0.00000000,0.00000000,0,-75.99996274,-75.99997051,0.00000000,0.00000000,0.00000000,0.00000000,0.00000000,0.00000000,0,0,0,2,0,-0.10626349,-0.10626349,-0.00000000,0.00000000,0.00000000,0.00000000,0.00000000,0.00000000,1.00000000,0.00000000,0.00000000,0,-269.99993000,55.78455437,0.00000000,0.00000000,0.00000000,0.00000000,0.00000000,0.00000000,0
201805328,1,0,0,0,400,0,500,0,0,1,0,0,0,0,0,0,0,0.00000000,0.00000000,0.00000000,0.00000000,0.00000000,0.00000000,0,0,0,3,0,-0.11059787,-0.11059787,-0.00000000,0.00000000,0.00000000,0.00000000,0.00000000,0.00000000,1.00000000,0.00000000,0.00000000,0,-75.99996274,-75.99997051,0.00000000,0.00000000,0.00000000,0.00000000,0.00000000,0.00000000,0,0,0,2,0,-0.10626349,-0.10626349,-0.00000000,0.00000000,0.00000000,0.00000000,0.00000000,0.00000000,1.00000000,0.00000000,0.00000000,0,-269.99993000,55.78455437,0.00000000,0.00000000,0.00000000,0.00000000,0.00000000,0.00000000,0
201805437,1,0,0,0,400,0,500,0,0,1,0,0,0,0,0,0,0,0.00000000,0.00000000,0.00000000,0.00000000,0.00000000,0.00000000,0,0,0,3,0,-0.11059787,-0.11059787,-0.00000000,0.00000000,0.00000000,0.00000000,0.00000000,0.00000000,1.00000000,0.00000000,0.00000000,0,-75.99996274,-75.99997051,0.00000000,0.00000000,0.00000000,0.00000000,0.00000000,0.00000000,0,0,0,2,0,-0.10626349,-0.10626349,-0.00000000,0.00000000,0.00000000,0.00000000,0.00000000,0.00000000,1.00000000,0.00000000,0.00000000,0,-269.99993000,55.78455437,0.00000000,0.00000000,0.00000000,0.00000000,0.00000000,0.00000000,0
201805515,1,0,0,0,400,0,500,0,0,1,0,0,0,0,0,0,0,0.00000000,0.00000000,0.00000000,0.00000000,0.00000000,0.00000000,0,0,0,3,0,-0.11059787,-0.11059787,-0.00000000,0.00000000,0.00000000,0.00000000,0.00000000,0.00000000,1.00000000,0.00000000,0.00000000,0,-75.99996274,-75.99997051,0.00000000,0.00000000,0.00000000,0.00000000,0.00000000,0.00000000,0,0,0,2,0,-0.10626349,-0.10626349,-0.00000000,0.00000000,0.00000000,0.00000000,0.00000000,0.00000000,1.00000000,0.00000000,0.00000000,0,-269.99993000,55.78455437,0.00000000,0.00000000,0.00000000,0.00000000,0.00000000,0.00000000,0
201805609,1,0,0,0,400,0,500,0,0,1,0,0,0,0,0,0,0,0.00000000,0.00000000,0.00000000,0.00000000,0.00000000,0.00000000,0,0,0,3,0,-0.11059787,-0.11059787,-0.00000000,0.00000000,0.00000000,0.00000000,0.00000000,0.00000000,1.00000000,0.00000000,0.00000000,0,-75.99996274,-75.99997051,0.00000000,0.00000000,0.00000000,0.00000000,0.00000000,0.00000000,0,0,0,2,0,-0.10626349,-0.10626349,-0.00000000,0.00000000,0.00000000,0.00000000,0.00000000,0.00000000,1.00000000,0.00000000,0.00000000,0,-269.99993000,55.78455437,0.00000000,0.00000000,0.00000000,0.00000000,0.00000000,0.00000000,0
201805703,1,0,0,0,400,0,500,0,0,1,0,0,0,0,0,0,0,0.00000000,0.00000000,0.00000000,0.00000000,0.00000000,0.00000000,0,0,0,3,0,-0.11059787,-0.11059787,-0.00000000,0.00000000,0.00000000,0.00000000,0.00000000,0.00000000,1.00000000,0.00000000,0.00000000,0,-75.99996274,-75.99997051,0.00000000,0.00000000,0.00000000,0.00000000,0.00000000,0.00000000,0,0,0,2,0,-0.10626349,-0.10626349,-0.00000000,0.00000000,0.00000000,0.00000000,0.00000000,0.00000000,1.00000000,0.00000000,0.00000000,0,-269.99993000,55.78439927,0.00000000,0.00000000,0.00000000,0.00000000,0.00000000,0.00000000,0
201805796,1,0,0,0,400,0,500,0,0,1,0,0,0,0,0,0,0,0.00000000,0.00000000,0.00000000,0.00000000,0.00000000,0.00000000,0,0,0,3,0,-0.11059787,-0.11059787,-0.00000000,0.00000000,0.00000000,0.00000000,0.00000000,0.00000000,1.00000000,0.00000000,0.00000000,0,-75.99996274,-75.99997051,0.00000000,0.00000000,0.00000000,0.00000000,0.00000000,0.00000000,0,0,0,2,0,-0.10626349,-0.10626349,-0.00000000,0.00000000,0.00000000,0.00000000,0.00000000,0.00000000,1.00000000,0.00000000,0.00000000,0,-269.99993000,55.78439927,0.00000000,0.00000000,0.00000000,0.00000000,0.00000000,0.00000000,0
201805890,1,0,0,0,400,0,500,0,0,1,0,0,0,0,0,0,0,0.00000000,0.00000000,0.00000000,0.00000000,0.00000000,0.00000000,0,0,0,3,0,-0.11059787,-0.11059787,-0.00000000,0.00000000,0.00000000,0.00000000,0.00000000,0.00000000,1.00000000,0.00000000,0.00000000,0,-75.99996274,-75.99997051,0.00000000,0.00000000,0.00000000,0.00000000,0.00000000,0.00000000,0,0,0,2,0,-0.10626349,-0.10626349,-0.00000000,0.00000000,0.00000000,0.00000000,0.00000000,0.00000000,1.00000000,0.00000000,0.00000000,0,-269.99993000,55.78439927,0.00000000,0.00000000,0.00000000,0.00000000,0.00000000,0.00000000,0
201805984,1,0,0,0,400,0,500,0,0,1,0,0,0,0,0,0,0,0.00000000,0.00000000,0.00000000,0.00000000,0.00000000,0.00000000,0,0,0,3,0,-0.11059787,-0.11059787,-0.00000000,0.00000000,0.00000000,0.00000000,0.00000000,0.00000000,1.00000000,0.00000000,0.00000000,0,-75.99996274,-75.99997051,0.00000000,0.00000000,0.00000000,0.00000000,0.00000000,0.00000000,0,0,0,2,0,-0.10626349,-0.10626349,-0.00000000,0.00000000,0.00000000,0.00000000,0.00000000,0.00000000,1.00000000,0.00000000,0.00000000,0,-269.99993000,55.78439927,0.00000000,0.00000000,0.00000000,0.00000000,0.00000000,0.00000000,0
201806078,1,0,0,0,400,0,500,0,0,1,0,0,0,0,0,0,0,0.00000000,0.00000000,0.00000000,0.00000000,0.00000000,0.00000000,0,0,0,3,0,-0.11059787,-0.11059787,-0.00000000,0.00000000,0.00000000,0.00000000,0.00000000,0.00000000,1.00000000,0.00000000,0.00000000,0,-75.99996274,-75.99997051,0.00000000,0.00000000,0.00000000,0.00000000,0.00000000,0.00000000,0,0,0,2,0,-0.10626349,-0.10626349,-0.00000000,0.00000000,0.00000000,0.00000000,0.00000000,0.00000000,1.00000000,0.00000000,0.00000000,0,-269.99993000,55.78439927,0.00000000,0.00000000,0.00000000,0.00000000,0.00000000,0.00000000,0
201806156,1,0,0,0,400,0,500,0,0,1,0,0,0,0,0,0,0,0.00000000,0.00000000,0.00000000,0.00000000,0.00000000,0.00000000,0,0,0,3,0,-0.11059787,-0.11059787,-0.00000000,0.00000000,0.00000000,0.00000000,0.00000000,0.00000000,1.00000000,0.00000000,0.00000000,0,-75.99996274,-75.99997051,0.00000000,0.00000000,0.00000000,0.00000000,0.00000000,0.00000000,0,0,0,2,0,-0.10626349,-0.10626349,-0.00000000,0.00000000,0.00000000,0.00000000,0.00000000,0.00000000,1.00000000,0.00000000,0.00000000,0,-269.99993000,55.78424418,0.00000000,0.00000000,0.00000000,0.00000000,0.00000000,0.00000000,0
201806218,1,0,0,0,400,0,500,0,0,1,0,0,0,0,0,0,0,0.00000000,0.00000000,0.00000000,0.00000000,0.00000000,0.00000000,0,0,0,3,0,-0.11059787,-0.11059787,-0.00000000,0.00000000,0.00000000,0.00000000,0.00000000,0.00000000,1.00000000,0.00000000,0.00000000,0,-75.99996274,-75.99997051,0.00000000,0.00000000,0.00000000,0.00000000,0.00000000,0.00000000,0,0,0,2,0,-0.10626349,-0.10626349,-0.00000000,0.00000000,0.00000000,0.00000000,0.00000000,0.00000000,1.00000000,0.00000000,0.00000000,0,-269.99993000,55.78424418,0.00000000,0.00000000,0.00000000,0.00000000,0.00000000,0.00000000,0
201806296,1,0,0,0,400,0,500,0,0,1,0,0,0,0,0,0,0,0.00000000,0.00000000,0.00000000,0.00000000,0.00000000,0.00000000,0,0,0,3,0,-0.11059787,-0.11059787,-0.00000000,0.00000000,0.00000000,0.00000000,0.00000000,0.00000000,1.00000000,0.00000000,0.00000000,0,-75.99996274,-75.99997051,0.00000000,0.00000000,0.00000000,0.00000000,0.00000000,0.00000000,0,0,0,2,0,-0.10626349,-0.10626349,-0.00000000,0.00000000,0.00000000,0.00000000,0.00000000,0.00000000,1.00000000,0.00000000,0.00000000,0,-269.99993000,55.78424418,0.00000000,0.00000000,0.00000000,0.00000000,0.00000000,0.00000000,0
201806359,1,0,0,0,400,0,500,0,0,1,0,0,0,0,0,0,0,0.00000000,0.00000000,0.00000000,0.00000000,0.00000000,0.00000000,0,0,0,3,0,-0.11059787,-0.11059787,-0.00000000,0.00000000,0.00000000,0.00000000,0.00000000,0.00000000,1.00000000,0.00000000,0.00000000,0,-75.99996274,-75.99997051,0.00000000,0.00000000,0.00000000,0.00000000,0.00000000,0.00000000,0,0,0,2,0,-0.10626349,-0.10626349,-0.00000000,0.00000000,0.00000000,0.00000000,0.00000000,0.00000000,1.00000000,0.00000000,0.00000000,0,-269.99993000,55.78424418,0.00000000,0.00000000,0.00000000,0.00000000,0.00000000,0.00000000,0
201806437,1,0,0,0,400,0,500,0,0,1,0,0,0,0,0,0,0,0.00000000,0.00000000,0.00000000,0.00000000,0.00000000,0.00000000,0,0,0,3,0,-0.11059787,-0.11059787,-0.00000000,0.00000000,0.00000000,0.00000000,0.00000000,0.00000000,1.00000000,0.00000000,0.00000000,0,-75.99996274,-75.99997051,0.00000000,0.00000000,0.00000000,0.00000000,0.00000000,0.00000000,0,0,0,2,0,-0.10626349,-0.10626349,-0.00000000,0.00000000,0.00000000,0.00000000,0.00000000,0.00000000,1.00000000,0.00000000,0.00000000,0,-269.99993000,55.78424418,0.00000000,0.00000000,0.00000000,0.00000000,0.00000000,0.00000000,0
201806531,1,0,0,0,400,0,500,0,0,1,0,0,0,0,0,0,0,0.00000000,0.00000000,0.00000000,0.00000000,0.00000000,0.00000000,0,0,0,3,0,-0.11059787,-0.11059787,-0.00000000,0.00000000,0.00000000,0.00000000,0.00000000,0.00000000,1.00000000,0.00000000,0.00000000,0,-75.99996274,-75.99997051,0.00000000,0.00000000,0.00000000,0.00000000,0.00000000,0.00000000,0,0,0,2,0,-0.10626349,-0.10626349,-0.00000000,0.00000000,0.00000000,0.00000000,0.00000000,0.00000000,1.00000000,0.00000000,0.00000000,0,-269.99993000,55.78424418,0.00000000,0.00000000,0.00000000,0.00000000,0.00000000,0.00000000,0
201806625,1,0,0,0,400,0,500,0,0,1,0,0,0,0,0,0,0,0.00000000,0.00000000,0.00000000,0.00000000,0.00000000,0.00000000,0,0,0,3,0,-0.11059787,-0.11059787,-0.00000000,0.00000000,0.00000000,0.00000000,0.00000000,0.00000000,1.00000000,0.00000000,0.00000000,0,-75.99996274,-75.99997051,0.00000000,0.00000000,0.00000000,0.00000000,0.00000000,0.00000000,0,0,0,2,0,-0.10626349,-0.10626349,-0.00000000,0.00000000,0.00000000,0.00000000,0.00000000,0.00000000,1.00000000,0.00000000,0.00000000,0,-269.99993000,55.78408909,0.00000000,0.00000000,0.00000000,0.00000000,0.00000000,0.00000000,0
201806703,1,0,0,0,400,0,500,0,0,1,0,0,0,0,0,0,0,0.00000000,0.00000000,0.00000000,0.00000000,0.00000000,0.00000000,0,0,0,3,0,-0.11059787,-0.11059787,-0.00000000,0.00000000,0.00000000,0.00000000,0.00000000,0.00000000,1.00000000,0.00000000,0.00000000,0,-75.99996274,-75.99997051,0.00000000,0.00000000,0.00000000,0.00000000,0.00000000,0.00000000,0,0,0,2,0,-0.10626349,-0.10626349,-0.00000000,0.00000000,0.00000000,0.00000000,0.00000000,0.00000000,1.00000000,0.00000000,0.00000000,0,-269.99993000,55.78408909,0.00000000,0.00000000,0.00000000,0.00000000,0.00000000,0.00000000,0
201806812,1,0,0,0,400,0,500,0,0,1,0,0,0,0,0,0,0,0.00000000,0.00000000,0.00000000,0.00000000,0.00000000,0.00000000,0,0,0,3,0,-0.11059787,-0.11059787,-0.00000000,0.00000000,0.00000000,0.00000000,0.00000000,0.00000000,1.00000000,0.00000000,0.00000000,0,-75.99996274,-75.99997051,0.00000000,0.00000000,0.00000000,0.00000000,0.00000000,0.00000000,0,0,0,2,0,-0.10626349,-0.10626349,-0.00000000,0.00000000,0.00000000,0.00000000,0.00000000,0.00000000,1.00000000,0.00000000,0.00000000,0,-269.99993000,55.78408909,0.00000000,0.00000000,0.00000000,0.00000000,0.00000000,0.00000000,0
201806906,1,0,0,0,400,0,500,0,0,1,0,0,0,0,0,0,0,0.00000000,0.00000000,0.00000000,0.00000000,0.00000000,0.00000000,0,0,0,3,0,-0.11059787,-0.11059787,-0.00000000,0.00000000,0.00000000,0.00000000,0.00000000,0.00000000,1.00000000,0.00000000,0.00000000,0,-75.99996274,-75.99997051,0.00000000,0.00000000,0.00000000,0.00000000,0.00000000,0.00000000,0,0,0,2,0,-0.10626349,-0.10626349,-0.00000000,0.00000000,0.00000000,0.00000000,0.00000000,0.00000000,1.00000000,0.00000000,0.00000000,0,-269.99993000,55.78408909,0.00000000,0.00000000,0.00000000,0.00000000,0.00000000,0.00000000,0
201806984,1,0,0,0,400,0,500,0,0,1,0,0,0,0,0,0,0,0.00000000,0.00000000,0.00000000,0.00000000,0.00000000,0.00000000,0,0,0,3,0,-0.11059787,-0.11059787,-0.00000000,0.00000000,0.00000000,0.00000000,0.00000000,0.00000000,1.00000000,0.00000000,0.00000000,0,-75.99996274,-75.99997051,0.00000000,0.00000000,0.00000000,0.00000000,0.00000000,0.00000000,0,0,0,2,0,-0.10626349,-0.10626349,-0.00000000,0.00000000,0.00000000,0.00000000,0.00000000,0.00000000,1.00000000,0.00000000,0.00000000,0,-269.99993000,55.78393399,0.00000000,0.00000000,0.00000000,0.00000000,0.00000000,0.00000000,0
201807078,1,0,0,0,400,0,500,0,0,1,0,0,0,0,0,0,0,0.00000000,0.00000000,0.00000000,0.00000000,0.00000000,0.00000000,0,0,0,3,0,-0.11059787,-0.11059787,-0.00000000,0.00000000,0.00000000,0.00000000,0.00000000,0.00000000,1.00000000,0.00000000,0.00000000,0,-75.99996274,-75.99997051,0.00000000,0.00000000,0.00000000,0.00000000,0.00000000,0.00000000,0,0,0,2,0,-0.10626349,-0.10626349,-0.00000000,0.00000000,0.00000000,0.00000000,0.00000000,0.00000000,1.00000000,0.00000000,0.00000000,0,-269.99993000,55.78393399,0.00000000,0.00000000,0.00000000,0.00000000,0.00000000,0.00000000,0
201807171,1,0,0,0,400,0,500,0,0,1,0,0,0,0,0,0,0,0.00000000,0.00000000,0.00000000,0.00000000,0.00000000,0.00000000,0,0,0,3,0,-0.11059787,-0.11059787,-0.00000000,0.00000000,0.00000000,0.00000000,0.00000000,0.00000000,1.00000000,0.00000000,0.00000000,0,-75.99996274,-75.99997051,0.00000000,0.00000000,0.00000000,0.00000000,0.00000000,0.00000000,0,0,0,2,0,-0.10626349,-0.10626349,-0.00000000,0.00000000,0.00000000,0.00000000,0.00000000,0.00000000,1.00000000,0.00000000,0.00000000,0,-269.99993000,55.78393399,0.00000000,0.00000000,0.00000000,0.00000000,0.00000000,0.00000000,0
201807281,1,0,0,0,400,0,500,0,0,1,0,0,0,0,0,0,0,0.00000000,0.00000000,0.00000000,0.00000000,0.00000000,0.00000000,0,0,0,3,0,-0.11059787,-0.11059787,-0.00000000,0.00000000,0.00000000,0.00000000,0.00000000,0.00000000,1.00000000,0.00000000,0.00000000,0,-75.99996274,-75.99997051,0.00000000,0.00000000,0.00000000,0.00000000,0.00000000,0.00000000,0,0,0,2,0,-0.10626349,-0.10626349,-0.00000000,0.00000000,0.00000000,0.00000000,0.00000000,0.00000000,1.00000000,0.00000000,0.00000000,0,-269.99993000,55.78393399,0.00000000,0.00000000,0.00000000,0.00000000,0.00000000,0.00000000,0
201807375,1,0,0,0,400,0,500,0,0,1,0,0,0,0,0,0,0,0.00000000,0.00000000,0.00000000,0.00000000,0.00000000,0.00000000,0,0,0,3,0,-0.11059787,-0.11059787,-0.00000000,0.00000000,0.00000000,0.00000000,0.00000000,0.00000000,1.00000000,0.00000000,0.00000000,0,-75.99996274,-75.99997051,0.00000000,0.00000000,0.00000000,0.00000000,0.00000000,0.00000000,0,0,0,2,0,-0.10626349,-0.10626349,-0.00000000,0.00000000,0.00000000,0.00000000,0.00000000,0.00000000,1.00000000,0.00000000,0.00000000,0,-269.99993000,55.78377890,0.00000000,0.00000000,0.00000000,0.00000000,0.00000000,0.00000000,0
201807468,1,0,0,0,400,0,500,0,0,1,0,0,0,0,0,0,0,0.00000000,0.00000000,0.00000000,0.00000000,0.00000000,0.00000000,0,0,0,3,0,-0.11059787,-0.11059787,-0.00000000,0.00000000,0.00000000,0.00000000,0.00000000,0.00000000,1.00000000,0.00000000,0.00000000,0,-75.99996274,-75.99997051,0.00000000,0.00000000,0.00000000,0.00000000,0.00000000,0.00000000,0,0,0,2,0,-0.10626349,-0.10626349,-0.00000000,0.00000000,0.00000000,0.00000000,0.00000000,0.00000000,1.00000000,0.00000000,0.00000000,0,-269.99993000,55.78377890,0.00000000,0.00000000,0.00000000,0.00000000,0.00000000,0.00000000,0
201807562,1,0,0,0,400,0,500,0,0,1,0,0,0,0,0,0,0,0.00000000,0.00000000,0.00000000,0.00000000,0.00000000,0.00000000,0,0,0,3,0,-0.11059787,-0.11059787,-0.00000000,0.00000000,0.00000000,0.00000000,0.00000000,0.00000000,1.00000000,0.00000000,0.00000000,0,-75.99996274,-75.99997051,0.00000000,0.00000000,0.00000000,0.00000000,0.00000000,0.00000000,0,0,0,2,0,-0.10626349,-0.10626349,-0.00000000,0.00000000,0.00000000,0.00000000,0.00000000,0.00000000,1.00000000,0.00000000,0.00000000,0,-269.99993000,55.78377890,0.00000000,0.00000000,0.00000000,0.00000000,0.00000000,0.00000000,0
201807656,1,0,0,0,400,0,500,0,0,1,0,0,0,0,0,0,0,0.00000000,0.00000000,0.00000000,0.00000000,0.00000000,0.00000000,0,0,0,3,0,-0.11059787,-0.11059787,-0.00000000,0.00000000,0.00000000,0.00000000,0.00000000,0.00000000,1.00000000,0.00000000,0.00000000,0,-75.99996274,-75.99997051,0.00000000,0.00000000,0.00000000,0.00000000,0.00000000,0.00000000,0,0,0,2,0,-0.10626349,-0.10626349,-0.00000000,0.00000000,0.00000000,0.00000000,0.00000000,0.00000000,1.00000000,0.00000000,0.00000000,0,-269.99993000,55.78362381,0.00000000,0.00000000,0.00000000,0.00000000,0.00000000,0.00000000,0
201807750,1,0,0,0,400,0,500,0,0,1,0,0,0,0,0,0,0,0.00000000,0.00000000,0.00000000,0.00000000,0.00000000,0.00000000,0,0,0,3,0,-0.11059787,-0.11059787,-0.00000000,0.00000000,0.00000000,0.00000000,0.00000000,0.00000000,1.00000000,0.00000000,0.00000000,0,-75.99996274,-75.99997051,0.00000000,0.00000000,0.00000000,0.00000000,0.00000000,0.00000000,0,0,0,2,0,-0.10626349,-0.10626349,-0.00000000,0.00000000,0.00000000,0.00000000,0.00000000,0.00000000,1.00000000,0.00000000,0.00000000,0,-269.99993000,55.78362381,0.00000000,0.00000000,0.00000000,0.00000000,0.00000000,0.00000000,0
201807843,1,0,0,0,400,0,500,0,0,1,0,0,0,0,0,0,0,0.00000000,0.00000000,0.00000000,0.00000000,0.00000000,0.00000000,0,0,0,3,0,-0.11059787,-0.11059787,-0.00000000,0.00000000,0.00000000,0.00000000,0.00000000,0.00000000,1.00000000,0.00000000,0.00000000,0,-75.99996274,-75.99997051,0.00000000,0.00000000,0.00000000,0.00000000,0.00000000,0.00000000,0,0,0,2,0,-0.10626349,-0.10626349,-0.00000000,0.00000000,0.00000000,0.00000000,0.00000000,0.00000000,1.00000000,0.00000000,0.00000000,0,-269.99993000,55.78362381,0.00000000,0.00000000,0.00000000,0.00000000,0.00000000,0.00000000,0
201807921,1,0,0,0,400,0,500,0,0,1,0,0,0,0,0,0,0,0.00000000,0.00000000,0.00000000,0.00000000,0.00000000,0.00000000,0,0,0,3,0,-0.11059787,-0.11059787,-0.00000000,0.00000000,0.00000000,0.00000000,0.00000000,0.00000000,1.00000000,0.00000000,0.00000000,0,-75.99996274,-75.99997051,0.00000000,0.00000000,0.00000000,0.00000000,0.00000000,0.00000000,0,0,0,2,0,-0.10626349,-0.10626349,-0.00000000,0.00000000,0.00000000,0.00000000,0.00000000,0.00000000,1.00000000,0.00000000,0.00000000,0,-269.99993000,55.78346872,0.00000000,0.00000000,0.00000000,0.00000000,0.00000000,0.00000000,0
201808015,1,0,0,0,400,0,500,0,0,1,0,0,0,0,0,0,0,0.00000000,0.00000000,0.00000000,0.00000000,0.00000000,0.00000000,0,0,0,3,0,-0.11059787,-0.11059787,-0.00000000,0.00000000,0.00000000,0.00000000,0.00000000,0.00000000,1.00000000,0.00000000,0.00000000,0,-75.99996274,-75.99997051,0.00000000,0.00000000,0.00000000,0.00000000,0.00000000,0.00000000,0,0,0,2,0,-0.10626349,-0.10626349,-0.00000000,0.00000000,0.00000000,0.00000000,0.00000000,0.00000000,1.00000000,0.00000000,0.00000000,0,-269.99993000,55.78346872,0.00000000,0.00000000,0.00000000,0.00000000,0.00000000,0.00000000,0
201808109,1,0,0,0,400,0,500,0,0,1,0,0,0,0,0,0,0,0.00000000,0.00000000,0.00000000,0.00000000,0.00000000,0.00000000,0,0,0,3,0,-0.11059787,-0.11059787,-0.00000000,0.00000000,0.00000000,0.00000000,0.00000000,0.00000000,1.00000000,0.00000000,0.00000000,0,-75.99996274,-75.99997051,0.00000000,0.00000000,0.00000000,0.00000000,0.00000000,0.00000000,0,0,0,2,0,-0.10626349,-0.10626349,-0.00000000,0.00000000,0.00000000,0.00000000,0.00000000,0.00000000,1.00000000,0.00000000,0.00000000,0,-269.99993000,55.78346872,0.00000000,0.00000000,0.00000000,0.00000000,0.00000000,0.00000000,0
201808218,1,0,0,0,400,600,400,100,0,1,0,0,1,0,0,0,0,0.00000000,0.00000000,0.00000000,0.00000000,0.00000000,0.00000000,0,0,0,4,0,-0.11059787,-0.11059787,-0.00000000,0.00000000,0.00000000,0.00000000,0.00000000,0.00000000,1.00000000,0.00000000,0.00000000,0,-75.99996274,-75.99997051,0.00000000,0.00000000,0.00000000,0.00000000,0.00000000,0.00000000,0,0,0,4,0,-0.10626349,-0.10626349,-0.00000000,0.00000000,0.00000000,0.00000000,0.00000000,0.00000000,1.00000000,0.00000000,0.00000000,0,-269.99993000,55.78346872,0.00000000,0.00000000,0.00000000,0.00000000,0.00000000,0.00000000,0
201808281,1,0,0,0,400,600,400,100,0,1,0,0,1,0,0,0,0,0.00000000,0.00000000,0.00000000,0.00000000,0.00000000,0.00000000,0,0,0,4,0,-0.11059787,-0.11059787,-0.00000000,0.00000000,0.00000000,0.00000000,0.00000000,0.00000000,1.00000000,0.00000000,0.00000000,0,-75.99996274,-75.99997051,0.00000000,0.00000000,0.00000000,0.00000000,0.00000000,0.00000000,0,0,0,4,0,-0.10626349,-0.10626349,-0.00000000,0.00000000,0.00000000,0.00000000,0.00000000,0.00000000,1.00000000,0.00000000,0.00000000,0,-269.99993000,55.78346872,0.00000000,0.00000000,0.00000000,0.00000000,0.00000000,0.00000000,0
201808359,1,0,0,0,400,600,400,100,0,1,0,0,1,0,0,0,0,0.00000000,0.00000000,0.00000000,0.00000000,0.00000000,0.00000000,0,0,0,4,0,-0.11059787,-0.11059787,-0.00000000,0.00000000,0.00000000,0.00000000,0.00000000,0.00000000,1.00000000,0.00000000,0.00000000,0,-75.99996274,-75.99997051,0.00000000,0.00000000,0.00000000,0.00000000,0.00000000,0.00000000,0,0,0,4,0,-0.10626349,-0.10626349,-0.00000000,0.00000000,0.00000000,0.00000000,0.00000000,0.00000000,1.00000000,0.00000000,0.00000000,0,-269.99993000,55.78346872,0.00000000,0.00000000,0.00000000,0.00000000,0.00000000,0.00000000,0
201808437,1,0,0,0,400,600,400,100,0,1,0,0,1,0,0,0,0,0.00000000,0.00000000,0.00000000,0.00000000,0.00000000,0.00000000,0,0,0,4,0,-0.11059787,-0.11059787,-0.00000000,0.00000000,0.00000000,0.00000000,0.00000000,0.00000000,1.00000000,0.00000000,0.00000000,0,-75.99996274,-75.99997051,0.00000000,0.00000000,0.00000000,0.00000000,0.00000000,0.00000000,0,0,0,4,0,-0.10626349,-0.10626349,-0.00000000,0.00000000,0.00000000,0.00000000,0.00000000,0.00000000,1.00000000,0.00000000,0.00000000,0,-269.99993000,55.78346872,0.00000000,0.00000000,0.00000000,0.00000000,0.00000000,0.00000000,0
201808515,1,0,0,0,400,600,400,100,0,1,0,0,1,0,0,0,0,0.00000000,0.00000000,0.00000000,0.00000000,0.00000000,0.00000000,0,0,0,4,0,-0.11059787,-0.11059787,-0.00000000,0.00000000,0.00000000,0.00000000,0.00000000,0.00000000,1.00000000,0.00000000,0.00000000,0,-75.99996274,-75.99997051,0.00000000,0.00000000,0.00000000,0.00000000,0.00000000,0.00000000,0,0,0,4,0,-0.10626349,-0.10626349,-0.00000000,0.00000000,0.00000000,0.00000000,0.00000000,0.00000000,1.00000000,0.00000000,0.00000000,0,-269.99993000,55.78346872,0.00000000,0.00000000,0.00000000,0.00000000,0.00000000,0.00000000,0
201808593,1,0,0,0,400,600,400,100,0,1,0,0,1,0,0,0,0,0.00000000,0.00000000,0.00000000,0.00000000,0.00000000,0.00000000,0,0,0,4,0,-0.11059787,-0.11059787,-0.00000000,0.00000000,0.00000000,0.00000000,0.00000000,0.00000000,1.00000000,0.00000000,0.00000000,0,-75.99996274,-75.99997051,0.00000000,0.00000000,0.00000000,0.00000000,0.00000000,0.00000000,0,0,0,4,0,-0.10626349,-0.10626349,-0.00000000,0.00000000,0.00000000,0.00000000,0.00000000,0.00000000,1.00000000,0.00000000,0.00000000,0,-269.99993000,55.78346872,0.00000000,0.00000000,0.00000000,0.00000000,0.00000000,0.00000000,0
201808671,1,0,0,0,400,600,400,100,0,1,0,0,1,0,0,0,0,0.00000000,0.00000000,0.00000000,0.00000000,0.00000000,0.00000000,0,0,0,4,0,-0.11059787,-0.11059787,-0.00000000,0.00000000,0.00000000,0.00000000,0.00000000,0.00000000,1.00000000,0.00000000,0.00000000,0,-75.99996274,-75.99997051,0.00000000,0.00000000,0.00000000,0.00000000,0.00000000,0.00000000,0,0,0,4,0,-0.10626349,-0.10626349,-0.00000000,0.00000000,0.00000000,0.00000000,0.00000000,0.00000000,1.00000000,0.00000000,0.00000000,0,-269.99993000,55.78346872,0.00000000,0.00000000,0.00000000,0.00000000,0.00000000,0.00000000,0
201808750,1,0,0,0,400,600,400,100,0,1,0,0,1,0,0,0,0,0.00000000,0.00000000,0.00000000,0.00000000,0.00000000,0.00000000,0,0,0,4,0,-0.11059787,-0.11059787,-0.00000000,0.00000000,0.00000000,0.00000000,0.00000000,0.00000000,1.00000000,0.00000000,0.00000000,0,-75.99996274,-75.99997051,0.00000000,0.00000000,0.00000000,0.00000000,0.00000000,0.00000000,0,0,0,4,0,-0.10626349,-0.10626349,-0.00000000,0.00000000,0.00000000,0.00000000,0.00000000,0.00000000,1.00000000,0.00000000,0.00000000,0,-269.99993000,55.78346872,0.00000000,0.00000000,0.00000000,0.00000000,0.00000000,0.00000000,0
201808828,1,0,0,0,400,600,400,100,0,1,0,0,1,0,0,0,0,0.00000000,0.00000000,0.00000000,0.00000000,0.00000000,0.00000000,0,0,0,4,0,-0.11059787,-0.11059787,-0.00000000,0.00000000,0.00000000,0.00000000,0.00000000,0.00000000,1.00000000,0.00000000,0.00000000,0,-75.99996274,-75.99997051,0.00000000,0.00000000,0.00000000,0.00000000,0.00000000,0.00000000,0,0,0,4,0,-0.10626349,-0.10626349,-0.00000000,0.00000000,0.00000000,0.00000000,0.00000000,0.00000000,1.00000000,0.00000000,0.00000000,0,-269.99993000,55.78346872,0.00000000,0.00000000,0.00000000,0.00000000,0.00000000,0.00000000,0
201808906,1,0,0,0,400,600,400,100,0,1,0,0,1,0,0,0,0,0.00000000,0.00000000,0.00000000,0.00000000,0.00000000,0.00000000,0,0,0,4,0,-0.11059787,-0.11059787,-0.00000000,0.00000000,0.00000000,0.00000000,0.00000000,0.00000000,1.00000000,0.00000000,0.00000000,0,-75.99996274,-75.99997051,0.00000000,0.00000000,0.00000000,0.00000000,0.00000000,0.00000000,0,0,0,4,0,-0.10626349,-0.10626349,-0.00000000,0.00000000,0.00000000,0.00000000,0.00000000,0.00000000,1.00000000,0.00000000,0.00000000,0,-269.99993000,55.78346872,0.00000000,0.00000000,0.00000000,0.00000000,0.00000000,0.00000000,0
201809000,1,0,0,0,400,600,400,100,0,1,0,0,1,0,0,0,0,0.00000000,0.00000000,0.00000000,0.00000000,0.00000000,0.00000000,0,0,0,4,0,-0.11059787,-0.11059787,-0.00000000,0.00000000,0.00000000,0.00000000,0.00000000,0.00000000,1.00000000,0.00000000,0.00000000,0,-75.99996274,-75.99997051,0.00000000,0.00000000,0.00000000,0.00000000,0.00000000,0.00000000,0,0,0,4,0,-0.10626349,-0.10626349,-0.00000000,0.00000000,0.00000000,0.00000000,0.00000000,0.00000000,1.00000000,0.00000000,0.00000000,0,-269.99993000,55.78346872,0.00000000,0.00000000,0.00000000,0.00000000,0.00000000,0.00000000,0
201809078,1,0,0,0,400,600,400,100,0,1,0,0,1,0,0,0,0,0.00000000,0.00000000,0.00000000,0.00000000,0.00000000,0.00000000,0,0,0,4,0,-0.11059787,-0.11059787,-0.00000000,0.00000000,0.00000000,0.00000000,0.00000000,0.00000000,1.00000000,0.00000000,0.00000000,0,-75.99996274,-75.99997051,0.00000000,0.00000000,0.00000000,0.00000000,0.00000000,0.00000000,0,0,0,4,0,-0.10626349,-0.10626349,-0.00000000,0.00000000,0.00000000,0.00000000,0.00000000,0.00000000,1.00000000,0.00000000,0.00000000,0,-269.99993000,55.78346872,0.00000000,0.00000000,0.00000000,0.00000000,0.00000000,0.00000000,0
201809140,1,0,0,0,400,600,400,100,0,1,0,0,1,0,0,0,0,0.00000000,0.00000000,0.00000000,0.00000000,0.00000000,0.00000000,0,0,0,4,0,-0.11059787,-0.11059787,-0.00000000,0.00000000,0.00000000,0.00000000,0.00000000,0.00000000,1.00000000,0.00000000,0.00000000,0,-75.99996274,-75.99997051,0.00000000,0.00000000,0.00000000,0.00000000,0.00000000,0.00000000,0,0,0,4,0,-0.10626349,-0.10626349,-0.00000000,0.00000000,0.00000000,0.00000000,0.00000000,0.00000000,1.00000000,0.00000000,0.00000000,0,-269.99993000,55.78346872,0.00000000,0.00000000,0.00000000,0.00000000,0.00000000,0.00000000,0
201809234,1,0,0,0,400,600,400,100,0,1,0,0,1,0,0,0,0,0.00000000,0.00000000,0.00000000,0.00000000,0.00000000,0.00000000,0,0,0,4,0,-0.11059787,-0.11059787,-0.00000000,0.00000000,0.00000000,0.00000000,0.00000000,0.00000000,1.00000000,0.00000000,0.00000000,0,-75.99996274,-75.99997051,0.00000000,0.00000000,0.00000000,0.00000000,0.00000000,0.00000000,0,0,0,4,0,-0.10626349,-0.10626349,-0.00000000,0.00000000,0.00000000,0.00000000,0.00000000,0.00000000,1.00000000,0.00000000,0.00000000,0,-269.99993000,55.78346872,0.00000000,0.00000000,0.00000000,0.00000000,0.00000000,0.00000000,0
201809296,1,0,0,0,400,600,400,100,0,1,0,0,1,0,0,0,0,0.00000000,0.00000000,0.00000000,0.00000000,0.00000000,0.00000000,0,0,0,4,0,-0.11059787,-0.11059787,-0.00000000,0.00000000,0.00000000,0.00000000,0.00000000,0.00000000,1.00000000,0.00000000,0.00000000,0,-75.99996274,-75.99997051,0.00000000,0.00000000,0.00000000,0.00000000,0.00000000,0.00000000,0,0,0,4,0,-0.10626349,-0.10626349,-0.00000000,0.00000000,0.00000000,0.00000000,0.00000000,0.00000000,1.00000000,0.00000000,0.00000000,0,-269.99993000,55.78346872,0.00000000,0.00000000,0.00000000,0.00000000,0.00000000,0.00000000,0
201809390,1,0,0,0,400,600,400,100,0,1,0,0,1,0,0,0,0,0.00000000,0.00000000,0.00000000,0.00000000,0.00000000,0.00000000,0,0,0,4,0,-0.11059787,-0.11059787,-0.00000000,0.00000000,0.00000000,0.00000000,0.00000000,0.00000000,1.00000000,0.00000000,0.00000000,0,-75.99996274,-75.99997051,0.00000000,0.00000000,0.00000000,0.00000000,0.00000000,0.00000000,0,0,0,4,0,-0.10626349,-0.10626349,-0.00000000,0.00000000,0.00000000,0.00000000,0.00000000,0.00000000,1.00000000,0.00000000,0.00000000,0,-269.99993000,55.78346872,0.00000000,0.00000000,0.00000000,0.00000000,0.00000000,0.00000000,0
201809468,1,0,0,0,400,600,400,100,0,1,0,0,1,0,0,0,0,0.00000000,0.00000000,0.00000000,0.00000000,0.00000000,0.00000000,0,0,0,4,0,-0.11059787,-0.11059787,-0.00000000,0.00000000,0.00000000,0.00000000,0.00000000,0.00000000,1.00000000,0.00000000,0.00000000,0,-75.99996274,-75.99997051,0.00000000,0.00000000,0.00000000,0.00000000,0.00000000,0.00000000,0,0,0,4,0,-0.10626349,-0.10626349,-0.00000000,0.00000000,0.00000000,0.00000000,0.00000000,0.00000000,1.00000000,0.00000000,0.00000000,0,-269.99993000,55.78346872,0.00000000,0.00000000,0.00000000,0.00000000,0.00000000,0.00000000,0
201809531,1,0,0,0,400,600,400,100,0,1,0,0,1,0,0,0,0,0.00000000,0.00000000,0.00000000,0.00000000,0.00000000,0.00000000,0,0,0,4,0,-0.11059787,-0.11059787,-0.00000000,0.00000000,0.00000000,0.00000000,0.00000000,0.00000000,1.00000000,0.00000000,0.00000000,0,-75.99996274,-75.99997051,0.00000000,0.00000000,0.00000000,0.00000000,0.00000000,0.00000000,0,0,0,4,0,-0.10626349,-0.10626349,-0.00000000,0.00000000,0.00000000,0.00000000,0.00000000,0.00000000,1.00000000,0.00000000,0.00000000,0,-269.99993000,55.78346872,0.00000000,0.00000000,0.00000000,0.00000000,0.00000000,0.00000000,0
201809625,1,0,0,0,400,600,400,100,0,1,0,0,1,0,0,0,0,0.00000000,0.00000000,0.00000000,0.00000000,0.00000000,0.00000000,0,0,0,4,0,-0.11059787,-0.11059787,-0.00000000,0.00000000,0.00000000,0.00000000,0.00000000,0.00000000,1.00000000,0.00000000,0.00000000,0,-75.99996274,-75.99997051,0.00000000,0.00000000,0.00000000,0.00000000,0.00000000,0.00000000,0,0,0,4,0,-0.10626349,-0.10626349,-0.00000000,0.00000000,0.00000000,0.00000000,0.00000000,0.00000000,1.00000000,0.00000000,0.00000000,0,-269.99993000,55.78346872,0.00000000,0.00000000,0.00000000,0.00000000,0.00000000,0.00000000,0
201809687,1,0,0,0,400,600,400,100,0,1,0,0,1,0,0,0,0,0.00000000,0.00000000,0.00000000,0.00000000,0.00000000,0.00000000,0,0,0,4,0,-0.11059787,-0.11059787,-0.00000000,0.00000000,0.00000000,0.00000000,0.00000000,0.00000000,1.00000000,0.00000000,0.00000000,0,-75.99996274,-75.99997051,0.00000000,0.00000000,0.00000000,0.00000000,0.00000000,0.00000000,0,0,0,4,0,-0.10626349,-0.10626349,-0.00000000,0.00000000,0.00000000,0.00000000,0.00000000,0.00000000,1.00000000,0.00000000,0.00000000,0,-269.99993000,55.78346872,0.00000000,0.00000000,0.00000000,0.00000000,0.00000000,0.00000000,0
201809796,1,0,0,0,400,600,400,100,0,1,0,0,1,0,0,0,0,0.00000000,0.00000000,0.00000000,0.00000000,0.00000000,0.00000000,0,0,0,4,0,-0.11059787,-0.11059787,-0.00000000,0.00000000,0.00000000,0.00000000,0.00000000,0.00000000,1.00000000,0.00000000,0.00000000,0,-75.99996274,-75.99997051,0.00000000,0.00000000,0.00000000,0.00000000,0.00000000,0.00000000,0,0,0,4,0,-0.10626349,-0.10626349,-0.00000000,0.00000000,0.00000000,0.00000000,0.00000000,0.00000000,1.00000000,0.00000000,0.00000000,0,-269.99993000,55.78346872,0.00000000,0.00000000,0.00000000,0.00000000,0.00000000,0.00000000,0
201809875,1,0,0,0,400,600,400,100,0,1,0,0,1,0,0,0,0,0.00000000,0.00000000,0.00000000,0.00000000,0.00000000,0.00000000,0,0,0,4,0,-0.11059787,-0.11059787,-0.00000000,0.00000000,0.00000000,0.00000000,0.00000000,0.00000000,1.00000000,0.00000000,0.00000000,0,-75.99996274,-75.99997051,0.00000000,0.00000000,0.00000000,0.00000000,0.00000000,0.00000000,0,0,0,4,0,-0.10626349,-0.10626349,-0.00000000,0.00000000,0.00000000,0.00000000,0.00000000,0.00000000,1.00000000,0.00000000,0.00000000,0,-269.99993000,55.78346872,0.00000000,0.00000000,0.00000000,0.00000000,0.00000000,0.00000000,0
201809953,1,0,0,0,400,600,400,100,0,1,0,0,1,0,0,0,0,0.00000000,0.00000000,0.00000000,0.00000000,0.00000000,0.00000000,0,0,0,4,0,-0.11059787,-0.11059787,-0.00000000,0.00000000,0.00000000,0.00000000,0.00000000,0.00000000,1.00000000,0.00000000,0.00000000,0,-75.99996274,-75.99997051,0.00000000,0.00000000,0.00000000,0.00000000,0.00000000,0.00000000,0,0,0,4,0,-0.10626349,-0.10626349,-0.00000000,0.00000000,0.00000000,0.00000000,0.00000000,0.00000000,1.00000000,0.00000000,0.00000000,0,-269.99993000,55.78346872,0.00000000,0.00000000,0.00000000,0.00000000,0.00000000,0.00000000,0
201810046,1,0,0,0,400,600,400,100,0,1,0,0,1,0,0,0,0,0.00000000,0.00000000,0.00000000,0.00000000,0.00000000,0.00000000,0,0,0,4,0,-0.11059787,-0.11059787,-0.00000000,0.00000000,0.00000000,0.00000000,0.00000000,0.00000000,1.00000000,0.00000000,0.00000000,0,-75.99996274,-75.99997051,0.00000000,0.00000000,0.00000000,0.00000000,0.00000000,0.00000000,0,0,0,4,0,-0.10626349,-0.10626349,-0.00000000,0.00000000,0.00000000,0.00000000,0.00000000,0.00000000,1.00000000,0.00000000,0.00000000,0,-269.99993000,55.78346872,0.00000000,0.00000000,0.00000000,0.00000000,0.00000000,0.00000000,0
201810125,1,0,0,0,400,600,400,100,0,1,0,0,1,0,0,0,0,0.00000000,0.00000000,0.00000000,0.00000000,0.00000000,0.00000000,0,0,0,4,0,-0.11059787,-0.11059787,-0.00000000,0.00000000,0.00000000,0.00000000,0.00000000,0.00000000,1.00000000,0.00000000,0.00000000,0,-75.99996274,-75.99997051,0.00000000,0.00000000,0.00000000,0.00000000,0.00000000,0.00000000,0,0,0,4,0,-0.10626349,-0.10626349,-0.00000000,0.00000000,0.00000000,0.00000000,0.00000000,0.00000000,1.00000000,0.00000000,0.00000000,0,-269.99993000,55.78346872,0.00000000,0.00000000,0.00000000,0.00000000,0.00000000,0.00000000,0
201810203,1,0,0,0,400,600,400,100,0,1,0,0,1,0,0,0,0,0.00000000,0.00000000,0.00000000,0.00000000,0.00000000,0.00000000,0,0,0,4,0,-0.11059787,-0.11059787,-0.00000000,0.00000000,0.00000000,0.00000000,0.00000000,0.00000000,1.00000000,0.00000000,0.00000000,0,-75.99996274,-75.99997051,0.00000000,0.00000000,0.00000000,0.00000000,0.00000000,0.00000000,0,0,0,4,0,-0.10626349,-0.10626349,-0.00000000,0.00000000,0.00000000,0.00000000,0.00000000,0.00000000,1.00000000,0.00000000,0.00000000,0,-269.99993000,55.78346872,0.00000000,0.00000000,0.00000000,0.00000000,0.00000000,0.00000000,0
201810281,1,0,0,0,400,600,400,100,0,1,0,0,1,0,0,0,0,0.00000000,0.00000000,0.00000000,0.00000000,0.00000000,0.00000000,0,0,0,4,0,-0.11059787,-0.11059787,-0.00000000,0.00000000,0.00000000,0.00000000,0.00000000,0.00000000,1.00000000,0.00000000,0.00000000,0,-75.99996274,-75.99997051,0.00000000,0.00000000,0.00000000,0.00000000,0.00000000,0.00000000,0,0,0,4,0,-0.10626349,-0.10626349,-0.00000000,0.00000000,0.00000000,0.00000000,0.00000000,0.00000000,1.00000000,0.00000000,0.00000000,0,-269.99993000,55.78346872,0.00000000,0.00000000,0.00000000,0.00000000,0.00000000,0.00000000,0
201810359,1,0,0,0,400,600,400,100,0,1,0,0,1,0,0,0,0,0.00000000,0.00000000,0.00000000,0.00000000,0.00000000,0.00000000,0,0,0,4,0,-0.11059787,-0.11059787,-0.00000000,0.00000000,0.00000000,0.00000000,0.00000000,0.00000000,1.00000000,0.00000000,0.00000000,0,-75.99996274,-75.99997051,0.00000000,0.00000000,0.00000000,0.00000000,0.00000000,0.00000000,0,0,0,4,0,-0.10626349,-0.10626349,-0.00000000,0.00000000,0.00000000,0.00000000,0.00000000,0.00000000,1.00000000,0.00000000,0.00000000,0,-269.99993000,55.78346872,0.00000000,0.00000000,0.00000000,0.00000000,0.00000000,0.00000000,0
201810437,1,0,0,0,400,600,400,100,0,1,0,0,1,0,0,0,0,0.00000000,0.00000000,0.00000000,0.00000000,0.00000000,0.00000000,0,0,0,4,0,-0.11059787,-0.11059787,-0.00000000,0.00000000,0.00000000,0.00000000,0.00000000,0.00000000,1.00000000,0.00000000,0.00000000,0,-75.99996274,-75.99997051,0.00000000,0.00000000,0.00000000,0.00000000,0.00000000,0.00000000,0,0,0,4,0,-0.10626349,-0.10626349,-0.00000000,0.00000000,0.00000000,0.00000000,0.00000000,0.00000000,1.00000000,0.00000000,0.00000000,0,-269.99993000,55.78346872,0.00000000,0.00000000,0.00000000,0.00000000,0.00000000,0.00000000,0
201810515,1,0,0,0,400,600,400,100,0,1,0,0,1,0,0,0,0,0.00000000,0.00000000,0.00000000,0.00000000,0.00000000,0.00000000,0,0,0,4,0,-0.11059787,-0.11059787,-0.00000000,0.00000000,0.00000000,0.00000000,0.00000000,0.00000000,1.00000000,0.00000000,0.00000000,0,-75.99996274,-75.99997051,0.00000000,0.00000000,0.00000000,0.00000000,0.00000000,0.00000000,0,0,0,4,0,-0.10626349,-0.10626349,-0.00000000,0.00000000,0.00000000,0.00000000,0.00000000,0.00000000,1.00000000,0.00000000,0.00000000,0,-269.99993000,55.78346872,0.00000000,0.00000000,0.00000000,0.00000000,0.00000000,0.00000000,0
201810593,1,0,0,0,400,600,400,100,0,1,0,0,1,0,0,0,0,0.00000000,0.00000000,0.00000000,0.00000000,0.00000000,0.00000000,0,0,0,4,0,-0.11059787,-0.11059787,-0.00000000,0.00000000,0.00000000,0.00000000,0.00000000,0.00000000,1.00000000,0.00000000,0.00000000,0,-75.99996274,-75.99997051,0.00000000,0.00000000,0.00000000,0.00000000,0.00000000,0.00000000,0,0,0,4,0,-0.10626349,-0.10626349,-0.00000000,0.00000000,0.00000000,0.00000000,0.00000000,0.00000000,1.00000000,0.00000000,0.00000000,0,-269.99993000,55.78346872,0.00000000,0.00000000,0.00000000,0.00000000,0.00000000,0.00000000,0
201810671,1,0,0,0,400,600,400,100,0,1,0,0,1,0,0,0,0,0.00000000,0.00000000,0.00000000,0.00000000,0.00000000,0.00000000,0,0,0,4,0,-0.11059787,-0.11059787,-0.00000000,0.00000000,0.00000000,0.00000000,0.00000000,0.00000000,1.00000000,0.00000000,0.00000000,0,-75.99996274,-75.99997051,0.00000000,0.00000000,0.00000000,0.00000000,0.00000000,0.00000000,0,0,0,4,0,-0.10626349,-0.10626349,-0.00000000,0.00000000,0.00000000,0.00000000,0.00000000,0.00000000,1.00000000,0.00000000,0.00000000,0,-269.99993000,55.78346872,0.00000000,0.00000000,0.00000000,0.00000000,0.00000000,0.00000000,0
201810750,1,0,0,0,400,600,400,100,0,1,0,0,1,0,0,0,0,0.00000000,0.00000000,0.00000000,0.00000000,0.00000000,0.00000000,0,0,0,4,0,-0.11059787,-0.11059787,-0.00000000,0.00000000,0.00000000,0.00000000,0.00000000,0.00000000,1.00000000,0.00000000,0.00000000,0,-75.99996274,-75.99997051,0.00000000,0.00000000,0.00000000,0.00000000,0.00000000,0.00000000,0,0,0,4,0,-0.10626349,-0.10626349,-0.00000000,0.00000000,0.00000000,0.00000000,0.00000000,0.00000000,1.00000000,0.00000000,0.00000000,0,-269.99993000,55.78346872,0.00000000,0.00000000,0.00000000,0.00000000,0.00000000,0.00000000,0
201810828,1,0,0,0,400,600,400,100,0,1,0,0,1,0,0,0,0,0.00000000,0.00000000,0.00000000,0.00000000,0.00000000,0.00000000,0,0,0,4,0,-0.11059787,-0.11059787,-0.00000000,0.00000000,0.00000000,0.00000000,0.00000000,0.00000000,1.00000000,0.00000000,0.00000000,0,-75.99996274,-75.99997051,0.00000000,0.00000000,0.00000000,0.00000000,0.00000000,0.00000000,0,0,0,4,0,-0.10626349,-0.10626349,-0.00000000,0.00000000,0.00000000,0.00000000,0.00000000,0.00000000,1.00000000,0.00000000,0.00000000,0,-269.99993000,55.78346872,0.00000000,0.00000000,0.00000000,0.00000000,0.00000000,0.00000000,0
201810890,1,0,0,0,400,600,400,100,0,1,0,0,1,0,0,0,0,0.00000000,0.00000000,0.00000000,0.00000000,0.00000000,0.00000000,0,0,0,4,0,-0.11059787,-0.11059787,-0.00000000,0.00000000,0.00000000,0.00000000,0.00000000,0.00000000,1.00000000,0.00000000,0.00000000,0,-75.99996274,-75.99997051,0.00000000,0.00000000,0.00000000,0.00000000,0.00000000,0.00000000,0,0,0,4,0,-0.10626349,-0.10626349,-0.00000000,0.00000000,0.00000000,0.00000000,0.00000000,0.00000000,1.00000000,0.00000000,0.00000000,0,-269.99993000,55.78346872,0.00000000,0.00000000,0.00000000,0.00000000,0.00000000,0.00000000,0
201810984,1,0,0,0,400,0,500,0,0,1,0,0,0,0,0,0,0,0.00000000,0.00000000,0.00000000,0.00000000,0.00000000,0.00000000,0,0,0,3,0,-0.11059787,-0.11059787,-0.00000000,0.00000000,0.00000000,0.00000000,0.00000000,0.00000000,1.00000000,0.00000000,0.00000000,0,-75.99996274,-75.99997051,0.00000000,0.00000000,0.00000000,0.00000000,0.00000000,0.00000000,0,0,0,2,0,-0.10626349,-0.10626349,-0.00000000,0.00000000,0.00000000,0.00000000,0.00000000,0.00000000,1.00000000,0.00000000,0.00000000,0,-269.99993000,62.90021211,0.00000000,0.00000000,0.00000000,0.00000000,0.00000000,0.00000000,0
201811062,1,0,0,0,400,0,500,0,0,1,0,0,0,0,0,0,0,0.00000000,0.00000000,0.00000000,0.00000000,0.00000000,0.00000000,0,0,0,3,0,-0.11059787,-0.11059787,-0.00000000,0.00000000,0.00000000,0.00000000,0.00000000,0.00000000,1.00000000,0.00000000,0.00000000,0,-75.99996274,-75.99997051,0.00000000,0.00000000,0.00000000,0.00000000,0.00000000,0.00000000,0,0,0,2,0,-0.10626349,-0.10626349,-0.00000000,0.00000000,0.00000000,0.00000000,0.00000000,0.00000000,1.00000000,0.00000000,0.00000000,0,-269.99993000,59.72561755,0.00000000,0.00000000,0.00000000,0.00000000,0.00000000,0.00000000,0
201811156,1,0,0,0,400,0,500,0,0,1,0,0,0,0,0,0,0,0.00000000,0.00000000,0.00000000,0.00000000,0.00000000,0.00000000,0,0,0,3,0,-0.11059787,-0.11059787,-0.00000000,0.00000000,0.00000000,0.00000000,0.00000000,0.00000000,1.00000000,0.00000000,0.00000000,0,-75.99996274,-75.99997051,0.00000000,0.00000000,0.00000000,0.00000000,0.00000000,0.00000000,0,0,0,2,0,-0.10626349,-0.10626349,-0.00000000,0.00000000,0.00000000,0.00000000,0.00000000,0.00000000,1.00000000,0.00000000,0.00000000,0,-269.99993000,55.95251987,0.00000000,0.00000000,0.00000000,0.00000000,0.00000000,0.00000000,0
201811250,1,0,0,0,400,0,500,0,0,1,0,0,0,0,0,0,0,0.00000000,0.00000000,0.00000000,0.00000000,0.00000000,0.00000000,0,0,0,3,0,-0.11059787,-0.11059787,-0.00000000,0.00000000,0.00000000,0.00000000,0.00000000,0.00000000,1.00000000,0.00000000,0.00000000,0,-75.99996274,-75.99997051,0.00000000,0.00000000,0.00000000,0.00000000,0.00000000,0.00000000,0,0,0,2,0,-0.10626349,-0.10626349,-0.00000000,0.00000000,0.00000000,0.00000000,0.00000000,0.00000000,1.00000000,0.00000000,0.00000000,0,-269.99993000,55.90878370,0.00000000,0.00000000,0.00000000,0.00000000,0.00000000,0.00000000,0
201811343,1,0,0,0,400,0,500,0,0,1,0,0,0,0,0,0,0,0.00000000,0.00000000,0.00000000,0.00000000,0.00000000,0.00000000,0,0,0,3,0,-0.11059787,-0.11059787,-0.00000000,0.00000000,0.00000000,0.00000000,0.00000000,0.00000000,1.00000000,0.00000000,0.00000000,0,-75.99996274,-75.99997051,0.00000000,0.00000000,0.00000000,0.00000000,0.00000000,0.00000000,0,0,0,2,0,-0.10626349,-0.10626349,-0.00000000,0.00000000,0.00000000,0.00000000,0.00000000,0.00000000,1.00000000,0.00000000,0.00000000,0,-269.99993000,55.90723277,0.00000000,0.00000000,0.00000000,0.00000000,0.00000000,0.00000000,0
201811468,1,0,0,0,400,0,500,0,0,1,0,0,0,0,0,0,0,0.00000000,0.00000000,0.00000000,0.00000000,0.00000000,0.00000000,0,0,0,3,0,-0.11059787,-0.11059787,-0.00000000,0.00000000,0.00000000,0.00000000,0.00000000,0.00000000,1.00000000,0.00000000,0.00000000,0,-75.99996274,-75.99997051,0.00000000,0.00000000,0.00000000,0.00000000,0.00000000,0.00000000,0,0,0,2,0,-0.10626349,-0.10626349,-0.00000000,0.00000000,0.00000000,0.00000000,0.00000000,0.00000000,1.00000000,0.00000000,0.00000000,0,-269.99993000,55.90195962,0.00000000,0.00000000,0.00000000,0.00000000,0.00000000,0.00000000,0
201811546,1,0,0,0,400,0,500,0,0,1,0,0,0,0,0,0,0,0.00000000,0.00000000,0.00000000,0.00000000,0.00000000,0.00000000,0,0,0,3,0,-0.11059787,-0.11059787,-0.00000000,0.00000000,0.00000000,0.00000000,0.00000000,0.00000000,1.00000000,0.00000000,0.00000000,0,-75.99996274,-75.99997051,0.00000000,0.00000000,0.00000000,0.00000000,0.00000000,0.00000000,0,0,0,2,0,-0.10626349,-0.10626349,-0.00000000,0.00000000,0.00000000,0.00000000,0.00000000,0.00000000,1.00000000,0.00000000,0.00000000,0,-269.99993000,55.89730683,0.00000000,0.00000000,0.00000000,0.00000000,0.00000000,0.00000000,0
201811640,1,0,0,0,400,0,500,0,0,1,0,0,0,0,0,0,0,0.00000000,0.00000000,0.00000000,0.00000000,0.00000000,0.00000000,0,0,0,3,0,-0.11059787,-0.11059787,-0.00000000,0.00000000,0.00000000,0.00000000,0.00000000,0.00000000,1.00000000,0.00000000,0.00000000,0,-75.99996274,-75.99997051,0.00000000,0.00000000,0.00000000,0.00000000,0.00000000,0.00000000,0,0,0,2,0,-0.10626349,-0.10626349,-0.00000000,0.00000000,0.00000000,0.00000000,0.00000000,0.00000000,1.00000000,0.00000000,0.00000000,0,-269.99993000,55.88986238,0.00000000,0.00000000,0.00000000,0.00000000,0.00000000,0.00000000,0
201811734,1,0,0,0,400,0,500,0,0,1,0,0,0,0,0,0,0,0.00000000,0.00000000,0.00000000,0.00000000,0.00000000,0.00000000,0,0,0,3,0,-0.11059787,-0.11059787,-0.00000000,0.00000000,0.00000000,0.00000000,0.00000000,0.00000000,1.00000000,0.00000000,0.00000000,0,-75.99996274,-75.99997051,0.00000000,0.00000000,0.00000000,0.00000000,0.00000000,0.00000000,0,0,0,2,0,-0.10626349,-0.10626349,-0.00000000,0.00000000,0.00000000,0.00000000,0.00000000,0.00000000,1.00000000,0.00000000,0.00000000,0,-269.99993000,55.88071190,0.00000000,0.00000000,0.00000000,0.00000000,0.00000000,0.00000000,0
201811828,1,0,0,0,400,0,500,0,0,1,0,0,0,0,0,0,0,0.00000000,0.00000000,0.00000000,0.00000000,0.00000000,0.00000000,0,0,0,3,0,-0.11059787,-0.11059787,-0.00000000,0.00000000,0.00000000,0.00000000,0.00000000,0.00000000,1.00000000,0.00000000,0.00000000,0,-75.99996274,-75.99997051,0.00000000,0.00000000,0.00000000,0.00000000,0.00000000,0.00000000,0,0,0,2,0,-0.10626349,-0.10626349,-0.00000000,0.00000000,0.00000000,0.00000000,0.00000000,0.00000000,1.00000000,0.00000000,0.00000000,0,-269.99993000,55.87187161,0.00000000,0.00000000,0.00000000,0.00000000,0.00000000,0.00000000,0
201811921,1,0,0,0,400,0,500,0,0,1,0,0,0,0,0,0,0,0.00000000,0.00000000,0.00000000,0.00000000,0.00000000,0.00000000,0,0,0,3,0,-0.11059787,-0.11059787,-0.00000000,0.00000000,0.00000000,0.00000000,0.00000000,0.00000000,1.00000000,0.00000000,0.00000000,0,-75.99996274,-75.99997051,0.00000000,0.00000000,0.00000000,0.00000000,0.00000000,0.00000000,0,0,0,2,0,-0.10626349,-0.10626349,-0.00000000,0.00000000,0.00000000,0.00000000,0.00000000,0.00000000,1.00000000,0.00000000,0.00000000,0,-269.99993000,55.87032069,0.00000000,0.00000000,0.00000000,0.00000000,0.00000000,0.00000000,0
201812015,1,0,0,0,400,0,500,0,0,1,0,0,0,0,0,0,0,0.00000000,0.00000000,0.00000000,0.00000000,0.00000000,0.00000000,0,0,0,3,0,-0.11059787,-0.11059787,-0.00000000,0.00000000,0.00000000,0.00000000,0.00000000,0.00000000,1.00000000,0.00000000,0.00000000,0,-75.99996274,-75.99997051,0.00000000,0.00000000,0.00000000,0.00000000,0.00000000,0.00000000,0,0,0,2,0,-0.10626349,-0.10626349,-0.00000000,0.00000000,0.00000000,0.00000000,0.00000000,0.00000000,1.00000000,0.00000000,0.00000000,0,-269.99993000,55.86861466,0.00000000,0.00000000,0.00000000,0.00000000,0.00000000,0.00000000,0
201812109,1,0,0,0,400,0,500,0,0,1,0,0,0,0,0,0,0,0.00000000,0.00000000,0.00000000,0.00000000,0.00000000,0.00000000,0,0,0,3,0,-0.11059787,-0.11059787,-0.00000000,0.00000000,0.00000000,0.00000000,0.00000000,0.00000000,1.00000000,0.00000000,0.00000000,0,-75.99996274,-75.99997051,0.00000000,0.00000000,0.00000000,0.00000000,0.00000000,0.00000000,0,0,0,2,0,-0.10626349,-0.10626349,-0.00000000,0.00000000,0.00000000,0.00000000,0.00000000,0.00000000,1.00000000,0.00000000,0.00000000,0,-269.99993000,55.86566790,0.00000000,0.00000000,0.00000000,0.00000000,0.00000000,0.00000000,0
201812203,1,0,0,0,400,0,500,0,0,1,0,0,0,0,0,0,0,0.00000000,0.00000000,0.00000000,0.00000000,0.00000000,0.00000000,0,0,0,3,0,-0.11059787,-0.11059787,-0.00000000,0.00000000,0.00000000,0.00000000,0.00000000,0.00000000,1.00000000,0.00000000,0.00000000,0,-75.99996274,-75.99997051,0.00000000,0.00000000,0.00000000,0.00000000,0.00000000,0.00000000,0,0,0,2,0,-0.10626349,-0.10626349,-0.00000000,0.00000000,0.00000000,0.00000000,0.00000000,0.00000000,1.00000000,0.00000000,0.00000000,0,-269.99993000,55.85077899,0.00000000,0.00000000,0.00000000,0.00000000,0.00000000,0.00000000,0
201812281,1,0,0,0,400,0,500,0,0,1,0,0,0,0,0,0,0,0.00000000,0.00000000,0.00000000,0.00000000,0.00000000,0.00000000,0,0,0,3,0,-0.11059787,-0.11059787,-0.00000000,0.00000000,0.00000000,0.00000000,0.00000000,0.00000000,1.00000000,0.00000000,0.00000000,0,-75.99996274,-75.99997051,0.00000000,0.00000000,0.00000000,0.00000000,0.00000000,0.00000000,0,0,0,2,0,-0.10626349,-0.10626349,-0.00000000,0.00000000,0.00000000,0.00000000,0.00000000,0.00000000,1.00000000,0.00000000,0.00000000,0,-269.99993000,55.84519565,0.00000000,0.00000000,0.00000000,0.00000000,0.00000000,0.00000000,0
201812390,1,0,0,0,400,0,500,0,0,1,0,0,0,0,0,0,0,0.00000000,0.00000000,0.00000000,0.00000000,0.00000000,0.00000000,0,0,0,3,0,-0.11059787,-0.11059787,-0.00000000,0.00000000,0.00000000,0.00000000,0.00000000,0.00000000,1.00000000,0.00000000,0.00000000,0,-75.99996274,-75.99997051,0.00000000,0.00000000,0.00000000,0.00000000,0.00000000,0.00000000,0,0,0,2,0,-0.10626349,-0.10626349,-0.00000000,0.00000000,0.00000000,0.00000000,0.00000000,0.00000000,1.00000000,0.00000000,0.00000000,0,-269.99993000,55.84348963,0.00000000,0.00000000,0.00000000,0.00000000,0.00000000,0.00000000,0
201812484,1,0,0,0,400,0,500,0,0,1,0,0,0,0,0,0,0,0.00000000,0.00000000,0.00000000,0.00000000,0.00000000,0.00000000,0,0,0,3,0,-0.11059787,-0.11059787,-0.00000000,0.00000000,0.00000000,0.00000000,0.00000000,0.00000000,1.00000000,0.00000000,0.00000000,0,-75.99996274,-75.99997051,0.00000000,0.00000000,0.00000000,0.00000000,0.00000000,0.00000000,0,0,0,2,0,-0.10626349,-0.10626349,-0.00000000,0.00000000,0.00000000,0.00000000,0.00000000,0.00000000,1.00000000,0.00000000,0.00000000,0,-269.99993000,55.84224889,0.00000000,0.00000000,0.00000000,0.00000000,0.00000000,0.00000000,0
201812562,1,0,0,0,400,0,500,0,0,1,0,0,0,0,0,0,0,0.00000000,0.00000000,0.00000000,0.00000000,0.00000000,0.00000000,0,0,0,3,0,-0.11059787,-0.11059787,-0.00000000,0.00000000,0.00000000,0.00000000,0.00000000,0.00000000,1.00000000,0.00000000,0.00000000,0,-75.99996274,-75.99997051,0.00000000,0.00000000,0.00000000,0.00000000,0.00000000,0.00000000,0,0,0,2,0,-0.10626349,-0.10626349,-0.00000000,0.00000000,0.00000000,0.00000000,0.00000000,0.00000000,1.00000000,0.00000000,0.00000000,0,-269.99993000,55.84100815,0.00000000,0.00000000,0.00000000,0.00000000,0.00000000,0.00000000,0
201812656,1,0,0,0,400,0,500,0,0,1,0,0,0,0,0,0,0,0.00000000,0.00000000,0.00000000,0.00000000,0.00000000,0.00000000,0,0,0,3,0,-0.11059787,-0.11059787,-0.00000000,0.00000000,0.00000000,0.00000000,0.00000000,0.00000000,1.00000000,0.00000000,0.00000000,0,-75.99996274,-75.99997051,0.00000000,0.00000000,0.00000000,0.00000000,0.00000000,0.00000000,0,0,0,2,0,-0.10626349,-0.10626349,-0.00000000,0.00000000,0.00000000,0.00000000,0.00000000,0.00000000,1.00000000,0.00000000,0.00000000,0,-269.99993000,55.84069796,0.00000000,0.00000000,0.00000000,0.00000000,0.00000000,0.00000000,0
201812750,1,0,0,0,400,0,500,0,0,1,0,0,0,0,0,0,0,0.00000000,0.00000000,0.00000000,0.00000000,0.00000000,0.00000000,0,0,0,3,0,-0.11059787,-0.11059787,-0.00000000,0.00000000,0.00000000,0.00000000,0.00000000,0.00000000,1.00000000,0.00000000,0.00000000,0,-75.99996274,-75.99997051,0.00000000,0.00000000,0.00000000,0.00000000,0.00000000,0.00000000,0,0,0,2,0,-0.10626349,-0.10626349,-0.00000000,0.00000000,0.00000000,0.00000000,0.00000000,0.00000000,1.00000000,0.00000000,0.00000000,0,-269.99993000,55.84069796,0.00000000,0.00000000,0.00000000,0.00000000,0.00000000,0.00000000,0
201812828,1,0,0,0,400,600,400,100,0,1,0,0,1,0,0,0,0,0.00000000,0.00000000,0.00000000,0.00000000,0.00000000,0.00000000,0,0,0,4,0,-0.11059787,-0.11059787,-0.00000000,0.00000000,0.00000000,0.00000000,0.00000000,0.00000000,1.00000000,0.00000000,0.00000000,0,-75.99996274,-75.99997051,0.00000000,0.00000000,0.00000000,0.00000000,0.00000000,0.00000000,0,0,0,4,0,-0.10626349,-0.10626349,-0.00000000,0.00000000,0.00000000,0.00000000,0.00000000,0.00000000,1.00000000,0.00000000,0.00000000,0,-269.99993000,55.84069796,0.00000000,0.00000000,0.00000000,0.00000000,0.00000000,0.00000000,0
201812906,1,0,0,0,400,600,400,100,0,1,0,0,1,0,0,0,0,0.00000000,0.00000000,0.00000000,0.00000000,0.00000000,0.00000000,0,0,0,4,0,-0.11059787,-0.11059787,-0.00000000,0.00000000,0.00000000,0.00000000,0.00000000,0.00000000,1.00000000,0.00000000,0.00000000,0,-75.99996274,-75.99997051,0.00000000,0.00000000,0.00000000,0.00000000,0.00000000,0.00000000,0,0,0,4,0,-0.10626349,-0.10626349,-0.00000000,0.00000000,0.00000000,0.00000000,0.00000000,0.00000000,1.00000000,0.00000000,0.00000000,0,-269.99993000,55.84069796,0.00000000,0.00000000,0.00000000,0.00000000,0.00000000,0.00000000,0
201812984,1,0,0,0,400,600,400,100,0,1,0,0,1,0,0,0,0,0.00000000,0.00000000,0.00000000,0.00000000,0.00000000,0.00000000,0,0,0,4,0,-0.11059787,-0.11059787,-0.00000000,0.00000000,0.00000000,0.00000000,0.00000000,0.00000000,1.00000000,0.00000000,0.00000000,0,-75.99996274,-75.99997051,0.00000000,0.00000000,0.00000000,0.00000000,0.00000000,0.00000000,0,0,0,4,0,-0.10626349,-0.10626349,-0.00000000,0.00000000,0.00000000,0.00000000,0.00000000,0.00000000,1.00000000,0.00000000,0.00000000,0,-269.99993000,55.84069796,0.00000000,0.00000000,0.00000000,0.00000000,0.00000000,0.00000000,0
201813062,1,0,0,0,400,600,400,100,0,1,0,0,1,0,0,0,0,0.00000000,0.00000000,0.00000000,0.00000000,0.00000000,0.00000000,0,0,0,4,0,-0.11059787,-0.11059787,-0.00000000,0.00000000,0.00000000,0.00000000,0.00000000,0.00000000,1.00000000,0.00000000,0.00000000,0,-75.99996274,-75.99997051,0.00000000,0.00000000,0.00000000,0.00000000,0.00000000,0.00000000,0,0,0,4,0,-0.10626349,-0.10626349,-0.00000000,0.00000000,0.00000000,0.00000000,0.00000000,0.00000000,1.00000000,0.00000000,0.00000000,0,-269.99993000,55.84069796,0.00000000,0.00000000,0.00000000,0.00000000,0.00000000,0.00000000,0
201813140,1,0,0,0,400,600,400,100,0,1,0,0,1,0,0,0,0,0.00000000,0.00000000,0.00000000,0.00000000,0.00000000,0.00000000,0,0,0,4,0,-0.11059787,-0.11059787,-0.00000000,0.00000000,0.00000000,0.00000000,0.00000000,0.00000000,1.00000000,0.00000000,0.00000000,0,-75.99996274,-75.99997051,0.00000000,0.00000000,0.00000000,0.00000000,0.00000000,0.00000000,0,0,0,4,0,-0.10626349,-0.10626349,-0.00000000,0.00000000,0.00000000,0.00000000,0.00000000,0.00000000,1.00000000,0.00000000,0.00000000,0,-269.99993000,55.84069796,0.00000000,0.00000000,0.00000000,0.00000000,0.00000000,0.00000000,0
201813234,1,0,0,0,400,600,400,100,0,1,0,0,1,0,0,0,0,0.00000000,0.00000000,0.00000000,0.00000000,0.00000000,0.00000000,0,0,0,4,0,-0.11059787,-0.11059787,-0.00000000,0.00000000,0.00000000,0.00000000,0.00000000,0.00000000,1.00000000,0.00000000,0.00000000,0,-75.99996274,-75.99997051,0.00000000,0.00000000,0.00000000,0.00000000,0.00000000,0.00000000,0,0,0,4,0,-0.10626349,-0.10626349,-0.00000000,0.00000000,0.00000000,0.00000000,0.00000000,0.00000000,1.00000000,0.00000000,0.00000000,0,-269.99993000,55.84069796,0.00000000,0.00000000,0.00000000,0.00000000,0.00000000,0.00000000,0
201813312,1,0,0,0,400,600,400,100,0,1,0,0,1,0,0,0,0,0.00000000,0.00000000,0.00000000,0.00000000,0.00000000,0.00000000,0,0,0,4,0,-0.11059787,-0.11059787,-0.00000000,0.00000000,0.00000000,0.00000000,0.00000000,0.00000000,1.00000000,0.00000000,0.00000000,0,-75.99996274,-75.99997051,0.00000000,0.00000000,0.00000000,0.00000000,0.00000000,0.00000000,0,0,0,4,0,-0.10626349,-0.10626349,-0.00000000,0.00000000,0.00000000,0.00000000,0.00000000,0.00000000,1.00000000,0.00000000,0.00000000,0,-269.99993000,55.84069796,0.00000000,0.00000000,0.00000000,0.00000000,0.00000000,0.00000000,0
201813390,1,0,0,0,400,600,400,100,0,1,0,0,1,0,0,0,0,0.00000000,0.00000000,0.00000000,0.00000000,0.00000000,0.00000000,0,0,0,4,0,-0.11059787,-0.11059787,-0.00000000,0.00000000,0.00000000,0.00000000,0.00000000,0.00000000,1.00000000,0.00000000,0.00000000,0,-75.99996274,-75.99997051,0.00000000,0.00000000,0.00000000,0.00000000,0.00000000,0.00000000,0,0,0,4,0,-0.10626349,-0.10626349,-0.00000000,0.00000000,0.00000000,0.00000000,0.00000000,0.00000000,1.00000000,0.00000000,0.00000000,0,-269.99993000,55.84069796,0.00000000,0.00000000,0.00000000,0.00000000,0.00000000,0.00000000,0
201813468,1,0,0,0,400,600,400,100,0,1,0,0,1,0,0,0,0,0.00000000,0.00000000,0.00000000,0.00000000,0.00000000,0.00000000,0,0,0,4,0,-0.11059787,-0.11059787,-0.00000000,0.00000000,0.00000000,0.00000000,0.00000000,0.00000000,1.00000000,0.00000000,0.00000000,0,-75.99996274,-75.99997051,0.00000000,0.00000000,0.00000000,0.00000000,0.00000000,0.00000000,0,0,0,4,0,-0.10626349,-0.10626349,-0.00000000,0.00000000,0.00000000,0.00000000,0.00000000,0.00000000,1.00000000,0.00000000,0.00000000,0,-269.99993000,55.84069796,0.00000000,0.00000000,0.00000000,0.00000000,0.00000000,0.00000000,0
201813546,1,0,0,0,400,600,400,100,0,1,0,0,1,0,0,0,0,0.00000000,0.00000000,0.00000000,0.00000000,0.00000000,0.00000000,0,0,0,4,0,-0.11059787,-0.11059787,-0.00000000,0.00000000,0.00000000,0.00000000,0.00000000,0.00000000,1.00000000,0.00000000,0.00000000,0,-75.99996274,-75.99997051,0.00000000,0.00000000,0.00000000,0.00000000,0.00000000,0.00000000,0,0,0,4,0,-0.10626349,-0.10626349,-0.00000000,0.00000000,0.00000000,0.00000000,0.00000000,0.00000000,1.00000000,0.00000000,0.00000000,0,-269.99993000,55.84069796,0.00000000,0.00000000,0.00000000,0.00000000,0.00000000,0.00000000,0
201813640,1,0,0,0,400,600,400,100,0,1,0,0,1,0,0,0,0,0.00000000,0.00000000,0.00000000,0.00000000,0.00000000,0.00000000,0,0,0,4,0,-0.11059787,-0.11059787,-0.00000000,0.00000000,0.00000000,0.00000000,0.00000000,0.00000000,1.00000000,0.00000000,0.00000000,0,-75.99996274,-75.99997051,0.00000000,0.00000000,0.00000000,0.00000000,0.00000000,0.00000000,0,0,0,4,0,-0.10626349,-0.10626349,-0.00000000,0.00000000,0.00000000,0.00000000,0.00000000,0.00000000,1.00000000,0.00000000,0.00000000,0,-269.99993000,55.84069796,0.00000000,0.00000000,0.00000000,0.00000000,0.00000000,0.00000000,0
201813718,1,0,0,0,400,600,400,100,0,1,0,0,1,0,0,0,0,0.00000000,0.00000000,0.00000000,0.00000000,0.00000000,0.00000000,0,0,0,4,0,-0.11059787,-0.11059787,-0.00000000,0.00000000,0.00000000,0.00000000,0.00000000,0.00000000,1.00000000,0.00000000,0.00000000,0,-75.99996274,-75.99997051,0.00000000,0.00000000,0.00000000,0.00000000,0.00000000,0.00000000,0,0,0,4,0,-0.10626349,-0.10626349,-0.00000000,0.00000000,0.00000000,0.00000000,0.00000000,0.00000000,1.00000000,0.00000000,0.00000000,0,-269.99993000,55.84069796,0.00000000,0.00000000,0.00000000,0.00000000,0.00000000,0.00000000,0
201813781,1,0,0,0,400,600,400,100,0,1,0,0,1,0,0,0,0,0.00000000,0.00000000,0.00000000,0.00000000,0.00000000,0.00000000,0,0,0,4,0,-0.11059787,-0.11059787,-0.00000000,0.00000000,0.00000000,0.00000000,0.00000000,0.00000000,1.00000000,0.00000000,0.00000000,0,-75.99996274,-75.99997051,0.00000000,0.00000000,0.00000000,0.00000000,0.00000000,0.00000000,0,0,0,4,0,-0.10626349,-0.10626349,-0.00000000,0.00000000,0.00000000,0.00000000,0.00000000,0.00000000,1.00000000,0.00000000,0.00000000,0,-269.99993000,55.84069796,0.00000000,0.00000000,0.00000000,0.00000000,0.00000000,0.00000000,0
201813875,1,0,0,0,400,600,400,100,0,1,0,0,1,0,0,0,0,0.00000000,0.00000000,0.00000000,0.00000000,0.00000000,0.00000000,0,0,0,4,0,-0.11059787,-0.11059787,-0.00000000,0.00000000,0.00000000,0.00000000,0.00000000,0.00000000,1.00000000,0.00000000,0.00000000,0,-75.99996274,-75.99997051,0.00000000,0.00000000,0.00000000,0.00000000,0.00000000,0.00000000,0,0,0,4,0,-0.10626349,-0.10626349,-0.00000000,0.00000000,0.00000000,0.00000000,0.00000000,0.00000000,1.00000000,0.00000000,0.00000000,0,-269.99993000,55.84069796,0.00000000,0.00000000,0.00000000,0.00000000,0.00000000,0.00000000,0
201813937,1,0,0,0,400,600,400,100,0,1,0,0,1,0,0,0,0,0.00000000,0.00000000,0.00000000,0.00000000,0.00000000,0.00000000,0,0,0,4,0,-0.11059787,-0.11059787,-0.00000000,0.00000000,0.00000000,0.00000000,0.00000000,0.00000000,1.00000000,0.00000000,0.00000000,0,-75.99996274,-75.99997051,0.00000000,0.00000000,0.00000000,0.00000000,0.00000000,0.00000000,0,0,0,4,0,-0.10626349,-0.10626349,-0.00000000,0.00000000,0.00000000,0.00000000,0.00000000,0.00000000,1.00000000,0.00000000,0.00000000,0,-269.99993000,55.84069796,0.00000000,0.00000000,0.00000000,0.00000000,0.00000000,0.00000000,0
201814031,1,0,0,0,400,600,400,100,0,1,0,0,1,0,0,0,0,0.00000000,0.00000000,0.00000000,0.00000000,0.00000000,0.00000000,0,0,0,4,0,-0.11059787,-0.11059787,-0.00000000,0.00000000,0.00000000,0.00000000,0.00000000,0.00000000,1.00000000,0.00000000,0.00000000,0,-75.99996274,-75.99997051,0.00000000,0.00000000,0.00000000,0.00000000,0.00000000,0.00000000,0,0,0,4,0,-0.10626349,-0.10626349,-0.00000000,0.00000000,0.00000000,0.00000000,0.00000000,0.00000000,1.00000000,0.00000000,0.00000000,0,-269.99993000,55.84069796,0.00000000,0.00000000,0.00000000,0.00000000,0.00000000,0.00000000,0
201814109,1,0,0,0,400,600,400,100,0,1,0,0,1,0,0,0,0,0.00000000,0.00000000,0.00000000,0.00000000,0.00000000,0.00000000,0,0,0,4,0,-0.11059787,-0.11059787,-0.00000000,0.00000000,0.00000000,0.00000000,0.00000000,0.00000000,1.00000000,0.00000000,0.00000000,0,-75.99996274,-75.99997051,0.00000000,0.00000000,0.00000000,0.00000000,0.00000000,0.00000000,0,0,0,4,0,-0.10626349,-0.10626349,-0.00000000,0.00000000,0.00000000,0.00000000,0.00000000,0.00000000,1.00000000,0.00000000,0.00000000,0,-269.99993000,55.84069796,0.00000000,0.00000000,0.00000000,0.00000000,0.00000000,0.00000000,0
201814187,1,0,0,0,400,600,400,100,0,1,0,0,1,0,0,0,0,0.00000000,0.00000000,0.00000000,0.00000000,0.00000000,0.00000000,0,0,0,4,0,-0.11059787,-0.11059787,-0.00000000,0.00000000,0.00000000,0.00000000,0.00000000,0.00000000,1.00000000,0.00000000,0.00000000,0,-75.99996274,-75.99997051,0.00000000,0.00000000,0.00000000,0.00000000,0.00000000,0.00000000,0,0,0,4,0,-0.10626349,-0.10626349,-0.00000000,0.00000000,0.00000000,0.00000000,0.00000000,0.00000000,1.00000000,0.00000000,0.00000000,0,-269.99993000,55.84069796,0.00000000,0.00000000,0.00000000,0.00000000,0.00000000,0.00000000,0
201814265,1,0,0,0,400,600,400,100,0,1,0,0,1,0,0,0,0,0.00000000,0.00000000,0.00000000,0.00000000,0.00000000,0.00000000,0,0,0,4,0,-0.11059787,-0.11059787,-0.00000000,0.00000000,0.00000000,0.00000000,0.00000000,0.00000000,1.00000000,0.00000000,0.00000000,0,-75.99996274,-75.99997051,0.00000000,0.00000000,0.00000000,0.00000000,0.00000000,0.00000000,0,0,0,4,0,-0.10626349,-0.10626349,-0.00000000,0.00000000,0.00000000,0.00000000,0.00000000,0.00000000,1.00000000,0.00000000,0.00000000,0,-269.99993000,55.84069796,0.00000000,0.00000000,0.00000000,0.00000000,0.00000000,0.00000000,0
201814343,1,0,0,0,400,600,400,100,0,1,0,0,1,0,0,0,0,0.00000000,0.00000000,0.00000000,0.00000000,0.00000000,0.00000000,0,0,0,4,0,-0.11059787,-0.11059787,-0.00000000,0.00000000,0.00000000,0.00000000,0.00000000,0.00000000,1.00000000,0.00000000,0.00000000,0,-75.99996274,-75.99997051,0.00000000,0.00000000,0.00000000,0.00000000,0.00000000,0.00000000,0,0,0,4,0,-0.10626349,-0.10626349,-0.00000000,0.00000000,0.00000000,0.00000000,0.00000000,0.00000000,1.00000000,0.00000000,0.00000000,0,-269.99993000,55.84069796,0.00000000,0.00000000,0.00000000,0.00000000,0.00000000,0.00000000,0
201814421,1,0,0,0,400,600,400,100,0,1,0,0,1,0,0,0,0,0.00000000,0.00000000,0.00000000,0.00000000,0.00000000,0.00000000,0,0,0,4,0,-0.11059787,-0.11059787,-0.00000000,0.00000000,0.00000000,0.00000000,0.00000000,0.00000000,1.00000000,0.00000000,0.00000000,0,-75.99996274,-75.99997051,0.00000000,0.00000000,0.00000000,0.00000000,0.00000000,0.00000000,0,0,0,4,0,-0.10626349,-0.10626349,-0.00000000,0.00000000,0.00000000,0.00000000,0.00000000,0.00000000,1.00000000,0.00000000,0.00000000,0,-269.99993000,55.84069796,0.00000000,0.00000000,0.00000000,0.00000000,0.00000000,0.00000000,0
201814500,1,0,0,0,400,600,400,100,0,1,0,0,1,0,0,0,0,0.00000000,0.00000000,0.00000000,0.00000000,0.00000000,0.00000000,0,0,0,4,0,-0.11059787,-0.11059787,-0.00000000,0.00000000,0.00000000,0.00000000,0.00000000,0.00000000,1.00000000,0.00000000,0.00000000,0,-75.99996274,-75.99997051,0.00000000,0.00000000,0.00000000,0.00000000,0.00000000,0.00000000,0,0,0,4,0,-0.10626349,-0.10626349,-0.00000000,0.00000000,0.00000000,0.00000000,0.00000000,0.00000000,1.00000000,0.00000000,0.00000000,0,-269.99993000,55.84069796,0.00000000,0.00000000,0.00000000,0.00000000,0.00000000,0.00000000,0
201814578,1,0,0,0,400,600,400,100,0,1,0,0,1,0,0,0,0,0.00000000,0.00000000,0.00000000,0.00000000,0.00000000,0.00000000,0,0,0,4,0,-0.11059787,-0.11059787,-0.00000000,0.00000000,0.00000000,0.00000000,0.00000000,0.00000000,1.00000000,0.00000000,0.00000000,0,-75.99996274,-75.99997051,0.00000000,0.00000000,0.00000000,0.00000000,0.00000000,0.00000000,0,0,0,4,0,-0.10626349,-0.10626349,-0.00000000,0.00000000,0.00000000,0.00000000,0.00000000,0.00000000,1.00000000,0.00000000,0.00000000,0,-269.99993000,55.84069796,0.00000000,0.00000000,0.00000000,0.00000000,0.00000000,0.00000000,0
201814656,1,0,0,0,400,600,400,100,0,1,0,0,1,0,0,0,0,0.00000000,0.00000000,0.00000000,0.00000000,0.00000000,0.00000000,0,0,0,4,0,-0.11059787,-0.11059787,-0.00000000,0.00000000,0.00000000,0.00000000,0.00000000,0.00000000,1.00000000,0.00000000,0.00000000,0,-75.99996274,-75.99997051,0.00000000,0.00000000,0.00000000,0.00000000,0.00000000,0.00000000,0,0,0,4,0,-0.10626349,-0.10626349,-0.00000000,0.00000000,0.00000000,0.00000000,0.00000000,0.00000000,1.00000000,0.00000000,0.00000000,0,-269.99993000,55.84069796,0.00000000,0.00000000,0.00000000,0.00000000,0.00000000,0.00000000,0
201814734,1,0,0,0,400,600,400,100,0,1,0,0,1,0,0,0,0,0.00000000,0.00000000,0.00000000,0.00000000,0.00000000,0.00000000,0,0,0,4,0,-0.11059787,-0.11059787,-0.00000000,0.00000000,0.00000000,0.00000000,0.00000000,0.00000000,1.00000000,0.00000000,0.00000000,0,-75.99996274,-75.99997051,0.00000000,0.00000000,0.00000000,0.00000000,0.00000000,0.00000000,0,0,0,4,0,-0.10626349,-0.10626349,-0.00000000,0.00000000,0.00000000,0.00000000,0.00000000,0.00000000,1.00000000,0.00000000,0.00000000,0,-269.99993000,55.84069796,0.00000000,0.00000000,0.00000000,0.00000000,0.00000000,0.00000000,0
201814828,1,0,0,0,400,600,400,100,0,1,0,0,1,0,0,0,0,0.00000000,0.00000000,0.00000000,0.00000000,0.00000000,0.00000000,0,0,0,4,0,-0.11059787,-0.11059787,-0.00000000,0.00000000,0.00000000,0.00000000,0.00000000,0.00000000,1.00000000,0.00000000,0.00000000,0,-75.99996274,-75.99997051,0.00000000,0.00000000,0.00000000,0.00000000,0.00000000,0.00000000,0,0,0,4,0,-0.10626349,-0.10626349,-0.00000000,0.00000000,0.00000000,0.00000000,0.00000000,0.00000000,1.00000000,0.00000000,0.00000000,0,-269.99993000,55.84069796,0.00000000,0.00000000,0.00000000,0.00000000,0.00000000,0.00000000,0
201814906,1,0,0,0,400,600,400,100,0,1,0,0,1,0,0,0,0,0.00000000,0.00000000,0.00000000,0.00000000,0.00000000,0.00000000,0,0,0,4,0,-0.11059787,-0.11059787,-0.00000000,0.00000000,0.00000000,0.00000000,0.00000000,0.00000000,1.00000000,0.00000000,0.00000000,0,-75.99996274,-75.99997051,0.00000000,0.00000000,0.00000000,0.00000000,0.00000000,0.00000000,0,0,0,4,0,-0.10626349,-0.10626349,-0.00000000,0.00000000,0.00000000,0.00000000,0.00000000,0.00000000,1.00000000,0.00000000,0.00000000,0,-269.99993000,55.84069796,0.00000000,0.00000000,0.00000000,0.00000000,0.00000000,0.00000000,0
201814968,1,0,0,0,400,600,400,100,0,1,0,0,1,0,0,0,0,0.00000000,0.00000000,0.00000000,0.00000000,0.00000000,0.00000000,0,0,0,4,0,-0.11059787,-0.11059787,-0.00000000,0.00000000,0.00000000,0.00000000,0.00000000,0.00000000,1.00000000,0.00000000,0.00000000,0,-75.99996274,-75.99997051,0.00000000,0.00000000,0.00000000,0.00000000,0.00000000,0.00000000,0,0,0,4,0,-0.10626349,-0.10626349,-0.00000000,0.00000000,0.00000000,0.00000000,0.00000000,0.00000000,1.00000000,0.00000000,0.00000000,0,-269.99993000,55.84069796,0.00000000,0.00000000,0.00000000,0.00000000,0.00000000,0.00000000,0
201815062,1,0,0,0,400,600,400,100,0,1,0,0,1,0,0,0,0,0.00000000,0.00000000,0.00000000,0.00000000,0.00000000,0.00000000,0,0,0,4,0,-0.11059787,-0.11059787,-0.00000000,0.00000000,0.00000000,0.00000000,0.00000000,0.00000000,1.00000000,0.00000000,0.00000000,0,-75.99996274,-75.99997051,0.00000000,0.00000000,0.00000000,0.00000000,0.00000000,0.00000000,0,0,0,4,0,-0.10626349,-0.10626349,-0.00000000,0.00000000,0.00000000,0.00000000,0.00000000,0.00000000,1.00000000,0.00000000,0.00000000,0,-269.99993000,55.84069796,0.00000000,0.00000000,0.00000000,0.00000000,0.00000000,0.00000000,0
201815140,1,0,0,0,400,600,400,100,0,1,0,0,1,0,0,0,0,0.00000000,0.00000000,0.00000000,0.00000000,0.00000000,0.00000000,0,0,0,4,0,-0.11059787,-0.11059787,-0.00000000,0.00000000,0.00000000,0.00000000,0.00000000,0.00000000,1.00000000,0.00000000,0.00000000,0,-75.99996274,-75.99997051,0.00000000,0.00000000,0.00000000,0.00000000,0.00000000,0.00000000,0,0,0,4,0,-0.10626349,-0.10626349,-0.00000000,0.00000000,0.00000000,0.00000000,0.00000000,0.00000000,1.00000000,0.00000000,0.00000000,0,-269.99993000,55.84069796,0.00000000,0.00000000,0.00000000,0.00000000,0.00000000,0.00000000,0
201815218,1,0,0,0,400,600,400,100,0,1,0,0,1,0,0,0,0,0.00000000,0.00000000,0.00000000,0.00000000,0.00000000,0.00000000,0,0,0,4,0,-0.11059787,-0.11059787,-0.00000000,0.00000000,0.00000000,0.00000000,0.00000000,0.00000000,1.00000000,0.00000000,0.00000000,0,-75.99996274,-75.99997051,0.00000000,0.00000000,0.00000000,0.00000000,0.00000000,0.00000000,0,0,0,4,0,-0.10626349,-0.10626349,-0.00000000,0.00000000,0.00000000,0.00000000,0.00000000,0.00000000,1.00000000,0.00000000,0.00000000,0,-269.99993000,55.84069796,0.00000000,0.00000000,0.00000000,0.00000000,0.00000000,0.00000000,0
201815296,1,0,0,0,400,600,400,100,0,1,0,0,1,0,0,0,0,0.00000000,0.00000000,0.00000000,0.00000000,0.00000000,0.00000000,0,0,0,4,0,-0.11059787,-0.11059787,-0.00000000,0.00000000,0.00000000,0.00000000,0.00000000,0.00000000,1.00000000,0.00000000,0.00000000,0,-75.99996274,-75.99997051,0.00000000,0.00000000,0.00000000,0.00000000,0.00000000,0.00000000,0,0,0,4,0,-0.10626349,-0.10626349,-0.00000000,0.00000000,0.00000000,0.00000000,0.00000000,0.00000000,1.00000000,0.00000000,0.00000000,0,-269.99993000,55.84069796,0.00000000,0.00000000,0.00000000,0.00000000,0.00000000,0.00000000,0
201815375,1,0,0,0,400,600,400,100,0,1,0,0,1,0,0,0,0,0.00000000,0.00000000,0.00000000,0.00000000,0.00000000,0.00000000,0,0,0,4,0,-0.11059787,-0.11059787,-0.00000000,0.00000000,0.00000000,0.00000000,0.00000000,0.00000000,1.00000000,0.00000000,0.00000000,0,-75.99996274,-75.99997051,0.00000000,0.00000000,0.00000000,0.00000000,0.00000000,0.00000000,0,0,0,4,0,-0.10626349,-0.10626349,-0.00000000,0.00000000,0.00000000,0.00000000,0.00000000,0.00000000,1.00000000,0.00000000,0.00000000,0,-269.99993000,55.84069796,0.00000000,0.00000000,0.00000000,0.00000000,0.00000000,0.00000000,0
201815453,1,0,0,0,400,600,400,100,0,1,0,0,1,0,0,0,0,0.00000000,0.00000000,0.00000000,0.00000000,0.00000000,0.00000000,0,0,0,4,0,-0.11059787,-0.11059787,-0.00000000,0.00000000,0.00000000,0.00000000,0.00000000,0.00000000,1.00000000,0.00000000,0.00000000,0,-75.99996274,-75.99997051,0.00000000,0.00000000,0.00000000,0.00000000,0.00000000,0.00000000,0,0,0,4,0,-0.10626349,-0.10626349,-0.00000000,0.00000000,0.00000000,0.00000000,0.00000000,0.00000000,1.00000000,0.00000000,0.00000000,0,-269.99993000,55.84069796,0.00000000,0.00000000,0.00000000,0.00000000,0.00000000,0.00000000,0
201815531,1,0,0,0,400,600,400,100,0,1,0,0,1,0,0,0,0,0.00000000,0.00000000,0.00000000,0.00000000,0.00000000,0.00000000,0,0,0,4,0,-0.11059787,-0.11059787,-0.00000000,0.00000000,0.00000000,0.00000000,0.00000000,0.00000000,1.00000000,0.00000000,0.00000000,0,-75.99996274,-75.99997051,0.00000000,0.00000000,0.00000000,0.00000000,0.00000000,0.00000000,0,0,0,4,0,-0.10626349,-0.10626349,-0.00000000,0.00000000,0.00000000,0.00000000,0.00000000,0.00000000,1.00000000,0.00000000,0.00000000,0,-269.99993000,55.84069796,0.00000000,0.00000000,0.00000000,0.00000000,0.00000000,0.00000000,0
201815625,1,0,0,0,400,600,400,100,0,1,0,0,1,0,0,0,0,0.00000000,0.00000000,0.00000000,0.00000000,0.00000000,0.00000000,0,0,0,4,0,-0.11059787,-0.11059787,-0.00000000,0.00000000,0.00000000,0.00000000,0.00000000,0.00000000,1.00000000,0.00000000,0.00000000,0,-75.99996274,-75.99997051,0.00000000,0.00000000,0.00000000,0.00000000,0.00000000,0.00000000,0,0,0,4,0,-0.10626349,-0.10626349,-0.00000000,0.00000000,0.00000000,0.00000000,0.00000000,0.00000000,1.00000000,0.00000000,0.00000000,0,-269.99993000,55.84069796,0.00000000,0.00000000,0.00000000,0.00000000,0.00000000,0.00000000,0
201815703,1,0,0,0,400,600,400,100,0,1,0,0,1,0,0,0,0,0.00000000,0.00000000,0.00000000,0.00000000,0.00000000,0.00000000,0,0,0,4,0,-0.11059787,-0.11059787,-0.00000000,0.00000000,0.00000000,0.00000000,0.00000000,0.00000000,1.00000000,0.00000000,0.00000000,0,-75.99996274,-75.99997051,0.00000000,0.00000000,0.00000000,0.00000000,0.00000000,0.00000000,0,0,0,4,0,-0.10626349,-0.10626349,-0.00000000,0.00000000,0.00000000,0.00000000,0.00000000,0.00000000,1.00000000,0.00000000,0.00000000,0,-269.99993000,55.84069796,0.00000000,0.00000000,0.00000000,0.00000000,0.00000000,0.00000000,0
201815781,1,0,0,0,400,600,400,100,0,1,0,0,1,0,0,0,0,0.00000000,0.00000000,0.00000000,0.00000000,0.00000000,0.00000000,0,0,0,4,0,-0.11059787,-0.11059787,-0.00000000,0.00000000,0.00000000,0.00000000,0.00000000,0.00000000,1.00000000,0.00000000,0.00000000,0,-75.99996274,-75.99997051,0.00000000,0.00000000,0.00000000,0.00000000,0.00000000,0.00000000,0,0,0,4,0,-0.10626349,-0.10626349,-0.00000000,0.00000000,0.00000000,0.00000000,0.00000000,0.00000000,1.00000000,0.00000000,0.00000000,0,-269.99993000,55.84069796,0.00000000,0.00000000,0.00000000,0.00000000,0.00000000,0.00000000,0
201815859,1,0,0,0,400,600,400,100,0,1,0,0,1,0,0,0,0,0.00000000,0.00000000,0.00000000,0.00000000,0.00000000,0.00000000,0,0,0,4,0,-0.11059787,-0.11059787,-0.00000000,0.00000000,0.00000000,0.00000000,0.00000000,0.00000000,1.00000000,0.00000000,0.00000000,0,-75.99996274,-75.99997051,0.00000000,0.00000000,0.00000000,0.00000000,0.00000000,0.00000000,0,0,0,4,0,-0.10626349,-0.10626349,-0.00000000,0.00000000,0.00000000,0.00000000,0.00000000,0.00000000,1.00000000,0.00000000,0.00000000,0,-269.99993000,55.84069796,0.00000000,0.00000000,0.00000000,0.00000000,0.00000000,0.00000000,0
201815937,1,0,0,0,400,600,400,100,0,1,0,0,1,0,0,0,0,0.00000000,0.00000000,0.00000000,0.00000000,0.00000000,0.00000000,0,0,0,4,0,-0.11059787,-0.11059787,-0.00000000,0.00000000,0.00000000,0.00000000,0.00000000,0.00000000,1.00000000,0.00000000,0.00000000,0,-75.99996274,-75.99997051,0.00000000,0.00000000,0.00000000,0.00000000,0.00000000,0.00000000,0,0,0,4,0,-0.10626349,-0.10626349,-0.00000000,0.00000000,0.00000000,0.00000000,0.00000000,0.00000000,1.00000000,0.00000000,0.00000000,0,-269.99993000,55.84069796,0.00000000,0.00000000,0.00000000,0.00000000,0.00000000,0.00000000,0
201816015,1,0,0,0,400,600,400,100,0,1,0,0,1,0,0,0,0,0.00000000,0.00000000,0.00000000,0.00000000,0.00000000,0.00000000,0,0,0,4,0,-0.11059787,-0.11059787,-0.00000000,0.00000000,0.00000000,0.00000000,0.00000000,0.00000000,1.00000000,0.00000000,0.00000000,0,-75.99996274,-75.99997051,0.00000000,0.00000000,0.00000000,0.00000000,0.00000000,0.00000000,0,0,0,4,0,-0.10626349,-0.10626349,-0.00000000,0.00000000,0.00000000,0.00000000,0.00000000,0.00000000,1.00000000,0.00000000,0.00000000,0,-269.99993000,55.84069796,0.00000000,0.00000000,0.00000000,0.00000000,0.00000000,0.00000000,0
201816093,1,0,0,0,400,600,400,100,0,1,0,0,1,0,0,0,0,0.00000000,0.00000000,0.00000000,0.00000000,0.00000000,0.00000000,0,0,0,4,0,-0.11059787,-0.11059787,-0.00000000,0.00000000,0.00000000,0.00000000,0.00000000,0.00000000,1.00000000,0.00000000,0.00000000,0,-75.99996274,-75.99997051,0.00000000,0.00000000,0.00000000,0.00000000,0.00000000,0.00000000,0,0,0,4,0,-0.10626349,-0.10626349,-0.00000000,0.00000000,0.00000000,0.00000000,0.00000000,0.00000000,1.00000000,0.00000000,0.00000000,0,-269.99993000,55.84069796,0.00000000,0.00000000,0.00000000,0.00000000,0.00000000,0.00000000,0
201816171,1,0,0,0,400,600,400,100,0,1,0,0,1,0,0,0,0,0.00000000,0.00000000,0.00000000,0.00000000,0.00000000,0.00000000,0,0,0,4,0,-0.11059787,-0.11059787,-0.00000000,0.00000000,0.00000000,0.00000000,0.00000000,0.00000000,1.00000000,0.00000000,0.00000000,0,-75.99996274,-75.99997051,0.00000000,0.00000000,0.00000000,0.00000000,0.00000000,0.00000000,0,0,0,4,0,-0.10626349,-0.10626349,-0.00000000,0.00000000,0.00000000,0.00000000,0.00000000,0.00000000,1.00000000,0.00000000,0.00000000,0,-269.99993000,55.84069796,0.00000000,0.00000000,0.00000000,0.00000000,0.00000000,0.00000000,0
201816250,1,0,0,0,400,600,400,100,0,1,0,0,1,0,0,0,0,0.00000000,0.00000000,0.00000000,0.00000000,0.00000000,0.00000000,0,0,0,4,0,-0.11059787,-0.11059787,-0.00000000,0.00000000,0.00000000,0.00000000,0.00000000,0.00000000,1.00000000,0.00000000,0.00000000,0,-75.99996274,-75.99997051,0.00000000,0.00000000,0.00000000,0.00000000,0.00000000,0.00000000,0,0,0,4,0,-0.10626349,-0.10626349,-0.00000000,0.00000000,0.00000000,0.00000000,0.00000000,0.00000000,1.00000000,0.00000000,0.00000000,0,-269.99993000,55.84069796,0.00000000,0.00000000,0.00000000,0.00000000,0.00000000,0.00000000,0
201816328,1,0,0,0,400,600,400,100,0,1,0,0,1,0,0,0,0,0.00000000,0.00000000,0.00000000,0.00000000,0.00000000,0.00000000,0,0,0,4,0,-0.11059787,-0.11059787,-0.00000000,0.00000000,0.00000000,0.00000000,0.00000000,0.00000000,1.00000000,0.00000000,0.00000000,0,-75.99996274,-75.99997051,0.00000000,0.00000000,0.00000000,0.00000000,0.00000000,0.00000000,0,0,0,4,0,-0.10626349,-0.10626349,-0.00000000,0.00000000,0.00000000,0.00000000,0.00000000,0.00000000,1.00000000,0.00000000,0.00000000,0,-269.99993000,55.84069796,0.00000000,0.00000000,0.00000000,0.00000000,0.00000000,0.00000000,0
201816421,1,0,0,0,400,600,400,100,0,1,0,0,1,0,0,0,0,0.00000000,0.00000000,0.00000000,0.00000000,0.00000000,0.00000000,0,0,0,4,0,-0.11059787,-0.11059787,-0.00000000,0.00000000,0.00000000,0.00000000,0.00000000,0.00000000,1.00000000,0.00000000,0.00000000,0,-75.99996274,-75.99997051,0.00000000,0.00000000,0.00000000,0.00000000,0.00000000,0.00000000,0,0,0,4,0,-0.10626349,-0.10626349,-0.00000000,0.00000000,0.00000000,0.00000000,0.00000000,0.00000000,1.00000000,0.00000000,0.00000000,0,-269.99993000,55.84069796,0.00000000,0.00000000,0.00000000,0.00000000,0.00000000,0.00000000,0
201816484,1,0,0,0,400,600,400,100,0,1,0,0,1,0,0,0,0,0.00000000,0.00000000,0.00000000,0.00000000,0.00000000,0.00000000,0,0,0,4,0,-0.11059787,-0.11059787,-0.00000000,0.00000000,0.00000000,0.00000000,0.00000000,0.00000000,1.00000000,0.00000000,0.00000000,0,-75.99996274,-75.99997051,0.00000000,0.00000000,0.00000000,0.00000000,0.00000000,0.00000000,0,0,0,4,0,-0.10626349,-0.10626349,-0.00000000,0.00000000,0.00000000,0.00000000,0.00000000,0.00000000,1.00000000,0.00000000,0.00000000,0,-269.99993000,55.84069796,0.00000000,0.00000000,0.00000000,0.00000000,0.00000000,0.00000000,0
201816562,1,0,0,0,400,600,400,100,0,1,0,0,1,0,0,0,0,0.00000000,0.00000000,0.00000000,0.00000000,0.00000000,0.00000000,0,0,0,4,0,-0.11059787,-0.11059787,-0.00000000,0.00000000,0.00000000,0.00000000,0.00000000,0.00000000,1.00000000,0.00000000,0.00000000,0,-75.99996274,-75.99997051,0.00000000,0.00000000,0.00000000,0.00000000,0.00000000,0.00000000,0,0,0,4,0,-0.10626349,-0.10626349,-0.00000000,0.00000000,0.00000000,0.00000000,0.00000000,0.00000000,1.00000000,0.00000000,0.00000000,0,-269.99993000,55.84069796,0.00000000,0.00000000,0.00000000,0.00000000,0.00000000,0.00000000,0
201816656,1,0,0,0,400,600,400,100,0,1,0,0,1,0,0,0,0,0.00000000,0.00000000,0.00000000,0.00000000,0.00000000,0.00000000,0,0,0,4,0,-0.11059787,-0.11059787,-0.00000000,0.00000000,0.00000000,0.00000000,0.00000000,0.00000000,1.00000000,0.00000000,0.00000000,0,-75.99996274,-75.99997051,0.00000000,0.00000000,0.00000000,0.00000000,0.00000000,0.00000000,0,0,0,4,0,-0.10626349,-0.10626349,-0.00000000,0.00000000,0.00000000,0.00000000,0.00000000,0.00000000,1.00000000,0.00000000,0.00000000,0,-269.99993000,55.84069796,0.00000000,0.00000000,0.00000000,0.00000000,0.00000000,0.00000000,0
201816718,1,0,0,0,400,600,400,100,0,1,0,0,1,0,0,0,0,0.00000000,0.00000000,0.00000000,0.00000000,0.00000000,0.00000000,0,0,0,4,0,-0.11059787,-0.11059787,-0.00000000,0.00000000,0.00000000,0.00000000,0.00000000,0.00000000,1.00000000,0.00000000,0.00000000,0,-75.99996274,-75.99997051,0.00000000,0.00000000,0.00000000,0.00000000,0.00000000,0.00000000,0,0,0,4,0,-0.10626349,-0.10626349,-0.00000000,0.00000000,0.00000000,0.00000000,0.00000000,0.00000000,1.00000000,0.00000000,0.00000000,0,-269.99993000,55.84069796,0.00000000,0.00000000,0.00000000,0.00000000,0.00000000,0.00000000,0
201816796,1,0,0,0,400,600,400,100,0,1,0,0,1,0,0,0,0,0.00000000,0.00000000,0.00000000,0.00000000,0.00000000,0.00000000,0,0,0,4,0,-0.11059787,-0.11059787,-0.00000000,0.00000000,0.00000000,0.00000000,0.00000000,0.00000000,1.00000000,0.00000000,0.00000000,0,-75.99996274,-75.99997051,0.00000000,0.00000000,0.00000000,0.00000000,0.00000000,0.00000000,0,0,0,4,0,-0.10626349,-0.10626349,-0.00000000,0.00000000,0.00000000,0.00000000,0.00000000,0.00000000,1.00000000,0.00000000,0.00000000,0,-269.99993000,55.84069796,0.00000000,0.00000000,0.00000000,0.00000000,0.00000000,0.00000000,0
201816875,1,0,0,0,400,600,400,100,0,1,0,0,1,0,0,0,0,0.00000000,0.00000000,0.00000000,0.00000000,0.00000000,0.00000000,0,0,0,4,0,-0.11059787,-0.11059787,-0.00000000,0.00000000,0.00000000,0.00000000,0.00000000,0.00000000,1.00000000,0.00000000,0.00000000,0,-75.99996274,-75.99997051,0.00000000,0.00000000,0.00000000,0.00000000,0.00000000,0.00000000,0,0,0,4,0,-0.10626349,-0.10626349,-0.00000000,0.00000000,0.00000000,0.00000000,0.00000000,0.00000000,1.00000000,0.00000000,0.00000000,0,-269.99993000,55.84069796,0.00000000,0.00000000,0.00000000,0.00000000,0.00000000,0.00000000,0
201816953,1,0,0,0,400,600,400,100,0,1,0,0,1,0,0,0,0,0.00000000,0.00000000,0.00000000,0.00000000,0.00000000,0.00000000,0,0,0,4,0,-0.11059787,-0.11059787,-0.00000000,0.00000000,0.00000000,0.00000000,0.00000000,0.00000000,1.00000000,0.00000000,0.00000000,0,-75.99996274,-75.99997051,0.00000000,0.00000000,0.00000000,0.00000000,0.00000000,0.00000000,0,0,0,4,0,-0.10626349,-0.10626349,-0.00000000,0.00000000,0.00000000,0.00000000,0.00000000,0.00000000,1.00000000,0.00000000,0.00000000,0,-269.99993000,55.84069796,0.00000000,0.00000000,0.00000000,0.00000000,0.00000000,0.00000000,0
201817031,1,0,0,0,400,600,400,100,0,1,0,0,1,0,0,0,0,0.00000000,0.00000000,0.00000000,0.00000000,0.00000000,0.00000000,0,0,0,4,0,-0.11059787,-0.11059787,-0.00000000,0.00000000,0.00000000,0.00000000,0.00000000,0.00000000,1.00000000,0.00000000,0.00000000,0,-75.99996274,-75.99997051,0.00000000,0.00000000,0.00000000,0.00000000,0.00000000,0.00000000,0,0,0,4,0,-0.10626349,-0.10626349,-0.00000000,0.00000000,0.00000000,0.00000000,0.00000000,0.00000000,1.00000000,0.00000000,0.00000000,0,-269.99993000,55.84069796,0.00000000,0.00000000,0.00000000,0.00000000,0.00000000,0.00000000,0
201817093,1,0,0,0,400,600,400,100,0,1,0,0,1,0,0,0,0,0.00000000,0.00000000,0.00000000,0.00000000,0.00000000,0.00000000,0,0,0,4,0,-0.11059787,-0.11059787,-0.00000000,0.00000000,0.00000000,0.00000000,0.00000000,0.00000000,1.00000000,0.00000000,0.00000000,0,-75.99996274,-75.99997051,0.00000000,0.00000000,0.00000000,0.00000000,0.00000000,0.00000000,0,0,0,4,0,-0.10626349,-0.10626349,-0.00000000,0.00000000,0.00000000,0.00000000,0.00000000,0.00000000,1.00000000,0.00000000,0.00000000,0,-269.99993000,55.84069796,0.00000000,0.00000000,0.00000000,0.00000000,0.00000000,0.00000000,0
201817187,1,0,0,0,400,600,400,100,0,1,0,0,1,0,0,0,0,0.00000000,0.00000000,0.00000000,0.00000000,0.00000000,0.00000000,0,0,0,4,0,-0.11059787,-0.11059787,-0.00000000,0.00000000,0.00000000,0.00000000,0.00000000,0.00000000,1.00000000,0.00000000,0.00000000,0,-75.99996274,-75.99997051,0.00000000,0.00000000,0.00000000,0.00000000,0.00000000,0.00000000,0,0,0,4,0,-0.10626349,-0.10626349,-0.00000000,0.00000000,0.00000000,0.00000000,0.00000000,0.00000000,1.00000000,0.00000000,0.00000000,0,-269.99993000,55.84069796,0.00000000,0.00000000,0.00000000,0.00000000,0.00000000,0.00000000,0
201817265,1,0,0,0,400,600,400,100,0,1,0,0,1,0,0,0,0,0.00000000,0.00000000,0.00000000,0.00000000,0.00000000,0.00000000,0,0,0,4,0,-0.11059787,-0.11059787,-0.00000000,0.00000000,0.00000000,0.00000000,0.00000000,0.00000000,1.00000000,0.00000000,0.00000000,0,-75.99996274,-75.99997051,0.00000000,0.00000000,0.00000000,0.00000000,0.00000000,0.00000000,0,0,0,4,0,-0.10626349,-0.10626349,-0.00000000,0.00000000,0.00000000,0.00000000,0.00000000,0.00000000,1.00000000,0.00000000,0.00000000,0,-269.99993000,55.84069796,0.00000000,0.00000000,0.00000000,0.00000000,0.00000000,0.00000000,0
201817328,1,0,0,0,400,600,400,100,0,1,0,0,1,0,0,0,0,0.00000000,0.00000000,0.00000000,0.00000000,0.00000000,0.00000000,0,0,0,4,0,-0.11059787,-0.11059787,-0.00000000,0.00000000,0.00000000,0.00000000,0.00000000,0.00000000,1.00000000,0.00000000,0.00000000,0,-75.99996274,-75.99997051,0.00000000,0.00000000,0.00000000,0.00000000,0.00000000,0.00000000,0,0,0,4,0,-0.10626349,-0.10626349,-0.00000000,0.00000000,0.00000000,0.00000000,0.00000000,0.00000000,1.00000000,0.00000000,0.00000000,0,-269.99993000,55.84069796,0.00000000,0.00000000,0.00000000,0.00000000,0.00000000,0.00000000,0
201817406,1,0,0,0,400,600,400,100,0,1,0,0,1,0,0,0,0,0.00000000,0.00000000,0.00000000,0.00000000,0.00000000,0.00000000,0,0,0,4,0,-0.11059787,-0.11059787,-0.00000000,0.00000000,0.00000000,0.00000000,0.00000000,0.00000000,1.00000000,0.00000000,0.00000000,0,-75.99996274,-75.99997051,0.00000000,0.00000000,0.00000000,0.00000000,0.00000000,0.00000000,0,0,0,4,0,-0.10626349,-0.10626349,-0.00000000,0.00000000,0.00000000,0.00000000,0.00000000,0.00000000,1.00000000,0.00000000,0.00000000,0,-269.99993000,55.84069796,0.00000000,0.00000000,0.00000000,0.00000000,0.00000000,0.00000000,0
201817484,1,0,0,0,400,600,400,100,0,1,0,0,1,0,0,0,0,0.00000000,0.00000000,0.00000000,0.00000000,0.00000000,0.00000000,0,0,0,4,0,-0.11059787,-0.11059787,-0.00000000,0.00000000,0.00000000,0.00000000,0.00000000,0.00000000,1.00000000,0.00000000,0.00000000,0,-75.99996274,-75.99997051,0.00000000,0.00000000,0.00000000,0.00000000,0.00000000,0.00000000,0,0,0,4,0,-0.10626349,-0.10626349,-0.00000000,0.00000000,0.00000000,0.00000000,0.00000000,0.00000000,1.00000000,0.00000000,0.00000000,0,-269.99993000,55.84069796,0.00000000,0.00000000,0.00000000,0.00000000,0.00000000,0.00000000,0
201817578,1,0,0,0,400,600,400,100,0,1,0,0,1,0,0,0,0,0.00000000,0.00000000,0.00000000,0.00000000,0.00000000,0.00000000,0,0,0,4,0,-0.11059787,-0.11059787,-0.00000000,0.00000000,0.00000000,0.00000000,0.00000000,0.00000000,1.00000000,0.00000000,0.00000000,0,-75.99996274,-75.99997051,0.00000000,0.00000000,0.00000000,0.00000000,0.00000000,0.00000000,0,0,0,4,0,-0.10626349,-0.10626349,-0.00000000,0.00000000,0.00000000,0.00000000,0.00000000,0.00000000,1.00000000,0.00000000,0.00000000,0,-269.99993000,55.84069796,0.00000000,0.00000000,0.00000000,0.00000000,0.00000000,0.00000000,0
201817656,1,0,0,0,400,600,400,100,0,1,0,0,1,0,0,0,0,0.00000000,0.00000000,0.00000000,0.00000000,0.00000000,0.00000000,0,0,0,4,0,-0.11059787,-0.11059787,-0.00000000,0.00000000,0.00000000,0.00000000,0.00000000,0.00000000,1.00000000,0.00000000,0.00000000,0,-75.99996274,-75.99997051,0.00000000,0.00000000,0.00000000,0.00000000,0.00000000,0.00000000,0,0,0,4,0,-0.10626349,-0.10626349,-0.00000000,0.00000000,0.00000000,0.00000000,0.00000000,0.00000000,1.00000000,0.00000000,0.00000000,0,-269.99993000,55.84069796,0.00000000,0.00000000,0.00000000,0.00000000,0.00000000,0.00000000,0
201817718,1,0,0,0,400,600,400,100,0,1,0,0,1,0,0,0,0,0.00000000,0.00000000,0.00000000,0.00000000,0.00000000,0.00000000,0,0,0,4,0,-0.11059787,-0.11059787,-0.00000000,0.00000000,0.00000000,0.00000000,0.00000000,0.00000000,1.00000000,0.00000000,0.00000000,0,-75.99996274,-75.99997051,0.00000000,0.00000000,0.00000000,0.00000000,0.00000000,0.00000000,0,0,0,4,0,-0.10626349,-0.10626349,-0.00000000,0.00000000,0.00000000,0.00000000,0.00000000,0.00000000,1.00000000,0.00000000,0.00000000,0,-269.99993000,55.84069796,0.00000000,0.00000000,0.00000000,0.00000000,0.00000000,0.00000000,0
201817796,1,0,0,0,400,600,400,100,0,1,0,0,1,0,0,0,0,0.00000000,0.00000000,0.00000000,0.00000000,0.00000000,0.00000000,0,0,0,4,0,-0.11059787,-0.11059787,-0.00000000,0.00000000,0.00000000,0.00000000,0.00000000,0.00000000,1.00000000,0.00000000,0.00000000,0,-75.99996274,-75.99997051,0.00000000,0.00000000,0.00000000,0.00000000,0.00000000,0.00000000,0,0,0,4,0,-0.10626349,-0.10626349,-0.00000000,0.00000000,0.00000000,0.00000000,0.00000000,0.00000000,1.00000000,0.00000000,0.00000000,0,-269.99993000,55.84069796,0.00000000,0.00000000,0.00000000,0.00000000,0.00000000,0.00000000,0
201817875,1,0,0,0,400,600,400,100,0,1,0,0,1,0,0,0,0,0.00000000,0.00000000,0.00000000,0.00000000,0.00000000,0.00000000,0,0,0,4,0,-0.11059787,-0.11059787,-0.00000000,0.00000000,0.00000000,0.00000000,0.00000000,0.00000000,1.00000000,0.00000000,0.00000000,0,-75.99996274,-75.99997051,0.00000000,0.00000000,0.00000000,0.00000000,0.00000000,0.00000000,0,0,0,4,0,-0.10626349,-0.10626349,-0.00000000,0.00000000,0.00000000,0.00000000,0.00000000,0.00000000,1.00000000,0.00000000,0.00000000,0,-269.99993000,55.84069796,0.00000000,0.00000000,0.00000000,0.00000000,0.00000000,0.00000000,0
201817968,1,0,0,0,400,600,400,100,0,1,0,0,1,0,0,0,0,0.00000000,0.00000000,0.00000000,0.00000000,0.00000000,0.00000000,0,0,0,4,0,-0.11059787,-0.11059787,-0.00000000,0.00000000,0.00000000,0.00000000,0.00000000,0.00000000,1.00000000,0.00000000,0.00000000,0,-75.99996274,-75.99997051,0.00000000,0.00000000,0.00000000,0.00000000,0.00000000,0.00000000,0,0,0,4,0,-0.10626349,-0.10626349,-0.00000000,0.00000000,0.00000000,0.00000000,0.00000000,0.00000000,1.00000000,0.00000000,0.00000000,0,-269.99993000,55.84069796,0.00000000,0.00000000,0.00000000,0.00000000,0.00000000,0.00000000,0
201818046,1,0,0,0,400,600,400,100,0,1,0,0,1,0,0,0,0,0.00000000,0.00000000,0.00000000,0.00000000,0.00000000,0.00000000,0,0,0,4,0,-0.11059787,-0.11059787,-0.00000000,0.00000000,0.00000000,0.00000000,0.00000000,0.00000000,1.00000000,0.00000000,0.00000000,0,-75.99996274,-75.99997051,0.00000000,0.00000000,0.00000000,0.00000000,0.00000000,0.00000000,0,0,0,4,0,-0.10626349,-0.10626349,-0.00000000,0.00000000,0.00000000,0.00000000,0.00000000,0.00000000,1.00000000,0.00000000,0.00000000,0,-269.99993000,55.84069796,0.00000000,0.00000000,0.00000000,0.00000000,0.00000000,0.00000000,0
201818109,1,0,0,0,400,600,400,100,0,1,0,0,1,0,0,0,0,0.00000000,0.00000000,0.00000000,0.00000000,0.00000000,0.00000000,0,0,0,4,0,-0.11059787,-0.11059787,-0.00000000,0.00000000,0.00000000,0.00000000,0.00000000,0.00000000,1.00000000,0.00000000,0.00000000,0,-75.99996274,-75.99997051,0.00000000,0.00000000,0.00000000,0.00000000,0.00000000,0.00000000,0,0,0,4,0,-0.10626349,-0.10626349,-0.00000000,0.00000000,0.00000000,0.00000000,0.00000000,0.00000000,1.00000000,0.00000000,0.00000000,0,-269.99993000,55.84069796,0.00000000,0.00000000,0.00000000,0.00000000,0.00000000,0.00000000,0
201818187,1,0,0,0,400,600,400,100,0,1,0,0,1,0,0,0,0,0.00000000,0.00000000,0.00000000,0.00000000,0.00000000,0.00000000,0,0,0,4,0,-0.11059787,-0.11059787,-0.00000000,0.00000000,0.00000000,0.00000000,0.00000000,0.00000000,1.00000000,0.00000000,0.00000000,0,-75.99996274,-75.99997051,0.00000000,0.00000000,0.00000000,0.00000000,0.00000000,0.00000000,0,0,0,4,0,-0.10626349,-0.10626349,-0.00000000,0.00000000,0.00000000,0.00000000,0.00000000,0.00000000,1.00000000,0.00000000,0.00000000,0,-269.99993000,55.84069796,0.00000000,0.00000000,0.00000000,0.00000000,0.00000000,0.00000000,0
201818265,1,0,0,0,400,600,400,100,0,1,0,0,1,0,0,0,0,0.00000000,0.00000000,0.00000000,0.00000000,0.00000000,0.00000000,0,0,0,4,0,-0.11059787,-0.11059787,-0.00000000,0.00000000,0.00000000,0.00000000,0.00000000,0.00000000,1.00000000,0.00000000,0.00000000,0,-75.99996274,-75.99997051,0.00000000,0.00000000,0.00000000,0.00000000,0.00000000,0.00000000,0,0,0,4,0,-0.10626349,-0.10626349,-0.00000000,0.00000000,0.00000000,0.00000000,0.00000000,0.00000000,1.00000000,0.00000000,0.00000000,0,-269.99993000,55.84069796,0.00000000,0.00000000,0.00000000,0.00000000,0.00000000,0.00000000,0
201818343,1,0,0,0,400,600,400,100,0,1,0,0,1,0,0,0,0,0.00000000,0.00000000,0.00000000,0.00000000,0.00000000,0.00000000,0,0,0,4,0,-0.11059787,-0.11059787,-0.00000000,0.00000000,0.00000000,0.00000000,0.00000000,0.00000000,1.00000000,0.00000000,0.00000000,0,-75.99996274,-75.99997051,0.00000000,0.00000000,0.00000000,0.00000000,0.00000000,0.00000000,0,0,0,4,0,-0.10626349,-0.10626349,-0.00000000,0.00000000,0.00000000,0.00000000,0.00000000,0.00000000,1.00000000,0.00000000,0.00000000,0,-269.99993000,55.84069796,0.00000000,0.00000000,0.00000000,0.00000000,0.00000000,0.00000000,0
201818421,1,0,0,0,400,600,400,100,0,1,0,0,1,0,0,0,0,0.00000000,0.00000000,0.00000000,0.00000000,0.00000000,0.00000000,0,0,0,4,0,-0.11059787,-0.11059787,-0.00000000,0.00000000,0.00000000,0.00000000,0.00000000,0.00000000,1.00000000,0.00000000,0.00000000,0,-75.99996274,-75.99997051,0.00000000,0.00000000,0.00000000,0.00000000,0.00000000,0.00000000,0,0,0,4,0,-0.10626349,-0.10626349,-0.00000000,0.00000000,0.00000000,0.00000000,0.00000000,0.00000000,1.00000000,0.00000000,0.00000000,0,-269.99993000,55.84069796,0.00000000,0.00000000,0.00000000,0.00000000,0.00000000,0.00000000,0
201818500,1,0,0,0,400,600,400,100,0,1,0,0,1,0,0,0,0,0.00000000,0.00000000,0.00000000,0.00000000,0.00000000,0.00000000,0,0,0,4,0,-0.11059787,-0.11059787,-0.00000000,0.00000000,0.00000000,0.00000000,0.00000000,0.00000000,1.00000000,0.00000000,0.00000000,0,-75.99996274,-75.99997051,0.00000000,0.00000000,0.00000000,0.00000000,0.00000000,0.00000000,0,0,0,4,0,-0.10626349,-0.10626349,-0.00000000,0.00000000,0.00000000,0.00000000,0.00000000,0.00000000,1.00000000,0.00000000,0.00000000,0,-269.99993000,55.84069796,0.00000000,0.00000000,0.00000000,0.00000000,0.00000000,0.00000000,0
201818562,1,0,0,0,400,600,400,100,0,1,0,0,1,0,0,0,0,0.00000000,0.00000000,0.00000000,0.00000000,0.00000000,0.00000000,0,0,0,4,0,-0.11059787,-0.11059787,-0.00000000,0.00000000,0.00000000,0.00000000,0.00000000,0.00000000,1.00000000,0.00000000,0.00000000,0,-75.99996274,-75.99997051,0.00000000,0.00000000,0.00000000,0.00000000,0.00000000,0.00000000,0,0,0,4,0,-0.10626349,-0.10626349,-0.00000000,0.00000000,0.00000000,0.00000000,0.00000000,0.00000000,1.00000000,0.00000000,0.00000000,0,-269.99993000,55.84069796,0.00000000,0.00000000,0.00000000,0.00000000,0.00000000,0.00000000,0
201818640,1,0,0,0,400,600,400,100,0,1,0,0,1,0,0,0,0,0.00000000,0.00000000,0.00000000,0.00000000,0.00000000,0.00000000,0,0,0,4,0,-0.11059787,-0.11059787,-0.00000000,0.00000000,0.00000000,0.00000000,0.00000000,0.00000000,1.00000000,0.00000000,0.00000000,0,-75.99996274,-75.99997051,0.00000000,0.00000000,0.00000000,0.00000000,0.00000000,0.00000000,0,0,0,4,0,-0.10626349,-0.10626349,-0.00000000,0.00000000,0.00000000,0.00000000,0.00000000,0.00000000,1.00000000,0.00000000,0.00000000,0,-269.99993000,55.84069796,0.00000000,0.00000000,0.00000000,0.00000000,0.00000000,0.00000000,0
201818734,1,0,0,0,400,600,400,100,0,1,0,0,1,0,0,0,0,0.00000000,0.00000000,0.00000000,0.00000000,0.00000000,0.00000000,0,0,0,4,0,-0.11059787,-0.11059787,-0.00000000,0.00000000,0.00000000,0.00000000,0.00000000,0.00000000,1.00000000,0.00000000,0.00000000,0,-75.99996274,-75.99997051,0.00000000,0.00000000,0.00000000,0.00000000,0.00000000,0.00000000,0,0,0,4,0,-0.10626349,-0.10626349,-0.00000000,0.00000000,0.00000000,0.00000000,0.00000000,0.00000000,1.00000000,0.00000000,0.00000000,0,-269.99993000,55.84069796,0.00000000,0.00000000,0.00000000,0.00000000,0.00000000,0.00000000,0
201818812,1,0,0,0,400,600,400,100,0,1,0,0,1,0,0,0,0,0.00000000,0.00000000,0.00000000,0.00000000,0.00000000,0.00000000,0,0,0,4,0,-0.11059787,-0.11059787,-0.00000000,0.00000000,0.00000000,0.00000000,0.00000000,0.00000000,1.00000000,0.00000000,0.00000000,0,-75.99996274,-75.99997051,0.00000000,0.00000000,0.00000000,0.00000000,0.00000000,0.00000000,0,0,0,4,0,-0.10626349,-0.10626349,-0.00000000,0.00000000,0.00000000,0.00000000,0.00000000,0.00000000,1.00000000,0.00000000,0.00000000,0,-269.99993000,55.84069796,0.00000000,0.00000000,0.00000000,0.00000000,0.00000000,0.00000000,0
201818875,1,0,0,0,400,600,400,100,0,1,0,0,1,0,0,0,0,0.00000000,0.00000000,0.00000000,0.00000000,0.00000000,0.00000000,0,0,0,4,0,-0.11059787,-0.11059787,-0.00000000,0.00000000,0.00000000,0.00000000,0.00000000,0.00000000,1.00000000,0.00000000,0.00000000,0,-75.99996274,-75.99997051,0.00000000,0.00000000,0.00000000,0.00000000,0.00000000,0.00000000,0,0,0,4,0,-0.10626349,-0.10626349,-0.00000000,0.00000000,0.00000000,0.00000000,0.00000000,0.00000000,1.00000000,0.00000000,0.00000000,0,-269.99993000,55.84069796,0.00000000,0.00000000,0.00000000,0.00000000,0.00000000,0.00000000,0
201818968,1,0,0,0,400,600,400,100,0,1,0,0,1,0,0,0,0,0.00000000,0.00000000,0.00000000,0.00000000,0.00000000,0.00000000,0,0,0,4,0,-0.11059787,-0.11059787,-0.00000000,0.00000000,0.00000000,0.00000000,0.00000000,0.00000000,1.00000000,0.00000000,0.00000000,0,-75.99996274,-75.99997051,0.00000000,0.00000000,0.00000000,0.00000000,0.00000000,0.00000000,0,0,0,4,0,-0.10626349,-0.10626349,-0.00000000,0.00000000,0.00000000,0.00000000,0.00000000,0.00000000,1.00000000,0.00000000,0.00000000,0,-269.99993000,55.84069796,0.00000000,0.00000000,0.00000000,0.00000000,0.00000000,0.00000000,0
201819046,1,0,0,0,400,600,400,100,0,1,0,0,1,0,0,0,0,0.00000000,0.00000000,0.00000000,0.00000000,0.00000000,0.00000000,0,0,0,4,0,-0.11059787,-0.11059787,-0.00000000,0.00000000,0.00000000,0.00000000,0.00000000,0.00000000,1.00000000,0.00000000,0.00000000,0,-75.99996274,-75.99997051,0.00000000,0.00000000,0.00000000,0.00000000,0.00000000,0.00000000,0,0,0,4,0,-0.10626349,-0.10626349,-0.00000000,0.00000000,0.00000000,0.00000000,0.00000000,0.00000000,1.00000000,0.00000000,0.00000000,0,-269.99993000,55.84069796,0.00000000,0.00000000,0.00000000,0.00000000,0.00000000,0.00000000,0
201819125,1,0,0,0,400,600,400,100,0,1,0,0,1,0,0,0,0,0.00000000,0.00000000,0.00000000,0.00000000,0.00000000,0.00000000,0,0,0,4,0,-0.11059787,-0.11059787,-0.00000000,0.00000000,0.00000000,0.00000000,0.00000000,0.00000000,1.00000000,0.00000000,0.00000000,0,-75.99996274,-75.99997051,0.00000000,0.00000000,0.00000000,0.00000000,0.00000000,0.00000000,0,0,0,4,0,-0.10626349,-0.10626349,-0.00000000,0.00000000,0.00000000,0.00000000,0.00000000,0.00000000,1.00000000,0.00000000,0.00000000,0,-269.99993000,55.84069796,0.00000000,0.00000000,0.00000000,0.00000000,0.00000000,0.00000000,0
201819187,1,0,0,0,400,600,400,100,0,1,0,0,1,0,0,0,0,0.00000000,0.00000000,0.00000000,0.00000000,0.00000000,0.00000000,0,0,0,4,0,-0.11059787,-0.11059787,-0.00000000,0.00000000,0.00000000,0.00000000,0.00000000,0.00000000,1.00000000,0.00000000,0.00000000,0,-75.99996274,-75.99997051,0.00000000,0.00000000,0.00000000,0.00000000,0.00000000,0.00000000,0,0,0,4,0,-0.10626349,-0.10626349,-0.00000000,0.00000000,0.00000000,0.00000000,0.00000000,0.00000000,1.00000000,0.00000000,0.00000000,0,-269.99993000,55.84069796,0.00000000,0.00000000,0.00000000,0.00000000,0.00000000,0.00000000,0
201819265,1,0,0,0,400,600,400,100,0,1,0,0,1,0,0,0,0,0.00000000,0.00000000,0.00000000,0.00000000,0.00000000,0.00000000,0,0,0,4,0,-0.11059787,-0.11059787,-0.00000000,0.00000000,0.00000000,0.00000000,0.00000000,0.00000000,1.00000000,0.00000000,0.00000000,0,-75.99996274,-75.99997051,0.00000000,0.00000000,0.00000000,0.00000000,0.00000000,0.00000000,0,0,0,4,0,-0.10626349,-0.10626349,-0.00000000,0.00000000,0.00000000,0.00000000,0.00000000,0.00000000,1.00000000,0.00000000,0.00000000,0,-269.99993000,55.84069796,0.00000000,0.00000000,0.00000000,0.00000000,0.00000000,0.00000000,0
201819343,1,0,0,0,400,600,400,100,0,1,0,0,1,0,0,0,0,0.00000000,0.00000000,0.00000000,0.00000000,0.00000000,0.00000000,0,0,0,4,0,-0.11059787,-0.11059787,-0.00000000,0.00000000,0.00000000,0.00000000,0.00000000,0.00000000,1.00000000,0.00000000,0.00000000,0,-75.99996274,-75.99997051,0.00000000,0.00000000,0.00000000,0.00000000,0.00000000,0.00000000,0,0,0,4,0,-0.10626349,-0.10626349,-0.00000000,0.00000000,0.00000000,0.00000000,0.00000000,0.00000000,1.00000000,0.00000000,0.00000000,0,-269.99993000,55.84069796,0.00000000,0.00000000,0.00000000,0.00000000,0.00000000,0.00000000,0
201819421,1,0,0,0,400,600,400,100,0,1,0,0,1,0,0,0,0,0.00000000,0.00000000,0.00000000,0.00000000,0.00000000,0.00000000,0,0,0,4,0,-0.11059787,-0.11059787,-0.00000000,0.00000000,0.00000000,0.00000000,0.00000000,0.00000000,1.00000000,0.00000000,0.00000000,0,-75.99996274,-75.99997051,0.00000000,0.00000000,0.00000000,0.00000000,0.00000000,0.00000000,0,0,0,4,0,-0.10626349,-0.10626349,-0.00000000,0.00000000,0.00000000,0.00000000,0.00000000,0.00000000,1.00000000,0.00000000,0.00000000,0,-269.99993000,55.84069796,0.00000000,0.00000000,0.00000000,0.00000000,0.00000000,0.00000000,0
201819515,1,0,0,0,400,600,400,100,0,1,0,0,1,0,0,0,0,0.00000000,0.00000000,0.00000000,0.00000000,0.00000000,0.00000000,0,0,0,4,0,-0.11059787,-0.11059787,-0.00000000,0.00000000,0.00000000,0.00000000,0.00000000,0.00000000,1.00000000,0.00000000,0.00000000,0,-75.99996274,-75.99997051,0.00000000,0.00000000,0.00000000,0.00000000,0.00000000,0.00000000,0,0,0,4,0,-0.10626349,-0.10626349,-0.00000000,0.00000000,0.00000000,0.00000000,0.00000000,0.00000000,1.00000000,0.00000000,0.00000000,0,-269.99993000,55.84069796,0.00000000,0.00000000,0.00000000,0.00000000,0.00000000,0.00000000,0
201819593,1,0,0,0,400,600,400,100,0,1,0,0,1,0,0,0,0,0.00000000,0.00000000,0.00000000,0.00000000,0.00000000,0.00000000,0,0,0,4,0,-0.11059787,-0.11059787,-0.00000000,0.00000000,0.00000000,0.00000000,0.00000000,0.00000000,1.00000000,0.00000000,0.00000000,0,-75.99996274,-75.99997051,0.00000000,0.00000000,0.00000000,0.00000000,0.00000000,0.00000000,0,0,0,4,0,-0.10626349,-0.10626349,-0.00000000,0.00000000,0.00000000,0.00000000,0.00000000,0.00000000,1.00000000,0.00000000,0.00000000,0,-269.99993000,55.84069796,0.00000000,0.00000000,0.00000000,0.00000000,0.00000000,0.00000000,0
201819671,1,0,0,0,400,600,400,100,0,1,0,0,1,0,0,0,0,0.00000000,0.00000000,0.00000000,0.00000000,0.00000000,0.00000000,0,0,0,4,0,-0.11059787,-0.11059787,-0.00000000,0.00000000,0.00000000,0.00000000,0.00000000,0.00000000,1.00000000,0.00000000,0.00000000,0,-75.99996274,-75.99997051,0.00000000,0.00000000,0.00000000,0.00000000,0.00000000,0.00000000,0,0,0,4,0,-0.10626349,-0.10626349,-0.00000000,0.00000000,0.00000000,0.00000000,0.00000000,0.00000000,1.00000000,0.00000000,0.00000000,0,-269.99993000,55.84069796,0.00000000,0.00000000,0.00000000,0.00000000,0.00000000,0.00000000,0
201819750,1,0,0,0,400,600,400,100,0,1,0,0,1,0,0,0,0,0.00000000,0.00000000,0.00000000,0.00000000,0.00000000,0.00000000,0,0,0,4,0,-0.11059787,-0.11059787,-0.00000000,0.00000000,0.00000000,0.00000000,0.00000000,0.00000000,1.00000000,0.00000000,0.00000000,0,-75.99996274,-75.99997051,0.00000000,0.00000000,0.00000000,0.00000000,0.00000000,0.00000000,0,0,0,4,0,-0.10626349,-0.10626349,-0.00000000,0.00000000,0.00000000,0.00000000,0.00000000,0.00000000,1.00000000,0.00000000,0.00000000,0,-269.99993000,55.84069796,0.00000000,0.00000000,0.00000000,0.00000000,0.00000000,0.00000000,0
201819812,1,0,0,0,400,600,400,100,0,1,0,0,1,0,0,0,0,0.00000000,0.00000000,0.00000000,0.00000000,0.00000000,0.00000000,0,0,0,4,0,-0.11059787,-0.11059787,-0.00000000,0.00000000,0.00000000,0.00000000,0.00000000,0.00000000,1.00000000,0.00000000,0.00000000,0,-75.99996274,-75.99997051,0.00000000,0.00000000,0.00000000,0.00000000,0.00000000,0.00000000,0,0,0,4,0,-0.10626349,-0.10626349,-0.00000000,0.00000000,0.00000000,0.00000000,0.00000000,0.00000000,1.00000000,0.00000000,0.00000000,0,-269.99993000,55.84069796,0.00000000,0.00000000,0.00000000,0.00000000,0.00000000,0.00000000,0
201819890,1,0,0,0,400,600,400,100,0,1,0,0,1,0,0,0,0,0.00000000,0.00000000,0.00000000,0.00000000,0.00000000,0.00000000,0,0,0,4,0,-0.11059787,-0.11059787,-0.00000000,0.00000000,0.00000000,0.00000000,0.00000000,0.00000000,1.00000000,0.00000000,0.00000000,0,-75.99996274,-75.99997051,0.00000000,0.00000000,0.00000000,0.00000000,0.00000000,0.00000000,0,0,0,4,0,-0.10626349,-0.10626349,-0.00000000,0.00000000,0.00000000,0.00000000,0.00000000,0.00000000,1.00000000,0.00000000,0.00000000,0,-269.99993000,55.84069796,0.00000000,0.00000000,0.00000000,0.00000000,0.00000000,0.00000000,0
201819984,1,0,0,0,400,600,400,100,0,1,0,0,1,0,0,0,0,0.00000000,0.00000000,0.00000000,0.00000000,0.00000000,0.00000000,0,0,0,4,0,-0.11059787,-0.11059787,-0.00000000,0.00000000,0.00000000,0.00000000,0.00000000,0.00000000,1.00000000,0.00000000,0.00000000,0,-75.99996274,-75.99997051,0.00000000,0.00000000,0.00000000,0.00000000,0.00000000,0.00000000,0,0,0,4,0,-0.10626349,-0.10626349,-0.00000000,0.00000000,0.00000000,0.00000000,0.00000000,0.00000000,1.00000000,0.00000000,0.00000000,0,-269.99993000,55.84069796,0.00000000,0.00000000,0.00000000,0.00000000,0.00000000,0.00000000,0
201820062,1,0,0,0,400,600,400,100,0,1,0,0,1,0,0,0,0,0.00000000,0.00000000,0.00000000,0.00000000,0.00000000,0.00000000,0,0,0,4,0,-0.11059787,-0.11059787,-0.00000000,0.00000000,0.00000000,0.00000000,0.00000000,0.00000000,1.00000000,0.00000000,0.00000000,0,-75.99996274,-75.99997051,0.00000000,0.00000000,0.00000000,0.00000000,0.00000000,0.00000000,0,0,0,4,0,-0.10626349,-0.10626349,-0.00000000,0.00000000,0.00000000,0.00000000,0.00000000,0.00000000,1.00000000,0.00000000,0.00000000,0,-269.99993000,55.84069796,0.00000000,0.00000000,0.00000000,0.00000000,0.00000000,0.00000000,0
201820140,1,0,0,0,400,600,400,100,0,1,0,0,1,0,0,0,0,0.00000000,0.00000000,0.00000000,0.00000000,0.00000000,0.00000000,0,0,0,4,0,-0.11059787,-0.11059787,-0.00000000,0.00000000,0.00000000,0.00000000,0.00000000,0.00000000,1.00000000,0.00000000,0.00000000,0,-75.99996274,-75.99997051,0.00000000,0.00000000,0.00000000,0.00000000,0.00000000,0.00000000,0,0,0,4,0,-0.10626349,-0.10626349,-0.00000000,0.00000000,0.00000000,0.00000000,0.00000000,0.00000000,1.00000000,0.00000000,0.00000000,0,-269.99993000,55.84069796,0.00000000,0.00000000,0.00000000,0.00000000,0.00000000,0.00000000,0
201820218,1,0,0,0,400,600,400,100,0,1,0,0,1,0,0,0,0,0.00000000,0.00000000,0.00000000,0.00000000,0.00000000,0.00000000,0,0,0,4,0,-0.11059787,-0.11059787,-0.00000000,0.00000000,0.00000000,0.00000000,0.00000000,0.00000000,1.00000000,0.00000000,0.00000000,0,-75.99996274,-75.99997051,0.00000000,0.00000000,0.00000000,0.00000000,0.00000000,0.00000000,0,0,0,4,0,-0.10626349,-0.10626349,-0.00000000,0.00000000,0.00000000,0.00000000,0.00000000,0.00000000,1.00000000,0.00000000,0.00000000,0,-269.99993000,55.84069796,0.00000000,0.00000000,0.00000000,0.00000000,0.00000000,0.00000000,0
201820296,1,0,0,0,400,600,400,100,0,1,0,0,1,0,0,0,0,0.00000000,0.00000000,0.00000000,0.00000000,0.00000000,0.00000000,0,0,0,4,0,-0.11059787,-0.11059787,-0.00000000,0.00000000,0.00000000,0.00000000,0.00000000,0.00000000,1.00000000,0.00000000,0.00000000,0,-75.99996274,-75.99997051,0.00000000,0.00000000,0.00000000,0.00000000,0.00000000,0.00000000,0,0,0,4,0,-0.10626349,-0.10626349,-0.00000000,0.00000000,0.00000000,0.00000000,0.00000000,0.00000000,1.00000000,0.00000000,0.00000000,0,-269.99993000,55.84069796,0.00000000,0.00000000,0.00000000,0.00000000,0.00000000,0.00000000,0
201820375,1,0,0,0,400,600,400,100,0,1,0,0,1,0,0,0,0,0.00000000,0.00000000,0.00000000,0.00000000,0.00000000,0.00000000,0,0,0,4,0,-0.11059787,-0.11059787,-0.00000000,0.00000000,0.00000000,0.00000000,0.00000000,0.00000000,1.00000000,0.00000000,0.00000000,0,-75.99996274,-75.99997051,0.00000000,0.00000000,0.00000000,0.00000000,0.00000000,0.00000000,0,0,0,4,0,-0.10626349,-0.10626349,-0.00000000,0.00000000,0.00000000,0.00000000,0.00000000,0.00000000,1.00000000,0.00000000,0.00000000,0,-269.99993000,55.84069796,0.00000000,0.00000000,0.00000000,0.00000000,0.00000000,0.00000000,0
201820453,1,0,0,0,400,600,400,100,0,1,0,0,1,0,0,0,0,0.00000000,0.00000000,0.00000000,0.00000000,0.00000000,0.00000000,0,0,0,4,0,-0.11059787,-0.11059787,-0.00000000,0.00000000,0.00000000,0.00000000,0.00000000,0.00000000,1.00000000,0.00000000,0.00000000,0,-75.99996274,-75.99997051,0.00000000,0.00000000,0.00000000,0.00000000,0.00000000,0.00000000,0,0,0,4,0,-0.10626349,-0.10626349,-0.00000000,0.00000000,0.00000000,0.00000000,0.00000000,0.00000000,1.00000000,0.00000000,0.00000000,0,-269.99993000,55.84069796,0.00000000,0.00000000,0.00000000,0.00000000,0.00000000,0.00000000,0
201820531,1,0,0,0,400,600,400,100,0,1,0,0,1,0,0,0,0,0.00000000,0.00000000,0.00000000,0.00000000,0.00000000,0.00000000,0,0,0,4,0,-0.11059787,-0.11059787,-0.00000000,0.00000000,0.00000000,0.00000000,0.00000000,0.00000000,1.00000000,0.00000000,0.00000000,0,-75.99996274,-75.99997051,0.00000000,0.00000000,0.00000000,0.00000000,0.00000000,0.00000000,0,0,0,4,0,-0.10626349,-0.10626349,-0.00000000,0.00000000,0.00000000,0.00000000,0.00000000,0.00000000,1.00000000,0.00000000,0.00000000,0,-269.99993000,55.84069796,0.00000000,0.00000000,0.00000000,0.00000000,0.00000000,0.00000000,0
201820609,1,0,0,0,400,600,400,100,0,1,0,0,1,0,0,0,0,0.00000000,0.00000000,0.00000000,0.00000000,0.00000000,0.00000000,0,0,0,4,0,-0.11059787,-0.11059787,-0.00000000,0.00000000,0.00000000,0.00000000,0.00000000,0.00000000,1.00000000,0.00000000,0.00000000,0,-75.99996274,-75.99997051,0.00000000,0.00000000,0.00000000,0.00000000,0.00000000,0.00000000,0,0,0,4,0,-0.10626349,-0.10626349,-0.00000000,0.00000000,0.00000000,0.00000000,0.00000000,0.00000000,1.00000000,0.00000000,0.00000000,0,-269.99993000,55.84069796,0.00000000,0.00000000,0.00000000,0.00000000,0.00000000,0.00000000,0
201820687,1,0,0,0,400,600,400,100,0,1,0,0,1,0,0,0,0,0.00000000,0.00000000,0.00000000,0.00000000,0.00000000,0.00000000,0,0,0,4,0,-0.11059787,-0.11059787,-0.00000000,0.00000000,0.00000000,0.00000000,0.00000000,0.00000000,1.00000000,0.00000000,0.00000000,0,-75.99996274,-75.99997051,0.00000000,0.00000000,0.00000000,0.00000000,0.00000000,0.00000000,0,0,0,4,0,-0.10626349,-0.10626349,-0.00000000,0.00000000,0.00000000,0.00000000,0.00000000,0.00000000,1.00000000,0.00000000,0.00000000,0,-269.99993000,55.84069796,0.00000000,0.00000000,0.00000000,0.00000000,0.00000000,0.00000000,0
201820765,1,0,0,0,400,600,400,100,0,1,0,0,1,0,0,0,0,0.00000000,0.00000000,0.00000000,0.00000000,0.00000000,0.00000000,0,0,0,4,0,-0.11059787,-0.11059787,-0.00000000,0.00000000,0.00000000,0.00000000,0.00000000,0.00000000,1.00000000,0.00000000,0.00000000,0,-75.99996274,-75.99997051,0.00000000,0.00000000,0.00000000,0.00000000,0.00000000,0.00000000,0,0,0,4,0,-0.10626349,-0.10626349,-0.00000000,0.00000000,0.00000000,0.00000000,0.00000000,0.00000000,1.00000000,0.00000000,0.00000000,0,-269.99993000,55.84069796,0.00000000,0.00000000,0.00000000,0.00000000,0.00000000,0.00000000,0
201820843,1,0,0,0,400,600,400,100,0,1,0,0,1,0,0,0,0,0.00000000,0.00000000,0.00000000,0.00000000,0.00000000,0.00000000,0,0,0,4,0,-0.11059787,-0.11059787,-0.00000000,0.00000000,0.00000000,0.00000000,0.00000000,0.00000000,1.00000000,0.00000000,0.00000000,0,-75.99996274,-75.99997051,0.00000000,0.00000000,0.00000000,0.00000000,0.00000000,0.00000000,0,0,0,4,0,-0.10626349,-0.10626349,-0.00000000,0.00000000,0.00000000,0.00000000,0.00000000,0.00000000,1.00000000,0.00000000,0.00000000,0,-269.99993000,55.84069796,0.00000000,0.00000000,0.00000000,0.00000000,0.00000000,0.00000000,0
201820906,1,0,0,0,400,600,400,100,0,1,0,0,1,0,0,0,0,0.00000000,0.00000000,0.00000000,0.00000000,0.00000000,0.00000000,0,0,0,4,0,-0.11059787,-0.11059787,-0.00000000,0.00000000,0.00000000,0.00000000,0.00000000,0.00000000,1.00000000,0.00000000,0.00000000,0,-75.99996274,-75.99997051,0.00000000,0.00000000,0.00000000,0.00000000,0.00000000,0.00000000,0,0,0,4,0,-0.10626349,-0.10626349,-0.00000000,0.00000000,0.00000000,0.00000000,0.00000000,0.00000000,1.00000000,0.00000000,0.00000000,0,-269.99993000,55.84069796,0.00000000,0.00000000,0.00000000,0.00000000,0.00000000,0.00000000,0
201820984,1,0,0,0,400,600,400,100,0,1,0,0,1,0,0,0,0,0.00000000,0.00000000,0.00000000,0.00000000,0.00000000,0.00000000,0,0,0,4,0,-0.11059787,-0.11059787,-0.00000000,0.00000000,0.00000000,0.00000000,0.00000000,0.00000000,1.00000000,0.00000000,0.00000000,0,-75.99996274,-75.99997051,0.00000000,0.00000000,0.00000000,0.00000000,0.00000000,0.00000000,0,0,0,4,0,-0.10626349,-0.10626349,-0.00000000,0.00000000,0.00000000,0.00000000,0.00000000,0.00000000,1.00000000,0.00000000,0.00000000,0,-269.99993000,55.84069796,0.00000000,0.00000000,0.00000000,0.00000000,0.00000000,0.00000000,0
201821078,1,0,0,0,400,600,400,100,0,1,0,0,1,0,0,0,0,0.00000000,0.00000000,0.00000000,0.00000000,0.00000000,0.00000000,0,0,0,4,0,-0.11059787,-0.11059787,-0.00000000,0.00000000,0.00000000,0.00000000,0.00000000,0.00000000,1.00000000,0.00000000,0.00000000,0,-75.99996274,-75.99997051,0.00000000,0.00000000,0.00000000,0.00000000,0.00000000,0.00000000,0,0,0,4,0,-0.10626349,-0.10626349,-0.00000000,0.00000000,0.00000000,0.00000000,0.00000000,0.00000000,1.00000000,0.00000000,0.00000000,0,-269.99993000,55.84069796,0.00000000,0.00000000,0.00000000,0.00000000,0.00000000,0.00000000,0
201821156,1,0,0,0,400,600,400,100,0,1,0,0,1,0,0,0,0,0.00000000,0.00000000,0.00000000,0.00000000,0.00000000,0.00000000,0,0,0,4,0,-0.11059787,-0.11059787,-0.00000000,0.00000000,0.00000000,0.00000000,0.00000000,0.00000000,1.00000000,0.00000000,0.00000000,0,-75.99996274,-75.99997051,0.00000000,0.00000000,0.00000000,0.00000000,0.00000000,0.00000000,0,0,0,4,0,-0.10626349,-0.10626349,-0.00000000,0.00000000,0.00000000,0.00000000,0.00000000,0.00000000,1.00000000,0.00000000,0.00000000,0,-269.99993000,55.84069796,0.00000000,0.00000000,0.00000000,0.00000000,0.00000000,0.00000000,0
201821218,1,0,0,0,400,600,400,100,0,1,0,0,1,0,0,0,0,0.00000000,0.00000000,0.00000000,0.00000000,0.00000000,0.00000000,0,0,0,4,0,-0.11059787,-0.11059787,-0.00000000,0.00000000,0.00000000,0.00000000,0.00000000,0.00000000,1.00000000,0.00000000,0.00000000,0,-75.99996274,-75.99997051,0.00000000,0.00000000,0.00000000,0.00000000,0.00000000,0.00000000,0,0,0,4,0,-0.10626349,-0.10626349,-0.00000000,0.00000000,0.00000000,0.00000000,0.00000000,0.00000000,1.00000000,0.00000000,0.00000000,0,-269.99993000,55.84069796,0.00000000,0.00000000,0.00000000,0.00000000,0.00000000,0.00000000,0
201821296,1,0,0,0,400,600,400,100,0,1,0,0,1,0,0,0,0,0.00000000,0.00000000,0.00000000,0.00000000,0.00000000,0.00000000,0,0,0,4,0,-0.11059787,-0.11059787,-0.00000000,0.00000000,0.00000000,0.00000000,0.00000000,0.00000000,1.00000000,0.00000000,0.00000000,0,-75.99996274,-75.99997051,0.00000000,0.00000000,0.00000000,0.00000000,0.00000000,0.00000000,0,0,0,4,0,-0.10626349,-0.10626349,-0.00000000,0.00000000,0.00000000,0.00000000,0.00000000,0.00000000,1.00000000,0.00000000,0.00000000,0,-269.99993000,55.84069796,0.00000000,0.00000000,0.00000000,0.00000000,0.00000000,0.00000000,0
201821375,1,0,0,0,400,600,400,100,0,1,0,0,1,0,0,0,0,0.00000000,0.00000000,0.00000000,0.00000000,0.00000000,0.00000000,0,0,0,4,0,-0.11059787,-0.11059787,-0.00000000,0.00000000,0.00000000,0.00000000,0.00000000,0.00000000,1.00000000,0.00000000,0.00000000,0,-75.99996274,-75.99997051,0.00000000,0.00000000,0.00000000,0.00000000,0.00000000,0.00000000,0,0,0,4,0,-0.10626349,-0.10626349,-0.00000000,0.00000000,0.00000000,0.00000000,0.00000000,0.00000000,1.00000000,0.00000000,0.00000000,0,-269.99993000,55.84069796,0.00000000,0.00000000,0.00000000,0.00000000,0.00000000,0.00000000,0
201821453,1,0,0,0,400,600,400,100,0,1,0,0,1,0,0,0,0,0.00000000,0.00000000,0.00000000,0.00000000,0.00000000,0.00000000,0,0,0,4,0,-0.11059787,-0.11059787,-0.00000000,0.00000000,0.00000000,0.00000000,0.00000000,0.00000000,1.00000000,0.00000000,0.00000000,0,-75.99996274,-75.99997051,0.00000000,0.00000000,0.00000000,0.00000000,0.00000000,0.00000000,0,0,0,4,0,-0.10626349,-0.10626349,-0.00000000,0.00000000,0.00000000,0.00000000,0.00000000,0.00000000,1.00000000,0.00000000,0.00000000,0,-269.99993000,55.84069796,0.00000000,0.00000000,0.00000000,0.00000000,0.00000000,0.00000000,0
201821531,1,0,0,0,400,600,400,100,0,1,0,0,1,0,0,0,0,0.00000000,0.00000000,0.00000000,0.00000000,0.00000000,0.00000000,0,0,0,4,0,-0.11059787,-0.11059787,-0.00000000,0.00000000,0.00000000,0.00000000,0.00000000,0.00000000,1.00000000,0.00000000,0.00000000,0,-75.99996274,-75.99997051,0.00000000,0.00000000,0.00000000,0.00000000,0.00000000,0.00000000,0,0,0,4,0,-0.10626349,-0.10626349,-0.00000000,0.00000000,0.00000000,0.00000000,0.00000000,0.00000000,1.00000000,0.00000000,0.00000000,0,-269.99993000,55.84069796,0.00000000,0.00000000,0.00000000,0.00000000,0.00000000,0.00000000,0
201821609,1,0,0,0,400,600,400,100,0,1,0,0,1,0,0,0,0,0.00000000,0.00000000,0.00000000,0.00000000,0.00000000,0.00000000,0,0,0,4,0,-0.11059787,-0.11059787,-0.00000000,0.00000000,0.00000000,0.00000000,0.00000000,0.00000000,1.00000000,0.00000000,0.00000000,0,-75.99996274,-75.99997051,0.00000000,0.00000000,0.00000000,0.00000000,0.00000000,0.00000000,0,0,0,4,0,-0.10626349,-0.10626349,-0.00000000,0.00000000,0.00000000,0.00000000,0.00000000,0.00000000,1.00000000,0.00000000,0.00000000,0,-269.99993000,55.84069796,0.00000000,0.00000000,0.00000000,0.00000000,0.00000000,0.00000000,0
201821687,1,0,0,0,400,600,400,100,0,1,0,0,1,0,0,0,0,0.00000000,0.00000000,0.00000000,0.00000000,0.00000000,0.00000000,0,0,0,4,0,-0.11059787,-0.11059787,-0.00000000,0.00000000,0.00000000,0.00000000,0.00000000,0.00000000,1.00000000,0.00000000,0.00000000,0,-75.99996274,-75.99997051,0.00000000,0.00000000,0.00000000,0.00000000,0.00000000,0.00000000,0,0,0,4,0,-0.10626349,-0.10626349,-0.00000000,0.00000000,0.00000000,0.00000000,0.00000000,0.00000000,1.00000000,0.00000000,0.00000000,0,-269.99993000,55.84069796,0.00000000,0.00000000,0.00000000,0.00000000,0.00000000,0.00000000,0
201821765,1,0,0,0,400,600,400,100,0,1,0,0,1,0,0,0,0,0.00000000,0.00000000,0.00000000,0.00000000,0.00000000,0.00000000,0,0,0,4,0,-0.11059787,-0.11059787,-0.00000000,0.00000000,0.00000000,0.00000000,0.00000000,0.00000000,1.00000000,0.00000000,0.00000000,0,-75.99996274,-75.99997051,0.00000000,0.00000000,0.00000000,0.00000000,0.00000000,0.00000000,0,0,0,4,0,-0.10626349,-0.10626349,-0.00000000,0.00000000,0.00000000,0.00000000,0.00000000,0.00000000,1.00000000,0.00000000,0.00000000,0,-269.99993000,55.84069796,0.00000000,0.00000000,0.00000000,0.00000000,0.00000000,0.00000000,0
201821843,1,0,0,0,400,600,400,100,0,1,0,0,1,0,0,0,0,0.00000000,0.00000000,0.00000000,0.00000000,0.00000000,0.00000000,0,0,0,4,0,-0.11059787,-0.11059787,-0.00000000,0.00000000,0.00000000,0.00000000,0.00000000,0.00000000,1.00000000,0.00000000,0.00000000,0,-75.99996274,-75.99997051,0.00000000,0.00000000,0.00000000,0.00000000,0.00000000,0.00000000,0,0,0,4,0,-0.10626349,-0.10626349,-0.00000000,0.00000000,0.00000000,0.00000000,0.00000000,0.00000000,1.00000000,0.00000000,0.00000000,0,-269.99993000,55.84069796,0.00000000,0.00000000,0.00000000,0.00000000,0.00000000,0.00000000,0
201821921,1,0,0,0,400,600,400,100,0,1,0,0,1,0,0,0,0,0.00000000,0.00000000,0.00000000,0.00000000,0.00000000,0.00000000,0,0,0,4,0,-0.11059787,-0.11059787,-0.00000000,0.00000000,0.00000000,0.00000000,0.00000000,0.00000000,1.00000000,0.00000000,0.00000000,0,-75.99996274,-75.99997051,0.00000000,0.00000000,0.00000000,0.00000000,0.00000000,0.00000000,0,0,0,4,0,-0.10626349,-0.10626349,-0.00000000,0.00000000,0.00000000,0.00000000,0.00000000,0.00000000,1.00000000,0.00000000,0.00000000,0,-269.99993000,55.84069796,0.00000000,0.00000000,0.00000000,0.00000000,0.00000000,0.00000000,0
201821984,1,0,0,0,400,600,400,100,0,1,0,0,1,0,0,0,0,0.00000000,0.00000000,0.00000000,0.00000000,0.00000000,0.00000000,0,0,0,4,0,-0.11059787,-0.11059787,-0.00000000,0.00000000,0.00000000,0.00000000,0.00000000,0.00000000,1.00000000,0.00000000,0.00000000,0,-75.99996274,-75.99997051,0.00000000,0.00000000,0.00000000,0.00000000,0.00000000,0.00000000,0,0,0,4,0,-0.10626349,-0.10626349,-0.00000000,0.00000000,0.00000000,0.00000000,0.00000000,0.00000000,1.00000000,0.00000000,0.00000000,0,-269.99993000,55.84069796,0.00000000,0.00000000,0.00000000,0.00000000,0.00000000,0.00000000,0
201822062,1,0,0,0,400,600,400,100,0,1,0,0,1,0,0,0,0,0.00000000,0.00000000,0.00000000,0.00000000,0.00000000,0.00000000,0,0,0,4,0,-0.11059787,-0.11059787,-0.00000000,0.00000000,0.00000000,0.00000000,0.00000000,0.00000000,1.00000000,0.00000000,0.00000000,0,-75.99996274,-75.99997051,0.00000000,0.00000000,0.00000000,0.00000000,0.00000000,0.00000000,0,0,0,4,0,-0.10626349,-0.10626349,-0.00000000,0.00000000,0.00000000,0.00000000,0.00000000,0.00000000,1.00000000,0.00000000,0.00000000,0,-269.99993000,55.84069796,0.00000000,0.00000000,0.00000000,0.00000000,0.00000000,0.00000000,0
201822140,1,0,0,0,400,600,400,100,0,1,0,0,1,0,0,0,0,0.00000000,0.00000000,0.00000000,0.00000000,0.00000000,0.00000000,0,0,0,4,0,-0.11059787,-0.11059787,-0.00000000,0.00000000,0.00000000,0.00000000,0.00000000,0.00000000,1.00000000,0.00000000,0.00000000,0,-75.99996274,-75.99997051,0.00000000,0.00000000,0.00000000,0.00000000,0.00000000,0.00000000,0,0,0,4,0,-0.10626349,-0.10626349,-0.00000000,0.00000000,0.00000000,0.00000000,0.00000000,0.00000000,1.00000000,0.00000000,0.00000000,0,-269.99993000,55.84069796,0.00000000,0.00000000,0.00000000,0.00000000,0.00000000,0.00000000,0
