tick_ms,session_id,guidewire_mode,axis1_phase,axis6_phase,cyl1_cmd,cyl2_cmd,cyl3_cmd,cyl4_cmd,compensation_enabled,force_sample_valid,calibration_zeroed,freeze_active,plc_hold_active,ads_return_fault,spacing_recovery_active,force_transition_active,manual_cylinder_override,fn_1_raw_v,ft_1_raw_v,fn_1_zero_v,ft_1_zero_v,calibrated_force_n,calibrated_torque_nm,logger_dropped,axis1_segment_active,axis1_grip_assumed,axis1_invalid_reason,axis1_segment_id,axis1_handle_raw,axis1_handle_filtered,axis1_raw_mapping_increment_axis_mm,axis1_nominal_forward_increment_mm,axis1_compensated_requested_forward_increment_mm,axis1_effective_forward_increment_mm,axis1_handover_forward_increment_mm,axis1_session_handover_forward_mm,axis1_compensation_gain,axis1_p_term,axis1_i_term,axis1_integral_limited,axis1_refer_rel_mm,axis1_actual_rel_mm,axis1_actual_forward_delta_mm,axis1_segment_master_forward_mm,axis1_segment_actual_forward_mm,axis1_session_master_forward_mm,axis1_session_actual_forward_mm,axis1_tracking_error_mm,axis1_tracking_error_limited,axis6_segment_active,axis6_grip_assumed,axis6_invalid_reason,axis6_segment_id,axis6_handle_raw,axis6_handle_filtered,axis6_raw_mapping_increment_axis_mm,axis6_nominal_forward_increment_mm,axis6_compensated_requested_forward_increment_mm,axis6_effective_forward_increment_mm,axis6_handover_forward_increment_mm,axis6_session_handover_forward_mm,axis6_compensation_gain,axis6_p_term,axis6_i_term,axis6_integral_limited,axis6_refer_rel_mm,axis6_actual_rel_mm,axis6_actual_forward_delta_mm,axis6_segment_master_forward_mm,axis6_segment_actual_forward_mm,axis6_session_master_forward_mm,axis6_session_actual_forward_mm,axis6_tracking_error_mm,axis6_tracking_error_limited
196136562,1,0,0,0,400,600,400,100,0,1,0,0,0,0,0,0,0,0.00000000,0.00000000,0.00000000,0.00000000,0.00000000,0.00000000,0,0,0,3,0,0.00000000,0.00000000,0.00000000,0.00000000,0.00000000,0.00000000,0.00000000,0.00000000,1.00000000,0.00000000,0.00000000,0,0.00000000,0.00000000,0.00000000,0.00000000,0.00000000,0.00000000,0.00000000,0.00000000,0,0,0,3,0,0.00000000,0.00000000,0.00000000,0.00000000,0.00000000,0.00000000,0.00000000,0.00000000,1.00000000,0.00000000,0.00000000,0,0.00000000,0.00000000,0.00000000,0.00000000,0.00000000,0.00000000,0.00000000,0.00000000,0
196136625,1,0,0,0,400,600,400,100,0,1,0,0,0,0,0,0,0,0.00000000,0.00000000,0.00000000,0.00000000,0.00000000,0.00000000,0,0,0,3,0,0.00000000,0.00000000,0.00000000,0.00000000,0.00000000,0.00000000,0.00000000,0.00000000,1.00000000,0.00000000,0.00000000,0,0.00000000,0.00000000,0.00000000,0.00000000,0.00000000,0.00000000,0.00000000,0.00000000,0,0,0,3,0,0.00000000,0.00000000,0.00000000,0.00000000,0.00000000,0.00000000,0.00000000,0.00000000,1.00000000,0.00000000,0.00000000,0,0.00000000,0.00000000,0.00000000,0.00000000,0.00000000,0.00000000,0.00000000,0.00000000,0
196136687,1,0,0,0,400,600,400,100,0,1,0,0,0,0,0,0,0,0.00000000,0.00000000,0.00000000,0.00000000,0.00000000,0.00000000,0,0,0,3,0,0.00000000,0.00000000,0.00000000,0.00000000,0.00000000,0.00000000,0.00000000,0.00000000,1.00000000,0.00000000,0.00000000,0,0.00000000,0.00000000,0.00000000,0.00000000,0.00000000,0.00000000,0.00000000,0.00000000,0,0,0,3,0,0.00000000,0.00000000,0.00000000,0.00000000,0.00000000,0.00000000,0.00000000,0.00000000,1.00000000,0.00000000,0.00000000,0,0.00000000,0.00000000,0.00000000,0.00000000,0.00000000,0.00000000,0.00000000,0.00000000,0
196136750,1,0,0,0,400,600,400,100,0,1,0,0,1,0,0,0,0,0.00000000,0.00000000,0.00000000,0.00000000,0.00000000,0.00000000,0,0,0,6,0,0.00000000,0.00000000,0.00000000,0.00000000,0.00000000,0.00000000,0.00000000,0.00000000,1.00000000,0.00000000,0.00000000,0,0.00000000,0.00000000,0.00000000,0.00000000,0.00000000,0.00000000,0.00000000,0.00000000,0,0,0,6,0,0.00000000,0.00000000,0.00000000,0.00000000,0.00000000,0.00000000,0.00000000,0.00000000,1.00000000,0.00000000,0.00000000,0,0.00000000,0.00000000,0.00000000,0.00000000,0.00000000,0.00000000,0.00000000,0.00000000,0
196136812,1,0,0,0,400,600,400,100,0,1,0,0,1,0,0,0,0,0.00000000,0.00000000,0.00000000,0.00000000,0.00000000,0.00000000,0,0,0,6,0,0.00000000,0.00000000,0.00000000,0.00000000,0.00000000,0.00000000,0.00000000,0.00000000,1.00000000,0.00000000,0.00000000,0,0.00000000,0.00000000,0.00000000,0.00000000,0.00000000,0.00000000,0.00000000,0.00000000,0,0,0,6,0,0.00000000,0.00000000,0.00000000,0.00000000,0.00000000,0.00000000,0.00000000,0.00000000,1.00000000,0.00000000,0.00000000,0,0.00000000,0.00000000,0.00000000,0.00000000,0.00000000,0.00000000,0.00000000,0.00000000,0
196136875,1,0,0,0,400,600,400,100,0,1,0,0,1,0,0,0,0,0.00000000,0.00000000,0.00000000,0.00000000,0.00000000,0.00000000,0,0,0,6,0,0.00000000,0.00000000,0.00000000,0.00000000,0.00000000,0.00000000,0.00000000,0.00000000,1.00000000,0.00000000,0.00000000,0,0.00000000,0.00000000,0.00000000,0.00000000,0.00000000,0.00000000,0.00000000,0.00000000,0,0,0,6,0,0.00000000,0.00000000,0.00000000,0.00000000,0.00000000,0.00000000,0.00000000,0.00000000,1.00000000,0.00000000,0.00000000,0,0.00000000,0.00000000,0.00000000,0.00000000,0.00000000,0.00000000,0.00000000,0.00000000,0
196136937,1,0,0,0,400,600,400,100,0,1,0,0,1,0,0,0,0,0.00000000,0.00000000,0.00000000,0.00000000,0.00000000,0.00000000,0,0,0,6,0,0.00000000,0.00000000,0.00000000,0.00000000,0.00000000,0.00000000,0.00000000,0.00000000,1.00000000,0.00000000,0.00000000,0,0.00000000,0.00000000,0.00000000,0.00000000,0.00000000,0.00000000,0.00000000,0.00000000,0,0,0,6,0,0.00000000,0.00000000,0.00000000,0.00000000,0.00000000,0.00000000,0.00000000,0.00000000,1.00000000,0.00000000,0.00000000,0,0.00000000,0.00000000,0.00000000,0.00000000,0.00000000,0.00000000,0.00000000,0.00000000,0
196137000,1,0,0,0,400,600,400,100,0,1,0,0,1,0,0,0,0,0.00000000,0.00000000,0.00000000,0.00000000,0.00000000,0.00000000,0,0,0,6,0,0.00000000,0.00000000,0.00000000,0.00000000,0.00000000,0.00000000,0.00000000,0.00000000,1.00000000,0.00000000,0.00000000,0,0.00000000,0.00000000,0.00000000,0.00000000,0.00000000,0.00000000,0.00000000,0.00000000,0,0,0,6,0,0.00000000,0.00000000,0.00000000,0.00000000,0.00000000,0.00000000,0.00000000,0.00000000,1.00000000,0.00000000,0.00000000,0,0.00000000,0.00000000,0.00000000,0.00000000,0.00000000,0.00000000,0.00000000,0.00000000,0
196137062,1,0,0,0,400,600,400,100,0,1,0,0,1,0,0,0,0,0.00000000,0.00000000,0.00000000,0.00000000,0.00000000,0.00000000,0,0,0,6,0,0.00000000,0.00000000,0.00000000,0.00000000,0.00000000,0.00000000,0.00000000,0.00000000,1.00000000,0.00000000,0.00000000,0,0.00000000,0.00000000,0.00000000,0.00000000,0.00000000,0.00000000,0.00000000,0.00000000,0,0,0,6,0,0.00000000,0.00000000,0.00000000,0.00000000,0.00000000,0.00000000,0.00000000,0.00000000,1.00000000,0.00000000,0.00000000,0,0.00000000,0.00000000,0.00000000,0.00000000,0.00000000,0.00000000,0.00000000,0.00000000,0
196137125,1,0,0,0,400,600,400,100,0,1,0,0,1,0,0,0,0,0.00000000,0.00000000,0.00000000,0.00000000,0.00000000,0.00000000,0,0,0,6,0,0.00000000,0.00000000,0.00000000,0.00000000,0.00000000,0.00000000,0.00000000,0.00000000,1.00000000,0.00000000,0.00000000,0,0.00000000,0.00000000,0.00000000,0.00000000,0.00000000,0.00000000,0.00000000,0.00000000,0,0,0,6,0,0.00000000,0.00000000,0.00000000,0.00000000,0.00000000,0.00000000,0.00000000,0.00000000,1.00000000,0.00000000,0.00000000,0,0.00000000,0.00000000,0.00000000,0.00000000,0.00000000,0.00000000,0.00000000,0.00000000,0
196137187,1,0,0,0,400,600,400,100,0,1,0,0,1,0,0,0,0,0.00000000,0.00000000,0.00000000,0.00000000,0.00000000,0.00000000,0,0,0,6,0,0.00000000,0.00000000,0.00000000,0.00000000,0.00000000,0.00000000,0.00000000,0.00000000,1.00000000,0.00000000,0.00000000,0,0.00000000,0.00000000,0.00000000,0.00000000,0.00000000,0.00000000,0.00000000,0.00000000,0,0,0,6,0,0.00000000,0.00000000,0.00000000,0.00000000,0.00000000,0.00000000,0.00000000,0.00000000,1.00000000,0.00000000,0.00000000,0,0.00000000,0.00000000,0.00000000,0.00000000,0.00000000,0.00000000,0.00000000,0.00000000,0
196137250,1,0,0,0,400,600,400,100,0,1,0,0,1,0,0,0,0,0.00000000,0.00000000,0.00000000,0.00000000,0.00000000,0.00000000,0,0,0,6,0,0.00000000,0.00000000,0.00000000,0.00000000,0.00000000,0.00000000,0.00000000,0.00000000,1.00000000,0.00000000,0.00000000,0,0.00000000,0.00000000,0.00000000,0.00000000,0.00000000,0.00000000,0.00000000,0.00000000,0,0,0,6,0,0.00000000,0.00000000,0.00000000,0.00000000,0.00000000,0.00000000,0.00000000,0.00000000,1.00000000,0.00000000,0.00000000,0,0.00000000,0.00000000,0.00000000,0.00000000,0.00000000,0.00000000,0.00000000,0.00000000,0
196137312,1,0,0,0,400,600,400,100,0,1,0,0,1,0,0,0,0,0.00000000,0.00000000,0.00000000,0.00000000,0.00000000,0.00000000,0,0,0,6,0,0.00000000,0.00000000,0.00000000,0.00000000,0.00000000,0.00000000,0.00000000,0.00000000,1.00000000,0.00000000,0.00000000,0,0.00000000,0.00000000,0.00000000,0.00000000,0.00000000,0.00000000,0.00000000,0.00000000,0,0,0,6,0,0.00000000,0.00000000,0.00000000,0.00000000,0.00000000,0.00000000,0.00000000,0.00000000,1.00000000,0.00000000,0.00000000,0,0.00000000,0.00000000,0.00000000,0.00000000,0.00000000,0.00000000,0.00000000,0.00000000,0
196137390,1,0,0,0,400,600,400,100,0,1,0,0,1,0,0,0,0,0.00000000,0.00000000,0.00000000,0.00000000,0.00000000,0.00000000,0,0,0,6,0,0.00000000,0.00000000,0.00000000,0.00000000,0.00000000,0.00000000,0.00000000,0.00000000,1.00000000,0.00000000,0.00000000,0,0.00000000,0.00000000,0.00000000,0.00000000,0.00000000,0.00000000,0.00000000,0.00000000,0,0,0,6,0,0.00000000,0.00000000,0.00000000,0.00000000,0.00000000,0.00000000,0.00000000,0.00000000,1.00000000,0.00000000,0.00000000,0,0.00000000,0.00000000,0.00000000,0.00000000,0.00000000,0.00000000,0.00000000,0.00000000,0
196137453,1,0,0,0,400,600,400,100,0,1,0,0,1,0,0,0,0,0.00000000,0.00000000,0.00000000,0.00000000,0.00000000,0.00000000,0,0,0,6,0,0.00000000,0.00000000,0.00000000,0.00000000,0.00000000,0.00000000,0.00000000,0.00000000,1.00000000,0.00000000,0.00000000,0,0.00000000,0.00000000,0.00000000,0.00000000,0.00000000,0.00000000,0.00000000,0.00000000,0,0,0,6,0,0.00000000,0.00000000,0.00000000,0.00000000,0.00000000,0.00000000,0.00000000,0.00000000,1.00000000,0.00000000,0.00000000,0,0.00000000,0.00000000,0.00000000,0.00000000,0.00000000,0.00000000,0.00000000,0.00000000,0
196137515,1,0,0,0,400,600,400,100,0,1,0,0,1,0,0,0,0,0.00000000,0.00000000,0.00000000,0.00000000,0.00000000,0.00000000,0,0,0,6,0,0.00000000,0.00000000,0.00000000,0.00000000,0.00000000,0.00000000,0.00000000,0.00000000,1.00000000,0.00000000,0.00000000,0,0.00000000,0.00000000,0.00000000,0.00000000,0.00000000,0.00000000,0.00000000,0.00000000,0,0,0,6,0,0.00000000,0.00000000,0.00000000,0.00000000,0.00000000,0.00000000,0.00000000,0.00000000,1.00000000,0.00000000,0.00000000,0,0.00000000,0.00000000,0.00000000,0.00000000,0.00000000,0.00000000,0.00000000,0.00000000,0
196137593,1,0,0,0,400,600,400,100,0,1,0,0,1,0,0,0,0,0.00000000,0.00000000,0.00000000,0.00000000,0.00000000,0.00000000,0,0,0,6,0,0.00000000,0.00000000,0.00000000,0.00000000,0.00000000,0.00000000,0.00000000,0.00000000,1.00000000,0.00000000,0.00000000,0,0.00000000,0.00000000,0.00000000,0.00000000,0.00000000,0.00000000,0.00000000,0.00000000,0,0,0,6,0,0.00000000,0.00000000,0.00000000,0.00000000,0.00000000,0.00000000,0.00000000,0.00000000,1.00000000,0.00000000,0.00000000,0,0.00000000,0.00000000,0.00000000,0.00000000,0.00000000,0.00000000,0.00000000,0.00000000,0
196137656,1,0,0,0,400,600,400,100,0,1,0,0,1,0,0,0,0,0.00000000,0.00000000,0.00000000,0.00000000,0.00000000,0.00000000,0,0,0,6,0,0.00000000,0.00000000,0.00000000,0.00000000,0.00000000,0.00000000,0.00000000,0.00000000,1.00000000,0.00000000,0.00000000,0,0.00000000,0.00000000,0.00000000,0.00000000,0.00000000,0.00000000,0.00000000,0.00000000,0,0,0,6,0,0.00000000,0.00000000,0.00000000,0.00000000,0.00000000,0.00000000,0.00000000,0.00000000,1.00000000,0.00000000,0.00000000,0,0.00000000,0.00000000,0.00000000,0.00000000,0.00000000,0.00000000,0.00000000,0.00000000,0
196137718,1,0,0,0,400,600,400,100,0,1,0,0,1,0,0,0,0,0.00000000,0.00000000,0.00000000,0.00000000,0.00000000,0.00000000,0,0,0,6,0,0.00000000,0.00000000,0.00000000,0.00000000,0.00000000,0.00000000,0.00000000,0.00000000,1.00000000,0.00000000,0.00000000,0,0.00000000,0.00000000,0.00000000,0.00000000,0.00000000,0.00000000,0.00000000,0.00000000,0,0,0,6,0,0.00000000,0.00000000,0.00000000,0.00000000,0.00000000,0.00000000,0.00000000,0.00000000,1.00000000,0.00000000,0.00000000,0,0.00000000,0.00000000,0.00000000,0.00000000,0.00000000,0.00000000,0.00000000,0.00000000,0
196137781,1,0,0,0,400,600,400,100,0,1,0,0,1,0,0,0,0,0.00000000,0.00000000,0.00000000,0.00000000,0.00000000,0.00000000,0,0,0,6,0,0.00000000,0.00000000,0.00000000,0.00000000,0.00000000,0.00000000,0.00000000,0.00000000,1.00000000,0.00000000,0.00000000,0,0.00000000,0.00000000,0.00000000,0.00000000,0.00000000,0.00000000,0.00000000,0.00000000,0,0,0,6,0,0.00000000,0.00000000,0.00000000,0.00000000,0.00000000,0.00000000,0.00000000,0.00000000,1.00000000,0.00000000,0.00000000,0,0.00000000,0.00000000,0.00000000,0.00000000,0.00000000,0.00000000,0.00000000,0.00000000,0
196137843,1,0,0,0,400,600,400,100,0,1,0,0,1,0,0,0,0,0.00000000,0.00000000,0.00000000,0.00000000,0.00000000,0.00000000,0,0,0,6,0,0.00000000,0.00000000,0.00000000,0.00000000,0.00000000,0.00000000,0.00000000,0.00000000,1.00000000,0.00000000,0.00000000,0,0.00000000,0.00000000,0.00000000,0.00000000,0.00000000,0.00000000,0.00000000,0.00000000,0,0,0,6,0,0.00000000,0.00000000,0.00000000,0.00000000,0.00000000,0.00000000,0.00000000,0.00000000,1.00000000,0.00000000,0.00000000,0,0.00000000,0.00000000,0.00000000,0.00000000,0.00000000,0.00000000,0.00000000,0.00000000,0
196137906,1,0,0,0,400,600,400,100,0,1,0,0,1,0,0,0,0,0.00000000,0.00000000,0.00000000,0.00000000,0.00000000,0.00000000,0,0,0,6,0,0.00000000,0.00000000,0.00000000,0.00000000,0.00000000,0.00000000,0.00000000,0.00000000,1.00000000,0.00000000,0.00000000,0,0.00000000,0.00000000,0.00000000,0.00000000,0.00000000,0.00000000,0.00000000,0.00000000,0,0,0,6,0,0.00000000,0.00000000,0.00000000,0.00000000,0.00000000,0.00000000,0.00000000,0.00000000,1.00000000,0.00000000,0.00000000,0,0.00000000,0.00000000,0.00000000,0.00000000,0.00000000,0.00000000,0.00000000,0.00000000,0
196137968,1,0,0,0,400,600,400,100,0,1,0,0,1,0,0,0,0,0.00000000,0.00000000,0.00000000,0.00000000,0.00000000,0.00000000,0,0,0,6,0,0.00000000,0.00000000,0.00000000,0.00000000,0.00000000,0.00000000,0.00000000,0.00000000,1.00000000,0.00000000,0.00000000,0,0.00000000,0.00000000,0.00000000,0.00000000,0.00000000,0.00000000,0.00000000,0.00000000,0,0,0,6,0,0.00000000,0.00000000,0.00000000,0.00000000,0.00000000,0.00000000,0.00000000,0.00000000,1.00000000,0.00000000,0.00000000,0,0.00000000,0.00000000,0.00000000,0.00000000,0.00000000,0.00000000,0.00000000,0.00000000,0
196138031,1,0,0,0,400,600,400,100,0,1,0,0,1,0,0,0,0,0.00000000,0.00000000,0.00000000,0.00000000,0.00000000,0.00000000,0,0,0,6,0,0.00000000,0.00000000,0.00000000,0.00000000,0.00000000,0.00000000,0.00000000,0.00000000,1.00000000,0.00000000,0.00000000,0,0.00000000,0.00000000,0.00000000,0.00000000,0.00000000,0.00000000,0.00000000,0.00000000,0,0,0,6,0,0.00000000,0.00000000,0.00000000,0.00000000,0.00000000,0.00000000,0.00000000,0.00000000,1.00000000,0.00000000,0.00000000,0,0.00000000,0.00000000,0.00000000,0.00000000,0.00000000,0.00000000,0.00000000,0.00000000,0
196138093,1,0,0,0,400,600,400,100,0,1,0,0,1,0,0,0,0,0.00000000,0.00000000,0.00000000,0.00000000,0.00000000,0.00000000,0,0,0,6,0,0.00000000,0.00000000,0.00000000,0.00000000,0.00000000,0.00000000,0.00000000,0.00000000,1.00000000,0.00000000,0.00000000,0,0.00000000,0.00000000,0.00000000,0.00000000,0.00000000,0.00000000,0.00000000,0.00000000,0,0,0,6,0,0.00000000,0.00000000,0.00000000,0.00000000,0.00000000,0.00000000,0.00000000,0.00000000,1.00000000,0.00000000,0.00000000,0,0.00000000,0.00000000,0.00000000,0.00000000,0.00000000,0.00000000,0.00000000,0.00000000,0
196138156,1,0,0,0,400,600,400,100,0,1,0,0,1,0,0,0,0,0.00000000,0.00000000,0.00000000,0.00000000,0.00000000,0.00000000,0,0,0,6,0,0.00000000,0.00000000,0.00000000,0.00000000,0.00000000,0.00000000,0.00000000,0.00000000,1.00000000,0.00000000,0.00000000,0,0.00000000,0.00000000,0.00000000,0.00000000,0.00000000,0.00000000,0.00000000,0.00000000,0,0,0,6,0,0.00000000,0.00000000,0.00000000,0.00000000,0.00000000,0.00000000,0.00000000,0.00000000,1.00000000,0.00000000,0.00000000,0,0.00000000,0.00000000,0.00000000,0.00000000,0.00000000,0.00000000,0.00000000,0.00000000,0
196138250,1,0,0,0,400,600,400,100,0,1,0,0,1,0,0,0,0,0.00000000,0.00000000,0.00000000,0.00000000,0.00000000,0.00000000,0,0,0,6,0,0.00000000,0.00000000,0.00000000,0.00000000,0.00000000,0.00000000,0.00000000,0.00000000,1.00000000,0.00000000,0.00000000,0,0.00000000,0.00000000,0.00000000,0.00000000,0.00000000,0.00000000,0.00000000,0.00000000,0,0,0,6,0,0.00000000,0.00000000,0.00000000,0.00000000,0.00000000,0.00000000,0.00000000,0.00000000,1.00000000,0.00000000,0.00000000,0,0.00000000,0.00000000,0.00000000,0.00000000,0.00000000,0.00000000,0.00000000,0.00000000,0
196138328,1,0,0,0,400,600,400,100,0,1,0,0,1,0,0,0,0,0.00000000,0.00000000,0.00000000,0.00000000,0.00000000,0.00000000,0,0,0,6,0,0.00000000,0.00000000,0.00000000,0.00000000,0.00000000,0.00000000,0.00000000,0.00000000,1.00000000,0.00000000,0.00000000,0,0.00000000,0.00000000,0.00000000,0.00000000,0.00000000,0.00000000,0.00000000,0.00000000,0,0,0,6,0,0.00000000,0.00000000,0.00000000,0.00000000,0.00000000,0.00000000,0.00000000,0.00000000,1.00000000,0.00000000,0.00000000,0,0.00000000,0.00000000,0.00000000,0.00000000,0.00000000,0.00000000,0.00000000,0.00000000,0
196138406,1,0,0,0,400,600,400,100,0,1,0,0,1,0,0,0,0,0.00000000,0.00000000,0.00000000,0.00000000,0.00000000,0.00000000,0,0,0,6,0,0.00000000,0.00000000,0.00000000,0.00000000,0.00000000,0.00000000,0.00000000,0.00000000,1.00000000,0.00000000,0.00000000,0,0.00000000,0.00000000,0.00000000,0.00000000,0.00000000,0.00000000,0.00000000,0.00000000,0,0,0,6,0,0.00000000,0.00000000,0.00000000,0.00000000,0.00000000,0.00000000,0.00000000,0.00000000,1.00000000,0.00000000,0.00000000,0,0.00000000,0.00000000,0.00000000,0.00000000,0.00000000,0.00000000,0.00000000,0.00000000,0
196138468,1,0,0,0,400,600,400,100,0,1,0,0,1,0,0,0,0,0.00000000,0.00000000,0.00000000,0.00000000,0.00000000,0.00000000,0,0,0,6,0,0.00000000,0.00000000,0.00000000,0.00000000,0.00000000,0.00000000,0.00000000,0.00000000,1.00000000,0.00000000,0.00000000,0,0.00000000,0.00000000,0.00000000,0.00000000,0.00000000,0.00000000,0.00000000,0.00000000,0,0,0,6,0,0.00000000,0.00000000,0.00000000,0.00000000,0.00000000,0.00000000,0.00000000,0.00000000,1.00000000,0.00000000,0.00000000,0,0.00000000,0.00000000,0.00000000,0.00000000,0.00000000,0.00000000,0.00000000,0.00000000,0
196138531,1,0,0,0,400,600,400,100,0,1,0,0,1,0,0,0,0,0.00000000,0.00000000,0.00000000,0.00000000,0.00000000,0.00000000,0,0,0,6,0,0.00000000,0.00000000,0.00000000,0.00000000,0.00000000,0.00000000,0.00000000,0.00000000,1.00000000,0.00000000,0.00000000,0,0.00000000,0.00000000,0.00000000,0.00000000,0.00000000,0.00000000,0.00000000,0.00000000,0,0,0,6,0,0.00000000,0.00000000,0.00000000,0.00000000,0.00000000,0.00000000,0.00000000,0.00000000,1.00000000,0.00000000,0.00000000,0,0.00000000,0.00000000,0.00000000,0.00000000,0.00000000,0.00000000,0.00000000,0.00000000,0
196138593,1,0,0,0,400,600,400,100,0,1,0,0,1,0,0,0,0,0.00000000,0.00000000,0.00000000,0.00000000,0.00000000,0.00000000,0,0,0,6,0,0.00000000,0.00000000,0.00000000,0.00000000,0.00000000,0.00000000,0.00000000,0.00000000,1.00000000,0.00000000,0.00000000,0,0.00000000,0.00000000,0.00000000,0.00000000,0.00000000,0.00000000,0.00000000,0.00000000,0,0,0,6,0,0.00000000,0.00000000,0.00000000,0.00000000,0.00000000,0.00000000,0.00000000,0.00000000,1.00000000,0.00000000,0.00000000,0,0.00000000,0.00000000,0.00000000,0.00000000,0.00000000,0.00000000,0.00000000,0.00000000,0
196138656,1,0,0,0,400,600,400,100,0,1,0,0,1,0,0,0,0,0.00000000,0.00000000,0.00000000,0.00000000,0.00000000,0.00000000,0,0,0,6,0,0.00000000,0.00000000,0.00000000,0.00000000,0.00000000,0.00000000,0.00000000,0.00000000,1.00000000,0.00000000,0.00000000,0,0.00000000,0.00000000,0.00000000,0.00000000,0.00000000,0.00000000,0.00000000,0.00000000,0,0,0,6,0,0.00000000,0.00000000,0.00000000,0.00000000,0.00000000,0.00000000,0.00000000,0.00000000,1.00000000,0.00000000,0.00000000,0,0.00000000,0.00000000,0.00000000,0.00000000,0.00000000,0.00000000,0.00000000,0.00000000,0
196138734,1,0,0,0,400,600,400,100,0,1,0,0,0,0,0,0,0,0.00000000,0.00000000,0.00000000,0.00000000,0.00000000,0.00000000,0,0,0,3,0,0.00000000,0.00000000,0.00000000,0.00000000,0.00000000,0.00000000,0.00000000,0.00000000,1.00000000,0.00000000,0.00000000,0,0.00000000,0.00000000,0.00000000,0.00000000,0.00000000,0.00000000,0.00000000,0.00000000,0,0,0,3,0,0.00000000,0.00000000,0.00000000,0.00000000,0.00000000,0.00000000,0.00000000,0.00000000,1.00000000,0.00000000,0.00000000,0,0.00000000,0.00000000,0.00000000,0.00000000,0.00000000,0.00000000,0.00000000,0.00000000,0
196138796,1,0,0,0,400,600,400,100,0,1,0,0,0,0,0,0,0,0.00000000,0.00000000,0.00000000,0.00000000,0.00000000,0.00000000,0,0,0,3,0,0.00000000,0.00000000,0.00000000,0.00000000,0.00000000,0.00000000,0.00000000,0.00000000,1.00000000,0.00000000,0.00000000,0,0.00000000,0.00000000,0.00000000,0.00000000,0.00000000,0.00000000,0.00000000,0.00000000,0,0,0,3,0,0.00000000,0.00000000,0.00000000,0.00000000,0.00000000,0.00000000,0.00000000,0.00000000,1.00000000,0.00000000,0.00000000,0,0.00000000,0.00000000,0.00000000,0.00000000,0.00000000,0.00000000,0.00000000,0.00000000,0
196138859,1,0,0,0,400,600,400,100,0,1,0,0,0,0,0,0,0,0.00000000,0.00000000,0.00000000,0.00000000,0.00000000,0.00000000,0,0,0,3,0,0.00000000,0.00000000,0.00000000,0.00000000,0.00000000,0.00000000,0.00000000,0.00000000,1.00000000,0.00000000,0.00000000,0,0.00000000,0.00000000,0.00000000,0.00000000,0.00000000,0.00000000,0.00000000,0.00000000,0,0,0,3,0,0.00000000,0.00000000,0.00000000,0.00000000,0.00000000,0.00000000,0.00000000,0.00000000,1.00000000,0.00000000,0.00000000,0,0.00000000,0.00000000,0.00000000,0.00000000,0.00000000,0.00000000,0.00000000,0.00000000,0
196138921,1,0,0,0,400,600,400,100,0,1,0,0,0,0,0,0,0,0.00000000,0.00000000,0.00000000,0.00000000,0.00000000,0.00000000,0,0,0,3,0,0.00000000,0.00000000,0.00000000,0.00000000,0.00000000,0.00000000,0.00000000,0.00000000,1.00000000,0.00000000,0.00000000,0,0.00000000,0.00000000,0.00000000,0.00000000,0.00000000,0.00000000,0.00000000,0.00000000,0,0,0,3,0,0.00000000,0.00000000,0.00000000,0.00000000,0.00000000,0.00000000,0.00000000,0.00000000,1.00000000,0.00000000,0.00000000,0,0.00000000,0.00000000,0.00000000,0.00000000,0.00000000,0.00000000,0.00000000,0.00000000,0
196138984,1,0,0,0,400,600,400,100,0,1,0,0,0,0,0,0,0,0.00000000,0.00000000,0.00000000,0.00000000,0.00000000,0.00000000,0,0,0,3,0,0.00000000,0.00000000,0.00000000,0.00000000,0.00000000,0.00000000,0.00000000,0.00000000,1.00000000,0.00000000,0.00000000,0,0.00000000,0.00000000,0.00000000,0.00000000,0.00000000,0.00000000,0.00000000,0.00000000,0,0,0,3,0,0.00000000,0.00000000,0.00000000,0.00000000,0.00000000,0.00000000,0.00000000,0.00000000,1.00000000,0.00000000,0.00000000,0,0.00000000,0.00000000,0.00000000,0.00000000,0.00000000,0.00000000,0.00000000,0.00000000,0
196139046,1,0,0,0,400,600,400,100,0,1,0,0,0,0,0,0,0,0.00000000,0.00000000,0.00000000,0.00000000,0.00000000,0.00000000,0,0,0,3,0,0.00000000,0.00000000,0.00000000,0.00000000,0.00000000,0.00000000,0.00000000,0.00000000,1.00000000,0.00000000,0.00000000,0,0.00000000,0.00000000,0.00000000,0.00000000,0.00000000,0.00000000,0.00000000,0.00000000,0,0,0,3,0,0.00000000,0.00000000,0.00000000,0.00000000,0.00000000,0.00000000,0.00000000,0.00000000,1.00000000,0.00000000,0.00000000,0,0.00000000,0.00000000,0.00000000,0.00000000,0.00000000,0.00000000,0.00000000,0.00000000,0
196139109,1,0,0,0,400,600,400,100,0,1,0,0,0,0,0,0,0,0.00000000,0.00000000,0.00000000,0.00000000,0.00000000,0.00000000,0,0,0,3,0,0.00000000,0.00000000,0.00000000,0.00000000,0.00000000,0.00000000,0.00000000,0.00000000,1.00000000,0.00000000,0.00000000,0,0.00000000,0.00000000,0.00000000,0.00000000,0.00000000,0.00000000,0.00000000,0.00000000,0,0,0,3,0,0.00000000,0.00000000,0.00000000,0.00000000,0.00000000,0.00000000,0.00000000,0.00000000,1.00000000,0.00000000,0.00000000,0,0.00000000,0.00000000,0.00000000,0.00000000,0.00000000,0.00000000,0.00000000,0.00000000,0
196139171,1,0,0,0,400,600,400,100,0,1,0,0,0,0,0,0,0,0.00000000,0.00000000,0.00000000,0.00000000,0.00000000,0.00000000,0,0,0,3,0,0.00000000,0.00000000,0.00000000,0.00000000,0.00000000,0.00000000,0.00000000,0.00000000,1.00000000,0.00000000,0.00000000,0,0.00000000,0.00000000,0.00000000,0.00000000,0.00000000,0.00000000,0.00000000,0.00000000,0,0,0,3,0,0.00000000,0.00000000,0.00000000,0.00000000,0.00000000,0.00000000,0.00000000,0.00000000,1.00000000,0.00000000,0.00000000,0,0.00000000,0.00000000,0.00000000,0.00000000,0.00000000,0.00000000,0.00000000,0.00000000,0
196139250,1,0,0,0,400,600,400,100,0,1,0,0,0,0,0,0,0,0.00000000,0.00000000,0.00000000,0.00000000,0.00000000,0.00000000,0,0,0,3,0,0.00000000,0.00000000,0.00000000,0.00000000,0.00000000,0.00000000,0.00000000,0.00000000,1.00000000,0.00000000,0.00000000,0,0.00000000,0.00000000,0.00000000,0.00000000,0.00000000,0.00000000,0.00000000,0.00000000,0,0,0,3,0,0.00000000,0.00000000,0.00000000,0.00000000,0.00000000,0.00000000,0.00000000,0.00000000,1.00000000,0.00000000,0.00000000,0,0.00000000,0.00000000,0.00000000,0.00000000,0.00000000,0.00000000,0.00000000,0.00000000,0
196139312,1,0,0,0,400,600,400,100,0,1,0,0,0,0,0,0,0,0.00000000,0.00000000,0.00000000,0.00000000,0.00000000,0.00000000,0,0,0,3,0,0.00000000,0.00000000,0.00000000,0.00000000,0.00000000,0.00000000,0.00000000,0.00000000,1.00000000,0.00000000,0.00000000,0,0.00000000,0.00000000,0.00000000,0.00000000,0.00000000,0.00000000,0.00000000,0.00000000,0,0,0,3,0,0.00000000,0.00000000,0.00000000,0.00000000,0.00000000,0.00000000,0.00000000,0.00000000,1.00000000,0.00000000,0.00000000,0,0.00000000,0.00000000,0.00000000,0.00000000,0.00000000,0.00000000,0.00000000,0.00000000,0
196139375,1,0,0,0,400,600,400,100,0,1,0,0,0,0,0,0,0,0.00000000,0.00000000,0.00000000,0.00000000,0.00000000,0.00000000,0,0,0,3,0,0.00000000,0.00000000,0.00000000,0.00000000,0.00000000,0.00000000,0.00000000,0.00000000,1.00000000,0.00000000,0.00000000,0,0.00000000,0.00000000,0.00000000,0.00000000,0.00000000,0.00000000,0.00000000,0.00000000,0,0,0,3,0,0.00000000,0.00000000,0.00000000,0.00000000,0.00000000,0.00000000,0.00000000,0.00000000,1.00000000,0.00000000,0.00000000,0,0.00000000,0.00000000,0.00000000,0.00000000,0.00000000,0.00000000,0.00000000,0.00000000,0
196139437,1,0,0,0,400,600,400,100,0,1,0,0,0,0,0,0,0,0.00000000,0.00000000,0.00000000,0.00000000,0.00000000,0.00000000,0,0,0,3,0,0.00000000,0.00000000,0.00000000,0.00000000,0.00000000,0.00000000,0.00000000,0.00000000,1.00000000,0.00000000,0.00000000,0,0.00000000,0.00000000,0.00000000,0.00000000,0.00000000,0.00000000,0.00000000,0.00000000,0,0,0,3,0,0.00000000,0.00000000,0.00000000,0.00000000,0.00000000,0.00000000,0.00000000,0.00000000,1.00000000,0.00000000,0.00000000,0,0.00000000,0.00000000,0.00000000,0.00000000,0.00000000,0.00000000,0.00000000,0.00000000,0
196139500,1,0,0,0,400,600,400,100,0,1,0,0,0,0,0,0,0,0.00000000,0.00000000,0.00000000,0.00000000,0.00000000,0.00000000,0,0,0,3,0,0.00000000,0.00000000,0.00000000,0.00000000,0.00000000,0.00000000,0.00000000,0.00000000,1.00000000,0.00000000,0.00000000,0,0.00000000,0.00000000,0.00000000,0.00000000,0.00000000,0.00000000,0.00000000,0.00000000,0,0,0,3,0,0.00000000,0.00000000,0.00000000,0.00000000,0.00000000,0.00000000,0.00000000,0.00000000,1.00000000,0.00000000,0.00000000,0,0.00000000,0.00000000,0.00000000,0.00000000,0.00000000,0.00000000,0.00000000,0.00000000,0
196139578,1,0,0,0,400,600,400,100,0,1,0,0,0,0,0,0,0,0.00000000,0.00000000,0.00000000,0.00000000,0.00000000,0.00000000,0,0,0,3,0,0.00000000,0.00000000,0.00000000,0.00000000,0.00000000,0.00000000,0.00000000,0.00000000,1.00000000,0.00000000,0.00000000,0,0.00000000,0.00000000,0.00000000,0.00000000,0.00000000,0.00000000,0.00000000,0.00000000,0,0,0,3,0,0.00000000,0.00000000,0.00000000,0.00000000,0.00000000,0.00000000,0.00000000,0.00000000,1.00000000,0.00000000,0.00000000,0,0.00000000,0.00000000,0.00000000,0.00000000,0.00000000,0.00000000,0.00000000,0.00000000,0
196139640,1,0,0,0,400,600,400,100,0,1,0,0,0,0,0,0,0,0.00000000,0.00000000,0.00000000,0.00000000,0.00000000,0.00000000,0,0,0,3,0,0.00000000,0.00000000,0.00000000,0.00000000,0.00000000,0.00000000,0.00000000,0.00000000,1.00000000,0.00000000,0.00000000,0,0.00000000,0.00000000,0.00000000,0.00000000,0.00000000,0.00000000,0.00000000,0.00000000,0,0,0,3,0,0.00000000,0.00000000,0.00000000,0.00000000,0.00000000,0.00000000,0.00000000,0.00000000,1.00000000,0.00000000,0.00000000,0,0.00000000,0.00000000,0.00000000,0.00000000,0.00000000,0.00000000,0.00000000,0.00000000,0
196139703,1,0,0,0,400,600,400,100,0,1,0,0,0,0,0,0,0,0.00000000,0.00000000,0.00000000,0.00000000,0.00000000,0.00000000,0,0,0,3,0,0.00000000,0.00000000,0.00000000,0.00000000,0.00000000,0.00000000,0.00000000,0.00000000,1.00000000,0.00000000,0.00000000,0,0.00000000,0.00000000,0.00000000,0.00000000,0.00000000,0.00000000,0.00000000,0.00000000,0,0,0,3,0,0.00000000,0.00000000,0.00000000,0.00000000,0.00000000,0.00000000,0.00000000,0.00000000,1.00000000,0.00000000,0.00000000,0,0.00000000,0.00000000,0.00000000,0.00000000,0.00000000,0.00000000,0.00000000,0.00000000,0
196139765,1,0,0,0,400,600,400,100,0,1,0,0,0,0,0,0,0,0.00000000,0.00000000,0.00000000,0.00000000,0.00000000,0.00000000,0,0,0,3,0,0.00000000,0.00000000,0.00000000,0.00000000,0.00000000,0.00000000,0.00000000,0.00000000,1.00000000,0.00000000,0.00000000,0,0.00000000,0.00000000,0.00000000,0.00000000,0.00000000,0.00000000,0.00000000,0.00000000,0,0,0,3,0,0.00000000,0.00000000,0.00000000,0.00000000,0.00000000,0.00000000,0.00000000,0.00000000,1.00000000,0.00000000,0.00000000,0,0.00000000,0.00000000,0.00000000,0.00000000,0.00000000,0.00000000,0.00000000,0.00000000,0
196139828,1,0,0,0,400,600,400,100,0,1,0,0,0,0,0,0,0,0.00000000,0.00000000,0.00000000,0.00000000,0.00000000,0.00000000,0,0,0,3,0,0.00000000,0.00000000,0.00000000,0.00000000,0.00000000,0.00000000,0.00000000,0.00000000,1.00000000,0.00000000,0.00000000,0,0.00000000,0.00000000,0.00000000,0.00000000,0.00000000,0.00000000,0.00000000,0.00000000,0,0,0,3,0,0.00000000,0.00000000,0.00000000,0.00000000,0.00000000,0.00000000,0.00000000,0.00000000,1.00000000,0.00000000,0.00000000,0,0.00000000,0.00000000,0.00000000,0.00000000,0.00000000,0.00000000,0.00000000,0.00000000,0
196139890,1,0,0,0,400,600,400,100,0,1,0,0,0,0,0,0,0,0.00000000,0.00000000,0.00000000,0.00000000,0.00000000,0.00000000,0,0,0,3,0,0.00000000,0.00000000,0.00000000,0.00000000,0.00000000,0.00000000,0.00000000,0.00000000,1.00000000,0.00000000,0.00000000,0,0.00000000,0.00000000,0.00000000,0.00000000,0.00000000,0.00000000,0.00000000,0.00000000,0,0,0,3,0,0.00000000,0.00000000,0.00000000,0.00000000,0.00000000,0.00000000,0.00000000,0.00000000,1.00000000,0.00000000,0.00000000,0,0.00000000,0.00000000,0.00000000,0.00000000,0.00000000,0.00000000,0.00000000,0.00000000,0
196140203,1,0,0,0,400,600,400,500,0,1,0,0,0,0,0,0,0,0.00000000,0.00000000,0.00000000,0.00000000,0.00000000,0.00000000,0,0,0,12,0,-0.11399123,-0.11399123,-0.00000000,0.00000000,0.00000000,0.00000000,0.00000000,0.00000000,1.00000000,0.00000000,0.00000000,0,-0.82617935,-0.82617935,0.00000000,0.00000000,0.00000000,0.00000000,0.00000000,0.00000000,0,0,0,2,0,0.00126895,0.00126895,-0.00000000,0.00000000,0.00000000,0.00000000,0.00000000,0.00000000,1.00000000,0.00000000,0.00000000,0,38.38035035,38.38035035,0.00000000,0.00000000,0.00000000,0.00000000,0.00000000,0.00000000,0
196140281,1,0,0,0,400,600,400,500,0,1,0,0,0,0,0,0,0,0.00000000,0.00000000,0.00000000,0.00000000,0.00000000,0.00000000,0,0,0,12,0,-0.11399123,-0.11399123,-0.00000000,0.00000000,0.00000000,0.00000000,0.00000000,0.00000000,1.00000000,0.00000000,0.00000000,0,-0.82617935,-0.82617935,0.00000000,0.00000000,0.00000000,0.00000000,0.00000000,0.00000000,0,0,0,2,0,0.00126895,0.00126895,-0.00000000,0.00000000,0.00000000,0.00000000,0.00000000,0.00000000,1.00000000,0.00000000,0.00000000,0,38.38035035,38.38035035,0.00000000,0.00000000,0.00000000,0.00000000,0.00000000,0.00000000,0
196140359,1,0,0,0,400,600,400,500,0,1,0,0,0,0,0,0,0,0.00000000,0.00000000,0.00000000,0.00000000,0.00000000,0.00000000,0,1,1,0,1,-0.11399123,-0.11399123,-0.00000000,0.00000000,0.00000000,0.00000000,0.00000000,0.00000000,1.00000000,0.00000000,0.00000000,0,-0.82617935,-0.82617935,0.00000000,0.00000000,0.00000000,0.00000000,0.00000000,0.00000000,0,0,0,2,0,0.00126895,0.00126895,-0.00000000,0.00000000,0.00000000,0.00000000,0.00000000,0.00000000,1.00000000,0.00000000,0.00000000,0,38.38035035,38.38035035,0.00000000,0.00000000,0.00000000,0.00000000,0.00000000,0.00000000,0
196140437,1,0,0,0,400,600,400,500,0,1,0,0,0,0,0,0,0,0.00000000,0.00000000,0.00000000,0.00000000,0.00000000,0.00000000,0,1,1,0,1,-0.11399123,-0.11399123,-0.00000000,0.00000000,0.00000000,0.00000000,0.00000000,0.00000000,1.00000000,0.00000000,0.00000000,0,-0.82617935,-0.82617935,0.00000000,0.00000000,0.00000000,0.00000000,0.00000000,0.00000000,0,0,0,2,0,0.00126895,0.00126895,-0.00000000,0.00000000,0.00000000,0.00000000,0.00000000,0.00000000,1.00000000,0.00000000,0.00000000,0,38.38035035,38.38035035,0.00000000,0.00000000,0.00000000,0.00000000,0.00000000,0.00000000,0
196140515,1,0,0,0,400,600,400,500,0,1,0,0,0,0,0,0,0,0.00000000,0.00000000,0.00000000,0.00000000,0.00000000,0.00000000,0,1,1,0,1,-0.11399123,-0.11399123,-0.00000000,0.00000000,0.00000000,0.00000000,0.00000000,0.00000000,1.00000000,0.00000000,0.00000000,0,-0.82617935,-0.82617935,0.00000000,0.00000000,0.00000000,0.00000000,0.00000000,0.00000000,0,0,0,2,0,0.00126895,0.00126895,-0.00000000,0.00000000,0.00000000,0.00000000,0.00000000,0.00000000,1.00000000,0.00000000,0.00000000,0,38.38035035,38.38035035,0.00000000,0.00000000,0.00000000,0.00000000,0.00000000,0.00000000,0
196140593,1,0,0,0,400,600,400,500,0,1,0,0,0,0,0,0,0,0.00000000,0.00000000,0.00000000,0.00000000,0.00000000,0.00000000,0,1,1,0,1,-0.11399123,-0.11399123,-0.00000000,0.00000000,0.00000000,0.00000000,0.00000000,0.00000000,1.00000000,0.00000000,0.00000000,0,-0.82617935,-0.82617935,0.00000000,0.00000000,0.00000000,0.00000000,0.00000000,0.00000000,0,0,0,2,0,0.00126895,0.00126895,-0.00000000,0.00000000,0.00000000,0.00000000,0.00000000,0.00000000,1.00000000,0.00000000,0.00000000,0,38.38035035,38.38035035,0.00000000,0.00000000,0.00000000,0.00000000,0.00000000,0.00000000,0
196140671,1,0,0,0,400,600,400,500,0,1,0,0,0,0,0,0,0,0.00000000,0.00000000,0.00000000,0.00000000,0.00000000,0.00000000,0,1,1,0,1,-0.11399123,-0.11399123,-0.00000000,0.00000000,0.00000000,0.00000000,0.00000000,0.00000000,1.00000000,0.00000000,0.00000000,0,-0.82617935,-0.82617935,0.00000000,0.00000000,0.00000000,0.00000000,0.00000000,0.00000000,0,0,0,2,0,0.00126895,0.00126895,-0.00000000,0.00000000,0.00000000,0.00000000,0.00000000,0.00000000,1.00000000,0.00000000,0.00000000,0,38.38035035,38.38035035,0.00000000,0.00000000,0.00000000,0.00000000,0.00000000,0.00000000,0
196140750,1,0,0,0,400,600,400,500,0,1,0,0,0,0,0,0,0,0.00000000,0.00000000,0.00000000,0.00000000,0.00000000,0.00000000,0,1,1,0,1,-0.11399123,-0.11399123,-0.00000000,0.00000000,0.00000000,0.00000000,0.00000000,0.00000000,1.00000000,0.00000000,0.00000000,0,-0.82617935,-0.82617935,0.00000000,0.00000000,0.00000000,0.00000000,0.00000000,0.00000000,0,0,0,2,0,0.00126895,0.00126895,-0.00000000,0.00000000,0.00000000,0.00000000,0.00000000,0.00000000,1.00000000,0.00000000,0.00000000,0,38.38035035,38.38035035,0.00000000,0.00000000,0.00000000,0.00000000,0.00000000,0.00000000,0
196140828,1,0,0,0,400,600,400,500,0,1,0,0,0,0,0,0,0,0.00000000,0.00000000,0.00000000,0.00000000,0.00000000,0.00000000,0,1,1,0,1,-0.11399123,-0.11399123,-0.00000000,0.00000000,0.00000000,0.00000000,0.00000000,0.00000000,1.00000000,0.00000000,0.00000000,0,-0.82617935,-0.82617935,0.00000000,0.00000000,0.00000000,0.00000000,0.00000000,0.00000000,0,0,0,2,0,0.00126895,0.00126895,-0.00000000,0.00000000,0.00000000,0.00000000,0.00000000,0.00000000,1.00000000,0.00000000,0.00000000,0,38.38035035,38.38035035,0.00000000,0.00000000,0.00000000,0.00000000,0.00000000,0.00000000,0
196140906,1,0,0,0,400,600,400,500,0,1,0,0,0,0,0,0,0,0.00000000,0.00000000,0.00000000,0.00000000,0.00000000,0.00000000,0,1,1,0,1,-0.11399123,-0.11399123,-0.00000000,0.00000000,0.00000000,0.00000000,0.00000000,0.00000000,1.00000000,0.00000000,0.00000000,0,-0.82617935,-0.82617935,0.00000000,0.00000000,0.00000000,0.00000000,0.00000000,0.00000000,0,0,0,2,0,0.00126895,0.00126895,-0.00000000,0.00000000,0.00000000,0.00000000,0.00000000,0.00000000,1.00000000,0.00000000,0.00000000,0,38.38035035,38.38035035,0.00000000,0.00000000,0.00000000,0.00000000,0.00000000,0.00000000,0
196140984,1,0,0,0,400,600,400,500,0,1,0,0,0,0,0,0,0,0.00000000,0.00000000,0.00000000,0.00000000,0.00000000,0.00000000,0,1,1,0,1,-0.11399123,-0.11399123,-0.00000000,0.00000000,0.00000000,0.00000000,0.00000000,0.00000000,1.00000000,0.00000000,0.00000000,0,-0.82617935,-0.82617935,0.00000000,0.00000000,0.00000000,0.00000000,0.00000000,0.00000000,0,0,0,2,0,0.00126895,0.00126895,-0.00000000,0.00000000,0.00000000,0.00000000,0.00000000,0.00000000,1.00000000,0.00000000,0.00000000,0,38.38035035,38.38035035,0.00000000,0.00000000,0.00000000,0.00000000,0.00000000,0.00000000,0
196141062,1,0,0,0,400,600,400,500,0,1,0,0,0,0,0,0,0,0.00000000,0.00000000,0.00000000,0.00000000,0.00000000,0.00000000,0,1,1,0,1,-0.11399123,-0.11399123,-0.00000000,0.00000000,0.00000000,0.00000000,0.00000000,0.00000000,1.00000000,0.00000000,0.00000000,0,-0.82617935,-0.82617935,0.00000000,0.00000000,0.00000000,0.00000000,0.00000000,0.00000000,0,0,0,2,0,0.00126895,0.00126895,-0.00000000,0.00000000,0.00000000,0.00000000,0.00000000,0.00000000,1.00000000,0.00000000,0.00000000,0,38.38035035,38.38035035,0.00000000,0.00000000,0.00000000,0.00000000,0.00000000,0.00000000,0
196141156,1,0,0,0,400,600,400,500,0,1,0,0,0,0,0,0,0,0.00000000,0.00000000,0.00000000,0.00000000,0.00000000,0.00000000,0,1,1,0,1,-0.11399123,-0.11399123,-0.00000000,0.00000000,0.00000000,0.00000000,0.00000000,0.00000000,1.00000000,0.00000000,0.00000000,0,-0.82617935,-0.82617935,0.00000000,0.00000000,0.00000000,0.00000000,0.00000000,0.00000000,0,0,0,2,0,0.00126895,0.00126895,-0.00000000,0.00000000,0.00000000,0.00000000,0.00000000,0.00000000,1.00000000,0.00000000,0.00000000,0,38.38035035,38.38035035,0.00000000,0.00000000,0.00000000,0.00000000,0.00000000,0.00000000,0
196141234,1,0,0,0,400,600,400,500,0,1,0,0,0,0,0,0,0,0.00000000,0.00000000,0.00000000,0.00000000,0.00000000,0.00000000,0,1,1,0,1,-0.11397889,-0.11398814,-0.00231339,0.00000000,0.00000000,0.00000000,0.00000000,0.00000000,1.00000000,0.00000000,0.00000000,0,-0.82617935,-0.82617935,0.00000000,0.00000000,0.00000000,0.00000000,0.00000000,0.00000000,0,0,0,2,0,0.00126895,0.00126895,-0.00000000,0.00000000,0.00000000,0.00000000,0.00000000,0.00000000,1.00000000,0.00000000,0.00000000,0,38.38035035,38.38035035,0.00000000,0.00000000,0.00000000,0.00000000,0.00000000,0.00000000,0
196141312,1,0,0,0,400,600,400,500,0,1,0,0,0,0,0,0,0,0.00000000,0.00000000,0.00000000,0.00000000,0.00000000,0.00000000,0,1,1,0,1,-0.11313411,-0.11371208,-0.14449267,0.14449267,0.14449267,0.14449267,0.00000000,0.00000000,1.00000000,0.00000000,0.00000000,0,-1.03322648,-0.85580208,0.00000000,0.20704713,0.02962273,0.20704713,0.02962273,0.00000000,0,0,0,2,0,0.00126895,0.00126895,-0.00000000,0.00000000,0.00000000,0.00000000,0.00000000,0.00000000,1.00000000,0.00000000,0.00000000,0,38.38035035,38.38035035,0.00000000,0.00000000,0.00000000,0.00000000,0.00000000,0.00000000,0
196141390,1,0,0,0,400,600,400,500,0,1,0,0,0,0,0,0,0,0.00000000,0.00000000,0.00000000,0.00000000,0.00000000,0.00000000,0,1,1,0,1,-0.11187279,-0.11310410,-0.30782664,0.30782664,0.30782664,0.30782664,0.00000000,0.00000000,1.00000000,0.00000000,0.00000000,0,-1.48921345,-1.10736260,0.00000000,0.66303410,0.28118325,0.66303410,0.28118325,0.00000000,0,0,0,2,0,0.00126895,0.00126895,-0.00000000,0.00000000,0.00000000,0.00000000,0.00000000,0.00000000,1.00000000,0.00000000,0.00000000,0,38.38035035,38.38035035,0.00000000,0.00000000,0.00000000,0.00000000,0.00000000,0.00000000,0
196141468,1,0,0,0,400,600,400,500,0,1,0,0,0,0,0,0,0,0.00000000,0.00000000,0.00000000,0.00000000,0.00000000,0.00000000,0,1,1,0,1,-0.11116818,-0.11225795,-0.27244265,0.27244265,0.27244265,0.27244265,0.00000000,0.00000000,1.00000000,0.00000000,0.00000000,0,-2.12382347,-1.69159719,0.00000000,1.29764412,0.86541783,1.29764412,0.86541783,0.00000000,0,0,0,2,0,0.00126895,0.00126895,-0.00000000,0.00000000,0.00000000,0.00000000,0.00000000,0.00000000,1.00000000,0.00000000,0.00000000,0,38.38035035,38.38035035,0.00000000,0.00000000,0.00000000,0.00000000,0.00000000,0.00000000,0
196141546,1,0,0,0,400,600,400,500,0,1,0,0,0,0,0,0,0,0.00000000,0.00000000,0.00000000,0.00000000,0.00000000,0.00000000,0,1,1,0,1,-0.11134675,-0.11181734,-0.11764872,0.11764872,0.11764872,0.11764872,0.00000000,0.00000000,1.00000000,0.00000000,0.00000000,0,-2.45428018,-2.25008637,0.00000000,1.62810082,1.42390701,1.62810082,1.42390701,0.00000000,0,0,0,2,0,0.00126895,0.00126895,-0.00000000,0.00000000,0.00000000,0.00000000,0.00000000,0.00000000,1.00000000,0.00000000,0.00000000,0,38.38035035,38.38035035,0.00000000,0.00000000,0.00000000,0.00000000,0.00000000,0.00000000,0
196141625,1,0,0,0,400,600,400,500,0,1,0,0,0,0,0,0,0,0.00000000,0.00000000,0.00000000,0.00000000,0.00000000,0.00000000,0,1,1,0,1,-0.11204142,-0.11181686,0.05614033,0.00000000,0.00000000,0.00000000,0.00000000,0.00000000,1.00000000,0.00000000,0.00000000,0,-2.45464334,-2.47140379,0.00000000,1.68460431,1.64522444,1.68460431,1.64522444,0.00000000,0,0,0,2,0,0.00126895,0.00126895,-0.00000000,0.00000000,0.00000000,0.00000000,0.00000000,0.00000000,1.00000000,0.00000000,0.00000000,0,38.38035035,38.38035035,0.00000000,0.00000000,0.00000000,0.00000000,0.00000000,0.00000000,0
196141703,1,0,0,0,400,600,400,500,0,1,0,0,0,0,0,0,0,0.00000000,0.00000000,0.00000000,0.00000000,0.00000000,0.00000000,0,1,1,0,1,-0.11277070,-0.11218194,0.14718984,0.00000000,0.00000000,0.00000000,0.00000000,0.00000000,1.00000000,0.00000000,0.00000000,0,-2.18082827,-2.38734350,0.00000000,1.68460431,1.64739574,1.68460431,1.64739574,0.00000000,0,0,0,2,0,0.00126895,0.00126895,-0.00000000,0.00000000,0.00000000,0.00000000,0.00000000,0.00000000,1.00000000,0.00000000,0.00000000,0,38.38035035,38.38035035,0.00000000,0.00000000,0.00000000,0.00000000,0.00000000,0.00000000,0
196141765,1,0,0,0,400,600,400,500,0,1,0,0,0,0,0,0,0,0.00000000,0.00000000,0.00000000,0.00000000,0.00000000,0.00000000,0,1,1,0,1,-0.11319332,-0.11243479,0.18963310,0.00000000,0.00000000,0.00000000,0.00000000,0.00000000,1.00000000,0.00000000,0.00000000,0,-1.99119517,-2.24124608,0.00000000,1.68460431,1.64739574,1.68460431,1.64739574,0.00000000,0,0,0,2,0,0.00126895,0.00126895,-0.00000000,0.00000000,0.00000000,0.00000000,0.00000000,0.00000000,1.00000000,0.00000000,0.00000000,0,38.38035035,38.38035035,0.00000000,0.00000000,0.00000000,0.00000000,0.00000000,0.00000000,0
196141828,1,0,0,0,400,600,400,500,0,1,0,0,0,0,0,0,0,0.00000000,0.00000000,0.00000000,0.00000000,0.00000000,0.00000000,0,1,1,0,1,-0.11363615,-0.11291007,0.18152112,0.00000000,0.00000000,0.00000000,0.00000000,0.00000000,1.00000000,0.00000000,0.00000000,0,-1.63473721,-1.92563223,0.00000000,1.68460431,1.64739574,1.68460431,1.64739574,0.00000000,0,0,0,2,0,0.00126895,0.00126895,-0.00000000,0.00000000,0.00000000,0.00000000,0.00000000,0.00000000,1.00000000,0.00000000,0.00000000,0,38.38035035,38.38035035,0.00000000,0.00000000,0.00000000,0.00000000,0.00000000,0.00000000,0
196141906,1,0,0,0,400,600,400,500,0,1,0,0,0,0,0,0,0,0.00000000,0.00000000,0.00000000,0.00000000,0.00000000,0.00000000,0,1,1,0,1,-0.11469862,-0.11360028,0.27458434,0.00000000,0.00000000,0.00000000,0.00000000,0.00000000,1.00000000,0.00000000,0.00000000,0,-1.11707454,-1.50982842,0.00000000,1.68460431,1.64739574,1.68460431,1.64739574,0.00000000,0,0,0,2,0,0.00126895,0.00126895,-0.00000000,0.00000000,0.00000000,0.00000000,0.00000000,0.00000000,1.00000000,0.00000000,0.00000000,0,38.38035035,38.38035035,0.00000000,0.00000000,0.00000000,0.00000000,0.00000000,0.00000000,0
196141984,1,0,0,0,400,600,400,500,0,1,0,0,0,0,0,0,0,0.00000000,0.00000000,0.00000000,0.00000000,0.00000000,0.00000000,0,1,1,0,1,-0.11548259,-0.11436097,0.28040536,0.00000000,0.00000000,0.00000000,0.00000000,0.00000000,1.00000000,0.00000000,0.00000000,0,-0.54655847,-0.98375364,0.00000000,1.68460431,1.64739574,1.68460431,1.64739574,0.00000000,0,0,0,2,0,0.00126895,0.00126895,-0.00000000,0.00000000,0.00000000,0.00000000,0.00000000,0.00000000,1.00000000,0.00000000,0.00000000,0,38.38035035,38.38035035,0.00000000,0.00000000,0.00000000,0.00000000,0.00000000,0.00000000,0
196142062,1,0,0,0,400,600,400,500,0,1,0,0,0,0,0,0,0,0.00000000,0.00000000,0.00000000,0.00000000,0.00000000,0.00000000,0,1,1,0,1,-0.11553107,-0.11487289,0.16454540,0.00000000,0.00000000,0.00000000,0.00000000,0.00000000,1.00000000,0.00000000,0.00000000,0,-0.16261920,-0.47179230,0.00000000,1.68460431,1.64739574,1.68460431,1.64739574,0.00000000,0,0,0,2,0,0.00126895,0.00126895,-0.00000000,0.00000000,0.00000000,0.00000000,0.00000000,0.00000000,1.00000000,0.00000000,0.00000000,0,38.38035035,38.38035035,0.00000000,0.00000000,0.00000000,0.00000000,0.00000000,0.00000000,0
196142140,1,0,0,0,400,600,400,500,0,1,0,0,0,0,0,0,0,0.00000000,0.00000000,0.00000000,0.00000000,0.00000000,0.00000000,0,1,1,0,1,-0.11554526,-0.11516439,0.09521704,0.00000000,0.00000000,0.00000000,0.00000000,0.00000000,1.00000000,0.00000000,0.00000000,0,0.05600689,-0.09708809,0.00000000,1.68460431,1.64739574,1.68460431,1.64739574,0.00000000,0,0,0,2,0,0.00126895,0.00126895,-0.00000000,0.00000000,0.00000000,0.00000000,0.00000000,0.00000000,1.00000000,0.00000000,0.00000000,0,38.38035035,38.38035035,0.00000000,0.00000000,0.00000000,0.00000000,0.00000000,0.00000000,0
196142203,1,0,0,0,400,600,400,500,0,1,0,0,0,0,0,0,0,0.00000000,0.00000000,0.00000000,0.00000000,0.00000000,0.00000000,0,1,1,0,1,-0.11632175,-0.11559406,0.18192329,0.00000000,0.00000000,0.00000000,0.00000000,0.00000000,1.00000000,0.00000000,0.00000000,0,0.37825591,0.12174785,0.00000000,1.68460431,1.64739574,1.68460431,1.64739574,0.00000000,0,0,0,2,0,0.00126895,0.00126895,-0.00000000,0.00000000,0.00000000,0.00000000,0.00000000,0.00000000,1.00000000,0.00000000,0.00000000,0,38.38035035,38.38035035,0.00000000,0.00000000,0.00000000,0.00000000,0.00000000,0.00000000,0
196142296,1,0,0,0,400,600,400,500,0,1,0,0,0,0,0,0,0,0.00000000,0.00000000,0.00000000,0.00000000,0.00000000,0.00000000,0,1,1,0,1,-0.11698342,-0.11614175,0.21041713,0.00000000,0.00000000,0.00000000,0.00000000,0.00000000,1.00000000,0.00000000,0.00000000,0,0.78902785,0.48900760,0.00000000,1.68460431,1.64739574,1.68460431,1.64739574,0.00000000,0,0,0,2,0,0.00126895,0.00126895,-0.00000000,0.00000000,0.00000000,0.00000000,0.00000000,0.00000000,1.00000000,0.00000000,0.00000000,0,38.38035035,38.38035035,0.00000000,0.00000000,0.00000000,0.00000000,0.00000000,0.00000000,0
196142375,1,0,0,0,400,600,400,500,0,1,0,0,0,0,0,0,0,0.00000000,0.00000000,0.00000000,0.00000000,0.00000000,0.00000000,0,1,1,0,1,-0.11705666,-0.11654202,0.12866056,0.00000000,0.00000000,0.00000000,0.00000000,0.00000000,1.00000000,0.00000000,0.00000000,0,1.08922495,0.85363078,0.00000000,1.68460431,1.64739574,1.68460431,1.64739574,0.00000000,0,0,0,2,0,0.00126895,0.00126895,-0.00000000,0.00000000,0.00000000,0.00000000,0.00000000,0.00000000,1.00000000,0.00000000,0.00000000,0,38.38035035,38.38035035,0.00000000,0.00000000,0.00000000,0.00000000,0.00000000,0.00000000,0
196142437,1,0,0,0,400,600,400,500,0,1,0,0,0,0,0,0,0,0.00000000,0.00000000,0.00000000,0.00000000,0.00000000,0.00000000,0,1,1,0,1,-0.11705666,-0.11676717,0.07237156,0.00000000,0.00000000,0.00000000,0.00000000,0.00000000,1.00000000,0.00000000,0.00000000,0,1.25809194,1.12426772,0.00000000,1.68460431,1.64739574,1.68460431,1.64739574,0.00000000,0,0,0,2,0,0.00126895,0.00126895,-0.00000000,0.00000000,0.00000000,0.00000000,0.00000000,0.00000000,1.00000000,0.00000000,0.00000000,0,38.38035035,38.38035035,0.00000000,0.00000000,0.00000000,0.00000000,0.00000000,0.00000000,0
196142546,1,0,0,0,400,600,400,500,0,1,0,0,0,0,0,0,0,0.00000000,0.00000000,0.00000000,0.00000000,0.00000000,0.00000000,0,1,1,0,1,-0.11707092,-0.11690006,0.04271501,0.00000000,0.00000000,0.00000000,0.00000000,0.00000000,1.00000000,0.00000000,0.00000000,0,1.35775495,1.29440452,0.00000000,1.68460431,1.64739574,1.68460431,1.64739574,0.00000000,0,0,0,2,0,0.00126895,0.00126895,-0.00000000,0.00000000,0.00000000,0.00000000,0.00000000,0.00000000,1.00000000,0.00000000,0.00000000,0,38.38035035,38.38035035,0.00000000,0.00000000,0.00000000,0.00000000,0.00000000,0.00000000,0
196142609,1,0,0,0,400,600,400,500,0,1,0,0,0,0,0,0,0,0.00000000,0.00000000,0.00000000,0.00000000,0.00000000,0.00000000,0,1,1,0,1,-0.11969273,-0.11783305,0.46492021,0.00000000,0.00000000,0.00000000,0.00000000,0.00000000,1.00000000,0.00000000,0.00000000,0,2.05749747,1.47756912,0.00000000,1.68460431,1.64739574,1.68460431,1.64739574,0.00000000,0,0,0,2,0,0.00126895,0.00126895,-0.00000000,0.00000000,0.00000000,0.00000000,0.00000000,0.00000000,1.00000000,0.00000000,0.00000000,0,38.38035035,38.38035035,0.00000000,0.00000000,0.00000000,0.00000000,0.00000000,0.00000000,0
196142687,1,0,0,0,400,600,400,500,0,1,0,0,0,0,0,0,0,0.00000000,0.00000000,0.00000000,0.00000000,0.00000000,0.00000000,0,1,1,0,1,-0.11955945,-0.11864305,0.22909963,0.00000000,0.00000000,0.00000000,0.00000000,0.00000000,1.00000000,0.00000000,0.00000000,0,2.66499907,2.19270203,0.00000000,1.68460431,1.64739574,1.68460431,1.64739574,0.00000000,0,0,0,2,0,0.00126895,0.00126895,-0.00000000,0.00000000,0.00000000,0.00000000,0.00000000,0.00000000,1.00000000,0.00000000,0.00000000,0,38.38035035,38.38035035,0.00000000,0.00000000,0.00000000,0.00000000,0.00000000,0.00000000,0
196142765,1,0,0,0,400,600,400,500,0,1,0,0,0,0,0,0,0,0.00000000,0.00000000,0.00000000,0.00000000,0.00000000,0.00000000,0,1,1,0,1,-0.11896720,-0.11878581,0.04534901,0.00000000,0.00000000,0.00000000,0.00000000,0.00000000,1.00000000,0.00000000,0.00000000,0,2.77206995,2.67736704,0.00000000,1.68460431,1.64739574,1.68460431,1.64739574,0.00000000,0,0,0,2,0,0.00126895,0.00126895,-0.00000000,0.00000000,0.00000000,0.00000000,0.00000000,0.00000000,1.00000000,0.00000000,0.00000000,0,38.38035035,38.38035035,0.00000000,0.00000000,0.00000000,0.00000000,0.00000000,0.00000000,0
196142828,1,0,0,0,400,600,400,500,0,1,0,0,0,0,0,0,0,0.00000000,0.00000000,0.00000000,0.00000000,0.00000000,0.00000000,0,1,1,0,1,-0.11908127,-0.11890696,0.04357553,0.00000000,0.00000000,0.00000000,0.00000000,0.00000000,1.00000000,0.00000000,0.00000000,0,2.86293635,2.78949913,0.00000000,1.68460431,1.64739574,1.68460431,1.64739574,0.00000000,0,0,0,2,0,0.00126895,0.00126895,-0.00000000,0.00000000,0.00000000,0.00000000,0.00000000,0.00000000,1.00000000,0.00000000,0.00000000,0,38.38035035,38.38035035,0.00000000,0.00000000,0.00000000,0.00000000,0.00000000,0.00000000,0
196142906,1,0,0,0,400,600,400,500,0,1,0,0,0,0,0,0,0,0.00000000,0.00000000,0.00000000,0.00000000,0.00000000,0.00000000,0,1,1,0,1,-0.11908127,-0.11898322,0.02451141,0.00000000,0.00000000,0.00000000,0.00000000,0.00000000,1.00000000,0.00000000,0.00000000,0,2.92012964,2.87526545,0.00000000,1.68460431,1.64739574,1.68460431,1.64739574,0.00000000,0,0,0,2,0,0.00126895,0.00126895,-0.00000000,0.00000000,0.00000000,0.00000000,0.00000000,0.00000000,1.00000000,0.00000000,0.00000000,0,38.38035035,38.38035035,0.00000000,0.00000000,0.00000000,0.00000000,0.00000000,0.00000000,0
196142968,1,0,0,0,400,600,400,500,0,1,0,0,0,0,0,0,0,0.00000000,0.00000000,0.00000000,0.00000000,0.00000000,0.00000000,0,1,1,0,1,-0.12085236,-0.11954439,0.32699409,0.00000000,0.00000000,0.00000000,0.00000000,0.00000000,1.00000000,0.00000000,0.00000000,0,3.34100286,2.95668917,0.00000000,1.68460431,1.64739574,1.68460431,1.64739574,0.00000000,0,0,0,2,0,0.00126895,0.00126895,-0.00000000,0.00000000,0.00000000,0.00000000,0.00000000,0.00000000,1.00000000,0.00000000,0.00000000,0,38.38035035,38.38035035,0.00000000,0.00000000,0.00000000,0.00000000,0.00000000,0.00000000,0
196143046,1,0,0,0,400,600,400,500,0,1,0,0,0,0,0,0,0,0.00000000,0.00000000,0.00000000,0.00000000,0.00000000,0.00000000,0,1,1,0,1,-0.12188997,-0.12054952,0.33511246,0.00000000,0.00000000,0.00000000,0.00000000,0.00000000,1.00000000,0.00000000,0.00000000,0,4.09485123,3.11178197,0.00000000,1.68460431,1.64739574,1.68460431,1.64739574,0.00000000,0,0,0,2,0,0.00126895,0.00126895,-0.00000000,0.00000000,0.00000000,0.00000000,0.00000000,0.00000000,1.00000000,0.00000000,0.00000000,0,38.38035035,38.38035035,0.00000000,0.00000000,0.00000000,0.00000000,0.00000000,0.00000000,0
196143109,1,0,0,0,400,600,400,500,0,1,0,0,0,0,0,0,0,0.00000000,0.00000000,0.00000000,0.00000000,0.00000000,0.00000000,0,1,1,0,1,-0.12246033,-0.12127856,0.29544377,0.00000000,0.00000000,0.00000000,0.00000000,0.00000000,1.00000000,0.00000000,0.00000000,0,4.64163290,3.11178197,0.00000000,1.68460431,1.64739574,1.68460431,1.64739574,0.00000000,0,0,0,2,0,0.00126895,0.00126895,-0.00000000,0.00000000,0.00000000,0.00000000,0.00000000,0.00000000,1.00000000,0.00000000,0.00000000,0,38.38035035,38.38035035,0.00000000,0.00000000,0.00000000,0.00000000,0.00000000,0.00000000,0
196143203,1,0,0,0,400,600,400,500,0,1,0,0,0,0,0,0,0,0.00000000,0.00000000,0.00000000,0.00000000,0.00000000,0.00000000,0,1,1,0,1,-0.12246037,-0.12179560,0.16619203,0.00000000,0.00000000,0.00000000,0.00000000,0.00000000,1.00000000,0.00000000,0.00000000,0,5.02941431,3.11178197,0.00000000,1.68460431,1.64739574,1.68460431,1.64739574,0.00000000,0,0,0,2,0,0.00126895,0.00126895,-0.00000000,0.00000000,0.00000000,0.00000000,0.00000000,0.00000000,1.00000000,0.00000000,0.00000000,0,38.38035035,38.38035035,0.00000000,0.00000000,0.00000000,0.00000000,0.00000000,0.00000000,0
196143265,1,0,0,0,400,600,400,100,0,1,0,0,1,0,0,0,0,0.00000000,0.00000000,0.00000000,0.00000000,0.00000000,0.00000000,0,0,0,6,1,-0.12246037,-0.12196179,0.12464402,0.00000000,0.00000000,0.00000000,0.00000000,0.00000000,1.00000000,0.00000000,0.00000000,0,5.15405834,3.11178197,0.00000000,0.00000000,0.00000000,1.68460431,1.64739574,0.00000000,0,0,0,6,0,0.00126895,0.00126895,-0.00000000,0.00000000,0.00000000,0.00000000,0.00000000,0.00000000,1.00000000,0.00000000,0.00000000,0,38.38035035,38.38035035,0.00000000,0.00000000,0.00000000,0.00000000,0.00000000,0.00000000,0
196143343,1,0,0,0,400,600,400,100,0,1,0,0,1,0,0,0,0,0.00000000,0.00000000,0.00000000,0.00000000,0.00000000,0.00000000,0,0,0,6,1,-0.12246037,-0.12196179,0.12464402,0.00000000,0.00000000,0.00000000,0.00000000,0.00000000,1.00000000,0.00000000,0.00000000,0,5.15405834,3.11178197,0.00000000,0.00000000,0.00000000,1.68460431,1.64739574,0.00000000,0,0,0,6,0,0.00126895,0.00126895,-0.00000000,0.00000000,0.00000000,0.00000000,0.00000000,0.00000000,1.00000000,0.00000000,0.00000000,0,38.38035035,38.38035035,0.00000000,0.00000000,0.00000000,0.00000000,0.00000000,0.00000000,0
196143406,1,0,0,0,400,600,400,100,0,1,0,0,1,0,0,0,0,0.00000000,0.00000000,0.00000000,0.00000000,0.00000000,0.00000000,0,0,0,6,1,-0.12246037,-0.12196179,0.12464402,0.00000000,0.00000000,0.00000000,0.00000000,0.00000000,1.00000000,0.00000000,0.00000000,0,5.15405834,3.11178197,0.00000000,0.00000000,0.00000000,1.68460431,1.64739574,0.00000000,0,0,0,6,0,0.00126895,0.00126895,-0.00000000,0.00000000,0.00000000,0.00000000,0.00000000,0.00000000,1.00000000,0.00000000,0.00000000,0,38.38035035,38.38035035,0.00000000,0.00000000,0.00000000,0.00000000,0.00000000,0.00000000,0
196143484,1,0,0,0,400,600,400,100,0,1,0,0,1,0,0,0,0,0.00000000,0.00000000,0.00000000,0.00000000,0.00000000,0.00000000,0,0,0,6,1,-0.12246037,-0.12196179,0.12464402,0.00000000,0.00000000,0.00000000,0.00000000,0.00000000,1.00000000,0.00000000,0.00000000,0,5.15405834,3.11178197,0.00000000,0.00000000,0.00000000,1.68460431,1.64739574,0.00000000,0,0,0,6,0,0.00126895,0.00126895,-0.00000000,0.00000000,0.00000000,0.00000000,0.00000000,0.00000000,1.00000000,0.00000000,0.00000000,0,38.38035035,38.38035035,0.00000000,0.00000000,0.00000000,0.00000000,0.00000000,0.00000000,0
196143546,1,0,0,0,400,600,400,100,0,1,0,0,1,0,0,0,0,0.00000000,0.00000000,0.00000000,0.00000000,0.00000000,0.00000000,0,0,0,6,1,-0.12246037,-0.12196179,0.12464402,0.00000000,0.00000000,0.00000000,0.00000000,0.00000000,1.00000000,0.00000000,0.00000000,0,5.15405834,3.11178197,0.00000000,0.00000000,0.00000000,1.68460431,1.64739574,0.00000000,0,0,0,6,0,0.00126895,0.00126895,-0.00000000,0.00000000,0.00000000,0.00000000,0.00000000,0.00000000,1.00000000,0.00000000,0.00000000,0,38.38035035,38.38035035,0.00000000,0.00000000,0.00000000,0.00000000,0.00000000,0.00000000,0
196143640,1,0,0,0,400,600,400,100,0,1,0,0,1,0,0,0,0,0.00000000,0.00000000,0.00000000,0.00000000,0.00000000,0.00000000,0,0,0,6,1,-0.12246037,-0.12196179,0.12464402,0.00000000,0.00000000,0.00000000,0.00000000,0.00000000,1.00000000,0.00000000,0.00000000,0,5.15405834,3.11178197,0.00000000,0.00000000,0.00000000,1.68460431,1.64739574,0.00000000,0,0,0,6,0,0.00126895,0.00126895,-0.00000000,0.00000000,0.00000000,0.00000000,0.00000000,0.00000000,1.00000000,0.00000000,0.00000000,0,38.38035035,38.38035035,0.00000000,0.00000000,0.00000000,0.00000000,0.00000000,0.00000000,0
196143718,1,0,0,0,400,600,400,100,0,1,0,0,1,0,0,0,0,0.00000000,0.00000000,0.00000000,0.00000000,0.00000000,0.00000000,0,0,0,6,1,-0.12246037,-0.12196179,0.12464402,0.00000000,0.00000000,0.00000000,0.00000000,0.00000000,1.00000000,0.00000000,0.00000000,0,5.15405834,3.11178197,0.00000000,0.00000000,0.00000000,1.68460431,1.64739574,0.00000000,0,0,0,6,0,0.00126895,0.00126895,-0.00000000,0.00000000,0.00000000,0.00000000,0.00000000,0.00000000,1.00000000,0.00000000,0.00000000,0,38.38035035,38.38035035,0.00000000,0.00000000,0.00000000,0.00000000,0.00000000,0.00000000,0
196143781,1,0,0,0,400,600,400,100,0,1,0,0,1,0,0,0,0,0.00000000,0.00000000,0.00000000,0.00000000,0.00000000,0.00000000,0,0,0,6,1,-0.12246037,-0.12196179,0.12464402,0.00000000,0.00000000,0.00000000,0.00000000,0.00000000,1.00000000,0.00000000,0.00000000,0,5.15405834,3.11178197,0.00000000,0.00000000,0.00000000,1.68460431,1.64739574,0.00000000,0,0,0,6,0,0.00126895,0.00126895,-0.00000000,0.00000000,0.00000000,0.00000000,0.00000000,0.00000000,1.00000000,0.00000000,0.00000000,0,38.38035035,38.38035035,0.00000000,0.00000000,0.00000000,0.00000000,0.00000000,0.00000000,0
196143859,1,0,0,0,400,600,400,100,0,1,0,0,1,0,0,0,0,0.00000000,0.00000000,0.00000000,0.00000000,0.00000000,0.00000000,0,0,0,6,1,-0.12246037,-0.12196179,0.12464402,0.00000000,0.00000000,0.00000000,0.00000000,0.00000000,1.00000000,0.00000000,0.00000000,0,5.15405834,3.11178197,0.00000000,0.00000000,0.00000000,1.68460431,1.64739574,0.00000000,0,0,0,6,0,0.00126895,0.00126895,-0.00000000,0.00000000,0.00000000,0.00000000,0.00000000,0.00000000,1.00000000,0.00000000,0.00000000,0,38.38035035,38.38035035,0.00000000,0.00000000,0.00000000,0.00000000,0.00000000,0.00000000,0
196143921,1,0,0,0,400,600,400,100,0,1,0,0,1,0,0,0,0,0.00000000,0.00000000,0.00000000,0.00000000,0.00000000,0.00000000,0,0,0,6,1,-0.12246037,-0.12196179,0.12464402,0.00000000,0.00000000,0.00000000,0.00000000,0.00000000,1.00000000,0.00000000,0.00000000,0,5.15405834,3.11178197,0.00000000,0.00000000,0.00000000,1.68460431,1.64739574,0.00000000,0,0,0,6,0,0.00126895,0.00126895,-0.00000000,0.00000000,0.00000000,0.00000000,0.00000000,0.00000000,1.00000000,0.00000000,0.00000000,0,38.38035035,38.38035035,0.00000000,0.00000000,0.00000000,0.00000000,0.00000000,0.00000000,0
196143984,1,0,0,0,400,600,400,100,0,1,0,0,1,0,0,0,0,0.00000000,0.00000000,0.00000000,0.00000000,0.00000000,0.00000000,0,0,0,6,1,-0.12246037,-0.12196179,0.12464402,0.00000000,0.00000000,0.00000000,0.00000000,0.00000000,1.00000000,0.00000000,0.00000000,0,5.15405834,3.11178197,0.00000000,0.00000000,0.00000000,1.68460431,1.64739574,0.00000000,0,0,0,6,0,0.00126895,0.00126895,-0.00000000,0.00000000,0.00000000,0.00000000,0.00000000,0.00000000,1.00000000,0.00000000,0.00000000,0,38.38035035,38.38035035,0.00000000,0.00000000,0.00000000,0.00000000,0.00000000,0.00000000,0
196144046,1,0,0,0,400,600,400,100,0,1,0,0,1,0,0,0,0,0.00000000,0.00000000,0.00000000,0.00000000,0.00000000,0.00000000,0,0,0,6,1,-0.12246037,-0.12196179,0.12464402,0.00000000,0.00000000,0.00000000,0.00000000,0.00000000,1.00000000,0.00000000,0.00000000,0,5.15405834,3.11178197,0.00000000,0.00000000,0.00000000,1.68460431,1.64739574,0.00000000,0,0,0,6,0,0.00126895,0.00126895,-0.00000000,0.00000000,0.00000000,0.00000000,0.00000000,0.00000000,1.00000000,0.00000000,0.00000000,0,38.38035035,38.38035035,0.00000000,0.00000000,0.00000000,0.00000000,0.00000000,0.00000000,0
196144109,1,0,0,0,400,600,400,100,0,1,0,0,1,0,0,0,0,0.00000000,0.00000000,0.00000000,0.00000000,0.00000000,0.00000000,0,0,0,6,1,-0.12246037,-0.12196179,0.12464402,0.00000000,0.00000000,0.00000000,0.00000000,0.00000000,1.00000000,0.00000000,0.00000000,0,5.15405834,3.11178197,0.00000000,0.00000000,0.00000000,1.68460431,1.64739574,0.00000000,0,0,0,6,0,0.00126895,0.00126895,-0.00000000,0.00000000,0.00000000,0.00000000,0.00000000,0.00000000,1.00000000,0.00000000,0.00000000,0,38.38035035,38.38035035,0.00000000,0.00000000,0.00000000,0.00000000,0.00000000,0.00000000,0
196144187,1,0,0,0,400,600,400,100,0,1,0,0,1,0,0,0,0,0.00000000,0.00000000,0.00000000,0.00000000,0.00000000,0.00000000,0,0,0,6,1,-0.12246037,-0.12196179,0.12464402,0.00000000,0.00000000,0.00000000,0.00000000,0.00000000,1.00000000,0.00000000,0.00000000,0,5.15405834,3.11178197,0.00000000,0.00000000,0.00000000,1.68460431,1.64739574,0.00000000,0,0,0,6,0,0.00126895,0.00126895,-0.00000000,0.00000000,0.00000000,0.00000000,0.00000000,0.00000000,1.00000000,0.00000000,0.00000000,0,38.38035035,38.38035035,0.00000000,0.00000000,0.00000000,0.00000000,0.00000000,0.00000000,0
196144250,1,0,0,0,400,600,400,100,0,1,0,0,1,0,0,0,0,0.00000000,0.00000000,0.00000000,0.00000000,0.00000000,0.00000000,0,0,0,6,1,-0.12246037,-0.12196179,0.12464402,0.00000000,0.00000000,0.00000000,0.00000000,0.00000000,1.00000000,0.00000000,0.00000000,0,5.15405834,3.11178197,0.00000000,0.00000000,0.00000000,1.68460431,1.64739574,0.00000000,0,0,0,6,0,0.00126895,0.00126895,-0.00000000,0.00000000,0.00000000,0.00000000,0.00000000,0.00000000,1.00000000,0.00000000,0.00000000,0,38.38035035,38.38035035,0.00000000,0.00000000,0.00000000,0.00000000,0.00000000,0.00000000,0
196144312,1,0,0,0,400,600,400,100,0,1,0,0,1,0,0,0,0,0.00000000,0.00000000,0.00000000,0.00000000,0.00000000,0.00000000,0,0,0,6,1,-0.12246037,-0.12196179,0.12464402,0.00000000,0.00000000,0.00000000,0.00000000,0.00000000,1.00000000,0.00000000,0.00000000,0,5.15405834,3.11178197,0.00000000,0.00000000,0.00000000,1.68460431,1.64739574,0.00000000,0,0,0,6,0,0.00126895,0.00126895,-0.00000000,0.00000000,0.00000000,0.00000000,0.00000000,0.00000000,1.00000000,0.00000000,0.00000000,0,38.38035035,38.38035035,0.00000000,0.00000000,0.00000000,0.00000000,0.00000000,0.00000000,0
196144390,1,0,0,0,400,600,400,100,0,1,0,0,1,0,0,0,0,0.00000000,0.00000000,0.00000000,0.00000000,0.00000000,0.00000000,0,0,0,6,1,-0.12246037,-0.12196179,0.12464402,0.00000000,0.00000000,0.00000000,0.00000000,0.00000000,1.00000000,0.00000000,0.00000000,0,5.15405834,3.11178197,0.00000000,0.00000000,0.00000000,1.68460431,1.64739574,0.00000000,0,0,0,6,0,0.00126895,0.00126895,-0.00000000,0.00000000,0.00000000,0.00000000,0.00000000,0.00000000,1.00000000,0.00000000,0.00000000,0,38.38035035,38.38035035,0.00000000,0.00000000,0.00000000,0.00000000,0.00000000,0.00000000,0
196144453,1,0,0,0,400,600,400,100,0,1,0,0,1,0,0,0,0,0.00000000,0.00000000,0.00000000,0.00000000,0.00000000,0.00000000,0,0,0,6,1,-0.12246037,-0.12196179,0.12464402,0.00000000,0.00000000,0.00000000,0.00000000,0.00000000,1.00000000,0.00000000,0.00000000,0,5.15405834,3.11178197,0.00000000,0.00000000,0.00000000,1.68460431,1.64739574,0.00000000,0,0,0,6,0,0.00126895,0.00126895,-0.00000000,0.00000000,0.00000000,0.00000000,0.00000000,0.00000000,1.00000000,0.00000000,0.00000000,0,38.38035035,38.38035035,0.00000000,0.00000000,0.00000000,0.00000000,0.00000000,0.00000000,0
196144515,1,0,0,0,400,600,400,100,0,1,0,0,1,0,0,0,0,0.00000000,0.00000000,0.00000000,0.00000000,0.00000000,0.00000000,0,0,0,6,1,-0.12246037,-0.12196179,0.12464402,0.00000000,0.00000000,0.00000000,0.00000000,0.00000000,1.00000000,0.00000000,0.00000000,0,5.15405834,3.11178197,0.00000000,0.00000000,0.00000000,1.68460431,1.64739574,0.00000000,0,0,0,6,0,0.00126895,0.00126895,-0.00000000,0.00000000,0.00000000,0.00000000,0.00000000,0.00000000,1.00000000,0.00000000,0.00000000,0,38.38035035,38.38035035,0.00000000,0.00000000,0.00000000,0.00000000,0.00000000,0.00000000,0
196144593,1,0,0,0,400,600,400,100,0,1,0,0,1,0,0,0,0,0.00000000,0.00000000,0.00000000,0.00000000,0.00000000,0.00000000,0,0,0,6,1,-0.12246037,-0.12196179,0.12464402,0.00000000,0.00000000,0.00000000,0.00000000,0.00000000,1.00000000,0.00000000,0.00000000,0,5.15405834,3.11178197,0.00000000,0.00000000,0.00000000,1.68460431,1.64739574,0.00000000,0,0,0,6,0,0.00126895,0.00126895,-0.00000000,0.00000000,0.00000000,0.00000000,0.00000000,0.00000000,1.00000000,0.00000000,0.00000000,0,38.38035035,38.38035035,0.00000000,0.00000000,0.00000000,0.00000000,0.00000000,0.00000000,0
196144656,1,0,0,0,400,600,400,100,0,1,0,0,1,0,0,0,0,0.00000000,0.00000000,0.00000000,0.00000000,0.00000000,0.00000000,0,0,0,6,1,-0.12246037,-0.12196179,0.12464402,0.00000000,0.00000000,0.00000000,0.00000000,0.00000000,1.00000000,0.00000000,0.00000000,0,5.15405834,3.11178197,0.00000000,0.00000000,0.00000000,1.68460431,1.64739574,0.00000000,0,0,0,6,0,0.00126895,0.00126895,-0.00000000,0.00000000,0.00000000,0.00000000,0.00000000,0.00000000,1.00000000,0.00000000,0.00000000,0,38.38035035,38.38035035,0.00000000,0.00000000,0.00000000,0.00000000,0.00000000,0.00000000,0
196144718,1,0,0,0,400,600,400,100,0,1,0,0,1,0,0,0,0,0.00000000,0.00000000,0.00000000,0.00000000,0.00000000,0.00000000,0,0,0,6,1,-0.12246037,-0.12196179,0.12464402,0.00000000,0.00000000,0.00000000,0.00000000,0.00000000,1.00000000,0.00000000,0.00000000,0,5.15405834,3.11178197,0.00000000,0.00000000,0.00000000,1.68460431,1.64739574,0.00000000,0,0,0,6,0,0.00126895,0.00126895,-0.00000000,0.00000000,0.00000000,0.00000000,0.00000000,0.00000000,1.00000000,0.00000000,0.00000000,0,38.38035035,38.38035035,0.00000000,0.00000000,0.00000000,0.00000000,0.00000000,0.00000000,0
196144796,1,0,0,0,400,600,400,100,0,1,0,0,1,0,0,0,0,0.00000000,0.00000000,0.00000000,0.00000000,0.00000000,0.00000000,0,0,0,6,1,-0.12246037,-0.12196179,0.12464402,0.00000000,0.00000000,0.00000000,0.00000000,0.00000000,1.00000000,0.00000000,0.00000000,0,5.15405834,3.11178197,0.00000000,0.00000000,0.00000000,1.68460431,1.64739574,0.00000000,0,0,0,6,0,0.00126895,0.00126895,-0.00000000,0.00000000,0.00000000,0.00000000,0.00000000,0.00000000,1.00000000,0.00000000,0.00000000,0,38.38035035,38.38035035,0.00000000,0.00000000,0.00000000,0.00000000,0.00000000,0.00000000,0
196144859,1,0,0,0,400,600,400,100,0,1,0,0,1,0,0,0,0,0.00000000,0.00000000,0.00000000,0.00000000,0.00000000,0.00000000,0,0,0,6,1,-0.12246037,-0.12196179,0.12464402,0.00000000,0.00000000,0.00000000,0.00000000,0.00000000,1.00000000,0.00000000,0.00000000,0,5.15405834,3.11178197,0.00000000,0.00000000,0.00000000,1.68460431,1.64739574,0.00000000,0,0,0,6,0,0.00126895,0.00126895,-0.00000000,0.00000000,0.00000000,0.00000000,0.00000000,0.00000000,1.00000000,0.00000000,0.00000000,0,38.38035035,38.38035035,0.00000000,0.00000000,0.00000000,0.00000000,0.00000000,0.00000000,0
196144921,1,0,0,0,400,600,400,100,0,1,0,0,1,0,0,0,0,0.00000000,0.00000000,0.00000000,0.00000000,0.00000000,0.00000000,0,0,0,6,1,-0.12246037,-0.12196179,0.12464402,0.00000000,0.00000000,0.00000000,0.00000000,0.00000000,1.00000000,0.00000000,0.00000000,0,5.15405834,3.11178197,0.00000000,0.00000000,0.00000000,1.68460431,1.64739574,0.00000000,0,0,0,6,0,0.00126895,0.00126895,-0.00000000,0.00000000,0.00000000,0.00000000,0.00000000,0.00000000,1.00000000,0.00000000,0.00000000,0,38.38035035,38.38035035,0.00000000,0.00000000,0.00000000,0.00000000,0.00000000,0.00000000,0
196144984,1,0,0,0,400,600,400,100,0,1,0,0,1,0,0,0,0,0.00000000,0.00000000,0.00000000,0.00000000,0.00000000,0.00000000,0,0,0,6,1,-0.12246037,-0.12196179,0.12464402,0.00000000,0.00000000,0.00000000,0.00000000,0.00000000,1.00000000,0.00000000,0.00000000,0,5.15405834,3.11178197,0.00000000,0.00000000,0.00000000,1.68460431,1.64739574,0.00000000,0,0,0,6,0,0.00126895,0.00126895,-0.00000000,0.00000000,0.00000000,0.00000000,0.00000000,0.00000000,1.00000000,0.00000000,0.00000000,0,38.38035035,38.38035035,0.00000000,0.00000000,0.00000000,0.00000000,0.00000000,0.00000000,0
196145046,1,0,0,0,400,600,400,100,0,1,0,0,1,0,0,0,0,0.00000000,0.00000000,0.00000000,0.00000000,0.00000000,0.00000000,0,0,0,6,1,-0.12246037,-0.12196179,0.12464402,0.00000000,0.00000000,0.00000000,0.00000000,0.00000000,1.00000000,0.00000000,0.00000000,0,5.15405834,3.11178197,0.00000000,0.00000000,0.00000000,1.68460431,1.64739574,0.00000000,0,0,0,6,0,0.00126895,0.00126895,-0.00000000,0.00000000,0.00000000,0.00000000,0.00000000,0.00000000,1.00000000,0.00000000,0.00000000,0,38.38035035,38.38035035,0.00000000,0.00000000,0.00000000,0.00000000,0.00000000,0.00000000,0
196145109,1,0,0,0,400,600,400,100,0,1,0,0,1,0,0,0,0,0.00000000,0.00000000,0.00000000,0.00000000,0.00000000,0.00000000,0,0,0,6,1,-0.12246037,-0.12196179,0.12464402,0.00000000,0.00000000,0.00000000,0.00000000,0.00000000,1.00000000,0.00000000,0.00000000,0,5.15405834,3.11178197,0.00000000,0.00000000,0.00000000,1.68460431,1.64739574,0.00000000,0,0,0,6,0,0.00126895,0.00126895,-0.00000000,0.00000000,0.00000000,0.00000000,0.00000000,0.00000000,1.00000000,0.00000000,0.00000000,0,38.38035035,38.38035035,0.00000000,0.00000000,0.00000000,0.00000000,0.00000000,0.00000000,0
196145171,1,0,0,0,400,600,400,100,0,1,0,0,1,0,0,0,0,0.00000000,0.00000000,0.00000000,0.00000000,0.00000000,0.00000000,0,0,0,6,1,-0.12246037,-0.12196179,0.12464402,0.00000000,0.00000000,0.00000000,0.00000000,0.00000000,1.00000000,0.00000000,0.00000000,0,5.15405834,3.11178197,0.00000000,0.00000000,0.00000000,1.68460431,1.64739574,0.00000000,0,0,0,6,0,0.00126895,0.00126895,-0.00000000,0.00000000,0.00000000,0.00000000,0.00000000,0.00000000,1.00000000,0.00000000,0.00000000,0,38.38035035,38.38035035,0.00000000,0.00000000,0.00000000,0.00000000,0.00000000,0.00000000,0
196145234,1,0,0,0,400,600,400,100,0,1,0,0,1,0,0,0,0,0.00000000,0.00000000,0.00000000,0.00000000,0.00000000,0.00000000,0,0,0,6,1,-0.12246037,-0.12196179,0.12464402,0.00000000,0.00000000,0.00000000,0.00000000,0.00000000,1.00000000,0.00000000,0.00000000,0,5.15405834,3.11178197,0.00000000,0.00000000,0.00000000,1.68460431,1.64739574,0.00000000,0,0,0,6,0,0.00126895,0.00126895,-0.00000000,0.00000000,0.00000000,0.00000000,0.00000000,0.00000000,1.00000000,0.00000000,0.00000000,0,38.38035035,38.38035035,0.00000000,0.00000000,0.00000000,0.00000000,0.00000000,0.00000000,0
196145296,1,0,0,0,400,600,400,100,0,1,0,0,1,0,0,0,0,0.00000000,0.00000000,0.00000000,0.00000000,0.00000000,0.00000000,0,0,0,6,1,-0.12246037,-0.12196179,0.12464402,0.00000000,0.00000000,0.00000000,0.00000000,0.00000000,1.00000000,0.00000000,0.00000000,0,5.15405834,3.11178197,0.00000000,0.00000000,0.00000000,1.68460431,1.64739574,0.00000000,0,0,0,6,0,0.00126895,0.00126895,-0.00000000,0.00000000,0.00000000,0.00000000,0.00000000,0.00000000,1.00000000,0.00000000,0.00000000,0,38.38035035,38.38035035,0.00000000,0.00000000,0.00000000,0.00000000,0.00000000,0.00000000,0
196145359,1,0,0,0,400,600,400,100,0,1,0,0,1,0,0,0,0,0.00000000,0.00000000,0.00000000,0.00000000,0.00000000,0.00000000,0,0,0,6,1,-0.12246037,-0.12196179,0.12464402,0.00000000,0.00000000,0.00000000,0.00000000,0.00000000,1.00000000,0.00000000,0.00000000,0,5.15405834,3.11178197,0.00000000,0.00000000,0.00000000,1.68460431,1.64739574,0.00000000,0,0,0,6,0,0.00126895,0.00126895,-0.00000000,0.00000000,0.00000000,0.00000000,0.00000000,0.00000000,1.00000000,0.00000000,0.00000000,0,38.38035035,38.38035035,0.00000000,0.00000000,0.00000000,0.00000000,0.00000000,0.00000000,0
196145421,1,0,0,0,400,600,400,100,0,1,0,0,1,0,0,0,0,0.00000000,0.00000000,0.00000000,0.00000000,0.00000000,0.00000000,0,0,0,6,1,-0.12246037,-0.12196179,0.12464402,0.00000000,0.00000000,0.00000000,0.00000000,0.00000000,1.00000000,0.00000000,0.00000000,0,5.15405834,3.11178197,0.00000000,0.00000000,0.00000000,1.68460431,1.64739574,0.00000000,0,0,0,6,0,0.00126895,0.00126895,-0.00000000,0.00000000,0.00000000,0.00000000,0.00000000,0.00000000,1.00000000,0.00000000,0.00000000,0,38.38035035,38.38035035,0.00000000,0.00000000,0.00000000,0.00000000,0.00000000,0.00000000,0
196145484,1,0,0,0,400,600,400,100,0,1,0,0,1,0,0,0,0,0.00000000,0.00000000,0.00000000,0.00000000,0.00000000,0.00000000,0,0,0,6,1,-0.12246037,-0.12196179,0.12464402,0.00000000,0.00000000,0.00000000,0.00000000,0.00000000,1.00000000,0.00000000,0.00000000,0,5.15405834,3.11178197,0.00000000,0.00000000,0.00000000,1.68460431,1.64739574,0.00000000,0,0,0,6,0,0.00126895,0.00126895,-0.00000000,0.00000000,0.00000000,0.00000000,0.00000000,0.00000000,1.00000000,0.00000000,0.00000000,0,38.38035035,38.38035035,0.00000000,0.00000000,0.00000000,0.00000000,0.00000000,0.00000000,0
196145546,1,0,0,0,400,600,400,100,0,1,0,0,1,0,0,0,0,0.00000000,0.00000000,0.00000000,0.00000000,0.00000000,0.00000000,0,0,0,6,1,-0.12246037,-0.12196179,0.12464402,0.00000000,0.00000000,0.00000000,0.00000000,0.00000000,1.00000000,0.00000000,0.00000000,0,5.15405834,3.11178197,0.00000000,0.00000000,0.00000000,1.68460431,1.64739574,0.00000000,0,0,0,6,0,0.00126895,0.00126895,-0.00000000,0.00000000,0.00000000,0.00000000,0.00000000,0.00000000,1.00000000,0.00000000,0.00000000,0,38.38035035,38.38035035,0.00000000,0.00000000,0.00000000,0.00000000,0.00000000,0.00000000,0
196145625,1,0,0,0,400,600,400,100,0,1,0,0,1,0,0,0,0,0.00000000,0.00000000,0.00000000,0.00000000,0.00000000,0.00000000,0,0,0,6,1,-0.12246037,-0.12196179,0.12464402,0.00000000,0.00000000,0.00000000,0.00000000,0.00000000,1.00000000,0.00000000,0.00000000,0,5.15405834,3.11178197,0.00000000,0.00000000,0.00000000,1.68460431,1.64739574,0.00000000,0,0,0,6,0,0.00126895,0.00126895,-0.00000000,0.00000000,0.00000000,0.00000000,0.00000000,0.00000000,1.00000000,0.00000000,0.00000000,0,38.38035035,38.38035035,0.00000000,0.00000000,0.00000000,0.00000000,0.00000000,0.00000000,0
196145703,1,0,0,0,400,600,400,100,0,1,0,0,1,0,0,0,0,0.00000000,0.00000000,0.00000000,0.00000000,0.00000000,0.00000000,0,0,0,6,1,-0.12246037,-0.12196179,0.12464402,0.00000000,0.00000000,0.00000000,0.00000000,0.00000000,1.00000000,0.00000000,0.00000000,0,5.15405834,3.11178197,0.00000000,0.00000000,0.00000000,1.68460431,1.64739574,0.00000000,0,0,0,6,0,0.00126895,0.00126895,-0.00000000,0.00000000,0.00000000,0.00000000,0.00000000,0.00000000,1.00000000,0.00000000,0.00000000,0,38.38035035,38.38035035,0.00000000,0.00000000,0.00000000,0.00000000,0.00000000,0.00000000,0
196145765,1,0,0,0,400,600,400,100,0,1,0,0,1,0,0,0,0,0.00000000,0.00000000,0.00000000,0.00000000,0.00000000,0.00000000,0,0,0,6,1,-0.12246037,-0.12196179,0.12464402,0.00000000,0.00000000,0.00000000,0.00000000,0.00000000,1.00000000,0.00000000,0.00000000,0,5.15405834,3.11178197,0.00000000,0.00000000,0.00000000,1.68460431,1.64739574,0.00000000,0,0,0,6,0,0.00126895,0.00126895,-0.00000000,0.00000000,0.00000000,0.00000000,0.00000000,0.00000000,1.00000000,0.00000000,0.00000000,0,38.38035035,38.38035035,0.00000000,0.00000000,0.00000000,0.00000000,0.00000000,0.00000000,0
196145828,1,0,0,0,400,600,400,100,0,1,0,0,1,0,0,0,0,0.00000000,0.00000000,0.00000000,0.00000000,0.00000000,0.00000000,0,0,0,6,1,-0.12246037,-0.12196179,0.12464402,0.00000000,0.00000000,0.00000000,0.00000000,0.00000000,1.00000000,0.00000000,0.00000000,0,5.15405834,3.11178197,0.00000000,0.00000000,0.00000000,1.68460431,1.64739574,0.00000000,0,0,0,6,0,0.00126895,0.00126895,-0.00000000,0.00000000,0.00000000,0.00000000,0.00000000,0.00000000,1.00000000,0.00000000,0.00000000,0,38.38035035,38.38035035,0.00000000,0.00000000,0.00000000,0.00000000,0.00000000,0.00000000,0
196145906,1,0,0,0,400,600,400,100,0,1,0,0,1,0,0,0,0,0.00000000,0.00000000,0.00000000,0.00000000,0.00000000,0.00000000,0,0,0,6,1,-0.12246037,-0.12196179,0.12464402,0.00000000,0.00000000,0.00000000,0.00000000,0.00000000,1.00000000,0.00000000,0.00000000,0,5.15405834,3.11178197,0.00000000,0.00000000,0.00000000,1.68460431,1.64739574,0.00000000,0,0,0,6,0,0.00126895,0.00126895,-0.00000000,0.00000000,0.00000000,0.00000000,0.00000000,0.00000000,1.00000000,0.00000000,0.00000000,0,38.38035035,38.38035035,0.00000000,0.00000000,0.00000000,0.00000000,0.00000000,0.00000000,0
196145968,1,0,0,0,400,600,400,100,0,1,0,0,1,0,0,0,0,0.00000000,0.00000000,0.00000000,0.00000000,0.00000000,0.00000000,0,0,0,6,1,-0.12246037,-0.12196179,0.12464402,0.00000000,0.00000000,0.00000000,0.00000000,0.00000000,1.00000000,0.00000000,0.00000000,0,5.15405834,3.11178197,0.00000000,0.00000000,0.00000000,1.68460431,1.64739574,0.00000000,0,0,0,6,0,0.00126895,0.00126895,-0.00000000,0.00000000,0.00000000,0.00000000,0.00000000,0.00000000,1.00000000,0.00000000,0.00000000,0,38.38035035,38.38035035,0.00000000,0.00000000,0.00000000,0.00000000,0.00000000,0.00000000,0
196146031,1,0,0,0,400,600,400,100,0,1,0,0,1,0,0,0,0,0.00000000,0.00000000,0.00000000,0.00000000,0.00000000,0.00000000,0,0,0,6,1,-0.12246037,-0.12196179,0.12464402,0.00000000,0.00000000,0.00000000,0.00000000,0.00000000,1.00000000,0.00000000,0.00000000,0,5.15405834,3.11178197,0.00000000,0.00000000,0.00000000,1.68460431,1.64739574,0.00000000,0,0,0,6,0,0.00126895,0.00126895,-0.00000000,0.00000000,0.00000000,0.00000000,0.00000000,0.00000000,1.00000000,0.00000000,0.00000000,0,38.38035035,38.38035035,0.00000000,0.00000000,0.00000000,0.00000000,0.00000000,0.00000000,0
196146093,1,0,0,0,400,600,400,100,0,1,0,0,1,0,0,0,0,0.00000000,0.00000000,0.00000000,0.00000000,0.00000000,0.00000000,0,0,0,6,1,-0.12246037,-0.12196179,0.12464402,0.00000000,0.00000000,0.00000000,0.00000000,0.00000000,1.00000000,0.00000000,0.00000000,0,5.15405834,3.11178197,0.00000000,0.00000000,0.00000000,1.68460431,1.64739574,0.00000000,0,0,0,6,0,0.00126895,0.00126895,-0.00000000,0.00000000,0.00000000,0.00000000,0.00000000,0.00000000,1.00000000,0.00000000,0.00000000,0,38.38035035,38.38035035,0.00000000,0.00000000,0.00000000,0.00000000,0.00000000,0.00000000,0
196146156,1,0,0,0,400,600,400,100,0,1,0,0,1,0,0,0,0,0.00000000,0.00000000,0.00000000,0.00000000,0.00000000,0.00000000,0,0,0,6,1,-0.12246037,-0.12196179,0.12464402,0.00000000,0.00000000,0.00000000,0.00000000,0.00000000,1.00000000,0.00000000,0.00000000,0,5.15405834,3.11178197,0.00000000,0.00000000,0.00000000,1.68460431,1.64739574,0.00000000,0,0,0,6,0,0.00126895,0.00126895,-0.00000000,0.00000000,0.00000000,0.00000000,0.00000000,0.00000000,1.00000000,0.00000000,0.00000000,0,38.38035035,38.38035035,0.00000000,0.00000000,0.00000000,0.00000000,0.00000000,0.00000000,0
196146218,1,0,0,0,400,600,400,100,0,1,0,0,1,0,0,0,0,0.00000000,0.00000000,0.00000000,0.00000000,0.00000000,0.00000000,0,0,0,6,1,-0.12246037,-0.12196179,0.12464402,0.00000000,0.00000000,0.00000000,0.00000000,0.00000000,1.00000000,0.00000000,0.00000000,0,5.15405834,3.11178197,0.00000000,0.00000000,0.00000000,1.68460431,1.64739574,0.00000000,0,0,0,6,0,0.00126895,0.00126895,-0.00000000,0.00000000,0.00000000,0.00000000,0.00000000,0.00000000,1.00000000,0.00000000,0.00000000,0,38.38035035,38.38035035,0.00000000,0.00000000,0.00000000,0.00000000,0.00000000,0.00000000,0
196146281,1,0,0,0,400,600,400,100,0,1,0,0,1,0,0,0,0,0.00000000,0.00000000,0.00000000,0.00000000,0.00000000,0.00000000,0,0,0,6,1,-0.12246037,-0.12196179,0.12464402,0.00000000,0.00000000,0.00000000,0.00000000,0.00000000,1.00000000,0.00000000,0.00000000,0,5.15405834,3.11178197,0.00000000,0.00000000,0.00000000,1.68460431,1.64739574,0.00000000,0,0,0,6,0,0.00126895,0.00126895,-0.00000000,0.00000000,0.00000000,0.00000000,0.00000000,0.00000000,1.00000000,0.00000000,0.00000000,0,38.38035035,38.38035035,0.00000000,0.00000000,0.00000000,0.00000000,0.00000000,0.00000000,0
196146343,1,0,0,0,400,600,400,100,0,1,0,0,1,0,0,0,0,0.00000000,0.00000000,0.00000000,0.00000000,0.00000000,0.00000000,0,0,0,6,1,-0.12246037,-0.12196179,0.12464402,0.00000000,0.00000000,0.00000000,0.00000000,0.00000000,1.00000000,0.00000000,0.00000000,0,5.15405834,3.11178197,0.00000000,0.00000000,0.00000000,1.68460431,1.64739574,0.00000000,0,0,0,6,0,0.00126895,0.00126895,-0.00000000,0.00000000,0.00000000,0.00000000,0.00000000,0.00000000,1.00000000,0.00000000,0.00000000,0,38.38035035,38.38035035,0.00000000,0.00000000,0.00000000,0.00000000,0.00000000,0.00000000,0
196146406,1,0,0,0,400,600,400,100,0,1,0,0,1,0,0,0,0,0.00000000,0.00000000,0.00000000,0.00000000,0.00000000,0.00000000,0,0,0,6,1,-0.12246037,-0.12196179,0.12464402,0.00000000,0.00000000,0.00000000,0.00000000,0.00000000,1.00000000,0.00000000,0.00000000,0,5.15405834,3.11178197,0.00000000,0.00000000,0.00000000,1.68460431,1.64739574,0.00000000,0,0,0,6,0,0.00126895,0.00126895,-0.00000000,0.00000000,0.00000000,0.00000000,0.00000000,0.00000000,1.00000000,0.00000000,0.00000000,0,38.38035035,38.38035035,0.00000000,0.00000000,0.00000000,0.00000000,0.00000000,0.00000000,0
196146468,1,0,0,0,400,600,400,100,0,1,0,0,1,0,0,0,0,0.00000000,0.00000000,0.00000000,0.00000000,0.00000000,0.00000000,0,0,0,6,1,-0.12246037,-0.12196179,0.12464402,0.00000000,0.00000000,0.00000000,0.00000000,0.00000000,1.00000000,0.00000000,0.00000000,0,5.15405834,3.11178197,0.00000000,0.00000000,0.00000000,1.68460431,1.64739574,0.00000000,0,0,0,6,0,0.00126895,0.00126895,-0.00000000,0.00000000,0.00000000,0.00000000,0.00000000,0.00000000,1.00000000,0.00000000,0.00000000,0,38.38035035,38.38035035,0.00000000,0.00000000,0.00000000,0.00000000,0.00000000,0.00000000,0
196146546,1,0,0,0,400,600,400,100,0,1,0,0,1,0,0,0,0,0.00000000,0.00000000,0.00000000,0.00000000,0.00000000,0.00000000,0,0,0,6,1,-0.12246037,-0.12196179,0.12464402,0.00000000,0.00000000,0.00000000,0.00000000,0.00000000,1.00000000,0.00000000,0.00000000,0,5.15405834,3.11178197,0.00000000,0.00000000,0.00000000,1.68460431,1.64739574,0.00000000,0,0,0,6,0,0.00126895,0.00126895,-0.00000000,0.00000000,0.00000000,0.00000000,0.00000000,0.00000000,1.00000000,0.00000000,0.00000000,0,38.38035035,38.38035035,0.00000000,0.00000000,0.00000000,0.00000000,0.00000000,0.00000000,0
196146609,1,0,0,0,400,600,400,100,0,1,0,0,1,0,0,0,0,0.00000000,0.00000000,0.00000000,0.00000000,0.00000000,0.00000000,0,0,0,6,1,-0.12246037,-0.12196179,0.12464402,0.00000000,0.00000000,0.00000000,0.00000000,0.00000000,1.00000000,0.00000000,0.00000000,0,5.15405834,3.11178197,0.00000000,0.00000000,0.00000000,1.68460431,1.64739574,0.00000000,0,0,0,6,0,0.00126895,0.00126895,-0.00000000,0.00000000,0.00000000,0.00000000,0.00000000,0.00000000,1.00000000,0.00000000,0.00000000,0,38.38035035,38.38035035,0.00000000,0.00000000,0.00000000,0.00000000,0.00000000,0.00000000,0
196146671,1,0,0,0,400,600,400,100,0,1,0,0,1,0,0,0,0,0.00000000,0.00000000,0.00000000,0.00000000,0.00000000,0.00000000,0,0,0,6,1,-0.12246037,-0.12196179,0.12464402,0.00000000,0.00000000,0.00000000,0.00000000,0.00000000,1.00000000,0.00000000,0.00000000,0,5.15405834,3.11178197,0.00000000,0.00000000,0.00000000,1.68460431,1.64739574,0.00000000,0,0,0,6,0,0.00126895,0.00126895,-0.00000000,0.00000000,0.00000000,0.00000000,0.00000000,0.00000000,1.00000000,0.00000000,0.00000000,0,38.38035035,38.38035035,0.00000000,0.00000000,0.00000000,0.00000000,0.00000000,0.00000000,0
196146734,1,0,0,0,400,600,400,100,0,1,0,0,1,0,0,0,0,0.00000000,0.00000000,0.00000000,0.00000000,0.00000000,0.00000000,0,0,0,6,1,-0.12246037,-0.12196179,0.12464402,0.00000000,0.00000000,0.00000000,0.00000000,0.00000000,1.00000000,0.00000000,0.00000000,0,5.15405834,3.11178197,0.00000000,0.00000000,0.00000000,1.68460431,1.64739574,0.00000000,0,0,0,6,0,0.00126895,0.00126895,-0.00000000,0.00000000,0.00000000,0.00000000,0.00000000,0.00000000,1.00000000,0.00000000,0.00000000,0,38.38035035,38.38035035,0.00000000,0.00000000,0.00000000,0.00000000,0.00000000,0.00000000,0
196146796,1,0,0,0,400,600,400,100,0,1,0,0,1,0,0,0,0,0.00000000,0.00000000,0.00000000,0.00000000,0.00000000,0.00000000,0,0,0,6,1,-0.12246037,-0.12196179,0.12464402,0.00000000,0.00000000,0.00000000,0.00000000,0.00000000,1.00000000,0.00000000,0.00000000,0,5.15405834,3.11178197,0.00000000,0.00000000,0.00000000,1.68460431,1.64739574,0.00000000,0,0,0,6,0,0.00126895,0.00126895,-0.00000000,0.00000000,0.00000000,0.00000000,0.00000000,0.00000000,1.00000000,0.00000000,0.00000000,0,38.38035035,38.38035035,0.00000000,0.00000000,0.00000000,0.00000000,0.00000000,0.00000000,0
196146859,1,0,0,0,400,600,400,100,0,1,0,0,1,0,0,0,0,0.00000000,0.00000000,0.00000000,0.00000000,0.00000000,0.00000000,0,0,0,6,1,-0.12246037,-0.12196179,0.12464402,0.00000000,0.00000000,0.00000000,0.00000000,0.00000000,1.00000000,0.00000000,0.00000000,0,5.15405834,3.11178197,0.00000000,0.00000000,0.00000000,1.68460431,1.64739574,0.00000000,0,0,0,6,0,0.00126895,0.00126895,-0.00000000,0.00000000,0.00000000,0.00000000,0.00000000,0.00000000,1.00000000,0.00000000,0.00000000,0,38.38035035,38.38035035,0.00000000,0.00000000,0.00000000,0.00000000,0.00000000,0.00000000,0
196146921,1,0,0,0,400,600,400,100,0,1,0,0,1,0,0,0,0,0.00000000,0.00000000,0.00000000,0.00000000,0.00000000,0.00000000,0,0,0,6,1,-0.12246037,-0.12196179,0.12464402,0.00000000,0.00000000,0.00000000,0.00000000,0.00000000,1.00000000,0.00000000,0.00000000,0,5.15405834,3.11178197,0.00000000,0.00000000,0.00000000,1.68460431,1.64739574,0.00000000,0,0,0,6,0,0.00126895,0.00126895,-0.00000000,0.00000000,0.00000000,0.00000000,0.00000000,0.00000000,1.00000000,0.00000000,0.00000000,0,38.38035035,38.38035035,0.00000000,0.00000000,0.00000000,0.00000000,0.00000000,0.00000000,0
196146984,1,0,0,0,400,600,400,100,0,1,0,0,1,0,0,0,0,0.00000000,0.00000000,0.00000000,0.00000000,0.00000000,0.00000000,0,0,0,6,1,-0.12246037,-0.12196179,0.12464402,0.00000000,0.00000000,0.00000000,0.00000000,0.00000000,1.00000000,0.00000000,0.00000000,0,5.15405834,3.11178197,0.00000000,0.00000000,0.00000000,1.68460431,1.64739574,0.00000000,0,0,0,6,0,0.00126895,0.00126895,-0.00000000,0.00000000,0.00000000,0.00000000,0.00000000,0.00000000,1.00000000,0.00000000,0.00000000,0,38.38035035,38.38035035,0.00000000,0.00000000,0.00000000,0.00000000,0.00000000,0.00000000,0
196147046,1,0,0,0,400,600,400,100,0,1,0,0,1,0,0,0,0,0.00000000,0.00000000,0.00000000,0.00000000,0.00000000,0.00000000,0,0,0,6,1,-0.12246037,-0.12196179,0.12464402,0.00000000,0.00000000,0.00000000,0.00000000,0.00000000,1.00000000,0.00000000,0.00000000,0,5.15405834,3.11178197,0.00000000,0.00000000,0.00000000,1.68460431,1.64739574,0.00000000,0,0,0,6,0,0.00126895,0.00126895,-0.00000000,0.00000000,0.00000000,0.00000000,0.00000000,0.00000000,1.00000000,0.00000000,0.00000000,0,38.38035035,38.38035035,0.00000000,0.00000000,0.00000000,0.00000000,0.00000000,0.00000000,0
196147109,1,0,0,0,400,600,400,100,0,1,0,0,1,0,0,0,0,0.00000000,0.00000000,0.00000000,0.00000000,0.00000000,0.00000000,0,0,0,6,1,-0.12246037,-0.12196179,0.12464402,0.00000000,0.00000000,0.00000000,0.00000000,0.00000000,1.00000000,0.00000000,0.00000000,0,5.15405834,3.11178197,0.00000000,0.00000000,0.00000000,1.68460431,1.64739574,0.00000000,0,0,0,6,0,0.00126895,0.00126895,-0.00000000,0.00000000,0.00000000,0.00000000,0.00000000,0.00000000,1.00000000,0.00000000,0.00000000,0,38.38035035,38.38035035,0.00000000,0.00000000,0.00000000,0.00000000,0.00000000,0.00000000,0
196147171,1,0,0,0,400,600,400,100,0,1,0,0,1,0,0,0,0,0.00000000,0.00000000,0.00000000,0.00000000,0.00000000,0.00000000,0,0,0,6,1,-0.12246037,-0.12196179,0.12464402,0.00000000,0.00000000,0.00000000,0.00000000,0.00000000,1.00000000,0.00000000,0.00000000,0,5.15405834,3.11178197,0.00000000,0.00000000,0.00000000,1.68460431,1.64739574,0.00000000,0,0,0,6,0,0.00126895,0.00126895,-0.00000000,0.00000000,0.00000000,0.00000000,0.00000000,0.00000000,1.00000000,0.00000000,0.00000000,0,38.38035035,38.38035035,0.00000000,0.00000000,0.00000000,0.00000000,0.00000000,0.00000000,0
196147234,1,0,0,0,400,600,400,100,0,1,0,0,1,0,0,0,0,0.00000000,0.00000000,0.00000000,0.00000000,0.00000000,0.00000000,0,0,0,6,1,-0.12246037,-0.12196179,0.12464402,0.00000000,0.00000000,0.00000000,0.00000000,0.00000000,1.00000000,0.00000000,0.00000000,0,5.15405834,3.11178197,0.00000000,0.00000000,0.00000000,1.68460431,1.64739574,0.00000000,0,0,0,6,0,0.00126895,0.00126895,-0.00000000,0.00000000,0.00000000,0.00000000,0.00000000,0.00000000,1.00000000,0.00000000,0.00000000,0,38.38035035,38.38035035,0.00000000,0.00000000,0.00000000,0.00000000,0.00000000,0.00000000,0
196147312,1,0,0,0,400,600,400,100,0,1,0,0,1,0,0,0,0,0.00000000,0.00000000,0.00000000,0.00000000,0.00000000,0.00000000,0,0,0,6,1,-0.12246037,-0.12196179,0.12464402,0.00000000,0.00000000,0.00000000,0.00000000,0.00000000,1.00000000,0.00000000,0.00000000,0,5.15405834,3.11178197,0.00000000,0.00000000,0.00000000,1.68460431,1.64739574,0.00000000,0,0,0,6,0,0.00126895,0.00126895,-0.00000000,0.00000000,0.00000000,0.00000000,0.00000000,0.00000000,1.00000000,0.00000000,0.00000000,0,38.38035035,38.38035035,0.00000000,0.00000000,0.00000000,0.00000000,0.00000000,0.00000000,0
196147390,1,0,0,0,400,600,400,100,0,1,0,0,1,0,0,0,0,0.00000000,0.00000000,0.00000000,0.00000000,0.00000000,0.00000000,0,0,0,6,1,-0.12246037,-0.12196179,0.12464402,0.00000000,0.00000000,0.00000000,0.00000000,0.00000000,1.00000000,0.00000000,0.00000000,0,5.15405834,3.11178197,0.00000000,0.00000000,0.00000000,1.68460431,1.64739574,0.00000000,0,0,0,6,0,0.00126895,0.00126895,-0.00000000,0.00000000,0.00000000,0.00000000,0.00000000,0.00000000,1.00000000,0.00000000,0.00000000,0,38.38035035,38.38035035,0.00000000,0.00000000,0.00000000,0.00000000,0.00000000,0.00000000,0
196147453,1,0,0,0,400,600,400,100,0,1,0,0,1,0,0,0,0,0.00000000,0.00000000,0.00000000,0.00000000,0.00000000,0.00000000,0,0,0,6,1,-0.12246037,-0.12196179,0.12464402,0.00000000,0.00000000,0.00000000,0.00000000,0.00000000,1.00000000,0.00000000,0.00000000,0,5.15405834,3.11178197,0.00000000,0.00000000,0.00000000,1.68460431,1.64739574,0.00000000,0,0,0,6,0,0.00126895,0.00126895,-0.00000000,0.00000000,0.00000000,0.00000000,0.00000000,0.00000000,1.00000000,0.00000000,0.00000000,0,38.38035035,38.38035035,0.00000000,0.00000000,0.00000000,0.00000000,0.00000000,0.00000000,0
196147515,1,0,0,0,400,600,400,100,0,1,0,0,1,0,0,0,0,0.00000000,0.00000000,0.00000000,0.00000000,0.00000000,0.00000000,0,0,0,6,1,-0.12246037,-0.12196179,0.12464402,0.00000000,0.00000000,0.00000000,0.00000000,0.00000000,1.00000000,0.00000000,0.00000000,0,5.15405834,3.11178197,0.00000000,0.00000000,0.00000000,1.68460431,1.64739574,0.00000000,0,0,0,6,0,0.00126895,0.00126895,-0.00000000,0.00000000,0.00000000,0.00000000,0.00000000,0.00000000,1.00000000,0.00000000,0.00000000,0,38.38035035,38.38035035,0.00000000,0.00000000,0.00000000,0.00000000,0.00000000,0.00000000,0
196147578,1,0,0,0,400,600,400,100,0,1,0,0,1,0,0,0,0,0.00000000,0.00000000,0.00000000,0.00000000,0.00000000,0.00000000,0,0,0,6,1,-0.12246037,-0.12196179,0.12464402,0.00000000,0.00000000,0.00000000,0.00000000,0.00000000,1.00000000,0.00000000,0.00000000,0,5.15405834,3.11178197,0.00000000,0.00000000,0.00000000,1.68460431,1.64739574,0.00000000,0,0,0,6,0,0.00126895,0.00126895,-0.00000000,0.00000000,0.00000000,0.00000000,0.00000000,0.00000000,1.00000000,0.00000000,0.00000000,0,38.38035035,38.38035035,0.00000000,0.00000000,0.00000000,0.00000000,0.00000000,0.00000000,0
196147640,1,0,0,0,400,600,400,100,0,1,0,0,1,0,0,0,0,0.00000000,0.00000000,0.00000000,0.00000000,0.00000000,0.00000000,0,0,0,6,1,-0.12246037,-0.12196179,0.12464402,0.00000000,0.00000000,0.00000000,0.00000000,0.00000000,1.00000000,0.00000000,0.00000000,0,5.15405834,3.11178197,0.00000000,0.00000000,0.00000000,1.68460431,1.64739574,0.00000000,0,0,0,6,0,0.00126895,0.00126895,-0.00000000,0.00000000,0.00000000,0.00000000,0.00000000,0.00000000,1.00000000,0.00000000,0.00000000,0,38.38035035,38.38035035,0.00000000,0.00000000,0.00000000,0.00000000,0.00000000,0.00000000,0
196147703,1,0,0,0,400,600,400,100,0,1,0,0,1,0,0,0,0,0.00000000,0.00000000,0.00000000,0.00000000,0.00000000,0.00000000,0,0,0,6,1,-0.12246037,-0.12196179,0.12464402,0.00000000,0.00000000,0.00000000,0.00000000,0.00000000,1.00000000,0.00000000,0.00000000,0,5.15405834,3.11178197,0.00000000,0.00000000,0.00000000,1.68460431,1.64739574,0.00000000,0,0,0,6,0,0.00126895,0.00126895,-0.00000000,0.00000000,0.00000000,0.00000000,0.00000000,0.00000000,1.00000000,0.00000000,0.00000000,0,38.38035035,38.38035035,0.00000000,0.00000000,0.00000000,0.00000000,0.00000000,0.00000000,0
196147765,1,0,0,0,400,600,400,100,0,1,0,0,1,0,0,0,0,0.00000000,0.00000000,0.00000000,0.00000000,0.00000000,0.00000000,0,0,0,6,1,-0.12246037,-0.12196179,0.12464402,0.00000000,0.00000000,0.00000000,0.00000000,0.00000000,1.00000000,0.00000000,0.00000000,0,5.15405834,3.11178197,0.00000000,0.00000000,0.00000000,1.68460431,1.64739574,0.00000000,0,0,0,6,0,0.00126895,0.00126895,-0.00000000,0.00000000,0.00000000,0.00000000,0.00000000,0.00000000,1.00000000,0.00000000,0.00000000,0,38.38035035,38.38035035,0.00000000,0.00000000,0.00000000,0.00000000,0.00000000,0.00000000,0
196147828,1,0,0,0,400,600,400,100,0,1,0,0,1,0,0,0,0,0.00000000,0.00000000,0.00000000,0.00000000,0.00000000,0.00000000,0,0,0,6,1,-0.12246037,-0.12196179,0.12464402,0.00000000,0.00000000,0.00000000,0.00000000,0.00000000,1.00000000,0.00000000,0.00000000,0,5.15405834,3.11178197,0.00000000,0.00000000,0.00000000,1.68460431,1.64739574,0.00000000,0,0,0,6,0,0.00126895,0.00126895,-0.00000000,0.00000000,0.00000000,0.00000000,0.00000000,0.00000000,1.00000000,0.00000000,0.00000000,0,38.38035035,38.38035035,0.00000000,0.00000000,0.00000000,0.00000000,0.00000000,0.00000000,0
196147890,1,0,0,0,400,600,400,100,0,1,0,0,1,0,0,0,0,0.00000000,0.00000000,0.00000000,0.00000000,0.00000000,0.00000000,0,0,0,6,1,-0.12246037,-0.12196179,0.12464402,0.00000000,0.00000000,0.00000000,0.00000000,0.00000000,1.00000000,0.00000000,0.00000000,0,5.15405834,3.11178197,0.00000000,0.00000000,0.00000000,1.68460431,1.64739574,0.00000000,0,0,0,6,0,0.00126895,0.00126895,-0.00000000,0.00000000,0.00000000,0.00000000,0.00000000,0.00000000,1.00000000,0.00000000,0.00000000,0,38.38035035,38.38035035,0.00000000,0.00000000,0.00000000,0.00000000,0.00000000,0.00000000,0
196147968,1,0,0,0,400,600,400,100,0,1,0,0,1,0,0,0,0,0.00000000,0.00000000,0.00000000,0.00000000,0.00000000,0.00000000,0,0,0,6,1,-0.12246037,-0.12196179,0.12464402,0.00000000,0.00000000,0.00000000,0.00000000,0.00000000,1.00000000,0.00000000,0.00000000,0,5.15405834,3.11178197,0.00000000,0.00000000,0.00000000,1.68460431,1.64739574,0.00000000,0,0,0,6,0,0.00126895,0.00126895,-0.00000000,0.00000000,0.00000000,0.00000000,0.00000000,0.00000000,1.00000000,0.00000000,0.00000000,0,38.38035035,38.38035035,0.00000000,0.00000000,0.00000000,0.00000000,0.00000000,0.00000000,0
196148031,1,0,0,0,400,600,400,100,0,1,0,0,1,0,0,0,0,0.00000000,0.00000000,0.00000000,0.00000000,0.00000000,0.00000000,0,0,0,6,1,-0.12246037,-0.12196179,0.12464402,0.00000000,0.00000000,0.00000000,0.00000000,0.00000000,1.00000000,0.00000000,0.00000000,0,5.15405834,3.11178197,0.00000000,0.00000000,0.00000000,1.68460431,1.64739574,0.00000000,0,0,0,6,0,0.00126895,0.00126895,-0.00000000,0.00000000,0.00000000,0.00000000,0.00000000,0.00000000,1.00000000,0.00000000,0.00000000,0,38.38035035,38.38035035,0.00000000,0.00000000,0.00000000,0.00000000,0.00000000,0.00000000,0
196148109,1,0,0,0,400,600,400,100,0,1,0,0,1,0,0,0,0,0.00000000,0.00000000,0.00000000,0.00000000,0.00000000,0.00000000,0,0,0,6,1,-0.12246037,-0.12196179,0.12464402,0.00000000,0.00000000,0.00000000,0.00000000,0.00000000,1.00000000,0.00000000,0.00000000,0,5.15405834,3.11178197,0.00000000,0.00000000,0.00000000,1.68460431,1.64739574,0.00000000,0,0,0,6,0,0.00126895,0.00126895,-0.00000000,0.00000000,0.00000000,0.00000000,0.00000000,0.00000000,1.00000000,0.00000000,0.00000000,0,38.38035035,38.38035035,0.00000000,0.00000000,0.00000000,0.00000000,0.00000000,0.00000000,0
196148171,1,0,0,0,400,600,400,100,0,1,0,0,1,0,0,0,0,0.00000000,0.00000000,0.00000000,0.00000000,0.00000000,0.00000000,0,0,0,6,1,-0.12246037,-0.12196179,0.12464402,0.00000000,0.00000000,0.00000000,0.00000000,0.00000000,1.00000000,0.00000000,0.00000000,0,5.15405834,3.11178197,0.00000000,0.00000000,0.00000000,1.68460431,1.64739574,0.00000000,0,0,0,6,0,0.00126895,0.00126895,-0.00000000,0.00000000,0.00000000,0.00000000,0.00000000,0.00000000,1.00000000,0.00000000,0.00000000,0,38.38035035,38.38035035,0.00000000,0.00000000,0.00000000,0.00000000,0.00000000,0.00000000,0
196148234,1,0,0,0,400,600,400,100,0,1,0,0,1,0,0,0,0,0.00000000,0.00000000,0.00000000,0.00000000,0.00000000,0.00000000,0,0,0,6,1,-0.12246037,-0.12196179,0.12464402,0.00000000,0.00000000,0.00000000,0.00000000,0.00000000,1.00000000,0.00000000,0.00000000,0,5.15405834,3.11178197,0.00000000,0.00000000,0.00000000,1.68460431,1.64739574,0.00000000,0,0,0,6,0,0.00126895,0.00126895,-0.00000000,0.00000000,0.00000000,0.00000000,0.00000000,0.00000000,1.00000000,0.00000000,0.00000000,0,38.38035035,38.38035035,0.00000000,0.00000000,0.00000000,0.00000000,0.00000000,0.00000000,0
196148296,1,0,0,0,400,600,400,100,0,1,0,0,1,0,0,0,0,0.00000000,0.00000000,0.00000000,0.00000000,0.00000000,0.00000000,0,0,0,6,1,-0.12246037,-0.12196179,0.12464402,0.00000000,0.00000000,0.00000000,0.00000000,0.00000000,1.00000000,0.00000000,0.00000000,0,5.15405834,3.11178197,0.00000000,0.00000000,0.00000000,1.68460431,1.64739574,0.00000000,0,0,0,6,0,0.00126895,0.00126895,-0.00000000,0.00000000,0.00000000,0.00000000,0.00000000,0.00000000,1.00000000,0.00000000,0.00000000,0,38.38035035,38.38035035,0.00000000,0.00000000,0.00000000,0.00000000,0.00000000,0.00000000,0
196148359,1,0,0,0,400,600,400,100,0,1,0,0,1,0,0,0,0,0.00000000,0.00000000,0.00000000,0.00000000,0.00000000,0.00000000,0,0,0,6,1,-0.12246037,-0.12196179,0.12464402,0.00000000,0.00000000,0.00000000,0.00000000,0.00000000,1.00000000,0.00000000,0.00000000,0,5.15405834,3.11178197,0.00000000,0.00000000,0.00000000,1.68460431,1.64739574,0.00000000,0,0,0,6,0,0.00126895,0.00126895,-0.00000000,0.00000000,0.00000000,0.00000000,0.00000000,0.00000000,1.00000000,0.00000000,0.00000000,0,38.38035035,38.38035035,0.00000000,0.00000000,0.00000000,0.00000000,0.00000000,0.00000000,0
196148421,1,0,0,0,400,600,400,100,0,1,0,0,1,0,0,0,0,0.00000000,0.00000000,0.00000000,0.00000000,0.00000000,0.00000000,0,0,0,6,1,-0.12246037,-0.12196179,0.12464402,0.00000000,0.00000000,0.00000000,0.00000000,0.00000000,1.00000000,0.00000000,0.00000000,0,5.15405834,3.11178197,0.00000000,0.00000000,0.00000000,1.68460431,1.64739574,0.00000000,0,0,0,6,0,0.00126895,0.00126895,-0.00000000,0.00000000,0.00000000,0.00000000,0.00000000,0.00000000,1.00000000,0.00000000,0.00000000,0,38.38035035,38.38035035,0.00000000,0.00000000,0.00000000,0.00000000,0.00000000,0.00000000,0
196148500,1,0,0,0,400,600,400,100,0,1,0,0,1,0,0,0,0,0.00000000,0.00000000,0.00000000,0.00000000,0.00000000,0.00000000,0,0,0,6,1,-0.12246037,-0.12196179,0.12464402,0.00000000,0.00000000,0.00000000,0.00000000,0.00000000,1.00000000,0.00000000,0.00000000,0,5.15405834,3.11178197,0.00000000,0.00000000,0.00000000,1.68460431,1.64739574,0.00000000,0,0,0,6,0,0.00126895,0.00126895,-0.00000000,0.00000000,0.00000000,0.00000000,0.00000000,0.00000000,1.00000000,0.00000000,0.00000000,0,38.38035035,38.38035035,0.00000000,0.00000000,0.00000000,0.00000000,0.00000000,0.00000000,0
196148562,1,0,0,0,400,600,400,100,0,1,0,0,1,0,0,0,0,0.00000000,0.00000000,0.00000000,0.00000000,0.00000000,0.00000000,0,0,0,6,1,-0.12246037,-0.12196179,0.12464402,0.00000000,0.00000000,0.00000000,0.00000000,0.00000000,1.00000000,0.00000000,0.00000000,0,5.15405834,3.11178197,0.00000000,0.00000000,0.00000000,1.68460431,1.64739574,0.00000000,0,0,0,6,0,0.00126895,0.00126895,-0.00000000,0.00000000,0.00000000,0.00000000,0.00000000,0.00000000,1.00000000,0.00000000,0.00000000,0,38.38035035,38.38035035,0.00000000,0.00000000,0.00000000,0.00000000,0.00000000,0.00000000,0
196148625,1,0,0,0,400,600,400,100,0,1,0,0,1,0,0,0,0,0.00000000,0.00000000,0.00000000,0.00000000,0.00000000,0.00000000,0,0,0,6,1,-0.12246037,-0.12196179,0.12464402,0.00000000,0.00000000,0.00000000,0.00000000,0.00000000,1.00000000,0.00000000,0.00000000,0,5.15405834,3.11178197,0.00000000,0.00000000,0.00000000,1.68460431,1.64739574,0.00000000,0,0,0,6,0,0.00126895,0.00126895,-0.00000000,0.00000000,0.00000000,0.00000000,0.00000000,0.00000000,1.00000000,0.00000000,0.00000000,0,38.38035035,38.38035035,0.00000000,0.00000000,0.00000000,0.00000000,0.00000000,0.00000000,0
196148687,1,0,0,0,400,600,400,100,0,1,0,0,1,0,0,0,0,0.00000000,0.00000000,0.00000000,0.00000000,0.00000000,0.00000000,0,0,0,6,1,-0.12246037,-0.12196179,0.12464402,0.00000000,0.00000000,0.00000000,0.00000000,0.00000000,1.00000000,0.00000000,0.00000000,0,5.15405834,3.11178197,0.00000000,0.00000000,0.00000000,1.68460431,1.64739574,0.00000000,0,0,0,6,0,0.00126895,0.00126895,-0.00000000,0.00000000,0.00000000,0.00000000,0.00000000,0.00000000,1.00000000,0.00000000,0.00000000,0,38.38035035,38.38035035,0.00000000,0.00000000,0.00000000,0.00000000,0.00000000,0.00000000,0
196148750,1,0,0,0,400,600,400,100,0,1,0,0,1,0,0,0,0,0.00000000,0.00000000,0.00000000,0.00000000,0.00000000,0.00000000,0,0,0,6,1,-0.12246037,-0.12196179,0.12464402,0.00000000,0.00000000,0.00000000,0.00000000,0.00000000,1.00000000,0.00000000,0.00000000,0,5.15405834,3.11178197,0.00000000,0.00000000,0.00000000,1.68460431,1.64739574,0.00000000,0,0,0,6,0,0.00126895,0.00126895,-0.00000000,0.00000000,0.00000000,0.00000000,0.00000000,0.00000000,1.00000000,0.00000000,0.00000000,0,38.38035035,38.38035035,0.00000000,0.00000000,0.00000000,0.00000000,0.00000000,0.00000000,0
196148828,1,0,0,0,400,600,400,100,0,1,0,0,1,0,0,0,0,0.00000000,0.00000000,0.00000000,0.00000000,0.00000000,0.00000000,0,0,0,6,1,-0.12246037,-0.12196179,0.12464402,0.00000000,0.00000000,0.00000000,0.00000000,0.00000000,1.00000000,0.00000000,0.00000000,0,5.15405834,3.11178197,0.00000000,0.00000000,0.00000000,1.68460431,1.64739574,0.00000000,0,0,0,6,0,0.00126895,0.00126895,-0.00000000,0.00000000,0.00000000,0.00000000,0.00000000,0.00000000,1.00000000,0.00000000,0.00000000,0,38.38035035,38.38035035,0.00000000,0.00000000,0.00000000,0.00000000,0.00000000,0.00000000,0
196148890,1,0,0,0,400,600,400,100,0,1,0,0,1,0,0,0,0,0.00000000,0.00000000,0.00000000,0.00000000,0.00000000,0.00000000,0,0,0,6,1,-0.12246037,-0.12196179,0.12464402,0.00000000,0.00000000,0.00000000,0.00000000,0.00000000,1.00000000,0.00000000,0.00000000,0,5.15405834,3.11178197,0.00000000,0.00000000,0.00000000,1.68460431,1.64739574,0.00000000,0,0,0,6,0,0.00126895,0.00126895,-0.00000000,0.00000000,0.00000000,0.00000000,0.00000000,0.00000000,1.00000000,0.00000000,0.00000000,0,38.38035035,38.38035035,0.00000000,0.00000000,0.00000000,0.00000000,0.00000000,0.00000000,0
196148968,1,0,0,0,400,600,400,100,0,1,0,0,1,0,0,0,0,0.00000000,0.00000000,0.00000000,0.00000000,0.00000000,0.00000000,0,0,0,6,1,-0.12246037,-0.12196179,0.12464402,0.00000000,0.00000000,0.00000000,0.00000000,0.00000000,1.00000000,0.00000000,0.00000000,0,5.15405834,3.11178197,0.00000000,0.00000000,0.00000000,1.68460431,1.64739574,0.00000000,0,0,0,6,0,0.00126895,0.00126895,-0.00000000,0.00000000,0.00000000,0.00000000,0.00000000,0.00000000,1.00000000,0.00000000,0.00000000,0,38.38035035,38.38035035,0.00000000,0.00000000,0.00000000,0.00000000,0.00000000,0.00000000,0
196149031,1,0,0,0,400,600,400,100,0,1,0,0,1,0,0,0,0,0.00000000,0.00000000,0.00000000,0.00000000,0.00000000,0.00000000,0,0,0,6,1,-0.12246037,-0.12196179,0.12464402,0.00000000,0.00000000,0.00000000,0.00000000,0.00000000,1.00000000,0.00000000,0.00000000,0,5.15405834,3.11178197,0.00000000,0.00000000,0.00000000,1.68460431,1.64739574,0.00000000,0,0,0,6,0,0.00126895,0.00126895,-0.00000000,0.00000000,0.00000000,0.00000000,0.00000000,0.00000000,1.00000000,0.00000000,0.00000000,0,38.38035035,38.38035035,0.00000000,0.00000000,0.00000000,0.00000000,0.00000000,0.00000000,0
196149093,1,0,0,0,400,600,400,100,0,1,0,0,1,0,0,0,0,0.00000000,0.00000000,0.00000000,0.00000000,0.00000000,0.00000000,0,0,0,6,1,-0.12246037,-0.12196179,0.12464402,0.00000000,0.00000000,0.00000000,0.00000000,0.00000000,1.00000000,0.00000000,0.00000000,0,5.15405834,3.11178197,0.00000000,0.00000000,0.00000000,1.68460431,1.64739574,0.00000000,0,0,0,6,0,0.00126895,0.00126895,-0.00000000,0.00000000,0.00000000,0.00000000,0.00000000,0.00000000,1.00000000,0.00000000,0.00000000,0,38.38035035,38.38035035,0.00000000,0.00000000,0.00000000,0.00000000,0.00000000,0.00000000,0
196149156,1,0,0,0,400,600,400,100,0,1,0,0,1,0,0,0,0,0.00000000,0.00000000,0.00000000,0.00000000,0.00000000,0.00000000,0,0,0,6,1,-0.12246037,-0.12196179,0.12464402,0.00000000,0.00000000,0.00000000,0.00000000,0.00000000,1.00000000,0.00000000,0.00000000,0,5.15405834,3.11178197,0.00000000,0.00000000,0.00000000,1.68460431,1.64739574,0.00000000,0,0,0,6,0,0.00126895,0.00126895,-0.00000000,0.00000000,0.00000000,0.00000000,0.00000000,0.00000000,1.00000000,0.00000000,0.00000000,0,38.38035035,38.38035035,0.00000000,0.00000000,0.00000000,0.00000000,0.00000000,0.00000000,0
196149234,1,0,0,0,400,600,400,100,0,1,0,0,1,0,0,0,0,0.00000000,0.00000000,0.00000000,0.00000000,0.00000000,0.00000000,0,0,0,6,1,-0.12246037,-0.12196179,0.12464402,0.00000000,0.00000000,0.00000000,0.00000000,0.00000000,1.00000000,0.00000000,0.00000000,0,5.15405834,3.11178197,0.00000000,0.00000000,0.00000000,1.68460431,1.64739574,0.00000000,0,0,0,6,0,0.00126895,0.00126895,-0.00000000,0.00000000,0.00000000,0.00000000,0.00000000,0.00000000,1.00000000,0.00000000,0.00000000,0,38.38035035,38.38035035,0.00000000,0.00000000,0.00000000,0.00000000,0.00000000,0.00000000,0
196149296,1,0,0,0,400,600,400,100,0,1,0,0,1,0,0,0,0,0.00000000,0.00000000,0.00000000,0.00000000,0.00000000,0.00000000,0,0,0,6,1,-0.12246037,-0.12196179,0.12464402,0.00000000,0.00000000,0.00000000,0.00000000,0.00000000,1.00000000,0.00000000,0.00000000,0,5.15405834,3.11178197,0.00000000,0.00000000,0.00000000,1.68460431,1.64739574,0.00000000,0,0,0,6,0,0.00126895,0.00126895,-0.00000000,0.00000000,0.00000000,0.00000000,0.00000000,0.00000000,1.00000000,0.00000000,0.00000000,0,38.38035035,38.38035035,0.00000000,0.00000000,0.00000000,0.00000000,0.00000000,0.00000000,0
196149359,1,0,0,0,400,600,400,100,0,1,0,0,1,0,0,0,0,0.00000000,0.00000000,0.00000000,0.00000000,0.00000000,0.00000000,0,0,0,6,1,-0.12246037,-0.12196179,0.12464402,0.00000000,0.00000000,0.00000000,0.00000000,0.00000000,1.00000000,0.00000000,0.00000000,0,5.15405834,3.11178197,0.00000000,0.00000000,0.00000000,1.68460431,1.64739574,0.00000000,0,0,0,6,0,0.00126895,0.00126895,-0.00000000,0.00000000,0.00000000,0.00000000,0.00000000,0.00000000,1.00000000,0.00000000,0.00000000,0,38.38035035,38.38035035,0.00000000,0.00000000,0.00000000,0.00000000,0.00000000,0.00000000,0
196149421,1,0,0,0,400,600,400,100,0,1,0,0,1,0,0,0,0,0.00000000,0.00000000,0.00000000,0.00000000,0.00000000,0.00000000,0,0,0,6,1,-0.12246037,-0.12196179,0.12464402,0.00000000,0.00000000,0.00000000,0.00000000,0.00000000,1.00000000,0.00000000,0.00000000,0,5.15405834,3.11178197,0.00000000,0.00000000,0.00000000,1.68460431,1.64739574,0.00000000,0,0,0,6,0,0.00126895,0.00126895,-0.00000000,0.00000000,0.00000000,0.00000000,0.00000000,0.00000000,1.00000000,0.00000000,0.00000000,0,38.38035035,38.38035035,0.00000000,0.00000000,0.00000000,0.00000000,0.00000000,0.00000000,0
196149484,1,0,0,0,400,600,400,100,0,1,0,0,1,0,0,0,0,0.00000000,0.00000000,0.00000000,0.00000000,0.00000000,0.00000000,0,0,0,6,1,-0.12246037,-0.12196179,0.12464402,0.00000000,0.00000000,0.00000000,0.00000000,0.00000000,1.00000000,0.00000000,0.00000000,0,5.15405834,3.11178197,0.00000000,0.00000000,0.00000000,1.68460431,1.64739574,0.00000000,0,0,0,6,0,0.00126895,0.00126895,-0.00000000,0.00000000,0.00000000,0.00000000,0.00000000,0.00000000,1.00000000,0.00000000,0.00000000,0,38.38035035,38.38035035,0.00000000,0.00000000,0.00000000,0.00000000,0.00000000,0.00000000,0
196149546,1,0,0,0,400,600,400,100,0,1,0,0,1,0,0,0,0,0.00000000,0.00000000,0.00000000,0.00000000,0.00000000,0.00000000,0,0,0,6,1,-0.12246037,-0.12196179,0.12464402,0.00000000,0.00000000,0.00000000,0.00000000,0.00000000,1.00000000,0.00000000,0.00000000,0,5.15405834,3.11178197,0.00000000,0.00000000,0.00000000,1.68460431,1.64739574,0.00000000,0,0,0,6,0,0.00126895,0.00126895,-0.00000000,0.00000000,0.00000000,0.00000000,0.00000000,0.00000000,1.00000000,0.00000000,0.00000000,0,38.38035035,38.38035035,0.00000000,0.00000000,0.00000000,0.00000000,0.00000000,0.00000000,0
196149609,1,0,0,0,400,600,400,100,0,1,0,0,1,0,0,0,0,0.00000000,0.00000000,0.00000000,0.00000000,0.00000000,0.00000000,0,0,0,6,1,-0.12246037,-0.12196179,0.12464402,0.00000000,0.00000000,0.00000000,0.00000000,0.00000000,1.00000000,0.00000000,0.00000000,0,5.15405834,3.11178197,0.00000000,0.00000000,0.00000000,1.68460431,1.64739574,0.00000000,0,0,0,6,0,0.00126895,0.00126895,-0.00000000,0.00000000,0.00000000,0.00000000,0.00000000,0.00000000,1.00000000,0.00000000,0.00000000,0,38.38035035,38.38035035,0.00000000,0.00000000,0.00000000,0.00000000,0.00000000,0.00000000,0
196149671,1,0,0,0,400,600,400,100,0,1,0,0,1,0,0,0,0,0.00000000,0.00000000,0.00000000,0.00000000,0.00000000,0.00000000,0,0,0,6,1,-0.12246037,-0.12196179,0.12464402,0.00000000,0.00000000,0.00000000,0.00000000,0.00000000,1.00000000,0.00000000,0.00000000,0,5.15405834,3.11178197,0.00000000,0.00000000,0.00000000,1.68460431,1.64739574,0.00000000,0,0,0,6,0,0.00126895,0.00126895,-0.00000000,0.00000000,0.00000000,0.00000000,0.00000000,0.00000000,1.00000000,0.00000000,0.00000000,0,38.38035035,38.38035035,0.00000000,0.00000000,0.00000000,0.00000000,0.00000000,0.00000000,0
196149734,1,0,0,0,400,600,400,100,0,1,0,0,1,0,0,0,0,0.00000000,0.00000000,0.00000000,0.00000000,0.00000000,0.00000000,0,0,0,6,1,-0.12246037,-0.12196179,0.12464402,0.00000000,0.00000000,0.00000000,0.00000000,0.00000000,1.00000000,0.00000000,0.00000000,0,5.15405834,3.11178197,0.00000000,0.00000000,0.00000000,1.68460431,1.64739574,0.00000000,0,0,0,6,0,0.00126895,0.00126895,-0.00000000,0.00000000,0.00000000,0.00000000,0.00000000,0.00000000,1.00000000,0.00000000,0.00000000,0,38.38035035,38.38035035,0.00000000,0.00000000,0.00000000,0.00000000,0.00000000,0.00000000,0
196149796,1,0,0,0,400,600,400,100,0,1,0,0,1,0,0,0,0,0.00000000,0.00000000,0.00000000,0.00000000,0.00000000,0.00000000,0,0,0,6,1,-0.12246037,-0.12196179,0.12464402,0.00000000,0.00000000,0.00000000,0.00000000,0.00000000,1.00000000,0.00000000,0.00000000,0,5.15405834,3.11178197,0.00000000,0.00000000,0.00000000,1.68460431,1.64739574,0.00000000,0,0,0,6,0,0.00126895,0.00126895,-0.00000000,0.00000000,0.00000000,0.00000000,0.00000000,0.00000000,1.00000000,0.00000000,0.00000000,0,38.38035035,38.38035035,0.00000000,0.00000000,0.00000000,0.00000000,0.00000000,0.00000000,0
196149859,1,0,0,0,400,600,400,100,0,1,0,0,1,0,0,0,0,0.00000000,0.00000000,0.00000000,0.00000000,0.00000000,0.00000000,0,0,0,6,1,-0.12246037,-0.12196179,0.12464402,0.00000000,0.00000000,0.00000000,0.00000000,0.00000000,1.00000000,0.00000000,0.00000000,0,5.15405834,3.11178197,0.00000000,0.00000000,0.00000000,1.68460431,1.64739574,0.00000000,0,0,0,6,0,0.00126895,0.00126895,-0.00000000,0.00000000,0.00000000,0.00000000,0.00000000,0.00000000,1.00000000,0.00000000,0.00000000,0,38.38035035,38.38035035,0.00000000,0.00000000,0.00000000,0.00000000,0.00000000,0.00000000,0
196149937,1,0,0,0,400,600,400,100,0,1,0,0,1,0,0,0,0,0.00000000,0.00000000,0.00000000,0.00000000,0.00000000,0.00000000,0,0,0,6,1,-0.12246037,-0.12196179,0.12464402,0.00000000,0.00000000,0.00000000,0.00000000,0.00000000,1.00000000,0.00000000,0.00000000,0,5.15405834,3.11178197,0.00000000,0.00000000,0.00000000,1.68460431,1.64739574,0.00000000,0,0,0,6,0,0.00126895,0.00126895,-0.00000000,0.00000000,0.00000000,0.00000000,0.00000000,0.00000000,1.00000000,0.00000000,0.00000000,0,38.38035035,38.38035035,0.00000000,0.00000000,0.00000000,0.00000000,0.00000000,0.00000000,0
196150000,1,0,0,0,400,600,400,100,0,1,0,0,1,0,0,0,0,0.00000000,0.00000000,0.00000000,0.00000000,0.00000000,0.00000000,0,0,0,6,1,-0.12246037,-0.12196179,0.12464402,0.00000000,0.00000000,0.00000000,0.00000000,0.00000000,1.00000000,0.00000000,0.00000000,0,5.15405834,3.11178197,0.00000000,0.00000000,0.00000000,1.68460431,1.64739574,0.00000000,0,0,0,6,0,0.00126895,0.00126895,-0.00000000,0.00000000,0.00000000,0.00000000,0.00000000,0.00000000,1.00000000,0.00000000,0.00000000,0,38.38035035,38.38035035,0.00000000,0.00000000,0.00000000,0.00000000,0.00000000,0.00000000,0
196150062,1,0,0,0,400,600,400,100,0,1,0,0,1,0,0,0,0,0.00000000,0.00000000,0.00000000,0.00000000,0.00000000,0.00000000,0,0,0,6,1,-0.12246037,-0.12196179,0.12464402,0.00000000,0.00000000,0.00000000,0.00000000,0.00000000,1.00000000,0.00000000,0.00000000,0,5.15405834,3.11178197,0.00000000,0.00000000,0.00000000,1.68460431,1.64739574,0.00000000,0,0,0,6,0,0.00126895,0.00126895,-0.00000000,0.00000000,0.00000000,0.00000000,0.00000000,0.00000000,1.00000000,0.00000000,0.00000000,0,38.38035035,38.38035035,0.00000000,0.00000000,0.00000000,0.00000000,0.00000000,0.00000000,0
196150125,1,0,0,0,400,600,400,100,0,1,0,0,1,0,0,0,0,0.00000000,0.00000000,0.00000000,0.00000000,0.00000000,0.00000000,0,0,0,6,1,-0.12246037,-0.12196179,0.12464402,0.00000000,0.00000000,0.00000000,0.00000000,0.00000000,1.00000000,0.00000000,0.00000000,0,5.15405834,3.11178197,0.00000000,0.00000000,0.00000000,1.68460431,1.64739574,0.00000000,0,0,0,6,0,0.00126895,0.00126895,-0.00000000,0.00000000,0.00000000,0.00000000,0.00000000,0.00000000,1.00000000,0.00000000,0.00000000,0,38.38035035,38.38035035,0.00000000,0.00000000,0.00000000,0.00000000,0.00000000,0.00000000,0
196150187,1,0,0,0,400,600,400,100,0,1,0,0,1,0,0,0,0,0.00000000,0.00000000,0.00000000,0.00000000,0.00000000,0.00000000,0,0,0,6,1,-0.12246037,-0.12196179,0.12464402,0.00000000,0.00000000,0.00000000,0.00000000,0.00000000,1.00000000,0.00000000,0.00000000,0,5.15405834,3.11178197,0.00000000,0.00000000,0.00000000,1.68460431,1.64739574,0.00000000,0,0,0,6,0,0.00126895,0.00126895,-0.00000000,0.00000000,0.00000000,0.00000000,0.00000000,0.00000000,1.00000000,0.00000000,0.00000000,0,38.38035035,38.38035035,0.00000000,0.00000000,0.00000000,0.00000000,0.00000000,0.00000000,0
196150250,1,0,0,0,400,600,400,100,0,1,0,0,1,0,0,0,0,0.00000000,0.00000000,0.00000000,0.00000000,0.00000000,0.00000000,0,0,0,6,1,-0.12246037,-0.12196179,0.12464402,0.00000000,0.00000000,0.00000000,0.00000000,0.00000000,1.00000000,0.00000000,0.00000000,0,5.15405834,3.11178197,0.00000000,0.00000000,0.00000000,1.68460431,1.64739574,0.00000000,0,0,0,6,0,0.00126895,0.00126895,-0.00000000,0.00000000,0.00000000,0.00000000,0.00000000,0.00000000,1.00000000,0.00000000,0.00000000,0,38.38035035,38.38035035,0.00000000,0.00000000,0.00000000,0.00000000,0.00000000,0.00000000,0
196150312,1,0,0,0,400,600,400,100,0,1,0,0,1,0,0,0,0,0.00000000,0.00000000,0.00000000,0.00000000,0.00000000,0.00000000,0,0,0,6,1,-0.12246037,-0.12196179,0.12464402,0.00000000,0.00000000,0.00000000,0.00000000,0.00000000,1.00000000,0.00000000,0.00000000,0,5.15405834,3.11178197,0.00000000,0.00000000,0.00000000,1.68460431,1.64739574,0.00000000,0,0,0,6,0,0.00126895,0.00126895,-0.00000000,0.00000000,0.00000000,0.00000000,0.00000000,0.00000000,1.00000000,0.00000000,0.00000000,0,38.38035035,38.38035035,0.00000000,0.00000000,0.00000000,0.00000000,0.00000000,0.00000000,0
196150375,1,0,0,0,400,600,400,100,0,1,0,0,1,0,0,0,0,0.00000000,0.00000000,0.00000000,0.00000000,0.00000000,0.00000000,0,0,0,6,1,-0.12246037,-0.12196179,0.12464402,0.00000000,0.00000000,0.00000000,0.00000000,0.00000000,1.00000000,0.00000000,0.00000000,0,5.15405834,3.11178197,0.00000000,0.00000000,0.00000000,1.68460431,1.64739574,0.00000000,0,0,0,6,0,0.00126895,0.00126895,-0.00000000,0.00000000,0.00000000,0.00000000,0.00000000,0.00000000,1.00000000,0.00000000,0.00000000,0,38.38035035,38.38035035,0.00000000,0.00000000,0.00000000,0.00000000,0.00000000,0.00000000,0
196150453,1,0,0,0,400,600,400,100,0,1,0,0,1,0,0,0,0,0.00000000,0.00000000,0.00000000,0.00000000,0.00000000,0.00000000,0,0,0,6,1,-0.12246037,-0.12196179,0.12464402,0.00000000,0.00000000,0.00000000,0.00000000,0.00000000,1.00000000,0.00000000,0.00000000,0,5.15405834,3.11178197,0.00000000,0.00000000,0.00000000,1.68460431,1.64739574,0.00000000,0,0,0,6,0,0.00126895,0.00126895,-0.00000000,0.00000000,0.00000000,0.00000000,0.00000000,0.00000000,1.00000000,0.00000000,0.00000000,0,38.38035035,38.38035035,0.00000000,0.00000000,0.00000000,0.00000000,0.00000000,0.00000000,0
196150515,1,0,0,0,400,600,400,100,0,1,0,0,1,0,0,0,0,0.00000000,0.00000000,0.00000000,0.00000000,0.00000000,0.00000000,0,0,0,6,1,-0.12246037,-0.12196179,0.12464402,0.00000000,0.00000000,0.00000000,0.00000000,0.00000000,1.00000000,0.00000000,0.00000000,0,5.15405834,3.11178197,0.00000000,0.00000000,0.00000000,1.68460431,1.64739574,0.00000000,0,0,0,6,0,0.00126895,0.00126895,-0.00000000,0.00000000,0.00000000,0.00000000,0.00000000,0.00000000,1.00000000,0.00000000,0.00000000,0,38.38035035,38.38035035,0.00000000,0.00000000,0.00000000,0.00000000,0.00000000,0.00000000,0
196150578,1,0,0,0,400,600,400,100,0,1,0,0,1,0,0,0,0,0.00000000,0.00000000,0.00000000,0.00000000,0.00000000,0.00000000,0,0,0,6,1,-0.12246037,-0.12196179,0.12464402,0.00000000,0.00000000,0.00000000,0.00000000,0.00000000,1.00000000,0.00000000,0.00000000,0,5.15405834,3.11178197,0.00000000,0.00000000,0.00000000,1.68460431,1.64739574,0.00000000,0,0,0,6,0,0.00126895,0.00126895,-0.00000000,0.00000000,0.00000000,0.00000000,0.00000000,0.00000000,1.00000000,0.00000000,0.00000000,0,38.38035035,38.38035035,0.00000000,0.00000000,0.00000000,0.00000000,0.00000000,0.00000000,0
196150640,1,0,0,0,400,600,400,100,0,1,0,0,1,0,0,0,0,0.00000000,0.00000000,0.00000000,0.00000000,0.00000000,0.00000000,0,0,0,6,1,-0.12246037,-0.12196179,0.12464402,0.00000000,0.00000000,0.00000000,0.00000000,0.00000000,1.00000000,0.00000000,0.00000000,0,5.15405834,3.11178197,0.00000000,0.00000000,0.00000000,1.68460431,1.64739574,0.00000000,0,0,0,6,0,0.00126895,0.00126895,-0.00000000,0.00000000,0.00000000,0.00000000,0.00000000,0.00000000,1.00000000,0.00000000,0.00000000,0,38.38035035,38.38035035,0.00000000,0.00000000,0.00000000,0.00000000,0.00000000,0.00000000,0
196150718,1,0,0,0,400,600,400,100,0,1,0,0,1,0,0,0,0,0.00000000,0.00000000,0.00000000,0.00000000,0.00000000,0.00000000,0,0,0,6,1,-0.12246037,-0.12196179,0.12464402,0.00000000,0.00000000,0.00000000,0.00000000,0.00000000,1.00000000,0.00000000,0.00000000,0,5.15405834,3.11178197,0.00000000,0.00000000,0.00000000,1.68460431,1.64739574,0.00000000,0,0,0,6,0,0.00126895,0.00126895,-0.00000000,0.00000000,0.00000000,0.00000000,0.00000000,0.00000000,1.00000000,0.00000000,0.00000000,0,38.38035035,38.38035035,0.00000000,0.00000000,0.00000000,0.00000000,0.00000000,0.00000000,0
196150781,1,0,0,0,400,600,400,100,0,1,0,0,1,0,0,0,0,0.00000000,0.00000000,0.00000000,0.00000000,0.00000000,0.00000000,0,0,0,6,1,-0.12246037,-0.12196179,0.12464402,0.00000000,0.00000000,0.00000000,0.00000000,0.00000000,1.00000000,0.00000000,0.00000000,0,5.15405834,3.11178197,0.00000000,0.00000000,0.00000000,1.68460431,1.64739574,0.00000000,0,0,0,6,0,0.00126895,0.00126895,-0.00000000,0.00000000,0.00000000,0.00000000,0.00000000,0.00000000,1.00000000,0.00000000,0.00000000,0,38.38035035,38.38035035,0.00000000,0.00000000,0.00000000,0.00000000,0.00000000,0.00000000,0
196150843,1,0,0,0,400,600,400,100,0,1,0,0,1,0,0,0,0,0.00000000,0.00000000,0.00000000,0.00000000,0.00000000,0.00000000,0,0,0,6,1,-0.12246037,-0.12196179,0.12464402,0.00000000,0.00000000,0.00000000,0.00000000,0.00000000,1.00000000,0.00000000,0.00000000,0,5.15405834,3.11178197,0.00000000,0.00000000,0.00000000,1.68460431,1.64739574,0.00000000,0,0,0,6,0,0.00126895,0.00126895,-0.00000000,0.00000000,0.00000000,0.00000000,0.00000000,0.00000000,1.00000000,0.00000000,0.00000000,0,38.38035035,38.38035035,0.00000000,0.00000000,0.00000000,0.00000000,0.00000000,0.00000000,0
196150906,1,0,0,0,400,600,400,100,0,1,0,0,1,0,0,0,0,0.00000000,0.00000000,0.00000000,0.00000000,0.00000000,0.00000000,0,0,0,6,1,-0.12246037,-0.12196179,0.12464402,0.00000000,0.00000000,0.00000000,0.00000000,0.00000000,1.00000000,0.00000000,0.00000000,0,5.15405834,3.11178197,0.00000000,0.00000000,0.00000000,1.68460431,1.64739574,0.00000000,0,0,0,6,0,0.00126895,0.00126895,-0.00000000,0.00000000,0.00000000,0.00000000,0.00000000,0.00000000,1.00000000,0.00000000,0.00000000,0,38.38035035,38.38035035,0.00000000,0.00000000,0.00000000,0.00000000,0.00000000,0.00000000,0
196150968,1,0,0,0,400,600,400,100,0,1,0,0,1,0,0,0,0,0.00000000,0.00000000,0.00000000,0.00000000,0.00000000,0.00000000,0,0,0,6,1,-0.12246037,-0.12196179,0.12464402,0.00000000,0.00000000,0.00000000,0.00000000,0.00000000,1.00000000,0.00000000,0.00000000,0,5.15405834,3.11178197,0.00000000,0.00000000,0.00000000,1.68460431,1.64739574,0.00000000,0,0,0,6,0,0.00126895,0.00126895,-0.00000000,0.00000000,0.00000000,0.00000000,0.00000000,0.00000000,1.00000000,0.00000000,0.00000000,0,38.38035035,38.38035035,0.00000000,0.00000000,0.00000000,0.00000000,0.00000000,0.00000000,0
196151031,1,0,0,0,400,600,400,100,0,1,0,0,1,0,0,0,0,0.00000000,0.00000000,0.00000000,0.00000000,0.00000000,0.00000000,0,0,0,6,1,-0.12246037,-0.12196179,0.12464402,0.00000000,0.00000000,0.00000000,0.00000000,0.00000000,1.00000000,0.00000000,0.00000000,0,5.15405834,3.11178197,0.00000000,0.00000000,0.00000000,1.68460431,1.64739574,0.00000000,0,0,0,6,0,0.00126895,0.00126895,-0.00000000,0.00000000,0.00000000,0.00000000,0.00000000,0.00000000,1.00000000,0.00000000,0.00000000,0,38.38035035,38.38035035,0.00000000,0.00000000,0.00000000,0.00000000,0.00000000,0.00000000,0
196151093,1,0,0,0,400,600,400,100,0,1,0,0,1,0,0,0,0,0.00000000,0.00000000,0.00000000,0.00000000,0.00000000,0.00000000,0,0,0,6,1,-0.12246037,-0.12196179,0.12464402,0.00000000,0.00000000,0.00000000,0.00000000,0.00000000,1.00000000,0.00000000,0.00000000,0,5.15405834,3.11178197,0.00000000,0.00000000,0.00000000,1.68460431,1.64739574,0.00000000,0,0,0,6,0,0.00126895,0.00126895,-0.00000000,0.00000000,0.00000000,0.00000000,0.00000000,0.00000000,1.00000000,0.00000000,0.00000000,0,38.38035035,38.38035035,0.00000000,0.00000000,0.00000000,0.00000000,0.00000000,0.00000000,0
196151156,1,0,0,0,400,600,400,100,0,1,0,0,1,0,0,0,0,0.00000000,0.00000000,0.00000000,0.00000000,0.00000000,0.00000000,0,0,0,6,1,-0.12246037,-0.12196179,0.12464402,0.00000000,0.00000000,0.00000000,0.00000000,0.00000000,1.00000000,0.00000000,0.00000000,0,5.15405834,3.11178197,0.00000000,0.00000000,0.00000000,1.68460431,1.64739574,0.00000000,0,0,0,6,0,0.00126895,0.00126895,-0.00000000,0.00000000,0.00000000,0.00000000,0.00000000,0.00000000,1.00000000,0.00000000,0.00000000,0,38.38035035,38.38035035,0.00000000,0.00000000,0.00000000,0.00000000,0.00000000,0.00000000,0
196151218,1,0,0,0,400,600,400,100,0,1,0,0,1,0,0,0,0,0.00000000,0.00000000,0.00000000,0.00000000,0.00000000,0.00000000,0,0,0,6,1,-0.12246037,-0.12196179,0.12464402,0.00000000,0.00000000,0.00000000,0.00000000,0.00000000,1.00000000,0.00000000,0.00000000,0,5.15405834,3.11178197,0.00000000,0.00000000,0.00000000,1.68460431,1.64739574,0.00000000,0,0,0,6,0,0.00126895,0.00126895,-0.00000000,0.00000000,0.00000000,0.00000000,0.00000000,0.00000000,1.00000000,0.00000000,0.00000000,0,38.38035035,38.38035035,0.00000000,0.00000000,0.00000000,0.00000000,0.00000000,0.00000000,0
196151281,1,0,0,0,400,600,400,100,0,1,0,0,1,0,0,0,0,0.00000000,0.00000000,0.00000000,0.00000000,0.00000000,0.00000000,0,0,0,6,1,-0.12246037,-0.12196179,0.12464402,0.00000000,0.00000000,0.00000000,0.00000000,0.00000000,1.00000000,0.00000000,0.00000000,0,5.15405834,3.11178197,0.00000000,0.00000000,0.00000000,1.68460431,1.64739574,0.00000000,0,0,0,6,0,0.00126895,0.00126895,-0.00000000,0.00000000,0.00000000,0.00000000,0.00000000,0.00000000,1.00000000,0.00000000,0.00000000,0,38.38035035,38.38035035,0.00000000,0.00000000,0.00000000,0.00000000,0.00000000,0.00000000,0
196151343,1,0,0,0,400,600,400,100,0,1,0,0,1,0,0,0,0,0.00000000,0.00000000,0.00000000,0.00000000,0.00000000,0.00000000,0,0,0,6,1,-0.12246037,-0.12196179,0.12464402,0.00000000,0.00000000,0.00000000,0.00000000,0.00000000,1.00000000,0.00000000,0.00000000,0,5.15405834,3.11178197,0.00000000,0.00000000,0.00000000,1.68460431,1.64739574,0.00000000,0,0,0,6,0,0.00126895,0.00126895,-0.00000000,0.00000000,0.00000000,0.00000000,0.00000000,0.00000000,1.00000000,0.00000000,0.00000000,0,38.38035035,38.38035035,0.00000000,0.00000000,0.00000000,0.00000000,0.00000000,0.00000000,0
196151406,1,0,0,0,400,600,400,100,0,1,0,0,1,0,0,0,0,0.00000000,0.00000000,0.00000000,0.00000000,0.00000000,0.00000000,0,0,0,6,1,-0.12246037,-0.12196179,0.12464402,0.00000000,0.00000000,0.00000000,0.00000000,0.00000000,1.00000000,0.00000000,0.00000000,0,5.15405834,3.11178197,0.00000000,0.00000000,0.00000000,1.68460431,1.64739574,0.00000000,0,0,0,6,0,0.00126895,0.00126895,-0.00000000,0.00000000,0.00000000,0.00000000,0.00000000,0.00000000,1.00000000,0.00000000,0.00000000,0,38.38035035,38.38035035,0.00000000,0.00000000,0.00000000,0.00000000,0.00000000,0.00000000,0
196151468,1,0,0,0,400,600,400,100,0,1,0,0,1,0,0,0,0,0.00000000,0.00000000,0.00000000,0.00000000,0.00000000,0.00000000,0,0,0,6,1,-0.12246037,-0.12196179,0.12464402,0.00000000,0.00000000,0.00000000,0.00000000,0.00000000,1.00000000,0.00000000,0.00000000,0,5.15405834,3.11178197,0.00000000,0.00000000,0.00000000,1.68460431,1.64739574,0.00000000,0,0,0,6,0,0.00126895,0.00126895,-0.00000000,0.00000000,0.00000000,0.00000000,0.00000000,0.00000000,1.00000000,0.00000000,0.00000000,0,38.38035035,38.38035035,0.00000000,0.00000000,0.00000000,0.00000000,0.00000000,0.00000000,0
196151531,1,0,0,0,400,600,400,100,0,1,0,0,1,0,0,0,0,0.00000000,0.00000000,0.00000000,0.00000000,0.00000000,0.00000000,0,0,0,6,1,-0.12246037,-0.12196179,0.12464402,0.00000000,0.00000000,0.00000000,0.00000000,0.00000000,1.00000000,0.00000000,0.00000000,0,5.15405834,3.11178197,0.00000000,0.00000000,0.00000000,1.68460431,1.64739574,0.00000000,0,0,0,6,0,0.00126895,0.00126895,-0.00000000,0.00000000,0.00000000,0.00000000,0.00000000,0.00000000,1.00000000,0.00000000,0.00000000,0,38.38035035,38.38035035,0.00000000,0.00000000,0.00000000,0.00000000,0.00000000,0.00000000,0
196151609,1,0,0,0,400,600,400,100,0,1,0,0,1,0,0,0,0,0.00000000,0.00000000,0.00000000,0.00000000,0.00000000,0.00000000,0,0,0,6,1,-0.12246037,-0.12196179,0.12464402,0.00000000,0.00000000,0.00000000,0.00000000,0.00000000,1.00000000,0.00000000,0.00000000,0,5.15405834,3.11178197,0.00000000,0.00000000,0.00000000,1.68460431,1.64739574,0.00000000,0,0,0,6,0,0.00126895,0.00126895,-0.00000000,0.00000000,0.00000000,0.00000000,0.00000000,0.00000000,1.00000000,0.00000000,0.00000000,0,38.38035035,38.38035035,0.00000000,0.00000000,0.00000000,0.00000000,0.00000000,0.00000000,0
196151671,1,0,0,0,400,600,400,100,0,1,0,0,1,0,0,0,0,0.00000000,0.00000000,0.00000000,0.00000000,0.00000000,0.00000000,0,0,0,6,1,-0.12246037,-0.12196179,0.12464402,0.00000000,0.00000000,0.00000000,0.00000000,0.00000000,1.00000000,0.00000000,0.00000000,0,5.15405834,3.11178197,0.00000000,0.00000000,0.00000000,1.68460431,1.64739574,0.00000000,0,0,0,6,0,0.00126895,0.00126895,-0.00000000,0.00000000,0.00000000,0.00000000,0.00000000,0.00000000,1.00000000,0.00000000,0.00000000,0,38.38035035,38.38035035,0.00000000,0.00000000,0.00000000,0.00000000,0.00000000,0.00000000,0
196151734,1,0,0,0,400,600,400,100,0,1,0,0,1,0,0,0,0,0.00000000,0.00000000,0.00000000,0.00000000,0.00000000,0.00000000,0,0,0,6,1,-0.12246037,-0.12196179,0.12464402,0.00000000,0.00000000,0.00000000,0.00000000,0.00000000,1.00000000,0.00000000,0.00000000,0,5.15405834,3.11178197,0.00000000,0.00000000,0.00000000,1.68460431,1.64739574,0.00000000,0,0,0,6,0,0.00126895,0.00126895,-0.00000000,0.00000000,0.00000000,0.00000000,0.00000000,0.00000000,1.00000000,0.00000000,0.00000000,0,38.38035035,38.38035035,0.00000000,0.00000000,0.00000000,0.00000000,0.00000000,0.00000000,0
196151796,1,0,0,0,400,600,400,100,0,1,0,0,1,0,0,0,0,0.00000000,0.00000000,0.00000000,0.00000000,0.00000000,0.00000000,0,0,0,6,1,-0.12246037,-0.12196179,0.12464402,0.00000000,0.00000000,0.00000000,0.00000000,0.00000000,1.00000000,0.00000000,0.00000000,0,5.15405834,3.11178197,0.00000000,0.00000000,0.00000000,1.68460431,1.64739574,0.00000000,0,0,0,6,0,0.00126895,0.00126895,-0.00000000,0.00000000,0.00000000,0.00000000,0.00000000,0.00000000,1.00000000,0.00000000,0.00000000,0,38.38035035,38.38035035,0.00000000,0.00000000,0.00000000,0.00000000,0.00000000,0.00000000,0
196151859,1,0,0,0,400,600,400,100,0,1,0,0,1,0,0,0,0,0.00000000,0.00000000,0.00000000,0.00000000,0.00000000,0.00000000,0,0,0,6,1,-0.12246037,-0.12196179,0.12464402,0.00000000,0.00000000,0.00000000,0.00000000,0.00000000,1.00000000,0.00000000,0.00000000,0,5.15405834,3.11178197,0.00000000,0.00000000,0.00000000,1.68460431,1.64739574,0.00000000,0,0,0,6,0,0.00126895,0.00126895,-0.00000000,0.00000000,0.00000000,0.00000000,0.00000000,0.00000000,1.00000000,0.00000000,0.00000000,0,38.38035035,38.38035035,0.00000000,0.00000000,0.00000000,0.00000000,0.00000000,0.00000000,0
196151921,1,0,0,0,400,600,400,100,0,1,0,0,1,0,0,0,0,0.00000000,0.00000000,0.00000000,0.00000000,0.00000000,0.00000000,0,0,0,6,1,-0.12246037,-0.12196179,0.12464402,0.00000000,0.00000000,0.00000000,0.00000000,0.00000000,1.00000000,0.00000000,0.00000000,0,5.15405834,3.11178197,0.00000000,0.00000000,0.00000000,1.68460431,1.64739574,0.00000000,0,0,0,6,0,0.00126895,0.00126895,-0.00000000,0.00000000,0.00000000,0.00000000,0.00000000,0.00000000,1.00000000,0.00000000,0.00000000,0,38.38035035,38.38035035,0.00000000,0.00000000,0.00000000,0.00000000,0.00000000,0.00000000,0
196151984,1,0,0,0,400,600,400,100,0,1,0,0,1,0,0,0,0,0.00000000,0.00000000,0.00000000,0.00000000,0.00000000,0.00000000,0,0,0,6,1,-0.12246037,-0.12196179,0.12464402,0.00000000,0.00000000,0.00000000,0.00000000,0.00000000,1.00000000,0.00000000,0.00000000,0,5.15405834,3.11178197,0.00000000,0.00000000,0.00000000,1.68460431,1.64739574,0.00000000,0,0,0,6,0,0.00126895,0.00126895,-0.00000000,0.00000000,0.00000000,0.00000000,0.00000000,0.00000000,1.00000000,0.00000000,0.00000000,0,38.38035035,38.38035035,0.00000000,0.00000000,0.00000000,0.00000000,0.00000000,0.00000000,0
196152046,1,0,0,0,400,600,400,100,0,1,0,0,1,0,0,0,0,0.00000000,0.00000000,0.00000000,0.00000000,0.00000000,0.00000000,0,0,0,6,1,-0.12246037,-0.12196179,0.12464402,0.00000000,0.00000000,0.00000000,0.00000000,0.00000000,1.00000000,0.00000000,0.00000000,0,5.15405834,3.11178197,0.00000000,0.00000000,0.00000000,1.68460431,1.64739574,0.00000000,0,0,0,6,0,0.00126895,0.00126895,-0.00000000,0.00000000,0.00000000,0.00000000,0.00000000,0.00000000,1.00000000,0.00000000,0.00000000,0,38.38035035,38.38035035,0.00000000,0.00000000,0.00000000,0.00000000,0.00000000,0.00000000,0
196152125,1,0,0,0,400,600,400,100,0,1,0,0,1,0,0,0,0,0.00000000,0.00000000,0.00000000,0.00000000,0.00000000,0.00000000,0,0,0,6,1,-0.12246037,-0.12196179,0.12464402,0.00000000,0.00000000,0.00000000,0.00000000,0.00000000,1.00000000,0.00000000,0.00000000,0,5.15405834,3.11178197,0.00000000,0.00000000,0.00000000,1.68460431,1.64739574,0.00000000,0,0,0,6,0,0.00126895,0.00126895,-0.00000000,0.00000000,0.00000000,0.00000000,0.00000000,0.00000000,1.00000000,0.00000000,0.00000000,0,38.38035035,38.38035035,0.00000000,0.00000000,0.00000000,0.00000000,0.00000000,0.00000000,0
196152187,1,0,0,0,400,600,400,100,0,1,0,0,1,0,0,0,0,0.00000000,0.00000000,0.00000000,0.00000000,0.00000000,0.00000000,0,0,0,6,1,-0.12246037,-0.12196179,0.12464402,0.00000000,0.00000000,0.00000000,0.00000000,0.00000000,1.00000000,0.00000000,0.00000000,0,5.15405834,3.11178197,0.00000000,0.00000000,0.00000000,1.68460431,1.64739574,0.00000000,0,0,0,6,0,0.00126895,0.00126895,-0.00000000,0.00000000,0.00000000,0.00000000,0.00000000,0.00000000,1.00000000,0.00000000,0.00000000,0,38.38035035,38.38035035,0.00000000,0.00000000,0.00000000,0.00000000,0.00000000,0.00000000,0
196152250,1,0,0,0,400,600,400,100,0,1,0,0,1,0,0,0,0,0.00000000,0.00000000,0.00000000,0.00000000,0.00000000,0.00000000,0,0,0,6,1,-0.12246037,-0.12196179,0.12464402,0.00000000,0.00000000,0.00000000,0.00000000,0.00000000,1.00000000,0.00000000,0.00000000,0,5.15405834,3.11178197,0.00000000,0.00000000,0.00000000,1.68460431,1.64739574,0.00000000,0,0,0,6,0,0.00126895,0.00126895,-0.00000000,0.00000000,0.00000000,0.00000000,0.00000000,0.00000000,1.00000000,0.00000000,0.00000000,0,38.38035035,38.38035035,0.00000000,0.00000000,0.00000000,0.00000000,0.00000000,0.00000000,0
196152312,1,0,0,0,400,600,400,100,0,1,0,0,1,0,0,0,0,0.00000000,0.00000000,0.00000000,0.00000000,0.00000000,0.00000000,0,0,0,6,1,-0.12246037,-0.12196179,0.12464402,0.00000000,0.00000000,0.00000000,0.00000000,0.00000000,1.00000000,0.00000000,0.00000000,0,5.15405834,3.11178197,0.00000000,0.00000000,0.00000000,1.68460431,1.64739574,0.00000000,0,0,0,6,0,0.00126895,0.00126895,-0.00000000,0.00000000,0.00000000,0.00000000,0.00000000,0.00000000,1.00000000,0.00000000,0.00000000,0,38.38035035,38.38035035,0.00000000,0.00000000,0.00000000,0.00000000,0.00000000,0.00000000,0
196152375,1,0,0,0,400,600,400,100,0,1,0,0,1,0,0,0,0,0.00000000,0.00000000,0.00000000,0.00000000,0.00000000,0.00000000,0,0,0,6,1,-0.12246037,-0.12196179,0.12464402,0.00000000,0.00000000,0.00000000,0.00000000,0.00000000,1.00000000,0.00000000,0.00000000,0,5.15405834,3.11178197,0.00000000,0.00000000,0.00000000,1.68460431,1.64739574,0.00000000,0,0,0,6,0,0.00126895,0.00126895,-0.00000000,0.00000000,0.00000000,0.00000000,0.00000000,0.00000000,1.00000000,0.00000000,0.00000000,0,38.38035035,38.38035035,0.00000000,0.00000000,0.00000000,0.00000000,0.00000000,0.00000000,0
196152453,1,0,0,0,400,600,400,100,0,1,0,0,1,0,0,0,0,0.00000000,0.00000000,0.00000000,0.00000000,0.00000000,0.00000000,0,0,0,6,1,-0.12246037,-0.12196179,0.12464402,0.00000000,0.00000000,0.00000000,0.00000000,0.00000000,1.00000000,0.00000000,0.00000000,0,5.15405834,3.11178197,0.00000000,0.00000000,0.00000000,1.68460431,1.64739574,0.00000000,0,0,0,6,0,0.00126895,0.00126895,-0.00000000,0.00000000,0.00000000,0.00000000,0.00000000,0.00000000,1.00000000,0.00000000,0.00000000,0,38.38035035,38.38035035,0.00000000,0.00000000,0.00000000,0.00000000,0.00000000,0.00000000,0
196152515,1,0,0,0,400,600,400,100,0,1,0,0,1,0,0,0,0,0.00000000,0.00000000,0.00000000,0.00000000,0.00000000,0.00000000,0,0,0,6,1,-0.12246037,-0.12196179,0.12464402,0.00000000,0.00000000,0.00000000,0.00000000,0.00000000,1.00000000,0.00000000,0.00000000,0,5.15405834,3.11178197,0.00000000,0.00000000,0.00000000,1.68460431,1.64739574,0.00000000,0,0,0,6,0,0.00126895,0.00126895,-0.00000000,0.00000000,0.00000000,0.00000000,0.00000000,0.00000000,1.00000000,0.00000000,0.00000000,0,38.38035035,38.38035035,0.00000000,0.00000000,0.00000000,0.00000000,0.00000000,0.00000000,0
196152578,1,0,0,0,400,600,400,100,0,1,0,0,1,0,0,0,0,0.00000000,0.00000000,0.00000000,0.00000000,0.00000000,0.00000000,0,0,0,6,1,-0.12246037,-0.12196179,0.12464402,0.00000000,0.00000000,0.00000000,0.00000000,0.00000000,1.00000000,0.00000000,0.00000000,0,5.15405834,3.11178197,0.00000000,0.00000000,0.00000000,1.68460431,1.64739574,0.00000000,0,0,0,6,0,0.00126895,0.00126895,-0.00000000,0.00000000,0.00000000,0.00000000,0.00000000,0.00000000,1.00000000,0.00000000,0.00000000,0,38.38035035,38.38035035,0.00000000,0.00000000,0.00000000,0.00000000,0.00000000,0.00000000,0
196152640,1,0,0,0,400,600,400,100,0,1,0,0,1,0,0,0,0,0.00000000,0.00000000,0.00000000,0.00000000,0.00000000,0.00000000,0,0,0,6,1,-0.12246037,-0.12196179,0.12464402,0.00000000,0.00000000,0.00000000,0.00000000,0.00000000,1.00000000,0.00000000,0.00000000,0,5.15405834,3.11178197,0.00000000,0.00000000,0.00000000,1.68460431,1.64739574,0.00000000,0,0,0,6,0,0.00126895,0.00126895,-0.00000000,0.00000000,0.00000000,0.00000000,0.00000000,0.00000000,1.00000000,0.00000000,0.00000000,0,38.38035035,38.38035035,0.00000000,0.00000000,0.00000000,0.00000000,0.00000000,0.00000000,0
196152703,1,0,0,0,400,600,400,100,0,1,0,0,1,0,0,0,0,0.00000000,0.00000000,0.00000000,0.00000000,0.00000000,0.00000000,0,0,0,6,1,-0.12246037,-0.12196179,0.12464402,0.00000000,0.00000000,0.00000000,0.00000000,0.00000000,1.00000000,0.00000000,0.00000000,0,5.15405834,3.11178197,0.00000000,0.00000000,0.00000000,1.68460431,1.64739574,0.00000000,0,0,0,6,0,0.00126895,0.00126895,-0.00000000,0.00000000,0.00000000,0.00000000,0.00000000,0.00000000,1.00000000,0.00000000,0.00000000,0,38.38035035,38.38035035,0.00000000,0.00000000,0.00000000,0.00000000,0.00000000,0.00000000,0
196152765,1,0,0,0,400,600,400,100,0,1,0,0,1,0,0,0,0,0.00000000,0.00000000,0.00000000,0.00000000,0.00000000,0.00000000,0,0,0,6,1,-0.12246037,-0.12196179,0.12464402,0.00000000,0.00000000,0.00000000,0.00000000,0.00000000,1.00000000,0.00000000,0.00000000,0,5.15405834,3.11178197,0.00000000,0.00000000,0.00000000,1.68460431,1.64739574,0.00000000,0,0,0,6,0,0.00126895,0.00126895,-0.00000000,0.00000000,0.00000000,0.00000000,0.00000000,0.00000000,1.00000000,0.00000000,0.00000000,0,38.38035035,38.38035035,0.00000000,0.00000000,0.00000000,0.00000000,0.00000000,0.00000000,0
196152828,1,0,0,0,400,600,400,100,0,1,0,0,1,0,0,0,0,0.00000000,0.00000000,0.00000000,0.00000000,0.00000000,0.00000000,0,0,0,6,1,-0.12246037,-0.12196179,0.12464402,0.00000000,0.00000000,0.00000000,0.00000000,0.00000000,1.00000000,0.00000000,0.00000000,0,5.15405834,3.11178197,0.00000000,0.00000000,0.00000000,1.68460431,1.64739574,0.00000000,0,0,0,6,0,0.00126895,0.00126895,-0.00000000,0.00000000,0.00000000,0.00000000,0.00000000,0.00000000,1.00000000,0.00000000,0.00000000,0,38.38035035,38.38035035,0.00000000,0.00000000,0.00000000,0.00000000,0.00000000,0.00000000,0
196152890,1,0,0,0,400,600,400,100,0,1,0,0,1,0,0,0,0,0.00000000,0.00000000,0.00000000,0.00000000,0.00000000,0.00000000,0,0,0,6,1,-0.12246037,-0.12196179,0.12464402,0.00000000,0.00000000,0.00000000,0.00000000,0.00000000,1.00000000,0.00000000,0.00000000,0,5.15405834,3.11178197,0.00000000,0.00000000,0.00000000,1.68460431,1.64739574,0.00000000,0,0,0,6,0,0.00126895,0.00126895,-0.00000000,0.00000000,0.00000000,0.00000000,0.00000000,0.00000000,1.00000000,0.00000000,0.00000000,0,38.38035035,38.38035035,0.00000000,0.00000000,0.00000000,0.00000000,0.00000000,0.00000000,0
196152953,1,0,0,0,400,600,400,100,0,1,0,0,1,0,0,0,0,0.00000000,0.00000000,0.00000000,0.00000000,0.00000000,0.00000000,0,0,0,6,1,-0.12246037,-0.12196179,0.12464402,0.00000000,0.00000000,0.00000000,0.00000000,0.00000000,1.00000000,0.00000000,0.00000000,0,5.15405834,3.11178197,0.00000000,0.00000000,0.00000000,1.68460431,1.64739574,0.00000000,0,0,0,6,0,0.00126895,0.00126895,-0.00000000,0.00000000,0.00000000,0.00000000,0.00000000,0.00000000,1.00000000,0.00000000,0.00000000,0,38.38035035,38.38035035,0.00000000,0.00000000,0.00000000,0.00000000,0.00000000,0.00000000,0
196153015,1,0,0,0,400,600,400,100,0,1,0,0,1,0,0,0,0,0.00000000,0.00000000,0.00000000,0.00000000,0.00000000,0.00000000,0,0,0,6,1,-0.12246037,-0.12196179,0.12464402,0.00000000,0.00000000,0.00000000,0.00000000,0.00000000,1.00000000,0.00000000,0.00000000,0,5.15405834,3.11178197,0.00000000,0.00000000,0.00000000,1.68460431,1.64739574,0.00000000,0,0,0,6,0,0.00126895,0.00126895,-0.00000000,0.00000000,0.00000000,0.00000000,0.00000000,0.00000000,1.00000000,0.00000000,0.00000000,0,38.38035035,38.38035035,0.00000000,0.00000000,0.00000000,0.00000000,0.00000000,0.00000000,0
196153078,1,0,0,0,400,600,400,100,0,1,0,0,1,0,0,0,0,0.00000000,0.00000000,0.00000000,0.00000000,0.00000000,0.00000000,0,0,0,6,1,-0.12246037,-0.12196179,0.12464402,0.00000000,0.00000000,0.00000000,0.00000000,0.00000000,1.00000000,0.00000000,0.00000000,0,5.15405834,3.11178197,0.00000000,0.00000000,0.00000000,1.68460431,1.64739574,0.00000000,0,0,0,6,0,0.00126895,0.00126895,-0.00000000,0.00000000,0.00000000,0.00000000,0.00000000,0.00000000,1.00000000,0.00000000,0.00000000,0,38.38035035,38.38035035,0.00000000,0.00000000,0.00000000,0.00000000,0.00000000,0.00000000,0
196153156,1,0,0,0,400,600,400,100,0,1,0,0,1,0,0,0,0,0.00000000,0.00000000,0.00000000,0.00000000,0.00000000,0.00000000,0,0,0,6,1,-0.12246037,-0.12196179,0.12464402,0.00000000,0.00000000,0.00000000,0.00000000,0.00000000,1.00000000,0.00000000,0.00000000,0,5.15405834,3.11178197,0.00000000,0.00000000,0.00000000,1.68460431,1.64739574,0.00000000,0,0,0,6,0,0.00126895,0.00126895,-0.00000000,0.00000000,0.00000000,0.00000000,0.00000000,0.00000000,1.00000000,0.00000000,0.00000000,0,38.38035035,38.38035035,0.00000000,0.00000000,0.00000000,0.00000000,0.00000000,0.00000000,0
196153218,1,0,0,0,400,600,400,100,0,1,0,0,1,0,0,0,0,0.00000000,0.00000000,0.00000000,0.00000000,0.00000000,0.00000000,0,0,0,6,1,-0.12246037,-0.12196179,0.12464402,0.00000000,0.00000000,0.00000000,0.00000000,0.00000000,1.00000000,0.00000000,0.00000000,0,5.15405834,3.11178197,0.00000000,0.00000000,0.00000000,1.68460431,1.64739574,0.00000000,0,0,0,6,0,0.00126895,0.00126895,-0.00000000,0.00000000,0.00000000,0.00000000,0.00000000,0.00000000,1.00000000,0.00000000,0.00000000,0,38.38035035,38.38035035,0.00000000,0.00000000,0.00000000,0.00000000,0.00000000,0.00000000,0
196153281,1,0,0,0,400,600,400,100,0,1,0,0,1,0,0,0,0,0.00000000,0.00000000,0.00000000,0.00000000,0.00000000,0.00000000,0,0,0,6,1,-0.12246037,-0.12196179,0.12464402,0.00000000,0.00000000,0.00000000,0.00000000,0.00000000,1.00000000,0.00000000,0.00000000,0,5.15405834,3.11178197,0.00000000,0.00000000,0.00000000,1.68460431,1.64739574,0.00000000,0,0,0,6,0,0.00126895,0.00126895,-0.00000000,0.00000000,0.00000000,0.00000000,0.00000000,0.00000000,1.00000000,0.00000000,0.00000000,0,38.38035035,38.38035035,0.00000000,0.00000000,0.00000000,0.00000000,0.00000000,0.00000000,0
196153343,1,0,0,0,400,600,400,100,0,1,0,0,1,0,0,0,0,0.00000000,0.00000000,0.00000000,0.00000000,0.00000000,0.00000000,0,0,0,6,1,-0.12246037,-0.12196179,0.12464402,0.00000000,0.00000000,0.00000000,0.00000000,0.00000000,1.00000000,0.00000000,0.00000000,0,5.15405834,3.11178197,0.00000000,0.00000000,0.00000000,1.68460431,1.64739574,0.00000000,0,0,0,6,0,0.00126895,0.00126895,-0.00000000,0.00000000,0.00000000,0.00000000,0.00000000,0.00000000,1.00000000,0.00000000,0.00000000,0,38.38035035,38.38035035,0.00000000,0.00000000,0.00000000,0.00000000,0.00000000,0.00000000,0
196153406,1,0,0,0,400,600,400,100,0,1,0,0,1,0,0,0,0,0.00000000,0.00000000,0.00000000,0.00000000,0.00000000,0.00000000,0,0,0,6,1,-0.12246037,-0.12196179,0.12464402,0.00000000,0.00000000,0.00000000,0.00000000,0.00000000,1.00000000,0.00000000,0.00000000,0,5.15405834,3.11178197,0.00000000,0.00000000,0.00000000,1.68460431,1.64739574,0.00000000,0,0,0,6,0,0.00126895,0.00126895,-0.00000000,0.00000000,0.00000000,0.00000000,0.00000000,0.00000000,1.00000000,0.00000000,0.00000000,0,38.38035035,38.38035035,0.00000000,0.00000000,0.00000000,0.00000000,0.00000000,0.00000000,0
196153468,1,0,0,0,400,600,400,100,0,1,0,0,1,0,0,0,0,0.00000000,0.00000000,0.00000000,0.00000000,0.00000000,0.00000000,0,0,0,6,1,-0.12246037,-0.12196179,0.12464402,0.00000000,0.00000000,0.00000000,0.00000000,0.00000000,1.00000000,0.00000000,0.00000000,0,5.15405834,3.11178197,0.00000000,0.00000000,0.00000000,1.68460431,1.64739574,0.00000000,0,0,0,6,0,0.00126895,0.00126895,-0.00000000,0.00000000,0.00000000,0.00000000,0.00000000,0.00000000,1.00000000,0.00000000,0.00000000,0,38.38035035,38.38035035,0.00000000,0.00000000,0.00000000,0.00000000,0.00000000,0.00000000,0
196153531,1,0,0,0,400,600,400,100,0,1,0,0,1,0,0,0,0,0.00000000,0.00000000,0.00000000,0.00000000,0.00000000,0.00000000,0,0,0,6,1,-0.12246037,-0.12196179,0.12464402,0.00000000,0.00000000,0.00000000,0.00000000,0.00000000,1.00000000,0.00000000,0.00000000,0,5.15405834,3.11178197,0.00000000,0.00000000,0.00000000,1.68460431,1.64739574,0.00000000,0,0,0,6,0,0.00126895,0.00126895,-0.00000000,0.00000000,0.00000000,0.00000000,0.00000000,0.00000000,1.00000000,0.00000000,0.00000000,0,38.38035035,38.38035035,0.00000000,0.00000000,0.00000000,0.00000000,0.00000000,0.00000000,0
196153593,1,0,0,0,400,600,400,100,0,1,0,0,1,0,0,0,0,0.00000000,0.00000000,0.00000000,0.00000000,0.00000000,0.00000000,0,0,0,6,1,-0.12246037,-0.12196179,0.12464402,0.00000000,0.00000000,0.00000000,0.00000000,0.00000000,1.00000000,0.00000000,0.00000000,0,5.15405834,3.11178197,0.00000000,0.00000000,0.00000000,1.68460431,1.64739574,0.00000000,0,0,0,6,0,0.00126895,0.00126895,-0.00000000,0.00000000,0.00000000,0.00000000,0.00000000,0.00000000,1.00000000,0.00000000,0.00000000,0,38.38035035,38.38035035,0.00000000,0.00000000,0.00000000,0.00000000,0.00000000,0.00000000,0
196153671,1,0,0,0,400,600,400,100,0,1,0,0,1,0,0,0,0,0.00000000,0.00000000,0.00000000,0.00000000,0.00000000,0.00000000,0,0,0,6,1,-0.12246037,-0.12196179,0.12464402,0.00000000,0.00000000,0.00000000,0.00000000,0.00000000,1.00000000,0.00000000,0.00000000,0,5.15405834,3.11178197,0.00000000,0.00000000,0.00000000,1.68460431,1.64739574,0.00000000,0,0,0,6,0,0.00126895,0.00126895,-0.00000000,0.00000000,0.00000000,0.00000000,0.00000000,0.00000000,1.00000000,0.00000000,0.00000000,0,38.38035035,38.38035035,0.00000000,0.00000000,0.00000000,0.00000000,0.00000000,0.00000000,0
196153734,1,0,0,0,400,600,400,100,0,1,0,0,1,0,0,0,0,0.00000000,0.00000000,0.00000000,0.00000000,0.00000000,0.00000000,0,0,0,6,1,-0.12246037,-0.12196179,0.12464402,0.00000000,0.00000000,0.00000000,0.00000000,0.00000000,1.00000000,0.00000000,0.00000000,0,5.15405834,3.11178197,0.00000000,0.00000000,0.00000000,1.68460431,1.64739574,0.00000000,0,0,0,6,0,0.00126895,0.00126895,-0.00000000,0.00000000,0.00000000,0.00000000,0.00000000,0.00000000,1.00000000,0.00000000,0.00000000,0,38.38035035,38.38035035,0.00000000,0.00000000,0.00000000,0.00000000,0.00000000,0.00000000,0
196153796,1,0,0,0,400,600,400,100,0,1,0,0,1,0,0,0,0,0.00000000,0.00000000,0.00000000,0.00000000,0.00000000,0.00000000,0,0,0,6,1,-0.12246037,-0.12196179,0.12464402,0.00000000,0.00000000,0.00000000,0.00000000,0.00000000,1.00000000,0.00000000,0.00000000,0,5.15405834,3.11178197,0.00000000,0.00000000,0.00000000,1.68460431,1.64739574,0.00000000,0,0,0,6,0,0.00126895,0.00126895,-0.00000000,0.00000000,0.00000000,0.00000000,0.00000000,0.00000000,1.00000000,0.00000000,0.00000000,0,38.38035035,38.38035035,0.00000000,0.00000000,0.00000000,0.00000000,0.00000000,0.00000000,0
196153859,1,0,0,0,400,600,400,100,0,1,0,0,1,0,0,0,0,0.00000000,0.00000000,0.00000000,0.00000000,0.00000000,0.00000000,0,0,0,6,1,-0.12246037,-0.12196179,0.12464402,0.00000000,0.00000000,0.00000000,0.00000000,0.00000000,1.00000000,0.00000000,0.00000000,0,5.15405834,3.11178197,0.00000000,0.00000000,0.00000000,1.68460431,1.64739574,0.00000000,0,0,0,6,0,0.00126895,0.00126895,-0.00000000,0.00000000,0.00000000,0.00000000,0.00000000,0.00000000,1.00000000,0.00000000,0.00000000,0,38.38035035,38.38035035,0.00000000,0.00000000,0.00000000,0.00000000,0.00000000,0.00000000,0
196153921,1,0,0,0,400,600,400,100,0,1,0,0,1,0,0,0,0,0.00000000,0.00000000,0.00000000,0.00000000,0.00000000,0.00000000,0,0,0,6,1,-0.12246037,-0.12196179,0.12464402,0.00000000,0.00000000,0.00000000,0.00000000,0.00000000,1.00000000,0.00000000,0.00000000,0,5.15405834,3.11178197,0.00000000,0.00000000,0.00000000,1.68460431,1.64739574,0.00000000,0,0,0,6,0,0.00126895,0.00126895,-0.00000000,0.00000000,0.00000000,0.00000000,0.00000000,0.00000000,1.00000000,0.00000000,0.00000000,0,38.38035035,38.38035035,0.00000000,0.00000000,0.00000000,0.00000000,0.00000000,0.00000000,0
196153984,1,0,0,0,400,600,400,100,0,1,0,0,1,0,0,0,0,0.00000000,0.00000000,0.00000000,0.00000000,0.00000000,0.00000000,0,0,0,6,1,-0.12246037,-0.12196179,0.12464402,0.00000000,0.00000000,0.00000000,0.00000000,0.00000000,1.00000000,0.00000000,0.00000000,0,5.15405834,3.11178197,0.00000000,0.00000000,0.00000000,1.68460431,1.64739574,0.00000000,0,0,0,6,0,0.00126895,0.00126895,-0.00000000,0.00000000,0.00000000,0.00000000,0.00000000,0.00000000,1.00000000,0.00000000,0.00000000,0,38.38035035,38.38035035,0.00000000,0.00000000,0.00000000,0.00000000,0.00000000,0.00000000,0
196154046,1,0,0,0,400,600,400,100,0,1,0,0,1,0,0,0,0,0.00000000,0.00000000,0.00000000,0.00000000,0.00000000,0.00000000,0,0,0,6,1,-0.12246037,-0.12196179,0.12464402,0.00000000,0.00000000,0.00000000,0.00000000,0.00000000,1.00000000,0.00000000,0.00000000,0,5.15405834,3.11178197,0.00000000,0.00000000,0.00000000,1.68460431,1.64739574,0.00000000,0,0,0,6,0,0.00126895,0.00126895,-0.00000000,0.00000000,0.00000000,0.00000000,0.00000000,0.00000000,1.00000000,0.00000000,0.00000000,0,38.38035035,38.38035035,0.00000000,0.00000000,0.00000000,0.00000000,0.00000000,0.00000000,0
196154125,1,0,0,0,400,600,400,100,0,1,0,0,1,0,0,0,0,0.00000000,0.00000000,0.00000000,0.00000000,0.00000000,0.00000000,0,0,0,6,1,-0.12246037,-0.12196179,0.12464402,0.00000000,0.00000000,0.00000000,0.00000000,0.00000000,1.00000000,0.00000000,0.00000000,0,5.15405834,3.11178197,0.00000000,0.00000000,0.00000000,1.68460431,1.64739574,0.00000000,0,0,0,6,0,0.00126895,0.00126895,-0.00000000,0.00000000,0.00000000,0.00000000,0.00000000,0.00000000,1.00000000,0.00000000,0.00000000,0,38.38035035,38.38035035,0.00000000,0.00000000,0.00000000,0.00000000,0.00000000,0.00000000,0
196154187,1,0,0,0,400,600,400,100,0,1,0,0,1,0,0,0,0,0.00000000,0.00000000,0.00000000,0.00000000,0.00000000,0.00000000,0,0,0,6,1,-0.12246037,-0.12196179,0.12464402,0.00000000,0.00000000,0.00000000,0.00000000,0.00000000,1.00000000,0.00000000,0.00000000,0,5.15405834,3.11178197,0.00000000,0.00000000,0.00000000,1.68460431,1.64739574,0.00000000,0,0,0,6,0,0.00126895,0.00126895,-0.00000000,0.00000000,0.00000000,0.00000000,0.00000000,0.00000000,1.00000000,0.00000000,0.00000000,0,38.38035035,38.38035035,0.00000000,0.00000000,0.00000000,0.00000000,0.00000000,0.00000000,0
196154250,1,0,0,0,400,600,400,100,0,1,0,0,1,0,0,0,0,0.00000000,0.00000000,0.00000000,0.00000000,0.00000000,0.00000000,0,0,0,6,1,-0.12246037,-0.12196179,0.12464402,0.00000000,0.00000000,0.00000000,0.00000000,0.00000000,1.00000000,0.00000000,0.00000000,0,5.15405834,3.11178197,0.00000000,0.00000000,0.00000000,1.68460431,1.64739574,0.00000000,0,0,0,6,0,0.00126895,0.00126895,-0.00000000,0.00000000,0.00000000,0.00000000,0.00000000,0.00000000,1.00000000,0.00000000,0.00000000,0,38.38035035,38.38035035,0.00000000,0.00000000,0.00000000,0.00000000,0.00000000,0.00000000,0
196154312,1,0,0,0,400,600,400,100,0,1,0,0,1,0,0,0,0,0.00000000,0.00000000,0.00000000,0.00000000,0.00000000,0.00000000,0,0,0,6,1,-0.12246037,-0.12196179,0.12464402,0.00000000,0.00000000,0.00000000,0.00000000,0.00000000,1.00000000,0.00000000,0.00000000,0,5.15405834,3.11178197,0.00000000,0.00000000,0.00000000,1.68460431,1.64739574,0.00000000,0,0,0,6,0,0.00126895,0.00126895,-0.00000000,0.00000000,0.00000000,0.00000000,0.00000000,0.00000000,1.00000000,0.00000000,0.00000000,0,38.38035035,38.38035035,0.00000000,0.00000000,0.00000000,0.00000000,0.00000000,0.00000000,0
196154375,1,0,0,0,400,600,400,100,0,1,0,0,1,0,0,0,0,0.00000000,0.00000000,0.00000000,0.00000000,0.00000000,0.00000000,0,0,0,6,1,-0.12246037,-0.12196179,0.12464402,0.00000000,0.00000000,0.00000000,0.00000000,0.00000000,1.00000000,0.00000000,0.00000000,0,5.15405834,3.11178197,0.00000000,0.00000000,0.00000000,1.68460431,1.64739574,0.00000000,0,0,0,6,0,0.00126895,0.00126895,-0.00000000,0.00000000,0.00000000,0.00000000,0.00000000,0.00000000,1.00000000,0.00000000,0.00000000,0,38.38035035,38.38035035,0.00000000,0.00000000,0.00000000,0.00000000,0.00000000,0.00000000,0
196154453,1,0,0,0,400,600,400,100,0,1,0,0,1,0,0,0,0,0.00000000,0.00000000,0.00000000,0.00000000,0.00000000,0.00000000,0,0,0,6,1,-0.12246037,-0.12196179,0.12464402,0.00000000,0.00000000,0.00000000,0.00000000,0.00000000,1.00000000,0.00000000,0.00000000,0,5.15405834,3.11178197,0.00000000,0.00000000,0.00000000,1.68460431,1.64739574,0.00000000,0,0,0,6,0,0.00126895,0.00126895,-0.00000000,0.00000000,0.00000000,0.00000000,0.00000000,0.00000000,1.00000000,0.00000000,0.00000000,0,38.38035035,38.38035035,0.00000000,0.00000000,0.00000000,0.00000000,0.00000000,0.00000000,0
196154515,1,0,0,0,400,600,400,100,0,1,0,0,1,0,0,0,0,0.00000000,0.00000000,0.00000000,0.00000000,0.00000000,0.00000000,0,0,0,6,1,-0.12246037,-0.12196179,0.12464402,0.00000000,0.00000000,0.00000000,0.00000000,0.00000000,1.00000000,0.00000000,0.00000000,0,5.15405834,3.11178197,0.00000000,0.00000000,0.00000000,1.68460431,1.64739574,0.00000000,0,0,0,6,0,0.00126895,0.00126895,-0.00000000,0.00000000,0.00000000,0.00000000,0.00000000,0.00000000,1.00000000,0.00000000,0.00000000,0,38.38035035,38.38035035,0.00000000,0.00000000,0.00000000,0.00000000,0.00000000,0.00000000,0
196154578,1,0,0,0,400,600,400,100,0,1,0,0,1,0,0,0,0,0.00000000,0.00000000,0.00000000,0.00000000,0.00000000,0.00000000,0,0,0,6,1,-0.12246037,-0.12196179,0.12464402,0.00000000,0.00000000,0.00000000,0.00000000,0.00000000,1.00000000,0.00000000,0.00000000,0,5.15405834,3.11178197,0.00000000,0.00000000,0.00000000,1.68460431,1.64739574,0.00000000,0,0,0,6,0,0.00126895,0.00126895,-0.00000000,0.00000000,0.00000000,0.00000000,0.00000000,0.00000000,1.00000000,0.00000000,0.00000000,0,38.38035035,38.38035035,0.00000000,0.00000000,0.00000000,0.00000000,0.00000000,0.00000000,0
196154640,1,0,0,0,400,600,400,100,0,1,0,0,1,0,0,0,0,0.00000000,0.00000000,0.00000000,0.00000000,0.00000000,0.00000000,0,0,0,6,1,-0.12246037,-0.12196179,0.12464402,0.00000000,0.00000000,0.00000000,0.00000000,0.00000000,1.00000000,0.00000000,0.00000000,0,5.15405834,3.11178197,0.00000000,0.00000000,0.00000000,1.68460431,1.64739574,0.00000000,0,0,0,6,0,0.00126895,0.00126895,-0.00000000,0.00000000,0.00000000,0.00000000,0.00000000,0.00000000,1.00000000,0.00000000,0.00000000,0,38.38035035,38.38035035,0.00000000,0.00000000,0.00000000,0.00000000,0.00000000,0.00000000,0
196154703,1,0,0,0,400,600,400,100,0,1,0,0,1,0,0,0,0,0.00000000,0.00000000,0.00000000,0.00000000,0.00000000,0.00000000,0,0,0,6,1,-0.12246037,-0.12196179,0.12464402,0.00000000,0.00000000,0.00000000,0.00000000,0.00000000,1.00000000,0.00000000,0.00000000,0,5.15405834,3.11178197,0.00000000,0.00000000,0.00000000,1.68460431,1.64739574,0.00000000,0,0,0,6,0,0.00126895,0.00126895,-0.00000000,0.00000000,0.00000000,0.00000000,0.00000000,0.00000000,1.00000000,0.00000000,0.00000000,0,38.38035035,38.38035035,0.00000000,0.00000000,0.00000000,0.00000000,0.00000000,0.00000000,0
196154781,1,0,0,0,400,600,400,100,0,1,0,0,1,0,0,0,0,0.00000000,0.00000000,0.00000000,0.00000000,0.00000000,0.00000000,0,0,0,6,1,-0.12246037,-0.12196179,0.12464402,0.00000000,0.00000000,0.00000000,0.00000000,0.00000000,1.00000000,0.00000000,0.00000000,0,5.15405834,3.11178197,0.00000000,0.00000000,0.00000000,1.68460431,1.64739574,0.00000000,0,0,0,6,0,0.00126895,0.00126895,-0.00000000,0.00000000,0.00000000,0.00000000,0.00000000,0.00000000,1.00000000,0.00000000,0.00000000,0,38.38035035,38.38035035,0.00000000,0.00000000,0.00000000,0.00000000,0.00000000,0.00000000,0
196154859,1,0,0,0,400,600,400,100,0,1,0,0,1,0,0,0,0,0.00000000,0.00000000,0.00000000,0.00000000,0.00000000,0.00000000,0,0,0,6,1,-0.12246037,-0.12196179,0.12464402,0.00000000,0.00000000,0.00000000,0.00000000,0.00000000,1.00000000,0.00000000,0.00000000,0,5.15405834,3.11178197,0.00000000,0.00000000,0.00000000,1.68460431,1.64739574,0.00000000,0,0,0,6,0,0.00126895,0.00126895,-0.00000000,0.00000000,0.00000000,0.00000000,0.00000000,0.00000000,1.00000000,0.00000000,0.00000000,0,38.38035035,38.38035035,0.00000000,0.00000000,0.00000000,0.00000000,0.00000000,0.00000000,0
196154921,1,0,0,0,400,600,400,100,0,1,0,0,1,0,0,0,0,0.00000000,0.00000000,0.00000000,0.00000000,0.00000000,0.00000000,0,0,0,6,1,-0.12246037,-0.12196179,0.12464402,0.00000000,0.00000000,0.00000000,0.00000000,0.00000000,1.00000000,0.00000000,0.00000000,0,5.15405834,3.11178197,0.00000000,0.00000000,0.00000000,1.68460431,1.64739574,0.00000000,0,0,0,6,0,0.00126895,0.00126895,-0.00000000,0.00000000,0.00000000,0.00000000,0.00000000,0.00000000,1.00000000,0.00000000,0.00000000,0,38.38035035,38.38035035,0.00000000,0.00000000,0.00000000,0.00000000,0.00000000,0.00000000,0
196154984,1,0,0,0,400,600,400,100,0,1,0,0,1,0,0,0,0,0.00000000,0.00000000,0.00000000,0.00000000,0.00000000,0.00000000,0,0,0,6,1,-0.12246037,-0.12196179,0.12464402,0.00000000,0.00000000,0.00000000,0.00000000,0.00000000,1.00000000,0.00000000,0.00000000,0,5.15405834,3.11178197,0.00000000,0.00000000,0.00000000,1.68460431,1.64739574,0.00000000,0,0,0,6,0,0.00126895,0.00126895,-0.00000000,0.00000000,0.00000000,0.00000000,0.00000000,0.00000000,1.00000000,0.00000000,0.00000000,0,38.38035035,38.38035035,0.00000000,0.00000000,0.00000000,0.00000000,0.00000000,0.00000000,0
196155046,1,0,0,0,400,600,400,100,0,1,0,0,1,0,0,0,0,0.00000000,0.00000000,0.00000000,0.00000000,0.00000000,0.00000000,0,0,0,6,1,-0.12246037,-0.12196179,0.12464402,0.00000000,0.00000000,0.00000000,0.00000000,0.00000000,1.00000000,0.00000000,0.00000000,0,5.15405834,3.11178197,0.00000000,0.00000000,0.00000000,1.68460431,1.64739574,0.00000000,0,0,0,6,0,0.00126895,0.00126895,-0.00000000,0.00000000,0.00000000,0.00000000,0.00000000,0.00000000,1.00000000,0.00000000,0.00000000,0,38.38035035,38.38035035,0.00000000,0.00000000,0.00000000,0.00000000,0.00000000,0.00000000,0
196155125,1,0,0,0,400,600,400,100,0,1,0,0,1,0,0,0,0,0.00000000,0.00000000,0.00000000,0.00000000,0.00000000,0.00000000,0,0,0,6,1,-0.12246037,-0.12196179,0.12464402,0.00000000,0.00000000,0.00000000,0.00000000,0.00000000,1.00000000,0.00000000,0.00000000,0,5.15405834,3.11178197,0.00000000,0.00000000,0.00000000,1.68460431,1.64739574,0.00000000,0,0,0,6,0,0.00126895,0.00126895,-0.00000000,0.00000000,0.00000000,0.00000000,0.00000000,0.00000000,1.00000000,0.00000000,0.00000000,0,38.38035035,38.38035035,0.00000000,0.00000000,0.00000000,0.00000000,0.00000000,0.00000000,0
196155187,1,0,0,0,400,600,400,100,0,1,0,0,1,0,0,0,0,0.00000000,0.00000000,0.00000000,0.00000000,0.00000000,0.00000000,0,0,0,6,1,-0.12246037,-0.12196179,0.12464402,0.00000000,0.00000000,0.00000000,0.00000000,0.00000000,1.00000000,0.00000000,0.00000000,0,5.15405834,3.11178197,0.00000000,0.00000000,0.00000000,1.68460431,1.64739574,0.00000000,0,0,0,6,0,0.00126895,0.00126895,-0.00000000,0.00000000,0.00000000,0.00000000,0.00000000,0.00000000,1.00000000,0.00000000,0.00000000,0,38.38035035,38.38035035,0.00000000,0.00000000,0.00000000,0.00000000,0.00000000,0.00000000,0
196155250,1,0,0,0,400,600,400,100,0,1,0,0,1,0,0,0,0,0.00000000,0.00000000,0.00000000,0.00000000,0.00000000,0.00000000,0,0,0,6,1,-0.12246037,-0.12196179,0.12464402,0.00000000,0.00000000,0.00000000,0.00000000,0.00000000,1.00000000,0.00000000,0.00000000,0,5.15405834,3.11178197,0.00000000,0.00000000,0.00000000,1.68460431,1.64739574,0.00000000,0,0,0,6,0,0.00126895,0.00126895,-0.00000000,0.00000000,0.00000000,0.00000000,0.00000000,0.00000000,1.00000000,0.00000000,0.00000000,0,38.38035035,38.38035035,0.00000000,0.00000000,0.00000000,0.00000000,0.00000000,0.00000000,0
196155312,1,0,0,0,400,600,400,100,0,1,0,0,1,0,0,0,0,0.00000000,0.00000000,0.00000000,0.00000000,0.00000000,0.00000000,0,0,0,6,1,-0.12246037,-0.12196179,0.12464402,0.00000000,0.00000000,0.00000000,0.00000000,0.00000000,1.00000000,0.00000000,0.00000000,0,5.15405834,3.11178197,0.00000000,0.00000000,0.00000000,1.68460431,1.64739574,0.00000000,0,0,0,6,0,0.00126895,0.00126895,-0.00000000,0.00000000,0.00000000,0.00000000,0.00000000,0.00000000,1.00000000,0.00000000,0.00000000,0,38.38035035,38.38035035,0.00000000,0.00000000,0.00000000,0.00000000,0.00000000,0.00000000,0
196155375,1,0,0,0,400,600,400,100,0,1,0,0,1,0,0,0,0,0.00000000,0.00000000,0.00000000,0.00000000,0.00000000,0.00000000,0,0,0,6,1,-0.12246037,-0.12196179,0.12464402,0.00000000,0.00000000,0.00000000,0.00000000,0.00000000,1.00000000,0.00000000,0.00000000,0,5.15405834,3.11178197,0.00000000,0.00000000,0.00000000,1.68460431,1.64739574,0.00000000,0,0,0,6,0,0.00126895,0.00126895,-0.00000000,0.00000000,0.00000000,0.00000000,0.00000000,0.00000000,1.00000000,0.00000000,0.00000000,0,38.38035035,38.38035035,0.00000000,0.00000000,0.00000000,0.00000000,0.00000000,0.00000000,0
196155437,1,0,0,0,400,600,400,100,0,1,0,0,1,0,0,0,0,0.00000000,0.00000000,0.00000000,0.00000000,0.00000000,0.00000000,0,0,0,6,1,-0.12246037,-0.12196179,0.12464402,0.00000000,0.00000000,0.00000000,0.00000000,0.00000000,1.00000000,0.00000000,0.00000000,0,5.15405834,3.11178197,0.00000000,0.00000000,0.00000000,1.68460431,1.64739574,0.00000000,0,0,0,6,0,0.00126895,0.00126895,-0.00000000,0.00000000,0.00000000,0.00000000,0.00000000,0.00000000,1.00000000,0.00000000,0.00000000,0,38.38035035,38.38035035,0.00000000,0.00000000,0.00000000,0.00000000,0.00000000,0.00000000,0
196155500,1,0,0,0,400,600,400,100,0,1,0,0,1,0,0,0,0,0.00000000,0.00000000,0.00000000,0.00000000,0.00000000,0.00000000,0,0,0,6,1,-0.12246037,-0.12196179,0.12464402,0.00000000,0.00000000,0.00000000,0.00000000,0.00000000,1.00000000,0.00000000,0.00000000,0,5.15405834,3.11178197,0.00000000,0.00000000,0.00000000,1.68460431,1.64739574,0.00000000,0,0,0,6,0,0.00126895,0.00126895,-0.00000000,0.00000000,0.00000000,0.00000000,0.00000000,0.00000000,1.00000000,0.00000000,0.00000000,0,38.38035035,38.38035035,0.00000000,0.00000000,0.00000000,0.00000000,0.00000000,0.00000000,0
196155562,1,0,0,0,400,600,400,100,0,1,0,0,1,0,0,0,0,0.00000000,0.00000000,0.00000000,0.00000000,0.00000000,0.00000000,0,0,0,6,1,-0.12246037,-0.12196179,0.12464402,0.00000000,0.00000000,0.00000000,0.00000000,0.00000000,1.00000000,0.00000000,0.00000000,0,5.15405834,3.11178197,0.00000000,0.00000000,0.00000000,1.68460431,1.64739574,0.00000000,0,0,0,6,0,0.00126895,0.00126895,-0.00000000,0.00000000,0.00000000,0.00000000,0.00000000,0.00000000,1.00000000,0.00000000,0.00000000,0,38.38035035,38.38035035,0.00000000,0.00000000,0.00000000,0.00000000,0.00000000,0.00000000,0
196155625,1,0,0,0,400,600,400,100,0,1,0,0,1,0,0,0,0,0.00000000,0.00000000,0.00000000,0.00000000,0.00000000,0.00000000,0,0,0,6,1,-0.12246037,-0.12196179,0.12464402,0.00000000,0.00000000,0.00000000,0.00000000,0.00000000,1.00000000,0.00000000,0.00000000,0,5.15405834,3.11178197,0.00000000,0.00000000,0.00000000,1.68460431,1.64739574,0.00000000,0,0,0,6,0,0.00126895,0.00126895,-0.00000000,0.00000000,0.00000000,0.00000000,0.00000000,0.00000000,1.00000000,0.00000000,0.00000000,0,38.38035035,38.38035035,0.00000000,0.00000000,0.00000000,0.00000000,0.00000000,0.00000000,0
196155703,1,0,0,0,400,600,400,100,0,1,0,0,1,0,0,0,0,0.00000000,0.00000000,0.00000000,0.00000000,0.00000000,0.00000000,0,0,0,6,1,-0.12246037,-0.12196179,0.12464402,0.00000000,0.00000000,0.00000000,0.00000000,0.00000000,1.00000000,0.00000000,0.00000000,0,5.15405834,3.11178197,0.00000000,0.00000000,0.00000000,1.68460431,1.64739574,0.00000000,0,0,0,6,0,0.00126895,0.00126895,-0.00000000,0.00000000,0.00000000,0.00000000,0.00000000,0.00000000,1.00000000,0.00000000,0.00000000,0,38.38035035,38.38035035,0.00000000,0.00000000,0.00000000,0.00000000,0.00000000,0.00000000,0
196155765,1,0,0,0,400,600,400,100,0,1,0,0,1,0,0,0,0,0.00000000,0.00000000,0.00000000,0.00000000,0.00000000,0.00000000,0,0,0,6,1,-0.12246037,-0.12196179,0.12464402,0.00000000,0.00000000,0.00000000,0.00000000,0.00000000,1.00000000,0.00000000,0.00000000,0,5.15405834,3.11178197,0.00000000,0.00000000,0.00000000,1.68460431,1.64739574,0.00000000,0,0,0,6,0,0.00126895,0.00126895,-0.00000000,0.00000000,0.00000000,0.00000000,0.00000000,0.00000000,1.00000000,0.00000000,0.00000000,0,38.38035035,38.38035035,0.00000000,0.00000000,0.00000000,0.00000000,0.00000000,0.00000000,0
196155843,1,0,0,0,400,600,400,100,0,1,0,0,1,0,0,0,0,0.00000000,0.00000000,0.00000000,0.00000000,0.00000000,0.00000000,0,0,0,6,1,-0.12246037,-0.12196179,0.12464402,0.00000000,0.00000000,0.00000000,0.00000000,0.00000000,1.00000000,0.00000000,0.00000000,0,5.15405834,3.11178197,0.00000000,0.00000000,0.00000000,1.68460431,1.64739574,0.00000000,0,0,0,6,0,0.00126895,0.00126895,-0.00000000,0.00000000,0.00000000,0.00000000,0.00000000,0.00000000,1.00000000,0.00000000,0.00000000,0,38.38035035,38.38035035,0.00000000,0.00000000,0.00000000,0.00000000,0.00000000,0.00000000,0
196155906,1,0,0,0,400,600,400,100,0,1,0,0,1,0,0,0,0,0.00000000,0.00000000,0.00000000,0.00000000,0.00000000,0.00000000,0,0,0,6,1,-0.12246037,-0.12196179,0.12464402,0.00000000,0.00000000,0.00000000,0.00000000,0.00000000,1.00000000,0.00000000,0.00000000,0,5.15405834,3.11178197,0.00000000,0.00000000,0.00000000,1.68460431,1.64739574,0.00000000,0,0,0,6,0,0.00126895,0.00126895,-0.00000000,0.00000000,0.00000000,0.00000000,0.00000000,0.00000000,1.00000000,0.00000000,0.00000000,0,38.38035035,38.38035035,0.00000000,0.00000000,0.00000000,0.00000000,0.00000000,0.00000000,0
196155968,1,0,0,0,400,600,400,100,0,1,0,0,1,0,0,0,0,0.00000000,0.00000000,0.00000000,0.00000000,0.00000000,0.00000000,0,0,0,6,1,-0.12246037,-0.12196179,0.12464402,0.00000000,0.00000000,0.00000000,0.00000000,0.00000000,1.00000000,0.00000000,0.00000000,0,5.15405834,3.11178197,0.00000000,0.00000000,0.00000000,1.68460431,1.64739574,0.00000000,0,0,0,6,0,0.00126895,0.00126895,-0.00000000,0.00000000,0.00000000,0.00000000,0.00000000,0.00000000,1.00000000,0.00000000,0.00000000,0,38.38035035,38.38035035,0.00000000,0.00000000,0.00000000,0.00000000,0.00000000,0.00000000,0
196156031,1,0,0,0,400,600,400,100,0,1,0,0,1,0,0,0,0,0.00000000,0.00000000,0.00000000,0.00000000,0.00000000,0.00000000,0,0,0,6,1,-0.12246037,-0.12196179,0.12464402,0.00000000,0.00000000,0.00000000,0.00000000,0.00000000,1.00000000,0.00000000,0.00000000,0,5.15405834,3.11178197,0.00000000,0.00000000,0.00000000,1.68460431,1.64739574,0.00000000,0,0,0,6,0,0.00126895,0.00126895,-0.00000000,0.00000000,0.00000000,0.00000000,0.00000000,0.00000000,1.00000000,0.00000000,0.00000000,0,38.38035035,38.38035035,0.00000000,0.00000000,0.00000000,0.00000000,0.00000000,0.00000000,0
196156093,1,0,0,0,400,600,400,100,0,1,0,0,1,0,0,0,0,0.00000000,0.00000000,0.00000000,0.00000000,0.00000000,0.00000000,0,0,0,6,1,-0.12246037,-0.12196179,0.12464402,0.00000000,0.00000000,0.00000000,0.00000000,0.00000000,1.00000000,0.00000000,0.00000000,0,5.15405834,3.11178197,0.00000000,0.00000000,0.00000000,1.68460431,1.64739574,0.00000000,0,0,0,6,0,0.00126895,0.00126895,-0.00000000,0.00000000,0.00000000,0.00000000,0.00000000,0.00000000,1.00000000,0.00000000,0.00000000,0,38.38035035,38.38035035,0.00000000,0.00000000,0.00000000,0.00000000,0.00000000,0.00000000,0
196156156,1,0,0,0,400,600,400,100,0,1,0,0,1,0,0,0,0,0.00000000,0.00000000,0.00000000,0.00000000,0.00000000,0.00000000,0,0,0,6,1,-0.12246037,-0.12196179,0.12464402,0.00000000,0.00000000,0.00000000,0.00000000,0.00000000,1.00000000,0.00000000,0.00000000,0,5.15405834,3.11178197,0.00000000,0.00000000,0.00000000,1.68460431,1.64739574,0.00000000,0,0,0,6,0,0.00126895,0.00126895,-0.00000000,0.00000000,0.00000000,0.00000000,0.00000000,0.00000000,1.00000000,0.00000000,0.00000000,0,38.38035035,38.38035035,0.00000000,0.00000000,0.00000000,0.00000000,0.00000000,0.00000000,0
196156218,1,0,0,0,400,600,400,100,0,1,0,0,1,0,0,0,0,0.00000000,0.00000000,0.00000000,0.00000000,0.00000000,0.00000000,0,0,0,6,1,-0.12246037,-0.12196179,0.12464402,0.00000000,0.00000000,0.00000000,0.00000000,0.00000000,1.00000000,0.00000000,0.00000000,0,5.15405834,3.11178197,0.00000000,0.00000000,0.00000000,1.68460431,1.64739574,0.00000000,0,0,0,6,0,0.00126895,0.00126895,-0.00000000,0.00000000,0.00000000,0.00000000,0.00000000,0.00000000,1.00000000,0.00000000,0.00000000,0,38.38035035,38.38035035,0.00000000,0.00000000,0.00000000,0.00000000,0.00000000,0.00000000,0
196156281,1,0,0,0,400,600,400,100,0,1,0,0,1,0,0,0,0,0.00000000,0.00000000,0.00000000,0.00000000,0.00000000,0.00000000,0,0,0,6,1,-0.12246037,-0.12196179,0.12464402,0.00000000,0.00000000,0.00000000,0.00000000,0.00000000,1.00000000,0.00000000,0.00000000,0,5.15405834,3.11178197,0.00000000,0.00000000,0.00000000,1.68460431,1.64739574,0.00000000,0,0,0,6,0,0.00126895,0.00126895,-0.00000000,0.00000000,0.00000000,0.00000000,0.00000000,0.00000000,1.00000000,0.00000000,0.00000000,0,38.38035035,38.38035035,0.00000000,0.00000000,0.00000000,0.00000000,0.00000000,0.00000000,0
196156343,1,0,0,0,400,600,400,100,0,1,0,0,1,0,0,0,0,0.00000000,0.000