tick_ms,session_id,guidewire_mode,axis1_phase,axis6_phase,cyl1_cmd,cyl2_cmd,cyl3_cmd,cyl4_cmd,compensation_enabled,force_sample_valid,calibration_zeroed,freeze_active,plc_hold_active,ads_return_fault,spacing_recovery_active,force_transition_active,manual_cylinder_override,fn_1_raw_v,ft_1_raw_v,fn_1_zero_v,ft_1_zero_v,calibrated_force_n,calibrated_torque_nm,logger_dropped,axis1_segment_active,axis1_grip_assumed,axis1_invalid_reason,axis1_segment_id,axis1_handle_raw,axis1_handle_filtered,axis1_raw_mapping_increment_axis_mm,axis1_nominal_forward_increment_mm,axis1_compensated_requested_forward_increment_mm,axis1_effective_forward_increment_mm,axis1_handover_forward_increment_mm,axis1_session_handover_forward_mm,axis1_compensation_gain,axis1_p_term,axis1_i_term,axis1_integral_limited,axis1_refer_rel_mm,axis1_actual_rel_mm,axis1_actual_forward_delta_mm,axis1_segment_master_forward_mm,axis1_segment_actual_forward_mm,axis1_session_master_forward_mm,axis1_session_actual_forward_mm,axis1_tracking_error_mm,axis1_tracking_error_limited,axis6_segment_active,axis6_grip_assumed,axis6_invalid_reason,axis6_segment_id,axis6_handle_raw,axis6_handle_filtered,axis6_raw_mapping_increment_axis_mm,axis6_nominal_forward_increment_mm,axis6_compensated_requested_forward_increment_mm,axis6_effective_forward_increment_mm,axis6_handover_forward_increment_mm,axis6_session_handover_forward_mm,axis6_compensation_gain,axis6_p_term,axis6_i_term,axis6_integral_limited,axis6_refer_rel_mm,axis6_actual_rel_mm,axis6_actual_forward_delta_mm,axis6_segment_master_forward_mm,axis6_segment_actual_forward_mm,axis6_session_master_forward_mm,axis6_session_actual_forward_mm,axis6_tracking_error_mm,axis6_tracking_error_limited
278390671,1,0,0,0,400,600,400,100,0,1,0,0,0,0,0,0,0,0.00000000,0.00000000,0.00000000,0.00000000,0.00000000,0.00000000,0,0,0,3,0,0.00000000,0.00000000,0.00000000,0.00000000,0.00000000,0.00000000,0.00000000,0.00000000,1.00000000,0.00000000,0.00000000,0,0.00000000,0.00000000,0.00000000,0.00000000,0.00000000,0.00000000,0.00000000,0.00000000,0,0,0,3,0,0.00000000,0.00000000,0.00000000,0.00000000,0.00000000,0.00000000,0.00000000,0.00000000,1.00000000,0.00000000,0.00000000,0,0.00000000,0.00000000,0.00000000,0.00000000,0.00000000,0.00000000,0.00000000,0.00000000,0
278390734,1,0,0,0,400,600,400,100,0,1,0,0,0,0,0,0,0,0.00000000,0.00000000,0.00000000,0.00000000,0.00000000,0.00000000,0,0,0,3,0,0.00000000,0.00000000,0.00000000,0.00000000,0.00000000,0.00000000,0.00000000,0.00000000,1.00000000,0.00000000,0.00000000,0,0.00000000,0.00000000,0.00000000,0.00000000,0.00000000,0.00000000,0.00000000,0.00000000,0,0,0,3,0,0.00000000,0.00000000,0.00000000,0.00000000,0.00000000,0.00000000,0.00000000,0.00000000,1.00000000,0.00000000,0.00000000,0,0.00000000,0.00000000,0.00000000,0.00000000,0.00000000,0.00000000,0.00000000,0.00000000,0
278390796,1,0,0,0,400,600,400,100,0,1,0,0,0,0,0,0,0,0.00000000,0.00000000,0.00000000,0.00000000,0.00000000,0.00000000,0,0,0,3,0,0.00000000,0.00000000,0.00000000,0.00000000,0.00000000,0.00000000,0.00000000,0.00000000,1.00000000,0.00000000,0.00000000,0,0.00000000,0.00000000,0.00000000,0.00000000,0.00000000,0.00000000,0.00000000,0.00000000,0,0,0,3,0,0.00000000,0.00000000,0.00000000,0.00000000,0.00000000,0.00000000,0.00000000,0.00000000,1.00000000,0.00000000,0.00000000,0,0.00000000,0.00000000,0.00000000,0.00000000,0.00000000,0.00000000,0.00000000,0.00000000,0
278390859,1,0,0,0,400,600,400,100,0,1,0,0,0,0,0,0,0,0.00000000,0.00000000,0.00000000,0.00000000,0.00000000,0.00000000,0,0,0,3,0,0.00000000,0.00000000,0.00000000,0.00000000,0.00000000,0.00000000,0.00000000,0.00000000,1.00000000,0.00000000,0.00000000,0,0.00000000,0.00000000,0.00000000,0.00000000,0.00000000,0.00000000,0.00000000,0.00000000,0,0,0,3,0,0.00000000,0.00000000,0.00000000,0.00000000,0.00000000,0.00000000,0.00000000,0.00000000,1.00000000,0.00000000,0.00000000,0,0.00000000,0.00000000,0.00000000,0.00000000,0.00000000,0.00000000,0.00000000,0.00000000,0
278390921,1,0,0,0,400,600,400,100,0,1,0,0,0,0,0,0,0,0.00000000,0.00000000,0.00000000,0.00000000,0.00000000,0.00000000,0,0,0,3,0,0.00000000,0.00000000,0.00000000,0.00000000,0.00000000,0.00000000,0.00000000,0.00000000,1.00000000,0.00000000,0.00000000,0,0.00000000,0.00000000,0.00000000,0.00000000,0.00000000,0.00000000,0.00000000,0.00000000,0,0,0,3,0,0.00000000,0.00000000,0.00000000,0.00000000,0.00000000,0.00000000,0.00000000,0.00000000,1.00000000,0.00000000,0.00000000,0,0.00000000,0.00000000,0.00000000,0.00000000,0.00000000,0.00000000,0.00000000,0.00000000,0
278390984,1,0,0,0,400,600,400,100,0,1,0,0,0,0,0,0,0,0.00000000,0.00000000,0.00000000,0.00000000,0.00000000,0.00000000,0,0,0,3,0,0.00000000,0.00000000,0.00000000,0.00000000,0.00000000,0.00000000,0.00000000,0.00000000,1.00000000,0.00000000,0.00000000,0,0.00000000,0.00000000,0.00000000,0.00000000,0.00000000,0.00000000,0.00000000,0.00000000,0,0,0,3,0,0.00000000,0.00000000,0.00000000,0.00000000,0.00000000,0.00000000,0.00000000,0.00000000,1.00000000,0.00000000,0.00000000,0,0.00000000,0.00000000,0.00000000,0.00000000,0.00000000,0.00000000,0.00000000,0.00000000,0
278391046,1,0,0,0,400,600,400,100,0,1,0,0,0,0,0,0,0,0.00000000,0.00000000,0.00000000,0.00000000,0.00000000,0.00000000,0,0,0,3,0,0.00000000,0.00000000,0.00000000,0.00000000,0.00000000,0.00000000,0.00000000,0.00000000,1.00000000,0.00000000,0.00000000,0,0.00000000,0.00000000,0.00000000,0.00000000,0.00000000,0.00000000,0.00000000,0.00000000,0,0,0,3,0,0.00000000,0.00000000,0.00000000,0.00000000,0.00000000,0.00000000,0.00000000,0.00000000,1.00000000,0.00000000,0.00000000,0,0.00000000,0.00000000,0.00000000,0.00000000,0.00000000,0.00000000,0.00000000,0.00000000,0
278391109,1,0,0,0,400,600,400,100,0,1,0,0,0,0,0,0,0,0.00000000,0.00000000,0.00000000,0.00000000,0.00000000,0.00000000,0,0,0,3,0,0.00000000,0.00000000,0.00000000,0.00000000,0.00000000,0.00000000,0.00000000,0.00000000,1.00000000,0.00000000,0.00000000,0,0.00000000,0.00000000,0.00000000,0.00000000,0.00000000,0.00000000,0.00000000,0.00000000,0,0,0,3,0,0.00000000,0.00000000,0.00000000,0.00000000,0.00000000,0.00000000,0.00000000,0.00000000,1.00000000,0.00000000,0.00000000,0,0.00000000,0.00000000,0.00000000,0.00000000,0.00000000,0.00000000,0.00000000,0.00000000,0
278391171,1,0,0,0,400,600,400,100,0,1,0,0,0,0,0,0,0,0.00000000,0.00000000,0.00000000,0.00000000,0.00000000,0.00000000,0,0,0,3,0,0.00000000,0.00000000,0.00000000,0.00000000,0.00000000,0.00000000,0.00000000,0.00000000,1.00000000,0.00000000,0.00000000,0,0.00000000,0.00000000,0.00000000,0.00000000,0.00000000,0.00000000,0.00000000,0.00000000,0,0,0,3,0,0.00000000,0.00000000,0.00000000,0.00000000,0.00000000,0.00000000,0.00000000,0.00000000,1.00000000,0.00000000,0.00000000,0,0.00000000,0.00000000,0.00000000,0.00000000,0.00000000,0.00000000,0.00000000,0.00000000,0
278391281,1,0,0,0,400,600,250,500,0,1,0,0,0,0,0,0,0,0.00000000,0.00000000,0.00000000,0.00000000,0.00000000,0.00000000,0,0,0,3,0,-0.04726466,-0.04726275,0.00047585,0.00000000,0.00000000,0.00000000,0.00000000,0.00000000,1.00000000,0.00000000,0.00000000,0,-75.99996274,-80.42182137,0.00000000,0.00000000,0.00000000,0.00000000,0.00000000,0.00000000,0,0,0,2,0,-0.04726466,-0.04726275,0.00047585,0.00000000,0.00000000,0.00000000,0.00000000,0.00000000,1.00000000,0.00000000,0.00000000,0,-16.23897218,-573.84321106,0.00000000,0.00000000,0.00000000,0.00000000,0.00000000,0.00000000,0
278391343,1,0,0,0,400,600,250,500,0,1,0,0,0,0,0,0,0,0.00000000,0.00000000,0.00000000,0.00000000,0.00000000,0.00000000,0,0,0,3,0,-0.04726466,-0.04726358,0.00026767,0.00000000,0.00000000,0.00000000,0.00000000,0.00000000,1.00000000,0.00000000,0.00000000,0,-75.99996274,-77.54345407,0.00000000,0.00000000,0.00000000,0.00000000,0.00000000,0.00000000,0,0,0,2,0,-0.04726466,-0.04726358,0.00026767,0.00000000,0.00000000,0.00000000,0.00000000,0.00000000,1.00000000,0.00000000,0.00000000,0,-16.23897218,-570.96499884,0.00000000,0.00000000,0.00000000,0.00000000,0.00000000,0.00000000,0
278391437,1,0,0,0,400,600,250,500,0,1,0,0,0,0,0,0,0,0.00000000,0.00000000,0.00000000,0.00000000,0.00000000,0.00000000,0,0,0,3,0,-0.04726466,-0.04726405,0.00015056,0.00000000,0.00000000,0.00000000,0.00000000,0.00000000,1.00000000,0.00000000,0.00000000,0,-75.99996274,-76.00245199,0.00000000,0.00000000,0.00000000,0.00000000,0.00000000,0.00000000,0,0,0,2,0,-0.04726466,-0.04726405,0.00015056,0.00000000,0.00000000,0.00000000,0.00000000,0.00000000,1.00000000,0.00000000,0.00000000,0,-16.23897218,-567.45633439,0.00000000,0.00000000,0.00000000,0.00000000,0.00000000,0.00000000,0
278391500,1,0,0,0,400,600,250,500,0,1,0,0,0,0,0,0,0,0.00000000,0.00000000,0.00000000,0.00000000,0.00000000,0.00000000,0,0,0,3,0,-0.04726466,-0.04726432,0.00008469,0.00000000,0.00000000,0.00000000,0.00000000,0.00000000,1.00000000,0.00000000,0.00000000,0,-75.99996274,-76.00152143,0.00000000,0.00000000,0.00000000,0.00000000,0.00000000,0.00000000,0,0,0,2,0,-0.04726466,-0.04726432,0.00008469,0.00000000,0.00000000,0.00000000,0.00000000,0.00000000,1.00000000,0.00000000,0.00000000,0,-16.23897218,-563.72200991,0.00000000,0.00000000,0.00000000,0.00000000,0.00000000,0.00000000,0
278391578,1,0,0,0,400,600,250,500,0,1,0,0,0,0,0,0,0,0.00000000,0.00000000,0.00000000,0.00000000,0.00000000,0.00000000,0,0,0,3,0,-0.04726466,-0.04726446,0.00004764,0.00000000,0.00000000,0.00000000,0.00000000,0.00000000,1.00000000,0.00000000,0.00000000,0,-75.99996274,-76.00090106,0.00000000,0.00000000,0.00000000,0.00000000,0.00000000,0.00000000,0,0,0,2,0,-0.04726466,-0.04726446,0.00004764,0.00000000,0.00000000,0.00000000,0.00000000,0.00000000,1.00000000,0.00000000,0.00000000,0,-16.23897218,-560.34765583,0.00000000,0.00000000,0.00000000,0.00000000,0.00000000,0.00000000,0
278391656,1,0,0,0,400,600,250,500,0,1,0,0,0,0,0,0,0,0.00000000,0.00000000,0.00000000,0.00000000,0.00000000,0.00000000,0,0,0,3,0,-0.04726466,-0.04726455,0.00002680,0.00000000,0.00000000,0.00000000,0.00000000,0.00000000,1.00000000,0.00000000,0.00000000,0,-75.99996274,-76.00043578,0.00000000,0.00000000,0.00000000,0.00000000,0.00000000,0.00000000,0,0,0,2,0,-0.04726466,-0.04726455,0.00002680,0.00000000,0.00000000,0.00000000,0.00000000,0.00000000,1.00000000,0.00000000,0.00000000,0,-16.23897218,-557.06185973,0.00000000,0.00000000,0.00000000,0.00000000,0.00000000,0.00000000,0
278391750,1,0,0,0,400,600,250,500,0,1,0,0,0,0,0,0,0,0.00000000,0.00000000,0.00000000,0.00000000,0.00000000,0.00000000,0,0,0,3,0,-0.04726466,-0.04726459,0.00001507,0.00000000,0.00000000,0.00000000,0.00000000,0.00000000,1.00000000,0.00000000,0.00000000,0,-75.99996274,-76.00028069,0.00000000,0.00000000,0.00000000,0.00000000,0.00000000,0.00000000,0,0,0,2,0,-0.04726466,-0.04726459,0.00001507,0.00000000,0.00000000,0.00000000,0.00000000,0.00000000,1.00000000,0.00000000,0.00000000,0,-16.23897218,-553.10311597,0.00000000,0.00000000,0.00000000,0.00000000,0.00000000,0.00000000,0
278391859,1,0,0,0,400,600,250,500,0,1,0,0,0,0,0,0,0,0.00000000,0.00000000,0.00000000,0.00000000,0.00000000,0.00000000,0,0,0,3,0,-0.04727891,-0.04727086,0.00201349,0.00000000,0.00000000,0.00000000,0.00000000,0.00000000,1.00000000,0.00000000,0.00000000,0,-75.99996274,-76.00012560,0.00000000,0.00000000,0.00000000,0.00000000,0.00000000,0.00000000,0,0,0,2,0,-0.04727891,-0.04727086,0.00201349,0.00000000,0.00000000,0.00000000,0.00000000,0.00000000,1.00000000,0.00000000,0.00000000,0,-16.23897218,-548.42272540,0.00000000,0.00000000,0.00000000,0.00000000,0.00000000,0.00000000,0
278391937,1,0,0,0,400,600,250,500,0,1,0,0,0,0,0,0,0,0.00000000,0.00000000,0.00000000,0.00000000,0.00000000,0.00000000,0,0,0,3,0,-0.04727891,-0.04727438,0.00113259,0.00000000,0.00000000,0.00000000,0.00000000,0.00000000,1.00000000,0.00000000,0.00000000,0,-75.99996274,-75.99997051,0.00000000,0.00000000,0.00000000,0.00000000,0.00000000,0.00000000,0,0,0,2,0,-0.04727891,-0.04727438,0.00113259,0.00000000,0.00000000,0.00000000,0.00000000,0.00000000,1.00000000,0.00000000,0.00000000,0,-16.23897218,-544.68778055,0.00000000,0.00000000,0.00000000,0.00000000,0.00000000,0.00000000,0
278392015,1,0,0,0,400,600,250,500,0,1,0,0,0,0,0,0,0,0.00000000,0.00000000,0.00000000,0.00000000,0.00000000,0.00000000,0,0,0,3,0,-0.04727891,-0.04727636,0.00063708,0.00000000,0.00000000,0.00000000,0.00000000,0.00000000,1.00000000,0.00000000,0.00000000,0,-75.99996274,-75.99997051,0.00000000,0.00000000,0.00000000,0.00000000,0.00000000,0.00000000,0,0,0,2,0,-0.04727891,-0.04727636,0.00063708,0.00000000,0.00000000,0.00000000,0.00000000,0.00000000,1.00000000,0.00000000,0.00000000,0,-16.23897218,-541.04185897,0.00000000,0.00000000,0.00000000,0.00000000,0.00000000,0.00000000,0
278392109,1,0,0,0,400,600,250,500,0,1,0,0,0,0,0,0,0,0.00000000,0.00000000,0.00000000,0.00000000,0.00000000,0.00000000,0,0,0,3,0,-0.04727891,-0.04727748,0.00035836,0.00000000,0.00000000,0.00000000,0.00000000,0.00000000,1.00000000,0.00000000,0.00000000,0,-75.99996274,-75.99997051,0.00000000,0.00000000,0.00000000,0.00000000,0.00000000,0.00000000,0,0,0,2,0,-0.04727891,-0.04727748,0.00035836,0.00000000,0.00000000,0.00000000,0.00000000,0.00000000,1.00000000,0.00000000,0.00000000,0,-16.23897218,-536.94833956,0.00000000,0.00000000,0.00000000,0.00000000,0.00000000,0.00000000,0
278392203,1,0,0,0,400,600,250,500,0,1,0,0,0,0,0,0,0,0.00000000,0.00000000,0.00000000,0.00000000,0.00000000,0.00000000,0,0,0,3,0,-0.04727891,-0.04727811,0.00020158,0.00000000,0.00000000,0.00000000,0.00000000,0.00000000,1.00000000,0.00000000,0.00000000,0,-75.99996274,-75.99997051,0.00000000,0.00000000,0.00000000,0.00000000,0.00000000,0.00000000,0,0,0,2,0,-0.04727891,-0.04727811,0.00020158,0.00000000,0.00000000,0.00000000,0.00000000,0.00000000,1.00000000,0.00000000,0.00000000,0,-16.23897218,-532.80813722,0.00000000,0.00000000,0.00000000,0.00000000,0.00000000,0.00000000,0
278392312,1,0,0,0,400,600,250,500,0,1,0,0,0,0,0,0,0,0.00000000,0.00000000,0.00000000,0.00000000,0.00000000,0.00000000,0,0,0,3,0,-0.04727891,-0.04727846,0.00011339,0.00000000,0.00000000,0.00000000,0.00000000,0.00000000,1.00000000,0.00000000,0.00000000,0,-75.99996274,-75.99997051,0.00000000,0.00000000,0.00000000,0.00000000,0.00000000,0.00000000,0,0,0,2,0,-0.04727891,-0.04727846,0.00011339,0.00000000,0.00000000,0.00000000,0.00000000,0.00000000,1.00000000,0.00000000,0.00000000,0,-16.23897218,-528.53300414,0.00000000,0.00000000,0.00000000,0.00000000,0.00000000,0.00000000,0
278392390,1,0,0,0,400,600,250,500,0,1,0,0,0,0,0,0,0,0.00000000,0.00000000,0.00000000,0.00000000,0.00000000,0.00000000,0,0,0,3,0,-0.04729317,-0.04728222,0.00273712,0.00000000,0.00000000,0.00000000,0.00000000,0.00000000,1.00000000,0.00000000,0.00000000,0,-75.99996274,-75.99997051,0.00000000,0.00000000,0.00000000,0.00000000,0.00000000,0.00000000,0,0,0,2,0,-0.04729317,-0.04728222,0.00273712,0.00000000,0.00000000,0.00000000,0.00000000,0.00000000,1.00000000,0.00000000,0.00000000,0,-16.23897218,-524.12340561,0.00000000,0.00000000,0.00000000,0.00000000,0.00000000,0.00000000,0
278392484,1,0,0,0,400,600,250,500,0,1,0,0,0,0,0,0,0,0.00000000,0.00000000,0.00000000,0.00000000,0.00000000,0.00000000,0,0,0,3,0,-0.04729317,-0.04728701,0.00153963,0.00000000,0.00000000,0.00000000,0.00000000,0.00000000,1.00000000,0.00000000,0.00000000,0,-75.99996274,-75.99997051,0.00000000,0.00000000,0.00000000,0.00000000,0.00000000,0.00000000,0,0,0,2,0,-0.04729317,-0.04728701,0.00153963,0.00000000,0.00000000,0.00000000,0.00000000,0.00000000,1.00000000,0.00000000,0.00000000,0,-16.23897218,-520.34394912,0.00000000,0.00000000,0.00000000,0.00000000,0.00000000,0.00000000,0
278392578,1,0,0,0,400,600,250,500,0,1,0,0,0,0,0,0,0,0.00000000,0.00000000,0.00000000,0.00000000,0.00000000,0.00000000,0,0,0,3,0,-0.04729317,-0.04728971,0.00086604,0.00000000,0.00000000,0.00000000,0.00000000,0.00000000,1.00000000,0.00000000,0.00000000,0,-75.99996274,-75.99997051,0.00000000,0.00000000,0.00000000,0.00000000,0.00000000,0.00000000,0,0,0,2,0,-0.04729317,-0.04728971,0.00086604,0.00000000,0.00000000,0.00000000,0.00000000,0.00000000,1.00000000,0.00000000,0.00000000,0,-16.23897218,-516.20266113,0.00000000,0.00000000,0.00000000,0.00000000,0.00000000,0.00000000,0
278392656,1,0,0,0,400,600,250,500,0,1,0,0,0,0,0,0,0,0.00000000,0.00000000,0.00000000,0.00000000,0.00000000,0.00000000,0,0,0,3,0,-0.04729317,-0.04729122,0.00048715,0.00000000,0.00000000,0.00000000,0.00000000,0.00000000,1.00000000,0.00000000,0.00000000,0,-75.99996274,-75.99997051,0.00000000,0.00000000,0.00000000,0.00000000,0.00000000,0.00000000,0,0,0,2,0,-0.04729317,-0.04729122,0.00048715,0.00000000,0.00000000,0.00000000,0.00000000,0.00000000,1.00000000,0.00000000,0.00000000,0,-16.23897218,-512.28827391,0.00000000,0.00000000,0.00000000,0.00000000,0.00000000,0.00000000,0
278392750,1,0,0,0,400,600,250,500,0,1,0,0,0,0,0,0,0,0.00000000,0.00000000,0.00000000,0.00000000,0.00000000,0.00000000,0,0,0,3,0,-0.04729317,-0.04729207,0.00027402,0.00000000,0.00000000,0.00000000,0.00000000,0.00000000,1.00000000,0.00000000,0.00000000,0,-75.99996274,-75.99981541,0.00000000,0.00000000,0.00000000,0.00000000,0.00000000,0.00000000,0,0,0,2,0,-0.04729317,-0.04729207,0.00027402,0.00000000,0.00000000,0.00000000,0.00000000,0.00000000,1.00000000,0.00000000,0.00000000,0,-16.23897218,-508.10200901,0.00000000,0.00000000,0.00000000,0.00000000,0.00000000,0.00000000,0
278392828,1,0,0,0,400,600,250,500,0,1,0,0,0,0,0,0,0,0.00000000,0.00000000,0.00000000,0.00000000,0.00000000,0.00000000,0,0,0,3,0,-0.04729317,-0.04729255,0.00015414,0.00000000,0.00000000,0.00000000,0.00000000,0.00000000,1.00000000,0.00000000,0.00000000,0,-75.99996274,-75.99981541,0.00000000,0.00000000,0.00000000,0.00000000,0.00000000,0.00000000,0,0,0,2,0,-0.04729317,-0.04729255,0.00015414,0.00000000,0.00000000,0.00000000,0.00000000,0.00000000,1.00000000,0.00000000,0.00000000,0,-16.23897218,-504.45918928,0.00000000,0.00000000,0.00000000,0.00000000,0.00000000,0.00000000,0
278392921,1,0,0,0,400,600,250,500,0,1,0,0,0,0,0,0,0,0.00000000,0.00000000,0.00000000,0.00000000,0.00000000,0.00000000,0,0,0,3,0,-0.04729317,-0.04729282,0.00008670,0.00000000,0.00000000,0.00000000,0.00000000,0.00000000,1.00000000,0.00000000,0.00000000,0,-75.99996274,-75.99981541,0.00000000,0.00000000,0.00000000,0.00000000,0.00000000,0.00000000,0,0,0,2,0,-0.04729317,-0.04729282,0.00008670,0.00000000,0.00000000,0.00000000,0.00000000,0.00000000,1.00000000,0.00000000,0.00000000,0,-16.23897218,-500.58729749,0.00000000,0.00000000,0.00000000,0.00000000,0.00000000,0.00000000,0
278393000,1,0,0,0,400,600,250,500,0,1,0,0,0,0,0,0,0,0.00000000,0.00000000,0.00000000,0.00000000,0.00000000,0.00000000,0,0,0,3,0,-0.04730743,-0.04729654,0.00272202,0.00000000,0.00000000,0.00000000,0.00000000,0.00000000,1.00000000,0.00000000,0.00000000,0,-75.99996274,-75.99981541,0.00000000,0.00000000,0.00000000,0.00000000,0.00000000,0.00000000,0,0,0,2,0,-0.04730743,-0.04729654,0.00272202,0.00000000,0.00000000,0.00000000,0.00000000,0.00000000,1.00000000,0.00000000,0.00000000,0,-16.23897218,-496.58280135,0.00000000,0.00000000,0.00000000,0.00000000,0.00000000,0.00000000,0
278393093,1,0,0,0,400,600,250,500,0,1,0,0,0,0,0,0,0,0.00000000,0.00000000,0.00000000,0.00000000,0.00000000,0.00000000,0,0,0,3,0,-0.04730743,-0.04730130,0.00153120,0.00000000,0.00000000,0.00000000,0.00000000,0.00000000,1.00000000,0.00000000,0.00000000,0,-75.99996274,-75.99981541,0.00000000,0.00000000,0.00000000,0.00000000,0.00000000,0.00000000,0,0,0,2,0,-0.04730743,-0.04730130,0.00153120,0.00000000,0.00000000,0.00000000,0.00000000,0.00000000,1.00000000,0.00000000,0.00000000,0,-16.23897218,-492.75759249,0.00000000,0.00000000,0.00000000,0.00000000,0.00000000,0.00000000,0
278393187,1,0,0,0,400,600,250,500,0,1,0,0,0,0,0,0,0,0.00000000,0.00000000,0.00000000,0.00000000,0.00000000,0.00000000,0,0,0,3,0,-0.04730743,-0.04730398,0.00086130,0.00000000,0.00000000,0.00000000,0.00000000,0.00000000,1.00000000,0.00000000,0.00000000,0,-75.99996274,-75.99981541,0.00000000,0.00000000,0.00000000,0.00000000,0.00000000,0.00000000,0,0,0,2,0,-0.04730743,-0.04730398,0.00086130,0.00000000,0.00000000,0.00000000,0.00000000,0.00000000,1.00000000,0.00000000,0.00000000,0,-16.23897218,-488.52836688,0.00000000,0.00000000,0.00000000,0.00000000,0.00000000,0.00000000,0
278393265,1,0,0,0,400,600,250,500,0,1,0,0,0,0,0,0,0,0.00000000,0.00000000,0.00000000,0.00000000,0.00000000,0.00000000,0,0,0,3,0,-0.04730743,-0.04730549,0.00048448,0.00000000,0.00000000,0.00000000,0.00000000,0.00000000,1.00000000,0.00000000,0.00000000,0,-75.99996274,-75.99981541,0.00000000,0.00000000,0.00000000,0.00000000,0.00000000,0.00000000,0,0,0,2,0,-0.04730743,-0.04730549,0.00048448,0.00000000,0.00000000,0.00000000,0.00000000,0.00000000,1.00000000,0.00000000,0.00000000,0,-16.23897218,-484.61118799,0.00000000,0.00000000,0.00000000,0.00000000,0.00000000,0.00000000,0
278393359,1,0,0,0,400,600,250,500,0,1,0,0,0,0,0,0,0,0.00000000,0.00000000,0.00000000,0.00000000,0.00000000,0.00000000,0,0,0,3,0,-0.04730743,-0.04730634,0.00027252,0.00000000,0.00000000,0.00000000,0.00000000,0.00000000,1.00000000,0.00000000,0.00000000,0,-75.99996274,-75.99981541,0.00000000,0.00000000,0.00000000,0.00000000,0.00000000,0.00000000,0,0,0,2,0,-0.04730743,-0.04730634,0.00027252,0.00000000,0.00000000,0.00000000,0.00000000,0.00000000,1.00000000,0.00000000,0.00000000,0,-16.23897218,-480.96790299,0.00000000,0.00000000,0.00000000,0.00000000,0.00000000,0.00000000,0
278393437,1,0,0,0,400,600,250,500,0,1,0,0,0,0,0,0,0,0.00000000,0.00000000,0.00000000,0.00000000,0.00000000,0.00000000,0,0,0,3,0,-0.04730743,-0.04730682,0.00015329,0.00000000,0.00000000,0.00000000,0.00000000,0.00000000,1.00000000,0.00000000,0.00000000,0,-75.99996274,-75.99997051,0.00000000,0.00000000,0.00000000,0.00000000,0.00000000,0.00000000,0,0,0,2,0,-0.04730743,-0.04730682,0.00015329,0.00000000,0.00000000,0.00000000,0.00000000,0.00000000,1.00000000,0.00000000,0.00000000,0,-16.23897218,-476.78303392,0.00000000,0.00000000,0.00000000,0.00000000,0.00000000,0.00000000,0
278393531,1,0,0,0,400,600,250,500,0,1,0,0,0,0,0,0,0,0.00000000,0.00000000,0.00000000,0.00000000,0.00000000,0.00000000,0,0,0,3,0,-0.04730743,-0.04730708,0.00008623,0.00000000,0.00000000,0.00000000,0.00000000,0.00000000,1.00000000,0.00000000,0.00000000,0,-75.99996274,-75.99997051,0.00000000,0.00000000,0.00000000,0.00000000,0.00000000,0.00000000,0,0,0,2,0,-0.04730743,-0.04730708,0.00008623,0.00000000,0.00000000,0.00000000,0.00000000,0.00000000,1.00000000,0.00000000,0.00000000,0,-16.23897218,-473.13726743,0.00000000,0.00000000,0.00000000,0.00000000,0.00000000,0.00000000,0
278393625,1,0,0,0,400,600,250,500,0,1,0,0,0,0,0,0,0,0.00000000,0.00000000,0.00000000,0.00000000,0.00000000,0.00000000,0,0,0,3,0,-0.04730743,-0.04730723,0.00004850,0.00000000,0.00000000,0.00000000,0.00000000,0.00000000,1.00000000,0.00000000,0.00000000,0,-75.99996274,-75.99997051,0.00000000,0.00000000,0.00000000,0.00000000,0.00000000,0.00000000,0,0,0,2,0,-0.04730743,-0.04730723,0.00004850,0.00000000,0.00000000,0.00000000,0.00000000,0.00000000,1.00000000,0.00000000,0.00000000,0,-16.23897218,-468.90773164,0.00000000,0.00000000,0.00000000,0.00000000,0.00000000,0.00000000,0
278393703,1,0,0,0,400,600,250,500,0,1,0,0,0,0,0,0,0,0.00000000,0.00000000,0.00000000,0.00000000,0.00000000,0.00000000,0,0,0,3,0,-0.04732169,-0.04731356,0.00203229,0.00000000,0.00000000,0.00000000,0.00000000,0.00000000,1.00000000,0.00000000,0.00000000,0,-75.99996274,-75.99997051,0.00000000,0.00000000,0.00000000,0.00000000,0.00000000,0.00000000,0,0,0,2,0,-0.04732169,-0.04731356,0.00203229,0.00000000,0.00000000,0.00000000,0.00000000,0.00000000,1.00000000,0.00000000,0.00000000,0,-16.23897218,-465.03739077,0.00000000,0.00000000,0.00000000,0.00000000,0.00000000,0.00000000,0
278393781,1,0,0,0,400,600,250,500,0,1,0,0,0,0,0,0,0,0.00000000,0.00000000,0.00000000,0.00000000,0.00000000,0.00000000,0,0,0,3,0,-0.04732169,-0.04731711,0.00114316,0.00000000,0.00000000,0.00000000,0.00000000,0.00000000,1.00000000,0.00000000,0.00000000,0,-75.99996274,-75.99997051,0.00000000,0.00000000,0.00000000,0.00000000,0.00000000,0.00000000,0,0,0,2,0,-0.04732169,-0.04731711,0.00114316,0.00000000,0.00000000,0.00000000,0.00000000,0.00000000,1.00000000,0.00000000,0.00000000,0,-16.23897218,-461.39239975,0.00000000,0.00000000,0.00000000,0.00000000,0.00000000,0.00000000,0
278393875,1,0,0,0,400,600,250,500,0,1,0,0,0,0,0,0,0,0.00000000,0.00000000,0.00000000,0.00000000,0.00000000,0.00000000,0,0,0,3,0,-0.04732169,-0.04731911,0.00064303,0.00000000,0.00000000,0.00000000,0.00000000,0.00000000,1.00000000,0.00000000,0.00000000,0,-75.99996274,-75.99997051,0.00000000,0.00000000,0.00000000,0.00000000,0.00000000,0.00000000,0,0,0,2,0,-0.04732169,-0.04731911,0.00064303,0.00000000,0.00000000,0.00000000,0.00000000,0.00000000,1.00000000,0.00000000,0.00000000,0,-16.23897218,-457.38759342,0.00000000,0.00000000,0.00000000,0.00000000,0.00000000,0.00000000,0
278393953,1,0,0,0,400,600,250,500,0,1,0,0,0,0,0,0,0,0.00000000,0.00000000,0.00000000,0.00000000,0.00000000,0.00000000,0,0,0,3,0,-0.04732169,-0.04732024,0.00036170,0.00000000,0.00000000,0.00000000,0.00000000,0.00000000,1.00000000,0.00000000,0.00000000,0,-75.99996274,-75.99997051,0.00000000,0.00000000,0.00000000,0.00000000,0.00000000,0.00000000,0,0,0,2,0,-0.04732169,-0.04732024,0.00036170,0.00000000,0.00000000,0.00000000,0.00000000,0.00000000,1.00000000,0.00000000,0.00000000,0,-16.23897218,-453.74306768,0.00000000,0.00000000,0.00000000,0.00000000,0.00000000,0.00000000,0
278394062,1,0,0,0,400,600,250,500,0,1,0,0,0,0,0,0,0,0.00000000,0.00000000,0.00000000,0.00000000,0.00000000,0.00000000,0,0,0,3,0,-0.04732169,-0.04732087,0.00020346,0.00000000,0.00000000,0.00000000,0.00000000,0.00000000,1.00000000,0.00000000,0.00000000,0,-75.99996274,-75.99997051,0.00000000,0.00000000,0.00000000,0.00000000,0.00000000,0.00000000,0,0,0,2,0,-0.04732169,-0.04732087,0.00020346,0.00000000,0.00000000,0.00000000,0.00000000,0.00000000,1.00000000,0.00000000,0.00000000,0,-16.23897218,-449.33284877,0.00000000,0.00000000,0.00000000,0.00000000,0.00000000,0.00000000,0
278394140,1,0,0,0,400,600,250,500,0,1,0,0,0,0,0,0,0,0.00000000,0.00000000,0.00000000,0.00000000,0.00000000,0.00000000,0,0,0,3,0,-0.04732169,-0.04732123,0.00011445,0.00000000,0.00000000,0.00000000,0.00000000,0.00000000,1.00000000,0.00000000,0.00000000,0,-75.99996274,-75.99997051,0.00000000,0.00000000,0.00000000,0.00000000,0.00000000,0.00000000,0,0,0,2,0,-0.04732169,-0.04732123,0.00011445,0.00000000,0.00000000,0.00000000,0.00000000,0.00000000,1.00000000,0.00000000,0.00000000,0,-16.23897218,-445.23731315,0.00000000,0.00000000,0.00000000,0.00000000,0.00000000,0.00000000,0
278394234,1,0,0,0,400,600,250,500,0,1,0,0,0,0,0,0,0,0.00000000,0.00000000,0.00000000,0.00000000,0.00000000,0.00000000,0,0,0,3,0,-0.04732169,-0.04732143,0.00006438,0.00000000,0.00000000,0.00000000,0.00000000,0.00000000,1.00000000,0.00000000,0.00000000,0,-75.99996274,-75.99997051,0.00000000,0.00000000,0.00000000,0.00000000,0.00000000,0.00000000,0,0,0,2,0,-0.04732169,-0.04732143,0.00006438,0.00000000,0.00000000,0.00000000,0.00000000,0.00000000,1.00000000,0.00000000,0.00000000,0,-16.23897218,-441.27779393,0.00000000,0.00000000,0.00000000,0.00000000,0.00000000,0.00000000,0
278394312,1,0,0,0,400,600,250,500,0,1,0,0,0,0,0,0,0,0.00000000,0.00000000,0.00000000,0.00000000,0.00000000,0.00000000,0,0,0,3,0,-0.04733594,-0.04732511,0.00270955,0.00000000,0.00000000,0.00000000,0.00000000,0.00000000,1.00000000,0.00000000,0.00000000,0,-75.99996274,-75.99997051,0.00000000,0.00000000,0.00000000,0.00000000,0.00000000,0.00000000,0,0,0,2,0,-0.04733594,-0.04732511,0.00270955,0.00000000,0.00000000,0.00000000,0.00000000,0.00000000,1.00000000,0.00000000,0.00000000,0,-16.23897218,-437.45289525,0.00000000,0.00000000,0.00000000,0.00000000,0.00000000,0.00000000,0
278394406,1,0,0,0,400,600,250,500,0,1,0,0,0,0,0,0,0,0.00000000,0.00000000,0.00000000,0.00000000,0.00000000,0.00000000,0,0,0,3,0,-0.04733594,-0.04732985,0.00152412,0.00000000,0.00000000,0.00000000,0.00000000,0.00000000,1.00000000,0.00000000,0.00000000,0,-75.99996274,-75.99997051,0.00000000,0.00000000,0.00000000,0.00000000,0.00000000,0.00000000,0,0,0,2,0,-0.04733594,-0.04732985,0.00152412,0.00000000,0.00000000,0.00000000,0.00000000,0.00000000,1.00000000,0.00000000,0.00000000,0,-16.23897218,-433.62815167,0.00000000,0.00000000,0.00000000,0.00000000,0.00000000,0.00000000,0
278394500,1,0,0,0,400,600,250,500,0,1,0,0,0,0,0,0,0,0.00000000,0.00000000,0.00000000,0.00000000,0.00000000,0.00000000,0,0,0,3,0,-0.04733594,-0.04733251,0.00085732,0.00000000,0.00000000,0.00000000,0.00000000,0.00000000,1.00000000,0.00000000,0.00000000,0,-75.99996274,-75.99997051,0.00000000,0.00000000,0.00000000,0.00000000,0.00000000,0.00000000,0,0,0,2,0,-0.04733594,-0.04733251,0.00085732,0.00000000,0.00000000,0.00000000,0.00000000,0.00000000,1.00000000,0.00000000,0.00000000,0,-16.23897218,-429.21808786,0.00000000,0.00000000,0.00000000,0.00000000,0.00000000,0.00000000,0
278394593,1,0,0,0,400,600,250,500,0,1,0,0,0,0,0,0,0,0.00000000,0.00000000,0.00000000,0.00000000,0.00000000,0.00000000,0,0,0,3,0,-0.04733594,-0.04733402,0.00048224,0.00000000,0.00000000,0.00000000,0.00000000,0.00000000,1.00000000,0.00000000,0.00000000,0,-75.99996274,-75.99997051,0.00000000,0.00000000,0.00000000,0.00000000,0.00000000,0.00000000,0,0,0,2,0,-0.04733594,-0.04733402,0.00048224,0.00000000,0.00000000,0.00000000,0.00000000,0.00000000,1.00000000,0.00000000,0.00000000,0,-16.23897218,-425.16659860,0.00000000,0.00000000,0.00000000,0.00000000,0.00000000,0.00000000,0
278394671,1,0,0,0,400,600,250,500,0,1,0,0,0,0,0,0,0,0.00000000,0.00000000,0.00000000,0.00000000,0.00000000,0.00000000,0,0,0,3,0,-0.04733594,-0.04733486,0.00027126,0.00000000,0.00000000,0.00000000,0.00000000,0.00000000,1.00000000,0.00000000,0.00000000,0,-75.99996274,-75.99997051,0.00000000,0.00000000,0.00000000,0.00000000,0.00000000,0.00000000,0,0,0,2,0,-0.04733594,-0.04733486,0.00027126,0.00000000,0.00000000,0.00000000,0.00000000,0.00000000,1.00000000,0.00000000,0.00000000,0,-16.23897218,-421.43227412,0.00000000,0.00000000,0.00000000,0.00000000,0.00000000,0.00000000,0
278394750,1,0,0,0,400,600,250,500,0,1,0,0,0,0,0,0,0,0.00000000,0.00000000,0.00000000,0.00000000,0.00000000,0.00000000,0,0,0,3,0,-0.04733594,-0.04733533,0.00015258,0.00000000,0.00000000,0.00000000,0.00000000,0.00000000,1.00000000,0.00000000,0.00000000,0,-75.99996274,-75.99997051,0.00000000,0.00000000,0.00000000,0.00000000,0.00000000,0.00000000,0,0,0,2,0,-0.04733594,-0.04733533,0.00015258,0.00000000,0.00000000,0.00000000,0.00000000,0.00000000,1.00000000,0.00000000,0.00000000,0,-16.23897218,-417.83241510,0.00000000,0.00000000,0.00000000,0.00000000,0.00000000,0.00000000,0
278394828,1,0,0,0,400,600,250,500,0,1,0,0,0,0,0,0,0,0.00000000,0.00000000,0.00000000,0.00000000,0.00000000,0.00000000,0,0,0,3,0,-0.04733594,-0.04733560,0.00008583,0.00000000,0.00000000,0.00000000,0.00000000,0.00000000,1.00000000,0.00000000,0.00000000,0,-75.99996274,-75.99997051,0.00000000,0.00000000,0.00000000,0.00000000,0.00000000,0.00000000,0,0,0,2,0,-0.04733594,-0.04733560,0.00008583,0.00000000,0.00000000,0.00000000,0.00000000,0.00000000,1.00000000,0.00000000,0.00000000,0,-16.23897218,-414.41261882,0.00000000,0.00000000,0.00000000,0.00000000,0.00000000,0.00000000,0
278394906,1,0,0,0,400,600,250,500,0,1,0,0,0,0,0,0,0,0.00000000,0.00000000,0.00000000,0.00000000,0.00000000,0.00000000,0,0,0,3,0,-0.04733594,-0.04733575,0.00004828,0.00000000,0.00000000,0.00000000,0.00000000,0.00000000,1.00000000,0.00000000,0.00000000,0,-75.99996274,-75.99997051,0.00000000,0.00000000,0.00000000,0.00000000,0.00000000,0.00000000,0,0,0,2,0,-0.04733594,-0.04733575,0.00004828,0.00000000,0.00000000,0.00000000,0.00000000,0.00000000,1.00000000,0.00000000,0.00000000,0,-16.23897218,-410.99313273,0.00000000,0.00000000,0.00000000,0.00000000,0.00000000,0.00000000,0
278394968,1,0,0,0,400,600,250,500,0,1,0,0,0,0,0,0,0,0.00000000,0.00000000,0.00000000,0.00000000,0.00000000,0.00000000,0,0,0,3,0,-0.04733594,-0.04733584,0.00002716,0.00000000,0.00000000,0.00000000,0.00000000,0.00000000,1.00000000,0.00000000,0.00000000,0,-75.99996274,-75.99997051,0.00000000,0.00000000,0.00000000,0.00000000,0.00000000,0.00000000,0,0,0,2,0,-0.04733594,-0.04733584,0.00002716,0.00000000,0.00000000,0.00000000,0.00000000,0.00000000,1.00000000,0.00000000,0.00000000,0,-16.23897218,-407.61738281,0.00000000,0.00000000,0.00000000,0.00000000,0.00000000,0.00000000,0
278395031,1,0,0,0,400,600,250,500,0,1,0,0,0,0,0,0,0,0.00000000,0.00000000,0.00000000,0.00000000,0.00000000,0.00000000,0,0,0,3,0,-0.04735020,-0.04734212,0.00202052,0.00000000,0.00000000,0.00000000,0.00000000,0.00000000,1.00000000,0.00000000,0.00000000,0,-75.99996274,-75.99997051,0.00000000,0.00000000,0.00000000,0.00000000,0.00000000,0.00000000,0,0,0,2,0,-0.04735020,-0.04734212,0.00202052,0.00000000,0.00000000,0.00000000,0.00000000,0.00000000,1.00000000,0.00000000,0.00000000,0,-16.23897218,-404.87286059,0.00000000,0.00000000,0.00000000,0.00000000,0.00000000,0.00000000,0
278395109,1,0,0,0,400,600,250,500,0,1,0,0,0,0,0,0,0,0.00000000,0.00000000,0.00000000,0.00000000,0.00000000,0.00000000,0,0,0,3,0,-0.04735020,-0.04734566,0.00113654,0.00000000,0.00000000,0.00000000,0.00000000,0.00000000,1.00000000,0.00000000,0.00000000,0,-75.99996274,-75.99997051,0.00000000,0.00000000,0.00000000,0.00000000,0.00000000,0.00000000,0,0,0,2,0,-0.04735020,-0.04734566,0.00113654,0.00000000,0.00000000,0.00000000,0.00000000,0.00000000,1.00000000,0.00000000,0.00000000,0,-16.23897218,-401.67810397,0.00000000,0.00000000,0.00000000,0.00000000,0.00000000,0.00000000,0
278395171,1,0,0,0,400,600,250,500,0,1,0,0,0,0,0,0,0,0.00000000,0.00000000,0.00000000,0.00000000,0.00000000,0.00000000,0,0,0,3,0,-0.04735020,-0.04734764,0.00063931,0.00000000,0.00000000,0.00000000,0.00000000,0.00000000,1.00000000,0.00000000,0.00000000,0,-75.99996274,-75.99997051,0.00000000,0.00000000,0.00000000,0.00000000,0.00000000,0.00000000,0,0,0,2,0,-0.04735020,-0.04734764,0.00063931,0.00000000,0.00000000,0.00000000,0.00000000,0.00000000,1.00000000,0.00000000,0.00000000,0,-16.23897218,-398.48319226,0.00000000,0.00000000,0.00000000,0.00000000,0.00000000,0.00000000,0
278395250,1,0,0,0,400,600,250,500,0,1,0,0,0,0,0,0,0,0.00000000,0.00000000,0.00000000,0.00000000,0.00000000,0.00000000,0,0,0,3,0,-0.04735020,-0.04734876,0.00035961,0.00000000,0.00000000,0.00000000,0.00000000,0.00000000,1.00000000,0.00000000,0.00000000,0,-75.99996274,-75.99997051,0.00000000,0.00000000,0.00000000,0.00000000,0.00000000,0.00000000,0,0,0,2,0,-0.04735020,-0.04734876,0.00035961,0.00000000,0.00000000,0.00000000,0.00000000,0.00000000,1.00000000,0.00000000,0.00000000,0,-16.23897218,-395.06308580,0.00000000,0.00000000,0.00000000,0.00000000,0.00000000,0.00000000,0
278395312,1,0,0,0,400,600,250,500,0,1,0,0,0,0,0,0,0,0.00000000,0.00000000,0.00000000,0.00000000,0.00000000,0.00000000,0,0,0,3,0,-0.04735020,-0.04734939,0.00020228,0.00000000,0.00000000,0.00000000,0.00000000,0.00000000,1.00000000,0.00000000,0.00000000,0,-75.99996274,-75.99997051,0.00000000,0.00000000,0.00000000,0.00000000,0.00000000,0.00000000,0,0,0,2,0,-0.04735020,-0.04734939,0.00020228,0.00000000,0.00000000,0.00000000,0.00000000,0.00000000,1.00000000,0.00000000,0.00000000,0,-16.23897218,-392.13865593,0.00000000,0.00000000,0.00000000,0.00000000,0.00000000,0.00000000,0
278395390,1,0,0,0,400,600,250,500,0,1,0,0,0,0,0,0,0,0.00000000,0.00000000,0.00000000,0.00000000,0.00000000,0.00000000,0,0,0,3,0,-0.04735020,-0.04734975,0.00011378,0.00000000,0.00000000,0.00000000,0.00000000,0.00000000,1.00000000,0.00000000,0.00000000,0,-75.99996274,-75.99997051,0.00000000,0.00000000,0.00000000,0.00000000,0.00000000,0.00000000,0,0,0,2,0,-0.04735020,-0.04734975,0.00011378,0.00000000,0.00000000,0.00000000,0.00000000,0.00000000,1.00000000,0.00000000,0.00000000,0,-16.23897218,-388.85317002,0.00000000,0.00000000,0.00000000,0.00000000,0.00000000,0.00000000,0
278395453,1,0,0,0,400,600,250,500,0,1,0,0,0,0,0,0,0,0.00000000,0.00000000,0.00000000,0.00000000,0.00000000,0.00000000,0,0,0,3,0,-0.04735020,-0.04734995,0.00006400,0.00000000,0.00000000,0.00000000,0.00000000,0.00000000,1.00000000,0.00000000,0.00000000,0,-75.99996274,-75.99997051,0.00000000,0.00000000,0.00000000,0.00000000,0.00000000,0.00000000,0,0,0,2,0,-0.04735020,-0.04734995,0.00006400,0.00000000,0.00000000,0.00000000,0.00000000,0.00000000,1.00000000,0.00000000,0.00000000,0,-16.23897218,-385.56752901,0.00000000,0.00000000,0.00000000,0.00000000,0.00000000,0.00000000,0
278395531,1,0,0,0,400,600,250,500,0,1,0,0,0,0,0,0,0,0.00000000,0.00000000,0.00000000,0.00000000,0.00000000,0.00000000,0,0,0,3,0,-0.04735020,-0.04735006,0.00003600,0.00000000,0.00000000,0.00000000,0.00000000,0.00000000,1.00000000,0.00000000,0.00000000,0,-75.99996274,-75.99997051,0.00000000,0.00000000,0.00000000,0.00000000,0.00000000,0.00000000,0,0,0,2,0,-0.04735020,-0.04735006,0.00003600,0.00000000,0.00000000,0.00000000,0.00000000,0.00000000,1.00000000,0.00000000,0.00000000,0,-16.23897218,-382.50692767,0.00000000,0.00000000,0.00000000,0.00000000,0.00000000,0.00000000,0
278395625,1,0,0,0,400,600,250,500,0,1,0,0,0,0,0,0,0,0.00000000,0.00000000,0.00000000,0.00000000,0.00000000,0.00000000,0,0,0,3,0,-0.04735020,-0.04735012,0.00002025,0.00000000,0.00000000,0.00000000,0.00000000,0.00000000,1.00000000,0.00000000,0.00000000,0,-75.99996274,-75.99981541,0.00000000,0.00000000,0.00000000,0.00000000,0.00000000,0.00000000,0,0,0,2,0,-0.04735020,-0.04735012,0.00002025,0.00000000,0.00000000,0.00000000,0.00000000,0.00000000,1.00000000,0.00000000,0.00000000,0,-16.23897218,-378.90970522,0.00000000,0.00000000,0.00000000,0.00000000,0.00000000,0.00000000,0
278395687,1,0,0,0,400,600,250,500,0,1,0,0,0,0,0,0,0,0.00000000,0.00000000,0.00000000,0.00000000,0.00000000,0.00000000,0,0,0,3,0,-0.04736446,-0.04735639,0.00201640,0.00000000,0.00000000,0.00000000,0.00000000,0.00000000,1.00000000,0.00000000,0.00000000,0,-75.99996274,-75.99935013,0.00000000,0.00000000,0.00000000,0.00000000,0.00000000,0.00000000,0,0,0,2,0,-0.04736446,-0.04735639,0.00201640,0.00000000,0.00000000,0.00000000,0.00000000,0.00000000,1.00000000,0.00000000,0.00000000,0,-16.23897218,-375.21663543,0.00000000,0.00000000,0.00000000,0.00000000,0.00000000,0.00000000,0
278395765,1,0,0,0,400,600,250,500,0,1,0,0,0,0,0,0,0,0.00000000,0.00000000,0.00000000,0.00000000,0.00000000,0.00000000,0,0,0,3,0,-0.04736446,-0.04735992,0.00113422,0.00000000,0.00000000,0.00000000,0.00000000,0.00000000,1.00000000,0.00000000,0.00000000,0,-75.99996274,-75.99857467,0.00000000,0.00000000,0.00000000,0.00000000,0.00000000,0.00000000,0,0,0,2,0,-0.04736446,-0.04735992,0.00113422,0.00000000,0.00000000,0.00000000,0.00000000,0.00000000,1.00000000,0.00000000,0.00000000,0,-16.23897218,-372.38184920,0.00000000,0.00000000,0.00000000,0.00000000,0.00000000,0.00000000,0
278395843,1,0,0,0,400,600,250,500,0,1,0,0,0,0,0,0,0,0.00000000,0.00000000,0.00000000,0.00000000,0.00000000,0.00000000,0,0,0,3,0,-0.04736446,-0.04736191,0.00063800,0.00000000,0.00000000,0.00000000,0.00000000,0.00000000,1.00000000,0.00000000,0.00000000,0,-75.99996274,-75.99872976,0.00000000,0.00000000,0.00000000,0.00000000,0.00000000,0.00000000,0,0,0,2,0,-0.04736446,-0.04736191,0.00063800,0.00000000,0.00000000,0.00000000,0.00000000,0.00000000,1.00000000,0.00000000,0.00000000,0,-16.23897218,-368.91614546,0.00000000,0.00000000,0.00000000,0.00000000,0.00000000,0.00000000,0
278395906,1,0,0,0,400,600,250,500,0,1,0,0,0,0,0,0,0,0.00000000,0.00000000,0.00000000,0.00000000,0.00000000,0.00000000,0,0,0,3,0,-0.04736446,-0.04736302,0.00035888,0.00000000,0.00000000,0.00000000,0.00000000,0.00000000,1.00000000,0.00000000,0.00000000,0,-75.99996274,-75.99919504,0.00000000,0.00000000,0.00000000,0.00000000,0.00000000,0.00000000,0,0,0,2,0,-0.04736446,-0.04736302,0.00035888,0.00000000,0.00000000,0.00000000,0.00000000,0.00000000,1.00000000,0.00000000,0.00000000,0,-16.23897218,-365.67734248,0.00000000,0.00000000,0.00000000,0.00000000,0.00000000,0.00000000,0
278395984,1,0,0,0,400,600,250,500,0,1,0,0,0,0,0,0,0,0.00000000,0.00000000,0.00000000,0.00000000,0.00000000,0.00000000,0,0,0,3,0,-0.04736446,-0.04736365,0.00020187,0.00000000,0.00000000,0.00000000,0.00000000,0.00000000,1.00000000,0.00000000,0.00000000,0,-75.99996274,-75.99966032,0.00000000,0.00000000,0.00000000,0.00000000,0.00000000,0.00000000,0,0,0,2,0,-0.04736446,-0.04736365,0.00020187,0.00000000,0.00000000,0.00000000,0.00000000,0.00000000,1.00000000,0.00000000,0.00000000,0,-16.23897218,-362.07748346,0.00000000,0.00000000,0.00000000,0.00000000,0.00000000,0.00000000,0
278396062,1,0,0,0,400,600,250,500,0,1,0,0,0,0,0,0,0,0.00000000,0.00000000,0.00000000,0.00000000,0.00000000,0.00000000,0,0,0,3,0,-0.04736446,-0.04736401,0.00011355,0.00000000,0.00000000,0.00000000,0.00000000,0.00000000,1.00000000,0.00000000,0.00000000,0,-75.99996274,-75.99981541,0.00000000,0.00000000,0.00000000,0.00000000,0.00000000,0.00000000,0,0,0,2,0,-0.04736446,-0.04736401,0.00011355,0.00000000,0.00000000,0.00000000,0.00000000,0.00000000,1.00000000,0.00000000,0.00000000,0,-16.23897218,-359.01703721,0.00000000,0.00000000,0.00000000,0.00000000,0.00000000,0.00000000,0
278396125,1,0,0,0,400,600,250,500,0,1,0,0,0,0,0,0,0,0.00000000,0.00000000,0.00000000,0.00000000,0.00000000,0.00000000,0,0,0,3,0,-0.04736446,-0.04736420,0.00006387,0.00000000,0.00000000,0.00000000,0.00000000,0.00000000,1.00000000,0.00000000,0.00000000,0,-75.99996274,-75.99981541,0.00000000,0.00000000,0.00000000,0.00000000,0.00000000,0.00000000,0,0,0,2,0,-0.04736446,-0.04736420,0.00006387,0.00000000,0.00000000,0.00000000,0.00000000,0.00000000,1.00000000,0.00000000,0.00000000,0,-16.23897218,-355.73186148,0.00000000,0.00000000,0.00000000,0.00000000,0.00000000,0.00000000,0
278396203,1,0,0,0,400,600,250,500,0,1,0,0,0,0,0,0,0,0.00000000,0.00000000,0.00000000,0.00000000,0.00000000,0.00000000,0,0,0,3,0,-0.04736446,-0.04736432,0.00003593,0.00000000,0.00000000,0.00000000,0.00000000,0.00000000,1.00000000,0.00000000,0.00000000,0,-75.99996274,-75.99997051,0.00000000,0.00000000,0.00000000,0.00000000,0.00000000,0.00000000,0,0,0,2,0,-0.04736446,-0.04736432,0.00003593,0.00000000,0.00000000,0.00000000,0.00000000,0.00000000,1.00000000,0.00000000,0.00000000,0,-16.23897218,-352.67265597,0.00000000,0.00000000,0.00000000,0.00000000,0.00000000,0.00000000,0
278396265,1,0,0,0,400,600,250,500,0,1,0,0,0,0,0,0,0,0.00000000,0.00000000,0.00000000,0.00000000,0.00000000,0.00000000,0,0,0,3,0,-0.04737872,-0.04737062,0.00202521,0.00000000,0.00000000,0.00000000,0.00000000,0.00000000,1.00000000,0.00000000,0.00000000,0,-75.99996274,-75.99997051,0.00000000,0.00000000,0.00000000,0.00000000,0.00000000,0.00000000,0,0,0,2,0,-0.04737872,-0.04737062,0.00202521,0.00000000,0.00000000,0.00000000,0.00000000,0.00000000,1.00000000,0.00000000,0.00000000,0,-16.23897218,-349.52241098,0.00000000,0.00000000,0.00000000,0.00000000,0.00000000,0.00000000,0
278396359,1,0,0,0,400,600,250,500,0,1,0,0,0,0,0,0,0,0.00000000,0.00000000,0.00000000,0.00000000,0.00000000,0.00000000,0,0,0,3,0,-0.04737872,-0.04737416,0.00113918,0.00000000,0.00000000,0.00000000,0.00000000,0.00000000,1.00000000,0.00000000,0.00000000,0,-75.99996274,-76.00012560,0.00000000,0.00000000,0.00000000,0.00000000,0.00000000,0.00000000,0,0,0,2,0,-0.04737872,-0.04737416,0.00113918,0.00000000,0.00000000,0.00000000,0.00000000,0.00000000,1.00000000,0.00000000,0.00000000,0,-16.23897218,-346.01390162,0.00000000,0.00000000,0.00000000,0.00000000,0.00000000,0.00000000,0
278396421,1,0,0,0,400,600,250,500,0,1,0,0,0,0,0,0,0,0.00000000,0.00000000,0.00000000,0.00000000,0.00000000,0.00000000,0,0,0,3,0,-0.04737872,-0.04737615,0.00064079,0.00000000,0.00000000,0.00000000,0.00000000,0.00000000,1.00000000,0.00000000,0.00000000,0,-75.99996274,-75.99997051,0.00000000,0.00000000,0.00000000,0.00000000,0.00000000,0.00000000,0,0,0,2,0,-0.04737872,-0.04737615,0.00064079,0.00000000,0.00000000,0.00000000,0.00000000,0.00000000,1.00000000,0.00000000,0.00000000,0,-16.23897218,-342.36813513,0.00000000,0.00000000,0.00000000,0.00000000,0.00000000,0.00000000,0
278396500,1,0,0,0,400,600,250,500,0,1,0,0,0,0,0,0,0,0.00000000,0.00000000,0.00000000,0.00000000,0.00000000,0.00000000,0,0,0,3,0,-0.04737872,-0.04737728,0.00036044,0.00000000,0.00000000,0.00000000,0.00000000,0.00000000,1.00000000,0.00000000,0.00000000,0,-75.99996274,-75.99997051,0.00000000,0.00000000,0.00000000,0.00000000,0.00000000,0.00000000,0,0,0,2,0,-0.04737872,-0.04737728,0.00036044,0.00000000,0.00000000,0.00000000,0.00000000,0.00000000,1.00000000,0.00000000,0.00000000,0,-16.23897218,-339.12793632,0.00000000,0.00000000,0.00000000,0.00000000,0.00000000,0.00000000,0
278396578,1,0,0,0,400,600,250,500,0,1,0,0,0,0,0,0,0,0.00000000,0.00000000,0.00000000,0.00000000,0.00000000,0.00000000,0,0,0,3,0,-0.04737872,-0.04737791,0.00020275,0.00000000,0.00000000,0.00000000,0.00000000,0.00000000,1.00000000,0.00000000,0.00000000,0,-75.99996274,-75.99997051,0.00000000,0.00000000,0.00000000,0.00000000,0.00000000,0.00000000,0,0,0,2,0,-0.04737872,-0.04737791,0.00020275,0.00000000,0.00000000,0.00000000,0.00000000,0.00000000,1.00000000,0.00000000,0.00000000,0,-16.23897218,-336.06950627,0.00000000,0.00000000,0.00000000,0.00000000,0.00000000,0.00000000,0
278396640,1,0,0,0,400,600,250,500,0,1,0,0,0,0,0,0,0,0.00000000,0.00000000,0.00000000,0.00000000,0.00000000,0.00000000,0,0,0,3,0,-0.04737872,-0.04737826,0.00011405,0.00000000,0.00000000,0.00000000,0.00000000,0.00000000,1.00000000,0.00000000,0.00000000,0,-75.99996274,-75.99997051,0.00000000,0.00000000,0.00000000,0.00000000,0.00000000,0.00000000,0,0,0,2,0,-0.04737872,-0.04737826,0.00011405,0.00000000,0.00000000,0.00000000,0.00000000,0.00000000,1.00000000,0.00000000,0.00000000,0,-16.23897218,-332.55773996,0.00000000,0.00000000,0.00000000,0.00000000,0.00000000,0.00000000,0
278396718,1,0,0,0,400,600,250,500,0,1,0,0,0,0,0,0,0,0.00000000,0.00000000,0.00000000,0.00000000,0.00000000,0.00000000,0,0,0,3,0,-0.04737872,-0.04737846,0.00006415,0.00000000,0.00000000,0.00000000,0.00000000,0.00000000,1.00000000,0.00000000,0.00000000,0,-75.99996274,-75.99997051,0.00000000,0.00000000,0.00000000,0.00000000,0.00000000,0.00000000,0,0,0,2,0,-0.04737872,-0.04737846,0.00006415,0.00000000,0.00000000,0.00000000,0.00000000,0.00000000,1.00000000,0.00000000,0.00000000,0,-16.23897218,-328.91212857,0.00000000,0.00000000,0.00000000,0.00000000,0.00000000,0.00000000,0
278396781,1,0,0,0,400,600,250,500,0,1,0,0,0,0,0,0,0,0.00000000,0.00000000,0.00000000,0.00000000,0.00000000,0.00000000,0,0,0,3,0,-0.04737872,-0.04737857,0.00003609,0.00000000,0.00000000,0.00000000,0.00000000,0.00000000,1.00000000,0.00000000,0.00000000,0,-75.99996274,-75.99997051,0.00000000,0.00000000,0.00000000,0.00000000,0.00000000,0.00000000,0,0,0,2,0,-0.04737872,-0.04737857,0.00003609,0.00000000,0.00000000,0.00000000,0.00000000,0.00000000,1.00000000,0.00000000,0.00000000,0,-16.23897218,-325.80655031,0.00000000,0.00000000,0.00000000,0.00000000,0.00000000,0.00000000,0
278396859,1,0,0,0,400,600,250,500,0,1,0,0,0,0,0,0,0,0.00000000,0.00000000,0.00000000,0.00000000,0.00000000,0.00000000,0,0,0,3,0,-0.04737872,-0.04737864,0.00002030,0.00000000,0.00000000,0.00000000,0.00000000,0.00000000,1.00000000,0.00000000,0.00000000,0,-75.99996274,-75.99997051,0.00000000,0.00000000,0.00000000,0.00000000,0.00000000,0.00000000,0,0,0,2,0,-0.04737872,-0.04737864,0.00002030,0.00000000,0.00000000,0.00000000,0.00000000,0.00000000,1.00000000,0.00000000,0.00000000,0,-16.23897218,-322.88196535,0.00000000,0.00000000,0.00000000,0.00000000,0.00000000,0.00000000,0
278396937,1,0,0,0,400,600,250,500,0,1,0,0,0,0,0,0,0,0.00000000,0.00000000,0.00000000,0.00000000,0.00000000,0.00000000,0,0,0,3,0,-0.04737872,-0.04737867,0.00001142,0.00000000,0.00000000,0.00000000,0.00000000,0.00000000,1.00000000,0.00000000,0.00000000,0,-75.99996274,-75.99997051,0.00000000,0.00000000,0.00000000,0.00000000,0.00000000,0.00000000,0,0,0,2,0,-0.04737872,-0.04737867,0.00001142,0.00000000,0.00000000,0.00000000,0.00000000,0.00000000,1.00000000,0.00000000,0.00000000,0,-16.23897218,-319.14764087,0.00000000,0.00000000,0.00000000,0.00000000,0.00000000,0.00000000,0
278397015,1,0,0,0,400,600,250,500,0,1,0,0,0,0,0,0,0,0.00000000,0.00000000,0.00000000,0.00000000,0.00000000,0.00000000,0,0,0,3,0,-0.04739298,-0.04738226,0.00267976,0.00000000,0.00000000,0.00000000,0.00000000,0.00000000,1.00000000,0.00000000,0.00000000,0,-75.99996274,-75.99997051,0.00000000,0.00000000,0.00000000,0.00000000,0.00000000,0.00000000,0,0,0,2,0,-0.04739298,-0.04738226,0.00267976,0.00000000,0.00000000,0.00000000,0.00000000,0.00000000,1.00000000,0.00000000,0.00000000,0,-16.23897218,-315.77530299,0.00000000,0.00000000,0.00000000,0.00000000,0.00000000,0.00000000,0
278397093,1,0,0,0,400,600,250,500,0,1,0,0,0,0,0,0,0,0.00000000,0.00000000,0.00000000,0.00000000,0.00000000,0.00000000,0,0,0,3,0,-0.04739298,-0.04738695,0.00150737,0.00000000,0.00000000,0.00000000,0.00000000,0.00000000,1.00000000,0.00000000,0.00000000,0,-75.99996274,-75.99997051,0.00000000,0.00000000,0.00000000,0.00000000,0.00000000,0.00000000,0,0,0,2,0,-0.04739298,-0.04738695,0.00150737,0.00000000,0.00000000,0.00000000,0.00000000,0.00000000,1.00000000,0.00000000,0.00000000,0,-16.23897218,-312.39676140,0.00000000,0.00000000,0.00000000,0.00000000,0.00000000,0.00000000,0
278397171,1,0,0,0,400,600,250,500,0,1,0,0,0,0,0,0,0,0.00000000,0.00000000,0.00000000,0.00000000,0.00000000,0.00000000,0,0,0,3,0,-0.04739298,-0.04738958,0.00084789,0.00000000,0.00000000,0.00000000,0.00000000,0.00000000,1.00000000,0.00000000,0.00000000,0,-75.99996274,-75.99997051,0.00000000,0.00000000,0.00000000,0.00000000,0.00000000,0.00000000,0,0,0,2,0,-0.04739298,-0.04738958,0.00084789,0.00000000,0.00000000,0.00000000,0.00000000,0.00000000,1.00000000,0.00000000,0.00000000,0,-16.23897218,-308.93090256,0.00000000,0.00000000,0.00000000,0.00000000,0.00000000,0.00000000,0
278397250,1,0,0,0,400,600,250,500,0,1,0,0,0,0,0,0,0,0.00000000,0.00000000,0.00000000,0.00000000,0.00000000,0.00000000,0,0,0,3,0,-0.04739298,-0.04739107,0.00047694,0.00000000,0.00000000,0.00000000,0.00000000,0.00000000,1.00000000,0.00000000,0.00000000,0,-75.99996274,-76.00012560,0.00000000,0.00000000,0.00000000,0.00000000,0.00000000,0.00000000,0,0,0,2,0,-0.04739298,-0.04739107,0.00047694,0.00000000,0.00000000,0.00000000,0.00000000,0.00000000,1.00000000,0.00000000,0.00000000,0,-16.23897218,-305.33461067,0.00000000,0.00000000,0.00000000,0.00000000,0.00000000,0.00000000,0
278397312,1,0,0,0,400,600,250,500,0,1,0,0,0,0,0,0,0,0.00000000,0.00000000,0.00000000,0.00000000,0.00000000,0.00000000,0,0,0,3,0,-0.04739298,-0.04739190,0.00026828,0.00000000,0.00000000,0.00000000,0.00000000,0.00000000,1.00000000,0.00000000,0.00000000,0,-75.99996274,-75.99997051,0.00000000,0.00000000,0.00000000,0.00000000,0.00000000,0.00000000,0,0,0,2,0,-0.04739298,-0.04739190,0.00026828,0.00000000,0.00000000,0.00000000,0.00000000,0.00000000,1.00000000,0.00000000,0.00000000,0,-16.23897218,-302.13985405,0.00000000,0.00000000,0.00000000,0.00000000,0.00000000,0.00000000,0
278397390,1,0,0,0,400,600,250,500,0,1,0,0,0,0,0,0,0,0.00000000,0.00000000,0.00000000,0.00000000,0.00000000,0.00000000,0,0,0,3,0,-0.04739298,-0.04739237,0.00015091,0.00000000,0.00000000,0.00000000,0.00000000,0.00000000,1.00000000,0.00000000,0.00000000,0,-75.99996274,-75.99997051,0.00000000,0.00000000,0.00000000,0.00000000,0.00000000,0.00000000,0,0,0,2,0,-0.04739298,-0.04739237,0.00015091,0.00000000,0.00000000,0.00000000,0.00000000,0.00000000,1.00000000,0.00000000,0.00000000,0,-16.23897218,-299.16796579,0.00000000,0.00000000,0.00000000,0.00000000,0.00000000,0.00000000,0
278397468,1,0,0,0,400,600,250,500,0,1,0,0,0,0,0,0,0,0.00000000,0.00000000,0.00000000,0.00000000,0.00000000,0.00000000,0,0,0,3,0,-0.04739298,-0.04739264,0.00008489,0.00000000,0.00000000,0.00000000,0.00000000,0.00000000,1.00000000,0.00000000,0.00000000,0,-75.99996274,-75.99997051,0.00000000,0.00000000,0.00000000,0.00000000,0.00000000,0.00000000,0,0,0,2,0,-0.04739298,-0.04739264,0.00008489,0.00000000,0.00000000,0.00000000,0.00000000,0.00000000,1.00000000,0.00000000,0.00000000,0,-16.23897218,-295.52344004,0.00000000,0.00000000,0.00000000,0.00000000,0.00000000,0.00000000,0
278397531,1,0,0,0,400,600,250,500,0,1,0,0,0,0,0,0,0,0.00000000,0.00000000,0.00000000,0.00000000,0.00000000,0.00000000,0,0,0,3,0,-0.04739298,-0.04739278,0.00004775,0.00000000,0.00000000,0.00000000,0.00000000,0.00000000,1.00000000,0.00000000,0.00000000,0,-75.99996274,-75.99997051,0.00000000,0.00000000,0.00000000,0.00000000,0.00000000,0.00000000,0,0,0,2,0,-0.04739298,-0.04739278,0.00004775,0.00000000,0.00000000,0.00000000,0.00000000,0.00000000,1.00000000,0.00000000,0.00000000,0,-16.23897218,-292.32852833,0.00000000,0.00000000,0.00000000,0.00000000,0.00000000,0.00000000,0
278397609,1,0,0,0,400,600,250,500,0,1,0,0,0,0,0,0,0,0.00000000,0.00000000,0.00000000,0.00000000,0.00000000,0.00000000,0,0,0,3,0,-0.04739298,-0.04739287,0.00002686,0.00000000,0.00000000,0.00000000,0.00000000,0.00000000,1.00000000,0.00000000,0.00000000,0,-75.99996274,-75.99997051,0.00000000,0.00000000,0.00000000,0.00000000,0.00000000,0.00000000,0,0,0,2,0,-0.04739298,-0.04739287,0.00002686,0.00000000,0.00000000,0.00000000,0.00000000,0.00000000,1.00000000,0.00000000,0.00000000,0,-16.23897218,-289.31336917,0.00000000,0.00000000,0.00000000,0.00000000,0.00000000,0.00000000,0
278397687,1,0,0,0,400,600,250,500,0,1,0,0,0,0,0,0,0,0.00000000,0.00000000,0.00000000,0.00000000,0.00000000,0.00000000,0,0,0,3,0,-0.04740701,-0.04739642,0.00264569,0.00000000,0.00000000,0.00000000,0.00000000,0.00000000,1.00000000,0.00000000,0.00000000,0,-75.99996274,-75.99997051,0.00000000,0.00000000,0.00000000,0.00000000,0.00000000,0.00000000,0,0,0,2,0,-0.04740701,-0.04739642,0.00264569,0.00000000,0.00000000,0.00000000,0.00000000,0.00000000,1.00000000,0.00000000,0.00000000,0,-16.23897218,-286.02803835,0.00000000,0.00000000,0.00000000,0.00000000,0.00000000,0.00000000,0
278397781,1,0,0,0,400,600,250,500,0,1,0,0,0,0,0,0,0,0.00000000,0.00000000,0.00000000,0.00000000,0.00000000,0.00000000,0,0,0,3,0,-0.04740723,-0.04740115,0.00152027,0.00000000,0.00000000,0.00000000,0.00000000,0.00000000,1.00000000,0.00000000,0.00000000,0,-75.99996274,-75.99997051,0.00000000,0.00000000,0.00000000,0.00000000,0.00000000,0.00000000,0,0,0,2,0,-0.04740723,-0.04740115,0.00152027,0.00000000,0.00000000,0.00000000,0.00000000,0.00000000,1.00000000,0.00000000,0.00000000,0,-16.23897218,-281.93188237,0.00000000,0.00000000,0.00000000,0.00000000,0.00000000,0.00000000,0
278397875,1,0,0,0,400,600,250,500,0,1,0,0,0,0,0,0,0,0.00000000,0.00000000,0.00000000,0.00000000,0.00000000,0.00000000,0,0,0,3,0,-0.04740723,-0.04740381,0.00085515,0.00000000,0.00000000,0.00000000,0.00000000,0.00000000,1.00000000,0.00000000,0.00000000,0,-75.99996274,-75.99997051,0.00000000,0.00000000,0.00000000,0.00000000,0.00000000,0.00000000,0,0,0,2,0,-0.04740723,-0.04740381,0.00085515,0.00000000,0.00000000,0.00000000,0.00000000,0.00000000,1.00000000,0.00000000,0.00000000,0,-16.23897218,-277.61285803,0.00000000,0.00000000,0.00000000,0.00000000,0.00000000,0.00000000,0
278397968,1,0,0,0,400,600,250,500,0,1,0,0,0,0,0,0,0,0.00000000,0.00000000,0.00000000,0.00000000,0.00000000,0.00000000,0,0,0,3,0,-0.04740723,-0.04740531,0.00048102,0.00000000,0.00000000,0.00000000,0.00000000,0.00000000,1.00000000,0.00000000,0.00000000,0,-75.99996274,-75.99997051,0.00000000,0.00000000,0.00000000,0.00000000,0.00000000,0.00000000,0,0,0,2,0,-0.04740723,-0.04740531,0.00048102,0.00000000,0.00000000,0.00000000,0.00000000,0.00000000,1.00000000,0.00000000,0.00000000,0,-16.23897218,-273.38332223,0.00000000,0.00000000,0.00000000,0.00000000,0.00000000,0.00000000,0
278398046,1,0,0,0,400,600,250,500,0,1,0,0,0,0,0,0,0,0.00000000,0.00000000,0.00000000,0.00000000,0.00000000,0.00000000,0,0,0,3,0,-0.04740723,-0.04740615,0.00027058,0.00000000,0.00000000,0.00000000,0.00000000,0.00000000,1.00000000,0.00000000,0.00000000,0,-75.99996274,-75.99997051,0.00000000,0.00000000,0.00000000,0.00000000,0.00000000,0.00000000,0,0,0,2,0,-0.04740723,-0.04740615,0.00027058,0.00000000,0.00000000,0.00000000,0.00000000,0.00000000,1.00000000,0.00000000,0.00000000,0,-16.23897218,-269.46784936,0.00000000,0.00000000,0.00000000,0.00000000,0.00000000,0.00000000,0
278398140,1,0,0,0,400,600,250,500,0,1,0,0,0,0,0,0,0,0.00000000,0.00000000,0.00000000,0.00000000,0.00000000,0.00000000,0,0,0,3,0,-0.04740723,-0.04740662,0.00015220,0.00000000,0.00000000,0.00000000,0.00000000,0.00000000,1.00000000,0.00000000,0.00000000,0,-75.99996274,-75.99997051,0.00000000,0.00000000,0.00000000,0.00000000,0.00000000,0.00000000,0,0,0,2,0,-0.04740723,-0.04740662,0.00015220,0.00000000,0.00000000,0.00000000,0.00000000,0.00000000,1.00000000,0.00000000,0.00000000,0,-16.23897218,-265.68792760,0.00000000,0.00000000,0.00000000,0.00000000,0.00000000,0.00000000,0
278398218,1,0,0,0,400,600,250,500,0,1,0,0,0,0,0,0,0,0.00000000,0.00000000,0.00000000,0.00000000,0.00000000,0.00000000,0,0,0,3,0,-0.04740723,-0.04740689,0.00008561,0.00000000,0.00000000,0.00000000,0.00000000,0.00000000,1.00000000,0.00000000,0.00000000,0,-75.99996274,-75.99997051,0.00000000,0.00000000,0.00000000,0.00000000,0.00000000,0.00000000,0,0,0,2,0,-0.04740723,-0.04740689,0.00008561,0.00000000,0.00000000,0.00000000,0.00000000,0.00000000,1.00000000,0.00000000,0.00000000,0,-16.23897218,-261.68312127,0.00000000,0.00000000,0.00000000,0.00000000,0.00000000,0.00000000,0
278398328,1,0,0,0,400,600,250,500,0,1,0,0,0,0,0,0,0,0.00000000,0.00000000,0.00000000,0.00000000,0.00000000,0.00000000,0,0,0,3,0,-0.04740723,-0.04740704,0.00004816,0.00000000,0.00000000,0.00000000,0.00000000,0.00000000,1.00000000,0.00000000,0.00000000,0,-75.99996274,-75.99997051,0.00000000,0.00000000,0.00000000,0.00000000,0.00000000,0.00000000,0,0,0,2,0,-0.04740723,-0.04740704,0.00004816,0.00000000,0.00000000,0.00000000,0.00000000,0.00000000,1.00000000,0.00000000,0.00000000,0,-16.23897218,-257.40814329,0.00000000,0.00000000,0.00000000,0.00000000,0.00000000,0.00000000,0
278398406,1,0,0,0,400,600,250,500,0,1,0,0,0,0,0,0,0,0.00000000,0.00000000,0.00000000,0.00000000,0.00000000,0.00000000,0,0,0,3,0,-0.04740723,-0.04740712,0.00002709,0.00000000,0.00000000,0.00000000,0.00000000,0.00000000,1.00000000,0.00000000,0.00000000,0,-75.99996274,-75.99997051,0.00000000,0.00000000,0.00000000,0.00000000,0.00000000,0.00000000,0,0,0,2,0,-0.04740723,-0.04740712,0.00002709,0.00000000,0.00000000,0.00000000,0.00000000,0.00000000,1.00000000,0.00000000,0.00000000,0,-16.23897218,-253.35789477,0.00000000,0.00000000,0.00000000,0.00000000,0.00000000,0.00000000,0
278398500,1,0,0,0,400,600,250,500,0,1,0,0,0,0,0,0,0,0.00000000,0.00000000,0.00000000,0.00000000,0.00000000,0.00000000,0,0,0,3,0,-0.04742149,-0.04741341,0.00202024,0.00000000,0.00000000,0.00000000,0.00000000,0.00000000,1.00000000,0.00000000,0.00000000,0,-75.99996274,-75.99997051,0.00000000,0.00000000,0.00000000,0.00000000,0.00000000,0.00000000,0,0,0,2,0,-0.04742149,-0.04741341,0.00202024,0.00000000,0.00000000,0.00000000,0.00000000,0.00000000,1.00000000,0.00000000,0.00000000,0,-16.23897218,-249.35231299,0.00000000,0.00000000,0.00000000,0.00000000,0.00000000,0.00000000,0
278398578,1,0,0,0,400,600,250,500,0,1,0,0,0,0,0,0,0,0.00000000,0.00000000,0.00000000,0.00000000,0.00000000,0.00000000,0,0,0,3,0,-0.04742149,-0.04741695,0.00113639,0.00000000,0.00000000,0.00000000,0.00000000,0.00000000,1.00000000,0.00000000,0.00000000,0,-75.99996274,-75.99997051,0.00000000,0.00000000,0.00000000,0.00000000,0.00000000,0.00000000,0,0,0,2,0,-0.04742149,-0.04741695,0.00113639,0.00000000,0.00000000,0.00000000,0.00000000,0.00000000,1.00000000,0.00000000,0.00000000,0,-16.23897218,-245.48290268,0.00000000,0.00000000,0.00000000,0.00000000,0.00000000,0.00000000,0
278398671,1,0,0,0,400,600,250,500,0,1,0,0,0,0,0,0,0,0.00000000,0.00000000,0.00000000,0.00000000,0.00000000,0.00000000,0,0,0,3,0,-0.04742149,-0.04741893,0.00063922,0.00000000,0.00000000,0.00000000,0.00000000,0.00000000,1.00000000,0.00000000,0.00000000,0,-75.99996274,-75.99997051,0.00000000,0.00000000,0.00000000,0.00000000,0.00000000,0.00000000,0,0,0,2,0,-0.04742149,-0.04741893,0.00063922,0.00000000,0.00000000,0.00000000,0.00000000,0.00000000,1.00000000,0.00000000,0.00000000,0,-16.23897218,-241.70282582,0.00000000,0.00000000,0.00000000,0.00000000,0.00000000,0.00000000,0
278398765,1,0,0,0,400,600,250,500,0,1,0,0,0,0,0,0,0,0.00000000,0.00000000,0.00000000,0.00000000,0.00000000,0.00000000,0,0,0,3,0,-0.04742149,-0.04742005,0.00035956,0.00000000,0.00000000,0.00000000,0.00000000,0.00000000,1.00000000,0.00000000,0.00000000,0,-75.99996274,-75.99997051,0.00000000,0.00000000,0.00000000,0.00000000,0.00000000,0.00000000,0,0,0,2,0,-0.04742149,-0.04742005,0.00035956,0.00000000,0.00000000,0.00000000,0.00000000,0.00000000,1.00000000,0.00000000,0.00000000,0,-16.23897218,-237.78812842,0.00000000,0.00000000,0.00000000,0.00000000,0.00000000,0.00000000,0
278398859,1,0,0,0,400,600,250,500,0,1,0,0,0,0,0,0,0,0.00000000,0.00000000,0.00000000,0.00000000,0.00000000,0.00000000,0,0,0,3,0,-0.04742149,-0.04742068,0.00020225,0.00000000,0.00000000,0.00000000,0.00000000,0.00000000,1.00000000,0.00000000,0.00000000,0,-75.99996274,-75.99997051,0.00000000,0.00000000,0.00000000,0.00000000,0.00000000,0.00000000,0,0,0,2,0,-0.04742149,-0.04742068,0.00020225,0.00000000,0.00000000,0.00000000,0.00000000,0.00000000,1.00000000,0.00000000,0.00000000,0,-16.23897218,-233.37744423,0.00000000,0.00000000,0.00000000,0.00000000,0.00000000,0.00000000,0
278398953,1,0,0,0,400,600,250,500,0,1,0,0,0,0,0,0,0,0.00000000,0.00000000,0.00000000,0.00000000,0.00000000,0.00000000,0,0,0,3,0,-0.04742149,-0.04742104,0.00011377,0.00000000,0.00000000,0.00000000,0.00000000,0.00000000,1.00000000,0.00000000,0.00000000,0,-75.99996274,-75.99997051,0.00000000,0.00000000,0.00000000,0.00000000,0.00000000,0.00000000,0,0,0,2,0,-0.04742149,-0.04742104,0.00011377,0.00000000,0.00000000,0.00000000,0.00000000,0.00000000,1.00000000,0.00000000,0.00000000,0,-16.23897218,-229.32781608,0.00000000,0.00000000,0.00000000,0.00000000,0.00000000,0.00000000,0
278399031,1,0,0,0,400,600,250,500,0,1,0,0,0,0,0,0,0,0.00000000,0.00000000,0.00000000,0.00000000,0.00000000,0.00000000,0,0,0,3,0,-0.04742149,-0.04742124,0.00006399,0.00000000,0.00000000,0.00000000,0.00000000,0.00000000,1.00000000,0.00000000,0.00000000,0,-75.99996274,-75.99997051,0.00000000,0.00000000,0.00000000,0.00000000,0.00000000,0.00000000,0,0,0,2,0,-0.04742149,-0.04742124,0.00006399,0.00000000,0.00000000,0.00000000,0.00000000,0.00000000,1.00000000,0.00000000,0.00000000,0,-16.23897218,-225.32285467,0.00000000,0.00000000,0.00000000,0.00000000,0.00000000,0.00000000,0
278399125,1,0,0,0,400,600,250,500,0,1,0,0,0,0,0,0,0,0.00000000,0.00000000,0.00000000,0.00000000,0.00000000,0.00000000,0,0,0,3,0,-0.04742149,-0.04742135,0.00003600,0.00000000,0.00000000,0.00000000,0.00000000,0.00000000,1.00000000,0.00000000,0.00000000,0,-75.99996274,-75.99997051,0.00000000,0.00000000,0.00000000,0.00000000,0.00000000,0.00000000,0,0,0,2,0,-0.04742149,-0.04742135,0.00003600,0.00000000,0.00000000,0.00000000,0.00000000,0.00000000,1.00000000,0.00000000,0.00000000,0,-16.23897218,-221.45313417,0.00000000,0.00000000,0.00000000,0.00000000,0.00000000,0.00000000,0
278399218,1,0,0,0,400,600,250,500,0,1,0,0,0,0,0,0,0,0.00000000,0.00000000,0.00000000,0.00000000,0.00000000,0.00000000,0,0,0,3,0,-0.04742149,-0.04742141,0.00002025,0.00000000,0.00000000,0.00000000,0.00000000,0.00000000,1.00000000,0.00000000,0.00000000,0,-75.99996274,-75.99997051,0.00000000,0.00000000,0.00000000,0.00000000,0.00000000,0.00000000,0,0,0,2,0,-0.04742149,-0.04742141,0.00002025,0.00000000,0.00000000,0.00000000,0.00000000,0.00000000,1.00000000,0.00000000,0.00000000,0,-16.23897218,-216.95342672,0.00000000,0.00000000,0.00000000,0.00000000,0.00000000,0.00000000,0
278399312,1,0,0,0,400,600,250,500,0,1,0,0,0,0,0,0,0,0.00000000,0.00000000,0.00000000,0.00000000,0.00000000,0.00000000,0,0,0,3,0,-0.04743575,-0.04742768,0.00201639,0.00000000,0.00000000,0.00000000,0.00000000,0.00000000,1.00000000,0.00000000,0.00000000,0,-75.99996274,-75.99997051,0.00000000,0.00000000,0.00000000,0.00000000,0.00000000,0.00000000,0,0,0,2,0,-0.04743575,-0.04742768,0.00201639,0.00000000,0.00000000,0.00000000,0.00000000,0.00000000,1.00000000,0.00000000,0.00000000,0,-16.23897218,-213.12852804,0.00000000,0.00000000,0.00000000,0.00000000,0.00000000,0.00000000,0
278399390,1,0,0,0,400,600,250,500,0,1,0,0,0,0,0,0,0,0.00000000,0.00000000,0.00000000,0.00000000,0.00000000,0.00000000,0,0,0,3,0,-0.04743575,-0.04743121,0.00113422,0.00000000,0.00000000,0.00000000,0.00000000,0.00000000,1.00000000,0.00000000,0.00000000,0,-75.99996274,-75.99997051,0.00000000,0.00000000,0.00000000,0.00000000,0.00000000,0.00000000,0,0,0,2,0,-0.04743575,-0.04743121,0.00113422,0.00000000,0.00000000,0.00000000,0.00000000,0.00000000,1.00000000,0.00000000,0.00000000,0,-16.23897218,-209.25787699,0.00000000,0.00000000,0.00000000,0.00000000,0.00000000,0.00000000,0
278399468,1,0,0,0,400,600,250,500,0,1,0,0,0,0,0,0,0,0.00000000,0.00000000,0.00000000,0.00000000,0.00000000,0.00000000,0,0,0,3,0,-0.04743575,-0.04743320,0.00063800,0.00000000,0.00000000,0.00000000,0.00000000,0.00000000,1.00000000,0.00000000,0.00000000,0,-75.99996274,-75.99997051,0.00000000,0.00000000,0.00000000,0.00000000,0.00000000,0.00000000,0,0,0,2,0,-0.04743575,-0.04743320,0.00063800,0.00000000,0.00000000,0.00000000,0.00000000,0.00000000,1.00000000,0.00000000,0.00000000,0,-16.23897218,-205.56775396,0.00000000,0.00000000,0.00000000,0.00000000,0.00000000,0.00000000,0
278399562,1,0,0,0,400,600,250,500,0,1,0,0,0,0,0,0,0,0.00000000,0.00000000,0.00000000,0.00000000,0.00000000,0.00000000,0,0,0,3,0,-0.04743575,-0.04743431,0.00035887,0.00000000,0.00000000,0.00000000,0.00000000,0.00000000,1.00000000,0.00000000,0.00000000,0,-75.99996274,-75.99997051,0.00000000,0.00000000,0.00000000,0.00000000,0.00000000,0.00000000,0,0,0,2,0,-0.04743575,-0.04743431,0.00035887,0.00000000,0.00000000,0.00000000,0.00000000,0.00000000,1.00000000,0.00000000,0.00000000,0,-16.23897218,-201.74301038,0.00000000,0.00000000,0.00000000,0.00000000,0.00000000,0.00000000,0
278399656,1,0,0,0,400,600,250,500,0,1,0,0,0,0,0,0,0,0.00000000,0.00000000,0.00000000,0.00000000,0.00000000,0.00000000,0,0,0,3,0,-0.04743575,-0.04743494,0.00020187,0.00000000,0.00000000,0.00000000,0.00000000,0.00000000,1.00000000,0.00000000,0.00000000,0,-75.99996274,-76.00012560,0.00000000,0.00000000,0.00000000,0.00000000,0.00000000,0.00000000,0,0,0,2,0,-0.04743575,-0.04743494,0.00020187,0.00000000,0.00000000,0.00000000,0.00000000,0.00000000,1.00000000,0.00000000,0.00000000,0,-16.23897218,-197.55814131,0.00000000,0.00000000,0.00000000,0.00000000,0.00000000,0.00000000,0
278399750,1,0,0,0,400,600,250,500,0,1,0,0,0,0,0,0,0,0.00000000,0.00000000,0.00000000,0.00000000,0.00000000,0.00000000,0,0,0,3,0,-0.04743575,-0.04743529,0.00011355,0.00000000,0.00000000,0.00000000,0.00000000,0.00000000,1.00000000,0.00000000,0.00000000,0,-75.99996274,-75.99997051,0.00000000,0.00000000,0.00000000,0.00000000,0.00000000,0.00000000,0,0,0,2,0,-0.04743575,-0.04743529,0.00011355,0.00000000,0.00000000,0.00000000,0.00000000,0.00000000,1.00000000,0.00000000,0.00000000,0,-16.23897218,-193.19274423,0.00000000,0.00000000,0.00000000,0.00000000,0.00000000,0.00000000,0
278399828,1,0,0,0,400,600,250,500,0,1,0,0,0,0,0,0,0,0.00000000,0.00000000,0.00000000,0.00000000,0.00000000,0.00000000,0,0,0,3,0,-0.04743575,-0.04743549,0.00006387,0.00000000,0.00000000,0.00000000,0.00000000,0.00000000,1.00000000,0.00000000,0.00000000,0,-75.99996274,-75.99997051,0.00000000,0.00000000,0.00000000,0.00000000,0.00000000,0.00000000,0,0,0,2,0,-0.04743575,-0.04743549,0.00006387,0.00000000,0.00000000,0.00000000,0.00000000,0.00000000,1.00000000,0.00000000,0.00000000,0,-16.23897218,-189.32271355,0.00000000,0.00000000,0.00000000,0.00000000,0.00000000,0.00000000,0
278399921,1,0,0,0,400,600,250,500,0,1,0,0,0,0,0,0,0,0.00000000,0.00000000,0.00000000,0.00000000,0.00000000,0.00000000,0,0,0,3,0,-0.04743575,-0.04743561,0.00003593,0.00000000,0.00000000,0.00000000,0.00000000,0.00000000,1.00000000,0.00000000,0.00000000,0,-75.99996274,-75.99997051,0.00000000,0.00000000,0.00000000,0.00000000,0.00000000,0.00000000,0,0,0,2,0,-0.04743575,-0.04743561,0.00003593,0.00000000,0.00000000,0.00000000,0.00000000,0.00000000,1.00000000,0.00000000,0.00000000,0,-16.23897218,-185.27463633,0.00000000,0.00000000,0.00000000,0.00000000,0.00000000,0.00000000,0
278400015,1,0,0,0,400,600,250,500,0,1,0,0,0,0,0,0,0,0.00000000,0.00000000,0.00000000,0.00000000,0.00000000,0.00000000,0,0,0,3,0,-0.04743575,-0.04743567,0.00002021,0.00000000,0.00000000,0.00000000,0.00000000,0.00000000,1.00000000,0.00000000,0.00000000,0,-75.99996274,-75.99997051,0.00000000,0.00000000,0.00000000,0.00000000,0.00000000,0.00000000,0,0,0,2,0,-0.04743575,-0.04743567,0.00002021,0.00000000,0.00000000,0.00000000,0.00000000,0.00000000,1.00000000,0.00000000,0.00000000,0,-16.23897218,-181.40352000,0.00000000,0.00000000,0.00000000,0.00000000,0.00000000,0.00000000,0
278400109,1,0,0,0,400,600,250,500,0,1,0,0,0,0,0,0,0,0.00000000,0.00000000,0.00000000,0.00000000,0.00000000,0.00000000,0,0,0,3,0,-0.04743575,-0.04743570,0.00001137,0.00000000,0.00000000,0.00000000,0.00000000,0.00000000,1.00000000,0.00000000,0.00000000,0,-75.99996274,-75.99997051,0.00000000,0.00000000,0.00000000,0.00000000,0.00000000,0.00000000,0,0,0,2,0,-0.04743575,-0.04743570,0.00001137,0.00000000,0.00000000,0.00000000,0.00000000,0.00000000,1.00000000,0.00000000,0.00000000,0,-16.23897218,-176.99252563,0.00000000,0.00000000,0.00000000,0.00000000,0.00000000,0.00000000,0
278400187,1,0,0,0,400,600,250,500,0,1,0,0,0,0,0,0,0,0.00000000,0.00000000,0.00000000,0.00000000,0.00000000,0.00000000,0,0,0,3,0,-0.04745001,-0.04744196,0.00201140,0.00000000,0.00000000,0.00000000,0.00000000,0.00000000,1.00000000,0.00000000,0.00000000,0,-75.99996274,-75.99997051,0.00000000,0.00000000,0.00000000,0.00000000,0.00000000,0.00000000,0,0,0,2,0,-0.04745001,-0.04744196,0.00201140,0.00000000,0.00000000,0.00000000,0.00000000,0.00000000,1.00000000,0.00000000,0.00000000,0,-16.23897218,-173.25882152,0.00000000,0.00000000,0.00000000,0.00000000,0.00000000,0.00000000,0
278400265,1,0,0,0,400,600,250,500,0,1,0,0,0,0,0,0,0,0.00000000,0.00000000,0.00000000,0.00000000,0.00000000,0.00000000,0,0,0,3,0,-0.04745001,-0.04744548,0.00113141,0.00000000,0.00000000,0.00000000,0.00000000,0.00000000,1.00000000,0.00000000,0.00000000,0,-75.99996274,-75.99997051,0.00000000,0.00000000,0.00000000,0.00000000,0.00000000,0.00000000,0,0,0,2,0,-0.04745001,-0.04744548,0.00113141,0.00000000,0.00000000,0.00000000,0.00000000,0.00000000,1.00000000,0.00000000,0.00000000,0,-16.23897218,-169.52201556,0.00000000,0.00000000,0.00000000,0.00000000,0.00000000,0.00000000,0
278400359,1,0,0,0,400,600,250,500,0,1,0,0,0,0,0,0,0,0.00000000,0.00000000,0.00000000,0.00000000,0.00000000,0.00000000,0,0,0,3,0,-0.04745001,-0.04744746,0.00063642,0.00000000,0.00000000,0.00000000,0.00000000,0.00000000,1.00000000,0.00000000,0.00000000,0,-75.99996274,-75.99997051,0.00000000,0.00000000,0.00000000,0.00000000,0.00000000,0.00000000,0,0,0,2,0,-0.04745001,-0.04744746,0.00063642,0.00000000,0.00000000,0.00000000,0.00000000,0.00000000,1.00000000,0.00000000,0.00000000,0,-16.23897218,-165.56342689,0.00000000,0.00000000,0.00000000,0.00000000,0.00000000,0.00000000,0
278400453,1,0,0,0,400,600,250,500,0,1,0,0,0,0,0,0,0,0.00000000,0.00000000,0.00000000,0.00000000,0.00000000,0.00000000,0,0,0,3,0,-0.04745001,-0.04744857,0.00035799,0.00000000,0.00000000,0.00000000,0.00000000,0.00000000,1.00000000,0.00000000,0.00000000,0,-75.99996274,-75.99997051,0.00000000,0.00000000,0.00000000,0.00000000,0.00000000,0.00000000,0,0,0,2,0,-0.04745001,-0.04744857,0.00035799,0.00000000,0.00000000,0.00000000,0.00000000,0.00000000,1.00000000,0.00000000,0.00000000,0,-16.23897218,-161.69370639,0.00000000,0.00000000,0.00000000,0.00000000,0.00000000,0.00000000,0
278400546,1,0,0,0,400,600,250,500,0,1,0,0,0,0,0,0,0,0.00000000,0.00000000,0.00000000,0.00000000,0.00000000,0.00000000,0,0,0,3,0,-0.04745001,-0.04744920,0.00020137,0.00000000,0.00000000,0.00000000,0.00000000,0.00000000,1.00000000,0.00000000,0.00000000,0,-75.99996274,-75.99997051,0.00000000,0.00000000,0.00000000,0.00000000,0.00000000,0.00000000,0,0,0,2,0,-0.04745001,-0.04744920,0.00020137,0.00000000,0.00000000,0.00000000,0.00000000,0.00000000,1.00000000,0.00000000,0.00000000,0,-16.23897218,-157.64252732,0.00000000,0.00000000,0.00000000,0.00000000,0.00000000,0.00000000,0
278400640,1,0,0,0,400,600,250,500,0,1,0,0,0,0,0,0,0,0.00000000,0.00000000,0.00000000,0.00000000,0.00000000,0.00000000,0,0,0,3,0,-0.04745001,-0.04744955,0.00011327,0.00000000,0.00000000,0.00000000,0.00000000,0.00000000,1.00000000,0.00000000,0.00000000,0,-75.99996274,-75.99997051,0.00000000,0.00000000,0.00000000,0.00000000,0.00000000,0.00000000,0,0,0,2,0,-0.04745001,-0.04744955,0.00011327,0.00000000,0.00000000,0.00000000,0.00000000,0.00000000,1.00000000,0.00000000,0.00000000,0,-16.23897218,-153.14313005,0.00000000,0.00000000,0.00000000,0.00000000,0.00000000,0.00000000,0
278400703,1,0,0,0,400,600,250,500,0,1,0,0,0,0,0,0,0,0.00000000,0.00000000,0.00000000,0.00000000,0.00000000,0.00000000,0,0,0,3,0,-0.04745001,-0.04744975,0.00006371,0.00000000,0.00000000,0.00000000,0.00000000,0.00000000,1.00000000,0.00000000,0.00000000,0,-75.99996274,-75.99997051,0.00000000,0.00000000,0.00000000,0.00000000,0.00000000,0.00000000,0,0,0,2,0,-0.04745001,-0.04744975,0.00006371,0.00000000,0.00000000,0.00000000,0.00000000,0.00000000,1.00000000,0.00000000,0.00000000,0,-16.23897218,-149.58793776,0.00000000,0.00000000,0.00000000,0.00000000,0.00000000,0.00000000,0
278400781,1,0,0,0,400,600,250,500,0,1,0,0,0,0,0,0,0,0.00000000,0.00000000,0.00000000,0.00000000,0.00000000,0.00000000,0,0,0,3,0,-0.04745001,-0.04744986,0.00003584,0.00000000,0.00000000,0.00000000,0.00000000,0.00000000,1.00000000,0.00000000,0.00000000,0,-75.99996274,-75.99997051,0.00000000,0.00000000,0.00000000,0.00000000,0.00000000,0.00000000,0,0,0,2,0,-0.04745001,-0.04744986,0.00003584,0.00000000,0.00000000,0.00000000,0.00000000,0.00000000,1.00000000,0.00000000,0.00000000,0,-16.23897218,-146.30183148,0.00000000,0.00000000,0.00000000,0.00000000,0.00000000,0.00000000,0
278400843,1,0,0,0,400,600,250,500,0,1,0,0,0,0,0,0,0,0.00000000,0.00000000,0.00000000,0.00000000,0.00000000,0.00000000,0,0,0,3,0,-0.04745001,-0.04744993,0.00002016,0.00000000,0.00000000,0.00000000,0.00000000,0.00000000,1.00000000,0.00000000,0.00000000,0,-75.99996274,-75.99997051,0.00000000,0.00000000,0.00000000,0.00000000,0.00000000,0.00000000,0,0,0,2,0,-0.04745001,-0.04744993,0.00002016,0.00000000,0.00000000,0.00000000,0.00000000,0.00000000,1.00000000,0.00000000,0.00000000,0,-16.23897218,-143.06302850,0.00000000,0.00000000,0.00000000,0.00000000,0.00000000,0.00000000,0
278400921,1,0,0,0,400,600,250,500,0,1,0,0,0,0,0,0,0,0.00000000,0.00000000,0.00000000,0.00000000,0.00000000,0.00000000,0,0,0,3,0,-0.04745001,-0.04744996,0.00001134,0.00000000,0.00000000,0.00000000,0.00000000,0.00000000,1.00000000,0.00000000,0.00000000,0,-75.99996274,-75.99997051,0.00000000,0.00000000,0.00000000,0.00000000,0.00000000,0.00000000,0,0,0,2,0,-0.04745001,-0.04744996,0.00001134,0.00000000,0.00000000,0.00000000,0.00000000,0.00000000,1.00000000,0.00000000,0.00000000,0,-16.23897218,-139.77800787,0.00000000,0.00000000,0.00000000,0.00000000,0.00000000,0.00000000,0
278401000,1,0,0,0,400,600,250,500,0,1,0,0,0,0,0,0,0,0.00000000,0.00000000,0.00000000,0.00000000,0.00000000,0.00000000,0,0,0,3,0,-0.04746426,-0.04745622,0.00201138,0.00000000,0.00000000,0.00000000,0.00000000,0.00000000,1.00000000,0.00000000,0.00000000,0,-75.99996274,-75.99997051,0.00000000,0.00000000,0.00000000,0.00000000,0.00000000,0.00000000,0,0,0,2,0,-0.04746426,-0.04745622,0.00201138,0.00000000,0.00000000,0.00000000,0.00000000,0.00000000,1.00000000,0.00000000,0.00000000,0,-16.23897218,-136.62714251,0.00000000,0.00000000,0.00000000,0.00000000,0.00000000,0.00000000,0
278401078,1,0,0,0,400,600,250,500,0,1,0,0,0,0,0,0,0,0.00000000,0.00000000,0.00000000,0.00000000,0.00000000,0.00000000,0,0,0,3,0,-0.04746426,-0.04745974,0.00113140,0.00000000,0.00000000,0.00000000,0.00000000,0.00000000,1.00000000,0.00000000,0.00000000,0,-75.99996274,-75.99997051,0.00000000,0.00000000,0.00000000,0.00000000,0.00000000,0.00000000,0,0,0,2,0,-0.04746426,-0.04745974,0.00113140,0.00000000,0.00000000,0.00000000,0.00000000,0.00000000,1.00000000,0.00000000,0.00000000,0,-16.23897218,-133.34227697,0.00000000,0.00000000,0.00000000,0.00000000,0.00000000,0.00000000,0
278401156,1,0,0,0,400,600,250,500,0,1,0,0,0,0,0,0,0,0.00000000,0.00000000,0.00000000,0.00000000,0.00000000,0.00000000,0,0,0,3,0,-0.04746426,-0.04746172,0.00063641,0.00000000,0.00000000,0.00000000,0.00000000,0.00000000,1.00000000,0.00000000,0.00000000,0,-75.99996274,-75.99997051,0.00000000,0.00000000,0.00000000,0.00000000,0.00000000,0.00000000,0,0,0,2,0,-0.04746426,-0.04746172,0.00063641,0.00000000,0.00000000,0.00000000,0.00000000,0.00000000,1.00000000,0.00000000,0.00000000,0,-16.23897218,-129.92449690,0.00000000,0.00000000,0.00000000,0.00000000,0.00000000,0.00000000,0
278401218,1,0,0,0,400,600,250,500,0,1,0,0,0,0,0,0,0,0.00000000,0.00000000,0.00000000,0.00000000,0.00000000,0.00000000,0,0,0,3,0,-0.04746426,-0.04746283,0.00035798,0.00000000,0.00000000,0.00000000,0.00000000,0.00000000,1.00000000,0.00000000,0.00000000,0,-75.99996274,-75.99997051,0.00000000,0.00000000,0.00000000,0.00000000,0.00000000,0.00000000,0,0,0,2,0,-0.04746426,-0.04746283,0.00035798,0.00000000,0.00000000,0.00000000,0.00000000,0.00000000,1.00000000,0.00000000,0.00000000,0,-16.23897218,-126.36837405,0.00000000,0.00000000,0.00000000,0.00000000,0.00000000,0.00000000,0
278401296,1,0,0,0,400,600,250,500,0,1,0,0,0,0,0,0,0,0.00000000,0.00000000,0.00000000,0.00000000,0.00000000,0.00000000,0,0,0,3,0,-0.04746426,-0.04746346,0.00020137,0.00000000,0.00000000,0.00000000,0.00000000,0.00000000,1.00000000,0.00000000,0.00000000,0,-75.99996274,-75.99997051,0.00000000,0.00000000,0.00000000,0.00000000,0.00000000,0.00000000,0,0,0,2,0,-0.04746426,-0.04746346,0.00020137,0.00000000,0.00000000,0.00000000,0.00000000,0.00000000,1.00000000,0.00000000,0.00000000,0,-16.23897218,-123.17237669,0.00000000,0.00000000,0.00000000,0.00000000,0.00000000,0.00000000,0
278401375,1,0,0,0,400,600,250,500,0,1,0,0,0,0,0,0,0,0.00000000,0.00000000,0.00000000,0.00000000,0.00000000,0.00000000,0,0,0,3,0,-0.04746426,-0.04746381,0.00011327,0.00000000,0.00000000,0.00000000,0.00000000,0.00000000,1.00000000,0.00000000,0.00000000,0,-75.99996274,-75.99997051,0.00000000,0.00000000,0.00000000,0.00000000,0.00000000,0.00000000,0,0,0,2,0,-0.04746426,-0.04746381,0.00011327,0.00000000,0.00000000,0.00000000,0.00000000,0.00000000,1.00000000,0.00000000,0.00000000,0,-16.23897218,-119.84315461,0.00000000,0.00000000,0.00000000,0.00000000,0.00000000,0.00000000,0
278401437,1,0,0,0,400,600,250,500,0,1,0,0,0,0,0,0,0,0.00000000,0.00000000,0.00000000,0.00000000,0.00000000,0.00000000,0,0,0,3,0,-0.04746426,-0.04746401,0.00006371,0.00000000,0.00000000,0.00000000,0.00000000,0.00000000,1.00000000,0.00000000,0.00000000,0,-75.99996274,-75.99997051,0.00000000,0.00000000,0.00000000,0.00000000,0.00000000,0.00000000,0,0,0,2,0,-0.04746426,-0.04746401,0.00006371,0.00000000,0.00000000,0.00000000,0.00000000,0.00000000,1.00000000,0.00000000,0.00000000,0,-16.23897218,-116.60295580,0.00000000,0.00000000,0.00000000,0.00000000,0.00000000,0.00000000,0
278401531,1,0,0,0,400,600,250,500,0,1,0,0,0,0,0,0,0,0.00000000,0.00000000,0.00000000,0.00000000,0.00000000,0.00000000,0,0,0,3,0,-0.04746426,-0.04746412,0.00003584,0.00000000,0.00000000,0.00000000,0.00000000,0.00000000,1.00000000,0.00000000,0.00000000,0,-75.99996274,-75.99997051,0.00000000,0.00000000,0.00000000,0.00000000,0.00000000,0.00000000,0,0,0,2,0,-0.04746426,-0.04746412,0.00003584,0.00000000,0.00000000,0.00000000,0.00000000,0.00000000,1.00000000,0.00000000,0.00000000,0,-16.23897218,-112.86785585,0.00000000,0.00000000,0.00000000,0.00000000,0.00000000,0.00000000,0
278401593,1,0,0,0,400,600,250,500,0,1,0,0,0,0,0,0,0,0.00000000,0.00000000,0.00000000,0.00000000,0.00000000,0.00000000,0,0,0,3,0,-0.04746426,-0.04746418,0.00002016,0.00000000,0.00000000,0.00000000,0.00000000,0.00000000,1.00000000,0.00000000,0.00000000,0,-75.99996274,-75.99997051,0.00000000,0.00000000,0.00000000,0.00000000,0.00000000,0.00000000,0,0,0,2,0,-0.04746426,-0.04746418,0.00002016,0.00000000,0.00000000,0.00000000,0.00000000,0.00000000,1.00000000,0.00000000,0.00000000,0,-16.23897218,-109.58361068,0.00000000,0.00000000,0.00000000,0.00000000,0.00000000,0.00000000,0
278401671,1,0,0,0,400,600,250,500,0,1,0,0,0,0,0,0,0,0.00000000,0.00000000,0.00000000,0.00000000,0.00000000,0.00000000,0,0,0,3,0,-0.04746426,-0.04746422,0.00001134,0.00000000,0.00000000,0.00000000,0.00000000,0.00000000,1.00000000,0.00000000,0.00000000,0,-75.99996274,-75.99997051,0.00000000,0.00000000,0.00000000,0.00000000,0.00000000,0.00000000,0,0,0,2,0,-0.04746426,-0.04746422,0.00001134,0.00000000,0.00000000,0.00000000,0.00000000,0.00000000,1.00000000,0.00000000,0.00000000,0,-16.23897218,-106.11790694,0.00000000,0.00000000,0.00000000,0.00000000,0.00000000,0.00000000,0
278401765,1,0,0,0,400,600,250,500,0,1,0,0,0,0,0,0,0,0.00000000,0.00000000,0.00000000,0.00000000,0.00000000,0.00000000,0,0,0,3,0,-0.04746426,-0.04746424,0.00000638,0.00000000,0.00000000,0.00000000,0.00000000,0.00000000,1.00000000,0.00000000,0.00000000,0,-75.99996274,-75.99997051,0.00000000,0.00000000,0.00000000,0.00000000,0.00000000,0.00000000,0,0,0,2,0,-0.04746426,-0.04746424,0.00000638,0.00000000,0.00000000,0.00000000,0.00000000,0.00000000,1.00000000,0.00000000,0.00000000,0,-16.23897218,-102.56178409,0.00000000,0.00000000,0.00000000,0.00000000,0.00000000,0.00000000,0
278401828,1,0,0,0,400,600,250,500,0,1,0,0,0,0,0,0,0,0.00000000,0.00000000,0.00000000,0.00000000,0.00000000,0.00000000,0,0,0,3,0,-0.04746426,-0.04746425,0.00000359,0.00000000,0.00000000,0.00000000,0.00000000,0.00000000,1.00000000,0.00000000,0.00000000,0,-75.99996274,-75.99997051,0.00000000,0.00000000,0.00000000,0.00000000,0.00000000,0.00000000,0,0,0,2,0,-0.04746426,-0.04746425,0.00000359,0.00000000,0.00000000,0.00000000,0.00000000,0.00000000,1.00000000,0.00000000,0.00000000,0,-16.23897218,-99.27676346,0.00000000,0.00000000,0.00000000,0.00000000,0.00000000,0.00000000,0
278401906,1,0,0,0,400,600,250,500,0,1,0,0,0,0,0,0,0,0.00000000,0.00000000,0.00000000,0.00000000,0.00000000,0.00000000,0,0,0,3,0,-0.04746426,-0.04746426,0.00000202,0.00000000,0.00000000,0.00000000,0.00000000,0.00000000,1.00000000,0.00000000,0.00000000,0,-75.99996274,-75.99997051,0.00000000,0.00000000,0.00000000,0.00000000,0.00000000,0.00000000,0,0,0,2,0,-0.04746426,-0.04746426,0.00000202,0.00000000,0.00000000,0.00000000,0.00000000,0.00000000,1.00000000,0.00000000,0.00000000,0,-16.23897218,-96.08293739,0.00000000,0.00000000,0.00000000,0.00000000,0.00000000,0.00000000,0
278401984,1,0,0,0,400,600,250,500,0,1,0,0,0,0,0,0,0,0.00000000,0.00000000,0.00000000,0.00000000,0.00000000,0.00000000,0,0,0,3,0,-0.04747852,-0.04747050,0.00200614,0.00000000,0.00000000,0.00000000,0.00000000,0.00000000,1.00000000,0.00000000,0.00000000,0,-75.99996274,-75.99997051,0.00000000,0.00000000,0.00000000,0.00000000,0.00000000,0.00000000,0,0,0,2,0,-0.04747852,-0.04747050,0.00200614,0.00000000,0.00000000,0.00000000,0.00000000,0.00000000,1.00000000,0.00000000,0.00000000,0,-16.23897218,-92.43841165,0.00000000,0.00000000,0.00000000,0.00000000,0.00000000,0.00000000,0
278402062,1,0,0,0,400,600,250,500,0,1,0,0,0,0,0,0,0,0.00000000,0.00000000,0.00000000,0.00000000,0.00000000,0.00000000,0,0,0,3,0,-0.04747852,-0.04747401,0.00112845,0.00000000,0.00000000,0.00000000,0.00000000,0.00000000,1.00000000,0.00000000,0.00000000,0,-75.99996274,-75.99997051,0.00000000,0.00000000,0.00000000,0.00000000,0.00000000,0.00000000,0,0,0,2,0,-0.04747852,-0.04747401,0.00112845,0.00000000,0.00000000,0.00000000,0.00000000,0.00000000,1.00000000,0.00000000,0.00000000,0,-16.23897218,-88.61258242,0.00000000,0.00000000,0.00000000,0.00000000,0.00000000,0.00000000,0
278402140,1,0,0,0,400,600,250,500,0,1,0,0,0,0,0,0,0,0.00000000,0.00000000,0.00000000,0.00000000,0.00000000,0.00000000,0,0,0,3,0,-0.04747852,-0.04747598,0.00063476,0.00000000,0.00000000,0.00000000,0.00000000,0.00000000,1.00000000,0.00000000,0.00000000,0,-75.99996274,-75.99997051,0.00000000,0.00000000,0.00000000,0.00000000,0.00000000,0.00000000,0,0,0,2,0,-0.04747852,-0.04747598,0.00063476,0.00000000,0.00000000,0.00000000,0.00000000,0.00000000,1.00000000,0.00000000,0.00000000,0,-16.23897218,-85.10205685,0.00000000,0.00000000,0.00000000,0.00000000,0.00000000,0.00000000,0
278402218,1,0,0,0,400,600,250,500,0,1,0,0,0,0,0,0,0,0.00000000,0.00000000,0.00000000,0.00000000,0.00000000,0.00000000,0,0,0,3,0,-0.04747852,-0.04747709,0.00035705,0.00000000,0.00000000,0.00000000,0.00000000,0.00000000,1.00000000,0.00000000,0.00000000,0,-75.99996274,-75.99997051,0.00000000,0.00000000,0.00000000,0.00000000,0.00000000,0.00000000,0,0,0,2,0,-0.04747852,-0.04747709,0.00035705,0.00000000,0.00000000,0.00000000,0.00000000,0.00000000,1.00000000,0.00000000,0.00000000,0,-16.23897218,-81.68334622,0.00000000,0.00000000,0.00000000,0.00000000,0.00000000,0.00000000,0
278402281,1,0,0,0,400,600,250,500,0,1,0,0,0,0,0,0,0,0.00000000,0.00000000,0.00000000,0.00000000,0.00000000,0.00000000,0,0,0,3,0,-0.04747852,-0.04747772,0.00020084,0.00000000,0.00000000,0.00000000,0.00000000,0.00000000,1.00000000,0.00000000,0.00000000,0,-75.99996274,-75.99997051,0.00000000,0.00000000,0.00000000,0.00000000,0.00000000,0.00000000,0,0,0,2,0,-0.04747852,-0.04747772,0.00020084,0.00000000,0.00000000,0.00000000,0.00000000,0.00000000,1.00000000,0.00000000,0.00000000,0,-16.23897218,-78.66756669,0.00000000,0.00000000,0.00000000,0.00000000,0.00000000,0.00000000,0
278402359,1,0,0,0,400,600,250,500,0,1,0,0,0,0,0,0,0,0.00000000,0.00000000,0.00000000,0.00000000,0.00000000,0.00000000,0,0,0,3,0,-0.04747852,-0.04747807,0.00011297,0.00000000,0.00000000,0.00000000,0.00000000,0.00000000,1.00000000,0.00000000,0.00000000,0,-75.99996274,-75.99997051,0.00000000,0.00000000,0.00000000,0.00000000,0.00000000,0.00000000,0,0,0,2,0,-0.04747852,-0.04747807,0.00011297,0.00000000,0.00000000,0.00000000,0.00000000,0.00000000,1.00000000,0.00000000,0.00000000,0,-16.23897218,-75.02350623,0.00000000,0.00000000,0.00000000,0.00000000,0.00000000,0.00000000,0
278402453,1,0,0,0,400,600,250,500,0,1,0,0,0,0,0,0,0,0.00000000,0.00000000,0.00000000,0.00000000,0.00000000,0.00000000,0,0,0,3,0,-0.04747852,-0.04747827,0.00006355,0.00000000,0.00000000,0.00000000,0.00000000,0.00000000,1.00000000,0.00000000,0.00000000,0,-75.99996274,-75.99997051,0.00000000,0.00000000,0.00000000,0.00000000,0.00000000,0.00000000,0,0,0,2,0,-0.04747852,-0.04747827,0.00006355,0.00000000,0.00000000,0.00000000,0.00000000,0.00000000,1.00000000,0.00000000,0.00000000,0,-16.23897218,-71.51360103,0.00000000,0.00000000,0.00000000,0.00000000,0.00000000,0.00000000,0
278402531,1,0,0,0,400,600,250,500,0,1,0,0,0,0,0,0,0,0.00000000,0.00000000,0.00000000,0.00000000,0.00000000,0.00000000,0,0,0,3,0,-0.04747852,-0.04747838,0.00003575,0.00000000,0.00000000,0.00000000,0.00000000,0.00000000,1.00000000,0.00000000,0.00000000,0,-75.99996274,-75.99997051,0.00000000,0.00000000,0.00000000,0.00000000,0.00000000,0.00000000,0,0,0,2,0,-0.04747852,-0.04747838,0.00003575,0.00000000,0.00000000,0.00000000,0.00000000,0.00000000,1.00000000,0.00000000,0.00000000,0,-16.23897218,-68.00354074,0.00000000,0.00000000,0.00000000,0.00000000,0.00000000,0.00000000,0
278402593,1,0,0,0,400,600,250,500,0,1,0,0,0,0,0,0,0,0.00000000,0.00000000,0.00000000,0.00000000,0.00000000,0.00000000,0,0,0,3,0,-0.04747852,-0.04747844,0.00002011,0.00000000,0.00000000,0.00000000,0.00000000,0.00000000,1.00000000,0.00000000,0.00000000,0,-75.99996274,-75.99997051,0.00000000,0.00000000,0.00000000,0.00000000,0.00000000,0.00000000,0,0,0,2,0,-0.04747852,-0.04747844,0.00002011,0.00000000,0.00000000,0.00000000,0.00000000,0.00000000,1.00000000,0.00000000,0.00000000,0,-16.23897218,-64.49317027,0.00000000,0.00000000,0.00000000,0.00000000,0.00000000,0.00000000,0
278402671,1,0,0,0,400,600,250,500,0,1,0,0,0,0,0,0,0,0.00000000,0.00000000,0.00000000,0.00000000,0.00000000,0.00000000,0,0,0,3,0,-0.04747852,-0.04747848,0.00001131,0.00000000,0.00000000,0.00000000,0.00000000,0.00000000,1.00000000,0.00000000,0.00000000,0,-75.99996274,-75.99997051,0.00000000,0.00000000,0.00000000,0.00000000,0.00000000,0.00000000,0,0,0,2,0,-0.04747852,-0.04747848,0.00001131,0.00000000,0.00000000,0.00000000,0.00000000,0.00000000,1.00000000,0.00000000,0.00000000,0,-16.23897218,-61.38759201,0.00000000,0.00000000,0.00000000,0.00000000,0.00000000,0.00000000,0
278402734,1,0,0,0,400,600,250,500,0,1,0,0,0,0,0,0,0,0.00000000,0.00000000,0.00000000,0.00000000,0.00000000,0.00000000,0,0,0,3,0,-0.04747852,-0.04747850,0.00000636,0.00000000,0.00000000,0.00000000,0.00000000,0.00000000,1.00000000,0.00000000,0.00000000,0,-75.99996274,-76.00012560,0.00000000,0.00000000,0.00000000,0.00000000,0.00000000,0.00000000,0,0,0,2,0,-0.04747852,-0.04747850,0.00000636,0.00000000,0.00000000,0.00000000,0.00000000,0.00000000,1.00000000,0.00000000,0.00000000,0,-16.23897218,-58.19283539,0.00000000,0.00000000,0.00000000,0.00000000,0.00000000,0.00000000,0
278402828,1,0,0,0,400,600,250,500,0,1,0,0,0,0,0,0,0,0.00000000,0.00000000,0.00000000,0.00000000,0.00000000,0.00000000,0,0,0,3,0,-0.04747852,-0.04747851,0.00000358,0.00000000,0.00000000,0.00000000,0.00000000,0.00000000,1.00000000,0.00000000,0.00000000,0,-75.99996274,-76.00043578,0.00000000,0.00000000,0.00000000,0.00000000,0.00000000,0.00000000,0,0,0,2,0,-0.04747852,-0.04747851,0.00000358,0.00000000,0.00000000,0.00000000,0.00000000,0.00000000,1.00000000,0.00000000,0.00000000,0,-16.23897218,-54.86283785,0.00000000,0.00000000,0.00000000,0.00000000,0.00000000,0.00000000,0
278402890,1,0,0,0,400,600,250,500,0,1,0,0,0,0,0,0,0,0.00000000,0.00000000,0.00000000,0.00000000,0.00000000,0.00000000,0,0,0,3,0,-0.04747852,-0.04747851,0.00000201,0.00000000,0.00000000,0.00000000,0.00000000,0.00000000,1.00000000,0.00000000,0.00000000,0,-75.99996274,-76.00043578,0.00000000,0.00000000,0.00000000,0.00000000,0.00000000,0.00000000,0,0,0,2,0,-0.04747852,-0.04747851,0.00000201,0.00000000,0.00000000,0.00000000,0.00000000,0.00000000,1.00000000,0.00000000,0.00000000,0,-16.23897218,-51.48755320,0.00000000,0.00000000,0.00000000,0.00000000,0.00000000,0.00000000,0
278402968,1,0,0,0,400,600,250,500,0,1,0,0,0,0,0,0,0,0.00000000,0.00000000,0.00000000,0.00000000,0.00000000,0.00000000,0,0,0,3,0,-0.04749278,-0.04748476,0.00200617,0.00000000,0.00000000,0.00000000,0.00000000,0.00000000,1.00000000,0.00000000,0.00000000,0,-75.99996274,-76.00028069,0.00000000,0.00000000,0.00000000,0.00000000,0.00000000,0.00000000,0,0,0,2,0,-0.04749278,-0.04748476,0.00200617,0.00000000,0.00000000,0.00000000,0.00000000,0.00000000,1.00000000,0.00000000,0.00000000,0,-16.23897218,-48.15709038,0.00000000,0.00000000,0.00000000,0.00000000,0.00000000,0.00000000,0
278403031,1,0,0,0,400,600,250,500,0,1,0,0,0,0,0,0,0,0.00000000,0.00000000,0.00000000,0.00000000,0.00000000,0.00000000,0,0,0,3,0,-0.04749278,-0.04748827,0.00112847,0.00000000,0.00000000,0.00000000,0.00000000,0.00000000,1.00000000,0.00000000,0.00000000,0,-75.99996274,-76.00028069,0.00000000,0.00000000,0.00000000,0.00000000,0.00000000,0.00000000,0,0,0,2,0,-0.04749278,-0.04748827,0.00112847,0.00000000,0.00000000,0.00000000,0.00000000,0.00000000,1.00000000,0.00000000,0.00000000,0,-16.23897218,-44.46712244,0.00000000,0.00000000,0.00000000,0.00000000,0.00000000,0.00000000,0
278403109,1,0,0,0,400,600,250,500,0,1,0,0,0,0,0,0,0,0.00000000,0.00000000,0.00000000,0.00000000,0.00000000,0.00000000,0,0,0,3,0,-0.04749278,-0.04749024,0.00063477,0.00000000,0.00000000,0.00000000,0.00000000,0.00000000,1.00000000,0.00000000,0.00000000,0,-75.99996274,-76.00012560,0.00000000,0.00000000,0.00000000,0.00000000,0.00000000,0.00000000,0,0,0,2,0,-0.04749278,-0.04749024,0.00063477,0.00000000,0.00000000,0.00000000,0.00000000,0.00000000,1.00000000,0.00000000,0.00000000,0,-16.23897218,-41.67715803,0.00000000,0.00000000,0.00000000,0.00000000,0.00000000,0.00000000,0
278403187,1,0,0,0,400,600,250,500,0,1,0,0,0,0,0,0,0,0.00000000,0.00000000,0.00000000,0.00000000,0.00000000,0.00000000,0,0,0,3,0,-0.04749278,-0.04749135,0.00035706,0.00000000,0.00000000,0.00000000,0.00000000,0.00000000,1.00000000,0.00000000,0.00000000,0,-75.99996274,-76.00012560,0.00000000,0.00000000,0.00000000,0.00000000,0.00000000,0.00000000,0,0,0,2,0,-0.04749278,-0.04749135,0.00035706,0.00000000,0.00000000,0.00000000,0.00000000,0.00000000,1.00000000,0.00000000,0.00000000,0,-16.23897218,-38.39446379,0.00000000,0.00000000,0.00000000,0.00000000,0.00000000,0.00000000,0
278403250,1,0,0,0,400,600,250,500,0,1,0,0,0,0,0,0,0,0.00000000,0.00000000,0.00000000,0.00000000,0.00000000,0.00000000,0,0,0,3,0,-0.04749278,-0.04749198,0.00020084,0.00000000,0.00000000,0.00000000,0.00000000,0.00000000,1.00000000,0.00000000,0.00000000,0,-75.99996274,-75.99997051,0.00000000,0.00000000,0.00000000,0.00000000,0.00000000,0.00000000,0,0,0,2,0,-0.04749278,-0.04749198,0.00020084,0.00000000,0.00000000,0.00000000,0.00000000,0.00000000,1.00000000,0.00000000,0.00000000,0,-16.23897218,-35.28888553,0.00000000,0.00000000,0.00000000,0.00000000,0.00000000,0.00000000,0
278403312,1,0,0,0,400,600,250,500,0,1,0,0,0,0,0,0,0,0.00000000,0.00000000,0.00000000,0.00000000,0.00000000,0.00000000,0,0,0,3,0,-0.04749278,-0.04749233,0.00011297,0.00000000,0.00000000,0.00000000,0.00000000,0.00000000,1.00000000,0.00000000,0.00000000,0,-75.99996274,-75.99997051,0.00000000,0.00000000,0.00000000,0.00000000,0.00000000,0.00000000,0,0,0,2,0,-0.04749278,-0.04749233,0.00011297,0.00000000,0.00000000,0.00000000,0.00000000,0.00000000,1.00000000,0.00000000,0.00000000,0,-16.23897218,-32.36197418,0.00000000,0.00000000,0.00000000,0.00000000,0.00000000,0.00000000,0
278403390,1,0,0,0,400,600,250,500,0,1,0,0,0,0,0,0,0,0.00000000,0.00000000,0.00000000,0.00000000,0.00000000,0.00000000,0,0,0,3,0,-0.04749278,-0.04749253,0.00006355,0.00000000,0.00000000,0.00000000,0.00000000,0.00000000,1.00000000,0.00000000,0.00000000,0,-75.99996274,-75.99997051,0.00000000,0.00000000,0.00000000,0.00000000,0.00000000,0.00000000,0,0,0,2,0,-0.04749278,-0.04749253,0.00006355,0.00000000,0.00000000,0.00000000,0.00000000,0.00000000,1.00000000,0.00000000,0.00000000,0,-16.23897218,-29.39225721,0.00000000,0.00000000,0.00000000,0.00000000,0.00000000,0.00000000,0
278403453,1,0,0,0,400,600,250,500,0,1,0,0,0,0,0,0,0,0.00000000,0.00000000,0.00000000,0.00000000,0.00000000,0.00000000,0,0,0,3,0,-0.04749278,-0.04749264,0.00003575,0.00000000,0.00000000,0.00000000,0.00000000,0.00000000,1.00000000,0.00000000,0.00000000,0,-75.99996274,-75.99997051,0.00000000,0.00000000,0.00000000,0.00000000,0.00000000,0.00000000,0,0,0,2,0,-0.04749278,-0.04749264,0.00003575,0.00000000,0.00000000,0.00000000,0.00000000,0.00000000,1.00000000,0.00000000,0.00000000,0,-16.23897218,-25.88343767,0.00000000,0.00000000,0.00000000,0.00000000,0.00000000,0.00000000,0
278403546,1,0,0,0,400,600,250,500,0,1,0,0,0,0,0,0,0,0.00000000,0.00000000,0.00000000,0.00000000,0.00000000,0.00000000,0,0,0,3,0,-0.04749278,-0.04749270,0.00002011,0.00000000,0.00000000,0.00000000,0.00000000,0.00000000,1.00000000,0.00000000,0.00000000,0,-75.99996274,-75.99997051,0.00000000,0.00000000,0.00000000,0.00000000,0.00000000,0.00000000,0,0,0,2,0,-0.04749278,-0.04749270,0.00002011,0.00000000,0.00000000,0.00000000,0.00000000,0.00000000,1.00000000,0.00000000,0.00000000,0,-16.23897218,-22.28280319,0.00000000,0.00000000,0.00000000,0.00000000,0.00000000,0.00000000,0
278403625,1,0,0,0,400,600,250,500,0,1,0,0,0,0,0,0,0,0.00000000,0.00000000,0.00000000,0.00000000,0.00000000,0.00000000,0,0,0,3,0,-0.04749278,-0.04749273,0.00001131,0.00000000,0.00000000,0.00000000,0.00000000,0.00000000,1.00000000,0.00000000,0.00000000,0,-75.99996274,-75.99997051,0.00000000,0.00000000,0.00000000,0.00000000,0.00000000,0.00000000,0,0,0,2,0,-0.04749278,-0.04749273,0.00001131,0.00000000,0.00000000,0.00000000,0.00000000,0.00000000,1.00000000,0.00000000,0.00000000,0,-16.23897218,-18.45836979,0.00000000,0.00000000,0.00000000,0.00000000,0.00000000,0.00000000,0
278403718,1,0,0,0,400,600,250,500,0,1,0,0,0,0,0,0,0,0.00000000,0.00000000,0.00000000,0.00000000,0.00000000,0.00000000,0,0,0,3,0,-0.04749278,-0.04749275,0.00000636,0.00000000,0.00000000,0.00000000,0.00000000,0.00000000,1.00000000,0.00000000,0.00000000,0,-75.99996274,-75.99997051,0.00000000,0.00000000,0.00000000,0.00000000,0.00000000,0.00000000,0,0,0,2,0,-0.04749278,-0.04749275,0.00000636,0.00000000,0.00000000,0.00000000,0.00000000,0.00000000,1.00000000,0.00000000,0.00000000,0,-16.23897218,-16.23914689,0.00000000,0.00000000,0.00000000,0.00000000,0.00000000,0.00000000,0
278403812,1,0,0,0,400,600,250,500,0,1,0,0,0,0,0,0,0,0.00000000,0.00000000,0.00000000,0.00000000,0.00000000,0.00000000,0,0,0,3,0,-0.04749278,-0.04749277,0.00000358,0.00000000,0.00000000,0.00000000,0.00000000,0.00000000,1.00000000,0.00000000,0.00000000,0,-75.99996274,-75.99997051,0.00000000,0.00000000,0.00000000,0.00000000,0.00000000,0.00000000,0,0,0,2,0,-0.04749278,-0.04749277,0.00000358,0.00000000,0.00000000,0.00000000,0.00000000,0.00000000,1.00000000,0.00000000,0.00000000,0,-16.23897218,-16.23899180,0.00000000,0.00000000,0.00000000,0.00000000,0.00000000,0.00000000,0
278403906,1,0,0,0,400,600,250,500,0,1,0,0,0,0,0,0,0,0.00000000,0.00000000,0.00000000,0.00000000,0.00000000,0.00000000,0,0,0,3,0,-0.04749278,-0.04749277,0.00000201,0.00000000,0.00000000,0.00000000,0.00000000,0.00000000,1.00000000,0.00000000,0.00000000,0,-75.99996274,-75.99997051,0.00000000,0.00000000,0.00000000,0.00000000,0.00000000,0.00000000,0,0,0,2,0,-0.04749278,-0.04749277,0.00000201,0.00000000,0.00000000,0.00000000,0.00000000,0.00000000,1.00000000,0.00000000,0.00000000,0,-16.23897218,-16.23899180,0.00000000,0.00000000,0.00000000,0.00000000,0.00000000,0.00000000,0
278404000,1,0,0,0,400,600,250,500,0,1,0,0,0,0,0,0,0,0.00000000,0.00000000,0.00000000,0.00000000,0.00000000,0.00000000,0,0,0,3,0,-0.04750704,-0.04749901,0.00200614,0.00000000,0.00000000,0.00000000,0.00000000,0.00000000,1.00000000,0.00000000,0.00000000,0,-75.99996274,-75.99997051,0.00000000,0.00000000,0.00000000,0.00000000,0.00000000,0.00000000,0,0,0,2,0,-0.04750704,-0.04749901,0.00200614,0.00000000,0.00000000,0.00000000,0.00000000,0.00000000,1.00000000,0.00000000,0.00000000,0,-16.23897218,-16.23899180,0.00000000,0.00000000,0.00000000,0.00000000,0.00000000,0.00000000,0
278404093,1,0,0,0,400,600,250,500,0,1,0,0,0,0,0,0,0,0.00000000,0.00000000,0.00000000,0.00000000,0.00000000,0.00000000,0,0,0,3,0,-0.04750704,-0.04750252,0.00112845,0.00000000,0.00000000,0.00000000,0.00000000,0.00000000,1.00000000,0.00000000,0.00000000,0,-75.99996274,-75.99997051,0.00000000,0.00000000,0.00000000,0.00000000,0.00000000,0.00000000,0,0,0,2,0,-0.04750704,-0.04750252,0.00112845,0.00000000,0.00000000,0.00000000,0.00000000,0.00000000,1.00000000,0.00000000,0.00000000,0,-16.23897218,-16.23899180,0.00000000,0.00000000,0.00000000,0.00000000,0.00000000,0.00000000,0
278404171,1,0,0,0,400,600,250,500,0,1,0,0,0,0,0,0,0,0.00000000,0.00000000,0.00000000,0.00000000,0.00000000,0.00000000,0,0,0,3,0,-0.04750704,-0.04750450,0.00063475,0.00000000,0.00000000,0.00000000,0.00000000,0.00000000,1.00000000,0.00000000,0.00000000,0,-75.99996274,-75.99997051,0.00000000,0.00000000,0.00000000,0.00000000,0.00000000,0.00000000,0,0,0,2,0,-0.04750704,-0.04750450,0.00063475,0.00000000,0.00000000,0.00000000,0.00000000,0.00000000,1.00000000,0.00000000,0.00000000,0,-16.23897218,-16.23914689,0.00000000,0.00000000,0.00000000,0.00000000,0.00000000,0.00000000,0
278404265,1,0,0,0,400,600,250,500,0,1,0,0,0,0,0,0,0,0.00000000,0.00000000,0.00000000,0.00000000,0.00000000,0.00000000,0,0,0,3,0,-0.04750704,-0.04750561,0.00035705,0.00000000,0.00000000,0.00000000,0.00000000,0.00000000,1.00000000,0.00000000,0.00000000,0,-75.99996274,-75.99997051,0.00000000,0.00000000,0.00000000,0.00000000,0.00000000,0.00000000,0,0,0,2,0,-0.04750704,-0.04750561,0.00035705,0.00000000,0.00000000,0.00000000,0.00000000,0.00000000,1.00000000,0.00000000,0.00000000,0,-16.23897218,-16.23914689,0.00000000,0.00000000,0.00000000,0.00000000,0.00000000,0.00000000,0
278404343,1,0,0,0,400,600,250,500,0,1,0,0,0,0,0,0,0,0.00000000,0.00000000,0.00000000,0.00000000,0.00000000,0.00000000,0,0,0,3,0,-0.04750704,-0.04750623,0.00020084,0.00000000,0.00000000,0.00000000,0.00000000,0.00000000,1.00000000,0.00000000,0.00000000,0,-75.99996274,-75.99997051,0.00000000,0.00000000,0.00000000,0.00000000,0.00000000,0.00000000,0,0,0,2,0,-0.04750704,-0.04750623,0.00020084,0.00000000,0.00000000,0.00000000,0.00000000,0.00000000,1.00000000,0.00000000,0.00000000,0,-16.23897218,-16.23899180,0.00000000,0.00000000,0.00000000,0.00000000,0.00000000,0.00000000,0
278404453,1,0,0,0,400,600,250,500,0,1,0,0,0,0,0,0,0,0.00000000,0.00000000,0.00000000,0.00000000,0.00000000,0.00000000,0,0,0,3,0,-0.04750704,-0.04750659,0.00011297,0.00000000,0.00000000,0.00000000,0.00000000,0.00000000,1.00000000,0.00000000,0.00000000,0,-75.99996274,-75.99997051,0.00000000,0.00000000,0.00000000,0.00000000,0.00000000,0.00000000,0,0,0,2,0,-0.04750704,-0.04750659,0.00011297,0.00000000,0.00000000,0.00000000,0.00000000,0.00000000,1.00000000,0.00000000,0.00000000,0,-16.23897218,-16.23899180,0.00000000,0.00000000,0.00000000,0.00000000,0.00000000,0.00000000,0
278404546,1,0,0,0,400,600,250,500,0,1,0,0,0,0,0,0,0,0.00000000,0.00000000,0.00000000,0.00000000,0.00000000,0.00000000,0,0,0,3,0,-0.04750704,-0.04750678,0.00006355,0.00000000,0.00000000,0.00000000,0.00000000,0.00000000,1.00000000,0.00000000,0.00000000,0,-75.99996274,-75.99997051,0.00000000,0.00000000,0.00000000,0.00000000,0.00000000,0.00000000,0,0,0,2,0,-0.04750704,-0.04750678,0.00006355,0.00000000,0.00000000,0.00000000,0.00000000,0.00000000,1.00000000,0.00000000,0.00000000,0,-16.23897218,-16.23899180,0.00000000,0.00000000,0.00000000,0.00000000,0.00000000,0.00000000,0
278404640,1,0,0,0,400,600,250,500,0,1,0,0,0,0,0,0,0,0.00000000,0.00000000,0.00000000,0.00000000,0.00000000,0.00000000,0,0,0,3,0,-0.04750704,-0.04750690,0.00003575,0.00000000,0.00000000,0.00000000,0.00000000,0.00000000,1.00000000,0.00000000,0.00000000,0,-75.99996274,-75.99997051,0.00000000,0.00000000,0.00000000,0.00000000,0.00000000,0.00000000,0,0,0,2,0,-0.04750704,-0.04750690,0.00003575,0.00000000,0.00000000,0.00000000,0.00000000,0.00000000,1.00000000,0.00000000,0.00000000,0,-16.23897218,-16.23914689,0.00000000,0.00000000,0.00000000,0.00000000,0.00000000,0.00000000,0
278404734,1,0,0,0,400,600,250,500,0,1,0,0,0,0,0,0,0,0.00000000,0.00000000,0.00000000,0.00000000,0.00000000,0.00000000,0,0,0,3,0,-0.04750704,-0.04750696,0.00002011,0.00000000,0.00000000,0.00000000,0.00000000,0.00000000,1.00000000,0.00000000,0.00000000,0,-75.99996274,-75.99997051,0.00000000,0.00000000,0.00000000,0.00000000,0.00000000,0.00000000,0,0,0,2,0,-0.04750704,-0.04750696,0.00002011,0.00000000,0.00000000,0.00000000,0.00000000,0.00000000,1.00000000,0.00000000,0.00000000,0,-16.23897218,-16.23899180,0.00000000,0.00000000,0.00000000,0.00000000,0.00000000,0.00000000,0
278404812,1,0,0,0,400,600,250,500,0,1,0,0,0,0,0,0,0,0.00000000,0.00000000,0.00000000,0.00000000,0.00000000,0.00000000,0,0,0,3,0,-0.04750704,-0.04750699,0.00001131,0.00000000,0.00000000,0.00000000,0.00000000,0.00000000,1.00000000,0.00000000,0.00000000,0,-75.99996274,-75.99997051,0.00000000,0.00000000,0.00000000,0.00000000,0.00000000,0.00000000,0,0,0,2,0,-0.04750704,-0.04750699,0.00001131,0.00000000,0.00000000,0.00000000,0.00000000,0.00000000,1.00000000,0.00000000,0.00000000,0,-16.23897218,-16.23899180,0.00000000,0.00000000,0.00000000,0.00000000,0.00000000,0.00000000,0
278404906,1,0,0,0,400,600,250,500,0,1,0,0,0,0,0,0,0,0.00000000,0.00000000,0.00000000,0.00000000,0.00000000,0.00000000,0,0,0,3,0,-0.04750704,-0.04750701,0.00000636,0.00000000,0.00000000,0.00000000,0.00000000,0.00000000,1.00000000,0.00000000,0.00000000,0,-75.99996274,-75.99997051,0.00000000,0.00000000,0.00000000,0.00000000,0.00000000,0.00000000,0,0,0,2,0,-0.04750704,-0.04750701,0.00000636,0.00000000,0.00000000,0.00000000,0.00000000,0.00000000,1.00000000,0.00000000,0.00000000,0,-16.23897218,-16.23899180,0.00000000,0.00000000,0.00000000,0.00000000,0.00000000,0.00000000,0
278405000,1,0,0,0,400,600,250,500,0,1,0,0,0,0,0,0,0,0.00000000,0.00000000,0.00000000,0.00000000,0.00000000,0.00000000,0,0,0,3,0,-0.04752130,-0.04751059,0.00267692,0.00000000,0.00000000,0.00000000,0.00000000,0.00000000,1.00000000,0.00000000,0.00000000,0,-75.99996274,-75.99997051,0.00000000,0.00000000,0.00000000,0.00000000,0.00000000,0.00000000,0,0,0,2,0,-0.04752130,-0.04751059,0.00267692,0.00000000,0.00000000,0.00000000,0.00000000,0.00000000,1.00000000,0.00000000,0.00000000,0,-16.23897218,-16.23899180,0.00000000,0.00000000,0.00000000,0.00000000,0.00000000,0.00000000,0
278405078,1,0,0,0,400,600,250,500,0,1,0,0,0,0,0,0,0,0.00000000,0.00000000,0.00000000,0.00000000,0.00000000,0.00000000,0,0,0,3,0,-0.04752130,-0.04751527,0.00150577,0.00000000,0.00000000,0.00000000,0.00000000,0.00000000,1.00000000,0.00000000,0.00000000,0,-75.99996274,-75.99997051,0.00000000,0.00000000,0.00000000,0.00000000,0.00000000,0.00000000,0,0,0,2,0,-0.04752130,-0.04751527,0.00150577,0.00000000,0.00000000,0.00000000,0.00000000,0.00000000,1.00000000,0.00000000,0.00000000,0,-16.23897218,-16.23899180,0.00000000,0.00000000,0.00000000,0.00000000,0.00000000,0.00000000,0
278405171,1,0,0,0,400,600,250,500,0,1,0,0,0,0,0,0,0,0.00000000,0.00000000,0.00000000,0.00000000,0.00000000,0.00000000,0,0,0,3,0,-0.04752130,-0.04751791,0.00084699,0.00000000,0.00000000,0.00000000,0.00000000,0.00000000,1.00000000,0.00000000,0.00000000,0,-75.99996274,-75.99997051,0.00000000,0.00000000,0.00000000,0.00000000,0.00000000,0.00000000,0,0,0,2,0,-0.04752130,-0.04751791,0.00084699,0.00000000,0.00000000,0.00000000,0.00000000,0.00000000,1.00000000,0.00000000,0.00000000,0,-16.23897218,-16.23899180,0.00000000,0.00000000,0.00000000,0.00000000,0.00000000,0.00000000,0
278405265,1,0,0,0,400,600,250,500,0,1,0,0,0,0,0,0,0,0.00000000,0.00000000,0.00000000,0.00000000,0.00000000,0.00000000,0,0,0,3,0,-0.04752130,-0.04751939,0.00047643,0.00000000,0.00000000,0.00000000,0.00000000,0.00000000,1.00000000,0.00000000,0.00000000,0,-75.99996274,-75.99997051,0.00000000,0.00000000,0.00000000,0.00000000,0.00000000,0.00000000,0,0,0,2,0,-0.04752130,-0.04751939,0.00047643,0.00000000,0.00000000,0.00000000,0.00000000,0.00000000,1.00000000,0.00000000,0.00000000,0,-16.23897218,-16.23899180,0.00000000,0.00000000,0.00000000,0.00000000,0.00000000,0.00000000,0
278405375,1,0,0,0,400,600,250,500,0,1,0,0,0,0,0,0,0,0.00000000,0.00000000,0.00000000,0.00000000,0.00000000,0.00000000,0,0,0,3,0,-0.04752130,-0.04752022,0.00026799,0.00000000,0.00000000,0.00000000,0.00000000,0.00000000,1.00000000,0.00000000,0.00000000,0,-75.99996274,-75.99997051,0.00000000,0.00000000,0.00000000,0.00000000,0.00000000,0.00000000,0,0,0,2,0,-0.04752130,-0.04752022,0.00026799,0.00000000,0.00000000,0.00000000,0.00000000,0.00000000,1.00000000,0.00000000,0.00000000,0,-16.23897218,-16.23899180,0.00000000,0.00000000,0.00000000,0.00000000,0.00000000,0.00000000,0
278405468,1,0,0,0,400,600,250,500,0,1,0,0,0,0,0,0,0,0.00000000,0.00000000,0.00000000,0.00000000,0.00000000,0.00000000,0,0,0,3,0,-0.04752130,-0.04752069,0.00015075,0.00000000,0.00000000,0.00000000,0.00000000,0.00000000,1.00000000,0.00000000,0.00000000,0,-75.99996274,-75.99997051,0.00000000,0.00000000,0.00000000,0.00000000,0.00000000,0.00000000,0,0,0,2,0,-0.04752130,-0.04752069,0.00015075,0.00000000,0.00000000,0.00000000,0.00000000,0.00000000,1.00000000,0.00000000,0.00000000,0,-16.23897218,-16.23899180,0.00000000,0.00000000,0.00000000,0.00000000,0.00000000,0.00000000,0
278405546,1,0,0,0,400,600,250,500,0,1,0,0,0,0,0,0,0,0.00000000,0.00000000,0.00000000,0.00000000,0.00000000,0.00000000,0,0,0,3,0,-0.04752130,-0.04752096,0.00008480,0.00000000,0.00000000,0.00000000,0.00000000,0.00000000,1.00000000,0.00000000,0.00000000,0,-75.99996274,-75.99997051,0.00000000,0.00000000,0.00000000,0.00000000,0.00000000,0.00000000,0,0,0,2,0,-0.04752130,-0.04752096,0.00008480,0.00000000,0.00000000,0.00000000,0.00000000,0.00000000,1.00000000,0.00000000,0.00000000,0,-16.23897218,-16.23899180,0.00000000,0.00000000,0.00000000,0.00000000,0.00000000,0.00000000,0
278405640,1,0,0,0,400,600,250,500,0,1,0,0,0,0,0,0,0,0.00000000,0.00000000,0.00000000,0.00000000,0.00000000,0.00000000,0,0,0,3,0,-0.04752130,-0.04752111,0.00004770,0.00000000,0.00000000,0.00000000,0.00000000,0.00000000,1.00000000,0.00000000,0.00000000,0,-75.99996274,-75.99997051,0.00000000,0.00000000,0.00000000,0.00000000,0.00000000,0.00000000,0,0,0,2,0,-0.04752130,-0.04752111,0.00004770,0.00000000,0.00000000,0.00000000,0.00000000,0.00000000,1.00000000,0.00000000,0.00000000,0,-16.23897218,-16.23899180,0.00000000,0.00000000,0.00000000,0.00000000,0.00000000,0.00000000,0
278405734,1,0,0,0,400,600,250,500,0,1,0,0,0,0,0,0,0,0.00000000,0.00000000,0.00000000,0.00000000,0.00000000,0.00000000,0,0,0,3,0,-0.04752130,-0.04752119,0.00002683,0.00000000,0.00000000,0.00000000,0.00000000,0.00000000,1.00000000,0.00000000,0.00000000,0,-75.99996274,-75.99997051,0.00000000,0.00000000,0.00000000,0.00000000,0.00000000,0.00000000,0,0,0,2,0,-0.04752130,-0.04752119,0.00002683,0.00000000,0.00000000,0.00000000,0.00000000,0.00000000,1.00000000,0.00000000,0.00000000,0,-16.23897218,-16.23899180,0.00000000,0.00000000,0.00000000,0.00000000,0.00000000,0.00000000,0
278405828,1,0,0,0,400,600,250,500,0,1,0,0,0,0,0,0,0,0.00000000,0.00000000,0.00000000,0.00000000,0.00000000,0.00000000,0,0,0,3,0,-0.04752130,-0.04752124,0.00001509,0.00000000,0.00000000,0.00000000,0.00000000,0.00000000,1.00000000,0.00000000,0.00000000,0,-75.99996274,-75.99997051,0.00000000,0.00000000,0.00000000,0.00000000,0.00000000,0.00000000,0,0,0,2,0,-0.04752130,-0.04752124,0.00001509,0.00000000,0.00000000,0.00000000,0.00000000,0.00000000,1.00000000,0.00000000,0.00000000,0,-16.23897218,-16.23914689,0.00000000,0.00000000,0.00000000,0.00000000,0.00000000,0.00000000,0
278405921,1,0,0,0,400,600,250,500,0,1,0,0,0,0,0,0,0,0.00000000,0.00000000,0.00000000,0.00000000,0.00000000,0.00000000,0,0,0,3,0,-0.04752130,-0.04752126,0.00000849,0.00000000,0.00000000,0.00000000,0.00000000,0.00000000,1.00000000,0.00000000,0.00000000,0,-75.99996274,-75.99997051,0.00000000,0.00000000,0.00000000,0.00000000,0.00000000,0.00000000,0,0,0,2,0,-0.04752130,-0.04752126,0.00000849,0.00000000,0.00000000,0.00000000,0.00000000,0.00000000,1.00000000,0.00000000,0.00000000,0,-16.23897218,-16.23914689,0.00000000,0.00000000,0.00000000,0.00000000,0.00000000,0.00000000,0
278406000,1,0,0,0,400,600,250,500,0,1,0,0,0,0,0,0,0,0.00000000,0.00000000,0.00000000,0.00000000,0.00000000,0.00000000,0,0,0,3,0,-0.04752130,-0.04752128,0.00000478,0.00000000,0.00000000,0.00000000,0.00000000,0.00000000,1.00000000,0.00000000,0.00000000,0,-75.99996274,-75.99997051,0.00000000,0.00000000,0.00000000,0.00000000,0.00000000,0.00000000,0,0,0,2,0,-0.04752130,-0.04752128,0.00000478,0.00000000,0.00000000,0.00000000,0.00000000,0.00000000,1.00000000,0.00000000,0.00000000,0,-16.23897218,-16.23914689,0.00000000,0.00000000,0.00000000,0.00000000,0.00000000,0.00000000,0
278406093,1,0,0,0,400,600,250,500,0,1,0,0,0,0,0,0,0,0.00000000,0.00000000,0.00000000,0.00000000,0.00000000,0.00000000,0,0,0,3,0,-0.04753555,-0.04752485,0.00267603,0.00000000,0.00000000,0.00000000,0.00000000,0.00000000,1.00000000,0.00000000,0.00000000,0,-75.99996274,-75.99997051,0.00000000,0.00000000,0.00000000,0.00000000,0.00000000,0.00000000,0,0,0,2,0,-0.04753555,-0.04752485,0.00267603,0.00000000,0.00000000,0.00000000,0.00000000,0.00000000,1.00000000,0.00000000,0.00000000,0,-16.23897218,-16.23899180,0.00000000,0.00000000,0.00000000,0.00000000,0.00000000,0.00000000,0
278406187,1,0,0,0,400,600,250,500,0,1,0,0,0,0,0,0,0,0.00000000,0.00000000,0.00000000,0.00000000,0.00000000,0.00000000,0,0,0,3,0,-0.04753555,-0.04752953,0.00150526,0.00000000,0.00000000,0.00000000,0.00000000,0.00000000,1.00000000,0.00000000,0.00000000,0,-75.99996274,-75.99997051,0.00000000,0.00000000,0.00000000,0.00000000,0.00000000,0.00000000,0,0,0,2,0,-0.04753555,-0.04752953,0.00150526,0.00000000,0.00000000,0.00000000,0.00000000,0.00000000,1.00000000,0.00000000,0.00000000,0,-16.23897218,-16.23899180,0.00000000,0.00000000,0.00000000,0.00000000,0.00000000,0.00000000,0
278406296,1,0,0,0,400,600,250,500,0,1,0,0,0,0,0,0,0,0.00000000,0.00000000,0.00000000,0.00000000,0.00000000,0.00000000,0,0,0,3,0,-0.04753555,-0.04753217,0.00084671,0.00000000,0.00000000,0.00000000,0.00000000,0.00000000,1.00000000,0.00000000,0.00000000,0,-75.99996274,-75.99997051,0.00000000,0.00000000,0.00000000,0.00000000,0.00000000,0.00000000,0,0,0,2,0,-0.04753555,-0.04753217,0.00084671,0.00000000,0.00000000,0.00000000,0.00000000,0.00000000,1.00000000,0.00000000,0.00000000,0,-16.23897218,-16.23899180,0.00000000,0.00000000,0.00000000,0.00000000,0.00000000,0.00000000,0
278406375,1,0,0,0,400,600,250,500,0,1,0,0,0,0,0,0,0,0.00000000,0.00000000,0.00000000,0.00000000,0.00000000,0.00000000,0,0,0,3,0,-0.04753555,-0.04753365,0.00047628,0.00000000,0.00000000,0.00000000,0.00000000,0.00000000,1.00000000,0.00000000,0.00000000,0,-75.99996274,-75.99997051,0.00000000,0.00000000,0.00000000,0.00000000,0.00000000,0.00000000,0,0,0,2,0,-0.04753555,-0.04753365,0.00047628,0.00000000,0.00000000,0.00000000,0.00000000,0.00000000,1.00000000,0.00000000,0.00000000,0,-16.23897218,-16.23899180,0.00000000,0.00000000,0.00000000,0.00000000,0.00000000,0.00000000,0
278406468,1,0,0,0,400,600,250,500,0,1,0,0,0,0,0,0,0,0.00000000,0.00000000,0.00000000,0.00000000,0.00000000,0.00000000,0,0,0,3,0,-0.04753555,-0.04753448,0.00026790,0.00000000,0.00000000,0.00000000,0.00000000,0.00000000,1.00000000,0.00000000,0.00000000,0,-75.99996274,-75.99997051,0.00000000,0.00000000,0.00000000,0.00000000,0.00000000,0.00000000,0,0,0,2,0,-0.04753555,-0.04753448,0.00026790,0.00000000,0.00000000,0.00000000,0.00000000,0.00000000,1.00000000,0.00000000,0.00000000,0,-16.23897218,-16.23899180,0.00000000,0.00000000,0.00000000,0.00000000,0.00000000,0.00000000,0
278406562,1,0,0,0,400,600,250,500,0,1,0,0,0,0,0,0,0,0.00000000,0.00000000,0.00000000,0.00000000,0.00000000,0.00000000,0,0,0,3,0,-0.04753555,-0.04753495,0.00015070,0.00000000,0.00000000,0.00000000,0.00000000,0.00000000,1.00000000,0.00000000,0.00000000,0,-75.99996274,-75.99997051,0.00000000,0.00000000,0.00000000,0.00000000,0.00000000,0.00000000,0,0,0,2,0,-0.04753555,-0.04753495,0.00015070,0.00000000,0.00000000,0.00000000,0.00000000,0.00000000,1.00000000,0.00000000,0.00000000,0,-16.23897218,-16.23899180,0.00000000,0.00000000,0.00000000,0.00000000,0.00000000,0.00000000,0
278406625,1,0,0,0,400,600,250,500,0,1,0,0,0,0,0,0,0,0.00000000,0.00000000,0.00000000,0.00000000,0.00000000,0.00000000,0,0,0,3,0,-0.04753555,-0.04753521,0.00008477,0.00000000,0.00000000,0.00000000,0.00000000,0.00000000,1.00000000,0.00000000,0.00000000,0,-75.99996274,-75.99997051,0.00000000,0.00000000,0.00000000,0.00000000,0.00000000,0.00000000,0,0,0,2,0,-0.04753555,-0.04753521,0.00008477,0.00000000,0.00000000,0.00000000,0.00000000,0.00000000,1.00000000,0.00000000,0.00000000,0,-16.23897218,-16.23899180,0.00000000,0.00000000,0.00000000,0.00000000,0.00000000,0.00000000,0
278406718,1,0,0,0,400,600,250,500,0,1,0,0,0,0,0,0,0,0.00000000,0.00000000,0.00000000,0.00000000,0.00000000,0.00000000,0,0,0,3,0,-0.04753555,-0.04753536,0.00004768,0.00000000,0.00000000,0.00000000,0.00000000,0.00000000,1.00000000,0.00000000,0.00000000,0,-75.99996274,-75.99997051,0.00000000,0.00000000,0.00000000,0.00000000,0.00000000,0.00000000,0,0,0,2,0,-0.04753555,-0.04753536,0.00004768,0.00000000,0.00000000,0.00000000,0.00000000,0.00000000,1.00000000,0.00000000,0.00000000,0,-16.23897218,-16.23899180,0.00000000,0.00000000,0.00000000,0.00000000,0.00000000,0.00000000,0
278406796,1,0,0,0,400,600,250,500,0,1,0,0,0,0,0,0,0,0.00000000,0.00000000,0.00000000,0.00000000,0.00000000,0.00000000,0,0,0,3,0,-0.04753555,-0.04753545,0.00002682,0.00000000,0.00000000,0.00000000,0.00000000,0.00000000,1.00000000,0.00000000,0.00000000,0,-75.99996274,-75.99997051,0.00000000,0.00000000,0.00000000,0.00000000,0.00000000,0.00000000,0,0,0,2,0,-0.04753555,-0.04753545,0.00002682,0.00000000,0.00000000,0.00000000,0.00000000,0.00000000,1.00000000,0.00000000,0.00000000,0,-16.23897218,-16.23899180,0.00000000,0.00000000,0.00000000,0.00000000,0.00000000,0.00000000,0
278406890,1,0,0,0,400,600,250,500,0,1,0,0,0,0,0,0,0,0.00000000,0.00000000,0.00000000,0.00000000,0.00000000,0.00000000,0,0,0,3,0,-0.04753555,-0.04753549,0.00001509,0.00000000,0.00000000,0.00000000,0.00000000,0.00000000,1.00000000,0.00000000,0.00000000,0,-75.99996274,-75.99997051,0.00000000,0.00000000,0.00000000,0.00000000,0.00000000,0.00000000,0,0,0,2,0,-0.04753555,-0.04753549,0.00001509,0.00000000,0.00000000,0.00000000,0.00000000,0.00000000,1.00000000,0.00000000,0.00000000,0,-16.23897218,-16.23899180,0.00000000,0.00000000,0.00000000,0.00000000,0.00000000,0.00000000,0
278406984,1,0,0,0,400,600,250,500,0,1,0,0,0,0,0,0,0,0.00000000,0.00000000,0.00000000,0.00000000,0.00000000,0.00000000,0,0,0,3,0,-0.04753555,-0.04753552,0.00000849,0.00000000,0.00000000,0.00000000,0.00000000,0.00000000,1.00000000,0.00000000,0.00000000,0,-75.99996274,-75.99997051,0.00000000,0.00000000,0.00000000,0.00000000,0.00000000,0.00000000,0,0,0,2,0,-0.04753555,-0.04753552,0.00000849,0.00000000,0.00000000,0.00000000,0.00000000,0.00000000,1.00000000,0.00000000,0.00000000,0,-16.23897218,-16.23899180,0.00000000,0.00000000,0.00000000,0.00000000,0.00000000,0.00000000,0
278407078,1,0,0,0,400,600,250,500,0,1,0,0,0,0,0,0,0,0.00000000,0.00000000,0.00000000,0.00000000,0.00000000,0.00000000,0,0,0,3,0,-0.04753555,-0.04753553,0.00000477,0.00000000,0.00000000,0.00000000,0.00000000,0.00000000,1.00000000,0.00000000,0.00000000,0,-75.99996274,-75.99997051,0.00000000,0.00000000,0.00000000,0.00000000,0.00000000,0.00000000,0,0,0,2,0,-0.04753555,-0.04753553,0.00000477,0.00000000,0.00000000,0.00000000,0.00000000,0.00000000,1.00000000,0.00000000,0.00000000,0,-16.23897218,-16.23899180,0.00000000,0.00000000,0.00000000,0.00000000,0.00000000,0.00000000,0
278407171,1,0,0,0,400,600,250,500,0,1,0,0,0,0,0,0,0,0.00000000,0.00000000,0.00000000,0.00000000,0.00000000,0.00000000,0,0,0,3,0,-0.04753555,-0.04753554,0.00000269,0.00000000,0.00000000,0.00000000,0.00000000,0.00000000,1.00000000,0.00000000,0.00000000,0,-75.99996274,-75.99997051,0.00000000,0.00000000,0.00000000,0.00000000,0.00000000,0.00000000,0,0,0,2,0,-0.04753555,-0.04753554,0.00000269,0.00000000,0.00000000,0.00000000,0.00000000,0.00000000,1.00000000,0.00000000,0.00000000,0,-16.23897218,-16.23899180,0.00000000,0.00000000,0.00000000,0.00000000,0.00000000,0.00000000,0
278407265,1,0,0,0,400,600,250,500,0,1,0,0,0,0,0,0,0,0.00000000,0.00000000,0.00000000,0.00000000,0.00000000,0.00000000,0,0,0,3,0,-0.04753555,-0.04753555,0.00000151,0.00000000,0.00000000,0.00000000,0.00000000,0.00000000,1.00000000,0.00000000,0.00000000,0,-75.99996274,-75.99997051,0.00000000,0.00000000,0.00000000,0.00000000,0.00000000,0.00000000,0,0,0,2,0,-0.04753555,-0.04753555,0.00000151,0.00000000,0.00000000,0.00000000,0.00000000,0.00000000,1.00000000,0.00000000,0.00000000,0,-16.23897218,-16.23899180,0.00000000,0.00000000,0.00000000,0.00000000,0.00000000,0.00000000,0
278407343,1,0,0,0,400,600,250,500,0,1,0,0,0,0,0,0,0,0.00000000,0.00000000,0.00000000,0.00000000,0.00000000,0.00000000,0,0,0,3,0,-0.04754981,-0.04754175,0.00201429,0.00000000,0.00000000,0.00000000,0.00000000,0.00000000,1.00000000,0.00000000,0.00000000,0,-75.99996274,-75.99997051,0.00000000,0.00000000,0.00000000,0.00000000,0.00000000,0.00000000,0,0,0,2,0,-0.04754981,-0.04754175,0.00201429,0.00000000,0.00000000,0.00000000,0.00000000,0.00000000,1.00000000,0.00000000,0.00000000,0,-16.23897218,-16.23899180,0.00000000,0.00000000,0.00000000,0.00000000,0.00000000,0.00000000,0
278407437,1,0,0,0,400,600,250,500,0,1,0,0,0,0,0,0,0,0.00000000,0.00000000,0.00000000,0.00000000,0.00000000,0.00000000,0,0,0,3,0,-0.04754981,-0.04754528,0.00113304,0.00000000,0.00000000,0.00000000,0.00000000,0.00000000,1.00000000,0.00000000,0.00000000,0,-75.99996274,-75.99997051,0.00000000,0.00000000,0.00000000,0.00000000,0.00000000,0.00000000,0,0,0,2,0,-0.04754981,-0.04754528,0.00113304,0.00000000,0.00000000,0.00000000,0.00000000,0.00000000,1.00000000,0.00000000,0.00000000,0,-16.23897218,-16.23899180,0.00000000,0.00000000,0.00000000,0.00000000,0.00000000,0.00000000,0
278407531,1,0,0,0,400,600,250,500,0,1,0,0,0,0,0,0,0,0.00000000,0.00000000,0.00000000,0.00000000,0.00000000,0.00000000,0,0,0,3,0,-0.04754981,-0.04754726,0.00063733,0.00000000,0.00000000,0.00000000,0.00000000,0.00000000,1.00000000,0.00000000,0.00000000,0,-75.99996274,-75.99997051,0.00000000,0.00000000,0.00000000,0.00000000,0.00000000,0.00000000,0,0,0,2,0,-0.04754981,-0.04754726,0.00063733,0.00000000,0.00000000,0.00000000,0.00000000,0.00000000,1.00000000,0.00000000,0.00000000,0,-16.23897218,-16.23899180,0.00000000,0.00000000,0.00000000,0.00000000,0.00000000,0.00000000,0
278407625,1,0,0,0,400,600,250,500,0,1,0,0,0,0,0,0,0,0.00000000,0.00000000,0.00000000,0.00000000,0.00000000,0.00000000,0,0,0,3,0,-0.04754981,-0.04754838,0.00035850,0.00000000,0.00000000,0.00000000,0.00000000,0.00000000,1.00000000,0.00000000,0.00000000,0,-75.99996274,-75.99997051,0.00000000,0.00000000,0.00000000,0.00000000,0.00000000,0.00000000,0,0,0,2,0,-0.04754981,-0.04754838,0.00035850,0.00000000,0.00000000,0.00000000,0.00000000,0.00000000,1.00000000,0.00000000,0.00000000,0,-16.23897218,-16.23899180,0.00000000,0.00000000,0.00000000,0.00000000,0.00000000,0.00000000,0
278407703,1,0,0,0,400,600,250,500,0,1,0,0,0,0,0,0,0,0.00000000,0.00000000,0.00000000,0.00000000,0.00000000,0.00000000,0,0,0,3,0,-0.04754981,-0.04754900,0.00020166,0.00000000,0.00000000,0.00000000,0.00000000,0.00000000,1.00000000,0.00000000,0.00000000,0,-75.99996274,-75.99997051,0.00000000,0.00000000,0.00000000,0.00000000,0.00000000,0.00000000,0,0,0,2,0,-0.04754981,-0.04754900,0.00020166,0.00000000,0.00000000,0.00000000,0.00000000,0.00000000,1.00000000,0.00000000,0.00000000,0,-16.23897218,-16.23899180,0.00000000,0.00000000,0.00000000,0.00000000,0.00000000,0.00000000,0
278407796,1,0,0,0,400,600,250,500,0,1,0,0,0,0,0,0,0,0.00000000,0.00000000,0.00000000,0.00000000,0.00000000,0.00000000,0,0,0,3,0,-0.04754981,-0.04754936,0.00011343,0.00000000,0.00000000,0.00000000,0.00000000,0.00000000,1.00000000,0.00000000,0.00000000,0,-75.99996274,-75.99997051,0.00000000,0.00000000,0.00000000,0.00000000,0.00000000,0.00000000,0,0,0,2,0,-0.04754981,-0.04754936,0.00011343,0.00000000,0.00000000,0.00000000,0.00000000,0.00000000,1.00000000,0.00000000,0.00000000,0,-16.23897218,-16.23899180,0.00000000,0.00000000,0.00000000,0.00000000,0.00000000,0.00000000,0
278408203,1,0,0,0,400,600,250,500,0,1,0,0,0,0,0,0,0,0.00000000,0.00000000,0.00000000,0.00000000,0.00000000,0.00000000,0,0,0,3,0,-0.04754981,-0.04754947,0.00008507,0.00000000,0.00000000,0.00000000,0.00000000,0.00000000,1.00000000,0.00000000,0.00000000,0,-75.99997051,-75.99997051,0.00000000,0.00000000,0.00000000,0.00000000,0.00000000,0.00000000,0,0,0,2,0,-0.04754981,-0.04754947,0.00008507,0.00000000,0.00000000,0.00000000,0.00000000,0.00000000,1.00000000,0.00000000,0.00000000,0,-16.23899180,-16.23899180,0.00000000,0.00000000,0.00000000,0.00000000,0.00000000,0.00000000,0
278408296,1,0,0,0,400,600,400,500,0,1,0,0,0,0,0,0,0,0.00000000,0.00000000,0.00000000,0.00000000,0.00000000,0.00000000,0,0,0,12,0,-0.04754981,-0.04754981,-0.00000000,0.00000000,0.00000000,0.00000000,0.00000000,0.00000000,1.00000000,0.00000000,0.00000000,0,-75.99997051,-75.99997051,0.00000000,0.00000000,0.00000000,0.00000000,0.00000000,0.00000000,0,0,0,2,0,-0.04754981,-0.04754981,-0.00000000,0.00000000,0.00000000,0.00000000,0.00000000,0.00000000,1.00000000,0.00000000,0.00000000,0,-16.23899180,-16.23899180,0.00000000,0.00000000,0.00000000,0.00000000,0.00000000,0.00000000,0
278408375,1,0,0,0,400,600,400,500,0,1,0,0,0,0,0,0,0,0.00000000,0.00000000,0.00000000,0.00000000,0.00000000,0.00000000,0,0,0,12,0,-0.04754981,-0.04754981,-0.00000000,0.00000000,0.00000000,0.00000000,0.00000000,0.00000000,1.00000000,0.00000000,0.00000000,0,-75.99997051,-75.99997051,0.00000000,0.00000000,0.00000000,0.00000000,0.00000000,0.00000000,0,0,0,2,0,-0.04754981,-0.04754981,-0.00000000,0.00000000,0.00000000,0.00000000,0.00000000,0.00000000,1.00000000,0.00000000,0.00000000,0,-16.23899180,-16.23899180,0.00000000,0.00000000,0.00000000,0.00000000,0.00000000,0.00000000,0
278408437,1,0,0,0,400,600,400,500,0,1,0,0,0,0,0,0,0,0.00000000,0.00000000,0.00000000,0.00000000,0.00000000,0.00000000,0,1,1,0,1,-0.04754981,-0.04754981,-0.00000000,0.00000000,0.00000000,0.00000000,0.00000000,0.00000000,1.00000000,0.00000000,0.00000000,0,-75.99997051,-75.99997051,0.00000000,0.00000000,0.00000000,0.00000000,0.00000000,0.00000000,0,0,0,2,0,-0.04754981,-0.04754981,-0.00000000,0.00000000,0.00000000,0.00000000,0.00000000,0.00000000,1.00000000,0.00000000,0.00000000,0,-16.23899180,-16.23899180,0.00000000,0.00000000,0.00000000,0.00000000,0.00000000,0.00000000,0
278408531,1,0,0,0,400,600,400,500,0,1,0,0,0,0,0,0,0,0.00000000,0.00000000,0.00000000,0.00000000,0.00000000,0.00000000,0,1,1,0,1,-0.04754981,-0.04754981,-0.00000000,0.00000000,0.00000000,0.00000000,0.00000000,0.00000000,1.00000000,0.00000000,0.00000000,0,-75.99997051,-75.99997051,0.00000000,0.00000000,0.00000000,0.00000000,0.00000000,0.00000000,0,0,0,2,0,-0.04754981,-0.04754981,-0.00000000,0.00000000,0.00000000,0.00000000,0.00000000,0.00000000,1.00000000,0.00000000,0.00000000,0,-16.23899180,-16.23899180,0.00000000,0.00000000,0.00000000,0.00000000,0.00000000,0.00000000,0
278408625,1,0,0,0,400,600,400,500,0,1,0,0,0,0,0,0,0,0.00000000,0.00000000,0.00000000,0.00000000,0.00000000,0.00000000,0,1,1,0,1,-0.04754981,-0.04754981,-0.00000000,0.00000000,0.00000000,0.00000000,0.00000000,0.00000000,1.00000000,0.00000000,0.00000000,0,-75.99997051,-75.99997051,0.00000000,0.00000000,0.00000000,0.00000000,0.00000000,0.00000000,0,0,0,2,0,-0.04754981,-0.04754981,-0.00000000,0.00000000,0.00000000,0.00000000,0.00000000,0.00000000,1.00000000,0.00000000,0.00000000,0,-16.23899180,-16.23899180,0.00000000,0.00000000,0.00000000,0.00000000,0.00000000,0.00000000,0
278408718,1,0,0,0,400,600,400,500,0,1,0,0,0,0,0,0,0,0.00000000,0.00000000,0.00000000,0.00000000,0.00000000,0.00000000,0,1,1,0,1,-0.04754981,-0.04754981,-0.00000000,0.00000000,0.00000000,0.00000000,0.00000000,0.00000000,1.00000000,0.00000000,0.00000000,0,-75.99997051,-75.99997051,0.00000000,0.00000000,0.00000000,0.00000000,0.00000000,0.00000000,0,0,0,2,0,-0.04754981,-0.04754981,-0.00000000,0.00000000,0.00000000,0.00000000,0.00000000,0.00000000,1.00000000,0.00000000,0.00000000,0,-16.23899180,-16.23899180,0.00000000,0.00000000,0.00000000,0.00000000,0.00000000,0.00000000,0
278408812,1,0,0,0,400,600,400,500,0,1,0,0,0,0,0,0,0,0.00000000,0.00000000,0.00000000,0.00000000,0.00000000,0.00000000,0,1,1,0,1,-0.04756407,-0.04755605,0.00200501,0.00000000,0.00000000,0.00000000,0.00000000,0.00000000,1.00000000,0.00000000,0.00000000,0,-75.99997051,-75.99997051,0.00000000,0.00000000,0.00000000,0.00000000,0.00000000,0.00000000,0,0,0,2,0,-0.04756407,-0.04755605,0.00200501,0.00000000,0.00000000,0.00000000,0.00000000,0.00000000,1.00000000,0.00000000,0.00000000,0,-16.23899180,-16.23899180,0.00000000,0.00000000,0.00000000,0.00000000,0.00000000,0.00000000,0
278408906,1,0,0,0,400,600,400,500,0,1,0,0,0,0,0,0,0,0.00000000,0.00000000,0.00000000,0.00000000,0.00000000,0.00000000,0,1,1,0,1,-0.04756407,-0.04755956,0.00112782,0.00000000,0.00000000,0.00000000,0.00000000,0.00000000,1.00000000,0.00000000,0.00000000,0,-75.99997051,-75.99997051,0.00000000,0.00000000,0.00000000,0.00000000,0.00000000,0.00000000,0,0,0,2,0,-0.04756407,-0.04755956,0.00112782,0.00000000,0.00000000,0.00000000,0.00000000,0.00000000,1.00000000,0.00000000,0.00000000,0,-16.23899180,-16.23899180,0.00000000,0.00000000,0.00000000,0.00000000,0.00000000,0.00000000,0
278409000,1,0,0,0,400,600,400,500,0,1,0,0,0,0,0,0,0,0.00000000,0.00000000,0.00000000,0.00000000,0.00000000,0.00000000,0,1,1,0,1,-0.04756407,-0.04756153,0.00063440,0.00000000,0.00000000,0.00000000,0.00000000,0.00000000,1.00000000,0.00000000,0.00000000,0,-75.99997051,-75.99997051,0.00000000,0.00000000,0.00000000,0.00000000,0.00000000,0.00000000,0,0,0,2,0,-0.04756407,-0.04756153,0.00063440,0.00000000,0.00000000,0.00000000,0.00000000,0.00000000,1.00000000,0.00000000,0.00000000,0,-16.23899180,-16.23899180,0.00000000,0.00000000,0.00000000,0.00000000,0.00000000,0.00000000,0
278409093,1,0,0,0,400,600,400,500,0,1,0,0,0,0,0,0,0,0.00000000,0.00000000,0.00000000,0.00000000,0.00000000,0.00000000,0,1,1,0,1,-0.04756407,-0.04756264,0.00035685,0.00000000,0.00000000,0.00000000,0.00000000,0.00000000,1.00000000,0.00000000,0.00000000,0,-75.99997051,-75.99997051,0.00000000,0.00000000,0.00000000,0.00000000,0.00000000,0.00000000,0,0,0,2,0,-0.04756407,-0.04756264,0.00035685,0.00000000,0.00000000,0.00000000,0.00000000,0.00000000,1.00000000,0.00000000,0.00000000,0,-16.23899180,-16.23899180,0.00000000,0.00000000,0.00000000,0.00000000,0.00000000,0.00000000,0
278409187,1,0,0,0,400,600,400,500,0,1,0,0,0,0,0,0,0,0.00000000,0.00000000,0.00000000,0.00000000,0.00000000,0.00000000,0,1,1,0,1,-0.04756407,-0.04756327,0.00020073,0.00000000,0.00000000,0.00000000,0.00000000,0.00000000,1.00000000,0.00000000,0.00000000,0,-75.99997051,-75.99997051,0.00000000,0.00000000,0.00000000,0.00000000,0.00000000,0.00000000,0,0,0,2,0,-0.04756407,-0.04756327,0.00020073,0.00000000,0.00000000,0.00000000,0.00000000,0.00000000,1.00000000,0.00000000,0.00000000,0,-16.23899180,-16.23899180,0.00000000,0.00000000,0.00000000,0.00000000,0.00000000,0.00000000,0
278409281,1,0,0,0,400,600,400,500,0,1,0,0,0,0,0,0,0,0.00000000,0.00000000,0.00000000,0.00000000,0.00000000,0.00000000,0,1,1,0,1,-0.04756407,-0.04756362,0.00011291,0.00000000,0.00000000,0.00000000,0.00000000,0.00000000,1.00000000,0.00000000,0.00000000,0,-75.99997051,-75.99997051,0.00000000,0.00000000,0.00000000,0.00000000,0.00000000,0.00000000,0,0,0,2,0,-0.04756407,-0.04756362,0.00011291,0.00000000,0.00000000,0.00000000,0.00000000,0.00000000,1.00000000,0.00000000,0.00000000,0,-16.23899180,-16.23899180,0.00000000,0.00000000,0.00000000,0.00000000,0.00000000,0.00000000,0
278409390,1,0,0,0,400,600,400,500,0,1,0,0,0,0,0,0,0,0.00000000,0.00000000,0.00000000,0.00000000,0.00000000,0.00000000,0,1,1,0,1,-0.04756407,-0.04756382,0.00006351,0.00000000,0.00000000,0.00000000,0.00000000,0.00000000,1.00000000,0.00000000,0.00000000,0,-75.99997051,-75.99997051,0.00000000,0.00000000,0.00000000,0.00000000,0.00000000,0.00000000,0,0,0,2,0,-0.04756407,-0.04756382,0.00006351,0.00000000,0.00000000,0.00000000,0.00000000,0.00000000,1.00000000,0.00000000,0.00000000,0,-16.23899180,-16.23899180,0.00000000,0.00000000,0.00000000,0.00000000,0.00000000,0.00000000,0
278409468,1,0,0,0,400,600,400,500,0,1,0,0,0,0,0,0,0,0.00000000,0.00000000,0.00000000,0.00000000,0.00000000,0.00000000,0,1,1,0,1,-0.04756407,-0.04756393,0.00003573,0.00000000,0.00000000,0.00000000,0.00000000,0.00000000,1.00000000,0.00000000,0.00000000,0,-75.99997051,-75.99997051,0.00000000,0.00000000,0.00000000,0.00000000,0.00000000,0.00000000,0,0,0,2,0,-0.04756407,-0.04756393,0.00003573,0.00000000,0.00000000,0.00000000,0.00000000,0.00000000,1.00000000,0.00000000,0.00000000,0,-16.23899180,-16.23899180,0.00000000,0.00000000,0.00000000,0.00000000,0.00000000,0.00000000,0
278409578,1,0,0,0,400,600,400,500,0,1,0,0,0,0,0,0,0,0.00000000,0.00000000,0.00000000,0.00000000,0.00000000,0.00000000,0,1,1,0,1,-0.04756407,-0.04756399,0.00002010,0.00000000,0.00000000,0.00000000,0.00000000,0.00000000,1.00000000,0.00000000,0.00000000,0,-75.99997051,-75.99997051,0.00000000,0.00000000,0.00000000,0.00000000,0.00000000,0.00000000,0,0,0,2,0,-0.04756407,-0.04756399,0.00002010,0.00000000,0.00000000,0.00000000,0.00000000,0.00000000,1.00000000,0.00000000,0.00000000,0,-16.23899180,-16.23899180,0.00000000,0.00000000,0.00000000,0.00000000,0.00000000,0.00000000,0
278409656,1,0,0,0,400,600,400,500,0,1,0,0,0,0,0,0,0,0.00000000,0.00000000,0.00000000,0.00000000,0.00000000,0.00000000,0,1,1,0,1,-0.04756407,-0.04756402,0.00001130,0.00000000,0.00000000,0.00000000,0.00000000,0.00000000,1.00000000,0.00000000,0.00000000,0,-75.99997051,-75.99997051,0.00000000,0.00000000,0.00000000,0.00000000,0.00000000,0.00000000,0,0,0,2,0,-0.04756407,-0.04756402,0.00001130,0.00000000,0.00000000,0.00000000,0.00000000,0.00000000,1.00000000,0.00000000,0.00000000,0,-16.23899180,-16.23899180,0.00000000,0.00000000,0.00000000,0.00000000,0.00000000,0.00000000,0
278409750,1,0,0,0,400,600,400,500,0,1,0,0,0,0,0,0,0,0.00000000,0.00000000,0.00000000,0.00000000,0.00000000,0.00000000,0,1,1,0,1,-0.04756407,-0.04756404,0.00000636,0.00000000,0.00000000,0.00000000,0.00000000,0.00000000,1.00000000,0.00000000,0.00000000,0,-75.99997051,-75.99997051,0.00000000,0.00000000,0.00000000,0.00000000,0.00000000,0.00000000,0,0,0,2,0,-0.04756407,-0.04756404,0.00000636,0.00000000,0.00000000,0.00000000,0.00000000,0.00000000,1.00000000,0.00000000,0.00000000,0,-16.23899180,-16.23899180,0.00000000,0.00000000,0.00000000,0.00000000,0.00000000,0.00000000,0
278409843,1,0,0,0,400,600,400,500,0,1,0,0,0,0,0,0,0,0.00000000,0.00000000,0.00000000,0.00000000,0.00000000,0.00000000,0,1,1,0,1,-0.04756407,-0.04756405,0.00000358,0.00000000,0.00000000,0.00000000,0.00000000,0.00000000,1.00000000,0.00000000,0.00000000,0,-75.99997051,-75.99997051,0.00000000,0.00000000,0.00000000,0.00000000,0.00000000,0.00000000,0,0,0,2,0,-0.04756407,-0.04756405,0.00000358,0.00000000,0.00000000,0.00000000,0.00000000,0.00000000,1.00000000,0.00000000,0.00000000,0,-16.23899180,-16.23899180,0.00000000,0.00000000,0.00000000,0.00000000,0.00000000,0.00000000,0
278409937,1,0,0,0,400,600,400,500,0,1,0,0,0,0,0,0,0,0.00000000,0.00000000,0.00000000,0.00000000,0.00000000,0.00000000,0,1,1,0,1,-0.04756407,-0.04756406,0.00000201,0.00000000,0.00000000,0.00000000,0.00000000,0.00000000,1.00000000,0.00000000,0.00000000,0,-75.99997051,-75.99997051,0.00000000,0.00000000,0.00000000,0.00000000,0.00000000,0.00000000,0,0,0,2,0,-0.04756407,-0.04756406,0.00000201,0.00000000,0.00000000,0.00000000,0.00000000,0.00000000,1.00000000,0.00000000,0.00000000,0,-16.23899180,-16.23899180,0.00000000,0.00000000,0.00000000,0.00000000,0.00000000,0.00000000,0
278410031,1,0,0,0,400,600,400,500,0,1,0,0,0,0,0,0,0,0.00000000,0.00000000,0.00000000,0.00000000,0.00000000,0.00000000,0,1,1,0,1,-0.04756407,-0.04756406,0.00000113,0.00000000,0.00000000,0.00000000,0.00000000,0.00000000,1.00000000,0.00000000,0.00000000,0,-75.99997051,-75.99997051,0.00000000,0.00000000,0.00000000,0.00000000,0.00000000,0.00000000,0,0,0,2,0,-0.04756407,-0.04756406,0.00000113,0.00000000,0.00000000,0.00000000,0.00000000,0.00000000,1.00000000,0.00000000,0.00000000,0,-16.23899180,-16.23899180,0.00000000,0.00000000,0.00000000,0.00000000,0.00000000,0.00000000,0
278410125,1,0,0,0,400,600,400,500,0,1,0,0,0,0,0,0,0,0.00000000,0.00000000,0.00000000,0.00000000,0.00000000,0.00000000,0,1,1,0,1,-0.04756407,-0.04756407,0.00000064,0.00000000,0.00000000,0.00000000,0.00000000,0.00000000,1.00000000,0.00000000,0.00000000,0,-75.99997051,-75.99997051,0.00000000,0.00000000,0.00000000,0.00000000,0.00000000,0.00000000,0,0,0,2,0,-0.04756407,-0.04756407,0.00000064,0.00000000,0.00000000,0.00000000,0.00000000,0.00000000,1.00000000,0.00000000,0.00000000,0,-16.23899180,-16.23899180,0.00000000,0.00000000,0.00000000,0.00000000,0.00000000,0.00000000,0
278410218,1,0,0,0,400,600,400,500,0,1,0,0,0,0,0,0,0,0.00000000,0.00000000,0.00000000,0.00000000,0.00000000,0.00000000,0,1,1,0,1,-0.04756407,-0.04756407,0.00000036,0.00000000,0.00000000,0.00000000,0.00000000,0.00000000,1.00000000,0.00000000,0.00000000,0,-75.99997051,-75.99997051,0.00000000,0.00000000,0.00000000,0.00000000,0.00000000,0.00000000,0,0,0,2,0,-0.04756407,-0.04756407,0.00000036,0.00000000,0.00000000,0.00000000,0.00000000,0.00000000,1.00000000,0.00000000,0.00000000,0,-16.23899180,-16.23899180,0.00000000,0.00000000,0.00000000,0.00000000,0.00000000,0.00000000,0
278410328,1,0,0,0,400,600,400,500,0,1,0,0,0,0,0,0,0,0.00000000,0.00000000,0.00000000,0.00000000,0.00000000,0.00000000,0,1,1,0,1,-0.04757833,-0.04756763,0.00267354,0.00000000,0.00000000,0.00000000,0.00000000,0.00000000,1.00000000,0.00000000,0.00000000,0,-75.99997051,-75.99997051,0.00000000,0.00000000,0.00000000,0.00000000,0.00000000,0.00000000,0,0,0,2,0,-0.04757833,-0.04756763,0.00267354,0.00000000,0.00000000,0.00000000,0.00000000,0.00000000,1.00000000,0.00000000,0.00000000,0,-16.23899180,-16.23899180,0.00000000,0.00000000,0.00000000,0.00000000,0.00000000,0.00000000,0
278410421,1,0,0,0,400,600,400,500,0,1,0,0,0,0,0,0,0,0.00000000,0.00000000,0.00000000,0.00000000,0.00000000,0.00000000,0,1,1,0,1,-0.04757833,-0.04757231,0.00150387,0.00000000,0.00000000,0.00000000,0.00000000,0.00000000,1.00000000,0.00000000,0.00000000,0,-75.99997051,-75.99997051,0.00000000,0.00000000,0.00000000,0.00000000,0.00000000,0.00000000,0,0,0,2,0,-0.04757833,-0.04757231,0.00150387,0.00000000,0.00000000,0.00000000,0.00000000,0.00000000,1.00000000,0.00000000,0.00000000,0,-16.23899180,-16.23899180,0.00000000,0.00000000,0.00000000,0.00000000,0.00000000,0.00000000,0
278410515,1,0,0,0,400,600,400,500,0,1,0,0,0,0,0,0,0,0.00000000,0.00000000,0.00000000,0.00000000,0.00000000,0.00000000,0,1,1,0,1,-0.04757833,-0.04757494,0.00084593,0.00000000,0.00000000,0.00000000,0.00000000,0.00000000,1.00000000,0.00000000,0.00000000,0,-75.99997051,-75.99997051,0.00000000,0.00000000,0.00000000,0.00000000,0.00000000,0.00000000,0,0,0,2,0,-0.04757833,-0.04757494,0.00084593,0.00000000,0.00000000,0.00000000,0.00000000,0.00000000,1.00000000,0.00000000,0.00000000,0,-16.23899180,-16.23899180,0.00000000,0.00000000,0.00000000,0.00000000,0.00000000,0.00000000,0
278410609,1,0,0,0,400,600,400,500,0,1,0,0,0,0,0,0,0,0.00000000,0.00000000,0.00000000,0.00000000,0.00000000,0.00000000,0,1,1,0,1,-0.04757833,-0.04757642,0.00047583,0.00000000,0.00000000,0.00000000,0.00000000,0.00000000,1.00000000,0.00000000,0.00000000,0,-75.99997051,-75.99997051,0.00000000,0.00000000,0.00000000,0.00000000,0.00000000,0.00000000,0,0,0,2,0,-0.04757833,-0.04757642,0.00047583,0.00000000,0.00000000,0.00000000,0.00000000,0.00000000,1.00000000,0.00000000,0.00000000,0,-16.23899180,-16.23899180,0.00000000,0.00000000,0.00000000,0.00000000,0.00000000,0.00000000,0
278410703,1,0,0,0,400,600,400,500,0,1,0,0,0,0,0,0,0,0.00000000,0.00000000,0.00000000,0.00000000,0.00000000,0.00000000,0,1,1,0,1,-0.04757833,-0.04757726,0.00026766,0.00000000,0.00000000,0.00000000,0.00000000,0.00000000,1.00000000,0.00000000,0.00000000,0,-75.99997051,-75.99997051,0.00000000,0.00000000,0.00000000,0.00000000,0.00000000,0.00000000,0,0,0,2,0,-0.04757833,-0.04757726,0.00026766,0.00000000,0.00000000,0.00000000,0.00000000,0.00000000,1.00000000,0.00000000,0.00000000,0,-16.23899180,-16.23899180,0.00000000,0.00000000,0.00000000,0.00000000,0.00000000,0.00000000,0
278410796,1,0,0,0,400,600,400,500,0,1,0,0,0,0,0,0,0,0.00000000,0.00000000,0.00000000,0.00000000,0.00000000,0.00000000,0,1,1,0,1,-0.04757833,-0.04757772,0.00015056,0.00000000,0.00000000,0.00000000,0.00000000,0.00000000,1.00000000,0.00000000,0.00000000,0,-75.99997051,-75.99997051,0.00000000,0.00000000,0.00000000,0.00000000,0.00000000,0.00000000,0,0,0,2,0,-0.04757833,-0.04757772,0.00015056,0.00000000,0.00000000,0.00000000,0.00000000,0.00000000,1.00000000,0.00000000,0.00000000,0,-16.23899180,-16.23899180,0.00000000,0.00000000,0.00000000,0.00000000,0.00000000,0.00000000,0
278410875,1,0,0,0,400,600,400,500,0,1,0,0,0,0,0,0,0,0.00000000,0.00000000,0.00000000,0.00000000,0.00000000,0.00000000,0,1,1,0,1,-0.04757833,-0.04757799,0.00008469,0.00000000,0.00000000,0.00000000,0.00000000,0.00000000,1.00000000,0.00000000,0.00000000,0,-75.99997051,-75.99997051,0.00000000,0.00000000,0.00000000,0.00000000,0.00000000,0.00000000,0,0,0,2,0,-0.04757833,-0.04757799,0.00008469,0.00000000,0.00000000,0.00000000,0.00000000,0.00000000,1.00000000,0.00000000,0.00000000,0,-16.23899180,-16.23899180,0.00000000,0.00000000,0.00000000,0.00000000,0.00000000,0.00000000,0
278410984,1,0,0,0,400,600,400,500,0,1,0,0,0,0,0,0,0,0.00000000,0.00000000,0.00000000,0.00000000,0.00000000,0.00000000,0,1,1,0,1,-0.04757833,-0.04757814,0.00004764,0.00000000,0.00000000,0.00000000,0.00000000,0.00000000,1.00000000,0.00000000,0.00000000,0,-75.99997051,-75.99997051,0.00000000,0.00000000,0.00000000,0.00000000,0.00000000,0.00000000,0,0,0,2,0,-0.04757833,-0.04757814,0.00004764,0.00000000,0.00000000,0.00000000,0.00000000,0.00000000,1.00000000,0.00000000,0.00000000,0,-16.23899180,-16.23899180,0.00000000,0.00000000,0.00000000,0.00000000,0.00000000,0.00000000,0
278411062,1,0,0,0,400,600,400,500,0,1,0,0,0,0,0,0,0,0.00000000,0.00000000,0.00000000,0.00000000,0.00000000,0.00000000,0,1,1,0,1,-0.04757833,-0.04757822,0.00002680,0.00000000,0.00000000,0.00000000,0.00000000,0.00000000,1.00000000,0.00000000,0.00000000,0,-75.99997051,-75.99997051,0.00000000,0.00000000,0.00000000,0.00000000,0.00000000,0.00000000,0,0,0,2,0,-0.04757833,-0.04757822,0.00002680,0.00000000,0.00000000,0.00000000,0.00000000,0.00000000,1.00000000,0.00000000,0.00000000,0,-16.23899180,-16.23899180,0.00000000,0.00000000,0.00000000,0.00000000,0.00000000,0.00000000,0
278411156,1,0,0,0,400,600,400,500,0,1,0,0,0,0,0,0,0,0.00000000,0.00000000,0.00000000,0.00000000,0.00000000,0.00000000,0,1,1,0,1,-0.04757833,-0.04757827,0.00001507,0.00000000,0.00000000,0.00000000,0.00000000,0.00000000,1.00000000,0.00000000,0.00000000,0,-75.99997051,-75.99997051,0.00000000,0.00000000,0.00000000,0.00000000,0.00000000,0.00000000,0,0,0,2,0,-0.04757833,-0.04757827,0.00001507,0.00000000,0.00000000,0.00000000,0.00000000,0.00000000,1.00000000,0.00000000,0.00000000,0,-16.23899180,-16.23899180,0.00000000,0.00000000,0.00000000,0.00000000,0.00000000,0.00000000,0
278411281,1,0,0,0,400,600,400,500,0,1,0,0,0,0,0,0,0,0.00000000,0.00000000,0.00000000,0.00000000,0.00000000,0.00000000,0,1,1,0,1,-0.04757833,-0.04757829,0.00000848,0.00000000,0.00000000,0.00000000,0.00000000,0.00000000,1.00000000,0.00000000,0.00000000,0,-75.99997051,-75.99997051,0.00000000,0.00000000,0.00000000,0.00000000,0.00000000,0.00000000,0,0,0,2,0,-0.04757833,-0.04757829,0.00000848,0.00000000,0.00000000,0.00000000,0.00000000,0.00000000,1.00000000,0.00000000,0.00000000,0,-16.23899180,-16.23899180,0.00000000,0.00000000,0.00000000,0.00000000,0.00000000,0.00000000,0
278411359,1,0,0,0,400,600,400,500,0,1,0,0,0,0,0,0,0,0.00000000,0.00000000,0.00000000,0.00000000,0.00000000,0.00000000,0,1,1,0,1,-0.04757833,-0.04757831,0.00000477,0.00000000,0.00000000,0.00000000,0.00000000,0.00000000,1.00000000,0.00000000,0.00000000,0,-75.99997051,-75.99997051,0.00000000,0.00000000,0.00000000,0.00000000,0.00000000,0.00000000,0,0,0,2,0,-0.04757833,-0.04757831,0.00000477,0.00000000,0.00000000,0.00000000,0.00000000,0.00000000,1.00000000,0.00000000,0.00000000,0,-16.23899180,-16.23899180,0.00000000,0.00000000,0.00000000,0.00000000,0.00000000,0.00000000,0
278411453,1,0,0,0,400,600,400,500,0,1,0,0,0,0,0,0,0,0.00000000,0.00000000,0.00000000,0.00000000,0.00000000,0.00000000,0,1,1,0,1,-0.04757833,-0.04757832,0.00000268,0.00000000,0.00000000,0.00000000,0.00000000,0.00000000,1.00000000,0.00000000,0.00000000,0,-75.99997051,-75.99997051,0.00000000,0.00000000,0.00000000,0.00000000,0.00000000,0.00000000,0,0,0,2,0,-0.04757833,-0.04757832,0.00000268,0.00000000,0.00000000,0.00000000,0.00000000,0.00000000,1.00000000,0.00000000,0.00000000,0,-16.23899180,-16.23899180,0.00000000,0.00000000,0.00000000,0.00000000,0.00000000,0.00000000,0
278411515,1,0,0,0,400,600,400,500,0,1,0,0,0,0,0,0,0,0.00000000,0.00000000,0.00000000,0.00000000,0.00000000,0.00000000,0,1,1,0,1,-0.04757833,-0.04757832,0.00000201,0.00000000,0.00000000,0.00000000,0.00000000,0.00000000,1.00000000,0.00000000,0.00000000,0,-75.99997051,-75.99997051,0.00000000,0.00000000,0.00000000,0.00000000,0.00000000,0.00000000,0,0,0,2,0,-0.04757833,-0.04757832,0.00000201,0.00000000,0.00000000,0.00000000,0.00000000,0.00000000,1.00000000,0.00000000,0.00000000,0,-16.23899180,-16.23899180,0.00000000,0.00000000,0.00000000,0.00000000,0.00000000,0.00000000,0
278411609,1,0,0,0,400,600,400,500,0,1,0,0,0,0,0,0,0,0.00000000,0.00000000,0.00000000,0.00000000,0.00000000,0.00000000,0,1,1,0,1,-0.04757833,-0.04757832,0.00000113,0.00000000,0.00000000,0.00000000,0.00000000,0.00000000,1.00000000,0.00000000,0.00000000,0,-75.99997051,-75.99997051,0.00000000,0.00000000,0.00000000,0.00000000,0.00000000,0.00000000,0,0,0,2,0,-0.04757833,-0.04757832,0.00000113,0.00000000,0.00000000,0.00000000,0.00000000,0.00000000,1.00000000,0.00000000,0.00000000,0,-16.23899180,-16.23899180,0.00000000,0.00000000,0.00000000,0.00000000,0.00000000,0.00000000,0
278411687,1,0,0,0,400,600,400,500,0,1,0,0,0,0,0,0,0,0.00000000,0.00000000,0.00000000,0.00000000,0.00000000,0.00000000,0,1,1,0,1,-0.04757833,-0.04757832,0.00000064,0.00000000,0.00000000,0.00000000,0.00000000,0.00000000,1.00000000,0.00000000,0.00000000,0,-75.99997051,-75.99997051,0.00000000,0.00000000,0.00000000,0.00000000,0.00000000,0.00000000,0,0,0,2,0,-0.04757833,-0.04757832,0.00000064,0.00000000,0.00000000,0.00000000,0.00000000,0.00000000,1.00000000,0.00000000,0.00000000,0,-16.23899180,-16.23899180,0.00000000,0.00000000,0.00000000,0.00000000,0.00000000,0.00000000,0
278411781,1,0,0,0,400,600,400,500,0,1,0,0,0,0,0,0,0,0.00000000,0.00000000,0.00000000,0.00000000,0.00000000,0.00000000,0,1,1,0,1,-0.04757833,-0.04757833,0.00000036,0.00000000,0.00000000,0.00000000,0.00000000,0.00000000,1.00000000,0.00000000,0.00000000,0,-75.99997051,-75.99997051,0.00000000,0.00000000,0.00000000,0.00000000,0.00000000,0.00000000,0,0,0,2,0,-0.04757833,-0.04757833,0.00000036,0.00000000,0.00000000,0.00000000,0.00000000,0.00000000,1.00000000,0.00000000,0.00000000,0,-16.23899180,-16.23899180,0.00000000,0.00000000,0.00000000,0.00000000,0.00000000,0.00000000,0
278411875,1,0,0,0,400,600,400,500,0,1,0,0,0,0,0,0,0,0.00000000,0.00000000,0.00000000,0.00000000,0.00000000,0.00000000,0,1,1,0,1,-0.04757833,-0.04757833,0.00000020,0.00000000,0.00000000,0.00000000,0.00000000,0.00000000,1.00000000,0.00000000,0.00000000,0,-75.99997051,-75.99997051,0.00000000,0.00000000,0.00000000,0.00000000,0.00000000,0.00000000,0,0,0,2,0,-0.04757833,-0.04757833,0.00000020,0.00000000,0.00000000,0.00000000,0.00000000,0.00000000,1.00000000,0.00000000,0.00000000,0,-16.23899180,-16.23899180,0.00000000,0.00000000,0.00000000,0.00000000,0.00000000,0.00000000,0
278411968,1,0,0,0,400,600,400,500,0,1,0,0,0,0,0,0,0,0.00000000,0.00000000,0.00000000,0.00000000,0.00000000,0.00000000,0,1,1,0,1,-0.04759258,-0.04758456,0.00200512,0.00000000,0.00000000,0.00000000,0.00000000,0.00000000,1.00000000,0.00000000,0.00000000,0,-75.99997051,-75.99997051,0.00000000,0.00000000,0.00000000,0.00000000,0.00000000,0.00000000,0,0,0,2,0,-0.04759258,-0.04758456,0.00200512,0.00000000,0.00000000,0.00000000,0.00000000,0.00000000,1.00000000,0.00000000,0.00000000,0,-16.23899180,-16.23899180,0.00000000,0.00000000,0.00000000,0.00000000,0.00000000,0.00000000,0
278412062,1,0,0,0,400,600,400,500,0,1,0,0,0,0,0,0,0,0.00000000,0.00000000,0.00000000,0.00000000,0.00000000,0.00000000,0,1,1,0,1,-0.04759258,-0.04758807,0.00112788,0.00000000,0.00000000,0.00000000,0.00000000,0.00000000,1.00000000,0.00000000,0.00000000,0,-75.99997051,-75.99997051,0.00000000,0.00000000,0.00000000,0.00000000,0.00000000,0.00000000,0,0,0,2,0,-0.04759258,-0.04758807,0.00112788,0.00000000,0.00000000,0.00000000,0.00000000,0.00000000,1.00000000,0.00000000,0.00000000,0,-16.23899180,-16.23899180,0.00000000,0.00000000,0.00000000,0.00000000,0.00000000,0.00000000,0
278412156,1,0,0,0,400,600,400,500,0,1,0,0,0,0,0,0,0,0.00000000,0.00000000,0.00000000,0.00000000,0.00000000,0.00000000,0,1,1,0,1,-0.04759258,-0.04759005,0.00063443,0.00000000,0.00000000,0.00000000,0.00000000,0.00000000,1.00000000,0.00000000,0.00000000,0,-75.99997051,-75.99997051,0.00000000,0.00000000,0.00000000,0.00000000,0.00000000,0.00000000,0,0,0,2,0,-0.04759258,-0.04759005,0.00063443,0.00000000,0.00000000,0.00000000,0.00000000,0.00000000,1.00000000,0.00000000,0.00000000,0,-16.23899180,-16.23899180,0.00000000,0.00000000,0.00000000,0.00000000,0.00000000,0.00000000,0
278412250,1,0,0,0,400,600,400,500,0,1,0,0,0,0,0,0,0,0.00000000,0.00000000,0.00000000,0.00000000,0.00000000,0.00000000,0,1,1,0,1,-0.04759258,-0.04759116,0.00035687,0.00000000,0.00000000,0.00000000,0.00000000,0.00000000,1.00000000,0.00000000,0.00000000,0,-75.99997051,-75.99997051,0.00000000,0.00000000,0.00000000,0.00000000,0.00000000,0.00000000,0,0,0,2,0,-0.04759258,-0.04759116,0.00035687,0.00000000,0.00000000,0.00000000,0.00000000,0.00000000,1.00000000,0.00000000,0.00000000,0,-16.23899180,-16.23899180,0.00000000,0.00000000,0.00000000,0.00000000,0.00000000,0.00000000,0
278412343,1,0,0,0,400,600,400,500,0,1,0,0,0,0,0,0,0,0.00000000,0.00000000,0.00000000,0.00000000,0.00000000,0.00000000,0,1,1,0,1,-0.04759258,-0.04759178,0.00020074,0.00000000,0.00000000,0.00000000,0.00000000,0.00000000,1.00000000,0.00000000,0.00000000,0,-75.99997051,-75.99997051,0.00000000,0.00000000,0.00000000,0.00000000,0.00000000,0.00000000,0,0,0,2,0,-0.04759258,-0.04759178,0.00020074,0.00000000,0.00000000,0.00000000,0.00000000,0.00000000,1.00000000,0.00000000,0.00000000,0,-16.23899180,-16.23899180,0.00000000,0.00000000,0.00000000,0.00000000,0.00000000,0.00000000,0
278412437,1,0,0,0,400,600,400,500,0,1,0,0,0,0,0,0,0,0.00000000,0.00000000,0.00000000,0.00000000,0.00000000,0.00000000,0,1,1,0,1,-0.04759258,-0.04759213,0.00011292,0.00000000,0.00000000,0.00000000,0.00000000,0.00000000,1.00000000,0.00000000,0.00000000,0,-75.99997051,-75.99997051,0.00000000,0.00000000,0.00000000,0.00000000,0.00000000,0.00000000,0,0,0,2,0,-0.04759258,-0.04759213,0.00011292,0.00000000,0.00000000,0.00000000,0.00000000,0.00000000,1.00000000,0.00000000,0.00000000,0,-16.23899180,-16.23899180,0.00000000,0.00000000,0.00000000,0.00000000,0.00000000,0.00000000,0
278412515,1,0,0,0,400,600,400,500,0,1,0,0,0,0,0,0,0,0.00000000,0.00000000,0.00000000,0.00000000,0.00000000,0.00000000,0,1,1,0,1,-0.04759258,-0.04759233,0.00006351,0.00000000,0.00000000,0.00000000,0.00000000,0.00000000,1.00000000,0.00000000,0.00000000,0,-75.99997051,-75.99997051,0.00000000,0.00000000,0.00000000,0.00000000,0.00000000,0.00000000,0,0,0,2,0,-0.04759258,-0.04759233,0.00006351,0.00000000,0.00000000,0.00000000,0.00000000,0.00000000,1.00000000,0.00000000,0.00000000,0,-16.23899180,-16.23899180,0.00000000,0.00000000,0.00000000,0.00000000,0.00000000,0.00000000,0
278412609,1,0,0,0,400,600,400,500,0,1,0,0,0,0,0,0,0,0.00000000,0.00000000,0.00000000,0.00000000,0.00000000,0.00000000,0,1,1,0,1,-0.04759258,-0.04759244,0.00003573,0.00000000,0.00000000,0.00000000,0.00000000,0.00000000,1.00000000,0.00000000,0.00000000,0,-75.99997051,-75.99997051,0.00000000,0.00000000,0.00000000,0.00000000,0.00000000,0.00000000,0,0,0,2,0,-0.04759258,-0.04759244,0.00003573,0.00000000,0.00000000,0.00000000,0.00000000,0.00000000,1.00000000,0.00000000,0.00000000,0,-16.23899180,-16.23899180,0.00000000,0.00000000,0.00000000,0.00000000,0.00000000,0.00000000,0
278412687,1,0,0,0,400,600,400,500,0,1,0,0,0,0,0,0,0,0.00000000,0.00000000,0.00000000,0.00000000,0.00000000,0.00000000,0,1,1,0,1,-0.04759258,-0.04759250,0.00002010,0.00000000,0.00000000,0.00000000,0.00000000,0.00000000,1.00000000,0.00000000,0.00000000,0,-75.99997051,-75.99997051,0.00000000,0.00000000,0.00000000,0.00000000,0.00000000,0.00000000,0,0,0,2,0,-0.04759258,-0.04759250,0.00002010,0.00000000,0.00000000,0.00000000,0.00000000,0.00000000,1.00000000,0.00000000,0.00000000,0,-16.23899180,-16.23899180,0.00000000,0.00000000,0.00000000,0.00000000,0.00000000,0.00000000,0
278412765,1,0,0,0,400,600,400,500,0,1,0,0,0,0,0,0,0,0.00000000,0.00000000,0.00000000,0.00000000,0.00000000,0.00000000,0,1,1,0,1,-0.04759258,-0.04759254,0.00001130,0.00000000,0.00000000,0.00000000,0.00000000,0.00000000,1.00000000,0.00000000,0.00000000,0,-75.99997051,-75.99997051,0.00000000,0.00000000,0.00000000,0.00000000,0.00000000,0.00000000,0,0,0,2,0,-0.04759258,-0.04759254,0.00001130,0.00000000,0.00000000,0.00000000,0.00000000,0.00000000,1.00000000,0.00000000,0.00000000,0,-16.23899180,-16.23899180,0.00000000,0.00000000,0.00000000,0.00000000,0.00000000,0.00000000,0
278412843,1,0,0,0,400,600,400,500,0,1,0,0,0,0,0,0,0,0.00000000,0.00000000,0.00000000,0.00000000,0.00000000,0.00000000,0,1,1,0,1,-0.04759258,-0.04759256,0.00000636,0.00000000,0.00000000,0.00000000,0.00000000,0.00000000,1.00000000,0.00000000,0.00000000,0,-75.99997051,-75.99997051,0.00000000,0.00000000,0.00000000,0.00000000,0.00000000,0.00000000,0,0,0,2,0,-0.04759258,-0.04759256,0.00000636,0.00000000,0.00000000,0.00000000,0.00000000,0.00000000,1.00000000,0.00000000,0.00000000,0,-16.23899180,-16.23899180,0.00000000,0.00000000,0.00000000,0.00000000,0.00000000,0.00000000,0
278412921,1,0,0,0,400,600,400,500,0,1,0,0,0,0,0,0,0,0.00000000,0.00000000,0.00000000,0.00000000,0.00000000,0.00000000,0,1,1,0,1,-0.04759258,-0.04759257,0.00000358,0.00000000,0.00000000,0.00000000,0.00000000,0.00000000,1.00000000,0.00000000,0.00000000,0,-75.99997051,-75.99997051,0.00000000,0.00000000,0.00000000,0.00000000,0.00000000,0.00000000,0,0,0,2,0,-0.04759258,-0.04759257,0.00000358,0.00000000,0.00000000,0.00000000,0.00000000,0.00000000,1.00000000,0.00000000,0.00000000,0,-16.23899180,-16.23899180,0.00000000,0.00000000,0.00000000,0.00000000,0.00000000,0.00000000,0
278412984,1,0,0,0,400,600,400,500,0,1,0,0,0,0,0,0,0,0.00000000,0.00000000,0.00000000,0.00000000,0.00000000,0.00000000,0,1,1,0,1,-0.04759258,-0.04759258,0.00000201,0.00000000,0.00000000,0.00000000,0.00000000,0.00000000,1.00000000,0.00000000,0.00000000,0,-75.99997051,-75.99997051,0.00000000,0.00000000,0.00000000,0.00000000,0.00000000,0.00000000,0,0,0,2,0,-0.04759258,-0.04759258,0.00000201,0.00000000,0.00000000,0.00000000,0.00000000,0.00000000,1.00000000,0.00000000,0.00000000,0,-16.23899180,-16.23899180,0.00000000,0.00000000,0.00000000,0.00000000,0.00000000,0.00000000,0
278413062,1,0,0,0,400,600,400,500,0,1,0,0,0,0,0,0,0,0.00000000,0.00000000,0.00000000,0.00000000,0.00000000,0.00000000,0,1,1,0,1,-0.04759258,-0.04759258,0.00000113,0.00000000,0.00000000,0.00000000,0.00000000,0.00000000,1.00000000,0.00000000,0.00000000,0,-75.99997051,-75.99997051,0.00000000,0.00000000,0.00000000,0.00000000,0.00000000,0.00000000,0,0,0,2,0,-0.04759258,-0.04759258,0.00000113,0.00000000,0.00000000,0.00000000,0.00000000,0.00000000,1.00000000,0.00000000,0.00000000,0,-16.23899180,-16.23899180,0.00000000,0.00000000,0.00000000,0.00000000,0.00000000,0.00000000,0
278413125,1,0,0,0,400,600,400,500,0,1,0,0,0,0,0,0,0,0.00000000,0.00000000,0.00000000,0.00000000,0.00000000,0.00000000,0,1,1,0,1,-0.04759258,-0.04759258,0.00000064,0.00000000,0.00000000,0.00000000,0.00000000,0.00000000,1.00000000,0.00000000,0.00000000,0,-75.99997051,-75.99997051,0.00000000,0.00000000,0.00000000,0.00000000,0.00000000,0.00000000,0,0,0,2,0,-0.04759258,-0.04759258,0.00000064,0.00000000,0.00000000,0.00000000,0.00000000,0.00000000,1.00000000,0.00000000,0.00000000,0,-16.23899180,-16.23899180,0.00000000,0.00000000,0.00000000,0.00000000,0.00000000,0.00000000,0
278413187,1,0,0,0,400,600,400,500,0,1,0,0,0,0,0,0,0,0.00000000,0.00000000,0.00000000,0.00000000,0.00000000,0.00000000,0,1,1,0,1,-0.04759258,-0.04759258,0.00000036,0.00000000,0.00000000,0.00000000,0.00000000,0.00000000,1.00000000,0.00000000,0.00000000,0,-75.99997051,-75.99997051,0.00000000,0.00000000,0.00000000,0.00000000,0.00000000,0.00000000,0,0,0,2,0,-0.04759258,-0.04759258,0.00000036,0.00000000,0.00000000,0.00000000,0.00000000,0.00000000,1.00000000,0.00000000,0.00000000,0,-16.23899180,-16.23899180,0.00000000,0.00000000,0.00000000,0.00000000,0.00000000,0.00000000,0
278413250,1,0,0,0,400,600,400,500,0,1,0,0,0,0,0,0,0,0.00000000,0.00000000,0.00000000,0.00000000,0.00000000,0.00000000,0,1,1,0,1,-0.04759258,-0.04759258,0.00000020,0.00000000,0.00000000,0.00000000,0.00000000,0.00000000,1.00000000,0.00000000,0.00000000,0,-75.99997051,-75.99997051,0.00000000,0.00000000,0.00000000,0.00000000,0.00000000,0.00000000,0,0,0,2,0,-0.04759258,-0.04759258,0.00000020,0.00000000,0.00000000,0.00000000,0.00000000,0.00000000,1.00000000,0.00000000,0.00000000,0,-16.23899180,-16.23899180,0.00000000,0.00000000,0.00000000,0.00000000,0.00000000,0.00000000,0
278413312,1,0,0,0,400,600,400,500,0,1,0,0,0,0,0,0,0,0.00000000,0.00000000,0.00000000,0.00000000,0.00000000,0.00000000,0,1,1,0,1,-0.04759258,-0.04759258,0.00000011,0.00000000,0.00000000,0.00000000,0.00000000,0.00000000,1.00000000,0.00000000,0.00000000,0,-75.99997051,-75.99997051,0.00000000,0.00000000,0.00000000,0.00000000,0.00000000,0.00000000,0,0,0,2,0,-0.04759258,-0.04759258,0.00000011,0.00000000,0.00000000,0.00000000,0.00000000,0.00000000,1.00000000,0.00000000,0.00000000,0,-16.23899180,-16.23899180,0.00000000,0.00000000,0.00000000,0.00000000,0.00000000,0.00000000,0
278413390,1,0,0,0,400,600,400,500,0,1,0,0,0,0,0,0,0,0.00000000,0.00000000,0.00000000,0.00000000,0.00000000,0.00000000,0,1,1,0,1,-0.04759258,-0.04759258,0.00000006,0.00000000,0.00000000,0.00000000,0.00000000,0.00000000,1.00000000,0.00000000,0.00000000,0,-75.99997051,-75.99997051,0.00000000,0.00000000,0.00000000,0.00000000,0.00000000,0.00000000,0,0,0,2,0,-0.04759258,-0.04759258,0.00000006,0.00000000,0.00000000,0.00000000,0.00000000,0.00000000,1.00000000,0.00000000,0.00000000,0,-16.23899180,-16.23899180,0.00000000,0.00000000,0.00000000,0.00000000,0.00000000,0.00000000,0
278413453,1,0,0,0,400,600,400,500,0,1,0,0,0,0,0,0,0,0.00000000,0.00000000,0.00000000,0.00000000,0.00000000,0.00000000,0,1,1,0,1,-0.04759258,-0.04759258,0.00000004,0.00000000,0.00000000,0.00000000,0.00000000,0.00000000,1.00000000,0.00000000,0.00000000,0,-75.99997051,-75.99997051,0.00000000,0.00000000,0.00000000,0.00000000,0.00000000,0.00000000,0,0,0,2,0,-0.04759258,-0.04759258,0.00000004,0.00000000,0.00000000,0.00000000,0.00000000,0.00000000,1.00000000,0.00000000,0.00000000,0,-16.23899180,-16.23899180,0.00000000,0.00000000,0.00000000,0.00000000,0.00000000,0.00000000,0
278413531,1,0,0,0,400,600,400,500,0,1,0,0,0,0,0,0,0,0.00000000,0.00000000,0.00000000,0.00000000,0.00000000,0.00000000,0,1,1,0,1,-0.04759258,-0.04759258,0.00000002,0.00000000,0.00000000,0.00000000,0.00000000,0.00000000,1.00000000,0.00000000,0.00000000,0,-75.99997051,-75.99997051,0.00000000,0.00000000,0.00000000,0.00000000,0.00000000,0.00000000,0,0,0,2,0,-0.04759258,-0.04759258,0.00000002,0.00000000,0.00000000,0.00000000,0.00000000,0.00000000,1.00000000,0.00000000,0.00000000,0,-16.23899180,-16.23899180,0.00000000,0.00000000,0.00000000,0.00000000,0.00000000,0.00000000,0
278413593,1,0,0,0,400,600,400,500,0,1,0,0,0,0,0,0,0,0.00000000,0.00000000,0.00000000,0.00000000,0.00000000,0.00000000,0,1,1,0,1,-0.04759258,-0.04759258,0.00000001,0.00000000,0.00000000,0.00000000,0.00000000,0.00000000,1.00000000,0.00000000,0.00000000,0,-75.99997051,-75.99997051,0.00000000,0.00000000,0.00000000,0.00000000,0.00000000,0.00000000,0,0,0,2,0,-0.04759258,-0.04759258,0.00000001,0.00000000,0.00000000,0.00000000,0.00000000,0.00000000,1.00000000,0.00000000,0.00000000,0,-16.23899180,-16.23899180,0.00000000,0.00000000,0.00000000,0.00000000,0.00000000,0.00000000,0
278413656,1,0,0,0,400,600,400,500,0,1,0,0,0,0,0,0,0,0.00000000,0.00000000,0.00000000,0.00000000,0.00000000,0.00000000,0,1,1,0,1,-0.04759258,-0.04759258,0.00000001,0.00000000,0.00000000,0.00000000,0.00000000,0.00000000,1.00000000,0.00000000,0.00000000,0,-75.99997051,-75.99997051,0.00000000,0.00000000,0.00000000,0.00000000,0.00000000,0.00000000,0,0,0,2,0,-0.04759258,-0.04759258,0.00000001,0.00000000,0.00000000,0.00000000,0.00000000,0.00000000,1.00000000,0.00000000,0.00000000,0,-16.23899180,-16.23899180,0.00000000,0.00000000,0.00000000,0.00000000,0.00000000,0.00000000,0
278413750,1,0,0,0,400,600,400,500,0,1,0,0,0,0,0,0,0,0.00000000,0.00000000,0.00000000,0.00000000,0.00000000,0.00000000,0,1,1,0,1,-0.04760684,-0.04759615,0.00267334,0.00000000,0.00000000,0.00000000,0.00000000,0.00000000,1.00000000,0.00000000,0.00000000,0,-75.99997051,-75.99997051,0.00000000,0.00000000,0.00000000,0.00000000,0.00000000,0.00000000,0,0,0,2,0,-0.04760684,-0.04759615,0.00267334,0.00000000,0.00000000,0.00000000,0.00000000,0.00000000,1.00000000,0.00000000,0.00000000,0,-16.23899180,-16.23899180,0.00000000,0.00000000,0.00000000,0.00000000,0.00000000,0.00000000,0
278413812,1,0,0,0,400,600,400,500,0,1,0,0,0,0,0,0,0,0.00000000,0.00000000,0.00000000,0.00000000,0.00000000,0.00000000,0,1,1,0,1,-0.04760684,-0.04760083,0.00150376,0.00000000,0.00000000,0.00000000,0.00000000,0.00000000,1.00000000,0.00000000,0.00000000,0,-75.99997051,-75.99997051,0.00000000,0.00000000,0.00000000,0.00000000,0.00000000,0.00000000,0,0,0,2,0,-0.04760684,-0.04760083,0.00150376,0.00000000,0.00000000,0.00000000,0.00000000,0.00000000,1.00000000,0.00000000,0.00000000,0,-16.23899180,-16.23899180,0.00000000,0.00000000,0.00000000,0.00000000,0.00000000,0.00000000,0
278413875,1,0,0,0,400,600,400,500,0,1,0,0,0,0,0,0,0,0.00000000,0.00000000,0.00000000,0.00000000,0.00000000,0.00000000,0,1,1,0,1,-0.04760684,-0.04760346,0.00084586,0.00000000,0.00000000,0.00000000,0.00000000,0.00000000,1.00000000,0.00000000,0.00000000,0,-75.99997051,-75.99997051,0.00000000,0.00000000,0.00000000,0.00000000,0.00000000,0.00000000,0,0,0,2,0,-0.04760684,-0.04760346,0.00084586,0.00000000,0.00000000,0.00000000,0.00000000,0.00000000,1.00000000,0.00000000,0.00000000,0,-16.23899180,-16.23899180,0.00000000,0.00000000,0.00000000,0.00000000,0.00000000,0.00000000,0
278413937,1,0,0,0,400,600,400,500,0,1,0,0,0,0,0,0,0,0.00000000,0.00000000,0.00000000,0.00000000,0.00000000,0.00000000,0,1,1,0,1,-0.04760684,-0.04760494,0.00047580,0.00000000,0.00000000,0.00000000,0.00000000,0.00000000,1.00000000,0.00000000,0.00000000,0,-75.99997051,-75.99997051,0.00000000,0.00000000,0.00000000,0.00000000,0.00000000,0.00000000,0,0,0,2,0,-0.04760684,-0.04760494,0.00047580,0.00000000,0.00000000,0.00000000,0.00000000,0.00000000,1.00000000,0.00000000,0.00000000,0,-16.23899180,-16.23899180,0.00000000,0.00000000,0.00000000,0.00000000,0.00000000,0.00000000,0
278414000,1,0,0,0,400,600,400,500,0,1,0,0,0,0,0,0,0,0.00000000,0.00000000,0.00000000,0.00000000,0.00000000,0.00000000,0,1,1,0,1,-0.04760684,-0.04760577,0.00026764,0.00000000,0.00000000,0.00000000,0.00000000,0.00000000,1.00000000,0.00000000,0.00000000,0,-75.99997051,-75.99997051,0.00000000,0.00000000,0.00000000,0.00000000,0.00000000,0.00000000,0,0,0,2,0,-0.04760684,-0.04760577,0.00026764,0.00000000,0.00000000,0.00000000,0.00000000,0.00000000,1.00000000,0.00000000,0.00000000,0,-16.23899180,-16.23899180,0.00000000,0.00000000,0.00000000,0.00000000,0.00000000,0.00000000,0
278414078,1,0,0,0,400,600,400,500,0,1,0,0,0,0,0,0,0,0.00000000,0.00000000,0.00000000,0.00000000,0.00000000,0.00000000,0,1,1,0,1,-0.04760684,-0.04760624,0.00015055,0.00000000,0.00000000,0.00000000,0.00000000,0.00000000,1.00000000,0.00000000,0.00000000,0,-75.99997051,-75.99997051,0.00000000,0.00000000,0.00000000,0.00000000,0.00000000,0.00000000,0,0,0,2,0,-0.04760684,-0.04760624,0.00015055,0.00000000,0.00000000,0.00000000,0.00000000,0.00000000,1.00000000,0.00000000,0.00000000,0,-16.23899180,-16.23899180,0.00000000,0.00000000,0.00000000,0.00000000,0.00000000,0.00000000,0
278414156,1,0,0,0,400,600,400,500,0,1,0,0,0,0,0,0,0,0.00000000,0.00000000,0.00000000,0.00000000,0.00000000,0.00000000,0,1,1,0,1,-0.04760684,-0.04760650,0.00008468,0.00000000,0.00000000,0.00000000,0.00000000,0.00000000,1.00000000,0.00000000,0.00000000,0,-75.99997051,-75.99997051,0.00000000,0.00000000,0.00000000,0.00000000,0.00000000,0.00000000,0,0,0,2,0,-0.04760684,-0.04760650,0.00008468,0.00000000,0.00000000,0.00000000,0.00000000,0.00000000,1.00000000,0.00000000,0.00000000,0,-16.23899180,-16.23899180,0.00000000,0.00000000,0.00000000,0.00000000,0.00000000,0.00000000,0
278414250,1,0,0,0,400,600,400,500,0,1,0,0,0,0,0,0,0,0.00000000,0.00000000,0.00000000,0.00000000,0.00000000,0.00000000,0,1,1,0,1,-0.04760684,-0.04760665,0.00004763,0.00000000,0.00000000,0.00000000,0.00000000,0.00000000,1.00000000,0.00000000,0.00000000,0,-75.99997051,-75.99997051,0.00000000,0.00000000,0.00000000,0.00000000,0.00000000,0.00000000,0,0,0,2,0,-0.04760684,-0.04760665,0.00004763,0.00000000,0.00000000,0.00000000,0.00000000,0.00000000,1.00000000,0.00000000,0.00000000,0,-16.23899180,-16.23899180,0.00000000,0.00000000,0.00000000,0.00000000,0.00000000,0.00000000,0
278414328,1,0,0,0,400,600,400,500,0,1,0,0,0,0,0,0,0,0.00000000,0.00000000,0.00000000,0.00000000,0.00000000,0.00000000,0,1,1,0,1,-0.04760684,-0.04760674,0.00002679,0.00000000,0.00000000,0.00000000,0.00000000,0.00000000,1.00000000,0.00000000,0.00000000,0,-75.99997051,-75.99997051,0.00000000,0.00000000,0.00000000,0.00000000,0.00000000,0.00000000,0,0,0,2,0,-0.04760684,-0.04760674,0.00002679,0.00000000,0.00000000,0.00000000,0.00000000,0.00000000,1.00000000,0.00000000,0.00000000,0,-16.23899180,-16.23899180,0.00000000,0.00000000,0.00000000,0.00000000,0.00000000,0.00000000,0
278414421,1,0,0,0,400,600,400,500,0,1,0,0,0,0,0,0,0,0.00000000,0.00000000,0.00000000,0.00000000,0.00000000,0.00000000,0,1,1,0,1,-0.04760684,-0.04760678,0.00001507,0.00000000,0.00000000,0.00000000,0.00000000,0.00000000,1.00000000,0.00000000,0.00000000,0,-75.99997051,-75.99997051,0.00000000,0.00000000,0.00000000,0.00000000,0.00000000,0.00000000,0,0,0,2,0,-0.04760684,-0.04760678,0.00001507,0.00000000,0.00000000,0.00000000,0.00000000,0.00000000,1.00000000,0.00000000,0.00000000,0,-16.23899180,-16.23899180,0.00000000,0.00000000,0.00000000,0.00000000,0.00000000,0.00000000,0
278414484,1,0,0,0,400,600,400,500,0,1,0,0,0,0,0,0,0,0.00000000,0.00000000,0.00000000,0.00000000,0.00000000,0.00000000,0,1,1,0,1,-0.04760684,-0.04760680,0.00001130,0.00000000,0.00000000,0.00000000,0.00000000,0.00000000,1.00000000,0.00000000,0.00000000,0,-75.99997051,-75.99997051,0.00000000,0.00000000,0.00000000,0.00000000,0.00000000,0.00000000,0,0,0,2,0,-0.04760684,-0.04760680,0.00001130,0.00000000,0.00000000,0.00000000,0.00000000,0.00000000,1.00000000,0.00000000,0.00000000,0,-16.23899180,-16.23899180,0.00000000,0.00000000,0.00000000,0.00000000,0.00000000,0.00000000,0
278414578,1,0,0,0,400,600,400,500,0,1,0,0,0,0,0,0,0,0.00000000,0.00000000,0.00000000,0.00000000,0.00000000,0.00000000,0,1,1,0,1,-0.04760684,-0.04760682,0.00000636,0.00000000,0.00000000,0.00000000,0.00000000,0.00000000,1.00000000,0.00000000,0.00000000,0,-75.99997051,-75.99997051,0.00000000,0.00000000,0.00000000,0.00000000,0.00000000,0.00000000,0,0,0,2,0,-0.04760684,-0.04760682,0.00000636,0.00000000,0.00000000,0.00000000,0.00000000,0.00000000,1.00000000,0.00000000,0.00000000,0,-16.23899180,-16.23899180,0.00000000,0.00000000,0.00000000,0.00000000,0.00000000,0.00000000,0
278414671,1,0,0,0,400,600,400,500,0,1,0,0,0,0,0,0,0,0.00000000,0.00000000,0.00000000,0.00000000,0.00000000,0.00000000,0,1,1,0,1,-0.04760684,-0.04760683,0.00000358,0.00000000,0.00000000,0.00000000,0.00000000,0.00000000,1.00000000,0.00000000,0.00000000,0,-75.99997051,-75.99997051,0.00000000,0.00000000,0.00000000,0.00000000,0.00000000,0.00000000,0,0,0,2,0,-0.04760684,-0.04760683,0.00000358,0.00000000,0.00000000,0.00000000,0.00000000,0.00000000,1.00000000,0.00000000,0.00000000,0,-16.23899180,-16.23899180,0.00000000,0.00000000,0.00000000,0.00000000,0.00000000,0.00000000,0
278414750,1,0,0,0,400,600,400,500,0,1,0,0,0,0,0,0,0,0.00000000,0.00000000,0.00000000,0.00000000,0.00000000,0.00000000,0,1,1,0,1,-0.04760684,-0.04760683,0.00000201,0.00000000,0.00000000,0.00000000,0.00000000,0.00000000,1.00000000,0.00000000,0.00000000,0,-75.99997051,-75.99997051,0.00000000,0.00000000,0.00000000,0.00000000,0.00000000,0.00000000,0,0,0,2,0,-0.04760684,-0.04760683,0.00000201,0.00000000,0.00000000,0.00000000,0.00000000,0.00000000,1.00000000,0.00000000,0.00000000,0,-16.23899180,-16.23899180,0.00000000,0.00000000,0.00000000,0.00000000,0.00000000,0.00000000,0
278414843,1,0,0,0,400,600,400,500,0,1,0,0,0,0,0,0,0,0.00000000,0.00000000,0.00000000,0.00000000,0.00000000,0.00000000,0,1,1,0,1,-0.04760684,-0.04760684,0.00000113,0.00000000,0.00000000,0.00000000,0.00000000,0.00000000,1.00000000,0.00000000,0.00000000,0,-75.99997051,-75.99997051,0.00000000,0.00000000,0.00000000,0.00000000,0.00000000,0.00000000,0,0,0,2,0,-0.04760684,-0.04760684,0.00000113,0.00000000,0.00000000,0.00000000,0.00000000,0.00000000,1.00000000,0.00000000,0.00000000,0,-16.23899180,-16.23899180,0.00000000,0.00000000,0.00000000,0.00000000,0.00000000,0.00000000,0
278414953,1,0,0,0,400,600,400,500,0,1,0,0,0,0,0,0,0,0.00000000,0.00000000,0.00000000,0.00000000,0.00000000,0.00000000,0,1,1,0,1,-0.04760684,-0.04760684,0.00000064,0.00000000,0.00000000,0.00000000,0.00000000,0.00000000,1.00000000,0.00000000,0.00000000,0,-75.99997051,-75.99997051,0.00000000,0.00000000,0.00000000,0.00000000,0.00000000,0.00000000,0,0,0,2,0,-0.04760684,-0.04760684,0.00000064,0.00000000,0.00000000,0.00000000,0.00000000,0.00000000,1.00000000,0.00000000,0.00000000,0,-16.23899180,-16.23899180,0.00000000,0.00000000,0.00000000,0.00000000,0.00000000,0.00000000,0
278415046,1,0,0,0,400,600,400,500,0,1,0,0,0,0,0,0,0,0.00000000,0.00000000,0.00000000,0.00000000,0.00000000,0.00000000,0,1,1,0,1,-0.04760684,-0.04760684,0.00000036,0.00000000,0.00000000,0.00000000,0.00000000,0.00000000,1.00000000,0.00000000,0.00000000,0,-75.99997051,-75.99997051,0.00000000,0.00000000,0.00000000,0.00000000,0.00000000,0.00000000,0,0,0,2,0,-0.04760684,-0.04760684,0.00000036,0.00000000,0.00000000,0.00000000,0.00000000,0.00000000,1.00000000,0.00000000,0.00000000,0,-16.23899180,-16.23899180,0.00000000,0.00000000,0.00000000,0.00000000,0.00000000,0.00000000,0
278415140,1,0,0,0,400,600,400,500,0,1,0,0,0,0,0,0,0,0.00000000,0.00000000,0.00000000,0.00000000,0.00000000,0.00000000,0,1,1,0,1,-0.04760684,-0.04760684,0.00000020,0.00000000,0.00000000,0.00000000,0.00000000,0.00000000,1.00000000,0.00000000,0.00000000,0,-75.99997051,-75.99997051,0.00000000,0.00000000,0.00000000,0.00000000,0.00000000,0.00000000,0,0,0,2,0,-0.04760684,-0.04760684,0.00000020,0.00000000,0.00000000,0.00000000,0.00000000,0.00000000,1.00000000,0.00000000,0.00000000,0,-16.23899180,-16.23899180,0.00000000,0.00000000,0.00000000,0.00000000,0.00000000,0.00000000,0
278415234,1,0,0,0,400,600,400,500,0,1,0,0,0,0,0,0,0,0.00000000,0.00000000,0.00000000,0.00000000,0.00000000,0.00000000,0,1,1,0,1,-0.04760684,-0.04760684,0.00000011,0.00000000,0.00000000,0.00000000,0.00000000,0.00000000,1.00000000,0.00000000,0.00000000,0,-75.99997051,-75.99997051,0.00000000,0.00000000,0.00000000,0.00000000,0.00000000,0.00000000,0,0,0,2,0,-0.04760684,-0.04760684,0.00000011,0.00000000,0.00000000,0.00000000,0.00000000,0.00000000,1.00000000,0.00000000,0.00000000,0,-16.23899180,-16.23899180,0.00000000,0.00000000,0.00000000,0.00000000,0.00000000,0.00000000,0
278415312,1,0,0,0,400,600,400,500,0,1,0,0,0,0,0,0,0,0.00000000,0.00000000,0.00000000,0.00000000,0.00000000,0.00000000,0,1,1,0,1,-0.04760684,-0.04760684,0.00000006,0.00000000,0.00000000,0.00000000,0.00000000,0.00000000,1.00000000,0.00000000,0.00000000,0,-75.99997051,-75.99997051,0.00000000,0.00000000,0.00000000,0.00000000,0.00000000,0.00000000,0,0,0,2,0,-0.04760684,-0.04760684,0.00000006,0.00000000,0.00000000,0.00000000,0.00000000,0.00000000,1.00000000,0.00000000,0.00000000,0,-16.23899180,-16.23899180,0.00000000,0.00000000,0.00000000,0.00000000,0.00000000,0.00000000,0
278415437,1,0,0,0,400,600,400,500,0,1,0,0,0,0,0,0,0,0.00000000,0.00000000,0.00000000,0.00000000,0.00000000,0.00000000,0,1,1,0,1,-0.04760684,-0.04760684,0.00000004,0.00000000,0.00000000,0.00000000,0.00000000,0.00000000,1.00000000,0.00000000,0.00000000,0,-75.99997051,-75.99997051,0.00000000,0.00000000,0.00000000,0.00000000,0.00000000,0.00000000,0,0,0,2,0,-0.04760684,-0.04760684,0.00000004,0.00000000,0.00000000,0.00000000,0.00000000,0.00000000,1.00000000,0.00000000,0.00000000,0,-16.23899180,-16.23899180,0.00000000,0.00000000,0.00000000,0.00000000,0.00000000,0.00000000,0
278415531,1,0,0,0,400,600,400,500,0,1,0,0,0,0,0,0,0,0.00000000,0.00000000,0.00000000,0.00000000,0.00000000,0.00000000,0,1,1,0,1,-0.04760684,-0.04760684,0.00000002,0.00000000,0.00000000,0.00000000,0.00000000,0.00000000,1.00000000,0.00000000,0.00000000,0,-75.99997051,-75.99997051,0.00000000,0.00000000,0.00000000,0.00000000,0.00000000,0.00000000,0,0,0,2,0,-0.04760684,-0.04760684,0.00000002,0.00000000,0.00000000,0.00000000,0.00000000,0.00000000,1.00000000,0.00000000,0.00000000,0,-16.23899180,-16.23899180,0.00000000,0.00000000,0.00000000,0.00000000,0.00000000,0.00000000,0
278415609,1,0,0,0,400,600,400,500,0,1,0,0,0,0,0,0,0,0.00000000,0.00000000,0.00000000,0.00000000,0.00000000,0.00000000,0,1,1,0,1,-0.04760684,-0.04760684,0.00000001,0.00000000,0.00000000,0.00000000,0.00000000,0.00000000,1.00000000,0.00000000,0.00000000,0,-75.99997051,-75.99997051,0.00000000,0.00000000,0.00000000,0.00000000,0.00000000,0.00000000,0,0,0,2,0,-0.04760684,-0.04760684,0.00000001,0.00000000,0.00000000,0.00000000,0.00000000,0.00000000,1.00000000,0.00000000,0.00000000,0,-16.23899180,-16.23899180,0.00000000,0.00000000,0.00000000,0.00000000,0.00000000,0.00000000,0
278415703,1,0,0,0,400,600,400,500,0,1,0,0,0,0,0,0,0,0.00000000,0.00000000,0.00000000,0.00000000,0.00000000,0.00000000,0,1,1,0,1,-0.04760684,-0.04760684,0.00000001,0.00000000,0.00000000,0.00000000,0.00000000,0.00000000,1.00000000,0.00000000,0.00000000,0,-75.99997051,-75.99997051,0.00000000,0.00000000,0.00000000,0.00000000,0.00000000,0.00000000,0,0,0,2,0,-0.04760684,-0.04760684,0.00000001,0.00000000,0.00000000,0.00000000,0.00000000,0.00000000,1.00000000,0.00000000,0.00000000,0,-16.23899180,-16.23899180,0.00000000,0.00000000,0.00000000,0.00000000,0.00000000,0.00000000,0
278415781,1,0,0,0,400,600,400,500,0,1,0,0,0,0,0,0,0,0.00000000,0.00000000,0.00000000,0.00000000,0.00000000,0.00000000,0,1,1,0,1,-0.04762110,-0.04761308,0.00200501,0.00000000,0.00000000,0.00000000,0.00000000,0.00000000,1.00000000,0.00000000,0.00000000,0,-75.99997051,-75.99997051,0.00000000,0.00000000,0.00000000,0.00000000,0.00000000,0.00000000,0,0,0,2,0,-0.04762110,-0.04761308,0.00200501,0.00000000,0.00000000,0.00000000,0.00000000,0.00000000,1.00000000,0.00000000,0.00000000,0,-16.23899180,-16.23899180,0.00000000,0.00000000,0.00000000,0.00000000,0.00000000,0.00000000,0
278415875,1,0,0,0,400,600,400,500,0,1,0,0,0,0,0,0,0,0.00000000,0.00000000,0.00000000,0.00000000,0.00000000,0.00000000,0,1,1,0,1,-0.04762110,-0.04761659,0.00112782,0.00000000,0.00000000,0.00000000,0.00000000,0.00000000,1.00000000,0.00000000,0.00000000,0,-75.99997051,-75.99997051,0.00000000,0.00000000,0.00000000,0.00000000,0.00000000,0.00000000,0,0,0,2,0,-0.04762110,-0.04761659,0.00112782,0.00000000,0.00000000,0.00000000,0.00000000,0.00000000,1.00000000,0.00000000,0.00000000,0,-16.23899180,-16.23899180,0.00000000,0.00000000,0.00000000,0.00000000,0.00000000,0.00000000,0
278415953,1,0,0,0,400,600,400,500,0,1,0,0,0,0,0,0,0,0.00000000,0.00000000,0.00000000,0.00000000,0.00000000,0.00000000,0,1,1,0,1,-0.04762110,-0.04761856,0.00063440,0.00000000,0.00000000,0.00000000,0.00000000,0.00000000,1.00000000,0.00000000,0.00000000,0,-75.99997051,-75.99997051,0.00000000,0.00000000,0.00000000,0.00000000,0.00000000,0.00000000,0,0,0,2,0,-0.04762110,-0.04761856,0.00063440,0.00000000,0.00000000,0.00000000,0.00000000,0.00000000,1.00000000,0.00000000,0.00000000,0,-16.23899180,-16.23899180,0.00000000,0.00000000,0.00000000,0.00000000,0.00000000,0.00000000,0
278416031,1,0,0,0,400,600,400,500,0,1,0,0,0,0,0,0,0,0.00000000,0.00000000,0.00000000,0.00000000,0.00000000,0.00000000,0,1,1,0,1,-0.04762110,-0.04761967,0.00035685,0.00000000,0.00000000,0.00000000,0.00000000,0.00000000,1.00000000,0.00000000,0.00000000,0,-75.99997051,-75.99997051,0.00000000,0.00000000,0.00000000,0.00000000,0.00000000,0.00000000,0,0,0,2,0,-0.04762110,-0.04761967,0.00035685,0.00000000,0.00000000,0.00000000,0.00000000,0.00000000,1.00000000,0.00000000,0.00000000,0,-16.23899180,-16.23899180,0.00000000,0.00000000,0.00000000,0.00000000,0.00000000,0.00000000,0
278416109,1,0,0,0,400,600,400,500,0,1,0,0,0,0,0,0,0,0.00000000,0.00000000,0.00000000,0.00000000,0.00000000,0.00000000,0,1,1,0,1,-0.04762110,-0.04762030,0.00020073,0.00000000,0.00000000,0.00000000,0.00000000,0.00000000,1.00000000,0.00000000,0.00000000,0,-75.99997051,-75.99997051,0.00000000,0.00000000,0.00000000,0.00000000,0.00000000,0.00000000,0,0,0,2,0,-0.04762110,-0.04762030,0.00020073,0.00000000,0.00000000,0.00000000,0.00000000,0.00000000,1.00000000,0.00000000,0.00000000,0,-16.23899180,-16.23899180,0.00000000,0.00000000,0.00000000,0.00000000,0.00000000,0.00000000,0
278416187,1,0,0,0,400,600,400,500,0,1,0,0,0,0,0,0,0,0.00000000,0.00000000,0.00000000,0.00000000,0.00000000,0.00000000,0,1,1,0,1,-0.04762110,-0.04762065,0.00011291,0.00000000,0.00000000,0.00000000,0.00000000,0.00000000,1.00000000,0.00000000,0.00000000,0,-75.99997051,-75.99997051,0.00000000,0.00000000,0.00000000,0.00000000,0.00000000,0.00000000,0,0,0,2,0,-0.04762110,-0.04762065,0.00011291,0.00000000,0.00000000,0.00000000,0.00000000,0.00000000,1.00000000,0.00000000,0.00000000,0,-16.23899180,-16.23899180,0.00000000,0.00000000,0.00000000,0.00000000,0.00000000,0.00000000,0
278416281,1,0,0,0,400,600,400,500,0,1,0,0,0,0,0,0,0,0.00000000,0.00000000,0.00000000,0.00000000,0.00000000,0.00000000,0,1,1,0,1,-0.04762110,-0.04762085,0.00006351,0.00000000,0.00000000,0.00000000,0.00000000,0.00000000,1.00000000,0.00000000,0.00000000,0,-75.99997051,-75.99997051,0.00000000,0.00000000,0.00000000,0.00000000,0.00000000,0.00000000,0,0,0,2,0,-0.04762110,-0.04762085,0.00006351,0.00000000,0.00000000,0.00000000,0.00000000,0.00000000,1.00000000,0.00000000,0.00000000,0,-16.23899180,-16.23899180,0.00000000,0.00000000,0.00000000,0.00000000,0.00000000,0.00000000,0
278416359,1,0,0,0,400,600,400,500,0,1,0,0,0,0,0,0,0,0.00000000,0.00000000,0.00000000,0.00000000,0.00000000,0.00000000,0,1,1,0,1,-0.04762110,-0.04762096,0.00003573,0.00000000,0.00000000,0.00000000,0.00000000,0.00000000,1.00000000,0.00000000,0.00000000,0,-75.99997051,-75.99997051,0.00000000,0.00000000,0.00000000,0.00000000,0.00000000,0.00000000,0,0,0,2,0,-0.04762110,-0.04762096,0.00003573,0.00000000,0.00000000,0.00000000,0.00000000,0.00000000,1.00000000,0.00000000,0.00000000,0,-16.23899180,-16.23899180,0.00000000,0.00000000,0.00000000,0.00000000,0.00000000,0.00000000,0
278416453,1,0,0,0,400,600,400,500,0,1,0,0,0,0,0,0,0,0.00000000,0.00000000,0.00000000,0.00000000,0.00000000,0.00000000,0,1,1,0,1,-0.04762110,-0.04762102,0.00002010,0.00000000,0.00000000,0.00000000,0.00000000,0.00000000,1.00000000,0.00000000,0.00000000,0,-75.99997051,-75.99997051,0.00000000,0.00000000,0.00000000,0.00000000,0.00000000,0.00000000,0,0,0,2,0,-0.04762110,-0.04762102,0.00002010,0.00000000,0.00000000,0.00000000,0.00000000,0.00000000,1.00000000,0.00000000,0.00000000,0,-16.23899180,-16.23899180,0.00000000,0.00000000,0.00000000,0.00000000,0.00000000,0.00000000,0
278416531,1,0,0,0,400,600,400,500,0,1,0,0,0,0,0,0,0,0.00000000,0.00000000,0.00000000,0.00000000,0.00000000,0.00000000,0,1,1,0,1,-0.04762110,-0.04762106,0.00001130,0.00000000,0.00000000,0.00000000,0.00000000,0.00000000,1.00000000,0.00000000,0.00000000,0,-75.99997051,-75.99997051,0.00000000,0.00000000,0.00000000,0.00000000,0.00000000,0.00000000,0,0,0,2,0,-0.04762110,-0.04762106,0.00001130,0.00000000,0.00000000,0.00000000,0.00000000,0.00000000,1.00000000,0.00000000,0.00000000,0,-16.23899180,-16.23899180,0.00000000,0.00000000,0.00000000,0.00000000,0.00000000,0.00000000,0
278416609,1,0,0,0,400,600,400,500,0,1,0,0,0,0,0,0,0,0.00000000,0.00000000,0.00000000,0.00000000,0.00000000,0.00000000,0,1,1,0,1,-0.04762110,-0.04762108,0.00000636,0.00000000,0.00000000,0.00000000,0.00000000,0.00000000,1.00000000,0.00000000,0.00000000,0,-75.99997051,-75.99997051,0.00000000,0.00000000,0.00000000,0.00000000,0.00000000,0.00000000,0,0,0,2,0,-0.04762110,-0.04762108,0.00000636,0.00000000,0.00000000,0.00000000,0.00000000,0.00000000,1.00000000,0.00000000,0.00000000,0,-16.23899180,-16.23899180,0.00000000,0.00000000,0.00000000,0.00000000,0.00000000,0.00000000,0
278416687,1,0,0,0,400,600,400,500,0,1,0,0,0,0,0,0,0,0.00000000,0.00000000,0.00000000,0.00000000,0.00000000,0.00000000,0,1,1,0,1,-0.04762110,-0.04762109,0.00000358,0.00000000,0.00000000,0.00000000,0.00000000,0.00000000,1.00000000,0.00000000,0.00000000,0,-75.99997051,-75.99997051,0.00000000,0.00000000,0.00000000,0.00000000,0.00000000,0.00000000,0,0,0,2,0,-0.04762110,-0.04762109,0.00000358,0.00000000,0.00000000,0.00000000,0.00000000,0.00000000,1.00000000,0.00000000,0.00000000,0,-16.23899180,-16.23899180,0.00000000,0.00000000,0.00000000,0.00000000,0.00000000,0.00000000,0
278416781,1,0,0,0,400,600,400,500,0,1,0,0,0,0,0,0,0,0.00000000,0.00000000,0.00000000,0.00000000,0.00000000,0.00000000,0,1,1,0,1,-0.04762110,-0.04762109,0.00000201,0.00000000,0.00000000,0.00000000,0.00000000,0.00000000,1.00000000,0.00000000,0.00000000,0,-75.99997051,-75.99997051,0.00000000,0.00000000,0.00000000,0.00000000,0.00000000,0.00000000,0,0,0,2,0,-0.04762110,-0.04762109,0.00000201,0.00000000,0.00000000,0.00000000,0.00000000,0.00000000,1.00000000,0.00000000,0.00000000,0,-16.23899180,-16.23899180,0.00000000,0.00000000,0.00000000,0.00000000,0.00000000,0.00000000,0
278416859,1,0,0,0,400,600,400,500,0,1,0,0,0,0,0,0,0,0.00000000,0.00000000,0.00000000,0.00000000,0.00000000,0.00000000,0,1,1,0,1,-0.04757421,-0.04760937,-0.00879159,0.00000000,0.00000000,0.00000000,0.00000000,0.00000000,1.00000000,0.00000000,0.00000000,0,-75.99997051,-75.99997051,0.00000000,0.00000000,0.00000000,0.00000000,0.00000000,0.00000000,0,0,0,2,0,-0.04757421,-0.04760937,-0.00879159,0.00000000,0.00000000,0.00000000,0.00000000,0.00000000,1.00000000,0.00000000,0.00000000,0,-16.23899180,-16.23899180,0.00000000,0.00000000,0.00000000,0.00000000,0.00000000,0.00000000,0
278416937,1,0,0,0,400,600,400,500,0,1,0,0,0,0,0,0,0,0.00000000,0.00000000,0.00000000,0.00000000,0.00000000,0.00000000,0,1,1,0,1,-0.04538144,-0.04698501,-0.40089404,0.40089404,0.40089404,0.40089404,0.00000000,0.00000000,1.00000000,0.00000000,0.00000000,0,-76.46824138,-76.03734787,0.00000000,0.46827087,0.03737737,0.46827087,0.03737737,0.00000000,0,0,0,2,0,-0.04538144,-0.04698501,-0.40089404,0.00000000,0.00000000,0.00000000,0.00000000,0.00000000,1.00000000,0.00000000,0.00000000,0,-16.23899180,-16.23899180,0.00000000,0.00000000,0.00000000,0.00000000,0.00000000,0.00000000,0
278417015,1,0,0,0,400,600,400,500,0,1,0,0,0,0,0,0,0,0.00000000,0.00000000,0.00000000,0.00000000,0.00000000,0.00000000,0,1,1,0,1,-0.04088071,-0.04456855,-0.92195954,0.92195954,0.92195954,0.92195954,0.00000000,0.00000000,1.00000000,0.00000000,0.00000000,0,-78.28058747,-76.92246249,0.00000000,2.28061697,0.92249198,2.28061697,0.92249198,0.00000000,0,0,0,2,0,-0.04088071,-0.04456855,-0.92195954,0.00000000,0.00000000,0.00000000,0.00000000,0.00000000,1.00000000,0.00000000,0.00000000,0,-16.23899180,-16.23899180,0.00000000,0.00000000,0.00000000,0.00000000,0.00000000,0.00000000,0
278417109,1,0,0,0,400,600,400,500,0,1,0,0,0,0,0,0,0,0.00000000,0.00000000,0.00000000,0.00000000,0.00000000,0.00000000,0,1,1,0,1,-0.04087715,-0.04295320,-0.51901250,0.51901250,0.51901250,0.51901250,0.00000000,0.00000000,1.00000000,0.00000000,0.00000000,0,-79.12531754,-78.60630504,0.00000000,3.49212607,2.60633453,3.49212607,2.60633453,0.00000000,0,0,0,2,0,-0.04087715,-0.04295320,-0.51901250,0.00000000,0.00000000,0.00000000,0.00000000,0.00000000,1.00000000,0.00000000,0.00000000,0,-16.23899180,-16.23899180,0.00000000,0.00000000,0.00000000,0.00000000,0.00000000,0.00000000,0
278417187,1,0,0,0,400,600,400,500,0,1,0,0,0,0,0,0,0,0.00000000,0.00000000,0.00000000,0.00000000,0.00000000,0.00000000,0,1,1,0,1,-0.04100904,-0.04208325,-0.26855216,0.26855216,0.26855216,0.26855216,0.00000000,0.00000000,1.00000000,0.00000000,0.00000000,0,-79.77778240,-79.33601667,0.00000000,4.14459093,3.33604616,4.14459093,3.33604616,0.00000000,0,0,0,2,0,-0.04100904,-0.04208325,-0.26855216,0.00000000,0.00000000,0.00000000,0.00000000,0.00000000,1.00000000,0.00000000,0.00000000,0,-16.23899180,-16.23899180,0.00000000,0.00000000,0.00000000,0.00000000,0.00000000,0.00000000,0
278417265,1,0,0,0,400,600,400,500,0,1,0,0,0,0,0,0,0,0.00000000,0.00000000,0.00000000,0.00000000,0.00000000,0.00000000,0,1,1,0,1,-0.04177321,-0.04189242,-0.02980339,0.02980339,0.02980339,0.02980339,0.00000000,0.00000000,1.00000000,0.00000000,0.00000000,0,-79.92090647,-79.82890159,0.00000000,4.28771501,3.82893109,4.28771501,3.82893109,0.00000000,0,0,0,2,0,-0.04177321,-0.04189242,-0.02980339,0.00000000,0.00000000,0.00000000,0.00000000,0.00000000,1.00000000,0.00000000,0.00000000,0,-16.23899180,-16.23899180,0.00000000,0.00000000,0.00000000,0.00000000,0.00000000,0.00000000,0
278417343,1,0,0,0,400,600,400,500,0,1,0,0,0,0,0,0,0,0.00000000,0.00000000,0.00000000,0.00000000,0.00000000,0.00000000,0,1,1,0,1,-0.04194649,-0.04192412,0.00559207,0.00000000,0.00000000,0.00000000,0.00000000,0.00000000,1.00000000,0.00000000,0.00000000,0,-79.92090647,-79.91668412,0.00000000,4.28771501,3.91671361,4.28771501,3.91671361,0.00000000,0,0,0,2,0,-0.04194649,-0.04192412,0.00559207,0.00000000,0.00000000,0.00000000,0.00000000,0.00000000,1.00000000,0.00000000,0.00000000,0,-16.23899180,-16.23899180,0.00000000,0.00000000,0.00000000,0.00000000,0.00000000,0.00000000,0
278417437,1,0,0,0,400,600,400,500,0,1,0,0,0,0,0,0,0,0.00000000,0.00000000,0.00000000,0.00000000,0.00000000,0.00000000,0,1,1,0,1,-0.04234914,-0.04205199,0.07428708,0.00000000,0.00000000,0.00000000,0.00000000,0.00000000,1.00000000,0.00000000,0.00000000,0,-79.92090647,-79.92056144,0.00000000,4.28771501,3.92059093,4.28771501,3.92059093,0.00000000,0,0,0,2,0,-0.04234914,-0.04205199,0.07428708,0.00000000,0.00000000,0.00000000,0.00000000,0.00000000,1.00000000,0.00000000,0.00000000,0,-16.23899180,-16.23899180,0.00000000,0.00000000,0.00000000,0.00000000,0.00000000,0.00000000,0
278417531,1,0,0,0,400,600,400,500,0,1,0,0,0,0,0,0,0,0.00000000,0.00000000,0.00000000,0.00000000,0.00000000,0.00000000,0,1,1,0,1,-0.04315493,-0.04243734,0.17939865,0.00000000,0.00000000,0.00000000,0.00000000,0.00000000,1.00000000,0.00000000,0.00000000,0,-79.92090647,-79.92071653,0.00000000,4.28771501,3.92074603,4.28771501,3.92074603,0.00000000,0,0,0,2,0,-0.04315493,-0.04243734,0.17939865,0.00000000,0.00000000,0.00000000,0.00000000,0.00000000,1.00000000,0.00000000,0.00000000,0,-16.23899180,-16.23899180,0.00000000,0.00000000,0.00000000,0.00000000,0.00000000,0.00000000,0
278417593,1,0,0,0,400,600,400,500,0,1,0,0,0,0,0,0,0,0.00000000,0.00000000,0.00000000,0.00000000,0.00000000,0.00000000,0,1,1,0,1,-0.04297735,-0.04271045,0.06672637,0.00000000,0.00000000,0.00000000,0.00000000,0.00000000,1.00000000,0.00000000,0.00000000,0,-79.92090647,-79.92087162,0.00000000,4.28771501,3.92090112,4.28771501,3.92090112,0.00000000,0,0,0,2,0,-0.04297735,-0.04271045,0.06672637,0.00000000,0.00000000,0.00000000,0.00000000,0.00000000,1.00000000,0.00000000,0.00000000,0,-16.23899180,-16.23899180,0.00000000,0.00000000,0.00000000,0.00000000,0.00000000,0.00000000,0
278417687,1,0,0,0,400,600,400,500,0,1,0,0,0,0,0,0,0,0.00000000,0.00000000,0.00000000,0.00000000,0.00000000,0.00000000,0,1,1,0,1,-0.04283047,-0.04276307,0.01685072,0.00000000,0.00000000,0.00000000,0.00000000,0.00000000,1.00000000,0.00000000,0.00000000,0,-79.92090647,-79.92087162,0.00000000,4.28771501,3.92090112,4.28771501,3.92090112,0.00000000,0,0,0,2,0,-0.04283047,-0.04276307,0.01685072,0.00000000,0.00000000,0.00000000,0.00000000,0.00000000,1.00000000,0.00000000,0.00000000,0,-16.23899180,-16.23899180,0.00000000,0.00000000,0.00000000,0.00000000,0.00000000,0.00000000,0
278417765,1,0,0,0,400,600,400,500,0,1,0,0,0,0,0,0,0,0.00000000,0.00000000,0.00000000,0.00000000,0.00000000,0.00000000,0,1,1,0,1,-0.04284473,-0.04279613,0.01215187,0.00000000,0.00000000,0.00000000,0.00000000,0.00000000,1.00000000,0.00000000,0.00000000,0,-79.92090647,-79.92087162,0.00000000,4.28771501,3.92090112,4.28771501,3.92090112,0.00000000,0,0,0,2,0,-0.04284473,-0.04279613,0.01215187,0.00000000,0.00000000,0.00000000,0.00000000,0.00000000,1.00000000,0.00000000,0.00000000,0,-16.23899180,-16.23899180,0.00000000,0.00000000,0.00000000,0.00000000,0.00000000,0.00000000,0
278417843,1,0,0,0,400,600,400,500,0,1,0,0,0,0,0,0,0,0.00000000,0.00000000,0.00000000,0.00000000,0.00000000,0.00000000,0,1,1,0,1,-0.04287325,-0.04282719,0.01151377,0.00000000,0.00000000,0.00000000,0.00000000,0.00000000,1.00000000,0.00000000,0.00000000,0,-79.92090647,-79.92087162,0.00000000,4.28771501,3.92090112,4.28771501,3.92090112,0.00000000,0,0,0,2,0,-0.04287325,-0.04282719,0.01151377,0.00000000,0.00000000,0.00000000,0.00000000,0.00000000,1.00000000,0.00000000,0.00000000,0,-16.23899180,-16.23899180,0.00000000,0.00000000,0.00000000,0.00000000,0.00000000,0.00000000,0
278417937,1,0,0,0,400,600,400,500,0,1,0,0,0,0,0,0,0,0.00000000,0.00000000,0.00000000,0.00000000,0.00000000,0.00000000,0,1,1,0,1,-0.04290158,-0.04285710,0.01112110,0.00000000,0.00000000,0.00000000,0.00000000,0.00000000,1.00000000,0.00000000,0.00000000,0,-79.92090647,-79.92087162,0.00000000,4.28771501,3.92090112,4.28771501,3.92090112,0.00000000,0,0,0,2,0,-0.04290158,-0.04285710,0.01112110,0.00000000,0.00000000,0.00000000,0.00000000,0.00000000,1.00000000,0.00000000,0.00000000,0,-16.23899180,-16.23899180,0.00000000,0.00000000,0.00000000,0.00000000,0.00000000,0.00000000,0
278418015,1,0,0,0,400,600,400,500,0,1,0,0,0,0,0,0,0,0.00000000,0.00000000,0.00000000,0.00000000,0.00000000,0.00000000,0,1,1,0,1,-0.04293028,-0.04288644,0.01095935,0.00000000,0.00000000,0.00000000,0.00000000,0.00000000,1.00000000,0.00000000,0.00000000,0,-79.92090647,-79.92087162,0.00000000,4.28771501,3.92090112,4.28771501,3.92090112,0.00000000,0,0,0,2,0,-0.04293028,-0.04288644,0.01095935,0.00000000,0.00000000,0.00000000,0.00000000,0.00000000,1.00000000,0.00000000,0.00000000,0,-16.23899180,-16.23899180,0.00000000,0.00000000,0.00000000,0.00000000,0.00000000,0.00000000,0
278418093,1,0,0,0,400,600,400,500,0,1,0,0,0,0,0,0,0,0.00000000,0.00000000,0.00000000,0.00000000,0.00000000,0.00000000,0,1,1,0,1,-0.04294454,-0.04291175,0.00819728,0.00000000,0.00000000,0.00000000,0.00000000,0.00000000,1.00000000,0.00000000,0.00000000,0,-79.92090647,-79.92087162,0.00000000,4.28771501,3.92090112,4.28771501,3.92090112,0.00000000,0,0,0,2,0,-0.04294454,-0.04291175,0.00819728,0.00000000,0.00000000,0.00000000,0.00000000,0.00000000,1.00000000,0.00000000,0.00000000,0,-16.23899180,-16.23899180,0.00000000,0.00000000,0.00000000,0.00000000,0.00000000,0.00000000,0
278418171,1,0,0,0,400,600,400,500,0,1,0,0,0,0,0,0,0,0.00000000,0.00000000,0.00000000,0.00000000,0.00000000,0.00000000,0,1,1,0,1,-0.04297305,-0.04293590,0.00928931,0.00000000,0.00000000,0.00000000,0.00000000,0.00000000,1.00000000,0.00000000,0.00000000,0,-79.92090647,-79.92087162,0.00000000,4.28771501,3.92090112,4.28771501,3.92090112,0.00000000,0,0,0,2,0,-0.04297305,-0.04293590,0.00928931,0.00000000,0.00000000,0.00000000,0.00000000,0.00000000,1.00000000,0.00000000,0.00000000,0,-16.23899180,-16.23899180,0.00000000,0.00000000,0.00000000,0.00000000,0.00000000,0.00000000,0
278418250,1,0,0,0,400,600,400,500,0,1,0,0,0,0,0,0,0,0.00000000,0.00000000,0.00000000,0.00000000,0.00000000,0.00000000,0,1,1,0,1,-0.04300157,-0.04296195,0.00990358,0.00000000,0.00000000,0.00000000,0.00000000,0.00000000,1.00000000,0.00000000,0.00000000,0,-79.92090647,-79.92087162,0.00000000,4.28771501,3.92090112,4.28771501,3.92090112,0.00000000,0,0,0,2,0,-0.04300157,-0.04296195,0.00990358,0.00000000,0.00000000,0.00000000,0.00000000,0.00000000,1.00000000,0.00000000,0.00000000,0,-16.23899180,-16.23899180,0.00000000,0.00000000,0.00000000,0.00000000,0.00000000,0.00000000,0
278418328,1,0,0,0,400,600,400,500,0,1,0,0,0,0,0,0,0,0.00000000,0.00000000,0.00000000,0.00000000,0.00000000,0.00000000,0,1,1,0,1,-0.04303008,-0.04298909,0.01024911,0.00000000,0.00000000,0.00000000,0.00000000,0.00000000,1.00000000,0.00000000,0.00000000,0,-79.92090647,-79.92087162,0.00000000,4.28771501,3.92090112,4.28771501,3.92090112,0.00000000,0,0,0,2,0,-0.04303008,-0.04298909,0.01024911,0.00000000,0.00000000,0.00000000,0.00000000,0.00000000,1.00000000,0.00000000,0.00000000,0,-16.23899180,-16.23899180,0.00000000,0.00000000,0.00000000,0.00000000,0.00000000,0.00000000,0
278418406,1,0,0,0,400,600,400,500,0,1,0,0,0,0,0,0,0,0.00000000,0.00000000,0.00000000,0.00000000,0.00000000,0.00000000,0,1,1,0,1,-0.04305859,-0.04301682,0.01044107,0.00000000,0.00000000,0.00000000,0.00000000,0.00000000,1.00000000,0.00000000,0.00000000,0,-79.92090647,-79.92087162,0.00000000,4.28771501,3.92090112,4.28771501,3.92090112,0.00000000,0,0,0,2,0,-0.04305859,-0.04301682,0.01044107,0.00000000,0.00000000,0.00000000,0.00000000,0.00000000,1.00000000,0.00000000,0.00000000,0,-16.23899180,-16.23899180,0.00000000,0.00000000,0.00000000,0.00000000,0.00000000,0.00000000,0
278418484,1,0,0,0,400,600,400,500,0,1,0,0,0,0,0,0,0,0.00000000,0.00000000,0.00000000,0.00000000,0.00000000,0.00000000,0,1,1,0,1,-0.04307286,-0.04303866,0.00854831,0.00000000,0.00000000,0.00000000,0.00000000,0.00000000,1.00000000,0.00000000,0.00000000,0,-79.92090647,-79.92087162,0.00000000,4.28771501,3.92090112,4.28771501,3.92090112,0.00000000,0,0,0,2,0,-0.04307286,-0.04303866,0.00854831,0.00000000,0.00000000,0.00000000,0.00000000,0.00000000,1.00000000,0.00000000,0.00000000,0,-16.23899180,-16.23899180,0.00000000,0.00000000,0.00000000,0.00000000,0.00000000,0.00000000,0
278418578,1,0,0,0,400,600,400,500,0,1,0,0,0,0,0,0,0,0.00000000,0.00000000,0.00000000,0.00000000,0.00000000,0.00000000,0,1,1,0,1,-0.04310137,-0.04306343,0.00948677,0.00000000,0.00000000,0.00000000,0.00000000,0.00000000,1.00000000,0.00000000,0.00000000,0,-79.92090647,-79.92087162,0.00000000,4.28771501,3.92090112,4.28771501,3.92090112,0.00000000,0,0,0,2,0,-0.04310137,-0.04306343,0.00948677,0.00000000,0.00000000,0.00000000,0.00000000,0.00000000,1.00000000,0.00000000,0.00000000,0,-16.23899180,-16.23899180,0.00000000,0.00000000,0.00000000,0.00000000,0.00000000,0.00000000,0
278418656,1,0,0,0,400,600,400,500,0,1,0,0,0,0,0,0,0,0.00000000,0.00000000,0.00000000,0.00000000,0.00000000,0.00000000,0,1,1,0,1,-0.04312989,-0.04308983,0.01001465,0.00000000,0.00000000,0.00000000,0.00000000,0.00000000,1.00000000,0.00000000,0.00000000,0,-79.92090647,-79.92087162,0.00000000,4.28771501,3.92090112,4.28771501,3.92090112,0.00000000,0,0,0,2,0,-0.04312989,-0.04308983,0.01001465,0.00000000,0.00000000,0.00000000,0.00000000,0.00000000,1.00000000,0.00000000,0.00000000,0,-16.23899180,-16.23899180,0.00000000,0.00000000,0.00000000,0.00000000,0.00000000,0.00000000,0
278418734,1,0,0,0,400,600,400,500,0,1,0,0,0,0,0,0,0,0.00000000,0.00000000,0.00000000,0.00000000,0.00000000,0.00000000,0,1,1,0,1,-0.04315721,-0.04311686,0.01008739,0.00000000,0.00000000,0.00000000,0.00000000,0.00000000,1.00000000,0.00000000,0.00000000,0,-79.92090647,-79.92087162,0.00000000,4.28771501,3.92090112,4.28771501,3.92090112,0.00000000,0,0,0,2,0,-0.04315721,-0.04311686,0.01008739,0.00000000,0.00000000,0.00000000,0.00000000,0.00000000,1.00000000,0.00000000,0.00000000,0,-16.23899180,-16.23899180,0.00000000,0.00000000,0.00000000,0.00000000,0.00000000,0.00000000,0
278418812,1,0,0,0,400,600,400,500,0,1,0,0,0,0,0,0,0,0.00000000,0.00000000,0.00000000,0.00000000,0.00000000,0.00000000,0,1,1,0,1,-0.04317266,-0.04314125,0.00785397,0.00000000,0.00000000,0.00000000,0.00000000,0.00000000,1.00000000,0.00000000,0.00000000,0,-79.92090647,-79.92087162,0.00000000,4.28771501,3.92090112,4.28771501,3.92090112,0.00000000,0,0,0,2,0,-0.04317266,-0.04314125,0.00785397,0.00000000,0.00000000,0.00000000,0.00000000,0.00000000,1.00000000,0.00000000,0.00000000,0,-16.23899180,-16.23899180,0.00000000,0.00000000,0.00000000,0.00000000,0.00000000,0.00000000,0
278418875,1,0,0,0,400,600,400,500,0,1,0,0,0,0,0,0,0,0.00000000,0.00000000,0.00000000,0.00000000,0.00000000,0.00000000,0,1,1,0,1,-0.04320118,-0.04316479,0.00909620,0.00000000,0.00000000,0.00000000,0.00000000,0.00000000,1.00000000,0.00000000,0.00000000,0,-79.92090647,-79.92087162,0.00000000,4.28771501,3.92090112,4.28771501,3.92090112,0.00000000,0,0,0,2,0,-0.04320118,-0.04316479,0.00909620,0.00000000,0.00000000,0.00000000,0.00000000,0.00000000,1.00000000,0.00000000,0.00000000,0,-16.23899180,-16.23899180,0.00000000,0.00000000,0.00000000,0.00000000,0.00000000,0.00000000,0
278418953,1,0,0,0,400,600,400,500,0,1,0,0,0,0,0,0,0,0.00000000,0.00000000,0.00000000,0.00000000,0.00000000,0.00000000,0,1,1,0,1,-0.04321544,-0.04318695,0.00712241,0.00000000,0.00000000,0.00000000,0.00000000,0.00000000,1.00000000,0.00000000,0.00000000,0,-79.92090647,-79.92087162,0.00000000,4.28771501,3.92090112,4.28771501,3.92090112,0.00000000,0,0,0,2,0,-0.04321544,-0.04318695,0.00712241,0.00000000,0.00000000,0.00000000,0.00000000,0.00000000,1.00000000,0.00000000,0.00000000,0,-16.23899180,-16.23899180,0.00000000,0.00000000,0.00000000,0.00000000,0.00000000,0.00000000,0
278419015,1,0,0,0,400,600,400,500,0,1,0,0,0,0,0,0,0,0.00000000,0.00000000,0.00000000,0.00000000,0.00000000,0.00000000,0,1,1,0,1,-0.04324395,-0.04320921,0.00868470,0.00000000,0.00000000,0.00000000,0.00000000,0.00000000,1.00000000,0.00000000,0.00000000,0,-79.92090647,-79.92087162,0.00000000,4.28771501,3.92090112,4.28771501,3.92090112,0.00000000,0,0,0,2,0,-0.04324395,-0.04320921,0.00868470,0.00000000,0.00000000,0.00000000,0.00000000,0.00000000,1.00000000,0.00000000,0.00000000,0,-16.23899180,-16.23899180,0.00000000,0.00000000,0.00000000,0.00000000,0.00000000,0.00000000,0
278419093,1,0,0,0,400,600,400,500,0,1,0,0,0,0,0,0,0,0.00000000,0.00000000,0.00000000,0.00000000,0.00000000,0.00000000,0,1,1,0,1,-0.04325821,-0.04323064,0.00689273,0.00000000,0.00000000,0.00000000,0.00000000,0.00000000,1.00000000,0.00000000,0.00000000,0,-79.92090647,-79.92087162,0.00000000,4.28771501,3.92090112,4.28771501,3.92090112,0.00000000,0,0,0,2,0,-0.04325821,-0.04323064,0.00689273,0.00000000,0.00000000,0.00000000,0.00000000,0.00000000,1.00000000,0.00000000,0.00000000,0,-16.23899180,-16.23899180,0.00000000,0.00000000,0.00000000,0.00000000,0.00000000,0.00000000,0
278419156,1,0,0,0,400,600,400,500,0,1,0,0,0,0,0,0,0,0.00000000,0.00000000,0.00000000,0.00000000,0.00000000,0.00000000,0,1,1,0,1,-0.04328672,-0.04325250,0.00855551,0.00000000,0.00000000,0.00000000,0.00000000,0.00000000,1.00000000,0.00000000,0.00000000,0,-79.92090647,-79.92087162,0.00000000,4.28771501,3.92090112,4.28771501,3.92090112,0.00000000,0,0,0,2,0,-0.04328672,-0.04325250,0.00855551,0.00000000,0.00000000,0.00000000,0.00000000,0.00000000,1.00000000,0.00000000,0.00000000,0,-16.23899180,-16.23899180,0.00000000,0.00000000,0.00000000,0.00000000,0.00000000,0.00000000,0
278419218,1,0,0,0,400,600,400,500,0,1,0,0,0,0,0,0,0,0.00000000,0.00000000,0.00000000,0.00000000,0.00000000,0.00000000,0,1,1,0,1,-0.04330098,-0.04327326,0.00693150,0.00000000,0.00000000,0.00000000,0.00000000,0.00000000,1.00000000,0.00000000,0.00000000,0,-79.92090647,-79.92087162,0.00000000,4.28771501,3.92090112,4.28771501,3.92090112,0.00000000,0,0,0,2,0,-0.04330098,-0.04327326,0.00693150,0.00000000,0.00000000,0.00000000,0.00000000,0.00000000,1.00000000,0.00000000,0.00000000,0,-16.23899180,-16.23899180,0.00000000,0.00000000,0.00000000,0.00000000,0.00000000,0.00000000,0
278419281,1,0,0,0,400,600,400,500,0,1,0,0,0,0,0,0,0,0.00000000,0.00000000,0.00000000,0.00000000,0.00000000,0.00000000,0,1,1,0,1,-0.04332950,-0.04329519,0.00857731,0.00000000,0.00000000,0.00000000,0.00000000,0.00000000,1.00000000,0.00000000,0.00000000,0,-79.92090647,-79.92087162,0.00000000,4.28771501,3.92090112,4.28771501,3.92090112,0.00000000,0,0,0,2,0,-0.04332950,-0.04329519,0.00857731,0.00000000,0.00000000,0.00000000,0.00000000,0.00000000,1.00000000,0.00000000,0.00000000,0,-16.23899180,-16.23899180,0.00000000,0.00000000,0.00000000,0.00000000,0.00000000,0.00000000,0
278419359,1,0,0,0,400,600,400,500,0,1,0,0,0,0,0,0,0,0.00000000,0.00000000,0.00000000,0.00000000,0.00000000,0.00000000,0,1,1,0,1,-0.04334376,-0.04331376,0.00749808,0.00000000,0.00000000,0.00000000,0.00000000,0.00000000,1.00000000,0.00000000,0.00000000,0,-79.92090647,-79.92087162,0.00000000,4.28771501,3.92090112,4.28771501,3.92090112,0.00000000,0,0,0,2,0,-0.04334376,-0.04331376,0.00749808,0.00000000,0.00000000,0.00000000,0.00000000,0.00000000,1.00000000,0.00000000,0.00000000,0,-16.23899180,-16.23899180,0.00000000,0.00000000,0.00000000,0.00000000,0.00000000,0.00000000,0
278419437,1,0,0,0,400,600,400,500,0,1,0,0,0,0,0,0,0,0.00000000,0.00000000,0.00000000,0.00000000,0.00000000,0.00000000,0,1,1,0,1,-0.04337227,-0.04333669,0.00889602,0.00000000,0.00000000,0.00000000,0.00000000,0.00000000,1.00000000,0.00000000,0.00000000,0,-79.92090647,-79.92087162,0.00000000,4.28771501,3.92090112,4.28771501,3.92090112,0.00000000,0,0,0,2,0,-0.04337227,-0.04333669,0.00889602,0.00000000,0.00000000,0.00000000,0.00000000,0.00000000,1.00000000,0.00000000,0.00000000,0,-16.23899180,-16.23899180,0.00000000,0.00000000,0.00000000,0.00000000,0.00000000,0.00000000,0
278419500,1,0,0,0,400,600,400,500,0,1,0,0,0,0,0,0,0,0.00000000,0.00000000,0.00000000,0.00000000,0.00000000,0.00000000,0,1,1,0,1,-0.04340078,-0.04336206,0.00968139,0.00000000,0.00000000,0.00000000,0.00000000,0.00000000,1.00000000,0.00000000,0.00000000,0,-79.92090647,-79.92087162,0.00000000,4.28771501,3.92090112,4.28771501,3.92090112,0.00000000,0,0,0,2,0,-0.04340078,-0.04336206,0.00968139,0.00000000,0.00000000,0.00000000,0.00000000,0.00000000,1.00000000,0.00000000,0.00000000,0,-16.23899180,-16.23899180,0.00000000,0.00000000,0.00000000,0.00000000,0.00000000,0.00000000,0
278419562,1,0,0,0,400,600,400,500,0,1,0,0,0,0,0,0,0,0.00000000,0.00000000,0.00000000,0.00000000,0.00000000,0.00000000,0,1,1,0,1,-0.04341505,-0.04338257,0.00811985,0.00000000,0.00000000,0.00000000,0.00000000,0.00000000,1.00000000,0.00000000,0.00000000,0,-79.92090647,-79.92087162,0.00000000,4.28771501,3.92090112,4.28771501,3.92090112,0.00000000,0,0,0,2,0,-0.04341505,-0.04338257,0.00811985,0.00000000,0.00000000,0.00000000,0.00000000,0.00000000,1.00000000,0.00000000,0.00000000,0,-16.23899180,-16.23899180,0.00000000,0.00000000,0.00000000,0.00000000,0.00000000,0.00000000,0
278419625,1,0,0,0,400,600,400,500,0,1,0,0,0,0,0,0,0,0.00000000,0.00000000,0.00000000,0.00000000,0.00000000,0.00000000,0,1,1,0,1,-0.04342930,-0.04340300,0.00657500,0.00000000,0.00000000,0.00000000,0.00000000,0.00000000,1.00000000,0.00000000,0.00000000,0,-79.92090647,-79.92087162,0.00000000,4.28771501,3.92090112,4.28771501,3.92090112,0.00000000,0,0,0,2,0,-0.04342930,-0.04340300,0.00657500,0.00000000,0.00000000,0.00000000,0.00000000,0.00000000,1.00000000,0.00000000,0.00000000,0,-16.23899180,-16.23899180,0.00000000,0.00000000,0.00000000,0.00000000,0.00000000,0.00000000,0
278419703,1,0,0,0,400,600,400,500,0,1,0,0,0,0,0,0,0,0.00000000,0.00000000,0.00000000,0.00000000,0.00000000,0.00000000,0,1,1,0,1,-0.04345781,-0.04342431,0.00837556,0.00000000,0.00000000,0.00000000,0.00000000,0.00000000,1.00000000,0.00000000,0.00000000,0,-79.92090647,-79.92087162,0.00000000,4.28771501,3.92090112,4.28771501,3.92090112,0.00000000,0,0,0,2,0,-0.04345781,-0.04342431,0.00837556,0.00000000,0.00000000,0.00000000,0.00000000,0.00000000,1.00000000,0.00000000,0.00000000,0,-16.23899180,-16.23899180,0.00000000,0.00000000,0.00000000,0.00000000,0.00000000,0.00000000,0
278419765,1,0,0,0,400,600,400,500,0,1,0,0,0,0,0,0,0,0.00000000,0.00000000,0.00000000,0.00000000,0.00000000,0.00000000,0,1,1,0,1,-0.04347208,-0.04344517,0.00672561,0.00000000,0.00000000,0.00000000,0.00000000,0.00000000,1.00000000,0.00000000,0.00000000,0,-79.92090647,-79.92087162,0.00000000,4.28771501,3.92090112,4.28771501,3.92090112,0.00000000,0,0,0,2,0,-0.04347208,-0.04344517,0.00672561,0.00000000,0.00000000,0.00000000,0.00000000,0.00000000,1.00000000,0.00000000,0.00000000,0,-16.23899180,-16.23899180,0.00000000,0.00000000,0.00000000,0.00000000,0.00000000,0.00000000,0
278419828,1,0,0,0,400,600,400,500,0,1,0,0,0,0,0,0,0,0.00000000,0.00000000,0.00000000,0.00000000,0.00000000,0.00000000,0,1,1,0,1,-0.04350048,-0.04346672,0.00844048,0.00000000,0.00000000,0.00000000,0.00000000,0.00000000,1.00000000,0.00000000,0.00000000,0,-79.92090647,-79.92087162,0.00000000,4.28771501,3.92090112,4.28771501,3.92090112,0.00000000,0,0,0,2,0,-0.04350048,-0.04346672,0.00844048,0.00000000,0.00000000,0.00000000,0.00000000,0.00000000,1.00000000,0.00000000,0.00000000,0,-16.23899180,-16.23899180,0.00000000,0.00000000,0.00000000,0.00000000,0.00000000,0.00000000,0
278419906,1,0,0,0,400,600,400,500,0,1,0,0,0,0,0,0,0,0.00000000,0.00000000,0.00000000,0.00000000,0.00000000,0.00000000,0,1,1,0,1,-0.04351485,-0.04348510,0.00743688,0.00000000,0.00000000,0.00000000,0.00000000,0.00000000,1.00000000,0.00000000,0.00000000,0,-79.92090647,-79.92087162,0.00000000,4.28771501,3.92090112,4.28771501,3.92090112,0.00000000,0,0,0,2,0,-0.04351485,-0.04348510,0.00743688,0.00000000,0.00000000,0.00000000,0.00000000,0.00000000,1.00000000,0.00000000,0.00000000,0,-16.23899180,-16.23899180,0.00000000,0.00000000,0.00000000,0.00000000,0.00000000,0.00000000,0
278419984,1,0,0,0,400,600,400,500,0,1,0,0,0,0,0,0,0,0.00000000,0.00000000,0.00000000,0.00000000,0.00000000,0.00000000,0,1,1,0,1,-0.04352911,-0.04350435,0.00618829,0.00000000,0.00000000,0.00000000,0.00000000,0.00000000,1.00000000,0.00000000,0.00000000,0,-79.92090647,-79.92087162,0.00000000,4.28771501,3.92090112,4.28771501,3.92090112,0.00000000,0,0,0,2,0,-0.04352911,-0.04350435,0.00618829,0.00000000,0.00000000,0.00000000,0.00000000,0.00000000,1.00000000,0.00000000,0.00000000,0,-16.23899180,-16.23899180,0.00000000,0.00000000,0.00000000,0.00000000,0.00000000,0.00000000,0
278420046,1,0,0,0,400,600,400,500,0,1,0,0,0,0,0,0,0,0.00000000,0.00000000,0.00000000,0.00000000,0.00000000,0.00000000,0,1,1,0,1,-0.04355762,-0.04352499,0.00815922,0.00000000,0.00000000,0.00000000,0.00000000,0.00000000,1.00000000,0.00000000,0.00000000,0,-79.92090647,-79.92087162,0.00000000,4.28771501,3.92090112,4.28771501,3.92090112,0.00000000,0,0,0,2,0,-0.04355762,-0.04352499,0.00815922,0.00000000,0.00000000,0.00000000,0.00000000,0.00000000,1.00000000,0.00000000,0.00000000,0,-16.23899180,-16.23899180,0.00000000,0.00000000,0.00000000,0.00000000,0.00000000,0.00000000,0
278420125,1,0,0,0,400,600,400,500,0,1,0,0,0,0,0,0,0,0.00000000,0.00000000,0.00000000,0.00000000,0.00000000,0.00000000,0,1,1,0,1,-0.04357188,-0.04354283,0.00726293,0.00000000,0.00000000,0.00000000,0.00000000,0.00000000,1.00000000,0.00000000,0.00000000,0,-79.92090647,-79.92087162,0.00000000,4.28771501,3.92090112,4.28771501,3.92090112,0.00000000,0,0,0,2,0,-0.04357188,-0.04354283,0.00726293,0.00000000,0.00000000,0.00000000,0.00000000,0.00000000,1.00000000,0.00000000,0.00000000,0,-16.23899180,-16.23899180,0.00000000,0.00000000,0.00000000,0.00000000,0.00000000,0.00000000,0
278420187,1,0,0,0,400,600,400,500,0,1,0,0,0,0,0,0,0,0.00000000,0.00000000,0.00000000,0.00000000,0.00000000,0.00000000,0,1,1,0,1,-0.04360040,-0.04356534,0.00876351,0.00000000,0.00000000,0.00000000,0.00000000,0.00000000,1.00000000,0.00000000,0.00000000,0,-79.92090647,-79.92087162,0.00000000,4.28771501,3.92090112,4.28771501,3.92090112,0.00000000,0,0,0,2,0,-0.04360040,-0.04356534,0.00876351,0.00000000,0.00000000,0.00000000,0.00000000,0.00000000,1.00000000,0.00000000,0.00000000,0,-16.23899180,-16.23899180,0.00000000,0.00000000,0.00000000,0.00000000,0.00000000,0.00000000,0
278420250,1,0,0,0,400,600,400,500,0,1,0,0,0,0,0,0,0,0.00000000,0.00000000,0.00000000,0.00000000,0.00000000,0.00000000,0,1,1,0,1,-0.04361465,-0.04358424,0.00760299,0.00000000,0.00000000,0.00000000,0.00000000,0.00000000,1.00000000,0.00000000,0.00000000,0,-79.92090647,-79.92087162,0.00000000,4.28771501,3.92090112,4.28771501,3.92090112,0.00000000,0,0,0,2,0,-0.04361465,-0.04358424,0.00760299,0.00000000,0.00000000,0.00000000,0.00000000,0.00000000,1.00000000,0.00000000,0.00000000,0,-16.23899180,-16.23899180,0.00000000,0.00000000,0.00000000,0.00000000,0.00000000,0.00000000,0
278420328,1,0,0,0,400,600,400,500,0,1,0,0,0,0,0,0,0,0.00000000,0.00000000,0.00000000,0.00000000,0.00000000,0.00000000,0,1,1,0,1,-0.04362891,-0.04360379,0.00628169,0.00000000,0.00000000,0.00000000,0.00000000,0.00000000,1.00000000,0.00000000,0.00000000,0,-79.92090647,-79.92087162,0.00000000,4.28771501,3.92090112,4.28771501,3.92090112,0.00000000,0,0,0,2,0,-0.04362891,-0.04360379,0.00628169,0.00000000,0.00000000,0.00000000,0.00000000,0.00000000,1.00000000,0.00000000,0.00000000,0,-16.23899180,-16.23899180,0.00000000,0.00000000,0.00000000,0.00000000,0.00000000,0.00000000,0
278420390,1,0,0,0,400,600,400,500,0,1,0,0,0,0,0,0,0,0.00000000,0.00000000,0.00000000,0.00000000,0.00000000,0.00000000,0,1,1,0,1,-0.04365732,-0.04362455,0.00819078,0.00000000,0.00000000,0.00000000,0.00000000,0.00000000,1.00000000,0.00000000,0.00000000,0,-79.92090647,-79.92087162,0.00000000,4.28771501,3.92090112,4.28771501,3.92090112,0.00000000,0,0,0,2,0,-0.04365732,-0.04362455,0.00819078,0.00000000,0.00000000,0.00000000,0.00000000,0.00000000,1.00000000,0.00000000,0.00000000,0,-16.23899180,-16.23899180,0.00000000,0.00000000,0.00000000,0.00000000,0.00000000,0.00000000,0
278420453,1,0,0,0,400,600,400,500,0,1,0,0,0,0,0,0,0,0.00000000,0.00000000,0.00000000,0.00000000,0.00000000,0.00000000,0,1,1,0,1,-0.04367169,-0.04364250,0.00729642,0.00000000,0.00000000,0.00000000,0.00000000,0.00000000,1.00000000,0.00000000,0.00000000,0,-79.92090647,-79.92087162,0.00000000,4.28771501,3.92090112,4.28771501,3.92090112,0.00000000,0,0,0,2,0,-0.04367169,-0.04364250,0.00729642,0.00000000,0.00000000,0.00000000,0.00000000,0.00000000,1.00000000,0.00000000,0.00000000,0,-16.23899180,-16.23899180,0.00000000,0.00000000,0.00000000,0.00000000,0.00000000,0.00000000,0
278420515,1,0,0,0,400,600,400,500,0,1,0,0,0,0,0,0,0,0.00000000,0.00000000,0.00000000,0.00000000,0.00000000,0.00000000,0,1,1,0,1,-0.04368594,-0.04366151,0.00610930,0.00000000,0.00000000,0.00000000,0.00000000,0.00000000,1.00000000,0.00000000,0.00000000,0,-79.92090647,-79.92087162,0.00000000,4.28771501,3.92090112,4.28771501,3.92090112,0.00000000,0,0,0,2,0,-0.04368594,-0.04366151,0.00610930,0.00000000,0.00000000,0.00000000,0.00000000,0.00000000,1.00000000,0.00000000,0.00000000,0,-16.23899180,-16.23899180,0.00000000,0.00000000,0.00000000,0.00000000,0.00000000,0.00000000,0
278420578,1,0,0,0,400,600,400,500,0,1,0,0,0,0,0,0,0,0.00000000,0.00000000,0.00000000,0.00000000,0.00000000,0.00000000,0,1,1,0,1,-0.04371446,-0.04368200,0.00811453,0.00000000,0.00000000,0.00000000,0.00000000,0.00000000,1.00000000,0.00000000,0.00000000,0,-79.92090647,-79.92087162,0.00000000,4.28771501,3.92090112,4.28771501,3.92090112,0.00000000,0,0,0,2,0,-0.04371446,-0.04368200,0.00811453,0.00000000,0.00000000,0.00000000,0.00000000,0.00000000,1.00000000,0.00000000,0.00000000,0,-16.23899180,-16.23899180,0.00000000,0.00000000,0.00000000,0.00000000,0.00000000,0.00000000,0
278420656,1,0,0,0,400,600,400,500,0,1,0,0,0,0,0,0,0,0.00000000,0.00000000,0.00000000,0.00000000,0.00000000,0.00000000,0,1,1,0,1,-0.04372872,-0.04369977,0.00723799,0.00000000,0.00000000,0.00000000,0.00000000,0.00000000,1.00000000,0.00000000,0.00000000,0,-79.92090647,-79.92087162,0.00000000,4.28771501,3.92090112,4.28771501,3.92090112,0.00000000,0,0,0,2,0,-0.04372872,-0.04369977,0.00723799,0.00000000,0.00000000,0.00000000,0.00000000,0.00000000,1.00000000,0.00000000,0.00000000,0,-16.23899180,-16.23899180,0.00000000,0.00000000,0.00000000,0.00000000,0.00000000,0.00000000,0
278420718,1,0,0,0,400,600,400,500,0,1,0,0,0,0,0,0,0,0.00000000,0.00000000,0.00000000,0.00000000,0.00000000,0.00000000,0,1,1,0,1,-0.04374297,-0.04371867,0.00607676,0.00000000,0.00000000,0.00000000,0.00000000,0.00000000,1.00000000,0.00000000,0.00000000,0,-79.92090647,-79.92087162,0.00000000,4.28771501,3.92090112,4.28771501,3.92090112,0.00000000,0,0,0,2,0,-0.04374297,-0.04371867,0.00607676,0.00000000,0.00000000,0.00000000,0.00000000,0.00000000,1.00000000,0.00000000,0.00000000,0,-16.23899180,-16.23899180,0.00000000,0.00000000,0.00000000,0.00000000,0.00000000,0.00000000,0
278420781,1,0,0,0,400,600,400,500,0,1,0,0,0,0,0,0,0,0.00000000,0.00000000,0.00000000,0.00000000,0.00000000,0.00000000,0,1,1,0,1,-0.04377112,-0.04373901,0.00802788,0.00000000,0.00000000,0.00000000,0.00000000,0.00000000,1.00000000,0.00000000,0.00000000,0,-79.92090647,-79.92087162,0.00000000,4.28771501,3.92090112,4.28771501,3.92090112,0.00000000,0,0,0,2,0,-0.04377112,-0.04373901,0.00802788,0.00000000,0.00000000,0.00000000,0.00000000,0.00000000,1.00000000,0.00000000,0.00000000,0,-16.23899180,-16.23899180,0.00000000,0.00000000,0.00000000,0.00000000,0.00000000,0.00000000,0
278420859,1,0,0,0,400,600,400,500,0,1,0,0,0,0,0,0,0,0.00000000,0.00000000,0.00000000,0.00000000,0.00000000,0.00000000,0,1,1,0,1,-0.04378575,-0.04375679,0.00724051,0.00000000,0.00000000,0.00000000,0.00000000,0.00000000,1.00000000,0.00000000,0.00000000,0,-79.92090647,-79.92087162,0.00000000,4.28771501,3.92090112,4.28771501,3.92090112,0.00000000,0,0,0,2,0,-0.04378575,-0.04375679,0.00724051,0.00000000,0.00000000,0.00000000,0.00000000,0.00000000,1.00000000,0.00000000,0.00000000,0,-16.23899180,-16.23899180,0.00000000,0.00000000,0.00000000,0.00000000,0.00000000,0.00000000,0
278420921,1,0,0,0,400,600,400,500,0,1,0,0,0,0,0,0,0,0.00000000,0.00000000,0.00000000,0.00000000,0.00000000,0.00000000,0,1,1,0,1,-0.04380001,-0.04377569,0.00607791,0.00000000,0.00000000,0.00000000,0.00000000,0.00000000,1.00000000,0.00000000,0.00000000,0,-79.92090647,-79.92087162,0.00000000,4.28771501,3.92090112,4.28771501,3.92090112,0.00000000,0,0,0,2,0,-0.04380001,-0.04377569,0.00607791,0.00000000,0.00000000,0.00000000,0.00000000,0.00000000,1.00000000,0.00000000,0.00000000,0,-16.23899180,-16.23899180,0.00000000,0.00000000,0.00000000,0.00000000,0.00000000,0.00000000,0
278420984,1,0,0,0,400,600,400,500,0,1,0,0,0,0,0,0,0,0.00000000,0.00000000,0.00000000,0.00000000,0.00000000,0.00000000,0,1,1,0,1,-0.04381426,-0.04379257,0.00542383,0.00000000,0.00000000,0.00000000,0.00000000,0.00000000,1.00000000,0.00000000,0.00000000,0,-79.92090647,-79.92087162,0.00000000,4.28771501,3.92090112,4.28771501,3.92090112,0.00000000,0,0,0,2,0,-0.04381426,-0.04379257,0.00542383,0.00000000,0.00000000,0.00000000,0.00000000,0.00000000,1.00000000,0.00000000,0.00000000,0,-16.23899180,-16.23899180,0.00000000,0.00000000,0.00000000,0.00000000,0.00000000,0.00000000,0
278421046,1,0,0,0,400,600,400,500,0,1,0,0,0,0,0,0,0,0.00000000,0.00000000,0.00000000,0.00000000,0.00000000,0.00000000,0,1,1,0,1,-0.04384278,-0.04381186,0.00772925,0.00000000,0.00000000,0.00000000,0.00000000,0.00000000,1.00000000,0.00000000,0.00000000,0,-79.92090647,-79.92087162,0.00000000,4.28771501,3.92090112,4.28771501,3.92090112,0.00000000,0,0,0,2,0,-0.04384278,-0.04381186,0.00772925,0.00000000,0.00000000,0.00000000,0.00000000,0.00000000,1.00000000,0.00000000,0.00000000,0,-16.23899180,-16.23899180,0.00000000,0.00000000,0.00000000,0.00000000,0.00000000,0.00000000,0
278421125,1,0,0,0,400,600,400,500,0,1,0,0,0,0,0,0,0,0.00000000,0.00000000,0.00000000,0.00000000,0.00000000,0.00000000,0,1,1,0,1,-0.04385704,-0.04382895,0.00702104,0.00000000,0.00000000,0.00000000,0.00000000,0.00000000,1.00000000,0.00000000,0.00000000,0,-79.92090647,-79.92087162,0.00000000,4.28771501,3.92090112,4.28771501,3.92090112,0.00000000,0,0,0,2,0,-0.04385704,-0.04382895,0.00702104,0.00000000,0.00000000,0.00000000,0.00000000,0.00000000,1.00000000,0.00000000,0.00000000,0,-16.23899180,-16.23899180,0.00000000,0.00000000,0.00000000,0.00000000,0.00000000,0.00000000,0
278421203,1,0,0,0,400,600,400,500,0,1,0,0,0,0,0,0,0,0.00000000,0.00000000,0.00000000,0.00000000,0.00000000,0.00000000,0,1,1,0,1,-0.04387130,-0.04384748,0.00595434,0.00000000,0.00000000,0.00000000,0.00000000,0.00000000,1.00000000,0.00000000,0.00000000,0,-79.92090647,-79.92087162,0.00000000,4.28771501,3.92090112,4.28771501,3.92090112,0.00000000,0,0,0,2,0,-0.04387130,-0.04384748,0.00595434,0.00000000,0.00000000,0.00000000,0.00000000,0.00000000,1.00000000,0.00000000,0.00000000,0,-16.23899180,-16.23899180,0.00000000,0.00000000,0.00000000,0.00000000,0.00000000,0.00000000,0
278421296,1,0,0,0,400,600,400,500,0,1,0,0,0,0,0,0,0,0.00000000,0.00000000,0.00000000,0.00000000,0.00000000,0.00000000,0,1,1,0,1,-0.04389981,-0.04387573,0.00602124,0.00000000,0.00000000,0.00000000,0.00000000,0.00000000,1.00000000,0.00000000,0.00000000,0,-79.92090647,-79.92087162,0.00000000,4.28771501,3.92090112,4.28771501,3.92090112,0.00000000,0,0,0,2,0,-0.04389981,-0.04387573,0.00602124,0.00000000,0.00000000,0.00000000,0.00000000,0.00000000,1.00000000,0.00000000,0.00000000,0,-16.23899180,-16.23899180,0.00000000,0.00000000,0.00000000,0.00000000,0.00000000,0.00000000,0
278421359,1,0,0,0,400,600,400,500,0,1,0,0,0,0,0,0,0,0.00000000,0.00000000,0.00000000,0.00000000,0.00000000,0.00000000,0,1,1,0,1,-0.04392641,-0.04389559,0.00770534,0.00000000,0.00000000,0.00000000,0.00000000,0.00000000,1.00000000,0.00000000,0.00000000,0,-79.92090647,-79.92087162,0.00000000,4.28771501,3.92090112,4.28771501,3.92090112,0.00000000,0,0,0,2,0,-0.04392641,-0.04389559,0.00770534,0.00000000,0.00000000,0.00000000,0.00000000,0.00000000,1.00000000,0.00000000,0.00000000,0,-16.23899180,-16.23899180,0.00000000,0.00000000,0.00000000,0.00000000,0.00000000,0.00000000,0
278421421,1,0,0,0,400,600,400,500,0,1,0,0,0,0,0,0,0,0.00000000,0.00000000,0.00000000,0.00000000,0.00000000,0.00000000,0,1,1,0,1,-0.04394254,-0.04391346,0.00726940,0.00000000,0.00000000,0.00000000,0.00000000,0.00000000,1.00000000,0.00000000,0.00000000,0,-79.92090647,-79.92087162,0.00000000,4.28771501,3.92090112,4.28771501,3.92090112,0.00000000,0,0,0,2,0,-0.04394254,-0.04391346,0.00726940,0.00000000,0.00000000,0.00000000,0.00000000,0.00000000,1.00000000,0.00000000,0.00000000,0,-16.23899180,-16.23899180,0.00000000,0.00000000,0.00000000,0.00000000,0.00000000,0.00000000,0
278421500,1,0,0,0,400,600,400,500,0,1,0,0,0,0,0,0,0,0.00000000,0.00000000,0.00000000,0.00000000,0.00000000,0.00000000,0,1,1,0,1,-0.04395684,-0.04392977,0.00676850,0.00000000,0.00000000,0.00000000,0.00000000,0.00000000,1.00000000,0.00000000,0.00000000,0,-79.92090647,-79.92087162,0.00000000,4.28771501,3.92090112,4.28771501,3.92090112,0.00000000,0,0,0,2,0,-0.04395684,-0.04392977,0.00676850,0.00000000,0.00000000,0.00000000,0.00000000,0.00000000,1.00000000,0.00000000,0.00000000,0,-16.23899180,-16.23899180,0.00000000,0.00000000,0.00000000,0.00000000,0.00000000,0.00000000,0
278421562,1,0,0,0,400,600,400,500,0,1,0,0,0,0,0,0,0,0.00000000,0.00000000,0.00000000,0.00000000,0.00000000,0.00000000,0,1,1,0,1,-0.04397110,-0.04394785,0.00581291,0.00000000,0.00000000,0.00000000,0.00000000,0.00000000,1.00000000,0.00000000,0.00000000,0,-79.92090647,-79.92087162,0.00000000,4.28771501,3.92090112,4.28771501,3.92090112,0.00000000,0,0,0,2,0,-0.04397110,-0.04394785,0.00581291,0.00000000,0.00000000,0.00000000,0.00000000,0.00000000,1.00000000,0.00000000,0.00000000,0,-16.23899180,-16.23899180,0.00000000,0.00000000,0.00000000,0.00000000,0.00000000,0.00000000,0
278421640,1,0,0,0,400,600,400,500,0,1,0,0,0,0,0,0,0,0.00000000,0.00000000,0.00000000,0.00000000,0.00000000,0.00000000,0,1,1,0,1,-0.04398686,-0.04396463,0.00555652,0.00000000,0.00000000,0.00000000,0.00000000,0.00000000,1.00000000,0.00000000,0.00000000,0,-79.92090647,-79.92087162,0.00000000,4.28771501,3.92090112,4.28771501,3.92090112,0.00000000,0,0,0,2,0,-0.04398686,-0.04396463,0.00555652,0.00000000,0.00000000,0.00000000,0.00000000,0.00000000,1.00000000,0.00000000,0.00000000,0,-16.23899180,-16.23899180,0.00000000,0.00000000,0.00000000,0.00000000,0.00000000,0.00000000,0
278421718,1,0,0,0,400,600,400,500,0,1,0,0,0,0,0,0,0,0.00000000,0.00000000,0.00000000,0.00000000,0.00000000,0.00000000,0,1,1,0,1,-0.04401387,-0.04398350,0.00759257,0.00000000,0.00000000,0.00000000,0.00000000,0.00000000,1.00000000,0.00000000,0.00000000,0,-79.92090647,-79.92087162,0.00000000,4.28771501,3.92090112,4.28771501,3.92090112,0.00000000,0,0,0,2,0,-0.04401387,-0.04398350,0.00759257,0.00000000,0.00000000,0.00000000,0.00000000,0.00000000,1.00000000,0.00000000,0.00000000,0,-16.23899180,-16.23899180,0.00000000,0.00000000,0.00000000,0.00000000,0.00000000,0.00000000,0
278421796,1,0,0,0,400,600,400,500,0,1,0,0,0,0,0,0,0,0.00000000,0.00000000,0.00000000,0.00000000,0.00000000,0.00000000,0,1,1,0,1,-0.04402813,-0.04400274,0.00634685,0.00000000,0.00000000,0.00000000,0.00000000,0.00000000,1.00000000,0.00000000,0.00000000,0,-79.92090647,-79.92087162,0.00000000,4.28771501,3.92090112,4.28771501,3.92090112,0.00000000,0,0,0,2,0,-0.04402813,-0.04400274,0.00634685,0.00000000,0.00000000,0.00000000,0.00000000,0.00000000,1.00000000,0.00000000,0.00000000,0,-16.23899180,-16.23899180,0.00000000,0.00000000,0.00000000,0.00000000,0.00000000,0.00000000,0
278421890,1,0,0,0,400,600,400,500,0,1,0,0,0,0,0,0,0,0.00000000,0.00000000,0.00000000,0.00000000,0.00000000,0.00000000,0,1,1,0,1,-0.04405665,-0.04402365,0.00824845,0.00000000,0.00000000,0.00000000,0.00000000,0.00000000,1.00000000,0.00000000,0.00000000,0,-79.92090647,-79.92087162,0.00000000,4.28771501,3.92090112,4.28771501,3.92090112,0.00000000,0,0,0,2,0,-0.04405665,-0.04402365,0.00824845,0.00000000,0.00000000,0.00000000,0.00000000,0.00000000,1.00000000,0.00000000,0.00000000,0,-16.23899180,-16.23899180,0.00000000,0.00000000,0.00000000,0.00000000,0.00000000,0.00000000,0
278421968,1,0,0,0,400,600,400,500,0,1,0,0,0,0,0,0,0,0.00000000,0.00000000,0.00000000,0.00000000,0.00000000,0.00000000,0,1,1,0,1,-0.04407090,-0.04404429,0.00665319,0.00000000,0.00000000,0.00000000,0.00000000,0.00000000,1.00000000,0.00000000,0.00000000,0,-79.92090647,-79.92087162,0.00000000,4.28771501,3.92090112,4.28771501,3.92090112,0.00000000,0,0,0,2,0,-0.04407090,-0.04404429,0.00665319,0.00000000,0.00000000,0.00000000,0.00000000,0.00000000,1.00000000,0.00000000,0.00000000,0,-16.23899180,-16.23899180,0.00000000,0.00000000,0.00000000,0.00000000,0.00000000,0.00000000,0
278422046,1,0,0,0,400,600,400,500,0,1,0,0,0,0,0,0,0,0.00000000,0.00000000,0.00000000,0.00000000,0.00000000,0.00000000,0,1,1,0,1,-0.04409942,-0.04406574,0.00842065,0.00000000,0.00000000,0.00000000,0.00000000,0.00000000,1.00000000,0.00000000,0.00000000,0,-79.92090647,-79.92087162,0.00000000,4.28771501,3.92090112,4.28771501,3.92090112,0.00000000,0,0,0,2,0,-0.04409942,-0.04406574,0.00842065,0.00000000,0.00000000,0.00000000,0.00000000,0.00000000,1.00000000,0.00000000,0.00000000,0,-16.23899180,-16.23899180,0.00000000,0.00000000,0.00000000,0.00000000,0.00000000,0.00000000,0
278422140,1,0,0,0,400,600,400,500,0,1,0,0,0,0,0,0,0,0.00000000,0.00000000,0.00000000,0.00000000,0.00000000,0.00000000,0,1,1,0,1,-0.04411368,-0.04408404,0.00741004,0.00000000,0.00000000,0.00000000,0.00000000,0.00000000,1.00000000,0.00000000,0.00000000,0,-79.92090647,-79.92087162,0.00000000,4.28771501,3.92090112,4.28771501,3.92090112,0.00000000,0,0,0,2,0,-0.04411368,-0.04408404,0.00741004,0.00000000,0.00000000,0.00000000,0.00000000,0.00000000,1.00000000,0.00000000,0.00000000,0,-16.23899180,-16.23899180,0.00000000,0.00000000,0.00000000,0.00000000,0.00000000,0.00000000,0
278422234,1,0,0,0,400,600,400,500,0,1,0,0,0,0,0,0,0,0.00000000,0.00000000,0.00000000,0.00000000,0.00000000,0.00000000,0,1,1,0,1,-0.04414219,-0.04410681,0.00884649,0.00000000,0.00000000,0.00000000,0.00000000,0.00000000,1.00000000,0.00000000,0.00000000,0,-79.92090647,-79.92087162,0.00000000,4.28771501,3.92090112,4.28771501,3.92090112,0.00000000,0,0,0,2,0,-0.04414219,-0.04410681,0.00884649,0.00000000,0.00000000,0.00000000,0.00000000,0.00000000,1.00000000,0.00000000,0.00000000,0,-16.23899180,-16.23899180,0.00000000,0.00000000,0.00000000,0.00000000,0.00000000,0.00000000,0
278422328,1,0,0,0,400,600,400,500,0,1,0,0,0,0,0,0,0,0.00000000,0.00000000,0.00000000,0.00000000,0.00000000,0.00000000,0,1,1,0,1,-0.04416444,-0.04413051,0.00848145,0.00000000,0.00000000,0.00000000,0.00000000,0.00000000,1.00000000,0.00000000,0.00000000,0,-79.92090647,-79.92087162,0.00000000,4.28771501,3.92090112,4.28771501,3.92090112,0.00000000,0,0,0,2,0,-0.04416444,-0.04413051,0.00848145,0.00000000,0.00000000,0.00000000,0.00000000,0.00000000,1.00000000,0.00000000,0.00000000,0,-16.23899180,-16.23899180,0.00000000,0.00000000,0.00000000,0.00000000,0.00000000,0.00000000,0
278422421,1,0,0,0,400,600,400,500,0,1,0,0,0,0,0,0,0,0.00000000,0.00000000,0.00000000,0.00000000,0.00000000,0.00000000,0,1,1,0,1,-0.04418497,-0.04415166,0.00832588,0.00000000,0.00000000,0.00000000,0.00000000,0.00000000,1.00000000,0.00000000,0.00000000,0,-79.92090647,-79.92087162,0.00000000,4.28771501,3.92090112,4.28771501,3.92090112,0.00000000,0,0,0,2,0,-0.04418497,-0.04415166,0.00832588,0.00000000,0.00000000,0.00000000,0.00000000,0.00000000,1.00000000,0.00000000,0.00000000,0,-16.23899180,-16.23899180,0.00000000,0.00000000,0.00000000,0.00000000,0.00000000,0.00000000,0
278422500,1,0,0,0,400,600,400,500,0,1,0,0,0,0,0,0,0,0.00000000,0.00000000,0.00000000,0.00000000,0.00000000,0.00000000,0,1,1,0,1,-0.04421105,-0.04417543,0.00890557,0.00000000,0.00000000,0.00000000,0.00000000,0.00000000,1.00000000,0.00000000,0.00000000,0,-79.92090647,-79.92087162,0.00000000,4.28771501,3.92090112,4.28771501,3.92090112,0.00000000,0,0,0,2,0,-0.04421105,-0.04417543,0.00890557,0.00000000,0.00000000,0.00000000,0.00000000,0.00000000,1.00000000,0.00000000,0.00000000,0,-16.23899180,-16.23899180,0.00000000,0.00000000,0.00000000,0.00000000,0.00000000,0.00000000,0
278422578,1,0,0,0,400,600,400,500,0,1,0,0,0,0,0,0,0,0.00000000,0.00000000,0.00000000,0.00000000,0.00000000,0.00000000,0,1,1,0,1,-0.04422774,-0.04419564,0.00802479,0.00000000,0.00000000,0.00000000,0.00000000,0.00000000,1.00000000,0.00000000,0.00000000,0,-79.92090647,-79.92087162,0.00000000,4.28771501,3.92090112,4.28771501,3.92090112,0.00000000,0,0,0,2,0,-0.04422774,-0.04419564,0.00802479,0.00000000,0.00000000,0.00000000,0.00000000,0.00000000,1.00000000,0.00000000,0.00000000,0,-16.23899180,-16.23899180,0.00000000,0.00000000,0.00000000,0.00000000,0.00000000,0.00000000,0
278422671,1,0,0,0,400,600,400,500,0,1,0,0,0,0,0,0,0,0.00000000,0.00000000,0.00000000,0.00000000,0.00000000,0.00000000,0,1,1,0,1,-0.04424200,-0.04421592,0.00651895,0.00000000,0.00000000,0.00000000,0.00000000,0.00000000,1.00000000,0.00000000,0.00000000,0,-79.92090647,-79.92087162,0.00000000,4.28771501,3.92090112,4.28771501,3.92090112,0.00000000,0,0,0,2,0,-0.04424200,-0.04421592,0.00651895,0.00000000,0.00000000,0.00000000,0.00000000,0.00000000,1.00000000,0.00000000,0.00000000,0,-16.23899180,-16.23899180,0.00000000,0.00000000,0.00000000,0.00000000,0.00000000,0.00000000,0
278422750,1,0,0,0,400,600,400,500,0,1,0,0,0,0,0,0,0,0.00000000,0.00000000,0.00000000,0.00000000,0.00000000,0.00000000,0,1,1,0,1,-0.04427051,-0.04423713,0.00834525,0.00000000,0.00000000,0.00000000,0.00000000,0.00000000,1.00000000,0.00000000,0.00000000,0,-79.92090647,-79.92087162,0.00000000,4.28771501,3.92090112,4.28771501,3.92090112,0.00000000,0,0,0,2,0,-0.04427051,-0.04423713,0.00834525,0.00000000,0.00000000,0.00000000,0.00000000,0.00000000,1.00000000,0.00000000,0.00000000,0,-16.23899180,-16.23899180,0.00000000,0.00000000,0.00000000,0.00000000,0.00000000,0.00000000,0
278422828,1,0,0,0,400,600,400,500,0,1,0,0,0,0,0,0,0,0.00000000,0.00000000,0.00000000,0.00000000,0.00000000,0.00000000,0,1,1,0,1,-0.04428477,-0.04425793,0.00670990,0.00000000,0.00000000,0.00000000,0.00000000,0.00000000,1.00000000,0.00000000,0.00000000,0,-79.92090647,-79.92087162,0.00000000,4.28771501,3.92090112,4.28771501,3.92090112,0.00000000,0,0,0,2,0,-0.04428477,-0.04425793,0.00670990,0.00000000,0.00000000,0.00000000,0.00000000,0.00000000,1.00000000,0.00000000,0.00000000,0,-16.23899180,-16.23899180,0.00000000,0.00000000,0.00000000,0.00000000,0.00000000,0.00000000,0
278422921,1,0,0,0,400,600,400,500,0,1,0,0,0,0,0,0,0,0.00000000,0.00000000,0.00000000,0.00000000,0.00000000,0.00000000,0,1,1,0,1,-0.04429903,-0.04426821,0.00770576,0.00000000,0.00000000,0.00000000,0.00000000,0.00000000,1.00000000,0.00000000,0.00000000,0,-79.92090647,-79.92087162,0.00000000,4.28771501,3.92090112,4.28771501,3.92090112,0.00000000,0,0,0,2,0,-0.04429903,-0.04426821,0.00770576,0.00000000,0.00000000,0.00000000,0.00000000,0.00000000,1.00000000,0.00000000,0.00000000,0,-16.23899180,-16.23899180,0.00000000,0.00000000,0.00000000,0.00000000,0.00000000,0.00000000,0
278423015,1,0,0,0,400,600,400,500,0,1,0,0,0,0,0,0,0,0.00000000,0.00000000,0.00000000,0.00000000,0.00000000,0.00000000,0,1,1,0,1,-0.04432755,-0.04429149,0.00901284,0.00000000,0.00000000,0.00000000,0.00000000,0.00000000,1.00000000,0.00000000,0.00000000,0,-79.92090647,-79.92087162,0.00000000,4.28771501,3.92090112,4.28771501,3.92090112,0.00000000,0,0,0,2,0,-0.04432755,-0.04429149,0.00901284,0.00000000,0.00000000,0.00000000,0.00000000,0.00000000,1.00000000,0.00000000,0.00000000,0,-16.23899180,-16.23899180,0.00000000,0.00000000,0.00000000,0.00000000,0.00000000,0.00000000,0
278423093,1,0,0,0,400,600,400,500,0,1,0,0,0,0,0,0,0,0.00000000,0.00000000,0.00000000,0.00000000,0.00000000,0.00000000,0,0,0,2,1,-0.04435603,-0.04431706,0.00974299,0.00000000,0.00000000,0.00000000,0.00000000,0.00000000,1.00000000,0.00000000,0.00000000,0,-79.92090647,-79.92087162,0.00000000,0.00000000,0.00000000,4.28771501,3.92090112,0.00000000,0,0,0,2,0,-0.04435603,-0.04431706,0.00974299,0.00000000,0.00000000,0.00000000,0.00000000,0.00000000,1.00000000,0.00000000,0.00000000,0,-16.23899180,-16.23899180,0.00000000,0.00000000,0.00000000,0.00000000,0.00000000,0.00000000,0
278423187,1,0,0,0,400,600,400,500,0,1,0,0,0,0,0,0,0,0.00000000,0.00000000,0.00000000,0.00000000,0.00000000,0.00000000,0,0,0,2,1,-0.04437032,-0.04433769,0.00815758,0.00000000,0.00000000,0.00000000,0.00000000,0.00000000,1.00000000,0.00000000,0.00000000,0,-79.92090647,-79.92087162,0.00000000,0.00000000,0.00000000,4.28771501,3.92090112,0.00000000,0,0,0,2,0,-0.04437032,-0.04433769,0.00815758,0.00000000,0.00000000,0.00000000,0.00000000,0.00000000,1.00000000,0.00000000,0.00000000,0,-16.23899180,-16.23899180,0.00000000,0.00000000,0.00000000,0.00000000,0.00000000,0.00000000,0
278423281,1,0,0,0,400,600,400,500,0,1,0,0,0,0,0,0,0,0.00000000,0.00000000,0.00000000,0.00000000,0.00000000,0.00000000,0,0,0,2,1,-0.04438458,-0.04435820,0.00659364,0.00000000,0.00000000,0.00000000,0.00000000,0.00000000,1.00000000,0.00000000,0.00000000,0,-79.92090647,-79.92087162,0.00000000,0.00000000,0.00000000,4.28771501,3.92090112,0.00000000,0,0,0,2,0,-0.04438458,-0.04435820,0.00659364,0.00000000,0.00000000,0.00000000,0.00000000,0.00000000,1.00000000,0.00000000,0.00000000,0,-16.23899180,-16.23899180,0.00000000,0.00000000,0.00000000,0.00000000,0.00000000,0.00000000,0
278423359,1,0,0,0,400,600,400,500,0,1,0,0,0,0,0,0,0,0.00000000,0.00000000,0.00000000,0.00000000,0.00000000,0.00000000,0,0,0,2,1,-0.04441309,-0.04437954,0.00838727,0.00000000,0.00000000,0.00000000,0.00000000,0.00000000,1.00000000,0.00000000,0.00000000,0,-79.92090647,-79.92087162,0.00000000,0.00000000,0.00000000,4.28771501,3.92090112,0.00000000,0,0,0,2,0,-0.04441309,-0.04437954,0.00838727,0.00000000,0.00000000,0.00000000,0.00000000,0.00000000,1.00000000,0.00000000,0.00000000,0,-16.23899180,-16.23899180,0.00000000,0.00000000,0.00000000,0.00000000,0.00000000,0.00000000,0
278423437,1,0,0,0,400,600,400,500,0,1,0,0,0,0,0,0,0,0.00000000,0.00000000,0.00000000,0.00000000,0.00000000,0.00000000,0,0,0,2,1,-0.04442735,-0.04439779,0.00739114,0.00000000,0.00000000,0.00000000,0.00000000,0.00000000,1.00000000,0.00000000,0.00000000,0,-79.92090647,-79.92087162,0.00000000,0.00000000,0.00000000,4.28771501,3.92090112,0.00000000,0,0,0,2,0,-0.04442735,-0.04439779,0.00739114,0.00000000,0.00000000,0.00000000,0.00000000,0.00000000,1.00000000,0.00000000,0.00000000,0,-16.23899180,-16.23899180,0.00000000,0.00000000,0.00000000,0.00000000,0.00000000,0.00000000,0
278423515,1,0,0,0,400,600,400,500,0,1,0,0,0,0,0,0,0,0.00000000,0.00000000,0.00000000,0.00000000,0.00000000,0.00000000,0,0,0,2,1,-0.04444161,-0.04441694,0.00616582,0.00000000,0.00000000,0.00000000,0.00000000,0.00000000,1.00000000,0.00000000,0.00000000,0,-79.92090647,-79.92087162,0.00000000,0.00000000,0.00000000,4.28771501,3.92090112,0.00000000,0,0,0,2,0,-0.04444161,-0.04441694,0.00616582,0.00000000,0.00000000,0.00000000,0.00000000,0.00000000,1.00000000,0.00000000,0.00000000,0,-16.23899180,-16.23899180,0.00000000,0.00000000,0.00000000,0.00000000,0.00000000,0.00000000,0
278423609,1,0,0,0,400,600,400,500,0,1,0,0,0,0,0,0,0,0.00000000,0.00000000,0.00000000,0.00000000,0.00000000,0.00000000,0,0,0,2,1,-0.04446218,-0.04443555,0.00665700,0.00000000,0.00000000,0.00000000,0.00000000,0.00000000,1.00000000,0.00000000,0.00000000,0,-79.92090647,-79.92087162,0.00000000,0.00000000,0.00000000,4.28771501,3.92090112,0.00000000,0,0,0,2,0,-0.04446218,-0.04443555,0.00665700,0.00000000,0.00000000,0.00000000,0.00000000,0.00000000,1.00000000,0.00000000,0.00000000,0,-16.23899180,-16.23899180,0.00000000,0.00000000,0.00000000,0.00000000,0.00000000,0.00000000,0
278423687,1,0,0,0,400,600,400,500,0,1,0,0,0,0,0,0,0,0.00000000,0.00000000,0.00000000,0.00000000,0.00000000,0.00000000,0,0,0,2,1,-0.04448438,-0.04445424,0.00753512,0.00000000,0.00000000,0.00000000,0.00000000,0.00000000,1.00000000,0.00000000,0.00000000,0,-79.92090647,-79.92087162,0.00000000,0.00000000,0.00000000,4.28771501,3.92090112,0.00000000,0,0,0,2,0,-0.04448438,-0.04445424,0.00753512,0.00000000,0.00000000,0.00000000,0.00000000,0.00000000,1.00000000,0.00000000,0.00000000,0,-16.23899180,-16.23899180,0.00000000,0.00000000,0.00000000,0.00000000,0.00000000,0.00000000,0
278423781,1,0,0,0,400,600,400,500,0,1,0,0,0,0,0,0,0,0.00000000,0.00000000,0.00000000,0.00000000,0.00000000,0.00000000,0,0,0,2,1,-0.04449864,-0.04447363,0.00625194,0.00000000,0.00000000,0.00000000,0.00000000,0.00000000,1.00000000,0.00000000,0.00000000,0,-79.92090647,-79.92087162,0.00000000,0.00000000,0.00000000,4.28771501,3.92090112,0.00000000,0,0,0,2,0,-0.04449864,-0.04447363,0.00625194,0.00000000,0.00000000,0.00000000,0.00000000,0.00000000,1.00000000,0.00000000,0.00000000,0,-16.23899180,-16.23899180,0.00000000,0.00000000,0.00000000,0.00000000,0.00000000,0.00000000,0
278423859,1,0,0,0,400,600,400,500,0,1,0,0,0,0,0,0,0,0.00000000,0.00000000,0.00000000,0.00000000,0.00000000,0.00000000,0,0,0,2,1,-0.04452524,-0.04449389,0.00783511,0.00000000,0.00000000,0.00000000,0.00000000,0.00000000,1.00000000,0.00000000,0.00000000,0,-79.92090647,-79.92087162,0.00000000,0.00000000,0.00000000,4.28771501,3.92090112,0.00000000,0,0,0,2,0,-0.04452524,-0.04449389,0.00783511,0.00000000,0.00000000,0.00000000,0.00000000,0.00000000,1.00000000,0.00000000,0.00000000,0,-16.23899180,-16.23899180,0.00000000,0.00000000,0.00000000,0.00000000,0.00000000,0.00000000,0
278423937,1,0,0,0,400,600,400,500,0,1,0,0,0,0,0,0,0,0.00000000,0.00000000,0.00000000,0.00000000,0.00000000,0.00000000,0,0,0,2,1,-0.04452715,-0.04450845,0.00467721,0.00000000,0.00000000,0.00000000,0.00000000,0.00000000,1.00000000,0.00000000,0.00000000,0,-79.92090647,-79.92087162,0.00000000,0.00000000,0.00000000,4.28771501,3.92090112,0.00000000,0,0,0,2,0,-0.04452715,-0.04450845,0.00467721,0.00000000,0.00000000,0.00000000,0.00000000,0.00000000,1.00000000,0.00000000,0.00000000,0,-16.23899180,-16.23899180,0.00000000,0.00000000,0.00000000,0.00000000,0.00000000,0.00000000,0
278424031,1,0,0,0,400,600,400,500,0,1,0,0,0,0,0,0,0,0.00000000,0.00000000,0.00000000,0.00000000,0.00000000,0.00000000,0,0,0,2,1,-0.04452715,-0.04451663,0.00263093,0.00000000,0.00000000,0.00000000,0.00000000,0.00000000,1.00000000,0.00000000,0.00000000,0,-79.92090647,-79.92087162,0.00000000,0.00000000,0.00000000,4.28771501,3.92090112,0.00000000,0,0,0,2,0,-0.04452715,-0.04451663,0.00263093,0.00000000,0.00000000,0.00000000,0.00000000,0.00000000,1.00000000,0.00000000,0.00000000,0,-16.23899180,-16.23899180,0.00000000,0.00000000,0.00000000,0.00000000,0.00000000,0.00000000,0
278424109,1,0,0,0,400,600,400,500,0,1,0,0,0,0,0,0,0,0.00000000,0.00000000,0.00000000,0.00000000,0.00000000,0.00000000,0,0,0,2,1,-0.04452715,-0.04452124,0.00147990,0.00000000,0.00000000,0.00000000,0.00000000,0.00000000,1.00000000,0.00000000,0.00000000,0,-79.92090647,-79.92087162,0.00000000,0.00000000,0.00000000,4.28771501,3.92090112,0.00000000,0,0,0,2,0,-0.04452715,-0.04452124,0.00147990,0.00000000,0.00000000,0.00000000,0.00000000,0.00000000,1.00000000,0.00000000,0.00000000,0,-16.23899180,-16.23899180,0.00000000,0.00000000,0.00000000,0.00000000,0.00000000,0.00000000,0
278424187,1,0,0,0,400,600,400,500,0,1,0,0,0,0,0,0,0,0.00000000,0.00000000,0.00000000,0.00000000,0.00000000,0.00000000,0,0,0,2,1,-0.04454141,-0.04453006,0.00283745,0.00000000,0.00000000,0.00000000,0.00000000,0.00000000,1.00000000,0.00000000,0.00000000,0,-79.92090647,-79.92087162,0.00000000,0.00000000,0.00000000,4.28771501,3.92090112,0.00000000,0,0,0,2,0,-0.04454141,-0.04453006,0.00283745,0.00000000,0.00000000,0.00000000,0.00000000,0.00000000,1.00000000,0.00000000,0.00000000,0,-16.23899180,-16.23899180,0.00000000,0.00000000,0.00000000,0.00000000,0.00000000,0.00000000,0
278424265,1,0,0,0,400,600,400,500,0,1,0,0,0,0,0,0,0,0.00000000,0.00000000,0.00000000,0.00000000,0.00000000,0.00000000,0,0,0,2,1,-0.04450065,-0.04452751,-0.00671546,0.00000000,0.00000000,0.00000000,0.00000000,0.00000000,1.00000000,0.00000000,0.00000000,0,-79.92090647,-79.92087162,0.00000000,0.00000000,0.00000000,4.28771501,3.92090112,0.00000000,0,0,0,2,0,-0.04450065,-0.04452751,-0.00671546,0.00000000,0.00000000,0.00000000,0.00000000,0.00000000,1.00000000,0.00000000,0.00000000,0,-16.23899180,-16.23899180,0.00000000,0.00000000,0.00000000,0.00000000,0.00000000,0.00000000,0
278424343,1,0,0,0,400,600,400,500,0,1,0,0,0,0,0,0,0,0.00000000,0.00000000,0.00000000,0.00000000,0.00000000,0.00000000,0,0,0,2,1,-0.04418497,-0.04438433,-0.04983944,0.00000000,0.00000000,0.00000000,0.00000000,0.00000000,1.00000000,0.00000000,0.00000000,0,-79.92090647,-79.92087162,0.00000000,0.00000000,0.00000000,4.28771501,3.92090112,0.00000000,0,0,0,2,0,-0.04418497,-0.04438433,-0.04983944,0.00000000,0.00000000,0.00000000,0.00000000,0.00000000,1.00000000,0.00000000,0.00000000,0,-16.23899180,-16.23899180,0.00000000,0.00000000,0.00000000,0.00000000,0.00000000,0.00000000,0
278424421,1,0,0,0,400,600,400,500,0,1,0,0,0,0,0,0,0,0.00000000,0.00000000,0.00000000,0.00000000,0.00000000,0.00000000,0,0,0,2,1,-0.04473709,-0.04443246,0.07615738,0.00000000,0.00000000,0.00000000,0.00000000,0.00000000,1.00000000,0.00000000,0.00000000,0,-79.84474909,-79.92087162,0.00000000,0.00000000,0.00000000,4.28771501,3.92090112,0.00000000,0,0,0,2,0,-0.04473709,-0.04443246,0.07615738,0.00000000,0.00000000,0.00000000,0.00000000,0.00000000,1.00000000,0.00000000,0.00000000,0,-16.23899180,-16.23899180,0.00000000,0.00000000,0.00000000,0.00000000,0.00000000,0.00000000,0
278424515,1,0,0,0,400,600,400,500,0,1,0,0,0,0,0,0,0,0.00000000,0.00000000,0.00000000,0.00000000,0.00000000,0.00000000,0,0,0,2,1,-0.04782831,-0.04564019,0.54703149,0.00000000,0.00000000,0.00000000,0.00000000,0.00000000,1.00000000,0.00000000,0.00000000,0,-78.93895614,-79.66434813,0.00000000,0.00000000,0.00000000,4.28771501,3.92090112,0.00000000,0,0,0,2,0,-0.04782831,-0.04564019,0.54703149,0.00000000,0.00000000,0.00000000,0.00000000,0.00000000,1.00000000,0.00000000,0.00000000,0,-16.23899180,-16.23899180,0.00000000,0.00000000,0.00000000,0.00000000,0.00000000,0.00000000,0
278424593,1,0,0,0,400,600,400,500,0,1,0,0,0,0,0,0,0,0.00000000,0.00000000,0.00000000,0.00000000,0.00000000,0.00000000,0,0,0,2,1,-0.05073995,-0.04759158,0.78709222,0.00000000,0.00000000,0.00000000,0.00000000,0.00000000,1.00000000,0.00000000,0.00000000,0,-77.99996274,-78.61126801,0.00000000,0.00000000,0.00000000,4.28771501,3.92090112,0.00000000,0,0,0,2,0,-0.05073995,-0.04759158,0.78709222,0.00000000,0.00000000,0.00000000,0.00000000,0.00000000,1.00000000,0.00000000,0.00000000,0,-16.23899180,-16.23899180,0.00000000,0.00000000,0.00000000,0.00000000,0.00000000,0.00000000,0
278424671,1,0,1,0,0,600,50,100,0,1,0,0,0,0,0,0,0,0.00000000,0.00000000,0.00000000,0.00000000,0.00000000,0.00000000,0,0,0,11,1,-0.05352922,-0.04988951,0.90992633,0.00000000,0.00000000,0.00000000,0.00000000,0.00000000,1.00000000,0.00000000,0.00000000,0,-78.15700119,-78.02889454,0.00000000,0.00000000,0.00000000,4.28771501,3.92090112,0.00000000,0,0,0,11,0,-0.05352922,-0.04988951,0.90992633,0.00000000,0.00000000,0.00000000,0.00000000,0.00000000,1.00000000,0.00000000,0.00000000,0,-16.23899180,-16.23899180,0.00000000,0.00000000,0.00000000,0.00000000,0.00000000,0.00000000,0
278424734,1,0,1,0,0,0,50,0,0,1,0,0,0,0,0,0,0,0.00000000,0.00000000,0.00000000,0.00000000,0.00000000,0.00000000,0,0,0,11,1,-0.05669110,-0.05258446,1.02666072,0.00000000,0.00000000,0.00000000,0.00000000,0.00000000,1.00000000,0.00000000,0.00000000,0,-78.15700119,-78.15700119,0.00000000,0.00000000,0.00000000,4.28771501,3.92090112,0.00000000,0,0,0,11,0,-0.05669110,-0.05258446,1.02666072,0.00000000,0.00000000,0.00000000,0.00000000,0.00000000,1.00000000,0.00000000,0.00000000,0,-16.23899180,-16.23899180,0.00000000,0.00000000,0.00000000,0.00000000,0.00000000,0.00000000,0
278424921,1,0,2,0,0,0,50,0,0,1,0,0,0,0,0,0,0,0.00000000,0.00000000,0.00000000,0.00000000,0.00000000,0.00000000,0,0,0,11,1,-0.05902867,-0.05520260,0.95651599,0.00000000,0.00000000,0.00000000,0.00000000,0.00000000,1.00000000,0.00000000,0.00000000,0,-92.99996274,-78.15700119,0.00000000,0.00000000,0.00000000,4.28771501,3.92090112,0.00000000,0,0,0,11,0,-0.05902867,-0.05520260,0.95651599,0.00000000,0.00000000,0.00000000,0.00000000,0.00000000,1.00000000,0.00000000,0.00000000,0,-1.39603025,-16.23899180,0.00000000,0.00000000,0.00000000,0.00000000,0.00000000,0.00000000,0
278425015,1,0,2,0,0,0,50,0,0,1,0,0,0,0,0,0,0,0.00000000,0.00000000,0.00000000,0.00000000,0.00000000,0.00000000,0,0,0,11,1,-0.06058640,-0.05763194,0.73861582,0.00000000,0.00000000,0.00000000,0.00000000,0.00000000,1.00000000,0.00000000,0.00000000,0,-92.99996274,-90.07789921,0.00000000,0.00000000,0.00000000,4.28771501,3.92090112,0.00000000,0,0,0,11,0,-0.06058640,-0.05763194,0.73861582,0.00000000,0.00000000,0.00000000,0.00000000,0.00000000,1.00000000,0.00000000,0.00000000,0,-1.39603025,-7.48074620,0.00000000,0.00000000,0.00000000,0.00000000,0.00000000,0.00000000,0
278425078,1,0,2,0,0,0,50,0,0,1,0,0,0,0,0,0,0,0.00000000,0.00000000,0.00000000,0.00000000,0.00000000,0.00000000,0,0,0,11,1,-0.05935136,-0.05806180,0.32239095,0.00000000,0.00000000,0.00000000,0.00000000,0.00000000,1.00000000,0.00000000,0.00000000,0,-92.99996274,-92.85390526,0.00000000,0.00000000,0.00000000,4.28771501,3.92090112,0.00000000,0,0,0,11,0,-0.05935136,-0.05806180,0.32239095,0.00000000,0.00000000,0.00000000,0.00000000,0.00000000,1.00000000,0.00000000,0.00000000,0,-1.39603025,-2.48908437,0.00000000,0.00000000,0.00000000,0.00000000,0.00000000,0.00000000,0
278425156,1,0,3,0,400,600,250,500,0,1,0,0,0,0,0,0,0,0.00000000,0.00000000,0.00000000,0.00000000,0.00000000,0.00000000,0,0,0,11,1,-0.05396189,-0.05685369,-0.72294973,0.00000000,0.00000000,0.00000000,0.00000000,0.00000000,1.00000000,0.00000000,0.00000000,0,-92.99996274,-93.02094021,0.00000000,0.00000000,0.00000000,4.28771501,3.92090112,0.00000000,0,0,0,11,0,-0.05396189,-0.05685369,-0.72294973,0.00000000,0.00000000,0.00000000,0.00000000,0.00000000,1.00000000,0.00000000,0.00000000,0,-1.39603025,-1.37148565,0.00000000,0.00000000,0.00000000,0.00000000,0.00000000,0.00000000,0
278425234,1,0,3,0,400,600,250,500,0,1,0,0,0,0,0,0,0,0.00000000,0.00000000,0.00000000,0.00000000,0.00000000,0.00000000,0,0,0,11,1,-0.04956675,-0.05408944,-1.13067098,0.00000000,0.00000000,0.00000000,0.00000000,0.00000000,1.00000000,0.00000000,0.00000000,0,-92.99996274,-93.01132446,0.00000000,0.00000000,0.00000000,4.28771501,3.92090112,0.00000000,0,0,0,11,0,-0.04956675,-0.05408944,-1.13067098,0.00000000,0.00000000,0.00000000,0.00000000,0.00000000,1.00000000,0.00000000,0.00000000,0,-1.39603025,-1.38048103,0.00000000,0.00000000,0.00000000,0.00000000,0.00000000,0.00000000,0
278425312,1,0,0,0,400,600,250,500,0,1,0,0,0,0,0,0,0,0.00000000,0.00000000,0.00000000,0.00000000,0.00000000,0.00000000,0,0,0,2,1,-0.04745443,-0.05243069,-1.24406498,0.00000000,0.00000000,0.00000000,0.00000000,0.00000000,1.00000000,0.00000000,0.00000000,0,-93.00744714,-93.00744714,0.00000000,0.00000000,0.00000000,4.28771501,3.92090112,0.00000000,0,0,0,2,0,-0.04745443,-0.05243069,-1.24406498,0.00000000,0.00000000,0.00000000,0.00000000,0.00000000,1.00000000,0.00000000,0.00000000,0,-1.38482363,-1.38482363,0.00000000,0.00000000,0.00000000,0.00000000,0.00000000,0.00000000,0
278425390,1,0,0,0,400,600,400,500,0,1,0,0,0,0,0,0,0,0.00000000,0.00000000,0.00000000,0.00000000,0.00000000,0.00000000,0,0,0,2,1,-0.03978159,-0.04367787,-0.97407135,0.00000000,0.00000000,0.00000000,0.00000000,0.00000000,1.00000000,0.00000000,0.00000000,0,-92.99996274,-93.00232907,0.00000000,0.00000000,0.00000000,4.28771501,3.92090112,0.00000000,0,0,0,2,0,-0.03978159,-0.04730387,-1.88057082,0.00000000,0.00000000,0.00000000,0.00000000,0.00000000,1.00000000,0.00000000,0.00000000,0,-1.38482363,-1.38001575,0.00000000,0.00000000,0.00000000,0.00000000,0.00000000,0.00000000,0
278425468,1,0,0,0,400,600,400,500,0,1,0,0,0,0,0,0,0,0.00000000,0.00000000,0.00000000,0.00000000,0.00000000,0.00000000,0,0,0,2,1,-0.03640746,-0.04073133,-1.08096574,0.00000000,0.00000000,0.00000000,0.00000000,0.00000000,1.00000000,0.00000000,0.00000000,0,-92.99996274,-93.00139852,0.00000000,0.00000000,0.00000000,4.28771501,3.92090112,0.00000000,0,0,0,2,0,-0.03640746,-0.04277095,-1.59087169,0.00000000,0.00000000,0.00000000,0.00000000,0.00000000,1.00000000,0.00000000,0.00000000,0,-1.38482363,-1.38172177,0.00000000,0.00000000,0.00000000,0.00000000,0.00000000,0.00000000,0
278425546,1,0,0,0,400,600,400,500,0,1,0,0,0,0,0,0,0,0.00000000,0.00000000,0.00000000,0.00000000,0.00000000,0.00000000,0,0,0,2,1,-0.03505286,-0.03834229,-0.82235602,0.00000000,0.00000000,0.00000000,0.00000000,0.00000000,1.00000000,0.00000000,0.00000000,0,-92.99996274,-93.00077815,0.00000000,0.00000000,0.00000000,4.28771501,3.92090112,0.00000000,0,0,0,2,0,-0.03505286,-0.03948958,-1.10917811,0.00000000,0.00000000,0.00000000,0.00000000,0.00000000,1.00000000,0.00000000,0.00000000,0,-1.38482363,-1.38296251,0.00000000,0.00000000,0.00000000,0.00000000,0.00000000,0.00000000,0
278425609,1,0,0,0,400,600,400,500,0,1,0,0,0,0,0,0,0,0.00000000,0.00000000,0.00000000,0.00000000,0.00000000,0.00000000,0,0,0,2,1,-0.03524807,-0.03694702,-0.42473868,0.00000000,0.00000000,0.00000000,0.00000000,0.00000000,1.00000000,0.00000000,0.00000000,0,-92.99996274,-93.00031287,0.00000000,0.00000000,0.00000000,4.28771501,3.92090112,0.00000000,0,0,0,2,0,-0.03524807,-0.03759237,-0.58607611,0.00000000,0.00000000,0.00000000,0.00000000,0.00000000,1.00000000,0.00000000,0.00000000,0,-1.38482363,-1.38373798,0.00000000,0.00000000,0.00000000,0.00000000,0.00000000,0.00000000,0
278425671,1,0,0,0,400,600,400,500,0,1,0,0,0,0,0,0,0,0.00000000,0.00000000,0.00000000,0.00000000,0.00000000,0.00000000,0,0,0,2,1,-0.03651672,-0.03662917,-0.02811157,0.00000000,0.00000000,0.00000000,0.00000000,0.00000000,1.00000000,0.00000000,0.00000000,0,-92.99996274,-93.00015777,0.00000000,0.00000000,0.00000000,4.28771501,3.92090112,0.00000000,0,0,0,2,0,-0.03651672,-0.03699218,-0.11886387,0.00000000,0.00000000,0.00000000,0.00000000,0.00000000,1.00000000,0.00000000,0.00000000,0,-1.38482363,-1.38420325,0.00000000,0.00000000,0.00000000,0.00000000,0.00000000,0.00000000,0
278425765,1,0,0,0,400,600,400,500,0,1,0,0,0,0,0,0,0,0.00000000,0.00000000,0.00000000,0.00000000,0.00000000,0.00000000,0,0,0,2,1,-0.03809794,-0.03710489,0.24826146,0.00000000,0.00000000,0.00000000,0.00000000,0.00000000,1.00000000,0.00000000,0.00000000,0,-92.64316972,-92.93083129,0.00000000,0.00000000,0.00000000,4.28771501,3.92090112,0.00000000,0,0,0,2,0,-0.03809794,-0.03730909,0.19721328,0.00000000,0.00000000,0.00000000,0.00000000,0.00000000,1.00000000,0.00000000,0.00000000,0,-1.38482363,-1.38435835,0.00000000,0.00000000,0.00000000,0.00000000,0.00000000,0.00000000,0
278425828,1,0,0,0,400,600,400,500,0,1,0,0,0,0,0,0,0,0.00000000,0.00000000,0.00000000,0.00000000,0.00000000,0.00000000,0,0,0,2,1,-0.03945831,-0.03804818,0.35253293,0.00000000,0.00000000,0.00000000,0.00000000,0.00000000,1.00000000,0.00000000,0.00000000,0,-91.93570490,-92.50122423,0.00000000,0.00000000,0.00000000,4.28771501,3.92090112,0.00000000,0,0,0,2,0,-0.03945831,-0.03816304,0.32381834,0.00000000,0.00000000,0.00000000,0.00000000,0.00000000,1.00000000,0.00000000,0.00000000,0,-1.38482363,-1.38466853,0.00000000,0.00000000,0.00000000,0.00000000,0.00000000,0.00000000,0
278425890,1,0,0,0,400,600,400,500,0,1,0,0,0,0,0,0,0,0.00000000,0.00000000,0.00000000,0.00000000,0.00000000,0.00000000,0,0,0,2,1,-0.04008603,-0.03889667,0.29734054,0.00000000,0.00000000,0.00000000,0.00000000,0.00000000,1.00000000,0.00000000,0.00000000,0,-91.29933842,-91.83417009,0.00000000,0.00000000,0.00000000,4.28771501,3.92090112,0.00000000,0,0,0,2,0,-0.04008603,-0.03896128,0.28118858,0.00000000,0.00000000,0.00000000,0.00000000,0.00000000,1.00000000,0.00000000,0.00000000,0,-1.38482363,-1.38466853,0.00000000,0.00000000,0.00000000,0.00000000,0.00000000,0.00000000,0
278425968,1,0,0,0,400,600,400,500,0,1,0,0,0,0,0,0,0,0.00000000,0.00000000,0.00000000,0.00000000,0.00000000,0.00000000,0,0,0,2,1,-0.04076570,-0.03963512,0.28264358,0.00000000,0.00000000,0.00000000,0.00000000,0.00000000,1.00000000,0.00000000,0.00000000,0,-90.74549683,-91.21628037,0.00000000,0.00000000,0.00000000,4.28771501,3.92090112,0.00000000,0,0,0,2,0,-0.04076570,-0.03967147,0.27355810,0.00000000,0.00000000,0.00000000,0.00000000,0.00000000,1.00000000,0.00000000,0.00000000,0,-1.38482363,-1.38482363,0.00000000,0.00000000,0.00000000,0.00000000,0.00000000,0.00000000,0
278426031,1,0,0,0,400,600,400,500,0,1,0,0,0,0,0,0,0,0.00000000,0.00000000,0.00000000,0.00000000,0.00000000,0.00000000,0,0,0,2,1,-0.04172186,-0.04045310,0.31719001,0.00000000,0.00000000,0.00000000,0.00000000,0.00000000,1.00000000,0.00000000,0.00000000,0,-90.13201751,-90.67299029,0.00000000,0.00000000,0.00000000,4.28771501,3.92090112,0.00000000,0,0,0,2,0,-0.04172186,-0.04047354,0.31207943,0.00000000,0.00000000,0.00000000,0.00000000,0.00000000,1.00000000,0.00000000,0.00000000,0,-1.38482363,-1.38482363,0.00000000,0.00000000,0.00000000,0.00000000,0.00000000,0.00000000,0
278426109,1,0,0,0,400,600,400,500,0,1,0,0,0,0,0,0,0,0.00000000,0.00000000,0.00000000,0.00000000,0.00000000,0.00000000,0,0,0,2,1,-0.04301135,-0.04145386,0.38937213,0.00000000,0.00000000,0.00000000,0.00000000,0.00000000,1.00000000,0.00000000,0.00000000,0,-89.38144437,-89.95630645,0.00000000,0.00000000,0.00000000,4.28771501,3.92090112,0.00000000,0,0,0,2,0,-0.04301135,-0.04146536,0.38649743,0.00000000,0.00000000,0.00000000,0.00000000,0.00000000,1.00000000,0.00000000,0.00000000,0,-1.38482363,-1.38482363,0.00000000,0.00000000,0.00000000,0.00000000,0.00000000,0.00000000,0
278426171,1,0,0,0,400,600,400,500,0,1,0,0,0,0,0,0,0,0.00000000,0.00000000,0.00000000,0.00000000,0.00000000,0.00000000,0,0,0,2,1,-0.04362877,-0.04238358,0.31129806,0.00000000,0.00000000,0.00000000,0.00000000,0.00000000,1.00000000,0.00000000,0.00000000,0,-88.68415666,-89.28351388,0.00000000,0.00000000,0.00000000,4.28771501,3.92090112,0.00000000,0,0,0,2,0,-0.04362877,-0.04239005,0.30968104,0.00000000,0.00000000,0.00000000,0.00000000,0.00000000,1.00000000,0.00000000,0.00000000,0,-1.38482363,-1.38482363,0.00000000,0.00000000,0.00000000,0.00000000,0.00000000,0.00000000,0
278426234,1,0,0,0,400,600,400,500,0,1,0,0,0,0,0,0,0,0.00000000,0.00000000,0.00000000,0.00000000,0.00000000,0.00000000,0,0,0,2,1,-0.04360120,-0.04292416,0.16926060,0.00000000,0.00000000,0.00000000,0.00000000,0.00000000,1.00000000,0.00000000,0.00000000,0,-88.27872318,-88.64561718,0.00000000,0.00000000,0.00000000,4.28771501,3.92090112,0.00000000,0,0,0,2,0,-0.04360120,-0.04292779,0.16835103,0.00000000,0.00000000,0.00000000,0.00000000,0.00000000,1.00000000,0.00000000,0.00000000,0,-1.38482363,-1.38482363,0.00000000,0.00000000,0.00000000,0.00000000,0.00000000,0.00000000,0
278426296,1,0,0,0,400,600,400,500,0,1,0,0,0,0,0,0,0,0.00000000,0.00000000,0.00000000,0.00000000,0.00000000,0.00000000,0,0,0,2,1,-0.04283683,-0.04296942,-0.03314934,0.00000000,0.00000000,0.00000000,0.00000000,0.00000000,1.00000000,0.00000000,0.00000000,0,-88.21162222,-88.27029260,0.00000000,0.00000000,0.00000000,4.28771501,3.92090112,0.00000000,0,0,0,2,0,-0.04283683,-0.04297147,-0.03366098,0.00000000,0.00000000,0.00000000,0.00000000,0.00000000,1.00000000,0.00000000,0.00000000,0,-1.38482363,-1.38482363,0.00000000,0.00000000,0.00000000,0.00000000,0.00000000,0.00000000,0
278426375,1,0,0,0,400,600,400,500,0,1,0,0,0,0,0,0,0,0.00000000,0.00000000,0.00000000,0.00000000,0.00000000,0.00000000,0,0,0,2,1,-0.04248830,-0.04277865,-0.07258848,0.00000000,0.00000000,0.00000000,0.00000000,0.00000000,1.00000000,0.00000000,0.00000000,0,-88.21162222,-88.21492447,0.00000000,0.00000000,0.00000000,4.28771501,3.92090112,0.00000000,0,0,0,2,0,-0.04248830,-0.04277981,-0.07287628,0.00000000,0.00000000,0.00000000,0.00000000,0.00000000,1.00000000,0.00000000,0.00000000,0,-1.38482363,-1.38482363,0.00000000,0.00000000,0.00000000,0.00000000,0.00000000,0.00000000,0
278426453,1,0,0,0,400,600,400,500,0,1,0,0,0,0,0,0,0,0.00000000,0.00000000,0.00000000,0.00000000,0.00000000,0.00000000,0,0,0,2,1,-0.04248585,-0.04264834,-0.04062067,0.00000000,0.00000000,0.00000000,0.00000000,0.00000000,1.00000000,0.00000000,0.00000000,0,-88.21162222,-88.21151243,0.00000000,0.00000000,0.00000000,4.28771501,3.92090112,0.00000000,0,0,0,2,0,-0.04248585,-0.04264899,-0.04078255,0.00000000,0.00000000,0.00000000,0.00000000,0.00000000,1.00000000,0.00000000,0.00000000,0,-1.38482363,-1.38482363,0.00000000,0.00000000,0.00000000,0.00000000,0.00000000,0.00000000,0
278426515,1,0,0,0,400,600,400,500,0,1,0,0,0,0,0,0,0,0.00000000,0.00000000,0.00000000,0.00000000,0.00000000,0.00000000,0,0,0,2,1,-0.04341697,-0.04288668,0.13257362,0.00000000,0.00000000,0.00000000,0.00000000,0.00000000,1.00000000,0.00000000,0.00000000,0,-88.03286703,-88.18933416,0.00000000,0.00000000,0.00000000,4.28771501,3.92090112,0.00000000,0,0,0,2,0,-0.04341697,-0.04288704,0.13248256,0.00000000,0.00000000,0.00000000,0.00000000,0.00000000,1.00000000,0.00000000,0.00000000,0,-1.38482363,-1.38482363,0.00000000,0.00000000,0.00000000,0.00000000,0.00000000,0.00000000,0
278426593,1,0,0,0,400,600,400,500,0,1,0,0,0,0,0,0,0,0.00000000,0.00000000,0.00000000,0.00000000,0.00000000,0.00000000,0,0,0,2,1,-0.04409581,-0.04336130,0.18362731,0.00000000,0.00000000,0.00000000,0.00000000,0.00000000,1.00000000,0.00000000,0.00000000,0,-87.67690048,-87.95018106,0.00000000,0.00000000,0.00000000,4.28771501,3.92090112,0.00000000,0,0,0,2,0,-0.04409581,-0.04336150,0.18357609,0.00000000,0.00000000,0.00000000,0.00000000,0.00000000,1.00000000,0.00000000,0.00000000,0,-1.38482363,-1.38497872,0.00000000,0.00000000,0.00000000,0.00000000,0.00000000,0.00000000,0
278426687,1,0,0,0,400,600,400,500,0,1,0,0,0,0,0,0,0,0.00000000,0.00000000,0.00000000,0.00000000,0.00000000,0.00000000,0,0,0,2,1,-0.04477998,-0.04391924,0.21518433,0.00000000,0.00000000,0.00000000,0.00000000,0.00000000,1.00000000,0.00000000,0.00000000,0,-87.25844235,-87.56089813,0.00000000,0.00000000,0.00000000,4.28771501,3.92090112,0.00000000,0,0,0,2,0,-0.04477998,-0.04391936,0.21515552,0.00000000,0.00000000,0.00000000,0.00000000,0.00000000,1.00000000,0.00000000,0.00000000,0,-1.38482363,-1.38497872,0.00000000,0.00000000,0.00000000,0.00000000,0.00000000,0.00000000,0
278426765,1,0,0,0,400,600,400,500,0,1,0,0,0,0,0,0,0,0.00000000,0.00000000,0.00000000,0.00000000,0.00000000,0.00000000,0,0,0,2,1,-0.04531760,-0.04448751,0.20752194,0.00000000,0.00000000,0.00000000,0.00000000,0.00000000,1.00000000,0.00000000,0.00000000,0,-86.83223924,-87.12834430,0.00000000,0.00000000,0.00000000,4.28771501,3.92090112,0.00000000,0,0,0,2,0,-0.04531760,-0.04448758,0.20750573,0.00000000,0.00000000,0.00000000,0.00000000,0.00000000,1.00000000,0.00000000,0.00000000,0,-1.38482363,-1.38497872,0.00000000,0.00000000,0.00000000,0.00000000,0.00000000,0.00000000,0
278426859,1,0,0,0,400,600,400,500,0,1,0,0,0,0,0,0,0,0.00000000,0.00000000,0.00000000,0.00000000,0.00000000,0.00000000,0,0,0,2,1,-0.04566152,-0.04494612,0.17885010,0.00000000,0.00000000,0.00000000,0.00000000,0.00000000,1.00000000,0.00000000,0.00000000,0,-86.48828374,-86.71874421,0.00000000,0.00000000,0.00000000,4.28771501,3.92090112,0.00000000,0,0,0,2,0,-0.04566152,-0.04494616,0.17884099,0.00000000,0.00000000,0.00000000,0.00000000,0.00000000,1.00000000,0.00000000,0.00000000,0,-1.38482363,-1.38497872,0.00000000,0.00000000,0.00000000,0.00000000,0.00000000,0.00000000,0
278426953,1,0,0,0,400,600,400,500,0,1,0,0,0,0,0,0,0,0.00000000,0.00000000,0.00000000,0.00000000,0.00000000,0.00000000,0,0,0,2,1,-0.04636542,-0.04552174,0.21092189,0.00000000,0.00000000,0.00000000,0.00000000,0.00000000,1.00000000,0.00000000,0.00000000,0,-86.05657388,-86.35784326,0.00000000,0.00000000,0.00000000,4.28771501,3.92090112,0.00000000,0,0,0,2,0,-0.04636542,-0.04552176,0.21091677,0.00000000,0.00000000,0.00000000,0.00000000,0.00000000,1.00000000,0.00000000,0.00000000,0,-1.38482363,-1.38497872,0.00000000,0.00000000,0.00000000,0.00000000,0.00000000,0.00000000,0
278427046,1,0,0,0,400,600,400,500,0,1,0,0,0,0,0,0,0,0.00000000,0.00000000,0.00000000,0.00000000,0.00000000,0.00000000,0,0,0,2,1,-0.04646622,-0.04593227,0.13348630,0.00000000,0.00000000,0.00000000,0.00000000,0.00000000,1.00000000,0.00000000,0.00000000,0,-85.74867110,-85.95134503,0.00000000,0.00000000,0.00000000,4.28771501,3.92090112,0.00000000,0,0,0,2,0,-0.04646622,-0.04593228,0.13348342,0.00000000,0.00000000,0.00000000,0.00000000,0.00000000,1.00000000,0.00000000,0.00000000,0,-1.38482363,-1.38497872,0.00000000,0.00000000,0.00000000,0.00000000,0.00000000,0.00000000,0
278427125,1,0,0,0,400,600,400,500,0,1,0,0,0,0,0,0,0,0.00000000,0.00000000,0.00000000,0.00000000,0.00000000,0.00000000,0,0,0,2,1,-0.04674295,-0.04625363,0.12232978,0.00000000,0.00000000,0.00000000,0.00000000,0.00000000,1.00000000,0.00000000,0.00000000,0,-85.50765382,-85.67155762,0.00000000,0.00000000,0.00000000,4.28771501,3.92090112,0.00000000,0,0,0,2,0,-0.04674295,-0.04625364,0.12232816,0.00000000,0.00000000,0.00000000,0.00000000,0.00000000,1.00000000,0.00000000,0.00000000,0,-1.38482363,-1.38482363,0.00000000,0.00000000,0.00000000,0.00000000,0.00000000,0.00000000,0
278427218,1,0,0,0,400,600,400,500,0,1,0,0,0,0,0,0,0,0.00000000,0.00000000,0.00000000,0.00000000,0.00000000,0.00000000,0,0,0,2,1,-0.04692004,-0.04653760,0.09560860,0.00000000,0.00000000,0.00000000,0.00000000,0.00000000,1.00000000,0.00000000,0.00000000,0,-85.29467477,-85.44310592,0.00000000,0.00000000,0.00000000,4.28771501,3.92090112,0.00000000,0,0,0,2,0,-0.04692004,-0.04653760,0.09560768,0.00000000,0.00000000,0.00000000,0.00000000,0.00000000,1.00000000,0.00000000,0.00000000,0,-1.38482363,-1.38482363,0.00000000,0.00000000,0.00000000,0.00000000,0.00000000,0.00000000,0
278427328,1,0,0,0,400,600,400,500,0,1,0,0,0,0,0,0,0,0.00000000,0.00000000,0.00000000,0.00000000,0.00000000,0.00000000,0,0,0,2,1,-0.04707299,-0.04674896,0.08100843,0.00000000,0.00000000,0.00000000,0.00000000,0.00000000,1.00000000,0.00000000,0.00000000,0,-85.13615868,-85.23667740,0.00000000,0.00000000,0.00000000,4.28771501,3.92090112,0.00000000,0,0,0,2,0,-0.04707299,-0.04674896,0.08100792,0.00000000,0.00000000,0.00000000,0.00000000,0.00000000,1.00000000,0.00000000,0.00000000,0,-1.38482363,-1.38482363,0.00000000,0.00000000,0.00000000,0.00000000,0.00000000,0.00000000,0
278427406,1,0,0,0,400,600,400,500,0,1,0,0,0,0,0,0,0,0.00000000,0.00000000,0.00000000,0.00000000,0.00000000,0.00000000,0,0,0,2,1,-0.04727891,-0.04697813,0.07519619,0.00000000,0.00000000,0.00000000,0.00000000,0.00000000,1.00000000,0.00000000,0.00000000,0,-84.96427918,-85.07925821,0.00000000,0.00000000,0.00000000,4.28771501,3.92090112,0.00000000,0,0,0,2,0,-0.04727891,-0.04697813,0.07519590,0.00000000,0.00000000,0.00000000,0.00000000,0.00000000,1.00000000,0.00000000,0.00000000,0,-1.38482363,-1.38482363,0.00000000,0.00000000,0.00000000,0.00000000,0.00000000,0.00000000,0
278427484,1,0,0,0,400,600,400,500,0,1,0,0,0,0,0,0,0,0.00000000,0.00000000,0.00000000,0.00000000,0.00000000,0.00000000,0,0,0,2,1,-0.04685665,-0.04699103,-0.03359712,0.00000000,0.00000000,0.00000000,0.00000000,0.00000000,1.00000000,0.00000000,0.00000000,0,-84.92100248,-84.94293163,0.00000000,0.00000000,0.00000000,4.28771501,3.92090112,0.00000000,0,0,0,2,0,-0.04685665,-0.04699103,-0.03359728,0.00000000,0.00000000,0.00000000,0.00000000,0.00000000,1.00000000,0.00000000,0.00000000,0,-1.38482363,-1.38482363,0.00000000,0.00000000,0.00000000,0.00000000,0.00000000,0.00000000,0
278427578,1,0,0,0,400,600,400,500,0,1,0,0,0,0,0,0,0,0.00000000,0.00000000,0.00000000,0.00000000,0.00000000,0.00000000,0,0,0,2,1,-0.04632441,-0.04674520,-0.10519927,0.00000000,0.00000000,0.00000000,0.00000000,0.00000000,1.00000000,0.00000000,0.00000000,0,-84.92100248,-84.92152883,0.00000000,0.00000000,0.00000000,4.28771501,3.92090112,0.00000000,0,0,0,2,0,-0.04632441,-0.04674520,-0.10519936,0.00000000,0.00000000,0.00000000,0.00000000,0.00000000,1.00000000,0.00000000,0.00000000,0,-1.38482363,-1.38482363,0.00000000,0.00000000,0.00000000,0.00000000,0.00000000,0.00000000,0
278427656,1,0,0,0,400,600,400,500,0,1,0,0,0,0,0,0,0,0.00000000,0.00000000,0.00000000,0.00000000,0.00000000,0.00000000,0,0,0,2,1,-0.04623809,-0.04652334,-0.07131254,0.00000000,0.00000000,0.00000000,0.00000000,0.00000000,1.00000000,0.00000000,0.00000000,0,-84.92100248,-84.92106355,0.00000000,0.00000000,0.00000000,4.28771501,3.92090112,0.00000000,0,0,0,2,0,-0.04623809,-0.04652334,-0.07131259,0.00000000,0.00000000,0.00000000,0.00000000,0.00000000,1.00000000,0.00000000,0.00000000,0,-1.38482363,-1.38482363,0.00000000,0.00000000,0.00000000,0.00000000,0.00000000,0.00000000,0
278427718,1,0,0,0,400,600,400,500,0,1,0,0,0,0,0,0,0,0.00000000,0.00000000,0.00000000,0.00000000,0.00000000,0.00000000,0,0,0,2,1,-0.04623809,-0.04639855,-0.04011331,0.00000000,0.00000000,0.00000000,0.00000000,0.00000000,1.00000000,0.00000000,0.00000000,0,-84.92100248,-84.92090846,0.00000000,0.00000000,0.00000000,4.28771501,3.92090112,0.00000000,0,0,0,2,0,-0.04623809,-0.04639855,-0.04011333,0.00000000,0.00000000,0.00000000,0.00000000,0.00000000,1.00000000,0.00000000,0.00000000,0,-1.38482363,-1.38482363,0.00000000,0.00000000,0.00000000,0.00000000,0.00000000,0.00000000,0
278427796,1,0,0,0,400,600,400,500,0,1,0,0,0,0,0,0,0,0.00000000,0.00000000,0.00000000,0.00000000,0.00000000,0.00000000,0,0,0,2,1,-0.04623809,-0.04632835,-0.02256373,0.00000000,0.00000000,0.00000000,0.00000000,0.00000000,1.00000000,0.00000000,0.00000000,0,-84.92100248,-84.92090846,0.00000000,0.00000000,0.00000000,4.28771501,3.92090112,0.00000000,0,0,0,2,0,-0.04623809,-0.04632835,-0.02256375,0.00000000,0.00000000,0.00000000,0.00000000,0.00000000,1.00000000,0.00000000,0.00000000,0,-1.38482363,-1.38482363,0.00000000,0.00000000,0.00000000,0.00000000,0.00000000,0.00000000,0
278427859,1,0,0,0,400,600,400,500,0,1,0,0,0,0,0,0,0,0.00000000,0.00000000,0.00000000,0.00000000,0.00000000,0.00000000,0,0,0,2,1,-0.04623809,-0.04628886,-0.01269210,0.00000000,0.00000000,0.00000000,0.00000000,0.00000000,1.00000000,0.00000000,0.00000000,0,-84.92100248,-84.92090846,0.00000000,0.00000000,0.00000000,4.28771501,3.92090112,0.00000000,0,0,0,2,0,-0.04623809,-0.04628886,-0.01269211,0.00000000,0.00000000,0.00000000,0.00000000,0.00000000,1.00000000,0.00000000,0.00000000,0,-1.38482363,-1.38482363,0.00000000,0.00000000,0.00000000,0.00000000,0.00000000,0.00000000,0
278427921,1,0,0,0,400,600,400,500,0,1,0,0,0,0,0,0,0,0.00000000,0.00000000,0.00000000,0.00000000,0.00000000,0.00000000,0,0,0,2,1,-0.04623809,-0.04626665,-0.00713931,0.00000000,0.00000000,0.00000000,0.00000000,0.00000000,1.00000000,0.00000000,0.00000000,0,-84.92100248,-84.92090846,0.00000000,0.00000000,0.00000000,4.28771501,3.92090112,0.00000000,0,0,0,2,0,-0.04623809,-0.04626665,-0.00713931,0.00000000,0.00000000,0.00000000,0.00000000,0.00000000,1.00000000,0.00000000,0.00000000,0,-1.38482363,-1.38482363,0.00000000,0.00000000,0.00000000,0.00000000,0.00000000,0.00000000,0
278428000,1,0,0,0,400,600,400,500,0,1,0,0,0,0,0,0,0,0.00000000,0.00000000,0.00000000,0.00000000,0.00000000,0.00000000,0,0,0,2,1,-0.04623809,-0.04625416,-0.00401586,0.00000000,0.00000000,0.00000000,0.00000000,0.00000000,1.00000000,0.00000000,0.00000000,0,-84.92100248,-84.92090846,0.00000000,0.00000000,0.00000000,4.28771501,3.92090112,0.00000000,0,0,0,2,0,-0.04623809,-0.04625416,-0.00401586,0.00000000,0.00000000,0.00000000,0.00000000,0.00000000,1.00000000,0.00000000,0.00000000,0,-1.38482363,-1.38482363,0.00000000,0.00000000,0.00000000,0.00000000,0.00000000,0.00000000,0
278428078,1,0,0,0,400,600,400,500,0,1,0,0,0,0,0,0,0,0.00000000,0.00000000,0.00000000,0.00000000,0.00000000,0.00000000,0,0,0,2,1,-0.04623809,-0.04624713,-0.00225892,0.00000000,0.00000000,0.00000000,0.00000000,0.00000000,1.00000000,0.00000000,0.00000000,0,-84.92100248,-84.92106355,0.00000000,0.00000000,0.00000000,4.28771501,3.92090112,0.00000000,0,0,0,2,0,-0.04623809,-0.04624713,-0.00225892,0.00000000,0.00000000,0.00000000,0.00000000,0.00000000,1.00000000,0.00000000,0.00000000,0,-1.38482363,-1.38482363,0.00000000,0.00000000,0.00000000,0.00000000,0.00000000,0.00000000,0
278428140,1,0,0,0,400,600,400,500,0,1,0,0,0,0,0,0,0,0.00000000,0.00000000,0.00000000,0.00000000,0.00000000,0.00000000,0,0,0,2,1,-0.04623809,-0.04624318,-0.00127064,0.00000000,0.00000000,0.00000000,0.00000000,0.00000000,1.00000000,0.00000000,0.00000000,0,-84.92100248,-84.92106355,0.00000000,0.00000000,0.00000000,4.28771501,3.92090112,0.00000000,0,0,0,2,0,-0.04623809,-0.04624318,-0.00127064,0.00000000,0.00000000,0.00000000,0.00000000,0.00000000,1.00000000,0.00000000,0.00000000,0,-1.38482363,-1.38482363,0.00000000,0.00000000,0.00000000,0.00000000,0.00000000,0.00000000,0
278428218,1,0,0,0,400,600,400,500,0,1,0,0,0,0,0,0,0,0.00000000,0.00000000,0.00000000,0.00000000,0.00000000,0.00000000,0,0,0,2,1,-0.04623809,-0.04624095,-0.00071474,0.00000000,0.00000000,0.00000000,0.00000000,0.00000000,1.00000000,0.00000000,0.00000000,0,-84.92100248,-84.92106355,0.00000000,0.00000000,0.00000000,4.28771501,3.92090112,0.00000000,0,0,0,2,0,-0.04623809,-0.04624095,-0.00071474,0.00000000,0.00000000,0.00000000,0.00000000,0.00000000,1.00000000,0.00000000,0.00000000,0,-1.38482363,-1.38482363,0.00000000,0.00000000,0.00000000,0.00000000,0.00000000,0.00000000,0
278428281,1,0,0,0,400,600,400,500,0,1,0,0,0,0,0,0,0,0.00000000,0.00000000,0.00000000,0.00000000,0.00000000,0.00000000,0,0,0,2,1,-0.04623809,-0.04623970,-0.00040204,0.00000000,0.00000000,0.00000000,0.00000000,0.00000000,1.00000000,0.00000000,0.00000000,0,-84.92100248,-84.92106355,0.00000000,0.00000000,0.00000000,4.28771501,3.92090112,0.00000000,0,0,0,2,0,-0.04623809,-0.04623970,-0.00040204,0.00000000,0.00000000,0.00000000,0.00000000,0.00000000,1.00000000,0.00000000,0.00000000,0,-1.38482363,-1.38482363,0.00000000,0.00000000,0.00000000,0.00000000,0.00000000,0.00000000,0
278428359,1,0,0,0,400,600,400,500,0,1,0,0,0,0,0,0,0,0.00000000,0.00000000,0.00000000,0.00000000,0.00000000,0.00000000,0,0,0,2,1,-0.04620855,-0.04623161,-0.00576605,0.00000000,0.00000000,0.00000000,0.00000000,0.00000000,1.00000000,0.00000000,0.00000000,0,-84.92100248,-84.92106355,0.00000000,0.00000000,0.00000000,4.28771501,3.92090112,0.00000000,0,0,0,2,0,-0.04620855,-0.04623161,-0.00576605,0.00000000,0.00000000,0.00000000,0.00000000,0.00000000,1.00000000,0.00000000,0.00000000,0,-1.38482363,-1.38482363,0.00000000,0.00000000,0.00000000,0.00000000,0.00000000,0.00000000,0
278428437,1,0,0,0,400,600,400,500,0,1,0,0,0,0,0,0,0,0.00000000,0.00000000,0.00000000,0.00000000,0.00000000,0.00000000,0,0,0,2,1,-0.04578186,-0.04606545,-0.07089907,0.00000000,0.00000000,0.00000000,0.00000000,0.00000000,1.00000000,0.00000000,0.00000000,0,-84.92100248,-84.92106355,0.00000000,0.00000000,0.00000000,4.28771501,3.92090112,0.00000000,0,0,0,2,0,-0.04578186,-0.04606545,-0.07089907,0.00000000,0.00000000,0.00000000,0.00000000,0.00000000,1.00000000,0.00000000,0.00000000,0,-1.38482363,-1.38482363,0.00000000,0.00000000,0.00000000,0.00000000,0.00000000,0.00000000,0
278428500,1,0,0,0,400,600,400,500,0,1,0,0,0,0,0,0,0,0.00000000,0.00000000,0.00000000,0.00000000,0.00000000,0.00000000,0,0,0,2,1,-0.04591016,-0.04597877,-0.01715279,0.00000000,0.00000000,0.00000000,0.00000000,0.00000000,1.00000000,0.00000000,0.00000000,0,-84.92100248,-84.92106355,0.00000000,0.00000000,0.00000000,4.28771501,3.92090112,0.00000000,0,0,0,2,0,-0.04591016,-0.04597877,-0.01715279,0.00000000,0.00000000,0.00000000,0.00000000,0.00000000,1.00000000,0.00000000,0.00000000,0,-1.38482363,-1.38482363,0.00000000,0.00000000,0.00000000,0.00000000,0.00000000,0.00000000,0
278428578,1,0,0,0,400,600,400,500,0,1,0,0,0,0,0,0,0,0.00000000,0.00000000,0.00000000,0.00000000,0.00000000,0.00000000,0,0,0,2,1,-0.04591016,-0.04594876,-0.00964826,0.00000000,0.00000000,0.00000000,0.00000000,0.00000000,1.00000000,0.00000000,0.00000000,0,-84.92100248,-84.92106355,0.00000000,0.00000000,0.00000000,4.28771501,3.92090112,0.00000000,0,0,0,2,0,-0.04591016,-0.04594876,-0.00964826,0.00000000,0.00000000,0.00000000,0.00000000,0.00000000,1.00000000,0.00000000,0.00000000,0,-1.38482363,-1.38482363,0.00000000,0.00000000,0.00000000,0.00000000,0.00000000,0.00000000,0
278428640,1,0,0,0,400,600,400,500,0,1,0,0,0,0,0,0,0,0.00000000,0.00000000,0.00000000,0.00000000,0.00000000,0.00000000,0,0,0,2,1,-0.04566778,-0.04587128,-0.05087390,0.00000000,0.00000000,0.00000000,0.00000000,0.00000000,1.00000000,0.00000000,0.00000000,0,-84.92100248,-84.92106355,0.00000000,0.00000000,0.00000000,4.28771501,3.92090112,0.00000000,0,0,0,2,0,-0.04566778,-0.04587128,-0.05087390,0.00000000,0.00000000,0.00000000,0.00000000,0.00000000,1.00000000,0.00000000,0.00000000,0,-1.38482363,-1.38482363,0.00000000,0.00000000,0.00000000,0.00000000,0.00000000,0.00000000,0
278428703,1,0,0,0,400,600,400,500,0,1,0,0,0,0,0,0,0,0.00000000,0.00000000,0.00000000,0.00000000,0.00000000,0.00000000,0,0,0,2,1,-0.04566778,-0.04578225,-0.02861659,0.00000000,0.00000000,0.00000000,0.00000000,0.00000000,1.00000000,0.00000000,0.00000000,0,-84.92100248,-84.92106355,0.00000000,0.00000000,0.00000000,4.28771501,3.92090112,0.00000000,0,0,0,2,0,-0.04566778,-0.04578225,-0.02861659,0.00000000,0.00000000,0.00000000,0.00000000,0.00000000,1.00000000,0.00000000,0.00000000,0,-1.38482363,-1.38482363,0.00000000,0.00000000,0.00000000,0.00000000,0.00000000,0.00000000,0
278428796,1,0,0,0,400,600,400,500,0,1,0,0,0,0,0,0,0,0.00000000,0.00000000,0.00000000,0.00000000,0.00000000,0.00000000,0,0,0,2,1,-0.04566778,-0.04573217,-0.01609683,0.00000000,0.00000000,0.00000000,0.00000000,0.00000000,1.00000000,0.00000000,0.00000000,0,-84.92100248,-84.92106355,0.00000000,0.00000000,0.00000000,4.28771501,3.92090112,0.00000000,0,0,0,2,0,-0.04566778,-0.04573217,-0.01609683,0.00000000,0.00000000,0.00000000,0.00000000,0.00000000,1.00000000,0.00000000,0.00000000,0,-1.38482363,-1.38482363,0.00000000,0.00000000,0.00000000,0.00000000,0.00000000,0.00000000,0
278428859,1,0,0,0,400,600,400,500,0,1,0,0,0,0,0,0,0,0.00000000,0.00000000,0.00000000,0.00000000,0.00000000,0.00000000,0,0,0,2,1,-0.04568204,-0.04571024,-0.00704946,0.00000000,0.00000000,0.00000000,0.00000000,0.00000000,1.00000000,0.00000000,0.00000000,0,-84.92100248,-84.92106355,0.00000000,0.00000000,0.00000000,4.28771501,3.92090112,0.00000000,0,0,0,2,0,-0.04568204,-0.04571024,-0.00704946,0.00000000,0.00000000,0.00000000,0.00000000,0.00000000,1.00000000,0.00000000,0.00000000,0,-1.38482363,-1.38482363,0.00000000,0.00000000,0.00000000,0.00000000,0.00000000,0.00000000,0
278428921,1,0,0,0,400,600,400,500,0,1,0,0,0,0,0,0,0,0.00000000,0.00000000,0.00000000,0.00000000,0.00000000,0.00000000,0,0,0,2,1,-0.04569630,-0.04570403,-0.00193277,0.00000000,0.00000000,0.00000000,0.00000000,0.00000000,1.00000000,0.00000000,0.00000000,0,-84.92100248,-84.92106355,0.00000000,0.00000000,0.00000000,4.28771501,3.92090112,0.00000000,0,0,0,2,0,-0.04569630,-0.04570403,-0.00193277,0.00000000,0.00000000,0.00000000,0.00000000,0.00000000,1.00000000,0.00000000,0.00000000,0,-1.38482363,-1.38482363,0.00000000,0.00000000,0.00000000,0.00000000,0.00000000,0.00000000,0
278428984,1,0,0,0,400,600,400,500,0,1,0,0,0,0,0,0,0,0.00000000,0.00000000,0.00000000,0.00000000,0.00000000,0.00000000,0,0,0,2,1,-0.04571055,-0.04570421,0.00158616,0.00000000,0.00000000,0.00000000,0.00000000,0.00000000,1.00000000,0.00000000,0.00000000,0,-84.92100248,-84.92106355,0.00000000,0.00000000,0.00000000,4.28771501,3.92090112,0.00000000,0,0,0,2,0,-0.04571055,-0.04570421,0.00158616,0.00000000,0.00000000,0.00000000,0.00000000,0.00000000,1.00000000,0.00000000,0.00000000,0,-1.38482363,-1.38482363,0.00000000,0.00000000,0.00000000,0.00000000,0.00000000,0.00000000,0
278429062,1,0,0,0,400,600,400,500,0,1,0,0,0,0,0,0,0,0.00000000,0.00000000,0.00000000,0.00000000,0.00000000,0.00000000,0,0,0,2,1,-0.04572407,-0.04571036,0.00342591,0.00000000,0.00000000,0.00000000,0.00000000,0.00000000,1.00000000,0.00000000,0.00000000,0,-84.92100248,-84.92106355,0.00000000,0.00000000,0.00000000,4.28771501,3.92090112,0.00000000,0,0,0,2,0,-0.04572407,-0.04571036,0.00342591,0.00000000,0.00000000,0.00000000,0.00000000,0.00000000,1.00000000,0.00000000,0.00000000,0,-1.38482363,-1.38482363,0.00000000,0.00000000,0.00000000,0.00000000,0.00000000,0.00000000,0
278429140,1,0,0,0,400,600,400,500,0,1,0,0,0,0,0,0,0,0.00000000,0.00000000,0.00000000,0.00000000,0.00000000,0.00000000,0,0,0,2,1,-0.04621635,-0.04585360,0.09068631,0.00000000,0.00000000,0.00000000,0.00000000,0.00000000,1.00000000,0.00000000,0.00000000,0,-84.83031617,-84.92106355,0.00000000,0.00000000,0.00000000,4.28771501,3.92090112,0.00000000,0,0,0,2,0,-0.04621635,-0.04585360,0.09068631,0.00000000,0.00000000,0.00000000,0.00000000,0.00000000,1.00000000,0.00000000,0.00000000,0,-1.38482363,-1.38482363,0.00000000,0.00000000,0.00000000,0.00000000,0.00000000,0.00000000,0
278429203,1,0,0,0,400,600,400,500,0,1,0,0,0,0,0,0,0,0.00000000,0.00000000,0.00000000,0.00000000,0.00000000,0.00000000,0,0,0,2,1,-0.04750740,-0.04649392,0.25337024,0.00000000,0.00000000,0.00000000,0.00000000,0.00000000,1.00000000,0.00000000,0.00000000,0,-84.35007942,-84.74317211,0.00000000,0.00000000,0.00000000,4.28771501,3.92090112,0.00000000,0,0,0,2,0,-0.04750740,-0.04649392,0.25337024,0.00000000,0.00000000,0.00000000,0.00000000,0.00000000,1.00000000,0.00000000,0.00000000,0,-1.38482363,-1.38482363,0.00000000,0.00000000,0.00000000,0.00000000,0.00000000,0.00000000,0
278429281,1,0,0,0,400,600,400,500,0,1,0,0,0,0,0,0,0,0.00000000,0.00000000,0.00000000,0.00000000,0.00000000,0.00000000,0,0,0,2,1,-0.04823430,-0.04718386,0.26260935,0.00000000,0.00000000,0.00000000,0.00000000,0.00000000,1.00000000,0.00000000,0.00000000,0,-83.83262286,-84.22097464,0.00000000,0.00000000,0.00000000,4.28771501,3.92090112,0.00000000,0,0,0,2,0,-0.04823430,-0.04718386,0.26260935,0.00000000,0.00000000,0.00000000,0.00000000,0.00000000,1.00000000,0.00000000,0.00000000,0,-1.38482363,-1.38482363,0.00000000,0.00000000,0.00000000,0.00000000,0.00000000,0.00000000,0
278429359,1,0,0,0,400,600,400,500,0,1,0,0,0,0,0,0,0,0.00000000,0.00000000,0.00000000,0.00000000,0.00000000,0.00000000,0,0,0,2,1,-0.04897333,-0.04790167,0.26791449,0.00000000,0.00000000,0.00000000,0.00000000,0.00000000,1.00000000,0.00000000,0.00000000,0,-83.29426302,-83.70839293,0.00000000,0.00000000,0.00000000,4.28771501,3.92090112,0.00000000,0,0,0,2,0,-0.04897333,-0.04790167,0.26791449,0.00000000,0.00000000,0.00000000,0.00000000,0.00000000,1.00000000,0.00000000,0.00000000,0,-1.38482363,-1.38482363,0.00000000,0.00000000,0.00000000,0.00000000,0.00000000,0.00000000,0
278429421,1,0,0,0,400,600,400,500,0,1,0,0,0,0,0,0,0,0.00000000,0.00000000,0.00000000,0.00000000,0.00000000,0.00000000,0,0,0,2,1,-0.04930141,-0.04848763,0.20344433,0.00000000,0.00000000,0.00000000,0.00000000,0.00000000,1.00000000,0.00000000,0.00000000,0,-82.85479431,-83.23675572,0.00000000,0.00000000,0.00000000,4.28771501,3.92090112,0.00000000,0,0,0,2,0,-0.04930141,-0.04848763,0.20344433,0.00000000,0.00000000,0.00000000,0.00000000,0.00000000,1.00000000,0.00000000,0.00000000,0,-1.38482363,-1.38482363,0.00000000,0.00000000,0.00000000,0.00000000,0.00000000,0.00000000,0
278429515,1,0,0,0,400,600,400,500,0,1,0,0,0,0,0,0,0,0.00000000,0.00000000,0.00000000,0.00000000,0.00000000,0.00000000,0,0,0,2,1,-0.04936055,-0.04886953,0.12275476,0.00000000,0.00000000,0.00000000,0.00000000,0.00000000,1.00000000,0.00000000,0.00000000,0,-82.56836655,-82.78450511,0.00000000,0.00000000,0.00000000,4.28771501,3.92090112,0.00000000,0,0,0,2,0,-0.04936055,-0.04886953,0.12275476,0.00000000,0.00000000,0.00000000,0.00000000,0.00000000,1.00000000,0.00000000,0.00000000,0,-1.38482363,-1.38482363,0.00000000,0.00000000,0.00000000,0.00000000,0.00000000,0.00000000,0
278429578,1,0,0,0,400,600,400,500,0,1,0,0,0,0,0,0,0,0.00000000,0.00000000,0.00000000,0.00000000,0.00000000,0.00000000,0,0,0,2,1,-0.04944581,-0.04910761,0.08454991,0.00000000,0.00000000,0.00000000,0.00000000,0.00000000,1.00000000,0.00000000,0.00000000,0,-82.38980948,-82.52798162,0.00000000,0.00000000,0.00000000,4.28771501,3.92090112,0.00000000,0,0,0,2,0,-0.04944581,-0.04910761,0.08454991,0.00000000,0.00000000,0.00000000,0.00000000,0.00000000,1.00000000,0.00000000,0.00000000,0,-1.38482363,-1.38482363,0.00000000,0.00000000,0.00000000,0.00000000,0.00000000,0.00000000,0
278429656,1,0,0,0,400,600,400,500,0,1,0,0,0,0,0,0,0,0.00000000,0.00000000,0.00000000,0.00000000,0.00000000,0.00000000,0,0,0,2,1,-0.04958747,-0.04930167,0.07144999,0.00000000,0.00000000,0.00000000,0.00000000,0.00000000,1.00000000,0.00000000,0.00000000,0,-82.24426807,-82.36513418,0.00000000,0.00000000,0.00000000,4.28771501,3.92090112,0.00000000,0,0,0,2,0,-0.04958747,-0.04930167,0.07144999,0.00000000,0.00000000,0.00000000,0.00000000,0.00000000,1.00000000,0.00000000,0.00000000,0,-1.38482363,-1.38482363,0.00000000,0.00000000,0.00000000,0.00000000,0.00000000,0.00000000,0
278429718,1,0,0,0,400,600,400,500,0,1,0,0,0,0,0,0,0,0.00000000,0.00000000,0.00000000,0.00000000,0.00000000,0.00000000,0,0,0,2,1,-0.04983106,-0.04951951,0.07788673,0.00000000,0.00000000,0.00000000,0.00000000,0.00000000,1.00000000,0.00000000,0.00000000,0,-82.08088157,-82.21019647,0.00000000,0.00000000,0.00000000,4.28771501,3.92090112,0.00000000,0,0,0,2,0,-0.04983106,-0.04951951,0.07788673,0.00000000,0.00000000,0.00000000,0.00000000,0.00000000,1.00000000,0.00000000,0.00000000,0,-1.38482363,-1.38482363,0.00000000,0.00000000,0.00000000,0.00000000,0.00000000,0.00000000,0
278429796,1,0,0,0,400,600,400,500,0,1,0,0,0,0,0,0,0,0.00000000,0.00000000,0.00000000,0.00000000,0.00000000,0.00000000,0,0,0,2,1,-0.04983106,-0.04965582,0.04381129,0.00000000,0.00000000,0.00000000,0.00000000,0.00000000,1.00000000,0.00000000,0.00000000,0,-81.97865523,-82.06177266,0.00000000,0.00000000,0.00000000,4.28771501,3.92090112,0.00000000,0,0,0,2,0,-0.04983106,-0.04965582,0.04381129,0.00000000,0.00000000,0.00000000,0.00000000,0.00000000,1.00000000,0.00000000,0.00000000,0,-1.38482363,-1.38482363,0.00000000,0.00000000,0.00000000,0.00000000,0.00000000,0.00000000,0
278429875,1,0,0,0,400,600,400,500,0,1,0,0,0,0,0,0,0,0.00000000,0.00000000,0.00000000,0.00000000,0.00000000,0.00000000,0,0,0,2,1,-0.04983106,-0.04973249,0.02464385,0.00000000,0.00000000,0.00000000,0.00000000,0.00000000,1.00000000,0.00000000,0.00000000,0,-81.92115292,-81.96421929,0.00000000,0.00000000,0.00000000,4.28771501,3.92090112,0.00000000,0,0,0,2,0,-0.04983106,-0.04973249,0.02464385,0.00000000,0.00000000,0.00000000,0.00000000,0.00000000,1.00000000,0.00000000,0.00000000,0,-1.38482363,-1.38482363,0.00000000,0.00000000,0.00000000,0.00000000,0.00000000,0.00000000,0
278429937,1,0,0,0,400,600,400,500,0,1,0,0,0,0,0,0,0,0.00000000,0.00000000,0.00000000,0.00000000,0.00000000,0.00000000,0,0,0,2,1,-0.04983106,-0.04977561,0.01386217,0.00000000,0.00000000,0.00000000,0.00000000,0.00000000,1.00000000,0.00000000,0.00000000,0,-81.92115292,-81.92420534,0.00000000,0.00000000,0.00000000,4.28771501,3.92090112,0.00000000,0,0,0,2,0,-0.04983106,-0.04977561,0.01386217,0.00000000,0.00000000,0.00000000,0.00000000,0.00000000,1.00000000,0.00000000,0.00000000,0,-1.38482363,-1.38482363,0.00000000,0.00000000,0.00000000,0.00000000,0.00000000,0.00000000,0
278430015,1,0,0,0,400,600,400,500,0,1,0,0,0,0,0,0,0,0.00000000,0.00000000,0.00000000,0.00000000,0.00000000,0.00000000,0,0,0,2,1,-0.04986377,-0.04981339,0.01259462,0.00000000,0.00000000,0.00000000,0.00000000,0.00000000,1.00000000,0.00000000,0.00000000,0,-81.92115292,-81.92048312,0.00000000,0.00000000,0.00000000,4.28771501,3.92090112,0.00000000,0,0,0,2,0,-0.04986377,-0.04981339,0.01259462,0.00000000,0.00000000,0.00000000,0.00000000,0.00000000,1.00000000,0.00000000,0.00000000,0,-1.38482363,-1.38482363,0.00000000,0.00000000,0.00000000,0.00000000,0.00000000,0.00000000,0
278430078,1,0,0,0,400,600,400,500,0,1,0,0,0,0,0,0,0,0.00000000,0.00000000,0.00000000,0.00000000,0.00000000,0.00000000,0,0,0,2,1,-0.04987384,-0.04983983,0.00850008,0.00000000,0.00000000,0.00000000,0.00000000,0.00000000,1.00000000,0.00000000,0.00000000,0,-81.92115292,-81.92032802,0.00000000,0.00000000,0.00000000,4.28771501,3.92090112,0.00000000,0,0,0,2,0,-0.04987384,-0.04983983,0.00850008,0.00000000,0.00000000,0.00000000,0.00000000,0.00000000,1.00000000,0.00000000,0.00000000,0,-1.38482363,-1.38482363,0.00000000,0.00000000,0.00000000,0.00000000,0.00000000,0.00000000,0
278430156,1,0,0,0,400,600,400,500,0,1,0,0,0,0,0,0,0,0.00000000,0.00000000,0.00000000,0.00000000,0.00000000,0.00000000,0,0,0,2,1,-0.04987384,-0.04985471,0.00478129,0.00000000,0.00000000,0.00000000,0.00000000,0.00000000,1.00000000,0.00000000,0.00000000,0,-81.92115292,-81.92048312,0.00000000,0.00000000,0.00000000,4.28771501,3.92090112,0.00000000,0,0,0,2,0,-0.04987384,-0.04985471,0.00478129,0.00000000,0.00000000,0.00000000,0.00000000,0.00000000,1.00000000,0.00000000,0.00000000,0,-1.38482363,-1.38482363,0.00000000,0.00000000,0.00000000,0.00000000,0.00000000,0.00000000,0
278430234,1,0,0,0,400,600,400,500,0,1,0,0,0,0,0,0,0,0.00000000,0.00000000,0.00000000,0.00000000,0.00000000,0.00000000,0,0,0,2,1,-0.04934770,-0.04969872,-0.08775623,0.00000000,0.00000000,0.00000000,0.00000000,0.00000000,1.00000000,0.00000000,0.00000000,0,-81.92115292,-81.92079330,0.00000000,0.00000000,0.00000000,4.28771501,3.92090112,0.00000000,0,0,0,2,0,-0.04934770,-0.04969872,-0.08775623,0.00000000,0.00000000,0.00000000,0.00000000,0.00000000,1.00000000,0.00000000,0.00000000,0,-1.38482363,-1.38482363,0.00000000,0.00000000,0.00000000,0.00000000,0.00000000,0.00000000,0
278430312,1,0,0,0,400,600,400,500,0,1,0,0,0,0,0,0,0,0.00000000,0.00000000,0.00000000,0.00000000,0.00000000,0.00000000,0,0,0,2,1,-0.04866445,-0.04927923,-0.15369616,0.00000000,0.00000000,0.00000000,0.00000000,0.00000000,1.00000000,0.00000000,0.00000000,0,-81.92115292,-81.92079330,0.00000000,0.00000000,0.00000000,4.28771501,3.92090112,0.00000000,0,0,0,2,0,-0.04866445,-0.04927923,-0.15369616,0.00000000,0.00000000,0.00000000,0.00000000,0.00000000,1.00000000,0.00000000,0.00000000,0,-1.38482363,-1.38482363,0.00000000,0.00000000,0.00000000,0.00000000,0.00000000,0.00000000,0
278430375,1,0,0,0,400,600,400,500,0,1,0,0,0,0,0,0,0,0.00000000,0.00000000,0.00000000,0.00000000,0.00000000,0.00000000,0,0,0,2,1,-0.04856212,-0.04896825,-0.10153421,0.00000000,0.00000000,0.00000000,0.00000000,0.00000000,1.00000000,0.00000000,0.00000000,0,-81.92115292,-81.92094839,0.00000000,0.00000000,0.00000000,4.28771501,3.92090112,0.00000000,0,0,0,2,0,-0.04856212,-0.04896825,-0.10153421,0.00000000,0.00000000,0.00000000,0.00000000,0.00000000,1.00000000,0.00000000,0.00000000,0,-1.38482363,-1.38482363,0.00000000,0.00000000,0.00000000,0.00000000,0.00000000,0.00000000,0
278430453,1,0,0,0,400,600,400,500,0,1,0,0,0,0,0,0,0,0.00000000,0.00000000,0.00000000,0.00000000,0.00000000,0.00000000,0,0,0,2,1,-0.04855029,-0.04878761,-0.05933025,0.00000000,0.00000000,0.00000000,0.00000000,0.00000000,1.00000000,0.00000000,0.00000000,0,-81.92115292,-81.92094839,0.00000000,0.00000000,0.00000000,4.28771501,3.92090112,0.00000000,0,0,0,2,0,-0.04855029,-0.04878761,-0.05933025,0.00000000,0.00000000,0.00000000,0.00000000,0.00000000,1.00000000,0.00000000,0.00000000,0,-1.38482363,-1.38482363,0.00000000,0.00000000,0.00000000,0.00000000,0.00000000,0.00000000,0
278430515,1,0,0,0,400,600,400,500,0,1,0,0,0,0,0,0,0,0.00000000,0.00000000,0.00000000,0.00000000,0.00000000,0.00000000,0,0,0,2,1,-0.04854786,-0.04868272,-0.03371533,0.00000000,0.00000000,0.00000000,0.00000000,0.00000000,1.00000000,0.00000000,0.00000000,0,-81.92115292,-81.92110349,0.00000000,0.00000000,0.00000000,4.28771501,3.92090112,0.00000000,0,0,0,2,0,-0.04854786,-0.04868272,-0.03371533,0.00000000,0.00000000,0.00000000,0.00000000,0.00000000,1.00000000,0.00000000,0.00000000,0,-1.38482363,-1.38482363,0.00000000,0.00000000,0.00000000,0.00000000,0.00000000,0.00000000,0
278430593,1,0,0,0,400,600,400,500,0,1,0,0,0,0,0,0,0,0.00000000,0.00000000,0.00000000,0.00000000,0.00000000,0.00000000,0,0,0,2,1,-0.04854786,-0.04862372,-0.01896487,0.00000000,0.00000000,0.00000000,0.00000000,0.00000000,1.00000000,0.00000000,0.00000000,0,-81.92115292,-81.92110349,0.00000000,0.00000000,0.00000000,4.28771501,3.92090112,0.00000000,0,0,0,2,0,-0.04854786,-0.04862372,-0.01896487,0.00000000,0.00000000,0.00000000,0.00000000,0.00000000,1.00000000,0.00000000,0.00000000,0,-1.38482363,-1.38482363,0.00000000,0.00000000,0.00000000,0.00000000,0.00000000,0.00000000,0
278430671,1,0,0,0,400,600,400,500,0,1,0,0,0,0,0,0,0,0.00000000,0.00000000,0.00000000,0.00000000,0.00000000,0.00000000,0,0,0,2,1,-0.04904926,-0.04873217,0.07927331,0.00000000,0.00000000,0.00000000,0.00000000,0.00000000,1.00000000,0.00000000,0.00000000,0,-81.84187961,-81.92110349,0.00000000,0.00000000,0.00000000,4.28771501,3.92090112,0.00000000,0,0,0,2,0,-0.04904926,-0.04873217,0.07927331,0.00000000,0.00000000,0.00000000,0.00000000,0.00000000,1.00000000,0.00000000,0.00000000,0,-1.38482363,-1.38482363,0.00000000,0.00000000,0.00000000,0.00000000,0.00000000,0.00000000,0
278430765,1,0,0,0,400,600,400,500,0,1,0,0,0,0,0,0,0,0.00000000,0.00000000,0.00000000,0.00000000,0.00000000,0.00000000,0,0,0,2,1,-0.04984368,-0.04915448,0.17229915,0.00000000,0.00000000,0.00000000,0.00000000,0.00000000,1.00000000,0.00000000,0.00000000,0,-81.52514156,-81.75282780,0.00000000,0.00000000,0.00000000,4.28771501,3.92090112,0.00000000,0,0,0,2,0,-0.04984368,-0.04915448,0.17229915,0.00000000,0.00000000,0.00000000,0.00000000,0.00000000,1.00000000,0.00000000,0.00000000,0,-1.38482363,-1.38482363,0.00000000,0.00000000,0.00000000,0.00000000,0.00000000,0.00000000,0
278430843,1,0,0,0,400,600,400,500,0,1,0,0,0,0,0,0,0,0.00000000,0.00000000,0.00000000,0.00000000,0.00000000,0.00000000,0,0,0,2,1,-0.05021602,-0.04961156,0.15111690,0.00000000,0.00000000,0.00000000,0.00000000,0.00000000,1.00000000,0.00000000,0.00000000,0,-81.18233724,-81.42232504,0.00000000,0.00000000,0.00000000,4.28771501,3.92090112,0.00000000,0,0,0,2,0,-0.05021602,-0.04961156,0.15111690,0.00000000,0.00000000,0.00000000,0.00000000,0.00000000,1.00000000,0.00000000,0.00000000,0,-1.38482363,-1.38482363,0.00000000,0.00000000,0.00000000,0.00000000,0.00000000,0.00000000,0
278430921,1,0,0,0,400,600,400,500,0,1,0,0,0,0,0,0,0,0.00000000,0.00000000,0.00000000,0.00000000,0.00000000,0.00000000,0,0,0,2,1,-0.05057045,-0.04998894,0.14537840,0.00000000,0.00000000,0.00000000,0.00000000,0.00000000,1.00000000,0.00000000,0.00000000,0,-80.89930034,-81.12066954,0.00000000,0.00000000,0.00000000,4.28771501,3.92090112,0.00000000,0,0,0,2,0,-0.05057045,-0.04998894,0.14537840,0.00000000,0.00000000,0.00000000,0.00000000,0.00000000,1.00000000,0.00000000,0.00000000,0,-1.38482363,-1.38482363,0.00000000,0.00000000,0.00000000,0.00000000,0.00000000,0.00000000,0
278431031,1,0,0,0,400,600,400,500,0,1,0,0,0,0,0,0,0,0.00000000,0.00000000,0.00000000,0.00000000,0.00000000,0.00000000,0,0,0,2,1,-0.05092177,-0.05034475,0.14425487,0.00000000,0.00000000,0.00000000,0.00000000,0.00000000,1.00000000,0.00000000,0.00000000,0,-80.63244375,-80.81017375,0.00000000,0.00000000,0.00000000,4.28771501,3.92090112,0.00000000,0,0,0,2,0,-0.05092177,-0.05034475,0.14425487,0.00000000,0.00000000,0.00000000,0.00000000,0.00000000,1.00000000,0.00000000,0.00000000,0,-1.38482363,-1.38482363,0.00000000,0.00000000,0.00000000,0.00000000,0.00000000,0.00000000,0
278431125,1,0,0,0,400,600,400,500,0,1,0,0,0,0,0,0,0,0.00000000,0.00000000,0.00000000,0.00000000,0.00000000,0.00000000,0,0,0,2,1,-0.05165274,-0.05086882,0.19598107,0.00000000,0.00000000,0.00000000,0.00000000,0.00000000,1.00000000,0.00000000,0.00000000,0,-80.23939142,-80.51828910,0.00000000,0.00000000,0.00000000,4.28771501,3.92090112,0.00000000,0,0,0,2,0,-0.05165274,-0.05086882,0.19598107,0.00000000,0.00000000,0.00000000,0.00000000,0.00000000,1.00000000,0.00000000,0.00000000,0,-1.38482363,-1.38482363,0.00000000,0.00000000,0.00000000,0.00000000,0.00000000,0.00000000,0
278431203,1,0,0,0,400,600,400,500,0,1,0,0,0,0,0,0,0,0.00000000,0.00000000,0.00000000,0.00000000,0.00000000,0.00000000,0,0,0,2,1,-0.05242661,-0.05148427,0.23558473,0.00000000,0.00000000,0.00000000,0.00000000,0.00000000,1.00000000,0.00000000,0.00000000,0,-79.77780369,-80.12761033,0.00000000,0.00000000,0.00000000,4.28771501,3.92090112,0.00000000,0,0,0,2,0,-0.05242661,-0.05148427,0.23558473,0.00000000,0.00000000,0.00000000,0.00000000,0.00000000,1.00000000,0.00000000,0.00000000,0,-1.38482363,-1.38482363,0.00000000,0.00000000,0.00000000,0.00000000,0.00000000,0.00000000,0
278431281,1,0,0,0,400,600,400,500,0,1,0,0,0,0,0,0,0,0.00000000,0.00000000,0.00000000,0.00000000,0.00000000,0.00000000,0,0,0,2,1,-0.05266987,-0.05199685,0.16825555,0.00000000,0.00000000,0.00000000,0.00000000,0.00000000,1.00000000,0.00000000,0.00000000,0,-79.39336808,-79.65426710,0.00000000,0.00000000,0.00000000,4.28771501,3.92090112,0.00000000,0,0,0,2,0,-0.05266987,-0.05199685,0.16825555,0.00000000,0.00000000,0.00000000,0.00000000,0.00000000,1.00000000,0.00000000,0.00000000,0,-1.38482363,-1.38482363,0.00000000,0.00000000,0.00000000,0.00000000,0.00000000,0.00000000,0
278431375,1,0,0,0,400,600,400,500,0,1,0,0,0,0,0,0,0,0.00000000,0.00000000,0.00000000,0.00000000,0.00000000,0.00000000,0,0,0,2,1,-0.05266839,-0.05229332,0.09376917,0.00000000,0.00000000,0.00000000,0.00000000,0.00000000,1.00000000,0.00000000,0.00000000,0,-79.17101566,-79.51266737,0.00000000,0.00000000,0.00000000,4.28771501,3.92090112,0.00000000,0,0,0,2,0,-0.05266839,-0.05229332,0.09376917,0.00000000,0.00000000,0.00000000,0.00000000,0.00000000,1.00000000,0.00000000,0.00000000,0,-1.38482363,-1.38482363,0.00000000,0.00000000,0.00000000,0.00000000,0.00000000,0.00000000,0
278431437,1,0,0,0,400,600,400,100,0,1,0,0,1,0,0,0,0,0.00000000,0.00000000,0.00000000,0.00000000,0.00000000,0.00000000,0,0,0,6,1,-0.05239355,-0.05231838,0.01879355,0.00000000,0.00000000,0.00000000,0.00000000,0.00000000,1.00000000,0.00000000,0.00000000,0,-79.17101566,-79.51266737,0.00000000,0.00000000,0.00000000,4.28771501,3.92090112,0.00000000,0,0,0,6,0,-0.05239355,-0.05231838,0.01879355,0.00000000,0.00000000,0.00000000,0.00000000,0.00000000,1.00000000,0.00000000,0.00000000,0,-1.38482363,-1.38482363,0.00000000,0.00000000,0.00000000,0.00000000,0.00000000,0.00000000,0
278431500,1,0,0,0,400,600,400,100,0,1,0,0,1,0,0,0,0,0.00000000,0.00000000,0.00000000,0.00000000,0.00000000,0.00000000,0,0,0,6,1,-0.05239355,-0.05231838,0.01879355,0.00000000,0.00000000,0.00000000,0.00000000,0.00000000,1.00000000,0.00000000,0.00000000,0,-79.17101566,-79.51266737,0.00000000,0.00000000,0.00000000,4.28771501,3.92090112,0.00000000,0,0,0,6,0,-0.05239355,-0.05231838,0.01879355,0.00000000,0.00000000,0.00000000,0.00000000,0.00000000,1.00000000,0.00000000,0.00000000,0,-1.38482363,-1.38482363,0.00000000,0.00000000,0.00000000,0.00000000,0.00000000,0.00000000,0
278431578,1,0,0,0,400,600,400,100,0,1,0,0,1,0,0,0,0,0.00000000,0.00000000,0.00000000,0.00000000,0.00000000,0.00000000,0,0,0,6,1,-0.05239355,-0.05231838,0.01879355,0.00000000,0.00000000,0.00000000,0.00000000,0.00000000,1.00000000,0.00000000,0.00000000,0,-79.17101566,-79.51266737,0.00000000,0.00000000,0.00000000,4.28771501,3.92090112,0.00000000,0,0,0,6,0,-0.05239355,-0.05231838,0.01879355,0.00000000,0.00000000,0.00000000,0.00000000,0.00000000,1.00000000,0.00000000,0.00000000,0,-1.38482363,-1.38482363,0.00000000,0.00000000,0.00000000,0.00000000,0.00000000,0.00000000,0
278431656,1,0,0,0,400,600,400,100,0,1,0,0,1,0,0,0,0,0.00000000,0.00000000,0.00000000,0.00000000,0.00000000,0.00000000,0,0,0,6,1,-0.05239355,-0.05231838,0.01879355,0.00000000,0.00000000,0.00000000,0.00000000,0.00000000,1.00000000,0.00000000,0.00000000,0,-79.17101566,-79.51266737,0.00000000,0.00000000,0.00000000,4.28771501,3.92090112,0.00000000,0,0,0,6,0,-0.05239355,-0.05231838,0.01879355,0.00000000,0.00000000,0.00000000,0.00000000,0.00000000,1.00000000,0.00000000,0.00000000,0,-1.38482363,-1.38482363,0.00000000,0.00000000,0.00000000,0.00000000,0.00000000,0.00000000,0
278431734,1,0,0,0,400,600,400,100,0,1,0,0,1,0,0,0,0,0.00000000,0.00000000,0.00000000,0.00000000,0.00000000,0.00000000,0,0,0,6,1,-0.05239355,-0.05231838,0.01879355,0.00000000,0.00000000,0.00000000,0.00000000,0.00000000,1.00000000,0.00000000,0.00000000,0,-79.17101566,-79.51266737,0.00000000,0.00000000,0.00000000,4.28771501,3.92090112,0.00000000,0,0,0,6,0,-0.05239355,-0.05231838,0.01879355,0.00000000,0.00000000,0.00000000,0.00000000,0.00000000,1.00000000,0.00000000,0.00000000,0,-1.38482363,-1.38482363,0.00000000,0.00000000,0.00000000,0.00000000,0.00000000,0.00000000,0
278431796,1,0,0,0,400,600,400,100,0,1,0,0,1,0,0,0,0,0.00000000,0.00000000,0.00000000,0.00000000,0.00000000,0.00000000,0,0,0,6,1,-0.05239355,-0.05231838,0.01879355,0.00000000,0.00000000,0.00000000,0.00000000,0.00000000,1.00000000,0.00000000,0.00000000,0,-79.17101566,-79.51266737,0.00000000,0.00000000,0.00000000,4.28771501,3.92090112,0.00000000,0,0,0,6,0,-0.05239355,-0.05231838,0.01879355,0.00000000,0.00000000,0.00000000,0.00000000,0.00000000,1.00000000,0.00000000,0.00000000,0,-1.38482363,-1.38482363,0.00000000,0.00000000,0.00000000,0.00000000,0.00000000,0.00000000,0
278431875,1,0,0,0,400,600,400,100,0,1,0,0,1,0,0,0,0,0.00000000,0.00000000,0.00000000,0.00000000,0.00000000,0.00000000,0,0,0,6,1,-0.05239355,-0.05231838,0.01879355,0.00000000,0.00000000,0.00000000,0.00000000,0.00000000,1.00000000,0.00000000,0.00000000,0,-79.17101566,-79.51266737,0.00000000,0.00000000,0.00000000,4.28771501,3.92090112,0.00000000,0,0,0,6,0,-0.05239355,-0.05231838,0.01879355,0.00000000,0.00000000,0.00000000,0.00000000,0.00000000,1.00000000,0.00000000,0.00000000,0,-1.38482363,-1.38482363,0.00000000,0.00000000,0.00000000,0.00000000,0.00000000,0.00000000,0
278431937,1,0,0,0,400,600,400,100,0,1,0,0,1,0,0,0,0,0.00000000,0.00000000,0.00000000,0.00000000,0.00000000,0.00000000,0,0,0,6,1,-0.05239355,-0.05231838,0.01879355,0.00000000,0.00000000,0.00000000,0.00000000,0.00000000,1.00000000,0.00000000,0.00000000,0,-79.17101566,-79.51266737,0.00000000,0.00000000,0.00000000,4.28771501,3.92090112,0.00000000,0,0,0,6,0,-0.05239355,-0.05231838,0.01879355,0.00000000,0.00000000,0.00000000,0.00000000,0.00000000,1.00000000,0.00000000,0.00000000,0,-1.38482363,-1.38482363,0.00000000,0.00000000,0.00000000,0.00000000,0.00000000,0.00000000,0
278432000,1,0,0,0,400,600,400,100,0,1,0,0,1,0,0,0,0,0.00000000,0.00000000,0.00000000,0.00000000,0.00000000,0.00000000,0,0,0,6,1,-0.05239355,-0.05231838,0.01879355,0.00000000,0.00000000,0.00000000,0.00000000,0.00000000,1.00000000,0.00000000,0.00000000,0,-79.17101566,-79.51266737,0.00000000,0.00000000,0.00000000,4.28771501,3.92090112,0.00000000,0,0,0,6,0,-0.05239355,-0.05231838,0.01879355,0.00000000,0.00000000,0.00000000,0.00000000,0.00000000,1.00000000,0.00000000,0.00000000,0,-1.38482363,-1.38482363,0.00000000,0.00000000,0.00000000,0.00000000,0.00000000,0.00000000,0
278432078,1,0,0,0,400,600,400,100,0,1,0,0,1,0,0,0,0,0.00000000,0.00000000,0.00000000,0.00000000,0.00000000,0.00000000,0,0,0,6,1,-0.05239355,-0.05231838,0.01879355,0.00000000,0.00000000,0.00000000,0.00000000,0.00000000,1.00000000,0.00000000,0.00000000,0,-79.17101566,-79.51266737,0.00000000,0.00000000,0.00000000,4.28771501,3.92090112,0.00000000,0,0,0,6,0,-0.05239355,-0.05231838,0.01879355,0.00000000,0.00000000,0.00000000,0.00000000,0.00000000,1.00000000,0.00000000,0.00000000,0,-1.38482363,-1.38482363,0.00000000,0.00000000,0.00000000,0.00000000,0.00000000,0.00000000,0
278432140,1,0,0,0,400,600,400,100,0,1,0,0,1,0,0,0,0,0.00000000,0.00000000,0.00000000,0.00000000,0.00000000,0.00000000,0,0,0,6,1,-0.05239355,-0.05231838,0.01879355,0.00000000,0.00000000,0.00000000,0.00000000,0.00000000,1.00000000,0.00000000,0.00000000,0,-79.17101566,-79.51266737,0.00000000,0.00000000,0.00000000,4.28771501,3.92090112,0.00000000,0,0,0,6,0,-0.05239355,-0.05231838,0.01879355,0.00000000,0.00000000,0.00000000,0.00000000,0.00000000,1.00000000,0.00000000,0.00000000,0,-1.38482363,-1.38482363,0.00000000,0.00000000,0.00000000,0.00000000,0.00000000,0.00000000,0
278432203,1,0,0,0,400,600,400,100,0,1,0,0,1,0,0,0,0,0.00000000,0.00000000,0.00000000,0.00000000,0.00000000,0.00000000,0,0,0,6,1,-0.05239355,-0.05231838,0.01879355,0.00000000,0.00000000,0.00000000,0.00000000,0.00000000,1.00000000,0.00000000,0.00000000,0,-79.17101566,-79.51266737,0.00000000,0.00000000,0.00000000,4.28771501,3.92090112,0.00000000,0,0,0,6,0,-0.05239355,-0.05231838,0.01879355,0.00000000,0.00000000,0.00000000,0.00000000,0.00000000,1.00000000,0.00000000,0.00000000,0,-1.38482363,-1.38482363,0.00000000,0.00000000,0.00000000,0.00000000,0.00000000,0.00000000,0
278432281,1,0,0,0,400,600,400,100,0,1,0,0,1,0,0,0,0,0.00000000,0.00000000,0.00000000,0.00000000,0.00000000,0.00000000,0,0,0,6,1,-0.05239355,-0.05231838,0.01879355,0.00000000,0.00000000,0.00000000,0.00000000,0.00000000,1.00000000,0.00000000,0.00000000,0,-79.17101566,-79.51266737,0.00000000,0.00000000,0.00000000,4.28771501,3.92090112,0.00000000,0,0,0,6,0,-0.05239355,-0.05231838,0.01879355,0.00000000,0.00000000,0.00000000,0.00000000,0.00000000,1.00000000,0.00000000,0.00000000,0,-1.38482363,-1.38482363,0.00000000,0.00000000,0.00000000,0.00000000,0.00000000,0.00000000,0
278432359,1,0,0,0,400,600,400,100,0,1,0,0,1,0,0,0,0,0.00000000,0.00000000,0.00000000,0.00000000,0.00000000,0.00000000,0,0,0,6,1,-0.05239355,-0.05231838,0.01879355,0.00000000,0.00000000,0.00000000,0.00000000,0.00000000,1.00000000,0.00000000,0.00000000,0,-79.17101566,-79.51266737,0.00000000,0.00000000,0.00000000,4.28771501,3.92090112,0.00000000,0,0,0,6,0,-0.05239355,-0.05231838,0.01879355,0.00000000,0.00000000,0.00000000,0.00000000,0.00000000,1.00000000,0.00000000,0.00000000,0,-1.38482363,-1.38482363,0.00000000,0.00000000,0.00000000,0.00000000,0.00000000,0.00000000,0
278432421,1,0,0,0,400,600,400,100,0,1,0,0,1,0,0,0,0,0.00000000,0.00000000,0.00000000,0.00000000,0.00000000,0.00000000,0,0,0,6,1,-0.05239355,-0.05231838,0.01879355,0.00000000,0.00000000,0.00000000,0.00000000,0.00000000,1.00000000,0.00000000,0.00000000,0,-79.17101566,-79.51266737,0.00000000,0.00000000,0.00000000,4.28771501,3.92090112,0.00000000,0,0,0,6,0,-0.05239355,-0.05231838,0.01879355,0.00000000,0.00000000,0.00000000,0.00000000,0.00000000,1.00000000,0.00000000,0.00000000,0,-1.38482363,-1.38482363,0.00000000,0.00000000,0.00000000,0.00000000,0.00000000,0.00000000,0
278432515,1,0,0,0,400,600,400,100,0,1,0,0,1,0,0,0,0,0.00000000,0.00000000,0.00000000,0.00000000,0.00000000,0.00000000,0,0,0,6,1,-0.05239355,-0.05231838,0.01879355,0.00000000,0.00000000,0.00000000,0.00000000,0.00000000,1.00000000,0.00000000,0.00000000,0,-79.17101566,-79.51266737,0.00000000,0.00000000,0.00000000,4.28771501,3.92090112,0.00000000,0,0,0,6,0,-0.05239355,-0.05231838,0.01879355,0.00000000,0.00000000,0.00000000,0.00000000,0.00000000,1.00000000,0.00000000,0.00000000,0,-1.38482363,-1.38482363,0.00000000,0.00000000,0.00000000,0.00000000,0.00000000,0.00000000,0
278432593,1,0,0,0,400,600,400,100,0,1,0,0,1,0,0,0,0,0.00000000,0.00000000,0.00000000,0.00000000,0.00000000,0.00000000,0,0,0,6,1,-0.05239355,-0.05231838,0.01879355,0.00000000,0.00000000,0.00000000,0.00000000,0.00000000,1.00000000,0.00000000,0.00000000,0,-79.17101566,-79.51266737,0.00000000,0.00000000,0.00000000,4.28771501,3.92090112,0.00000000,0,0,0,6,0,-0.05239355,-0.05231838,0.01879355,0.00000000,0.00000000,0.00000000,0.00000000,0.00000000,1.00000000,0.00000000,0.00000000,0,-1.38482363,-1.38482363,0.00000000,0.00000000,0.00000000,0.00000000,0.00000000,0.00000000,0
278432656,1,0,0,0,400,600,400,100,0,1,0,0,1,0,0,0,0,0.00000000,0.00000000,0.00000000,0.00000000,0.00000000,0.00000000,0,0,0,6,1,-0.05239355,-0.05231838,0.01879355,0.00000000,0.00000000,0.00000000,0.00000000,0.00000000,1.00000000,0.00000000,0.00000000,0,-79.17101566,-79.51266737,0.00000000,0.00000000,0.00000000,4.28771501,3.92090112,0.00000000,0,0,0,6,0,-0.05239355,-0.05231838,0.01879355,0.00000000,0.00000000,0.00000000,0.00000000,0.00000000,1.00000000,0.00000000,0.00000000,0,-1.38482363,-1.38482363,0.00000000,0.00000000,0.00000000,0.00000000,0.00000000,0.00000000,0
278432734,1,0,0,0,400,600,400,100,0,1,0,0,1,0,0,0,0,0.00000000,0.00000000,0.00000000,0.00000000,0.00000000,0.00000000,0,0,0,6,1,-0.05239355,-0.05231838,0.01879355,0.00000000,0.00000000,0.00000000,0.00000000,0.00000000,1.00000000,0.00000000,0.00000000,0,-79.17101566,-79.51266737,0.00000000,0.00000000,0.00000000,4.28771501,3.92090112,0.00000000,0,0,0,6,0,-0.05239355,-0.05231838,0.01879355,0.00000000,0.00000000,0.00000000,0.00000000,0.00000000,1.00000000,0.00000000,0.00000000,0,-1.38482363,-1.38482363,0.00000000,0.00000000,0.00000000,0.00000000,0.00000000,0.00000000,0
278432812,1,0,0,0,400,600,400,100,0,1,0,0,1,0,0,0,0,0.00000000,0.00000000,0.00000000,0.00000000,0.00000000,0.00000000,0,0,0,6,1,-0.05239355,-0.05231838,0.01879355,0.00000000,0.00000000,0.00000000,0.00000000,0.00000000,1.00000000,0.00000000,0.00000000,0,-79.17101566,-79.51266737,0.00000000,0.00000000,0.00000000,4.28771501,3.92090112,0.00000000,0,0,0,6,0,-0.05239355,-0.05231838,0.01879355,0.00000000,0.00000000,0.00000000,0.00000000,0.00000000,1.00000000,0.00000000,0.00000000,0,-1.38482363,-1.38482363,0.00000000,0.00000000,0.00000000,0.00000000,0.00000000,0.00000000,0
278432875,1,0,0,0,400,600,400,100,0,1,0,0,1,0,0,0,0,0.00000000,0.00000000,0.00000000,0.00000000,0.00000000,0.00000000,0,0,0,6,1,-0.05239355,-0.05231838,0.01879355,0.00000000,0.00000000,0.00000000,0.00000000,0.00000000,1.00000000,0.00000000,0.00000000,0,-79.17101566,-79.51266737,0.00000000,0.00000000,0.00000000,4.28771501,3.92090112,0.00000000,0,0,0,6,0,-0.05239355,-0.05231838,0.01879355,0.00000000,0.00000000,0.00000000,0.00000000,0.00000000,1.00000000,0.00000000,0.00000000,0,-1.38482363,-1.38482363,0.00000000,0.00000000,0.00000000,0.00000000,0.00000000,0.00000000,0
278433203,1,0,0,0,400,600,400,500,0,1,0,0,0,0,0,0,0,0.00000000,0.00000000,0.00000000,0.00000000,0.00000000,0.00000000,0,0,0,2,1,-0.04921798,-0.04899004,-0.00000000,0.00000000,0.00000000,0.00000000,0.00000000,0.00000000,1.00000000,0.00000000,0.00000000,0,-79.49607244,-79.49607244,0.00000000,0.00000000,0.00000000,4.28771501,3.92090112,0.00000000,0,0,0,2,0,-0.04921798,-0.04899004,-0.00000000,0.00000000,0.00000000,0.00000000,0.00000000,0.00000000,1.00000000,0.00000000,0.00000000,0,-1.38482363,-1.38482363,0.00000000,0.00000000,0.00000000,0.00000000,0.00000000,0.00000000,0
278433296,1,0,0,0,400,600,400,500,0,1,0,0,0,0,0,0,0,0.00000000,0.00000000,0.00000000,0.00000000,0.00000000,0.00000000,0,0,0,2,1,-0.04921798,-0.04908976,0.03205311,0.00000000,0.00000000,0.00000000,0.00000000,0.00000000,1.00000000,0.00000000,0.00000000,0,-79.42128185,-79.49607244,0.00000000,0.00000000,0.00000000,4.28771501,3.92090112,0.00000000,0,0,0,2,0,-0.04921798,-0.04908976,0.03205311,0.00000000,0.00000000,0.00000000,0.00000000,0.00000000,1.00000000,0.00000000,0.00000000,0,-1.38482363,-1.38482363,0.00000000,0.00000000,0.00000000,0.00000000,0.00000000,0.00000000,0
278433375,1,0,0,0,400,600,400,500,0,1,0,0,0,0,0,0,0,0.00000000,0.00000000,0.00000000,0.00000000,0.00000000,0.00000000,0,0,0,2,1,-0.04874243,-0.04898838,-0.06148803,0.00000000,0.00000000,0.00000000,0.00000000,0.00000000,1.00000000,0.00000000,0.00000000,0,-79.42128185,-79.49607244,0.00000000,0.00000000,0.00000000,4.28771501,3.92090112,0.00000000,0,0,0,2,0,-0.04874243,-0.04898838,-0.06148803,0.00000000,0.00000000,0.00000000,0.00000000,0.00000000,1.00000000,0.00000000,0.00000000,0,-1.38482363,-1.38482363,0.00000000,0.00000000,0.00000000,0.00000000,0.00000000,0.00000000,0
278433468,1,0,0,0,400,600,400,500,0,1,0,0,0,0,0,0,0,0.00000000,0.00000000,0.00000000,0.00000000,0.00000000,0.00000000,0,0,0,2,1,-0.04863341,-0.04883308,-0.04991856,0.00000000,0.00000000,0.00000000,0.00000000,0.00000000,1.00000000,0.00000000,0.00000000,0,-79.42128185,-79.49607244,0.00000000,0.00000000,0.00000000,4.28771501,3.92090112,0.00000000,0,0,0,2,0,-0.04863341,-0.04883308,-0.04991856,0.00000000,0.00000000,0.00000000,0.00000000,0.00000000,1.00000000,0.00000000,0.00000000,0,-1.38482363,-1.38482363,0.00000000,0.00000000,0.00000000,0.00000000,0.00000000,0.00000000,0
278433546,1,0,0,0,400,600,400,500,0,1,0,0,0,0,0,0,0,0.00000000,0.00000000,0.00000000,0.00000000,0.00000000,0.00000000,0,0,0,2,1,-0.04861915,-0.04874216,-0.03075247,0.00000000,0.00000000,0.00000000,0.00000000,0.00000000,1.00000000,0.00000000,0.00000000,0,-79.42128185,-79.49607244,0.00000000,0.00000000,0.00000000,4.28771501,3.92090112,0.00000000,0,0,0,2,0,-0.04861915,-0.04874216,-0.03075247,0.00000000,0.00000000,0.00000000,0.00000000,0.00000000,1.00000000,0.00000000,0.00000000,0,-1.38482363,-1.38482363,0.00000000,0.00000000,0.00000000,0.00000000,0.00000000,0.00000000,0
278433625,1,0,0,0,400,600,400,100,0,1,0,0,1,0,0,0,0,0.00000000,0.00000000,0.00000000,0.00000000,0.00000000,0.00000000,0,0,0,6,1,-0.04861915,-0.04871141,-0.02306441,0.00000000,0.00000000,0.00000000,0.00000000,0.00000000,1.00000000,0.00000000,0.00000000,0,-79.42128185,-79.49607244,0.00000000,0.00000000,0.00000000,4.28771501,3.92090112,0.00000000,0,0,0,6,0,-0.04861915,-0.04871141,-0.02306441,0.00000000,0.00000000,0.00000000,0.00000000,0.00000000,1.00000000,0.00000000,0.00000000,0,-1.38482363,-1.38482363,0.00000000,0.00000000,0.00000000,0.00000000,0.00000000,0.00000000,0
278433687,1,0,0,0,400,600,400,100,0,1,0,0,1,0,0,0,0,0.00000000,0.00000000,0.00000000,0.00000000,0.00000000,0.00000000,0,0,0,6,1,-0.04861915,-0.04871141,-0.02306441,0.00000000,0.00000000,0.00000000,0.00000000,0.00000000,1.00000000,0.00000000,0.00000000,0,-79.42128185,-79.49607244,0.00000000,0.00000000,0.00000000,4.28771501,3.92090112,0.00000000,0,0,0,6,0,-0.04861915,-0.04871141,-0.02306441,0.00000000,0.00000000,0.00000000,0.00000000,0.00000000,1.00000000,0.00000000,0.00000000,0,-1.38482363,-1.38482363,0.00000000,0.00000000,0.00000000,0.00000000,0.00000000,0.00000000,0
278433765,1,0,0,0,400,600,400,100,0,1,0,0,1,0,0,0,0,0.00000000,0.00000000,0.00000000,0.00000000,0.00000000,0.00000000,0,0,0,6,1,-0.04861915,-0.04871141,-0.02306441,0.00000000,0.00000000,0.00000000,0.00000000,0.00000000,1.00000000,0.00000000,0.00000000,0,-79.42128185,-79.49607244,0.00000000,0.00000000,0.00000000,4.28771501,3.92090112,0.00000000,0,0,0,6,0,-0.04861915,-0.04871141,-0.02306441,0.00000000,0.00000000,0.00000000,0.00000000,0.00000000,1.00000000,0.00000000,0.00000000,0,-1.38482363,-1.38482363,0.00000000,0.00000000,0.00000000,0.00000000,0.00000000,0.00000000,0
278433828,1,0,0,0,400,600,400,100,0,1,0,0,1,0,0,0,0,0.00000000,0.00000000,0.00000000,0.00000000,0.00000000,0.00000000,0,0,0,6,1,-0.04861915,-0.04871141,-0.02306441,0.00000000,0.00000000,0.00000000,0.00000000,0.00000000,1.00000000,0.00000000,0.00000000,0,-79.42128185,-79.49607244,0.00000000,0.00000000,0.00000000,4.28771501,3.92090112,0.00000000,0,0,0,6,0,-0.04861915,-0.04871141,-0.02306441,0.00000000,0.00000000,0.00000000,0.00000000,0.00000000,1.00000000,0.00000000,0.00000000,0,-1.38482363,-1.38482363,0.00000000,0.00000000,0.00000000,0.00000000,0.00000000,0.00000000,0
278433890,1,0,0,0,400,600,400,100,0,1,0,0,1,0,0,0,0,0.00000000,0.00000000,0.00000000,0.00000000,0.00000000,0.00000000,0,0,0,6,1,-0.04861915,-0.04871141,-0.02306441,0.00000000,0.00000000,0.00000000,0.00000000,0.00000000,1.00000000,0.00000000,0.00000000,0,-79.42128185,-79.49607244,0.00000000,0.00000000,0.00000000,4.28771501,3.92090112,0.00000000,0,0,0,6,0,-0.04861915,-0.04871141,-0.02306441,0.00000000,0.00000000,0.00000000,0.00000000,0.00000000,1.00000000,0.00000000,0.00000000,0,-1.38482363,-1.38482363,0.00000000,0.00000000,0.00000000,0.00000000,0.00000000,0.00000000,0
278433953,1,0,0,0,400,600,400,100,0,1,0,0,1,0,0,0,0,0.00000000,0.00000000,0.00000000,0.00000000,0.00000000,0.00000000,0,0,0,6,1,-0.04861915,-0.04871141,-0.02306441,0.00000000,0.00000000,0.00000000,0.00000000,0.00000000,1.00000000,0.00000000,0.00000000,0,-79.42128185,-79.49607244,0.00000000,0.00000000,0.00000000,4.28771501,3.92090112,0.00000000,0,0,0,6,0,-0.04861915,-0.04871141,-0.02306441,0.00000000,0.00000000,0.00000000,0.00000000,0.00000000,1.00000000,0.00000000,0.00000000,0,-1.38482363,-1.38482363,0.00000000,0.00000000,0.00000000,0.00000000,0.00000000,0.00000000,0
278434015,1,0,0,0,400,600,400,100,0,1,0,0,1,0,0,0,0,0.00000000,0.00000000,0.00000000,0.00000000,0.00000000,0.00000000,0,0,0,6,1,-0.04861915,-0.04871141,-0.02306441,0.00000000,0.00000000,0.00000000,0.00000000,0.00000000,1.00000000,0.00000000,0.00000000,0,-79.42128185,-79.49607244,0.00000000,0.00000000,0.00000000,4.28771501,3.92090112,0.00000000,0,0,0,6,0,-0.04861915,-0.04871141,-0.02306441,0.00000000,0.00000000,0.00000000,0.00000000,0.00000000,1.00000000,0.00000000,0.00000000,0,-1.38482363,-1.38482363,0.00000000,0.00000000,0.00000000,0.00000000,0.00000000,0.00000000,0
278434078,1,0,0,0,400,600,400,100,0,1,0,0,1,0,0,0,0,0.00000000,0.00000000,0.00000000,0.00000000,0.00000000,0.00000000,0,0,0,6,1,-0.04861915,-0.04871141,-0.02306441,0.00000000,0.00000000,0.00000000,0.00000000,0.00000000,1.00000000,0.00000000,0.00000000,0,-79.42128185,-79.49607244,0.00000000,0.00000000,0.00000000,4.28771501,3.92090112,0.00000000,0,0,0,6,0,-0.04861915,-0.04871141,-0.02306441,0.00000000,0.00000000,0.00000000,0.00000000,0.00000000,1.00000000,0.00000000,0.00000000,0,-1.38482363,-1.38482363,0.00000000,0.00000000,0.00000000,0.00000000,0.00000000,0.00000000,0
278434140,1,0,0,0,400,600,400,100,0,1,0,0,1,0,0,0,0,0.00000000,0.00000000,0.00000000,0.00000000,0.00000000,0.00000000,0,0,0,6,1,-0.04861915,-0.04871141,-0.02306441,0.00000000,0.00000000,0.00000000,0.00000000,0.00000000,1.00000000,0.00000000,0.00000000,0,-79.42128185,-79.49607244,0.00000000,0.00000000,0.00000000,4.28771501,3.92090112,0.00000000,0,0,0,6,0,-0.04861915,-0.04871141,-0.02306441,0.00000000,0.00000000,0.00000000,0.00000000,0.00000000,1.00000000,0.00000000,0.00000000,0,-1.38482363,-1.38482363,0.00000000,0.00000000,0.00000000,0.00000000,0.00000000,0.00000000,0
278434203,1,0,0,0,400,600,400,100,0,1,0,0,1,0,0,0,0,0.00000000,0.00000000,0.00000000,0.00000000,0.00000000,0.00000000,0,0,0,6,1,-0.04861915,-0.04871141,-0.02306441,0.00000000,0.00000000,0.00000000,0.00000000,0.00000000,1.00000000,0.00000000,0.00000000,0,-79.42128185,-79.49607244,0.00000000,0.00000000,0.00000000,4.28771501,3.92090112,0.00000000,0,0,0,6,0,-0.04861915,-0.04871141,-0.02306441,0.00000000,0.00000000,0.00000000,0.00000000,0.00000000,1.00000000,0.00000000,0.00000000,0,-1.38482363,-1.38482363,0.00000000,0.00000000,0.00000000,0.00000000,0.00000000,0.00000000,0
278434265,1,0,0,0,400,600,400,100,0,1,0,0,1,0,0,0,0,0.00000000,0.00000000,0.00000000,0.00000000,0.00000000,0.00000000,0,0,0,6,1,-0.04861915,-0.04871141,-0.02306441,0.00000000,0.00000000,0.00000000,0.00000000,0.00000000,1.00000000,0.00000000,0.00000000,0,-79.42128185,-79.49607244,0.00000000,0.00000000,0.00000000,4.28771501,3.92090112,0.00000000,0,0,0,6,0,-0.04861915,-0.04871141,-0.02306441,0.00000000,0.00000000,0.00000000,0.00000000,0.00000000,1.00000000,0.00000000,0.00000000,0,-1.38482363,-1.38482363,0.00000000,0.00000000,0.00000000,0.00000000,0.00000000,0.00000000,0
278434343,1,0,0,0,400,600,400,100,0,1,0,0,1,0,0,0,0,0.00000000,0.00000000,0.00000000,0.00000000,0.00000000,0.00000000,0,0,0,6,1,-0.04861915,-0.04871141,-0.02306441,0.00000000,0.00000000,0.00000000,0.00000000,0.00000000,1.00000000,0.00000000,0.00000000,0,-79.42128185,-79.49607244,0.00000000,0.00000000,0.00000000,4.28771501,3.92090112,0.00000000,0,0,0,6,0,-0.04861915,-0.04871141,-0.02306441,0.00000000,0.00000000,0.00000000,0.00000000,0.00000000,1.00000000,0.00000000,0.00000000,0,-1.38482363,-1.38482363,0.00000000,0.00000000,0.00000000,0.00000000,0.00000000,0.00000000,0
278434406,1,0,0,0,400,600,400,100,0,1,0,0,1,0,0,0,0,0.00000000,0.00000000,0.00000000,0.00000000,0.00000000,0.00000000,0,0,0,6,1,-0.04861915,-0.04871141,-0.02306441,0.00000000,0.00000000,0.00000000,0.00000000,0.00000000,1.00000000,0.00000000,0.00000000,0,-79.42128185,-79.49607244,0.00000000,0.00000000,0.00000000,4.28771501,3.92090112,0.00000000,0,0,0,6,0,-0.04861915,-0.04871141,-0.02306441,0.00000000,0.00000000,0.00000000,0.00000000,0.00000000,1.00000000,0.00000000,0.00000000,0,-1.38482363,-1.38482363,0.00000000,0.00000000,0.00000000,0.00000000,0.00000000,0.00000000,0
278434468,1,0,0,0,400,600,400,100,0,1,0,0,1,0,0,0,0,0.00000000,0.00000000,0.00000000,0.00000000,0.00000000,0.00000000,0,0,0,6,1,-0.04861915,-0.04871141,-0.02306441,0.00000000,0.00000000,0.00000000,0.00000000,0.00000000,1.00000000,0.00000000,0.00000000,0,-79.42128185,-79.49607244,0.00000000,0.00000000,0.00000000,4.28771501,3.92090112,0.00000000,0,0,0,6,0,-0.04861915,-0.04871141,-0.02306441,0.00000000,0.00000000,0.00000000,0.00000000,0.00000000,1.00000000,0.00000000,0.00000000,0,-1.38482363,-1.38482363,0.00000000,0.00000000,0.00000000,0.00000000,0.00000000,0.00000000,0
278434531,1,0,0,0,400,600,400,100,0,1,0,0,1,0,0,0,0,0.00000000,0.00000000,0.00000000,0.00000000,0.00000000,0.00000000,0,0,0,6,1,-0.04861915,-0.04871141,-0.02306441,0.00000000,0.00000000,0.00000000,0.00000000,0.00000000,1.00000000,0.00000000,0.00000000,0,-79.42128185,-79.49607244,0.00000000,0.00000000,0.00000000,4.28771501,3.92090112,0.00000000,0,0,0,6,0,-0.04861915,-0.04871141,-0.02306441,0.00000000,0.00000000,0.00000000,0.00000000,0.00000000,1.00000000,0.00000000,0.00000000,0,-1.38482363,-1.38482363,0.00000000,0.00000000,0.00000000,0.00000000,0.00000000,0.00000000,0
278434593,1,0,0,0,400,600,400,100,0,1,0,0,1,0,0,0,0,0.00000000,0.00000000,0.00000000,0.00000000,0.00000000,0.00000000,0,0,0,6,1,-0.04861915,-0.04871141,-0.02306441,0.00000000,0.00000000,0.00000000,0.00000000,0.00000000,1.00000000,0.00000000,0.00000000,0,-79.42128185,-79.49607244,0.00000000,0.00000000,0.00000000,4.28771501,3.92090112,0.00000000,0,0,0,6,0,-0.04861915,-0.04871141,-0.02306441,0.00000000,0.00000000,0.00000000,0.00000000,0.00000000,1.00000000,0.00000000,0.00000000,0,-1.38482363,-1.38482363,0.00000000,0.00000000,0.00000000,0.00000000,0.00000000,0.00000000,0
278434656,1,0,0,0,400,600,400,100,0,1,0,0,1,0,0,0,0,0.00000000,0.00000000,0.00000000,0.00000000,0.00000000,0.00000000,0,0,0,6,1,-0.04861915,-0.04871141,-0.02306441,0.00000000,0.00000000,0.00000000,0.00000000,0.00000000,1.00000000,0.00000000,0.00000000,0,-79.42128185,-79.49607244,0.00000000,0.00000000,0.00000000,4.28771501,3.92090112,0.00000000,0,0,0,6,0,-0.04861915,-0.04871141,-0.02306441,0.00000000,0.00000000,0.00000000,0.00000000,0.00000000,1.00000000,0.00000000,0.00000000,0,-1.38482363,-1.38482363,0.00000000,0.00000000,0.00000000,0.00000000,0.00000000,0.00000000,0
278434718,1,0,0,0,400,600,400,100,0,1,0,0,1,0,0,0,0,0.00000000,0.00000000,0.00000000,0.00000000,0.00000000,0.00000000,0,0,0,6,1,-0.04861915,-0.04871141,-0.02306441,0.00000000,0.00000000,0.00000000,0.00000000,0.00000000,1.00000000,0.00000000,0.00000000,0,-79.42128185,-79.49607244,0.00000000,0.00000000,0.00000000,4.28771501,3.92090112,0.00000000,0,0,0,6,0,-0.04861915,-0.04871141,-0.02306441,0.00000000,0.00000000,0.00000000,0.00000000,0.00000000,1.00000000,0.00000000,0.00000000,0,-1.38482363,-1.38482363,0.00000000,0.00000000,0.00000000,0.00000000,0.00000000,0.00000000,0
278434781,1,0,0,0,400,600,400,100,0,1,0,0,1,0,0,0,0,0.00000000,0.00000000,0.00000000,0.00000000,0.00000000,0.00000000,0,0,0,6,1,-0.04861915,-0.04871141,-0.02306441,0.00000000,0.00000000,0.00000000,0.00000000,0.00000000,1.00000000,0.00000000,0.00000000,0,-79.42128185,-79.49607244,0.00000000,0.00000000,0.00000000,4.28771501,3.92090112,0.00000000,0,0,0,6,0,-0.04861915,-0.04871141,-0.02306441,0.00000000,0.00000000,0.00000000,0.00000000,0.00000000,1.00000000,0.00000000,0.00000000,0,-1.38482363,-1.38482363,0.00000000,0.00000000,0.00000000,0.00000000,0.00000000,0.00000000,0
278434859,1,0,0,0,400,600,400,100,0,1,0,0,1,0,0,0,0,0.00000000,0.00000000,0.00000000,0.00000000,0.00000000,0.00000000,0,0,0,6,1,-0.04861915,-0.04871141,-0.02306441,0.00000000,0.00000000,0.00000000,0.00000000,0.00000000,1.00000000,0.00000000,0.00000000,0,-79.42128185,-79.49607244,0.00000000,0.00000000,0.00000000,4.28771501,3.92090112,0.00000000,0,0,0,6,0,-0.04861915,-0.04871141,-0.02306441,0.00000000,0.00000000,0.00000000,0.00000000,0.00000000,1.00000000,0.00000000,0.00000000,0,-1.38482363,-1.38482363,0.00000000,0.00000000,0.00000000,0.00000000,0.00000000,0.00000000,0
278434937,1,0,0,0,400,600,400,100,0,1,0,0,1,0,0,0,0,0.00000000,0.00000000,0.00000000,0.00000000,0.00000000,0.00000000,0,0,0,6,1,-0.04861915,-0.04871141,-0.02306441,0.00000000,0.00000000,0.00000000,0.00000000,0.00000000,1.00000000,0.00000000,0.00000000,0,-79.42128185,-79.49607244,0.00000000,0.00000000,0.00000000,4.28771501,3.92090112,0.00000000,0,0,0,6,0,-0.04861915,-0.04871141,-0.02306441,0.00000000,0.00000000,0.00000000,0.00000000,0.00000000,1.00000000,0.00000000,0.00000000,0,-1.38482363,-1.38482363,0.00000000,0.00000000,0.00000000,0.00000000,0.00000000,0.00000000,0
278435000,1,0,0,0,400,600,400,100,0,1,0,0,1,0,0,0,0,0.00000000,0.00000000,0.00000000,0.00000000,0.00000000,0.00000000,0,0,0,6,1,-0.04861915,-0.04871141,-0.02306441,0.00000000,0.00000000,0.00000000,0.00000000,0.00000000,1.00000000,0.00000000,0.00000000,0,-79.42128185,-79.49607244,0.00000000,0.00000000,0.00000000,4.28771501,3.92090112,0.00000000,0,0,0,6,0,-0.04861915,-0.04871141,-0.02306441,0.00000000,0.00000000,0.00000000,0.00000000,0.00000000,1.00000000,0.00000000,0.00000000,0,-1.38482363,-1.38482363,0.00000000,0.00000000,0.00000000,0.00000000,0.00000000,0.00000000,0
278435078,1,0,0,0,400,600,400,100,0,1,0,0,1,0,0,0,0,0.00000000,0.00000000,0.00000000,0.00000000,0.00000000,0.00000000,0,0,0,6,1,-0.04861915,-0.04871141,-0.02306441,0.00000000,0.00000000,0.00000000,0.00000000,0.00000000,1.00000000,0.00000000,0.00000000,0,-79.42128185,-79.49607244,0.00000000,0.00000000,0.00000000,4.28771501,3.92090112,0.00000000,0,0,0,6,0,-0.04861915,-0.04871141,-0.02306441,0.00000000,0.00000000,0.00000000,0.00000000,0.00000000,1.00000000,0.00000000,0.00000000,0,-1.38482363,-1.38482363,0.00000000,0.00000000,0.00000000,0.00000000,0.00000000,0.00000000,0
278435140,1,0,0,0,400,600,400,100,0,1,0,0,1,0,0,0,0,0.00000000,0.00000000,0.00000000,0.00000000,0.00000000,0.00000000,0,0,0,6,1,-0.04861915,-0.04871141,-0.02306441,0.00000000,0.00000000,0.00000000,0.00000000,0.00000000,1.00000000,0.00000000,0.00000000,0,-79.42128185,-79.49607244,0.00000000,0.00000000,0.00000000,4.28771501,3.92090112,0.00000000,0,0,0,6,0,-0.04861915,-0.04871141,-0.02306441,0.00000000,0.00000000,0.00000000,0.00000000,0.00000000,1.00000000,0.00000000,0.00000000,0,-1.38482363,-1.38482363,0.00000000,0.00000000,0.00000000,0.00000000,0.00000000,0.00000000,0
278435218,1,0,0,0,400,600,400,100,0,1,0,0,1,0,0,0,0,0.00000000,0.00000000,0.00000000,0.00000000,0.00000000,0.00000000,0,0,0,6,1,-0.04861915,-0.04871141,-0.02306441,0.00000000,0.00000000,0.00000000,0.00000000,0.00000000,1.00000000,0.00000000,0.00000000,0,-79.42128185,-79.49607244,0.00000000,0.00000000,0.00000000,4.28771501,3.92090112,0.00000000,0,0,0,6,0,-0.04861915,-0.04871141,-0.02306441,0.00000000,0.00000000,0.00000000,0.00000000,0.00000000,1.00000000,0.00000000,0.00000000,0,-1.38482363,-1.38482363,0.00000000,0.00000000,0.00000000,0.00000000,0.00000000,0.00000000,0
278435281,1,0,0,0,400,600,400,100,0,1,0,0,1,0,0,0,0,0.00000000,0.00000000,0.00000000,0.00000000,0.00000000,0.00000000,0,0,0,6,1,-0.04861915,-0.04871141,-0.02306441,0.00000000,0.00000000,0.00000000,0.00000000,0.00000000,1.00000000,0.00000000,0.00000000,0,-79.42128185,-79.49607244,0.00000000,0.00000000,0.00000000,4.28771501,3.92090112,0.00000000,0,0,0,6,0,-0.04861915,-0.04871141,-0.02306441,0.00000000,0.00000000,0.00000000,0.00000000,0.00000000,1.00000000,0.00000000,0.00000000,0,-1.38482363,-1.38482363,0.00000000,0.00000000,0.00000000,0.00000000,0.00000000,0.00000000,0
278435343,1,0,0,0,400,600,400,100,0,1,0,0,1,0,0,0,0,0.00000000,0.00000000,0.00000000,0.00000000,0.00000000,0.00000000,0,0,0,6,1,-0.04861915,-0.04871141,-0.02306441,0.00000000,0.00000000,0.00000000,0.00000000,0.00000000,1.00000000,0.00000000,0.00000000,0,-79.42128185,-79.49607244,0.00000000,0.00000000,0.00000000,4.28771501,3.92090112,0.00000000,0,0,0,6,0,-0.04861915,-0.04871141,-0.02306441,0.00000000,0.00000000,0.00000000,0.00000000,0.00000000,1.00000000,0.00000000,0.00000000,0,-1.38482363,-1.38482363,0.00000000,0.00000000,0.00000000,0.00000000,0.00000000,0.00000000,0
278435406,1,0,0,0,400,600,400,100,0,1,0,0,1,0,0,0,0,0.00000000,0.00000000,0.00000000,0.00000000,0.00000000,0.00000000,0,0,0,6,1,-0.04861915,-0.04871141,-0.02306441,0.00000000,0.00000000,0.00000000,0.00000000,0.00000000,1.00000000,0.00000000,0.00000000,0,-79.42128185,-79.49607244,0.00000000,0.00000000,0.00000000,4.28771501,3.92090112,0.00000000,0,0,0,6,0,-0.04861915,-0.04871141,-0.02306441,0.00000000,0.00000000,0.00000000,0.00000000,0.00000000,1.00000000,0.00000000,0.00000000,0,-1.38482363,-1.38482363,0.00000000,0.00000000,0.00000000,0.00000000,0.00000000,0.00000000,0
278435468,1,0,0,0,400,600,400,100,0,1,0,0,1,0,0,0,0,0.00000000,0.00000000,0.00000000,0.00000000,0.00000000,0.00000000,0,0,0,6,1,-0.04861915,-0.04871141,-0.02306441,0.00000000,0.00000000,0.00000000,0.00000000,0.00000000,1.00000000,0.00000000,0.00000000,0,-79.42128185,-79.49607244,0.00000000,0.00000000,0.00000000,4.28771501,3.92090112,0.00000000,0,0,0,6,0,-0.04861915,-0.04871141,-0.02306441,0.00000000,0.00000000,0.00000000,0.00000000,0.00000000,1.00000000,0.00000000,0.00000000,0,-1.38482363,-1.38482363,0.00000000,0.00000000,0.00000000,0.00000000,0.00000000,0.00000000,0
278435531,1,0,0,0,400,600,400,100,0,1,0,0,1,0,0,0,0,0.00000000,0.00000000,0.00000000,0.00000000,0.00000000,0.00000000,0,0,0,6,1,-0.04861915,-0.04871141,-0.02306441,0.00000000,0.00000000,0.00000000,0.00000000,0.00000000,1.00000000,0.00000000,0.00000000,0,-79.42128185,-79.49607244,0.00000000,0.00000000,0.00000000,4.28771501,3.92090112,0.00000000,0,0,0,6,0,-0.04861915,-0.04871141,-0.02306441,0.00000000,0.00000000,0.00000000,0.00000000,0.00000000,1.00000000,0.00000000,0.00000000,0,-1.38482363,-1.38482363,0.00000000,0.00000000,0.00000000,0.00000000,0.00000000,0.00000000,0
278435593,1,0,0,0,400,600,400,100,0,1,0,0,1,0,0,0,0,0.00000000,0.00000000,0.00000000,0.00000000,0.00000000,0.00000000,0,0,0,6,1,-0.04861915,-0.04871141,-0.02306441,0.00000000,0.00000000,0.00000000,0.00000000,0.00000000,1.00000000,0.00000000,0.00000000,0,-79.42128185,-79.49607244,0.00000000,0.00000000,0.00000000,4.28771501,3.92090112,0.00000000,0,0,0,6,0,-0.04861915,-0.04871141,-0.02306441,0.00000000,0.00000000,0.00000000,0.00000000,0.00000000,1.00000000,0.00000000,0.00000000,0,-1.38482363,-1.38482363,0.00000000,0.00000000,0.00000000,0.00000000,0.00000000,0.00000000,0
278435656,1,0,0,0,400,600,400,100,0,1,0,0,1,0,0,0,0,0.00000000,0.00000000,0.00000000,0.00000000,0.00000000,0.00000000,0,0,0,6,1,-0.04861915,-0.04871141,-0.02306441,0.00000000,0.00000000,0.00000000,0.00000000,0.00000000,1.00000000,0.00000000,0.00000000,0,-79.42128185,-79.49607244,0.00000000,0.00000000,0.00000000,4.28771501,3.92090112,0.00000000,0,0,0,6,0,-0.04861915,-0.04871141,-0.02306441,0.00000000,0.00000000,0.00000000,0.00000000,0.00000000,1.00000000,0.00000000,0.00000000,0,-1.38482363,-1.38482363,0.00000000,0.00000000,0.00000000,0.00000000,0.00000000,0.00000000,0
278435718,1,0,0,0,400,600,400,100,0,1,0,0,1,0,0,0,0,0.00000000,0.00000000,0.00000000,0.00000000,0.00000000,0.00000000,0,0,0,6,1,-0.04861915,-0.04871141,-0.02306441,0.00000000,0.00000000,0.00000000,0.00000000,0.00000000,1.00000000,0.00000000,0.00000000,0,-79.42128185,-79.49607244,0.00000000,0.00000000,0.00000000,4.28771501,3.92090112,0.00000000,0,0,0,6,0,-0.04861915,-0.04871141,-0.02306441,0.00000000,0.00000000,0.00000000,0.00000000,0.00000000,1.00000000,0.00000000,0.00000000,0,-1.38482363,-1.38482363,0.00000000,0.00000000,0.00000000,0.00000000,0.00000000,0.00000000,0
278435781,1,0,0,0,400,600,400,100,0,1,0,0,1,0,0,0,0,0.00000000,0.00000000,0.00000000,0.00000000,0.00000000,0.00000000,0,0,0,6,1,-0.04861915,-0.04871141,-0.02306441,0.00000000,0.00000000,0.00000000,0.00000000,0.00000000,1.00000000,0.00000000,0.00000000,0,-79.42128185,-79.49607244,0.00000000,0.00000000,0.00000000,4.28771501,3.92090112,0.00000000,0,0,0,6,0,-0.04861915,-0.04871141,-0.02306441,0.00000000,0.00000000,0.00000000,0.00000000,0.00000000,1.00000000,0.00000000,0.00000000,0,-1.38482363,-1.38482363,0.00000000,0.00000000,0.00000000,0.00000000,0.00000000,0.00000000,0
278435843,1,0,0,0,400,600,400,100,0,1,0,0,1,0,0,0,0,0.00000000,0.00000000,0.00000000,0.00000000,0.00000000,0.00000000,0,0,0,6,1,-0.04861915,-0.04871141,-0.02306441,0.00000000,0.00000000,0.00000000,0.00000000,0.00000000,1.00000000,0.00000000,0.00000000,0,-79.42128185,-79.49607244,0.00000000,0.00000000,0.00000000,4.28771501,3.92090112,0.00000000,0,0,0,6,0,-0.04861915,-0.04871141,-0.02306441,0.00000000,0.00000000,0.00000000,0.00000000,0.00000000,1.00000000,0.00000000,0.00000000,0,-1.38482363,-1.38482363,0.00000000,0.00000000,0.00000000,0.00000000,0.00000000,0.00000000,0
278435906,1,0,0,0,400,600,400,100,0,1,0,0,1,0,0,0,0,0.00000000,0.00000000,0.00000000,0.00000000,0.00000000,0.00000000,0,0,0,6,1,-0.04861915,-0.04871141,-0.02306441,0.00000000,0.00000000,0.00000000,0.00000000,0.00000000,1.00000000,0.00000000,0.00000000,0,-79.42128185,-79.49607244,0.00000000,0.00000000,0.00000000,4.28771501,3.92090112,0.00000000,0,0,0,6,0,-0.04861915,-0.04871141,-0.02306441,0.00000000,0.00000000,0.00000000,0.00000000,0.00000000,1.00000000,0.00000000,0.00000000,0,-1.38482363,-1.38482363,0.00000000,0.00000000,0.00000000,0.00000000,0.00000000,0.00000000,0
278435968,1,0,0,0,400,600,400,100,0,1,0,0,1,0,0,0,0,0.00000000,0.00000000,0.00000000,0.00000000,0.00000000,0.00000000,0,0,0,6,1,-0.04861915,-0.04871141,-0.02306441,0.00000000,0.00000000,0.00000000,0.00000000,0.00000000,1.00000000,0.00000000,0.00000000,0,-79.42128185,-79.49607244,0.00000000,0.00000000,0.00000000,4.28771501,3.92090112,0.00000000,0,0,0,6,0,-0.04861915,-0.04871141,-0.02306441,0.00000000,0.00000000,0.00000000,0.00000000,0.00000000,1.00000000,0.00000000,0.00000000,0,-1.38482363,-1.38482363,0.00000000,0.00000000,0.00000000,0.00000000,0.00000000,0.00000000,0
278436031,1,0,0,0,400,600,400,100,0,1,0,0,1,0,0,0,0,0.00000000,0.00000000,0.00000000,0.00000000,0.00000000,0.00000000,0,0,0,6,1,-0.04861915,-0.04871141,-0.02306441,0.00000000,0.00000000,0.00000000,0.00000000,0.00000000,1.00000000,0.00000000,0.00000000,0,-79.42128185,-79.49607244,0.00000000,0.00000000,0.00000000,4.28771501,3.92090112,0.00000000,0,0,0,6,0,-0.04861915,-0.04871141,-0.02306441,0.00000000,0.00000000,0.00000000,0.00000000,0.00000000,1.00000000,0.00000000,0.00000000,0,-1.38482363,-1.38482363,0.00000000,0.00000000,0.00000000,0.00000000,0.00000000,0.00000000,0
278436109,1,0,0,0,400,600,400,100,0,1,0,0,1,0,0,0,0,0.00000000,0.00000000,0.00000000,0.00000000,0.00000000,0.00000000,0,0,0,6,1,-0.04861915,-0.04871141,-0.02306441,0.00000000,0.00000000,0.00000000,0.00000000,0.00000000,1.00000000,0.00000000,0.00000000,0,-79.42128185,-79.49607244,0.00000000,0.00000000,0.00000000,4.28771501,3.92090112,0.00000000,0,0,0,6,0,-0.04861915,-0.04871141,-0.02306441,0.00000000,0.00000000,0.00000000,0.00000000,0.00000000,1.00000000,0.00000000,0.00000000,0,-1.38482363,-1.38482363,0.00000000,0.00000000,0.00000000,0.00000000,0.00000000,0.00000000,0
278436171,1,0,0,0,400,600,400,100,0,1,0,0,1,0,0,0,0,0.00000000,0.00000000,0.00000000,0.00000000,0.00000000,0.00000000,0,0,0,6,1,-0.04861915,-0.04871141,-0.02306441,0.00000000,0.00000000,0.00000000,0.00000000,0.00000000,1.00000000,0.00000000,0.00000000,0,-79.42128185,-79.49607244,0.00000000,0.00000000,0.00000000,4.28771501,3.92090112,0.00000000,0,0,0,6,0,-0.04861915,-0.04871141,-0.02306441,0.00000000,0.00000000,0.00000000,0.00000000,0.00000000,1.00000000,0.00000000,0.00000000,0,-1.38482363,-1.38482363,0.00000000,0.00000000,0.00000000,0.00000000,0.00000000,0.00000000,0
278436234,1,0,0,0,400,600,400,100,0,1,0,0,1,0,0,0,0,0.00000000,0.00000000,0.00000000,0.00000000,0.00000000,0.00000000,0,0,0,6,1,-0.04861915,-0.04871141,-0.02306441,0.00000000,0.00000000,0.00000000,0.00000000,0.00000000,1.00000000,0.00000000,0.00000000,0,-79.42128185,-79.49607244,0.00000000,0.00000000,0.00000000,4.28771501,3.92090112,0.00000000,0,0,0,6,0,-0.04861915,-0.04871141,-0.02306441,0.00000000,0.00000000,0.00000000,0.00000000,0.00000000,1.00000000,0.00000000,0.00000000,0,-1.38482363,-1.38482363,0.00000000,0.00000000,0.00000000,0.00000000,0.00000000,0.00000000,0
278436296,1,0,0,0,400,600,400,100,0,1,0,0,1,0,0,0,0,0.00000000,0.00000000,0.00000000,0.00000000,0.00000000,0.00000000,0,0,0,6,1,-0.04861915,-0.04871141,-0.02306441,0.00000000,0.00000000,0.00000000,0.00000000,0.00000000,1.00000000,0.00000000,0.00000000,0,-79.42128185,-79.49607244,0.00000000,0.00000000,0.00000000,4.28771501,3.92090112,0.00000000,0,0,0,6,0,-0.04861915,-0.04871141,-0.02306441,0.00000000,0.00000000,0.00000000,0.00000000,0.00000000,1.00000000,0.00000000,0.00000000,0,-1.38482363,-1.38482363,0.00000000,0.00000000,0.00000000,0.00000000,0.00000000,0.00000000,0
278436359,1,0,0,0,400,600,400,100,0,1,0,0,1,0,0,0,0,0.00000000,0.00000000,0.00000000,0.00000000,0.00000000,0.00000000,0,0,0,6,1,-0.04861915,-0.04871141,-0.02306441,0.00000000,0.00000000,0.00000000,0.00000000,0.00000000,1.00000000,0.00000000,0.00000000,0,-79.42128185,-79.49607244,0.00000000,0.00000000,0.00000000,4.28771501,3.92090112,0.00000000,0,0,0,6,0,-0.04861915,-0.04871141,-0.02306441,0.00000000,0.00000000,0.00000000,0.00000000,0.00000000,1.00000000,0.00000000,0.00000000,0,-1.38482363,-1.38482363,0.00000000,0.00000000,0.00000000,0.00000000,0.00000000,0.00000000,0
278436421,1,0,0,0,400,600,400,100,0,1,0,0,1,0,0,0,0,0.00000000,0.00000000,0.00000000,0.00000000,0.00000000,0.00000000,0,0,0,6,1,-0.04861915,-0.04871141,-0.02306441,0.00000000,0.00000000,0.00000000,0.00000000,0.00000000,1.00000000,0.00000000,0.00000000,0,-79.42128185,-79.49607244,0.00000000,0.00000000,0.00000000,4.28771501,3.92090112,0.00000000,0,0,0,6,0,-0.04861915,-0.04871141,-0.02306441,0.00000000,0.00000000,0.00000000,0.00000000,0.00000000,1.00000000,0.00000000,0.00000000,0,-1.38482363,-1.38482363,0.00000000,0.00000000,0.00000000,0.00000000,0.00000000,0.00000000,0
278436484,1,0,0,0,400,600,400,100,0,1,0,0,1,0,0,0,0,0.00000000,0.00000000,0.00000000,0.00000000,0.00000000,0.00000000,0,0,0,6,1,-0.04861915,-0.04871141,-0.02306441,0.00000000,0.00000000,0.00000000,0.00000000,0.00000000,1.00000000,0.00000000,0.00000000,0,-79.42128185,-79.49607244,0.00000000,0.00000000,0.00000000,4.28771501,3.92090112,0.00000000,0,0,0,6,0,-0.04861915,-0.04871141,-0.02306441,0.00000000,0.00000000,0.00000000,0.00000000,0.00000000,1.00000000,0.00000000,0.00000000,0,-1.38482363,-1.38482363,0.00000000,0.00000000,0.00000000,0.00000000,0.00000000,0.00000000,0
278436546,1,0,0,0,400,600,400,100,0,1,0,0,1,0,0,0,0,0.00000000,0.00000000,0.00000000,0.00000000,0.00000000,0.00000000,0,0,0,6,1,-0.04861915,-0.04871141,-0.02306441,0.00000000,0.00000000,0.00000000,0.00000000,0.00000000,1.00000000,0.00000000,0.00000000,0,-79.42128185,-79.49607244,0.00000000,0.00000000,0.00000000,4.28771501,3.92090112,0.00000000,0,0,0,6,0,-0.04861915,-0.04871141,-0.02306441,0.00000000,0.00000000,0.00000000,0.00000000,0.00000000,1.00000000,0.00000000,0.00000000,0,-1.38482363,-1.38482363,0.00000000,0.00000000,0.00000000,0.00000000,0.00000000,0.00000000,0
278436625,1,0,0,0,400,600,400,100,0,1,0,0,1,0,0,0,0,0.00000000,0.00000000,0.00000000,0.00000000,0.00000000,0.00000000,0,0,0,6,1,-0.04861915,-0.04871141,-0.02306441,0.00000000,0.00000000,0.00000000,0.00000000,0.00000000,1.00000000,0.00000000,0.00000000,0,-79.42128185,-79.49607244,0.00000000,0.00000000,0.00000000,4.28771501,3.92090112,0.00000000,0,0,0,6,0,-0.04861915,-0.04871141,-0.02306441,0.00000000,0.00000000,0.00000000,0.00000000,0.00000000,1.00000000,0.00000000,0.00000000,0,-1.38482363,-1.38482363,0.00000000,0.00000000,0.00000000,0.00000000,0.00000000,0.00000000,0
278436703,1,0,0,0,400,600,400,100,0,1,0,0,1,0,0,0,0,0.00000000,0.00000000,0.00000000,0.00000000,0.00000000,0.00000000,0,0,0,6,1,-0.04861915,-0.04871141,-0.02306441,0.00000000,0.00000000,0.00000000,0.00000000,0.00000000,1.00000000,0.00000000,0.00000000,0,-79.42128185,-79.49607244,0.00000000,0.00000000,0.00000000,4.28771501,3.92090112,0.00000000,0,0,0,6,0,-0.04861915,-0.04871141,-0.02306441,0.00000000,0.00000000,0.00000000,0.00000000,0.00000000,1.00000000,0.00000000,0.00000000,0,-1.38482363,-1.38482363,0.00000000,0.00000000,0.00000000,0.00000000,0.00000000,0.00000000,0
278436765,1,0,0,0,400,600,400,100,0,1,0,0,1,0,0,0,0,0.00000000,0.00000000,0.00000000,0.00000000,0.00000000,0.00000000,0,0,0,6,1,-0.04861915,-0.04871141,-0.02306441,0.00000000,0.00000000,0.00000000,0.00000000,0.00000000,1.00000000,0.00000000,0.00000000,0,-79.42128185,-79.49607244,0.00000000,0.00000000,0.00000000,4.28771501,3.92090112,0.00000000,0,0,0,6,0,-0.04861915,-0.04871141,-0.02306441,0.00000000,0.00000000,0.00000000,0.00000000,0.00000000,1.00000000,0.00000000,0.00000000,0,-1.38482363,-1.38482363,0.00000000,0.00000000,0.00000000,0.00000000,0.00000000,0.00000000,0
278436828,1,0,0,0,400,600,400,100,0,1,0,0,1,0,0,0,0,0.00000000,0.00000000,0.00000000,0.00000000,0.00000000,0.00000000,0,0,0,6,1,-0.04861915,-0.04871141,-0.02306441,0.00000000,0.00000000,0.00000000,0.00000000,0.00000000,1.00000000,0.00000000,0.00000000,0,-79.42128185,-79.49607244,0.00000000,0.00000000,0.00000000,4.28771501,3.92090112,0.00000000,0,0,0,6,0,-0.04861915,-0.04871141,-0.02306441,0.00000000,0.00000000,0.00000000,0.00000000,0.00000000,1.00000000,0.00000000,0.00000000,0,-1.38482363,-1.38482363,0.00000000,0.00000000,0.00000000,0.00000000,0.00000000,0.00000000,0
278436890,1,0,0,0,400,600,400,100,0,1,0,0,1,0,0,0,0,0.00000000,0.00000000,0.00000000,0.00000000,0.00000000,0.00000000,0,0,0,6,1,-0.04861915,-0.04871141,-0.02306441,0.00000000,0.00000000,0.00000000,0.00000000,0.00000000,1.00000000,0.00000000,0.00000000,0,-79.42128185,-79.49607244,0.00000000,0.00000000,0.00000000,4.28771501,3.92090112,0.00000000,0,0,0,6,0,-0.04861915,-0.04871141,-0.02306441,0.00000000,0.00000000,0.00000000,0.00000000,0.00000000,1.00000000,0.00000000,0.00000000,0,-1.38482363,-1.38482363,0.00000000,0.00000000,0.00000000,0.00000000,0.00000000,0.00000000,0
278436953,1,0,0,0,400,600,400,100,0,1,0,0,1,0,0,0,0,0.00000000,0.00000000,0.00000000,0.00000000,0.00000000,0.00000000,0,0,0,6,1,-0.04861915,-0.04871141,-0.02306441,0.00000000,0.00000000,0.00000000,0.00000000,0.00000000,1.00000000,0.00000000,0.00000000,0,-79.42128185,-79.49607244,0.00000000,0.00000000,0.00000000,4.28771501,3.92090112,0.00000000,0,0,0,6,0,-0.04861915,-0.04871141,-0.02306441,0.00000000,0.00000000,0.00000000,0.00000000,0.00000000,1.00000000,0.00000000,0.00000000,0,-1.38482363,-1.38482363,0.00000000,0.00000000,0.00000000,0.00000000,0.00000000,0.00000000,0
278437015,1,0,0,0,400,600,400,100,0,1,0,0,1,0,0,0,0,0.00000000,0.00000000,0.00000000,0.00000000,0.00000000,0.00000000,0,0,0,6,1,-0.04861915,-0.04871141,-0.02306441,0.00000000,0.00000000,0.00000000,0.00000000,0.00000000,1.00000000,0.00000000,0.00000000,0,-79.42128185,-79.49607244,0.00000000,0.00000000,0.00000000,4.28771501,3.92090112,0.00000000,0,0,0,6,0,-0.04861915,-0.04871141,-0.02306441,0.00000000,0.00000000,0.00000000,0.00000000,0.00000000,1.00000000,0.00000000,0.00000000,0,-1.38482363,-1.38482363,0.00000000,0.00000000,0.00000000,0.00000000,0.00000000,0.00000000,0
278437078,1,0,0,0,400,600,400,100,0,1,0,0,1,0,0,0,0,0.00000000,0.00000000,0.00000000,0.00000000,0.00000000,0.00000000,0,0,0,6,1,-0.04861915,-0.04871141,-0.02306441,0.00000000,0.00000000,0.00000000,0.00000000,0.00000000,1.00000000,0.00000000,0.00000000,0,-79.42128185,-79.49607244,0.00000000,0.00000000,0.00000000,4.28771501,3.92090112,0.00000000,0,0,0,6,0,-0.04861915,-0.04871141,-0.02306441,0.00000000,0.00000000,0.00000000,0.00000000,0.00000000,1.00000000,0.00000000,0.00000000,0,-1.38482363,-1.38482363,0.00000000,0.00000000,0.00000000,0.00000000,0.00000000,0.00000000,0
278437140,1,0,0,0,400,600,400,100,0,1,0,0,1,0,0,0,0,0.00000000,0.00000000,0.00000000,0.00000000,0.00000000,0.00000000,0,0,0,6,1,-0.04861915,-0.04871141,-0.02306441,0.00000000,0.00000000,0.00000000,0.00000000,0.00000000,1.00000000,0.00000000,0.00000000,0,-79.42128185,-79.49607244,0.00000000,0.00000000,0.00000000,4.28771501,3.92090112,0.00000000,0,0,0,6,0,-0.04861915,-0.04871141,-0.02306441,0.00000000,0.00000000,0.00000000,0.00000000,0.00000000,1.00000000,0.00000000,0.00000000,0,-1.38482363,-1.38482363,0.00000000,0.00000000,0.00000000,0.00000000,0.00000000,0.00000000,0
278437203,1,0,0,0,400,600,400,100,0,1,0,0,1,0,0,0,0,0.00000000,0.00000000,0.00000000,0.00000000,0.00000000,0.00000000,0,0,0,6,1,-0.04861915,-0.04871141,-0.02306441,0.00000000,0.00000000,0.00000000,0.00000000,0.00000000,1.00000000,0.00000000,0.00000000,0,-79.42128185,-79.49607244,0.00000000,0.00000000,0.00000000,4.28771501,3.92090112,0.00000000,0,0,0,6,0,-0.04861915,-0.04871141,-0.02306441,0.00000000,0.00000000,0.00000000,0.00000000,0.00000000,1.00000000,0.00000000,0.00000000,0,-1.38482363,-1.38482363,0.00000000,0.00000000,0.00000000,0.00000000,0.00000000,0.00000000,0
278437281,1,0,0,0,400,600,400,100,0,1,0,0,1,0,0,0,0,0.00000000,0.00000000,0.00000000,0.00000000,0.00000000,0.00000000,0,0,0,6,1,-0.04861915,-0.04871141,-0.02306441,0.00000000,0.00000000,0.00000000,0.00000000,0.00000000,1.00000000,0.00000000,0.00000000,0,-79.42128185,-79.49607244,0.00000000,0.00000000,0.00000000,4.28771501,3.92090112,0.00000000,0,0,0,6,0,-0.04861915,-0.04871141,-0.02306441,0.00000000,0.00000000,0.00000000,0.00000000,0.00000000,1.00000000,0.00000000,0.00000000,0,-1.38482363,-1.38482363,0.00000000,0.00000000,0.00000000,0.00000000,0.00000000,0.00000000,0
278437343,1,0,0,0,400,600,400,100,0,1,0,0,1,0,0,0,0,0.00000000,0.00000000,0.00000000,0.00000000,0.00000000,0.00000000,0,0,0,6,1,-0.04861915,-0.04871141,-0.02306441,0.00000000,0.00000000,0.00000000,0.00000000,0.00000000,1.00000000,0.00000000,0.00000000,0,-79.42128185,-79.49607244,0.00000000,0.00000000,0.00000000,4.28771501,3.92090112,0.00000000,0,0,0,6,0,-0.04861915,-0.04871141,-0.02306441,0.00000000,0.00000000,0.00000000,0.00000000,0.00000000,1.00000000,0.00000000,0.00000000,0,-1.38482363,-1.38482363,0.00000000,0.00000000,0.00000000,0.00000000,0.00000000,0.00000000,0
278437406,1,0,0,0,400,600,400,100,0,1,0,0,1,0,0,0,0,0.00000000,0.00000000,0.00000000,0.00000000,0.00000000,0.00000000,0,0,0,6,1,-0.04861915,-0.04871141,-0.02306441,0.00000000,0.00000000,0.00000000,0.00000000,0.00000000,1.00000000,0.00000000,0.00000000,0,-79.42128185,-79.49607244,0.00000000,0.00000000,0.00000000,4.28771501,3.92090112,0.00000000,0,0,0,6,0,-0.04861915,-0.04871141,-0.02306441,0.00000000,0.00000000,0.00000000,0.00000000,0.00000000,1.00000000,0.00000000,0.00000000,0,-1.38482363,-1.38482363,0.00000000,0.00000000,0.00000000,0.00000000,0.00000000,0.00000000,0
278437468,1,0,0,0,400,600,400,100,0,1,0,0,1,0,0,0,0,0.00000000,0.00000000,0.00000000,0.00000000,0.00000000,0.00000000,0,0,0,6,1,-0.04861915,-0.04871141,-0.02306441,0.00000000,0.00000000,0.00000000,0.00000000,0.00000000,1.00000000,0.00000000,0.00000000,0,-79.42128185,-79.49607244,0.00000000,0.00000000,0.00000000,4.28771501,3.92090112,0.00000000,0,0,0,6,0,-0.04861915,-0.04871141,-0.02306441,0.00000000,0.00000000,0.00000000,0.00000000,0.00000000,1.00000000,0.00000000,0.00000000,0,-1.38482363,-1.38482363,0.00000000,0.00000000,0.00000000,0.00000000,0.00000000,0.00000000,0
278437531,1,0,0,0,400,600,400,100,0,1,0,0,1,0,0,0,0,0.00000000,0.00000000,0.00000000,0.00000000,0.00000000,0.00000000,0,0,0,6,1,-0.04861915,-0.04871141,-0.02306441,0.00000000,0.00000000,0.00000000,0.00000000,0.00000000,1.00000000,0.00000000,0.00000000,0,-79.42128185,-79.49607244,0.00000000,0.00000000,0.00000000,4.28771501,3.92090112,0.00000000,0,0,0,6,0,-0.04861915,-0.04871141,-0.02306441,0.00000000,0.00000000,0.00000000,0.00000000,0.00000000,1.00000000,0.00000000,0.00000000,0,-1.38482363,-1.38482363,0.00000000,0.00000000,0.00000000,0.00000000,0.00000000,0.00000000,0
278437593,1,0,0,0,400,600,400,100,0,1,0,0,1,0,0,0,0,0.00000000,0.00000000,0.00000000,0.00000000,0.00000000,0.00000000,0,0,0,6,1,-0.04861915,-0.04871141,-0.02306441,0.00000000,0.00000000,0.00000000,0.00000000,0.00000000,1.00000000,0.00000000,0.00000000,0,-79.42128185,-79.49607244,0.00000000,0.00000000,0.00000000,4.28771501,3.92090112,0.00000000,0,0,0,6,0,-0.04861915,-0.04871141,-0.02306441,0.00000000,0.00000000,0.00000000,0.00000000,0.00000000,1.00000000,0.00000000,0.00000000,0,-1.38482363,-1.38482363,0.00000000,0.00000000,0.00000000,0.00000000,0.00000000,0.00000000,0
278437656,1,0,0,0,400,600,400,100,0,1,0,0,1,0,0,0,0,0.00000000,0.00000000,0.00000000,0.00000000,0.00000000,0.00000000,0,0,0,6,1,-0.04861915,-0.04871141,-0.02306441,0.00000000,0.00000000,0.00000000,0.00000000,0.00000000,1.00000000,0.00000000,0.00000000,0,-79.42128185,-79.49607244,0.00000000,0.00000000,0.00000000,4.28771501,3.92090112,0.00000000,0,0,0,6,0,-0.04861915,-0.04871141,-0.02306441,0.00000000,0.00000000,0.00000000,0.00000000,0.00000000,1.00000000,0.00000000,0.00000000,0,-1.38482363,-1.38482363,0.00000000,0.00000000,0.00000000,0.00000000,0.00000000,0.00000000,0
278437718,1,0,0,0,400,600,400,100,0,1,0,0,1,0,0,0,0,0.00000000,0.00000000,0.00000000,0.00000000,0.00000000,0.00000000,0,0,0,6,1,-0.04861915,-0.04871141,-0.02306441,0.00000000,0.00000000,0.00000000,0.00000000,0.00000000,1.00000000,0.00000000,0.00000000,0,-79.42128185,-79.49607244,0.00000000,0.00000000,0.00000000,4.28771501,3.92090112,0.00000000,0,0,0,6,0,-0.04861915,-0.04871141,-0.02306441,0.00000000,0.00000000,0.00000000,0.00000000,0.00000000,1.00000000,0.00000000,0.00000000,0,-1.38482363,-1.38482363,0.00000000,0.00000000,0.00000000,0.00000000,0.00000000,0.00000000,0
278437781,1,0,0,0,400,600,400,100,0,1,0,0,1,0,0,0,0,0.00000000,0.00000000,0.00000000,0.00000000,0.00000000,0.00000000,0,0,0,6,1,-0.04861915,-0.04871141,-0.02306441,0.00000000,0.00000000,0.00000000,0.00000000,0.00000000,1.00000000,0.00000000,0.00000000,0,-79.42128185,-79.49607244,0.00000000,0.00000000,0.00000000,4.28771501,3.92090112,0.00000000,0,0,0,6,0,-0.04861915,-0.04871141,-0.02306441,0.00000000,0.00000000,0.00000000,0.00000000,0.00000000,1.00000000,0.00000000,0.00000000,0,-1.38482363,-1.38482363,0.00000000,0.00000000,0.00000000,0.00000000,0.00000000,0.00000000,0
278437843,1,0,0,0,400,600,400,100,0,1,0,0,1,0,0,0,0,0.00000000,0.00000000,0.00000000,0.00000000,0.00000000,0.00000000,0,0,0,6,1,-0.04861915,-0.04871141,-0.02306441,0.00000000,0.00000000,0.00000000,0.00000000,0.00000000,1.00000000,0.00000000,0.00000000,0,-79.42128185,-79.49607244,0.00000000,0.00000000,0.00000000,4.28771501,3.92090112,0.00000000,0,0,0,6,0,-0.04861915,-0.04871141,-0.02306441,0.00000000,0.00000000,0.00000000,0.00000000,0.00000000,1.00000000,0.00000000,0.00000000,0,-1.38482363,-1.38482363,0.00000000,0.00000000,0.00000000,0.00000000,0.00000000,0.00000000,0
278437906,1,0,0,0,400,600,400,100,0,1,0,0,1,0,0,0,0,0.00000000,0.00000000,0.00000000,0.00000000,0.00000000,0.00000000,0,0,0,6,1,-0.04861915,-0.04871141,-0.02306441,0.00000000,0.00000000,0.00000000,0.00000000,0.00000000,1.00000000,0.00000000,0.00000000,0,-79.42128185,-79.49607244,0.00000000,0.00000000,0.00000000,4.28771501,3.92090112,0.00000000,0,0,0,6,0,-0.04861915,-0.04871141,-0.02306441,0.00000000,0.00000000,0.00000000,0.00000000,0.00000000,1.00000000,0.00000000,0.00000000,0,-1.38482363,-1.38482363,0.00000000,0.00000000,0.00000000,0.00000000,0.00000000,0.00000000,0
278437968,1,0,0,0,400,600,400,100,0,1,0,0,1,0,0,0,0,0.00000000,0.00000000,0.00000000,0.00000000,0.00000000,0.00000000,0,0,0,6,1,-0.04861915,-0.04871141,-0.02306441,0.00000000,0.00000000,0.00000000,0.00000000,0.00000000,1.00000000,0.00000000,0.00000000,0,-79.42128185,-79.49607244,0.00000000,0.00000000,0.00000000,4.28771501,3.92090112,0.00000000,0,0,0,6,0,-0.04861915,-0.04871141,-0.02306441,0.00000000,0.00000000,0.00000000,0.00000000,0.00000000,1.00000000,0.00000000,0.00000000,0,-1.38482363,-1.38482363,0.00000000,0.00000000,0.00000000,0.00000000,0.00000000,0.00000000,0
278438046,1,0,0,0,400,600,400,100,0,1,0,0,1,0,0,0,0,0.00000000,0.00000000,0.00000000,0.00000000,0.00000000,0.00000000,0,0,0,6,1,-0.04861915,-0.04871141,-0.02306441,0.00000000,0.00000000,0.00000000,0.00000000,0.00000000,1.00000000,0.00000000,0.00000000,0,-79.42128185,-79.49607244,0.00000000,0.00000000,0.00000000,4.28771501,3.92090112,0.00000000,0,0,0,6,0,-0.04861915,-0.04871141,-0.02306441,0.00000000,0.00000000,0.00000000,0.00000000,0.00000000,1.00000000,0.00000000,0.00000000,0,-1.38482363,-1.38482363,0.00000000,0.00000000,0.00000000,0.00000000,0.00000000,0.00000000,0
278438109,1,0,0,0,400,600,400,100,0,1,0,0,1,0,0,0,0,0.00000000,0.00000000,0.00000000,0.00000000,0.00000000,0.00000000,0,0,0,6,1,-0.04861915,-0.04871141,-0.02306441,0.00000000,0.00000000,0.00000000,0.00000000,0.00000000,1.00000000,0.00000000,0.00000000,0,-79.42128185,-79.49607244,0.00000000,0.00000000,0.00000000,4.28771501,3.92090112,0.00000000,0,0,0,6,0,-0.04861915,-0.04871141,-0.02306441,0.00000000,0.00000000,0.00000000,0.00000000,0.00000000,1.00000000,0.00000000,0.00000000,0,-1.38482363,-1.38482363,0.00000000,0.00000000,0.00000000,0.00000000,0.00000000,0.00000000,0
278438171,1,0,0,0,400,600,400,100,0,1,0,0,1,0,0,0,0,0.00000000,0.00000000,0.00000000,0.00000000,0.00000000,0.00000000,0,0,0,6,1,-0.04861915,-0.04871141,-0.02306441,0.00000000,0.00000000,0.00000000,0.00000000,0.00000000,1.00000000,0.00000000,0.00000000,0,-79.42128185,-79.49607244,0.00000000,0.00000000,0.00000000,4.28771501,3.92090112,0.00000000,0,0,0,6,0,-0.04861915,-0.04871141,-0.02306441,0.00000000,0.00000000,0.00000000,0.00000000,0.00000000,1.00000000,0.00000000,0.00000000,0,-1.38482363,-1.38482363,0.00000000,0.00000000,0.00000000,0.00000000,0.00000000,0.00000000,0
278438234,1,0,0,0,400,600,400,100,0,1,0,0,1,0,0,0,0,0.00000000,0.00000000,0.00000000,0.00000000,0.00000000,0.00000000,0,0,0,6,1,-0.04861915,-0.04871141,-0.02306441,0.00000000,0.00000000,0.00000000,0.00000000,0.00000000,1.00000000,0.00000000,0.00000000,0,-79.42128185,-79.49607244,0.00000000,0.00000000,0.00000000,4.28771501,3.92090112,0.00000000,0,0,0,6,0,-0.04861915,-0.04871141,-0.02306441,0.00000000,0.00000000,0.00000000,0.00000000,0.00000000,1.00000000,0.00000000,0.00000000,0,-1.38482363,-1.38482363,0.00000000,0.00000000,0.00000000,0.00000000,0.00000000,0.00000000,0
278438296,1,0,0,0,400,600,400,100,0,1,0,0,1,0,0,0,0,0.00000000,0.00000000,0.00000000,0.00000000,0.00000000,0.00000000,0,0,0,6,1,-0.04861915,-0.04871141,-0.02306441,0.00000000,0.00000000,0.00000000,0.00000000,0.00000000,1.00000000,0.00000000,0.00000000,0,-79.42128185,-79.49607244,0.00000000,0.00000000,0.00000000,4.28771501,3.92090112,0.00000000,0,0,0,6,0,-0.04861915,-0.04871141,-0.02306441,0.00000000,0.00000000,0.00000000,0.00000000,0.00000000,1.00000000,0.00000000,0.00000000,0,-1.38482363,-1.38482363,0.00000000,0.00000000,0.00000000,0.00000000,0.00000000,0.00000000,0
278438359,1,0,0,0,400,600,400,100,0,1,0,0,1,0,0,0,0,0.00000000,0.00000000,0.00000000,0.00000000,0.00000000,0.00000000,0,0,0,6,1,-0.04861915,-0.04871141,-0.02306441,0.00000000,0.00000000,0.00000000,0.00000000,0.00000000,1.00000000,0.00000000,0.00000000,0,-79.42128185,-79.49607244,0.00000000,0.00000000,0.00000000,4.28771501,3.92090112,0.00000000,0,0,0,6,0,-0.04861915,-0.04871141,-0.02306441,0.00000000,0.00000000,0.00000000,0.00000000,0.00000000,1.00000000,0.00000000,0.00000000,0,-1.38482363,-1.38482363,0.00000000,0.00000000,0.00000000,0.00000000,0.00000000,0.00000000,0
278438421,1,0,0,0,400,600,400,100,0,1,0,0,1,0,0,0,0,0.00000000,0.00000000,0.00000000,0.00000000,0.00000000,0.00000000,0,0,0,6,1,-0.04861915,-0.04871141,-0.02306441,0.00000000,0.00000000,0.00000000,0.00000000,0.00000000,1.00000000,0.00000000,0.00000000,0,-79.42128185,-79.49607244,0.00000000,0.00000000,0.00000000,4.28771501,3.92090112,0.00000000,0,0,0,6,0,-0.04861915,-0.04871141,-0.02306441,0.00000000,0.00000000,0.00000000,0.00000000,0.00000000,1.00000000,0.00000000,0.00000000,0,-1.38482363,-1.38482363,0.00000000,0.00000000,0.00000000,0.00000000,0.00000000,0.00000000,0
278438484,1,0,0,0,400,600,400,100,0,1,0,0,1,0,0,0,0,0.00000000,0.00000000,0.00000000,0.00000000,0.00000000,0.00000000,0,0,0,6,1,-0.04861915,-0.04871141,-0.02306441,0.00000000,0.00000000,0.00000000,0.00000000,0.00000000,1.00000000,0.00000000,0.00000000,0,-79.42128185,-79.49607244,0.00000000,0.00000000,0.00000000,4.28771501,3.92090112,0.00000000,0,0,0,6,0,-0.04861915,-0.04871141,-0.02306441,0.00000000,0.00000000,0.00000000,0.00000000,0.00000000,1.00000000,0.00000000,0.00000000,0,-1.38482363,-1.38482363,0.00000000,0.00000000,0.00000000,0.00000000,0.00000000,0.00000000,0
278438562,1,0,0,0,400,600,400,100,0,1,0,0,1,0,0,0,0,0.00000000,0.00000000,0.00000000,0.00000000,0.00000000,0.00000000,0,0,0,6,1,-0.04861915,-0.04871141,-0.02306441,0.00000000,0.00000000,0.00000000,0.00000000,0.00000000,1.00000000,0.00000000,0.00000000,0,-79.42128185,-79.49607244,0.00000000,0.00000000,0.00000000,4.28771501,3.92090112,0.00000000,0,0,0,6,0,-0.04861915,-0.04871141,-0.02306441,0.00000000,0.00000000,0.00000000,0.00000000,0.00000000,1.00000000,0.00000000,0.00000000,0,-1.38482363,-1.38482363,0.00000000,0.00000000,0.00000000,0.00000000,0.00000000,0.00000000,0
278438625,1,0,0,0,400,600,400,100,0,1,0,0,1,0,0,0,0,0.00000000,0.00000000,0.00000000,0.00000000,0.00000000,0.00000000,0,0,0,6,1,-0.04861915,-0.04871141,-0.02306441,0.00000000,0.00000000,0.00000000,0.00000000,0.00000000,1.00000000,0.00000000,0.00000000,0,-79.42128185,-79.49607244,0.00000000,0.00000000,0.00000000,4.28771501,3.92090112,0.00000000,0,0,0,6,0,-0.04861915,-0.04871141,-0.02306441,0.00000000,0.00000000,0.00000000,0.00000000,0.00000000,1.00000000,0.00000000,0.00000000,0,-1.38482363,-1.38482363,0.00000000,0.00000000,0.00000000,0.00000000,0.00000000,0.00000000,0
278438687,1,0,0,0,400,600,400,100,0,1,0,0,1,0,0,0,0,0.00000000,0.00000000,0.00000000,0.00000000,0.00000000,0.00000000,0,0,0,6,1,-0.04861915,-0.04871141,-0.02306441,0.00000000,0.00000000,0.00000000,0.00000000,0.00000000,1.00000000,0.00000000,0.00000000,0,-79.42128185,-79.49607244,0.00000000,0.00000000,0.00000000,4.28771501,3.92090112,0.00000000,0,0,0,6,0,-0.04861915,-0.04871141,-0.02306441,0.00000000,0.00000000,0.00000000,0.00000000,0.00000000,1.00000000,0.00000000,0.00000000,0,-1.38482363,-1.38482363,0.00000000,0.00000000,0.00000000,0.00000000,0.00000000,0.00000000,0
278438750,1,0,0,0,400,600,400,100,0,1,0,0,1,0,0,0,0,0.00000000,0.00000000,0.00000000,0.00000000,0.00000000,0.00000000,0,0,0,6,1,-0.04861915,-0.04871141,-0.02306441,0.00000000,0.00000000,0.00000000,0.00000000,0.00000000,1.00000000,0.00000000,0.00000000,0,-79.42128185,-79.49607244,0.00000000,0.00000000,0.00000000,4.28771501,3.92090112,0.00000000,0,0,0,6,0,-0.04861915,-0.04871141,-0.02306441,0.00000000,0.00000000,0.00000000,0.00000000,0.00000000,1.00000000,0.00000000,0.00000000,0,-1.38482363,-1.38482363,0.00000000,0.00000000,0.00000000,0.00000000,0.00000000,0.00000000,0
278438812,1,0,0,0,400,600,400,100,0,1,0,0,1,0,0,0,0,0.00000000,0.00000000,0.00000000,0.00000000,0.00000000,0.00000000,0,0,0,6,1,-0.04861915,-0.04871141,-0.02306441,0.00000000,0.00000000,0.00000000,0.00000000,0.00000000,1.00000000,0.00000000,0.00000000,0,-79.42128185,-79.49607244,0.00000000,0.00000000,0.00000000,4.28771501,3.92090112,0.00000000,0,0,0,6,0,-0.04861915,-0.04871141,-0.02306441,0.00000000,0.00000000,0.00000000,0.00000000,0.00000000,1.00000000,0.00000000,0.00000000,0,-1.38482363,-1.38482363,0.00000000,0.00000000,0.00000000,0.00000000,0.00000000,0.00000000,0
278438890,1,0,0,0,400,600,400,100,0,1,0,0,1,0,0,0,0,0.00000000,0.00000000,0.00000000,0.00000000,0.00000000,0.00000000,0,0,0,6,1,-0.04861915,-0.04871141,-0.02306441,0.00000000,0.00000000,0.00000000,0.00000000,0.00000000,1.00000000,0.00000000,0.00000000,0,-79.42128185,-79.49607244,0.00000000,0.00000000,0.00000000,4.28771501,3.92090112,0.00000000,0,0,0,6,0,-0.04861915,-0.04871141,-0.02306441,0.00000000,0.00000000,0.00000000,0.00000000,0.00000000,1.00000000,0.00000000,0.00000000,0,-1.38482363,-1.38482363,0.00000000,0.00000000,0.00000000,0.00000000,0.00000000,0.00000000,0
278438968,1,0,0,0,400,600,400,100,0,1,0,0,1,0,0,0,0,0.00000000,0.00000000,0.00000000,0.00000000,0.00000000,0.00000000,0,0,0,6,1,-0.04861915,-0.04871141,-0.02306441,0.00000000,0.00000000,0.00000000,0.00000000,0.00000000,1.00000000,0.00000000,0.00000000,0,-79.42128185,-79.49607244,0.00000000,0.00000000,0.00000000,4.28771501,3.92090112,0.00000000,0,0,0,6,0,-0.04861915,-0.04871141,-0.02306441,0.00000000,0.00000000,0.00000000,0.00000000,0.00000000,1.00000000,0.00000000,0.00000000,0,-1.38482363,-1.38482363,0.00000000,0.00000000,0.00000000,0.00000000,0.00000000,0.00000000,0
278439046,1,0,0,0,400,600,400,100,0,1,0,0,1,0,0,0,0,0.00000000,0.00000000,0.00000000,0.00000000,0.00000000,0.00000000,0,0,0,6,1,-0.04861915,-0.04871141,-0.02306441,0.00000000,0.00000000,0.00000000,0.00000000,0.00000000,1.00000000,0.00000000,0.00000000,0,-79.42128185,-79.49607244,0.00000000,0.00000000,0.00000000,4.28771501,3.92090112,0.00000000,0,0,0,6,0,-0.04861915,-0.04871141,-0.02306441,0.00000000,0.00000000,0.00000000,0.00000000,0.00000000,1.00000000,0.00000000,0.00000000,0,-1.38482363,-1.38482363,0.00000000,0.00000000,0.00000000,0.00000000,0.00000000,0.00000000,0
278439109,1,0,0,0,400,600,400,100,0,1,0,0,1,0,0,0,0,0.00000000,0.00000000,0.00000000,0.00000000,0.00000000,0.00000000,0,0,0,6,1,-0.04861915,-0.04871141,-0.02306441,0.00000000,0.00000000,0.00000000,0.00000000,0.00000000,1.00000000,0.00000000,0.00000000,0,-79.42128185,-79.49607244,0.00000000,0.00000000,0.00000000,4.28771501,3.92090112,0.00000000,0,0,0,6,0,-0.04861915,-0.04871141,-0.02306441,0.00000000,0.00000000,0.00000000,0.00000000,0.00000000,1.00000000,0.00000000,0.00000000,0,-1.38482363,-1.38482363,0.00000000,0.00000000,0.00000000,0.00000000,0.00000000,0.00000000,0
278439171,1,0,0,0,400,600,400,100,0,1,0,0,1,0,0,0,0,0.00000000,0.00000000,0.00000000,0.00000000,0.00000000,0.00000000,0,0,0,6,1,-0.04861915,-0.04871141,-0.02306441,0.00000000,0.00000000,0.00000000,0.00000000,0.00000000,1.00000000,0.00000000,0.00000000,0,-79.42128185,-79.49607244,0.00000000,0.00000000,0.00000000,4.28771501,3.92090112,0.00000000,0,0,0,6,0,-0.04861915,-0.04871141,-0.02306441,0.00000000,0.00000000,0.00000000,0.00000000,0.00000000,1.00000000,0.00000000,0.00000000,0,-1.38482363,-1.38482363,0.00000000,0.00000000,0.00000000,0.00000000,0.00000000,0.00000000,0
278439234,1,0,0,0,400,600,400,100,0,1,0,0,1,0,0,0,0,0.00000000,0.00000000,0.00000000,0.00000000,0.00000000,0.00000000,0,0,0,6,1,-0.04861915,-0.04871141,-0.02306441,0.00000000,0.00000000,0.00000000,0.00000000,0.00000000,1.00000000,0.00000000,0.00000000,0,-79.42128185,-79.49607244,0.00000000,0.00000000,0.00000000,4.28771501,3.92090112,0.00000000,0,0,0,6,0,-0.04861915,-0.04871141,-0.02306441,0.00000000,0.00000000,0.00000000,0.00000000,0.00000000,1.00000000,0.00000000,0.00000000,0,-1.38482363,-1.38482363,0.00000000,0.00000000,0.00000000,0.00000000,0.00000000,0.00000000,0
278439296,1,0,0,0,400,600,400,100,0,1,0,0,1,0,0,0,0,0.00000000,0.00000000,0.00000000,0.00000000,0.00000000,0.00000000,0,0,0,6,1,-0.04861915,-0.04871141,-0.02306441,0.00000000,0.00000000,0.00000000,0.00000000,0.00000000,1.00000000,0.00000000,0.00000000,0,-79.42128185,-79.49607244,0.00000000,0.00000000,0.00000000,4.28771501,3.92090112,0.00000000,0,0,0,6,0,-0.04861915,-0.04871141,-0.02306441,0.00000000,0.00000000,0.00000000,0.00000000,0.00000000,1.00000000,0.00000000,0.00000000,0,-1.38482363,-1.38482363,0.00000000,0.00000000,0.00000000,0.00000000,0.00000000,0.00000000,0
278439375,1,0,0,0,400,600,400,100,0,1,0,0,1,0,0,0,0,0.00000000,0.00000000,0.00000000,0.00000000,0.00000000,0.00000000,0,0,0,6,1,-0.04861915,-0.04871141,-0.02306441,0.00000000,0.00000000,0.00000000,0.00000000,0.00000000,1.00000000,0.00000000,0.00000000,0,-79.42128185,-79.49607244,0.00000000,0.00000000,0.00000000,4.28771501,3.92090112,0.00000000,0,0,0,6,0,-0.04861915,-0.04871141,-0.02306441,0.00000000,0.00000000,0.00000000,0.00000000,0.00000000,1.00000000,0.00000000,0.00000000,0,-1.38482363,-1.38482363,0.00000000,0.00000000,0.00000000,0.00000000,0.00000000,0.00000000,0
278439437,1,0,0,0,400,600,400,100,0,1,0,0,1,0,0,0,0,0.00000000,0.00000000,0.00000000,0.00000000,0.00000000,0.00000000,0,0,0,6,1,-0.04861915,-0.04871141,-0.02306441,0.00000000,0.00000000,0.00000000,0.00000000,0.00000000,1.00000000,0.00000000,0.00000000,0,-79.42128185,-79.49607244,0.00000000,0.00000000,0.00000000,4.28771501,3.92090112,0.00000000,0,0,0,6,0,-0.04861915,-0.04871141,-0.02306441,0.00000000,0.00000000,0.00000000,0.00000000,0.00000000,1.00000000,0.00000000,0.00000000,0,-1.38482363,-1.38482363,0.00000000,0.00000000,0.00000000,0.00000000,0.00000000,0.00000000,0
278439515,1,0,0,0,400,600,400,100,0,1,0,0,1,0,0,0,0,0.00000000,0.00000000,0.00000000,0.00000000,0.00000000,0.00000000,0,0,0,6,1,-0.04861915,-0.04871141,-0.02306441,0.00000000,0.00000000,0.00000000,0.00000000,0.00000000,1.00000000,0.00000000,0.00000000,0,-79.42128185,-79.49607244,0.00000000,0.00000000,0.00000000,4.28771501,3.92090112,0.00000000,0,0,0,6,0,-0.04861915,-0.04871141,-0.02306441,0.00000000,0.00000000,0.00000000,0.00000000,0.00000000,1.00000000,0.00000000,0.00000000,0,-1.38482363,-1.38482363,0.00000000,0.00000000,0.00000000,0.00000000,0.00000000,0.00000000,0
278439578,1,0,0,0,400,600,400,100,0,1,0,0,1,0,0,0,0,0.00000000,0.00000000,0.00000000,0.00000000,0.00000000,0.00000000,0,0,0,6,1,-0.04861915,-0.04871141,-0.02306441,0.00000000,0.00000000,0.00000000,0.00000000,0.00000000,1.00000000,0.00000000,0.00000000,0,-79.42128185,-79.49607244,0.00000000,0.00000000,0.00000000,4.28771501,3.92090112,0.00000000,0,0,0,6,0,-0.04861915,-0.04871141,-0.02306441,0.00000000,0.00000000,0.00000000,0.00000000,0.00000000,1.00000000,0.00000000,0.00000000,0,-1.38482363,-1.38482363,0.00000000,0.00000000,0.00000000,0.00000000,0.00000000,0.00000000,0
278439640,1,0,0,0,400,600,400,100,0,1,0,0,1,0,0,0,0,0.00000000,0.00000000,0.00000000,0.00000000,0.00000000,0.00000000,0,0,0,6,1,-0.04861915,-0.04871141,-0.02306441,0.00000000,0.00000000,0.00000000,0.00000000,0.00000000,1.00000000,0.00000000,0.00000000,0,-79.42128185,-79.49607244,0.00000000,0.00000000,0.00000000,4.28771501,3.92090112,0.00000000,0,0,0,6,0,-0.04861915,-0.04871141,-0.02306441,0.00000000,0.00000000,0.00000000,0.00000000,0.00000000,1.00000000,0.00000000,0.00000000,0,-1.38482363,-1.38482363,0.00000000,0.00000000,0.00000000,0.00000000,0.00000000,0.00000000,0
278439703,1,0,0,0,400,600,400,100,0,1,0,0,1,0,0,0,0,0.00000000,0.00000000,0.00000000,0.00000000,0.00000000,0.00000000,0,0,0,6,1,-0.04861915,-0.04871141,-0.02306441,0.00000000,0.00000000,0.00000000,0.00000000,0.00000000,1.00000000,0.00000000,0.00000000,0,-79.42128185,-79.49607244,0.00000000,0.00000000,0.00000000,4.28771501,3.92090112,0.00000000,0,0,0,6,0,-0.04861915,-0.04871141,-0.02306441,0.00000000,0.00000000,0.00000000,0.00000000,0.00000000,1.00000000,0.00000000,0.00000000,0,-1.38482363,-1.38482363,0.00000000,0.00000000,0.00000000,0.00000000,0.00000000,0.00000000,0
278439765,1,0,0,0,400,600,400,100,0,1,0,0,1,0,0,0,0,0.00000000,0.00000000,0.00000000,0.00000000,0.00000000,0.00000000,0,0,0,6,1,-0.04861915,-0.04871141,-0.02306441,0.00000000,0.00000000,0.00000000,0.00000000,0.00000000,1.00000000,0.00000000,0.00000000,0,-79.42128185,-79.49607244,0.00000000,0.00000000,0.00000000,4.28771501,3.92090112,0.00000000,0,0,0,6,0,-0.04861915,-0.04871141,-0.02306441,0.00000000,0.00000000,0.00000000,0.00000000,0.00000000,1.00000000,0.00000000,0.00000000,0,-1.38482363,-1.38482363,0.00000000,0.00000000,0.00000000,0.00000000,0.00000000,0.00000000,0
278439828,1,0,0,0,400,600,400,100,0,1,0,0,1,0,0,0,0,0.00000000,0.00000000,0.00000000,0.00000000,0.00000000,0.00000000,0,0,0,6,1,-0.04861915,-0.04871141,-0.02306441,0.00000000,0.00000000,0.00000000,0.00000000,0.00000000,1.00000000,0.00000000,0.00000000,0,-79.42128185,-79.49607244,0.00000000,0.00000000,0.00000000,4.28771501,3.92090112,0.00000000,0,0,0,6,0,-0.04861915,-0.04871141,-0.02306441,0.00000000,0.00000000,0.00000000,0.00000000,0.00000000,1.00000000,0.00000000,0.00000000,0,-1.38482363,-1.38482363,0.00000000,0.00000000,0.00000000,0.00000000,0.00000000,0.00000000,0
278439906,1,0,0,0,400,600,400,100,0,1,0,0,1,0,0,0,0,0.00000000,0.00000000,0.00000000,0.00000000,0.00000000,0.00000000,0,0,0,6,1,-0.04861915,-0.04871141,-0.02306441,0.00000000,0.00000000,0.00000000,0.00000000,0.00000000,1.00000000,0.00000000,0.00000000,0,-79.42128185,-79.49607244,0.00000000,0.00000000,0.00000000,4.28771501,3.92090112,0.00000000,0,0,0,6,0,-0.04861915,-0.04871141,-0.02306441,0.00000000,0.00000000,0.00000000,0.00000000,0.00000000,1.00000000,0.00000000,0.00000000,0,-1.38482363,-1.38482363,0.00000000,0.00000000,0.00000000,0.00000000,0.00000000,0.00000000,0
278439968,1,0,0,0,400,600,400,100,0,1,0,0,1,0,0,0,0,0.00000000,0.00000000,0.00000000,0.00000000,0.00000000,0.00000000,0,0,0,6,1,-0.04861915,-0.04871141,-0.02306441,0.00000000,0.00000000,0.00000000,0.00000000,0.00000000,1.00000000,0.00000000,0.00000000,0,-79.42128185,-79.49607244,0.00000000,0.00000000,0.00000000,4.28771501,3.92090112,0.00000000,0,0,0,6,0,-0.04861915,-0.04871141,-0.02306441,0.00000000,0.00000000,0.00000000,0.00000000,0.00000000,1.00000000,0.00000000,0.00000000,0,-1.38482363,-1.38482363,0.00000000,0.00000000,0.00000000,0.00000000,0.00000000,0.00000000,0
278440031,1,0,0,0,400,600,400,100,0,1,0,0,1,0,0,0,0,0.00000000,0.00000000,0.00000000,0.00000000,0.00000000,0.00000000,0,0,0,6,1,-0.04861915,-0.04871141,-0.02306441,0.00000000,0.00000000,0.00000000,0.00000000,0.00000000,1.00000000,0.00000000,0.00000000,0,-79.42128185,-79.49607244,0.00000000,0.00000000,0.00000000,4.28771501,3.92090112,0.00000000,0,0,0,6,0,-0.04861915,-0.04871141,-0.02306441,0.00000000,0.00000000,0.00000000,0.00000000,0.00000000,1.00000000,0.00000000,0.00000000,0,-1.38482363,-1.38482363,0.00000000,0.00000000,0.00000000,0.00000000,0.00000000,0.00000000,0
278440093,1,0,0,0,400,600,400,100,0,1,0,0,1,0,0,0,0,0.00000000,0.00000000,0.00000000,0.00000000,0.00000000,0.00000000,0,0,0,6,1,-0.04861915,-0.04871141,-0.02306441,0.00000000,0.00000000,0.00000000,0.00000000,0.00000000,1.00000000,0.00000000,0.00000000,0,-79.42128185,-79.49607244,0.00000000,0.00000000,0.00000000,4.28771501,3.92090112,0.00000000,0,0,0,6,0,-0.04861915,-0.04871141,-0.02306441,0.00000000,0.00000000,0.00000000,0.00000000,0.00000000,1.00000000,0.00000000,0.00000000,0,-1.38482363,-1.38482363,0.00000000,0.00000000,0.00000000,0.00000000,0.00000000,0.00000000,0
278440171,1,0,0,0,400,600,400,100,0,1,0,0,1,0,0,0,0,0.00000000,0.00000000,0.00000000,0.00000000,0.00000000,0.00000000,0,0,0,6,1,-0.04861915,-0.04871141,-0.02306441,0.00000000,0.00000000,0.00000000,0.00000000,0.00000000,1.00000000,0.00000000,0.00000000,0,-79.42128185,-79.49607244,0.00000000,0.00000000,0.00000000,4.28771501,3.92090112,0.00000000,0,0,0,6,0,-0.04861915,-0.04871141,-0.02306441,0.00000000,0.00000000,0.00000000,0.00000000,0.00000000,1.00000000,0.00000000,0.00000000,0,-1.38482363,-1.38482363,0.00000000,0.00000000,0.00000000,0.00000000,0.00000000,0.00000000,0
278440234,1,0,0,0,400,600,400,100,0,1,0,0,1,0,0,0,0,0.00000000,0.00000000,0.00000000,0.00000000,0.00000000,0.00000000,0,0,0,6,1,-0.04861915,-0.04871141,-0.02306441,0.00000000,0.00000000,0.00000000,0.00000000,0.00000000,1.00000000,0.00000000,0.00000000,0,-79.42128185,-79.49607244,0.00000000,0.00000000,0.00000000,4.28771501,3.92090112,0.00000000,0,0,0,6,0,-0.04861915,-0.04871141,-0.02306441,0.00000000,0.00000000,0.00000000,0.00000000,0.00000000,1.00000000,0.00000000,0.00000000,0,-1.38482363,-1.38482363,0.00000000,0.00000000,0.00000000,0.00000000,0.00000000,0.00000000,0
278440296,1,0,0,0,400,600,400,100,0,1,0,0,1,0,0,0,0,0.00000000,0.00000000,0.00000000,0.00000000,0.00000000,0.00000000,0,0,0,6,1,-0.04861915,-0.04871141,-0.02306441,0.00000000,0.00000000,0.00000000,0.00000000,0.00000000,1.00000000,0.00000000,0.00000000,0,-79.42128185,-79.49607244,0.00000000,0.00000000,0.00000000,4.28771501,3.92090112,0.00000000,0,0,0,6,0,-0.04861915,-0.04871141,-0.02306441,0.00000000,0.00000000,0.00000000,0.00000000,0.00000000,1.00000000,0.00000000,0.00000000,0,-1.38482363,-1.38482363,0.00000000,0.00000000,0.00000000,0.00000000,0.00000000,0.00000000,0
278440375,1,0,0,0,400,600,400,100,0,1,0,0,1,0,0,0,0,0.00000000,0.00000000,0.00000000,0.00000000,0.00000000,0.00000000,0,0,0,6,1,-0.04861915,-0.04871141,-0.02306441,0.00000000,0.00000000,0.00000000,0.00000000,0.00000000,1.00000000,0.00000000,0.00000000,0,-79.42128185,-79.49607244,0.00000000,0.00000000,0.00000000,4.28771501,3.92090112,0.00000000,0,0,0,6,0,-0.04861915,-0.04871141,-0.02306441,0.00000000,0.00000000,0.00000000,0.00000000,0.00000000,1.00000000,0.00000000,0.00000000,0,-1.38482363,-1.38482363,0.00000000,0.00000000,0.00000000,0.00000000,0.00000000,0.00000000,0
278440437,1,0,0,0,400,600,400,100,0,1,0,0,1,0,0,0,0,0.00000000,0.00000000,0.00000000,0.00000000,0.00000000,0.00000000,0,0,0,6,1,-0.04861915,-0.04871141,-0.02306441,0.00000000,0.00000000,0.00000000,0.00000000,0.00000000,1.00000000,0.00000000,0.00000000,0,-79.42128185,-79.49607244,0.00000000,0.00000000,0.00000000,4.28771501,3.92090112,0.00000000,0,0,0,6,0,-0.04861915,-0.04871141,-0.02306441,0.00000000,0.00000000,0.00000000,0.00000000,0.00000000,1.00000000,0.00000000,0.00000000,0,-1.38482363,-1.38482363,0.00000000,0.00000000,0.00000000,0.00000000,0.00000000,0.00000000,0
278440500,1,0,0,0,400,600,400,100,0,1,0,0,1,0,0,0,0,0.00000000,0.00000000,0.00000000,0.00000000,0.00000000,0.00000000,0,0,0,6,1,-0.04861915,-0.04871141,-0.02306441,0.00000000,0.00000000,0.00000000,0.00000000,0.00000000,1.00000000,0.00000000,0.00000000,0,-79.42128185,-79.49607244,0.00000000,0.00000000,0.00000000,4.28771501,3.92090112,0.00000000,0,0,0,6,0,-0.04861915,-0.04871141,-0.02306441,0.00000000,0.00000000,0.00000000,0.00000000,0.00000000,1.00000000,0.00000000,0.00000000,0,-1.38482363,-1.38482363,0.00000000,0.00000000,0.00000000,0.00000000,0.00000000,0.00000000,0
278440562,1,0,0,0,400,600,400,100,0,1,0,0,1,0,0,0,0,0.00000000,0.00000000,0.00000000,0.00000000,0.00000000,0.00000000,0,0,0,6,1,-0.04861915,-0.04871141,-0.02306441,0.00000000,0.00000000,0.00000000,0.00000000,0.00000000,1.00000000,0.00000000,0.00000000,0,-79.42128185,-79.49607244,0.00000000,0.00000000,0.00000000,4.28771501,3.92090112,0.00000000,0,0,0,6,0,-0.04861915,-0.04871141,-0.02306441,0.00000000,0.00000000,0.00000000,0.00000000,0.00000000,1.00000000,0.00000000,0.00000000,0,-1.38482363,-1.38482363,0.00000000,0.00000000,0.00000000,0.00000000,0.00000000,0.00000000,0
278440625,1,0,0,0,400,600,400,100,0,1,0,0,1,0,0,0,0,0.00000000,0.00000000,0.00000000,0.00000000,0.00000000,0.00000000,0,0,0,6,1,-0.04861915,-0.04871141,-0.02306441,0.00000000,0.00000000,0.00000000,0.00000000,0.00000000,1.00000000,0.00000000,0.00000000,0,-79.42128185,-79.49607244,0.00000000,0.00000000,0.00000000,4.28771501,3.92090112,0.00000000,0,0,0,6,0,-0.04861915,-0.04871141,-0.02306441,0.00000000,0.00000000,0.00000000,0.00000000,0.00000000,1.00000000,0.00000000,0.00000000,0,-1.38482363,-1.38482363,0.00000000,0.00000000,0.00000000,0.00000000,0.00000000,0.00000000,0
278440703,1,0,0,0,400,600,400,100,0,1,0,0,1,0,0,0,0,0.00000000,0.00000000,0.00000000,0.00000000,0.00000000,0.00000000,0,0,0,6,1,-0.04861915,-0.04871141,-0.02306441,0.00000000,0.00000000,0.00000000,0.00000000,0.00000000,1.00000000,0.00000000,0.00000000,0,-79.42128185,-79.49607244,0.00000000,0.00000000,0.00000000,4.28771501,3.92090112,0.00000000,0,0,0,6,0,-0.04861915,-0.04871141,-0.02306441,0.00000000,0.00000000,0.00000000,0.00000000,0.00000000,1.00000000,0.00000000,0.00000000,0,-1.38482363,-1.38482363,0.00000000,0.00000000,0.00000000,0.00000000,0.00000000,0.00000000,0
278440765,1,0,0,0,400,600,400,100,0,1,0,0,1,0,0,0,0,0.00000000,0.00000000,0.00000000,0.00000000,0.00000000,0.00000000,0,0,0,6,1,-0.04861915,-0.04871141,-0.02306441,0.00000000,0.00000000,0.00000000,0.00000000,0.00000000,1.00000000,0.00000000,0.00000000,0,-79.42128185,-79.49607244,0.00000000,0.00000000,0.00000000,4.28771501,3.92090112,0.00000000,0,0,0,6,0,-0.04861915,-0.04871141,-0.02306441,0.00000000,0.00000000,0.00000000,0.00000000,0.00000000,1.00000000,0.00000000,0.00000000,0,-1.38482363,-1.38482363,0.00000000,0.00000000,0.00000000,0.00000000,0.00000000,0.00000000,0
278440828,1,0,0,0,400,600,400,100,0,1,0,0,1,0,0,0,0,0.00000000,0.00000000,0.00000000,0.00000000,0.00000000,0.00000000,0,0,0,6,1,-0.04861915,-0.04871141,-0.02306441,0.00000000,0.00000000,0.00000000,0.00000000,0.00000000,1.00000000,0.00000000,0.00000000,0,-79.42128185,-79.49607244,0.00000000,0.00000000,0.00000000,4.28771501,3.92090112,0.00000000,0,0,0,6,0,-0.04861915,-0.04871141,-0.02306441,0.00000000,0.00000000,0.00000000,0.00000000,0.00000000,1.00000000,0.00000000,0.00000000,0,-1.38482363,-1.38482363,0.00000000,0.00000000,0.00000000,0.00000000,0.00000000,0.00000000,0
278440906,1,0,0,0,400,600,400,100,0,1,0,0,1,0,0,0,0,0.00000000,0.00000000,0.00000000,0.00000000,0.00000000,0.00000000,0,0,0,6,1,-0.04861915,-0.04871141,-0.02306441,0.00000000,0.00000000,0.00000000,0.00000000,0.00000000,1.00000000,0.00000000,0.00000000,0,-79.42128185,-79.49607244,0.00000000,0.00000000,0.00000000,4.28771501,3.92090112,0.00000000,0,0,0,6,0,-0.04861915,-0.04871141,-0.02306441,0.00000000,0.00000000,0.00000000,0.00000000,0.00000000,1.00000000,0.00000000,0.00000000,0,-1.38482363,-1.38482363,0.00000000,0.00000000,0.00000000,0.00000000,0.00000000,0.00000000,0
278440968,1,0,0,0,400,600,400,100,0,1,0,0,1,0,0,0,0,0.00000000,0.00000000,0.00000000,0.00000000,0.00000000,0.00000000,0,0,0,6,1,-0.04861915,-0.04871141,-0.02306441,0.00000000,0.00000000,0.00000000,0.00000000,0.00000000,1.00000000,0.00000000,0.00000000,0,-79.42128185,-79.49607244,0.00000000,0.00000000,0.00000000,4.28771501,3.92090112,0.00000000,0,0,0,6,0,-0.04861915,-0.04871141,-0.02306441,0.00000000,0.00000000,0.00000000,0.00000000,0.00000000,1.00000000,0.00000000,0.00000000,0,-1.38482363,-1.38482363,0.00000000,0.00000000,0.00000000,0.00000000,0.00000000,0.00000000,0
278441031,1,0,0,0,400,600,400,100,0,1,0,0,1,0,0,0,0,0.00000000,0.00000000,0.00000000,0.00000000,0.00000000,0.00000000,0,0,0,6,1,-0.04861915,-0.04871141,-0.02306441,0.00000000,0.00000000,0.00000000,0.00000000,0.00000000,1.00000000,0.00000000,0.00000000,0,-79.42128185,-79.49607244,0.00000000,0.00000000,0.00000000,4.28771501,3.92090112,0.00000000,0,0,0,6,0,-0.04861915,-0.04871141,-0.02306441,0.00000000,0.00000000,0.00000000,0.00000000,0.00000000,1.00000000,0.00000000,0.00000000,0,-1.38482363,-1.38482363,0.00000000,0.00000000,0.00000000,0.00000000,0.00000000,0.00000000,0
278441093,1,0,0,0,400,600,400,100,0,1,0,0,1,0,0,0,0,0.00000000,0.00000000,0.00000000,0.00000000,0.00000000,0.00000000,0,0,0,6,1,-0.04861915,-0.04871141,-0.02306441,0.00000000,0.00000000,0.00000000,0.00000000,0.00000000,1.00000000,0.00000000,0.00000000,0,-79.42128185,-79.49607244,0.00000000,0.00000000,0.00000000,4.28771501,3.92090112,0.00000000,0,0,0,6,0,-0.04861915,-0.04871141,-0.02306441,0.00000000,0.00000000,0.00000000,0.00000000,0.00000000,1.00000000,0.00000000,0.00000000,0,-1.38482363,-1.38482363,0.00000000,0.00000000,0.00000000,0.00000000,0.00000000,0.00000000,0
278441171,1,0,0,0,400,600,400,100,0,1,0,0,1,0,0,0,0,0.00000000,0.00000000,0.00000000,0.00000000,0.00000000,0.00000000,0,0,0,6,1,-0.04861915,-0.04871141,-0.02306441,0.00000000,0.00000000,0.00000000,0.00000000,0.00000000,1.00000000,0.00000000,0.00000000,0,-79.42128185,-79.49607244,0.00000000,0.00000000,0.00000000,4.28771501,3.92090112,0.00000000,0,0,0,6,0,-0.04861915,-0.04871141,-0.02306441,0.00000000,0.00000000,0.00000000,0.00000000,0.00000000,1.00000000,0.00000000,0.00000000,0,-1.38482363,-1.38482363,0.00000000,0.00000000,0.00000000,0.00000000,0.00000000,0.00000000,0
278441234,1,0,0,0,400,600,400,100,0,1,0,0,1,0,0,0,0,0.00000000,0.00000000,0.00000000,0.00000000,0.00000000,0.00000000,0,0,0,6,1,-0.04861915,-0.04871141,-0.02306441,0.00000000,0.00000000,0.00000000,0.00000000,0.00000000,1.00000000,0.00000000,0.00000000,0,-79.42128185,-79.49607244,0.00000000,0.00000000,0.00000000,4.28771501,3.92090112,0.00000000,0,0,0,6,0,-0.04861915,-0.04871141,-0.02306441,0.00000000,0.00000000,0.00000000,0.00000000,0.00000000,1.00000000,0.00000000,0.00000000,0,-1.38482363,-1.38482363,0.00000000,0.00000000,0.00000000,0.00000000,0.00000000,0.00000000,0
278441296,1,0,0,0,400,600,400,100,0,1,0,0,1,0,0,0,0,0.00000000,0.00000000,0.00000000,0.00000000,0.00000000,0.00000000,0,0,0,6,1,-0.04861915,-0.04871141,-0.02306441,0.00000000,0.00000000,0.00000000,0.00000000,0.00000000,1.00000000,0.00000000,0.00000000,0,-79.42128185,-79.49607244,0.00000000,0.00000000,0.00000000,4.28771501,3.92090112,0.00000000,0,0,0,6,0,-0.04861915,-0.04871141,-0.02306441,0.00000000,0.00000000,0.00000000,0.00000000,0.00000000,1.00000000,0.00000000,0.00000000,0,-1.38482363,-1.38482363,0.00000000,0.00000000,0.00000000,0.00000000,0.00000000,0.00000000,0
278441359,1,0,0,0,400,600,400,100,0,1,0,0,1,0,0,0,0,0.00000000,0.00000000,0.00000000,0.00000000,0.00000000,0.00000000,0,0,0,6,1,-0.04861915,-0.04871141,-0.02306441,0.00000000,0.00000000,0.00000000,0.00000000,0.00000000,1.00000000,0.00000000,0.00000000,0,-79.42128185,-79.49607244,0.00000000,0.00000000,0.00000000,4.28771501,3.92090112,0.00000000,0,0,0,6,0,-0.04861915,-0.04871141,-0.02306441,0.00000000,0.00000000,0.00000000,0.00000000,0.00000000,1.00000000,0.00000000,0.00000000,0,-1.38482363,-1.38482363,0.00000000,0.00000000,0.00000000,0.00000000,0.00000000,0.00000000,0
278441421,1,0,0,0,400,600,400,100,0,1,0,0,1,0,0,0,0,0.00000000,0.00000000,0.00000000,0.00000000,0.00000000,0.00000000,0,0,0,6,1,-0.04861915,-0.04871141,-0.02306441,0.00000000,0.00000000,0.00000000,0.00000000,0.00000000,1.00000000,0.00000000,0.00000000,0,-79.42128185,-79.49607244,0.00000000,0.00000000,0.00000000,4.28771501,3.92090112,0.00000000,0,0,0,6,0,-0.04861915,-0.04871141,-0.02306441,0.00000000,0.00000000,0.00000000,0.00000000,0.00000000,1.00000000,0.00000000,0.00000000,0,-1.38482363,-1.38482363,0.00000000,0.00000000,0.00000000,0.00000000,0.00000000,0.00000000,0
278441484,1,0,0,0,400,600,400,100,0,1,0,0,1,0,0,0,0,0.00000000,0.00000000,0.00000000,0.00000000,0.00000000,0.00000000,0,0,0,6,1,-0.04861915,-0.04871141,-0.02306441,0.00000000,0.00000000,0.00000000,0.00000000,0.00000000,1.00000000,0.00000000,0.00000000,0,-79.42128185,-79.49607244,0.00000000,0.00000000,0.00000000,4.28771501,3.92090112,0.00000000,0,0,0,6,0,-0.04861915,-0.04871141,-0.02306441,0.00000000,0.00000000,0.00000000,0.00000000,0.00000000,1.00000000,0.00000000,0.00000000,0,-1.38482363,-1.38482363,0.00000000,0.00000000,0.00000000,0.00000000,0.00000000,0.00000000,0
278441546,1,0,0,0,400,600,400,100,0,1,0,0,1,0,0,0,0,0.00000000,0.00000000,0.00000000,0.00000000,0.00000000,0.00000000,0,0,0,6,1,-0.04861915,-0.04871141,-0.02306441,0.00000000,0.00000000,0.00000000,0.00000000,0.00000000,1.00000000,0.00000000,0.00000000,0,-79.42128185,-79.49607244,0.00000000,0.00000000,0.00000000,4.28771501,3.92090112,0.00000000,0,0,0,6,0,-0.04861915,-0.04871141,-0.02306441,0.00000000,0.00000000,0.00000000,0.00000000,0.00000000,1.00000000,0.00000000,0.00000000,0,-1.38482363,-1.38482363,0.00000000,0.00000000,0.00000000,0.00000000,0.00000000,0.00000000,0
278441625,1,0,0,0,400,600,400,100,0,1,0,0,1,0,0,0,0,0.00000000,0.00000000,0.00000000,0.00000000,0.00000000,0.00000000,0,0,0,6,1,-0.04861915,-0.04871141,-0.02306441,0.00000000,0.00000000,0.00000000,0.00000000,0.00000000,1.00000000,0.00000000,0.00000000,0,-79.42128185,-79.49607244,0.00000000,0.00000000,0.00000000,4.28771501,3.92090112,0.00000000,0,0,0,6,0,-0.04861915,-0.04871141,-0.02306441,0.00000000,0.00000000,0.00000000,0.00000000,0.00000000,1.00000000,0.00000000,0.00000000,0,-1.38482363,-1.38482363,0.00000000,0.00000000,0.00000000,0.00000000,0.00000000,0.00000000,0
278441687,1,0,0,0,400,600,400,100,0,1,0,0,1,0,0,0,0,0.00000000,0.00000000,0.00000000,0.00000000,0.00000000,0.00000000,0,0,0,6,1,-0.04861915,-0.04871141,-0.02306441,0.00000000,0.00000000,0.00000000,0.00000000,0.00000000,1.00000000,0.00000000,0.00000000,0,-79.42128185,-79.49607244,0.00000000,0.00000000,0.00000000,4.28771501,3.92090112,0.00000000,0,0,0,6,0,-0.04861915,-0.04871141,-0.02306441,0.00000000,0.00000000,0.00000000,0.00000000,0.00000000,1.00000000,0.00000000,0.00000000,0,-1.38482363,-1.38482363,0.00000000,0.00000000,0.00000000,0.00000000,0.00000000,0.00000000,0
278441750,1,0,0,0,400,600,400,100,0,1,0,0,1,0,0,0,0,0.00000000,0.00000000,0.00000000,0.00000000,0.00000000,0.00000000,0,0,0,6,1,-0.04861915,-0.04871141,-0.02306441,0.00000000,0.00000000,0.00000000,0.00000000,0.00000000,1.00000000,0.00000000,0.00000000,0,-79.42128185,-79.49607244,0.00000000,0.00000000,0.00000000,4.28771501,3.92090112,0.00000000,0,0,0,6,0,-0.04861915,-0.04871141,-0.02306441,0.00000000,0.00000000,0.00000000,0.00000000,0.00000000,1.00000000,0.00000000,0.00000000,0,-1.38482363,-1.38482363,0.00000000,0.00000000,0.00000000,0.00000000,0.00000000,0.00000000,0
278441812,1,0,0,0,400,600,400,100,0,1,0,0,1,0,0,0,0,0.00000000,0.00000000,0.00000000,0.00000000,0.00000000,0.00000000,0,0,0,6,1,-0.04861915,-0.04871141,-0.02306441,0.00000000,0.00000000,0.00000000,0.00000000,0.00000000,1.00000000,0.00000000,0.00000000,0,-79.42128185,-79.49607244,0.00000000,0.00000000,0.00000000,4.28771501,3.92090112,0.00000000,0,0,0,6,0,-0.04861915,-0.04871141,-0.02306441,0.00000000,0.00000000,0.00000000,0.00000000,0.00000000,1.00000000,0.00000000,0.00000000,0,-1.38482363,-1.38482363,0.00000000,0.00000000,0.00000000,0.00000000,0.00000000,0.00000000,0
278441875,1,0,0,0,400,600,400,100,0,1,0,0,1,0,0,0,0,0.00000000,0.00000000,0.00000000,0.00000000,0.00000000,0.00000000,0,0,0,6,1,-0.04861915,-0.04871141,-0.02306441,0.00000000,0.00000000,0.00000000,0.00000000,0.00000000,1.00000000,0.00000000,0.00000000,0,-79.42128185,-79.49607244,0.00000000,0.00000000,0.00000000,4.28771501,3.92090112,0.00000000,0,0,0,6,0,-0.04861915,-0.04871141,-0.02306441,0.00000000,0.00000000,0.00000000,0.00000000,0.00000000,1.00000000,0.00000000,0.00000000,0,-1.38482363,-1.38482363,0.00000000,0.00000000,0.00000000,0.00000000,0.00000000,0.00000000,0
278441953,1,0,0,0,400,600,400,100,0,1,0,0,1,0,0,0,0,0.00000000,0.00000000,0.00000000,0.00000000,0.00000000,0.00000000,0,0,0,6,1,-0.04861915,-0.04871141,-0.02306441,0.00000000,0.00000000,0.00000000,0.00000000,0.00000000,1.00000000,0.00000000,0.00000000,0,-79.42128185,-79.49607244,0.00000000,0.00000000,0.00000000,4.28771501,3.92090112,0.00000000,0,0,0,6,0,-0.04861915,-0.04871141,-0.02306441,0.00000000,0.00000000,0.00000000,0.00000000,0.00000000,1.00000000,0.00000000,0.00000000,0,-1.38482363,-1.38482363,0.00000000,0.00000000,0.00000000,0.00000000,0.00000000,0.00000000,0
278442015,1,0,0,0,400,600,400,100,0,1,0,0,1,0,0,0,0,0.00000000,0.00000000,0.00000000,0.00000000,0.00000000,0.00000000,0,0,0,6,1,-0.04861915,-0.04871141,-0.02306441,0.00000000,0.00000000,0.00000000,0.00000000,0.00000000,1.00000000,0.00000000,0.00000000,0,-79.42128185,-79.49607244,0.00000000,0.00000000,0.00000000,4.28771501,3.92090112,0.00000000,0,0,0,6,0,-0.04861915,-0.04871141,-0.02306441,0.00000000,0.00000000,0.00000000,0.00000000,0.00000000,1.00000000,0.00000000,0.00000000,0,-1.38482363,-1.38482363,0.00000000,0.00000000,0.00000000,0.00000000,0.00000000,0.00000000,0
278442078,1,0,0,0,400,600,400,100,0,1,0,0,1,0,0,0,0,0.00000000,0.00000000,0.00000000,0.00000000,0.00000000,0.00000000,0,0,0,6,1,-0.04861915,-0.04871141,-0.02306441,0.00000000,0.00000000,0.00000000,0.00000000,0.00000000,1.00000000,0.00000000,0.00000000,0,-79.42128185,-79.49607244,0.00000000,0.00000000,0.00000000,4.28771501,3.92090112,0.00000000,0,0,0,6,0,-0.04861915,-0.04871141,-0.02306441,0.00000000,0.00000000,0.00000000,0.00000000,0.00000000,1.00000000,0.00000000,0.00000000,0,-1.38482363,-1.38482363,0.00000000,0.00000000,0.00000000,0.00000000,0.00000000,0.00000000,0
278442156,1,0,0,0,400,600,400,100,0,1,0,0,1,0,0,0,0,0.00000000,0.00000000,0.00000000,0.00000000,0.00000000,0.00000000,0,0,0,6,1,-0.04861915,-0.04871141,-0.02306441,0.00000000,0.00000000,0.00000000,0.00000000,0.00000000,1.00000000,0.00000000,0.00000000,0,-79.42128185,-79.49607244,0.00000000,0.00000000,0.00000000,4.28771501,3.92090112,0.00000000,0,0,0,6,0,-0.04861915,-0.04871141,-0.02306441,0.00000000,0.00000000,0.00000000,0.00000000,0.00000000,1.00000000,0.00000000,0.00000000,0,-1.38482363,-1.38482363,0.00000000,0.00000000,0.00000000,0.00000000,0.00000000,0.00000000,0
278442218,1,0,0,0,400,600,400,100,0,1,0,0,1,0,0,0,0,0.00000000,0.00000000,0.00000000,0.00000000,0.00000000,0.00000000,0,0,0,6,1,-0.04861915,-0.04871141,-0.02306441,0.00000000,0.00000000,0.00000000,0.00000000,0.00000000,1.00000000,0.00000000,0.00000000,0,-79.42128185,-79.49607244,0.00000000,0.00000000,0.00000000,4.28771501,3.92090112,0.00000000,0,0,0,6,0,-0.04861915,-0.04871141,-0.02306441,0.00000000,0.00000000,0.00000000,0.00000000,0.00000000,1.00000000,0.00000000,0.00000000,0,-1.38482363,-1.38482363,0.00000000,0.00000000,0.00000000,0.00000000,0.00000000,0.00000000,0
278442281,1,0,0,0,400,600,400,100,0,1,0,0,1,0,0,0,0,0.00000000,0.00000000,0.00000000,0.00000000,0.00000000,0.00000000,0,0,0,6,1,-0.04861915,-0.04871141,-0.02306441,0.00000000,0.00000000,0.00000000,0.00000000,0.00000000,1.00000000,0.00000000,0.00000000,0,-79.42128185,-79.49607244,0.00000000,0.00000000,0.00000000,4.28771501,3.92090112,0.00000000,0,0,0,6,0,-0.04861915,-0.04871141,-0.02306441,0.00000000,0.00000000,0.00000000,0.00000000,0.00000000,1.00000000,0.00000000,0.00000000,0,-1.38482363,-1.38482363,0.00000000,0.00000000,0.00000000,0.00000000,0.00000000,0.00000000,0
278442359,1,0,0,0,400,600,400,100,0,1,0,0,1,0,0,0,0,0.00000000,0.00000000,0.00000000,0.00000000,0.00000000,0.00000000,0,0,0,6,1,-0.04861915,-0.04871141,-0.02306441,0.00000000,0.00000000,0.00000000,0.00000000,0.00000000,1.00000000,0.00000000,0.00000000,0,-79.42128185,-79.49607244,0.00000000,0.00000000,0.00000000,4.28771501,3.92090112,0.00000000,0,0,0,6,0,-0.04861915,-0.04871141,-0.02306441,0.00000000,0.00000000,0.00000000,0.00000000,0.00000000,1.00000000,0.00000000,0.00000000,0,-1.38482363,-1.38482363,0.00000000,0.00000000,0.00000000,0.00000000,0.00000000,0.00000000,0
278442421,1,0,0,0,400,600,400,100,0,1,0,0,1,0,0,0,0,0.00000000,0.00000000,0.00000000,0.00000000,0.00000000,0.00000000,0,0,0,6,1,-0.04861915,-0.04871141,-0.02306441,0.00000000,0.00000000,0.00000000,0.00000000,0.00000000,1.00000000,0.00000000,0.00000000,0,-79.42128185,-79.49607244,0.00000000,0.00000000,0.00000000,4.28771501,3.92090112,0.00000000,0,0,0,6,0,-0.04861915,-0.04871141,-0.02306441,0.00000000,0.00000000,0.00000000,0.00000000,0.00000000,1.00000000,0.00000000,0.00000000,0,-1.38482363,-1.38482363,0.00000000,0.00000000,0.00000000,0.00000000,0.00000000,0.00000000,0
278442484,1,0,0,0,400,600,400,100,0,1,0,0,1,0,0,0,0,0.00000000,0.00000000,0.00000000,0.00000000,0.00000000,0.00000000,0,0,0,6,1,-0.04861915,-0.04871141,-0.02306441,0.00000000,0.00000000,0.00000000,0.00000000,0.00000000,1.00000000,0.00000000,0.00000000,0,-79.42128185,-79.49607244,0.00000000,0.00000000,0.00000000,4.28771501,3.92090112,0.00000000,0,0,0,6,0,-0.04861915,-0.04871141,-0.02306441,0.00000000,0.00000000,0.00000000,0.00000000,0.00000000,1.00000000,0.00000000,0.00000000,0,-1.38482363,-1.38482363,0.00000000,0.00000000,0.00000000,0.00000000,0.00000000,0.00000000,0
278442546,1,0,0,0,400,600,400,100,0,1,0,0,1,0,0,0,0,0.00000000,0.00000000,0.00000000,0.00000000,0.00000000,0.00000000,0,0,0,6,1,-0.04861915,-0.04871141,-0.02306441,0.00000000,0.00000000,0.00000000,0.00000000,0.00000000,1.00000000,0.00000000,0.00000000,0,-79.42128185,-79.49607244,0.00000000,0.00000000,0.00000000,4.28771501,3.92090112,0.00000000,0,0,0,6,0,-0.04861915,-0.04871141,-0.02306441,0.00000000,0.00000000,0.00000000,0.00000000,0.00000000,1.00000000,0.00000000,0.00000000,0,-1.38482363,-1.38482363,0.00000000,0.00000000,0.00000000,0.00000000,0.00000000,0.00000000,0
278442609,1,0,0,0,400,600,400,100,0,1,0,0,1,0,0,0,0,0.00000000,0.00000000,0.00000000,0.00000000,0.00000000,0.00000000,0,0,0,6,1,-0.04861915,-0.04871141,-0.02306441,0.00000000,0.00000000,0.00000000,0.00000000,0.00000000,1.00000000,0.00000000,0.00000000,0,-79.42128185,-79.49607244,0.00000000,0.00000000,0.00000000,4.28771501,3.92090112,0.00000000,0,0,0,6,0,-0.04861915,-0.04871141,-0.02306441,0.00000000,0.00000000,0.00000000,0.00000000,0.00000000,1.00000000,0.00000000,0.00000000,0,-1.38482363,-1.38482363,0.00000000,0.00000000,0.00000000,0.00000000,0.00000000,0.00000000,0
278442671,1,0,0,0,400,600,400,100,0,1,0,0,1,0,0,0,0,0.00000000,0.00000000,0.00000000,0.00000000,0.00000000,0.00000000,0,0,0,6,1,-0.04861915,-0.04871141,-0.02306441,0.00000000,0.00000000,0.00000000,0.00000000,0.00000000,1.00000000,0.00000000,0.00000000,0,-79.42128185,-79.49607244,0.00000000,0.00000000,0.00000000,4.28771501,3.92090112,0.00000000,0,0,0,6,0,-0.04861915,-0.04871141,-0.02306441,0.00000000,0.00000000,0.00000000,0.00000000,0.00000000,1.00000000,0.00000000,0.00000000,0,-1.38482363,-1.38482363,0.00000000,0.00000000,0.00000000,0.00000000,0.00000000,0.00000000,0
278442734,1,0,0,0,400,600,400,100,0,1,0,0,1,0,0,0,0,0.00000000,0.00000000,0.00000000,0.00000000,0.00000000,0.00000000,0,0,0,6,1,-0.04861915,-0.04871141,-0.02306441,0.00000000,0.00000000,0.00000000,0.00000000,0.00000000,1.00000000,0.00000000,0.00000000,0,-79.42128185,-79.49607244,0.00000000,0.00000000,0.00000000,4.28771501,3.92090112,0.00000000,0,0,0,6,0,-0.04861915,-0.04871141,-0.02306441,0.00000000,0.00000000,0.00000000,0.00000000,0.00000000,1.00000000,0.00000000,0.00000000,0,-1.38482363,-1.38482363,0.00000000,0.00000000,0.00000000,0.00000000,0.00000000,0.00000000,0
278442812,1,0,0,0,400,600,400,100,0,1,0,0,1,0,0,0,0,0.00000000,0.00000000,0.00000000,0.00000000,0.00000000,0.00000000,0,0,0,6,1,-0.04861915,-0.04871141,-0.02306441,0.00000000,0.00000000,0.00000000,0.00000000,0.00000000,1.00000000,0.00000000,0.00000000,0,-79.42128185,-79.49607244,0.00000000,0.00000000,0.00000000,4.28771501,3.92090112,0.00000000,0,0,0,6,0,-0.04861915,-0.04871141,-0.02306441,0.00000000,0.00000000,0.00000000,0.00000000,0.00000000,1.00000000,0.00000000,0.00000000,0,-1.38482363,-1.38482363,0.00000000,0.00000000,0.00000000,0.00000000,0.00000000,0.00000000,0
278442890,1,0,0,0,400,600,400,100,0,1,0,0,1,0,0,0,0,0.00000000,0.00000000,0.00000000,0.00000000,0.00000000,0.00000000,0,0,0,6,1,-0.04861915,-0.04871141,-0.02306441,0.00000000,0.00000000,0.00000000,0.00000000,0.00000000,1.00000000,0.00000000,0.00000000,0,-79.42128185,-79.49607244,0.00000000,0.00000000,0.00000000,4.28771501,3.92090112,0.00000000,0,0,0,6,0,-0.04861915,-0.04871141,-0.02306441,0.00000000,0.00000000,0.00000000,0.00000000,0.00000000,1.00000000,0.00000000,0.00000000,0,-1.38482363,-1.38482363,0.00000000,0.00000000,0.00000000,0.00000000,0.00000000,0.00000000,0
278442953,1,0,0,0,400,600,400,100,0,1,0,0,1,0,0,0,0,0.00000000,0.00000000,0.00000000,0.00000000,0.00000000,0.00000000,0,0,0,6,1,-0.04861915,-0.04871141,-0.02306441,0.00000000,0.00000000,0.00000000,0.00000000,0.00000000,1.00000000,0.00000000,0.00000000,0,-79.42128185,-79.49607244,0.00000000,0.00000000,0.00000000,4.28771501,3.92090112,0.00000000,0,0,0,6,0,-0.04861915,-0.04871141,-0.02306441,0.00000000,0.00000000,0.00000000,0.00000000,0.00000000,1.00000000,0.00000000,0.00000000,0,-1.38482363,-1.38482363,0.00000000,0.00000000,0.00000000,0.00000000,0.00000000,0.00000000,0
278443031,1,0,0,0,400,600,400,100,0,1,0,0,1,0,0,0,0,0.00000000,0.00000000,0.00000000,0.00000000,0.00000000,0.00000000,0,0,0,6,1,-0.04861915,-0.04871141,-0.02306441,0.00000000,0.00000000,0.00000000,0.00000000,0.00000000,1.00000000,0.00000000,0.00000000,0,-79.42128185,-79.49607244,0.00000000,0.00000000,0.00000000,4.28771501,3.92090112,0.00000000,0,0,0,6,0,-0.04861915,-0.04871141,-0.02306441,0.00000000,0.00000000,0.00000000,0.00000000,0.00000000,1.00000000,0.00000000,0.00000000,0,-1.38482363,-1.38482363,0.00000000,0.00000000,0.00000000,0.00000000,0.00000000,0.00000000,0
278443093,1,0,0,0,400,600,400,100,0,1,0,0,1,0,0,0,0,0.00000000,0.00000000,0.00000000,0.00000000,0.00000000,0.00000000,0,0,0,6,1,-0.04861915,-0.04871141,-0.02306441,0.00000000,0.00000000,0.00000000,0.00000000,0.00000000,1.00000000,0.00000000,0.00000000,0,-79.42128185,-79.49607244,0.00000000,0.00000000,0.00000000,4.28771501,3.92090112,0.00000000,0,0,0,6,0,-0.04861915,-0.04871141,-0.02306441,0.00000000,0.00000000,0.00000000,0.00000000,0.00000000,1.00000000,0.00000000,0.00000000,0,-1.38482363,-1.38482363,0.00000000,0.00000000,0.00000000,0.00000000,0.00000000,0.00000000,0
278443156,1,0,0,0,400,600,400,100,0,1,0,0,1,0,0,0,0,0.00000000,0.00000000,0.00000000,0.00000000,0.00000000,0.00000000,0,0,0,6,1,-0.04861915,-0.04871141,-0.02306441,0.00000000,0.00000000,0.00000000,0.00000000,0.00000000,1.00000000,0.00000000,0.00000000,0,-79.42128185,-79.49607244,0.00000000,0.00000000,0.00000000,4.28771501,3.92090112,0.00000000,0,0,0,6,0,-0.04861915,-0.04871141,-0.02306441,0.00000000,0.00000000,0.00000000,0.00000000,0.00000000,1.00000000,0.00000000,0.00000000,0,-1.38482363,-1.38482363,0.00000000,0.00000000,0.00000000,0.00000000,0.00000000,0.00000000,0
278443218,1,0,0,0,400,600,400,100,0,1,0,0,1,0,0,0,0,0.00000000,0.00000000,0.00000000,0.00000000,0.00000000,0.00000000,0,0,0,6,1,-0.04861915,-0.04871141,-0.02306441,0.00000000,0.00000000,0.00000000,0.00000000,0.00000000,1.00000000,0.00000000,0.00000000,0,-79.42128185,-79.49607244,0.00000000,0.00000000,0.00000000,4.28771501,3.92090112,0.00000000,0,0,0,6,0,-0.04861915,-0.04871141,-0.02306441,0.00000000,0.00000000,0.00000000,0.00000000,0.00000000,1.00000000,0.00000000,0.00000000,0,-1.38482363,-1.38482363,0.00000000,0.00000000,0.00000000,0.00000000,0.00000000,0.00000000,0
278443281,1,0,0,0,400,600,400,100,0,1,0,0,1,0,0,0,0,0.00000000,0.00000000,0.00000000,0.00000000,0.00000000,0.00000000,0,0,0,6,1,-0.04861915,-0.04871141,-0.02306441,0.00000000,0.00000000,0.00000000,0.00000000,0.00000000,1.00000000,0.00000000,0.00000000,0,-79.42128185,-79.49607244,0.00000000,0.00000000,0.00000000,4.28771501,3.92090112,0.00000000,0,0,0,6,0,-0.04861915,-0.04871141,-0.02306441,0.00000000,0.00000000,0.00000000,0.00000000,0.00000000,1.00000000,0.00000000,0.00000000,0,-1.38482363,-1.38482363,0.00000000,0.00000000,0.00000000,0.00000000,0.00000000,0.00000000,0
278443359,1,0,0,0,400,600,400,100,0,1,0,0,1,0,0,0,0,0.00000000,0.00000000,0.00000000,0.00000000,0.00000000,0.00000000,0,0,0,6,1,-0.04861915,-0.04871141,-0.02306441,0.00000000,0.00000000,0.00000000,0.00000000,0.00000000,1.00000000,0.00000000,0.00000000,0,-79.42128185,-79.49607244,0.00000000,0.00000000,0.00000000,4.28771501,3.92090112,0.00000000,0,0,0,6,0,-0.04861915,-0.04871141,-0.02306441,0.00000000,0.00000000,0.00000000,0.00000000,0.00000000,1.00000000,0.00000000,0.00000000,0,-1.38482363,-1.38482363,0.00000000,0.00000000,0.00000000,0.00000000,0.00000000,0.00000000,0
278443421,1,0,0,0,400,600,400,100,0,1,0,0,1,0,0,0,0,0.00000000,0.00000000,0.00000000,0.00000000,0.00000000,0.00000000,0,0,0,6,1,-0.04861915,-0.04871141,-0.02306441,0.00000000,0.00000000,0.00000000,0.00000000,0.00000000,1.00000000,0.00000000,0.00000000,0,-79.42128185,-79.49607244,0.00000000,0.00000000,0.00000000,4.28771501,3.92090112,0.00000000,0,0,0,6,0,-0.04861915,-0.04871141,-0.02306441,0.00000000,0.00000000,0.00000000,0.00000000,0.00000000,1.00000000,0.00000000,0.00000000,0,-1.38482363,-1.38482363,0.00000000,0.00000000,0.00000000,0.00000000,0.00000000,0.00000000,0
278443484,1,0,0,0,400,600,400,100,0,1,0,0,1,0,0,0,0,0.00000000,0.00000000,0.00000000,0.00000000,0.00000000,0.00000000,0,0,0,6,1,-0.04861915,-0.04871141,-0.02306441,0.00000000,0.00000000,0.00000000,0.00000000,0.00000000,1.00000000,0.00000000,0.00000000,0,-79.42128185,-79.49607244,0.00000000,0.00000000,0.00000000,4.28771501,3.92090112,0.00000000,0,0,0,6,0,-0.04861915,-0.04871141,-0.02306441,0.00000000,0.00000000,0.00000000,0.00000000,0.00000000,1.00000000,0.00000000,0.00000000,0,-1.38482363,-1.38482363,0.00000000,0.00000000,0.00000000,0.00000000,0.00000000,0.00000000,0
278443546,1,0,0,0,400,600,400,100,0,1,0,0,1,0,0,0,0,0.00000000,0.00000000,0.00000000,0.00000000,0.00000000,0.00000000,0,0,0,6,1,-0.04861915,-0.04871141,-0.02306441,0.00000000,0.00000000,0.00000000,0.00000000,0.00000000,1.00000000,0.00000000,0.00000000,0,-79.42128185,-79.49607244,0.00000000,0.00000000,0.00000000,4.28771501,3.92090112,0.00000000,0,0,0,6,0,-0.04861915,-0.04871141,-0.02306441,0.00000000,0.00000000,0.00000000,0.00000000,0.00000000,1.00000000,0.00000000,0.00000000,0,-1.38482363,-1.38482363,0.00000000,0.00000000,0.00000000,0.00000000,0.00000000,0.00000000,0
278443609,1,0,0,0,400,600,400,100,0,1,0,0,1,0,0,0,0,0.00000000,0.00000000,0.00000000,0.00000000,0.00000000,0.00000000,0,0,0,6,1,-0.04861915,-0.04871141,-0.02306441,0.00000000,0.00000000,0.00000000,0.00000000,0.00000000,1.00000000,0.00000000,0.00000000,0,-79.42128185,-79.49607244,0.00000000,0.00000000,0.00000000,4.28771501,3.92090112,0.00000000,0,0,0,6,0,-0.04861915,-0.04871141,-0.02306441,0.00000000,0.00000000,0.00000000,0.00000000,0.00000000,1.00000000,0.00000000,0.00000000,0,-1.38482363,-1.38482363,0.00000000,0.00000000,0.00000000,0.00000000,0.00000000,0.00000000,0
278443671,1,0,0,0,400,600,400,100,0,1,0,0,1,0,0,0,0,0.00000000,0.00000000,0.00000000,0.00000000,0.00000000,0.00000000,0,0,0,6,1,-0.04861915,-0.04871141,-0.02306441,0.00000000,0.00000000,0.00000000,0.00000000,0.00000000,1.00000000,0.00000000,0.00000000,0,-79.42128185,-79.49607244,0.00000000,0.00000000,0.00000000,4.28771501,3.92090112,0.00000000,0,0,0,6,0,-0.04861915,-0.04871141,-0.02306441,0.00000000,0.00000000,0.00000000,0.00000000,0.00000000,1.00000000,0.00000000,0.00000000,0,-1.38482363,-1.38482363,0.00000000,0.00000000,0.00000000,0.00000000,0.00000000,0.00000000,0
278443734,1,0,0,0,400,600,400,100,0,1,0,0,1,0,0,0,0,0.00000000,0.00000000,0.00000000,0.00000000,0.00000000,0.00000000,0,0,0,6,1,-0.04861915,-0.04871141,-0.02306441,0.00000000,0.00000000,0.00000000,0.00000000,0.00000000,1.00000000,0.00000000,0.00000000,0,-79.42128185,-79.49607244,0.00000000,0.00000000,0.00000000,4.28771501,3.92090112,0.00000000,0,0,0,6,0,-0.04861915,-0.04871141,-0.02306441,0.00000000,0.00000000,0.00000000,0.00000000,0.00000000,1.00000000,0.00000000,0.00000000,0,-1.38482363,-1.38482363,0.00000000,0.00000000,0.00000000,0.00000000,0.00000000,0.00000000,0
278443796,1,0,0,0,400,600,400,100,0,1,0,0,1,0,0,0,0,0.00000000,0.00000000,0.00000000,0.00000000,0.00000000,0.00000000,0,0,0,6,1,-0.04861915,-0.04871141,-0.02306441,0.00000000,0.00000000,0.00000000,0.00000000,0.00000000,1.00000000,0.00000000,0.00000000,0,-79.42128185,-79.49607244,0.00000000,0.00000000,0.00000000,4.28771501,3.92090112,0.00000000,0,0,0,6,0,-0.04861915,-0.04871141,-0.02306441,0.00000000,0.00000000,0.00000000,0.00000000,0.00000000,1.00000000,0.00000000,0.00000000,0,-1.38482363,-1.38482363,0.00000000,0.00000000,0.00000000,0.00000000,0.00000000,0.00000000,0
278443859,1,0,0,0,400,600,400,100,0,1,0,0,1,0,0,0,0,0.00000000,0.00000000,0.00000000,0.00000000,0.00000000,0.00000000,0,0,0,6,1,-0.04861915,-0.04871141,-0.02306441,0.00000000,0.00000000,0.00000000,0.00000000,0.00000000,1.00000000,0.00000000,0.00000000,0,-79.42128185,-79.49607244,0.00000000,0.00000000,0.00000000,4.28771501,3.92090112,0.00000000,0,0,0,6,0,-0.04861915,-0.04871141,-0.02306441,0.00000000,0.00000000,0.00000000,0.00000000,0.00000000,1.00000000,0.00000000,0.00000000,0,-1.38482363,-1.38482363,0.00000000,0.00000000,0.00000000,0.00000000,0.00000000,0.00000000,0
278443921,1,0,0,0,400,600,400,100,0,1,0,0,1,0,0,0,0,0.00000000,0.00000000,0.00000000,0.00000000,0.00000000,0.00000000,0,0,0,6,1,-0.04861915,-0.04871141,-0.02306441,0.00000000,0.00000000,0.00000000,0.00000000,0.00000000,1.00000000,0.00000000,0.00000000,0,-79.42128185,-79.49607244,0.00000000,0.00000000,0.00000000,4.28771501,3.92090112,0.00000000,0,0,0,6,0,-0.04861915,-0.04871141,-0.02306441,0.00000000,0.00000000,0.00000000,0.00000000,0.00000000,1.00000000,0.00000000,0.00000000,0,-1.38482363,-1.38482363,0.00000000,0.00000000,0.00000000,0.00000000,0.00000000,0.00000000,0
278443984,1,0,0,0,400,600,400,100,0,1,0,0,1,0,0,0,0,0.00000000,0.00000000,0.00000000,0.00000000,0.00000000,0.00000000,0,0,0,6,1,-0.04861915,-0.04871141,-0.02306441,0.00000000,0.00000000,0.00000000,0.00000000,0.00000000,1.00000000,0.00000000,0.00000000,0,-79.42128185,-79.49607244,0.00000000,0.00000000,0.00000000,4.28771501,3.92090112,0.00000000,0,0,0,6,0,-0.04861915,-0.04871141,-0.02306441,0.00000000,0.00000000,0.00000000,0.00000000,0.00000000,1.00000000,0.00000000,0.00000000,0,-1.38482363,-1.38482363,0.00000000,0.00000000,0.00000000,0.00000000,0.00000000,0.00000000,0
278444046,1,0,0,0,400,600,400,100,0,1,0,0,1,0,0,0,0,0.00000000,0.00000000,0.00000000,0.00000000,0.00000000,0.00000000,0,0,0,6,1,-0.04861915,-0.04871141,-0.02306441,0.00000000,0.00000000,0.00000000,0.00000000,0.00000000,1.00000000,0.00000000,0.00000000,0,-79.42128185,-79.49607244,0.00000000,0.00000000,0.00000000,4.28771501,3.92090112,0.00000000,0,0,0,6,0,-0.04861915,-0.04871141,-0.02306441,0.00000000,0.00000000,0.00000000,0.00000000,0.00000000,1.00000000,0.00000000,0.00000000,0,-1.38482363,-1.38482363,0.00000000,0.00000000,0.00000000,0.00000000,0.00000000,0.00000000,0
278444109,1,0,0,0,400,600,400,100,0,1,0,0,1,0,0,0,0,0.00000000,0.00000000,0.00000000,0.00000000,0.00000000,0.00000000,0,0,0,6,1,-0.04861915,-0.04871141,-0.02306441,0.00000000,0.00000000,0.00000000,0.00000000,0.00000000,1.00000000,0.00000000,0.00000000,0,-79.42128185,-79.49607244,0.00000000,0.00000000,0.00000000,4.28771501,3.92090112,0.00000000,0,0,0,6,0,-0.04861915,-0.04871141,-0.02306441,0.00000000,0.00000000,0.00000000,0.00000000,0.00000000,1.00000000,0.00000000,0.00000000,0,-1.38482363,-1.38482363,0.00000000,0.00000000,0.00000000,0.00000000,0.00000000,0.00000000,0
278444171,1,0,0,0,400,600,400,100,0,1,0,0,1,0,0,0,0,0.00000000,0.00000000,0.00000000,0.00000000,0.00000000,0.00000000,0,0,0,6,1,-0.04861915,-0.04871141,-0.02306441,0.00000000,0.00000000,0.00000000,0.00000000,0.00000000,1.00000000,0.00000000,0.00000000,0,-79.42128185,-79.49607244,0.00000000,0.00000000,0.00000000,4.28771501,3.92090112,0.00000000,0,0,0,6,0,-0.04861915,-0.04871141,-0.02306441,0.00000000,0.00000000,0.00000000,0.00000000,0.00000000,1.00000000,0.00000000,0.00000000,0,-1.38482363,-1.38482363,0.00000000,0.00000000,0.00000000,0.00000000,0.00000000,0.00000000,0
278444250,1,0,0,0,400,600,400,100,0,1,0,0,1,0,0,0,0,0.00000000,0.00000000,0.00000000,0.00000000,0.00000000,0.00000000,0,0,0,6,1,-0.04861915,-0.04871141,-0.02306441,0.00000000,0.00000000,0.00000000,0.00000000,0.00000000,1.00000000,0.00000000,0.00000000,0,-79.42128185,-79.49607244,0.00000000,0.00000000,0.00000000,4.28771501,3.92090112,0.00000000,0,0,0,6,0,-0.04861915,-0.04871141,-0.02306441,0.00000000,0.00000000,0.00000000,0.00000000,0.00000000,1.00000000,0.00000000,0.00000000,0,-1.38482363,-1.38482363,0.00000000,0.00000000,0.00000000,0.00000000,0.00000000,0.00000000,0
278444328,1,0,0,0,400,600,400,100,0,1,0,0,1,0,0,0,0,0.00000000,0.00000000,0.00000000,0.00000000,0.00000000,0.00000000,0,0,0,6,1,-0.04861915,-0.04871141,-0.02306441,0.00000000,0.00000000,0.00000000,0.00000000,0.00000000,1.00000000,0.00000000,0.00000000,0,-79.42128185,-79.49607244,0.00000000,0.00000000,0.00000000,4.28771501,3.92090112,0.00000000,0,0,0,6,0,-0.04861915,-0.04871141,-0.02306441,0.00000000,0.00000000,0.00000000,0.00000000,0.00000000,1.00000000,0.00000000,0.00000000,0,-1.38482363,-1.38482363,0.00000000,0.00000000,0.00000000,0.00000000,0.00000000,0.00000000,0
278444390,1,0,0,0,400,600,400,100,0,1,0,0,1,0,0,0,0,0.00000000,0.00000000,0.00000000,0.00000000,0.00000000,0.00000000,0,0,0,6,1,-0.04861915,-0.04871141,-0.02306441,0.00000000,0.00000000,0.00000000,0.00000000,0.00000000,1.00000000,0.00000000,0.00000000,0,-79.42128185,-79.49607244,0.00000000,0.00000000,0.00000000,4.28771501,3.92090112,0.00000000,0,0,0,6,0,-0.04861915,-0.04871141,-0.02306441,0.00000000,0.00000000,0.00000000,0.00000000,0.00000000,1.00000000,0.00000000,0.00000000,0,-1.38482363,-1.38482363,0.00000000,0.00000000,0.00000000,0.00000000,0.00000000,0.00000000,0
278444468,1,0,0,0,400,600,400,100,0,1,0,0,1,0,0,0,0,0.00000000,0.00000000,0.00000000,0.00000000,0.00000000,0.00000000,0,0,0,6,1,-0.04861915,-0.04871141,-0.02306441,0.00000000,0.00000000,0.00000000,0.00000000,0.00000000,1.00000000,0.00000000,0.00000000,0,-79.42128185,-79.49607244,0.00000000,0.00000000,0.00000000,4.28771501,3.92090112,0.00000000,0,0,0,6,0,-0.04861915,-0.04871141,-0.02306441,0.00000000,0.00000000,0.00000000,0.00000000,0.00000000,1.00000000,0.00000000,0.00000000,0,-1.38482363,-1.38482363,0.00000000,0.00000000,0.00000000,0.00000000,0.00000000,0.00000000,0
278444546,1,0,0,0,400,600,400,100,0,1,0,0,1,0,0,0,0,0.00000000,0.00000000,0.00000000,0.00000000,0.00000000,0.00000000,0,0,0,6,1,-0.04861915,-0.04871141,-0.02306441,0.00000000,0.00000000,0.00000000,0.00000000,0.00000000,1.00000000,0.00000000,0.00000000,0,-79.42128185,-79.49607244,0.00000000,0.00000000,0.00000000,4.28771501,3.92090112,0.00000000,0,0,0,6,0,-0.04861915,-0.04871141,-0.02306441,0.00000000,0.00000000,0.00000000,0.00000000,0.00000000,1.00000000,0.00000000,0.00000000,0,-1.38482363,-1.38482363,0.00000000,0.00000000,0.00000000,0.00000000,0.00000000,0.00000000,0
278444609,1,0,0,0,400,600,400,100,0,1,0,0,1,0,0,0,0,0.00000000,0.00000000,0.00000000,0.00000000,0.00000000,0.00000000,0,0,0,6,1,-0.04861915,-0.04871141,-0.02306441,0.00000000,0.00000000,0.00000000,0.00000000,0.00000000,1.00000000,0.00000000,0.00000000,0,-79.42128185,-79.49607244,0.00000000,0.00000000,0.00000000,4.28771501,3.92090112,0.00000000,0,0,0,6,0,-0.04861915,-0.04871141,-0.02306441,0.00000000,0.00000000,0.00000000,0.00000000,0.00000000,1.00000000,0.00000000,0.00000000,0,-1.38482363,-1.38482363,0.00000000,0.00000000,0.00000000,0.00000000,0.00000000,0.00000000,0
278444671,1,0,0,0,400,600,400,100,0,1,0,0,1,0,0,0,0,0.00000000,0.00000000,0.00000000,0.00000000,0.00000000,0.00000000,0,0,0,6,1,-0.04861915,-0.04871141,-0.02306441,0.00000000,0.00000000,0.00000000,0.00000000,0.00000000,1.00000000,0.00000000,0.00000000,0,-79.42128185,-79.49607244,0.00000000,0.00000000,0.00000000,4.28771501,3.92090112,0.00000000,0,0,0,6,0,-0.04861915,-0.04871141,-0.02306441,0.00000000,0.00000000,0.00000000,0.00000000,0.00000000,1.00000000,0.00000000,0.00000000,0,-1.38482363,-1.38482363,0.00000000,0.00000000,0.00000000,0.00000000,0.00000000,0.00000000,0
278444734,1,0,0,0,400,600,400,100,0,1,0,0,1,0,0,0,0,0.00000000,0.00000000,0.00000000,0.00000000,0.00000000,0.00000000,0,0,0,6,1,-0.04861915,-0.04871141,-0.02306441,0.00000000,0.00000000,0.00000000,0.00000000,0.00000000,1.00000000,0.00000000,0.00000000,0,-79.42128185,-79.49607244,0.00000000,0.00000000,0.00000000,4.28771501,3.92090112,0.00000000,0,0,0,6,0,-0.04861915,-0.04871141,-0.02306441,0.00000000,0.00000000,0.00000000,0.00000000,0.00000000,1.00000000,0.00000000,0.00000000,0,-1.38482363,-1.38482363,0.00000000,0.00000000,0.00000000,0.00000000,0.00000000,0.00000000,0
278444812,1,0,0,0,400,600,400,100,0,1,0,0,1,0,0,0,0,0.00000000,0.00000000,0.00000000,0.00000000,0.00000000,0.00000000,0,0,0,6,1,-0.04861915,-0.04871141,-0.02306441,0.00000000,0.00000000,0.00000000,0.00000000,0.00000000,1.00000000,0.00000000,0.00000000,0,-79.42128185,-79.49607244,0.00000000,0.00000000,0.00000000,4.28771501,3.92090112,0.00000000,0,0,0,6,0,-0.04861915,-0.04871141,-0.02306441,0.00000000,0.00000000,0.00000000,0.00000000,0.00000000,1.00000000,0.00000000,0.00000000,0,-1.38482363,-1.38482363,0.00000000,0.00000000,0.00000000,0.00000000,0.00000000,0.00000000,0
278444875,1,0,0,0,400,600,400,100,0,1,0,0,1,0,0,0,0,0.00000000,0.00000000,0.00000000,0.00000000,0.00000000,0.00000000,0,0,0,6,1,-0.04861915,-0.04871141,-0.02306441,0.00000000,0.00000000,0.00000000,0.00000000,0.00000000,1.00000000,0.00000000,0.00000000,0,-79.42128185,-79.49607244,0.00000000,0.00000000,0.00000000,4.28771501,3.92090112,0.00000000,0,0,0,6,0,-0.04861915,-0.04871141,-0.02306441,0.00000000,0.00000000,0.00000000,0.00000000,0.00000000,1.00000000,0.00000000,0.00000000,0,-1.38482363,-1.38482363,0.00000000,0.00000000,0.00000000,0.00000000,0.00000000,0.00000000,0
278444937,1,0,0,0,400,600,400,100,0,1,0,0,1,0,0,0,0,0.00000000,0.00000000,0.00000000,0.00000000,0.00000000,0.00000000,0,0,0,6,1,-0.04861915,-0.04871141,-0.02306441,0.00000000,0.00000000,0.00000000,0.00000000,0.00000000,1.00000000,0.00000000,0.00000000,0,-79.42128185,-79.49607244,0.00000000,0.00000000,0.00000000,4.28771501,3.92090112,0.00000000,0,0,0,6,0,-0.04861915,-0.04871141,-0.02306441,0.00000000,0.00000000,0.00000000,0.00000000,0.00000000,1.00000000,0.00000000,0.00000000,0,-1.38482363,-1.38482363,0.00000000,0.00000000,0.00000000,0.00000000,0.00000000,0.00000000,0
278445000,1,0,0,0,400,600,400,100,0,1,0,0,1,0,0,0,0,0.00000000,0.00000000,0.00000000,0.00000000,0.00000000,0.00000000,0,0,0,6,1,-0.04861915,-0.04871141,-0.02306441,0.00000000,0.00000000,0.00000000,0.00000000,0.00000000,1.00000000,0.00000000,0.00000000,0,-79.42128185,-79.49607244,0.00000000,0.00000000,0.00000000,4.28771501,3.92090112,0.00000000,0,0,0,6,0,-0.04861915,-0.04871141,-0.02306441,0.00000000,0.00000000,0.00000000,0.00000000,0.00000000,1.00000000,0.00000000,0.00000000,0,-1.38482363,-1.38482363,0.00000000,0.00000000,0.00000000,0.00000000,0.00000000,0.00000000,0
278445062,1,0,0,0,400,600,400,100,0,1,0,0,1,0,0,0,0,0.00000000,0.00000000,0.00000000,0.00000000,0.00000000,0.00000000,0,0,0,6,1,-0.04861915,-0.04871141,-0.02306441,0.00000000,0.00000000,0.00000000,0.00000000,0.00000000,1.00000000,0.00000000,0.00000000,0,-79.42128185,-79.49607244,0.00000000,0.00000000,0.00000000,4.28771501,3.92090112,0.00000000,0,0,0,6,0,-0.04861915,-0.04871141,-0.02306441,0.00000000,0.00000000,0.00000000,0.00000000,0.00000000,1.00000000,0.00000000,0.00000000,0,-1.38482363,-1.38482363,0.00000000,0.00000000,0.00000000,0.00000000,0.00000000,0.00000000,0
278445140,1,0,0,0,400,600,400,100,0,1,0,0,1,0,0,0,0,0.00000000,0.00000000,0.00000000,0.00000000,0.00000000,0.00000000,0,0,0,6,1,-0.04861915,-0.04871141,-0.02306441,0.00000000,0.00000000,0.00000000,0.00000000,0.00000000,1.00000000,0.00000000,0.00000000,0,-79.42128185,-79.49607244,0.00000000,0.00000000,0.00000000,4.28771501,3.92090112,0.00000000,0,0,0,6,0,-0.04861915,-0.04871141,-0.02306441,0.00000000,0.00000000,0.00000000,0.00000000,0.00000000,1.00000000,0.00000000,0.00000000,0,-1.38482363,-1.38482363,0.00000000,0.00000000,0.00000000,0.00000000,0.00000000,0.00000000,0
278445203,1,0,0,0,400,600,400,100,0,1,0,0,1,0,0,0,0,0.00000000,0.00000000,0.00000000,0.00000000,0.00000000,0.00000000,0,0,0,6,1,-0.04861915,-0.04871141,-0.02306441,0.00000000,0.00000000,0.00000000,0.00000000,0.00000000,1.00000000,0.00000000,0.00000000,0,-79.42128185,-79.49607244,0.00000000,0.00000000,0.00000000,4.28771501,3.92090112,0.00000000,0,0,0,6,0,-0.04861915,-0.04871141,-0.02306441,0.00000000,0.00000000,0.00000000,0.00000000,0.00000000,1.00000000,0.00000000,0.00000000,0,-1.38482363,-1.38482363,0.00000000,0.00000000,0.00000000,0.00000000,0.00000000,0.00000000,0
278445265,1,0,0,0,400,600,400,100,0,1,0,0,1,0,0,0,0,0.00000000,0.00000000,0.00000000,0.00000000,0.00000000,0.00000000,0,0,0,6,1,-0.04861915,-0.04871141,-0.02306441,0.00000000,0.00000000,0.00000000,0.00000000,0.00000000,1.00000000,0.00000000,0.00000000,0,-79.42128185,-79.49607244,0.00000000,0.00000000,0.00000000,4.28771501,3.92090112,0.00000000,0,0,0,6,0,-0.04861915,-0.04871141,-0.02306441,0.00000000,0.00000000,0.00000000,0.00000000,0.00000000,1.00000000,0.00000000,0.00000000,0,-1.38482363,-1.38482363,0.00000000,0.00000000,0.00000000,0.00000000,0.00000000,0.00000000,0
278445343,1,0,0,0,400,600,400,100,0,1,0,0,1,0,0,0,0,0.00000000,0.00000000,0.00000000,0.00000000,0.00000000,0.00000000,0,0,0,6,1,-0.04861915,-0.04871141,-0.02306441,0.00000000,0.00000000,0.00000000,0.00000000,0.00000000,1.00000000,0.00000000,0.00000000,0,-79.42128185,-79.49607244,0.00000000,0.00000000,0.00000000,4.28771501,3.92090112,0.00000000,0,0,0,6,0,-0.04861915,-0.04871141,-0.02306441,0.00000000,0.00000000,0.00000000,0.00000000,0.00000000,1.00000000,0.00000000,0.00000000,0,-1.38482363,-1.38482363,0.00000000,0.00000000,0.00000000,0.00000000,0.00000000,0.00000000,0
278445421,1,0,0,0,400,600,400,100,0,1,0,0,1,0,0,0,0,0.00000000,0.00000000,0.00000000,0.00000000,0.00000000,0.00000000,0,0,0,6,1,-0.04861915,-0.04871141,-0.02306441,0.00000000,0.00000000,0.00000000,0.00000000,0.00000000,1.00000000,0.00000000,0.00000000,0,-79.42128185,-79.49607244,0.00000000,0.00000000,0.00000000,4.28771501,3.92090112,0.00000000,0,0,0,6,0,-0.04861915,-0.04871141,-0.02306441,0.00000000,0.00000000,0.00000000,0.00000000,0.00000000,1.00000000,0.00000000,0.00000000,0,-1.38482363,-1.38482363,0.00000000,0.00000000,0.00000000,0.00000000,0.00000000,0.00000000,0
278445484,1,0,0,0,400,600,400,100,0,1,0,0,1,0,0,0,0,0.00000000,0.00000000,0.00000000,0.00000000,0.00000000,0.00000000,0,0,0,6,1,-0.04861915,-0.04871141,-0.02306441,0.00000000,0.00000000,0.00000000,0.00000000,0.00000000,1.00000000,0.00000000,0.00000000,0,-79.42128185,-79.49607244,0.00000000,0.00000000,0.00000000,4.28771501,3.92090112,0.00000000,0,0,0,6,0,-0.04861915,-0.04871141,-0.02306441,0.00000000,0.00000000,0.00000000,0.00000000,0.00000000,1.00000000,0.00000000,0.00000000,0,-1.38482363,-1.38482363,0.00000000,0.00000000,0.00000000,0.00000000,0.00000000,0.00000000,0
278445546,1,0,0,0,400,600,400,100,0,1,0,0,1,0,0,0,0,0.00000000,0.00000000,0.00000000,0.00000000,0.00000000,0.00000000,0,0,0,6,1,-0.04861915,-0.04871141,-0.02306441,0.00000000,0.00000000,0.00000000,0.00000000,0.00000000,1.00000000,0.00000000,0.00000000,0,-79.42128185,-79.49607244,0.00000000,0.00000000,0.00000000,4.28771501,3.92090112,0.00000000,0,0,0,6,0,-0.04861915,-0.04871141,-0.02306441,0.00000000,0.00000000,0.00000000,0.00000000,0.00000000,1.00000000,0.00000000,0.00000000,0,-1.38482363,-1.38482363,0.00000000,0.00000000,0.00000000,0.00000000,0.00000000,0.00000000,0
278445609,1,0,0,0,400,600,400,100,0,1,0,0,1,0,0,0,0,0.00000000,0.00000000,0.00000000,0.00000000,0.00000000,0.00000000,0,0,0,6,1,-0.04861915,-0.04871141,-0.02306441,0.00000000,0.00000000,0.00000000,0.00000000,0.00000000,1.00000000,0.00000000,0.00000000,0,-79.42128185,-79.49607244,0.00000000,0.00000000,0.00000000,4.28771501,3.92090112,0.00000000,0,0,0,6,0,-0.04861915,-0.04871141,-0.02306441,0.00000000,0.00000000,0.00000000,0.00000000,0.00000000,1.00000000,0.00000000,0.00000000,0,-1.38482363,-1.38482363,0.00000000,0.00000000,0.00000000,0.00000000,0.00000000,0.00000000,0
278445671,1,0,0,0,400,600,400,100,0,1,0,0,1,0,0,0,0,0.00000000,0.00000000,0.00000000,0.00000000,0.00000000,0.00000000,0,0,0,6,1,-0.04861915,-0.04871141,-0.02306441,0.00000000,0.00000000,0.00000000,0.00000000,0.00000000,1.00000000,0.00000000,0.00000000,0,-79.42128185,-79.49607244,0.00000000,0.00000000,0.00000000,4.28771501,3.92090112,0.00000000,0,0,0,6,0,-0.04861915,-0.04871141,-0.02306441,0.00000000,0.00000000,0.00000000,0.00000000,0.00000000,1.00000000,0.00000000,0.00000000,0,-1.38482363,-1.38482363,0.00000000,0.00000000,0.00000000,0.00000000,0.00000000,0.00000000,0
278445734,1,0,0,0,400,600,400,100,0,1,0,0,1,0,0,0,0,0.00000000,0.00000000,0.00000000,0.00000000,0.00000000,0.00000000,0,0,0,6,1,-0.04861915,-0.04871141,-0.02306441,0.00000000,0.00000000,0.00000000,0.00000000,0.00000000,1.00000000,0.00000000,0.00000000,0,-79.42128185,-79.49607244,0.00000000,0.00000000,0.00000000,4.28771501,3.92090112,0.00000000,0,0,0,6,0,-0.04861915,-0.04871141,-0.02306441,0.00000000,0.00000000,0.00000000,0.00000000,0.00000000,1.00000000,0.00000000,0.00000000,0,-1.38482363,-1.38482363,0.00000000,0.00000000,0.00000000,0.00000000,0.00000000,0.00000000,0
278445796,1,0,0,0,400,600,400,100,0,1,0,0,1,0,0,0,0,0.00000000,0.00000000,0.00000000,0.00000000,0.00000000,0.00000000,0,0,0,6,1,-0.04861915,-0.04871141,-0.02306441,0.00000000,0.00000000,0.00000000,0.00000000,0.00000000,1.00000000,0.00000000,0.00000000,0,-79.42128185,-79.49607244,0.00000000,0.00000000,0.00000000,4.28771501,3.92090112,0.00000000,0,0,0,6,0,-0.04861915,-0.04871141,-0.02306441,0.00000000,0.00000000,0.00000000,0.00000000,0.00000000,1.00000000,0.00000000,0.00000000,0,-1.38482363,-1.38482363,0.00000000,0.00000000,0.00000000,0.00000000,0.00000000,0.00000000,0
278445859,1,0,0,0,400,600,400,100,0,1,0,0,1,0,0,0,0,0.00000000,0.00000000,0.00000000,0.00000000,0.00000000,0.00000000,0,0,0,6,1,-0.04861915,-0.04871141,-0.02306441,0.00000000,0.00000000,0.00000000,0.00000000,0.00000000,1.00000000,0.00000000,0.00000000,0,-79.42128185,-79.49607244,0.00000000,0.00000000,0.00000000,4.28771501,3.92090112,0.00000000,0,0,0,6,0,-0.04861915,-0.04871141,-0.02306441,0.00000000,0.00000000,0.00000000,0.00000000,0.00000000,1.00000000,0.00000000,0.00000000,0,-1.38482363,-1.38482363,0.00000000,0.00000000,0.00000000,0.00000000,0.00000000,0.00000000,0
278445937,1,0,0,0,400,600,400,100,0,1,0,0,1,0,0,0,0,0.00000000,0.00000000,0.00000000,0.00000000,0.00000000,0.00000000,0,0,0,6,1,-0.04861915,-0.04871141,-0.02306441,0.00000000,0.00000000,0.00000000,0.00000000,0.00000000,1.00000000,0.00000000,0.00000000,0,-79.42128185,-79.49607244,0.00000000,0.00000000,0.00000000,4.28771501,3.92090112,0.00000000,0,0,0,6,0,-0.04861915,-0.04871141,-0.02306441,0.00000000,0.00000000,0.00000000,0.00000000,0.00000000,1.00000000,0.00000000,0.00000000,0,-1.38482363,-1.38482363,0.00000000,0.00000000,0.00000000,0.00000000,0.00000000,0.00000000,0
278446000,1,0,0,0,400,600,400,100,0,1,0,0,1,0,0,0,0,0.00000000,0.00000000,0.00000000,0.00000000,0.00000000,0.00000000,0,0,0,6,1,-0.04861915,-0.04871141,-0.02306441,0.00000000,0.00000000,0.00000000,0.00000000,0.00000000,1.00000000,0.00000000,0.00000000,0,-79.42128185,-79.49607244,0.00000000,0.00000000,0.00000000,4.28771501,3.92090112,0.00000000,0,0,0,6,0,-0.04861915,-0.04871141,-0.02306441,0.00000000,0.00000000,0.00000000,0.00000000,0.00000000,1.00000000,0.00000000,0.00000000,0,-1.38482363,-1.38482363,0.00000000,0.00000000,0.00000000,0.00000000,0.00000000,0.00000000,0
278446062,1,0,0,0,400,600,400,100,0,1,0,0,1,0,0,0,0,0.00000000,0.00000000,0.00000000,0.00000000,0.00000000,0.00000000,0,0,0,6,1,-0.04861915,-0.04871141,-0.02306441,0.00000000,0.00000000,0.00000000,0.00000000,0.00000000,1.00000000,0.00000000,0.00000000,0,-79.42128185,-79.49607244,0.00000000,0.00000000,0.00000000,4.28771501,3.92090112,0.00000000,0,0,0,6,0,-0.04861915,-0.04871141,-0.02306441,0.00000000,0.00000000,0.00000000,0.00000000,0.00000000,1.00000000,0.00000000,0.00000000,0,-1.38482363,-1.38482363,0.00000000,0.00000000,0.00000000,0.00000000,0.00000000,0.00000000,0
278446125,1,0,0,0,400,600,400,100,0,1,0,0,1,0,0,0,0,0.00000000,0.00000000,0.00000000,0.00000000,0.00000000,0.00000000,0,0,0,6,1,-0.04861915,-0.04871141,-0.02306441,0.00000000,0.00000000,0.00000000,0.00000000,0.00000000,1.00000000,0.00000000,0.00000000,0,-79.42128185,-79.49607244,0.00000000,0.00000000,0.00000000,4.28771501,3.92090112,0.00000000,0,0,0,6,0,-0.04861915,-0.04871141,-0.02306441,0.00000000,0.00000000,0.00000000,0.00000000,0.00000000,1.00000000,0.00000000,0.00000000,0,-1.38482363,-1.38482363,0.00000000,0.00000000,0.00000000,0.00000000,0.00000000,0.00000000,0
278446203,1,0,0,0,400,600,400,100,0,1,0,0,1,0,0,0,0,0.00000000,0.00000000,0.00000000,0.00000000,0.00000000,0.00000000,0,0,0,6,1,-0.04861915,-0.04871141,-0.02306441,0.00000000,0.00000000,0.00000000,0.00000000,0.00000000,1.00000000,0.00000000,0.00000000,0,-79.42128185,-79.49607244,0.00000000,0.00000000,0.00000000,4.28771501,3.92090112,0.00000000,0,0,0,6,0,-0.04861915,-0.04871141,-0.02306441,0.00000000,0.00000000,0.00000000,0.00000000,0.00000000,1.00000000,0.00000000,0.00000000,0,-1.38482363,-1.38482363,0.00000000,0.00000000,0.00000000,0.00000000,0.00000000,0.00000000,0
278446265,1,0,0,0,400,600,400,100,0,1,0,0,1,0,0,0,0,0.00000000,0.00000000,0.00000000,0.00000000,0.00000000,0.00000000,0,0,0,6,1,-0.04861915,-0.04871141,-0.02306441,0.00000000,0.00000000,0.00000000,0.00000000,0.00000000,1.00000000,0.00000000,0.00000000,0,-79.42128185,-79.49607244,0.00000000,0.00000000,0.00000000,4.28771501,3.92090112,0.00000000,0,0,0,6,0,-0.04861915,-0.04871141,-0.02306441,0.00000000,0.00000000,0.00000000,0.00000000,0.00000000,1.00000000,0.00000000,0.00000000,0,-1.38482363,-1.38482363,0.00000000,0.00000000,0.00000000,0.00000000,0.00000000,0.00000000,0
278446328,1,0,0,0,400,600,400,100,0,1,0,0,1,0,0,0,0,0.00000000,0.00000000,0.00000000,0.00000000,0.00000000,0.00000000,0,0,0,6,1,-0.04861915,-0.04871141,-0.02306441,0.00000000,0.00000000,0.00000000,0.00000000,0.00000000,1.00000000,0.00000000,0.00000000,0,-79.42128185,-79.49607244,0.00000000,0.00000000,0.00000000,4.28771501,3.92090112,0.00000000,0,0,0,6,0,-0.04861915,-0.04871141,-0.02306441,0.00000000,0.00000000,0.00000000,0.00000000,0.00000000,1.00000000,0.00000000,0.00000000,0,-1.38482363,-1.38482363,0.00000000,0.00000000,0.00000000,0.00000000,0.00000000,0.00000000,0
278446390,1,0,0,0,400,600,400,100,0,1,0,0,1,0,0,0,0,0.00000000,0.00000000,0.00000000,0.00000000,0.00000000,0.00000000,0,0,0,6,1,-0.04861915,-0.04871141,-0.02306441,0.00000000,0.00000000,0.00000000,0.00000000,0.00000000,1.00000000,0.00000000,0.00000000,0,-79.42128185,-79.49607244,0.00000000,0.00000000,0.00000000,4.28771501,3.92090112,0.00000000,0,0,0,6,0,-0.04861915,-0.04871141,-0.02306441,0.00000000,0.00000000,0.00000000,0.00000000,0.00000000,1.00000000,0.00000000,0.00000000,0,-1.38482363,-1.38482363,0.00000000,0.00000000,0.00000000,0.00000000,0.00000000,0.00000000,0
278446453,1,0,0,0,400,600,400,100,0,1,0,0,1,0,0,0,0,0.00000000,0.00000000,0.00000000,0.00000000,0.00000000,0.00000000,0,0,0,6,1,-0.04861915,-0.04871141,-0.02306441,0.00000000,0.00000000,0.00000000,0.00000000,0.00000000,1.00000000,0.00000000,0.00000000,0,-79.42128185,-79.49607244,0.00000000,0.00000000,0.00000000,4.28771501,3.92090112,0.00000000,0,0,0,6,0,-0.04861915,-0.04871141,-0.02306441,0.00000000,0.00000000,0.00000000,0.00000000,0.00000000,1.00000000,0.00000000,0.00000000,0,-1.38482363,-1.38482363,0.00000000,0.00000000,0.00000000,0.00000000,0.00000000,0.00000000,0
278446515,1,0,0,0,400,600,400,100,0,1,0,0,1,0,0,0,0,0.00000000,0.00000000,0.00000000,0.00000000,0.00000000,0.00000000,0,0,0,6,1,-0.04861915,-0.04871141,-0.02306441,0.00000000,0.00000000,0.00000000,0.00000000,0.00000000,1.00000000,0.00000000,0.00000000,0,-79.42128185,-79.49607244,0.00000000,0.00000000,0.00000000,4.28771501,3.92090112,0.00000000,0,0,0,6,0,-0.04861915,-0.04871141,-0.02306441,0.00000000,0.00000000,0.00000000,0.00000000,0.00000000,1.00000000,0.00000000,0.00000000,0,-1.38482363,-1.38482363,0.00000000,0.00000000,0.00000000,0.00000000,0.00000000,0.00000000,0
278446578,1,0,0,0,400,600,400,100,0,1,0,0,1,0,0,0,0,0.00000000,0.00000000,0.00000000,0.00000000,0.00000000,0.00000000,0,0,0,6,1,-0.04861915,-0.04871141,-0.02306441,0.00000000,0.00000000,0.00000000,0.00000000,0.00000000,1.00000000,0.00000000,0.00000000,0,-79.42128185,-79.49607244,0.00000000,0.00000000,0.00000000,4.28771501,3.92090112,0.00000000,0,0,0,6,0,-0.04861915,-0.04871141,-0.02306441,0.00000000,0.00000000,0.00000000,0.00000000,0.00000000,1.00000000,0.00000000,0.00000000,0,-1.38482363,-1.38482363,0.00000000,0.00000000,0.00000000,0.00000000,0.00000000,0.00000000,0
278446640,1,0,0,0,400,600,400,100,0,1,0,0,1,0,0,0,0,0.00000000,0.00000000,0.00000000,0.00000000,0.00000000,0.00000000,0,0,0,6,1,-0.04861915,-0.04871141,-0.02306441,0.00000000,0.00000000,0.00000000,0.00000000,0.00000000,1.00000000,0.00000000,0.00000000,0,-79.42128185,-79.49607244,0.00000000,0.00000000,0.00000000,4.28771501,3.92090112,0.00000000,0,0,0,6,0,-0.04861915,-0.04871141,-0.02306441,0.00000000,0.00000000,0.00000000,0.00000000,0.00000000,1.00000000,0.00000000,0.00000000,0,-1.38482363,-1.38482363,0.00000000,0.00000000,0.00000000,0.00000000,0.00000000,0.00000000,0
278446703,1,0,0,0,400,600,400,100,0,1,0,0,1,0,0,0,0,0.00000000,0.00000000,0.00000000,0.00000000,0.00000000,0.00000000,0,0,0,6,1,-0.04861915,-0.04871141,-0.02306441,0.00000000,0.00000000,0.00000000,0.00000000,0.00000000,1.00000000,0.00000000,0.00000000,0,-79.42128185,-79.49607244,0.00000000,0.00000000,0.00000000,4.28771501,3.92090112,0.00000000,0,0,0,6,0,-0.04861915,-0.04871141,-0.02306441,0.00000000,0.00000000,0.00000000,0.00000000,0.00000000,1.00000000,0.00000000,0.00000000,0,-1.38482363,-1.38482363,0.00000000,0.00000000,0.00000000,0.00000000,0.00000000,0.00000000,0
278446765,1,0,0,0,400,600,400,100,0,1,0,0,1,0,0,0,0,0.00000000,0.00000000,0.00000000,0.00000000,0.00000000,0.00000000,0,0,0,6,1,-0.04861915,-0.04871141,-0.02306441,0.00000000,0.00000000,0.00000000,0.00000000,0.00000000,1.00000000,0.00000000,0.00000000,0,-79.42128185,-79.49607244,0.00000000,0.00000000,0.00000000,4.28771501,3.92090112,0.00000000,0,0,0,6,0,-0.04861915,-0.04871141,-0.02306441,0.00000000,0.00000000,0.00000000,0.00000000,0.00000000,1.00000000,0.00000000,0.00000000,0,-1.38482363,-1.38482363,0.00000000,0.00000000,0.00000000,0.00000000,0.00000000,0.00000000,0
278446828,1,0,0,0,400,600,400,100,0,1,0,0,1,0,0,0,0,0.00000000,0.00000000,0.00000000,0.00000000,0.00000000,0.00000000,0,0,0,6,1,-0.04861915,-0.04871141,-0.02306441,0.00000000,0.00000000,0.00000000,0.00000000,0.00000000,1.00000000,0.00000000,0.00000000,0,-79.42128185,-79.49607244,0.00000000,0.00000000,0.00000000,4.28771501,3.92090112,0.00000000,0,0,0,6,0,-0.04861915,-0.04871141,-0.02306441,0.00000000,0.00000000,0.00000000,0.00000000,0.00000000,1.00000000,0.00000000,0.00000000,0,-1.38482363,-1.38482363,0.00000000,0.00000000,0.00000000,0.00000000,0.00000000,0.00000000,0
278446890,1,0,0,0,400,600,400,100,0,1,0,0,1,0,0,0,0,0.00000000,0.00000000,0.00000000,0.00000000,0.00000000,0.00000000,0,0,0,6,1,-0.04861915,-0.04871141,-0.02306441,0.00000000,0.00000000,0.00000000,0.00000000,0.00000000,1.00000000,0.00000000,0.00000000,0,-79.42128185,-79.49607244,0.00000000,0.00000000,0.00000000,4.28771501,3.92090112,0.00000000,0,0,0,6,0,-0.04861915,-0.04871141,-0.02306441,0.00000000,0.00000000,0.00000000,0.00000000,0.00000000,1.00000000,0.00000000,0.00000000,0,-1.38482363,-1.38482363,0.00000000,0.00000000,0.00000000,0.00000000,0.00000000,0.00000000,0
278446953,1,0,0,0,400,600,400,100,0,1,0,0,1,0,0,0,0,0.00000000,0.00000000,0.00000000,0.00000000,0.00000000,0.00000000,0,0,0,6,1,-0.04861915,-0.04871141,-0.02306441,0.00000000,0.00000000,0.00000000,0.00000000,0.00000000,1.00000000,0.00000000,0.00000000,0,-79.42128185,-79.49607244,0.00000000,0.00000000,0.00000000,4.28771501,3.92090112,0.00000000,0,0,0,6,0,-0.04861915,-0.04871141,-0.02306441,0.00000000,0.00000000,0.00000000,0.00000000,0.00000000,1.00000000,0.00000000,0.00000000,0,-1.38482363,-1.38482363,0.00000000,0.00000000,0.00000000,0.00000000,0.00000000,0.00000000,0
278447031,1,0,0,0,400,600,400,100,0,1,0,0,1,0,0,0,0,0.00000000,0.00000000,0.00000000,0.00000000,0.00000000,0.00000000,0,0,0,6,1,-0.04861915,-0.04871141,-0.02306441,0.00000000,0.00000000,0.00000000,0.00000000,0.00000000,1.00000000,0.00000000,0.00000000,0,-79.42128185,-79.49607244,0.00000000,0.00000000,0.00000000,4.28771501,3.92090112,0.00000000,0,0,0,6,0,-0.04861915,-0.04871141,-0.02306441,0.00000000,0.00000000,0.00000000,0.00000000,0.00000000,1.00000000,0.00000000,0.00000000,0,-1.38482363,-1.38482363,0.00000000,0.00000000,0.00000000,0.00000000,0.00000000,0.00000000,0
278447109,1,0,0,0,400,600,400,100,0,1,0,0,1,0,0,0,0,0.00000000,0.00000000,0.00000000,0.00000000,0.00000000,0.00000000,0,0,0,6,1,-0.04861915,-0.04871141,-0.02306441,0.00000000,0.00000000,0.00000000,0.00000000,0.00000000,1.00000000,0.00000000,0.00000000,0,-79.42128185,-79.49607244,0.00000000,0.00000000,0.00000000,4.28771501,3.92090112,0.00000000,0,0,0,6,0,-0.04861915,-0.04871141,-0.02306441,0.00000000,0.00000000,0.00000000,0.00000000,0.00000000,1.00000000,0.00000000,0.00000000,0,-1.38482363,-1.38482363,0.00000000,0.00000000,0.00000000,0.00000000,0.00000000,0.00000000,0
278447171,1,0,0,0,400,600,400,100,0,1,0,0,1,0,0,0,0,0.00000000,0.00000000,0.00000000,0.00000000,0.00000000,0.00000000,0,0,0,6,1,-0.04861915,-0.04871141,-0.02306441,0.00000000,0.00000000,0.00000000,0.00000000,0.00000000,1.00000000,0.00000000,0.00000000,0,-79.42128185,-79.49607244,0.00000000,0.00000000,0.00000000,4.28771501,3.92090112,0.00000000,0,0,0,6,0,-0.04861915,-0.04871141,-0.02306441,0.00000000,0.00000000,0.00000000,0.00000000,0.00000000,1.00000000,0.00000000,0.00000000,0,-1.38482363,-1.38482363,0.00000000,0.00000000,0.00000000,0.00000000,0.00000000,0.00000000,0
278447234,1,0,0,0,400,600,400,100,0,1,0,0,1,0,0,0,0,0.00000000,0.00000000,0.00000000,0.00000000,0.00000000,0.00000000,0,0,0,6,1,-0.04861915,-0.04871141,-0.02306441,0.00000000,0.00000000,0.00000000,0.00000000,0.00000000,1.00000000,0.00000000,0.00000000,0,-79.42128185,-79.49607244,0.00000000,0.00000000,0.00000000,4.28771501,3.92090112,0.00000000,0,0,0,6,0,-0.04861915,-0.04871141,-0.02306441,0.00000000,0.00000000,0.00000000,0.00000000,0.00000000,1.00000000,0.00000000,0.00000000,0,-1.38482363,-1.38482363,0.00000000,0.00000000,0.00000000,0.00000000,0.00000000,0.00000000,0
278447296,1,0,0,0,400,600,400,100,0,1,0,0,1,0,0,0,0,0.00000000,0.00000000,0.00000000,0.00000000,0.00000000,0.00000000,0,0,0,6,1,-0.04861915,-0.04871141,-0.02306441,0.00000000,0.00000000,0.00000000,0.00000000,0.00000000,1.00000000,0.00000000,0.00000000,0,-79.42128185,-79.49607244,0.00000000,0.00000000,0.00000000,4.28771501,3.92090112,0.00000000,0,0,0,6,0,-0.04861915,-0.04871141,-0.02306441,0.00000000,0.00000000,0.00000000,0.00000000,0.00000000,1.00000000,0.00000000,0.00000000,0,-1.38482363,-1.38482363,0.00000000,0.00000000,0.00000000,0.00000000,0.00000000,0.00000000,0
278447359,1,0,0,0,400,600,400,100,0,1,0,0,1,0,0,0,0,0.00000000,0.00000000,0.00000000,0.00000000,0.00000000,0.00000000,0,0,0,6,1,-0.04861915,-0.04871141,-0.02306441,0.00000000,0.00000000,0.00000000,0.00000000,0.00000000,1.00000000,0.00000000,0.00000000,0,-79.42128185,-79.49607244,0.00000000,0.00000000,0.00000000,4.28771501,3.92090112,0.00000000,0,0,0,6,0,-0.04861915,-0.04871141,-0.02306441,0.00000000,0.00000000,0.00000000,0.00000000,0.00000000,1.00000000,0.00000000,0.00000000,0,-1.38482363,-1.38482363,0.00000000,0.00000000,0.00000000,0.00000000,0.00000000,0.00000000,0
278447421,1,0,0,0,400,600,400,100,0,1,0,0,1,0,0,0,0,0.00000000,0.00000000,0.00000000,0.00000000,0.00000000,0.00000000,0,0,0,6,1,-0.04861915,-0.04871141,-0.02306441,0.00000000,0.00000000,0.00000000,0.00000000,0.00000000,1.00000000,0.00000000,0.00000000,0,-79.42128185,-79.49607244,0.00000000,0.00000000,0.00000000,4.28771501,3.92090112,0.00000000,0,0,0,6,0,-0.04861915,-0.04871141,-0.02306441,0.00000000,0.00000000,0.00000000,0.00000000,0.00000000,1.00000000,0.00000000,0.00000000,0,-1.38482363,-1.38482363,0.00000000,0.00000000,0.00000000,0.00000000,0.00000000,0.00000000,0
278447500,1,0,0,0,400,600,400,100,0,1,0,0,1,0,0,0,0,0.00000000,0.00000000,0.00000000,0.00000000,0.00000000,0.00000000,0,0,0,6,1,-0.04861915,-0.04871141,-0.02306441,0.00000000,0.00000000,0.00000000,0.00000000,0.00000000,1.00000000,0.00000000,0.00000000,0,-79.42128185,-79.49607244,0.00000000,0.00000000,0.00000000,4.28771501,3.92090112,0.00000000,0,0,0,6,0,-0.04861915,-0.04871141,-0.02306441,0.00000000,0.00000000,0.00000000,0.00000000,0.00000000,1.00000000,0.00000000,0.00000000,0,-1.38482363,-1.38482363,0.00000000,0.00000000,0.00000000,0.00000000,0.00000000,0.00000000,0
278447562,1,0,0,0,400,600,400,100,0,1,0,0,1,0,0,0,0,0.00000000,0.00000000,0.00000000,0.00000000,0.00000000,0.00000000,0,0,0,6,1,-0.04861915,-0.04871141,-0.02306441,0.00000000,0.00000000,0.00000000,0.00000000,0.00000000,1.00000000,0.00000000,0.00000000,0,-79.42128185,-79.49607244,0.00000000,0.00000000,0.00000000,4.28771501,3.92090112,0.00000000,0,0,0,6,0,-0.04861915,-0.04871141,-0.02306441,0.00000000,0.00000000,0.00000000,0.00000000,0.00000000,1.00000000,0.00000000,0.00000000,0,-1.38482363,-1.38482363,0.00000000,0.00000000,0.00000000,0.00000000,0.00000000,0.00000000,0
278447625,1,0,0,0,400,600,400,100,0,1,0,0,1,0,0,0,0,0.00000000,0.00000000,0.00000000,0.00000000,0.00000000,0.00000000,0,0,0,6,1,-0.04861915,-0.04871141,-0.02306441,0.00000000,0.00000000,0.00000000,0.00000000,0.00000000,1.00000000,0.00000000,0.00000000,0,-79.42128185,-79.49607244,0.00000000,0.00000000,0.00000000,4.28771501,3.92090112,0.00000000,0,0,0,6,0,-0.04861915,-0.04871141,-0.02306441,0.00000000,0.00000000,0.00000000,0.00000000,0.00000000,1.00000000,0.00000000,0.00000000,0,-1.38482363,-1.38482363,0.00000000,0.00000000,0.00000000,0.00000000,0.00000000,0.00000000,0
278447687,1,0,0,0,400,600,400,100,0,1,0,0,1,0,0,0,0,0.00000000,0.00000000,0.00000000,0.00000000,0.00000000,0.00000000,0,0,0,6,1,-0.04861915,-0.04871141,-0.02306441,0.00000000,0.00000000,0.00000000,0.00000000,0.00000000,1.00000000,0.00000000,0.00000000,0,-79.42128185,-79.49607244,0.00000000,0.00000000,0.00000000,4.28771501,3.92090112,0.00000000,0,0,0,6,0,-0.04861915,-0.04871141,-0.02306441,0.00000000,0.00000000,0.00000000,0.00000000,0.00000000,1.00000000,0.00000000,0.00000000,0,-1.38482363,-1.38482363,0.00000000,0.00000000,0.00000000,0.00000000,0.00000000,0.00000000,0
278447750,1,0,0,0,400,600,400,100,0,1,0,0,1,0,0,0,0,0.00000000,0.00000000,0.00000000,0.00000000,0.00000000,0.00000000,0,0,0,6,1,-0.04861915,-0.04871141,-0.02306441,0.00000000,0.00000000,0.00000000,0.00000000,0.00000000,1.00000000,0.00000000,0.00000000,0,-79.42128185,-79.49607244,0.00000000,0.00000000,0.00000000,4.28771501,3.92090112,0.00000000,0,0,0,6,0,-0.04861915,-0.04871141,-0.02306441,0.00000000,0.00000000,0.00000000,0.00000000,0.00000000,1.00000000,0.00000000,0.00000000,0,-1.38482363,-1.38482363,0.00000000,0.00000000,0.00000000,0.00000000,0.00000000,0.00000000,0
278447812,1,0,0,0,400,600,400,100,0,1,0,0,1,0,0,0,0,0.00000000,0.00000000,0.00000000,0.00000000,0.00000000,0.00000000,0,0,0,6,1,-0.04861915,-0.04871141,-0.02306441,0.00000000,0.00000000,0.00000000,0.00000000,0.00000000,1.00000000,0.00000000,0.00000000,0,-79.42128185,-79.49607244,0.00000000,0.00000000,0.00000000,4.28771501,3.92090112,0.00000000,0,0,0,6,0,-0.04861915,-0.04871141,-0.02306441,0.00000000,0.00000000,0.00000000,0.00000000,0.00000000,1.00000000,0.00000000,0.00000000,0,-1.38482363,-1.38482363,0.00000000,0.00000000,0.00000000,0.00000000,0.00000000,0.00000000,0
278447890,1,0,0,0,400,600,400,100,0,1,0,0,1,0,0,0,0,0.00000000,0.00000000,0.00000000,0.00000000,0.00000000,0.00000000,0,0,0,6,1,-0.04861915,-0.04871141,-0.02306441,0.00000000,0.00000000,0.00000000,0.00000000,0.00000000,1.00000000,0.00000000,0.00000000,0,-79.42128185,-79.49607244,0.00000000,0.00000000,0.00000000,4.28771501,3.92090112,0.00000000,0,0,0,6,0,-0.04861915,-0.04871141,-0.02306441,0.00000000,0.00000000,0.00000000,0.00000000,0.00000000,1.00000000,0.00000000,0.00000000,0,-1.38482363,-1.38482363,0.00000000,0.00000000,0.00000000,0.00000000,0.00000000,0.00000000,0
278447968,1,0,0,0,400,600,400,100,0,1,0,0,1,0,0,0,0,0.00000000,0.00000000,0.00000000,0.00000000,0.00000000,0.00000000,0,0,0,6,1,-0.04861915,-0.04871141,-0.02306441,0.00000000,0.00000000,0.00000000,0.00000000,0.00000000,1.00000000,0.00000000,0.00000000,0,-79.42128185,-79.49607244,0.00000000,0.00000000,0.00000000,4.28771501,3.92090112,0.00000000,0,0,0,6,0,-0.04861915,-0.04871141,-0.02306441,0.00000000,0.00000000,0.00000000,0.00000000,0.00000000,1.00000000,0.00000000,0.00000000,0,-1.38482363,-1.38482363,0.00000000,0.00000000,0.00000000,0.00000000,0.00000000,0.00000000,0
278448031,1,0,0,0,400,600,400,100,0,1,0,0,1,0,0,0,0,0.00000000,0.00000000,0.00000000,0.00000000,0.00000000,0.00000000,0,0,0,6,1,-0.04861915,-0.04871141,-0.02306441,0.00000000,0.00000000,0.00000000,0.00000000,0.00000000,1.00000000,0.00000000,0.00000000,0,-79.42128185,-79.49607244,0.00000000,0.00000000,0.00000000,4.28771501,3.92090112,0.00000000,0,0,0,6,0,-0.04861915,-0.04871141,-0.02306441,0.00000000,0.00000000,0.00000000,0.00000000,0.00000000,1.00000000,0.00000000,0.00000000,0,-1.38482363,-1.38482363,0.00000000,0.00000000,0.00000000,0.00000000,0.00000000,0.00000000,0
278448109,1,0,0,0,400,600,400,100,0,1,0,0,1,0,0,0,0,0.00000000,0.00000000,0.00000000,0.00000000,0.00000000,0.00000000,0,0,0,6,1,-0.04861915,-0.04871141,-0.02306441,0.00000000,0.00000000,0.00000000,0.00000000,0.00000000,1.00000000,0.00000000,0.00000000,0,-79.42128185,-79.49607244,0.00000000,0.00000000,0.00000000,4.28771501,3.92090112,0.00000000,0,0,0,6,0,-0.04861915,-0.04871141,-0.02306441,0.00000000,0.00000000,0.00000000,0.00000000,0.00000000,1.00000000,0.00000000,0.00000000,0,-1.38482363,-1.38482363,0.00000000,0.00000000,0.00000000,0.00000000,0.00000000,0.00000000,0
278448171,1,0,0,0,400,600,400,100,0,1,0,0,1,0,0,0,0,0.00000000,0.00000000,0.00000000,0.00000000,0.00000000,0.00000000,0,0,0,6,1,-0.04861915,-0.04871141,-0.02306441,0.00000000,0.00000000,0.00000000,0.00000000,0.00000000,1.00000000,0.00000000,0.00000000,0,-79.42128185,-79.49607244,0.00000000,0.00000000,0.00000000,4.28771501,3.92090112,0.00000000,0,0,0,6,0,-0.04861915,-0.04871141,-0.02306441,0.00000000,0.00000000,0.00000000,0.00000000,0.00000000,1.00000000,0.00000000,0.00000000,0,-1.38482363,-1.38482363,0.00000000,0.00000000,0.00000000,0.00000000,0.00000000,0.00000000,0
278448234,1,0,0,0,400,600,400,100,0,1,0,0,1,0,0,0,0,0.00000000,0.00000000,0.00000000,0.00000000,0.00000000,0.00000000,0,0,0,6,1,-0.04861915,-0.04871141,-0.02306441,0.00000000,0.00000000,0.00000000,0.00000000,0.00000000,1.00000000,0.00000000,0.00000000,0,-79.42128185,-79.49607244,0.00000000,0.00000000,0.00000000,4.28771501,3.92090112,0.00000000,0,0,0,6,0,-0.04861915,-0.04871141,-0.02306441,0.00000000,0.00000000,0.00000000,0.00000000,0.00000000,1.00000000,0.00000000,0.00000000,0,-1.38482363,-1.38482363,0.00000000,0.00000000,0.00000000,0.00000000,0.00000000,0.00000000,0
278448296,1,0,0,0,400,600,400,100,0,1,0,0,1,0,0,0,0,0.00000000,0.00000000,0.00000000,0.00000000,0.00000000,0.00000000,0,0,0,6,1,-0.04861915,-0.04871141,-0.02306441,0.00000000,0.00000000,0.00000000,0.00000000,0.00000000,1.00000000,0.00000000,0.00000000,0,-79.42128185,-79.49607244,0.00000000,0.00000000,0.00000000,4.28771501,3.92090112,0.00000000,0,0,0,6,0,-0.04861915,-0.04871141,-0.02306441,0.00000000,0.00000000,0.00000000,0.00000000,0.00000000,1.00000000,0.00000000,0.00000000,0,-1.38482363,-1.38482363,0.00000000,0.00000000,0.00000000,0.00000000,0.00000000,0.00000000,0
278448359,1,0,0,0,400,600,400,100,0,1,0,0,1,0,0,0,0,0.00000000,0.00000000,0.00000000,0.00000000,0.00000000,0.00000000,0,0,0,6,1,-0.04861915,-0.04871141,-0.02306441,0.00000000,0.00000000,0.00000000,0.00000000,0.00000000,1.00000000,0.00000000,0.00000000,0,-79.42128185,-79.49607244,0.00000000,0.00000000,0.00000000,4.28771501,3.92090112,0.00000000,0,0,0,6,0,-0.04861915,-0.04871141,-0.02306441,0.00000000,0.00000000,0.00000000,0.00000000,0.00000000,1.00000000,0.00000000,0.00000000,0,-1.38482363,-1.38482363,0.00000000,0.00000000,0.00000000,0.00000000,0.00000000,0.00000000,0
278448421,1,0,0,0,400,600,400,100,0,1,0,0,1,0,0,0,0,0.00000000,0.00000000,0.00000000,0.00000000,0.00000000,0.00000000,0,0,0,6,1,-0.04861915,-0.04871141,-0.02306441,0.00000000,0.00000000,0.00000000,0.00000000,0.00000000,1.00000000,0.00000000,0.00000000,0,-79.42128185,-79.49607244,0.00000000,0.00000000,0.00000000,4.28771501,3.92090112,0.00000000,0,0,0,6,0,-0.04861915,-0.04871141,-0.02306441,0.00000000,0.00000000,0.00000000,0.00000000,0.00000000,1.00000000,0.00000000,0.00000000,0,-1.38482363,-1.38482363,0.00000000,0.00000000,0.00000000,0.00000000,0.00000000,0.00000000,0
278448484,1,0,0,0,400,600,400,100,0,1,0,0,1,0,0,0,0,0.00000000,0.00000000,0.00000000,0.00000000,0.00000000,0.00000000,0,0,0,6,1,-0.04861915,-0.04871141,-0.02306441,0.00000000,0.00000000,0.00000000,0.00000000,0.00000000,1.00000000,0.00000000,0.00000000,0,-79.42128185,-79.49607244,0.00000000,0.00000000,0.00000000,4.28771501,3.92090112,0.00000000,0,0,0,6,0,-0.04861915,-0.04871141,-0.02306441,0.00000000,0.00000000,0.00000000,0.00000000,0.00000000,1.00000000,0.00000000,0.00000000,0,-1.38482363,-1.38482363,0.00000000,0.00000000,0.00000000,0.00000000,0.00000000,0.00000000,0
278448546,1,0,0,0,400,600,400,100,0,1,0,0,1,0,0,0,0,0.00000000,0.00000000,0.00000000,0.00000000,0.00000000,0.00000000,0,0,0,6,1,-0.04861915,-0.04871141,-0.02306441,0.00000000,0.00000000,0.00000000,0.00000000,0.00000000,1.00000000,0.00000000,0.00000000,0,-79.42128185,-79.49607244,0.00000000,0.00000000,0.00000000,4.28771501,3.92090112,0.00000000,0,0,0,6,0,-0.04861915,-0.04871141,-0.02306441,0.00000000,0.00000000,0.00000000,0.00000000,0.00000000,1.00000000,0.00000000,0.00000000,0,-1.38482363,-1.38482363,0.00000000,0.00000000,0.00000000,0.00000000,0.00000000,0.00000000,0
278448609,1,0,0,0,400,600,400,100,0,1,0,0,1,0,0,0,0,0.00000000,0.00000000,0.00000000,0.00000000,0.00000000,0.00000000,0,0,0,6,1,-0.04861915,-0.04871141,-0.02306441,0.00000000,0.00000000,0.00000000,0.00000000,0.00000000,1.00000000,0.00000000,0.00000000,0,-79.42128185,-79.49607244,0.00000000,0.00000000,0.00000000,4.28771501,3.92090112,0.00000000,0,0,0,6,0,-0.04861915,-0.04871141,-0.02306441,0.00000000,0.00000000,0.00000000,0.00000000,0.00000000,1.00000000,0.00000000,0.00000000,0,-1.38482363,-1.38482363,0.00000000,0.00000000,0.00000000,0.00000000,0.00000000,0.00000000,0
278448671,1,0,0,0,400,600,400,100,0,1,0,0,1,0,0,0,0,0.00000000,0.00000000,0.00000000,0.00000000,0.00000000,0.00000000,0,0,0,6,1,-0.04861915,-0.04871141,-0.02306441,0.00000000,0.00000000,0.00000000,0.00000000,0.00000000,1.00000000,0.00000000,0.00000000,0,-79.42128185,-79.49607244,0.00000000,0.00000000,0.00000000,4.28771501,3.92090112,0.00000000,0,0,0,6,0,-0.04861915,-0.04871141,-0.02306441,0.00000000,0.00000000,0.00000000,0.00000000,0.00000000,1.00000000,0.00000000,0.00000000,0,-1.38482363,-1.38482363,0.00000000,0.00000000,0.00000000,0.00000000,0.00000000,0.00000000,0
278448750,1,0,0,0,400,600,400,100,0,1,0,0,1,0,0,0,0,0.00000000,0.00000000,0.00000000,0.00000000,0.00000000,0.00000000,0,0,0,6,1,-0.04861915,-0.04871141,-0.02306441,0.00000000,0.00000000,0.00000000,0.00000000,0.00000000,1.00000000,0.00000000,0.00000000,0,-79.42128185,-79.49607244,0.00000000,0.00000000,0.00000000,4.28771501,3.92090112,0.00000000,0,0,0,6,0,-0.04861915,-0.04871141,-0.02306441,0.00000000,0.00000000,0.00000000,0.00000000,0.00000000,1.00000000,0.00000000,0.00000000,0,-1.38482363,-1.38482363,0.00000000,0.00000000,0.00000000,0.00000000,0.00000000,0.00000000,0
278448812,1,0,0,0,400,600,400,100,0,1,0,0,1,0,0,0,0,0.00000000,0.00000000,0.00000000,0.00000000,0.00000000,0.00000000,0,0,0,6,1,-0.04861915,-0.04871141,-0.02306441,0.00000000,0.00000000,0.00000000,0.00000000,0.00000000,1.00000000,0.00000000,0.00000000,0,-79.42128185,-79.49607244,0.00000000,0.00000000,0.00000000,4.28771501,3.92090112,0.00000000,0,0,0,6,0,-0.04861915,-0.04871141,-0.02306441,0.00000000,0.00000000,0.00000000,0.00000000,0.00000000,1.00000000,0.00000000,0.00000000,0,-1.38482363,-1.38482363,0.00000000,0.00000000,0.00000000,0.00000000,0.00000000,0.00000000,0
278448890,1,0,0,0,400,600,400,100,0,1,0,0,1,0,0,0,0,0.00000000,0.00000000,0.00000000,0.00000000,0.00000000,0.00000000,0,0,0,6,1,-0.04861915,-0.04871141,-0.02306441,0.00000000,0.00000000,0.00000000,0.00000000,0.00000000,1.00000000,0.00000000,0.00000000,0,-79.42128185,-79.49607244,0.00000000,0.00000000,0.00000000,4.28771501,3.92090112,0.00000000,0,0,0,6,0,-0.04861915,-0.04871141,-0.02306441,0.00000000,0.00000000,0.00000000,0.00000000,0.00000000,1.00000000,0.00000000,0.00000000,0,-1.38482363,-1.38482363,0.00000000,0.00000000,0.00000000,0.00000000,0.00000000,0.00000000,0
278448984,1,0,0,0,400,600,400,100,0,1,0,0,1,0,0,0,0,0.00000000,0.00000000,0.00000000,0.00000000,0.00000000,0.00000000,0,0,0,6,1,-0.04861915,-0.04871141,-0.02306441,0.00000000,0.00000000,0.00000000,0.00000000,0.00000000,1.00000000,0.00000000,0.00000000,0,-79.42128185,-79.49607244,0.00000000,0.00000000,0.00000000,4.28771501,3.92090112,0.00000000,0,0,0,6,0,-0.04861915,-0.04871141,-0.02306441,0.00000000,0.00000000,0.00000000,0.00000000,0.00000000,1.00000000,0.00000000,0.00000000,0,-1.38482363,-1.38482363,0.00000000,0.00000000,0.00000000,0.00000000,0.00000000,0.00000000,0
278449046,1,0,0,0,400,600,400,100,0,1,0,0,1,0,0,0,0,0.00000000,0.00000000,0.00000000,0.00000000,0.00000000,0.00000000,0,0,0,6,1,-0.04861915,-0.04871141,-0.02306441,0.00000000,0.00000000,0.00000000,0.00000000,0.00000000,1.00000000,0.00000000,0.00000000,0,-79.42128185,-79.49607244,0.00000000,0.00000000,0.00000000,4.28771501,3.92090112,0.00000000,0,0,0,6,0,-0.04861915,-0.04871141,-0.02306441,0.00000000,0.00000000,0.00000000,0.00000000,0.00000000,1.00000000,0.00000000,0.00000000,0,-1.38482363,-1.38482363,0.00000000,0.00000000,0.00000000,0.00000000,0.00000000,0.00000000,0
278449109,1,0,0,0,400,600,400,100,0,1,0,0,1,0,0,0,0,0.00000000,0.00000000,0.00000000,0.00000000,0.00000000,0.00000000,0,0,0,6,1,-0.04861915,-0.04871141,-0.02306441,0.00000000,0.00000000,0.00000000,0.00000000,0.00000000,1.00000000,0.00000000,0.00000000,0,-79.42128185,-79.49607244,0.00000000,0.00000000,0.00000000,4.28771501,3.92090112,0.00000000,0,0,0,6,0,-0.04861915,-0.04871141,-0.02306441,0.00000000,0.00000000,0.00000000,0.00000000,0.00000000,1.00000000,0.00000000,0.00000000,0,-1.38482363,-1.38482363,0.00000000,0.00000000,0.00000000,0.00000000,0.00000000,0.00000000,0
278449187,1,0,0,0,400,600,400,100,0,1,0,0,1,0,0,0,0,0.00000000,0.00000000,0.00000000,0.00000000,0.00000000,0.00000000,0,0,0,6,1,-0.04861915,-0.04871141,-0.02306441,0.00000000,0.00000000,0.00000000,0.00000000,0.00000000,1.00000000,0.00000000,0.00000000,0,-79.42128185,-79.49607244,0.00000000,0.00000000,0.00000000,4.28771501,3.92090112,0.00000000,0,0,0,6,0,-0.04861915,-0.04871141,-0.02306441,0.00000000,0.00000000,0.00000000,0.00000000,0.00000000,1.00000000,0.00000000,0.00000000,0,-1.38482363,-1.38482363,0.00000000,0.00000000,0.00000000,0.00000000,0.00000000,0.00000000,0
278449250,1,0,0,0,400,600,400,100,0,1,0,0,1,0,0,0,0,0.00000000,0.00000000,0.00000000,0.00000000,0.00000000,0.00000000,0,0,0,6,1,-0.04861915,-0.04871141,-0.02306441,0.00000000,0.00000000,0.00000000,0.00000000,0.00000000,1.00000000,0.00000000,0.00000000,0,-79.42128185,-79.49607244,0.00000000,0.00000000,0.00000000,4.28771501,3.92090112,0.00000000,0,0,0,6,0,-0.04861915,-0.04871141,-0.02306441,0.00000000,0.00000000,0.00000000,0.00000000,0.00000000,1.00000000,0.00000000,0.00000000,0,-1.38482363,-1.38482363,0.00000000,0.00000000,0.00000000,0.00000000,0.00000000,0.00000000,0
278449312,1,0,0,0,400,600,400,100,0,1,0,0,1,0,0,0,0,0.00000000,0.00000000,0.00000000,0.00000000,0.00000000,0.00000000,0,0,0,6,1,-0.04861915,-0.04871141,-0.02306441,0.00000000,0.00000000,0.00000000,0.00000000,0.00000000,1.00000000,0.00000000,0.00000000,0,-79.42128185,-79.49607244,0.00000000,0.00000000,0.00000000,4.28771501,3.92090112,0.00000000,0,0,0,6,0,-0.04861915,-0.04871141,-0.02306441,0.00000000,0.00000000,0.00000000,0.00000000,0.00000000,1.00000000,0.00000000,0.00000000,0,-1.38482363,-1.38482363,0.00000000,0.00000000,0.00000000,0.00000000,0.00000000,0.00000000,0
278449375,1,0,0,0,400,600,400,100,0,1,0,0,1,0,0,0,0,0.00000000,0.00000000,0.00000000,0.00000000,0.00000000,0.00000000,0,0,0,6,1,-0.04861915,-0.04871141,-0.02306441,0.00000000,0.00000000,0.00000000,0.00000000,0.00000000,1.00000000,0.00000000,0.00000000,0,-79.42128185,-79.49607244,0.00000000,0.00000000,0.00000000,4.28771501,3.92090112,0.00000000,0,0,0,6,0,-0.04861915,-0.04871141,-0.02306441,0.00000000,0.00000000,0.00000000,0.00000000,0.00000000,1.00000000,0.00000000,0.00000000,0,-1.38482363,-1.38482363,0.00000000,0.00000000,0.00000000,0.00000000,0.00000000,0.00000000,0
278449437,1,0,0,0,400,600,400,100,0,1,0,0,1,0,0,0,0,0.00000000,0.00000000,0.00000000,0.00000000,0.00000000,0.00000000,0,0,0,6,1,-0.04861915,-0.04871141,-0.02306441,0.00000000,0.00000000,0.00000000,0.00000000,0.00000000,1.00000000,0.00000000,0.00000000,0,-79.42128185,-79.49607244,0.00000000,0.00000000,0.00000000,4.28771501,3.92090112,0.00000000,0,0,0,6,0,-0.04861915,-0.04871141,-0.02306441,0.00000000,0.00000000,0.00000000,0.00000000,0.00000000,1.00000000,0.00000000,0.00000000,0,-1.38482363,-1.38482363,0.00000000,0.00000000,0.00000000,0.00000000,0.00000000,0.00000000,0
278449500,1,0,0,0,400,600,400,100,0,1,0,0,1,0,0,0,0,0.00000000,0.00000000,0.00000000,0.00000000,0.00000000,0.00000000,0,0,0,6,1,-0.04861915,-0.04871141,-0.02306441,0.00000000,0.00000000,0.00000000,0.00000000,0.00000000,1.00000000,0.00000000,0.00000000,0,-79.42128185,-79.49607244,0.00000000,0.00000000,0.00000000,4.28771501,3.92090112,0.00000000,0,0,0,6,0,-0.04861915,-0.04871141,-0.02306441,0.00000000,0.00000000,0.00000000,0.00000000,0.00000000,1.00000000,0.00000000,0.00000000,0,-1.38482363,-1.38482363,0.00000000,0.00000000,0.00000000,0.00000000,0.00000000,0.00000000,0
278449562,1,0,0,0,400,600,400,100,0,1,0,0,1,0,0,0,0,0.00000000,0.00000000,0.00000000,0.00000000,0.00000000,0.00000000,0,0,0,6,1,-0.04861915,-0.04871141,-0.02306441,0.00000000,0.00000000,0.00000000,0.00000000,0.00000000,1.00000000,0.00000000,0.00000000,0,-79.42128185,-79.49607244,0.00000000,0.00000000,0.00000000,4.28771501,3.92090112,0.00000000,0,0,0,6,0,-0.04861915,-0.04871141,-0.02306441,0.00000000,0.00000000,0.00000000,0.00000000,0.00000000,1.00000000,0.00000000,0.00000000,0,-1.38482363,-1.38482363,0.00000000,0.00000000,0.00000000,0.00000000,0.00000000,0.00000000,0
278449640,1,0,0,0,400,600,400,100,0,1,0,0,1,0,0,0,0,0.00000000,0.00000000,0.00000000,0.00000000,0.00000000,0.00000000,0,0,0,6,1,-0.04861915,-0.04871141,-0.02306441,0.00000000,0.00000000,0.00000000,0.00000000,0.00000000,1.00000000,0.00000000,0.00000000,0,-79.42128185,-79.49607244,0.00000000,0.00000000,0.00000000,4.28771501,3.92090112,0.00000000,0,0,0,6,0,-0.04861915,-0.04871141,-0.02306441,0.00000000,0.00000000,0.00000000,0.00000000,0.00000000,1.00000000,0.00000000,0.00000000,0,-1.38482363,-1.38482363,0.00000000,0.00000000,0.00000000,0.00000000,0.00000000,0.00000000,0
278449703,1,0,0,0,400,600,400,100,0,1,0,0,1,0,0,0,0,0.00000000,0.00000000,0.00000000,0.00000000,0.00000000,0.00000000,0,0,0,6,1,-0.04861915,-0.04871141,-0.02306441,0.00000000,0.00000000,0.00000000,0.00000000,0.00000000,1.00000000,0.00000000,0.00000000,0,-79.42128185,-79.49607244,0.00000000,0.00000000,0.00000000,4.28771501,3.92090112,0.00000000,0,0,0,6,0,-0.04861915,-0.04871141,-0.02306441,0.00000000,0.00000000,0.00000000,0.00000000,0.00000000,1.00000000,0.00000000,0.00000000,0,-1.38482363,-1.38482363,0.00000000,0.00000000,0.00000000,0.00000000,0.00000000,0.00000000,0
278449765,1,0,0,0,400,600,400,100,0,1,0,0,1,0,0,0,0,0.00000000,0.00000000,0.00000000,0.00000000,0.00000000,0.00000000,0,0,0,6,1,-0.04861915,-0.04871141,-0.02306441,0.00000000,0.00000000,0.00000000,0.00000000,0.00000000,1.00000000,0.00000000,0.00000000,0,-79.42128185,-79.49607244,0.00000000,0.00000000,0.00000000,4.28771501,3.92090112,0.00000000,0,0,0,6,0,-0.04861915,-0.04871141,-0.02306441,0.00000000,0.00000000,0.00000000,0.00000000,0.00000000,1.00000000,0.00000000,0.00000000,0,-1.38482363,-1.38482363,0.00000000,0.00000000,0.00000000,0.00000000,0.00000000,0.00000000,0
278449828,1,0,0,0,400,600,400,100,0,1,0,0,1,0,0,0,0,0.00000000,0.00000000,0.00000000,0.00000000,0.00000000,0.00000000,0,0,0,6,1,-0.04861915,-0.04871141,-0.02306441,0.00000000,0.00000000,0.00000000,0.00000000,0.00000000,1.00000000,0.00000000,0.00000000,0,-79.42128185,-79.49607244,0.00000000,0.00000000,0.00000000,4.28771501,3.92090112,0.00000000,0,0,0,6,0,-0.04861915,-0.04871141,-0.02306441,0.00000000,0.00000000,0.00000000,0.00000000,0.00000000,1.00000000,0.00000000,0.00000000,0,-1.38482363,-1.38482363,0.00000000,0.00000000,0.00000000,0.00000000,0.00000000,0.00000000,0
278449906,1,0,0,0,400,600,400,100,0,1,0,0,1,0,0,0,0,0.00000000,0.00000000,0.00000000,0.00000000,0.00000000,0.00000000,0,0,0,6,1,-0.04861915,-0.04871141,-0.02306441,0.00000000,0.00000000,0.00000000,0.00000000,0.00000000,1.00000000,0.00000000,0.00000000,0,-79.42128185,-79.49607244,0.00000000,0.00000000,0.00000000,4.28771501,3.92090112,0.00000000,0,0,0,6,0,-0.04861915,-0.04871141,-0.02306441,0.00000000,0.00000000,0.00000000,0.00000000,0.00000000,1.00000000,0.00000000,0.00000000,0,-1.38482363,-1.38482363,0.00000000,0.00000000,0.00000000,0.00000000,0.00000000,0.00000000,0
278449968,1,0,0,0,400,600,400,100,0,1,0,0,1,0,0,0,0,0.00000000,0.00000000,0.00000000,0.00000000,0.00000000,0.00000000,0,0,0,6,1,-0.04861915,-0.04871141,-0.02306441,0.00000000,0.00000000,0.00000000,0.00000000,0.00000000,1.00000000,0.00000000,0.00000000,0,-79.42128185,-79.49607244,0.00000000,0.00000000,0.00000000,4.28771501,3.92090112,0.00000000,0,0,0,6,0,-0.04861915,-0.04871141,-0.02306441,0.00000000,0.00000000,0.00000000,0.00000000,0.00000000,1.00000000,0.00000000,0.00000000,0,-1.38482363,-1.38482363,0.00000000,0.00000000,0.00000000,0.00000000,0.00000000,0.00000000,0
278450031,1,0,0,0,400,600,400,100,0,1,0,0,1,0,0,0,0,0.00000000,0.00000000,0.00000000,0.00000000,0.00000000,0.00000000,0,0,0,6,1,-0.04861915,-0.04871141,-0.02306441,0.00000000,0.00000000,0.00000000,0.00000000,0.00000000,1.00000000,0.00000000,0.00000000,0,-79.42128185,-79.49607244,0.00000000,0.00000000,0.00000000,4.28771501,3.92090112,0.00000000,0,0,0,6,0,-0.04861915,-0.04871141,-0.02306441,0.00000000,0.00000000,0.00000000,0.00000000,0.00000000,1.00000000,0.00000000,0.00000000,0,-1.38482363,-1.38482363,0.00000000,0.00000000,0.00000000,0.00000000,0.00000000,0.00000000,0
278450093,1,0,0,0,400,600,400,100,0,1,0,0,1,0,0,0,0,0.00000000,0.00000000,0.00000000,0.00000000,0.00000000,0.00000000,0,0,0,6,1,-0.04861915,-0.04871141,-0.02306441,0.00000000,0.00000000,0.00000000,0.00000000,0.00000000,1.00000000,0.00000000,0.00000000,0,-79.42128185,-79.49607244,0.00000000,0.00000000,0.00000000,4.28771501,3.92090112,0.00000000,0,0,0,6,0,-0.04861915,-0.04871141,-0.02306441,0.00000000,0.00000000,0.00000000,0.00000000,0.00000000,1.00000000,0.00000000,0.00000000,0,-1.38482363,-1.38482363,0.00000000,0.00000000,0.00000000,0.00000000,0.00000000,0.00000000,0
278450171,1,0,0,0,400,600,400,100,0,1,0,0,1,0,0,0,0,0.00000000,0.00000000,0.00000000,0.00000000,0.00000000,0.00000000,0,0,0,6,1,-0.04861915,-0.04871141,-0.02306441,0.00000000,0.00000000,0.00000000,0.00000000,0.00000000,1.00000000,0.00000000,0.00000000,0,-79.42128185,-79.49607244,0.00000000,0.00000000,0.00000000,4.28771501,3.92090112,0.00000000,0,0,0,6,0,-0.04861915,-0.04871141,-0.02306441,0.00000000,0.00000000,0.00000000,0.00000000,0.00000000,1.00000000,0.00000000,0.00000000,0,-1.38482363,-1.38482363,0.00000000,0.00000000,0.00000000,0.00000000,0.00000000,0.00000000,0
278450234,1,0,0,0,400,600,400,100,0,1,0,0,1,0,0,0,0,0.00000000,0.00000000,0.00000000,0.00000000,0.00000000,0.00000000,0,0,0,6,1,-0.04861915,-0.04871141,-0.02306441,0.00000000,0.00000000,0.00000000,0.00000000,0.00000000,1.00000000,0.00000000,0.00000000,0,-79.42128185,-79.49607244,0.00000000,0.00000000,0.00000000,4.28771501,3.92090112,0.00000000,0,0,0,6,0,-0.04861915,-0.04871141,-0.02306441,0.00000000,0.00000000,0.00000000,0.00000000,0.00000000,1.00000000,0.00000000,0.00000000,0,-1.38482363,-1.38482363,0.00000000,0.00000000,0.00000000,0.00000000,0.00000000,0.00000000,0
278450296,1,0,0,0,400,600,400,100,0,1,0,0,1,0,0,0,0,0.00000000,0.00000000,0.00000000,0.00000000,0.00000000,0.00000000,0,0,0,6,1,-0.04861915,-0.04871141,-0.02306441,0.00000000,0.00000000,0.00000000,0.00000000,0.00000000,1.00000000,0.00000000,0.00000000,0,-79.42128185,-79.49607244,0.00000000,0.00000000,0.00000000,4.28771501,3.92090112,0.00000000,0,0,0,6,0,-0.04861915,-0.04871141,-0.02306441,0.00000000,0.00000000,0.00000000,0.00000000,0.00000000,1.00000000,0.00000000,0.00000000,0,-1.38482363,-1.38482363,0.00000000,0.00000000,0.00000000,0.00000000,0.00000000,0.00000000,0
278450359,1,0,0,0,400,600,400,100,0,1,0,0,1,0,0,0,0,0.00000000,0.00000000,0.00000000,0.00000000,0.00000000,0.00000000,0,0,0,6,1,-0.04861915,-0.04871141,-0.02306441,0.00000000,0.00000000,0.00000000,0.00000000,0.00000000,1.00000000,0.00000000,0.00000000,0,-79.42128185,-79.49607244,0.00000000,0.00000000,0.00000000,4.28771501,3.92090112,0.00000000,0,0,0,6,0,-0.04861915,-0.04871141,-0.02306441,0.00000000,0.00000000,0.00000000,0.00000000,0.00000000,1.00000000,0.00000000,0.00000000,0,-1.38482363,-1.38482363,0.00000000,0.00000000,0.00000000,0.00000000,0.00000000,0.00000000,0
278450421,1,0,0,0,400,600,400,100,0,1,0,0,1,0,0,0,0,0.00000000,0.00000000,0.00000000,0.00000000,0.00000000,0.00000000,0,0,0,6,1,-0.04861915,-0.04871141,-0.02306441,0.00000000,0.00000000,0.00000000,0.00000000,0.00000000,1.00000000,0.00000000,0.00000000,0,-79.42128185,-79.49607244,0.00000000,0.00000000,0.00000000,4.28771501,3.92090112,0.00000000,0,0,0,6,0,-0.04861915,-0.04871141,-0.02306441,0.00000000,0.00000000,0.00000000,0.00000000,0.00000000,1.00000000,0.00000000,0.00000000,0,-1.38482363,-1.38482363,0.00000000,0.00000000,0.00000000,0.00000000,0.00000000,0.00000000,0
278450484,1,0,0,0,400,600,400,100,0,1,0,0,1,0,0,0,0,0.00000000,0.00000000,0.00000000,0.00000000,0.00000000,0.00000000,0,0,0,6,1,-0.04861915,-0.04871141,-0.02306441,0.00000000,0.00000000,0.00000000,0.00000000,0.00000000,1.00000000,0.00000000,0.00000000,0,-79.42128185,-79.49607244,0.00000000,0.00000000,0.00000000,4.28771501,3.92090112,0.00000000,0,0,0,6,0,-0.04861915,-0.04871141,-0.02306441,0.00000000,0.00000000,0.00000000,0.00000000,0.00000000,1.00000000,0.00000000,0.00000000,0,-1.38482363,-1.38482363,0.00000000,0.00000000,0.00000000,0.00000000,0.00000000,0.00000000,0
278450562,1,0,0,0,400,600,400,100,0,1,0,0,1,0,0,0,0,0.00000000,0.00000000,0.00000000,0.00000000,0.00000000,0.00000000,0,0,0,6,1,-0.04861915,-0.04871141,-0.02306441,0.00000000,0.00000000,0.00000000,0.00000000,0.00000000,1.00000000,0.00000000,0.00000000,0,-79.42128185,-79.49607244,0.00000000,0.00000000,0.00000000,4.28771501,3.92090112,0.00000000,0,0,0,6,0,-0.04861915,-0.04871141,-0.02306441,0.00000000,0.00000000,0.00000000,0.00000000,0.00000000,1.00000000,0.00000000,0.00000000,0,-1.38482363,-1.38482363,0.00000000,0.00000000,0.00000000,0.00000000,0.00000000,0.00000000,0
278450640,1,0,0,0,400,600,400,100,0,1,0,0,1,0,0,0,0,0.00000000,0.00000000,0.00000000,0.00000000,0.00000000,0.00000000,0,0,0,6,1,-0.04861915,-0.04871141,-0.02306441,0.00000000,0.00000000,0.00000000,0.00000000,0.00000000,1.00000000,0.00000000,0.00000000,0,-79.42128185,-79.49607244,0.00000000,0.00000000,0.00000000,4.28771501,3.92090112,0.00000000,0,0,0,6,0,-0.04861915,-0.04871141,-0.02306441,0.00000000,0.00000000,0.00000000,0.00000000,0.00000000,1.00000000,0.00000000,0.00000000,0,-1.38482363,-1.38482363,0.00000000,0.00000000,0.00000000,0.00000000,0.00000000,0.00000000,0
278450703,1,0,0,0,400,600,400,100,0,1,0,0,1,0,0,0,0,0.00000000,0.00000000,0.00000000,0.00000000,0.00000000,0.00000000,0,0,0,6,1,-0.04861915,-0.04871141,-0.02306441,0.00000000,0.00000000,0.00000000,0.00000000,0.00000000,1.00000000,0.00000000,0.00000000,0,-79.42128185,-79.49607244,0.00000000,0.00000000,0.00000000,4.28771501,3.92090112,0.00000000,0,0,0,6,0,-0.04861915,-0.04871141,-0.02306441,0.00000000,0.00000000,0.00000000,0.00000000,0.00000000,1.00000000,0.00000000,0.00000000,0,-1.38482363,-1.38482363,0.00000000,0.00000000,0.00000000,0.00000000,0.00000000,0.00000000,0
278450765,1,0,0,0,400,600,400,100,0,1,0,0,1,0,0,0,0,0.00000000,0.00000000,0.00000000,0.00000000,0.00000000,0.00000000,0,0,0,6,1,-0.04861915,-0.04871141,-0.02306441,0.00000000,0.00000000,0.00000000,0.00000000,0.00000000,1.00000000,0.00000000,0.00000000,0,-79.42128185,-79.49607244,0.00000000,0.00000000,0.00000000,4.28771501,3.92090112,0.00000000,0,0,0,6,0,-0.04861915,-0.04871141,-0.02306441,0.00000000,0.00000000,0.00000000,0.00000000,0.00000000,1.00000000,0.00000000,0.00000000,0,-1.38482363,-1.38482363,0.00000000,0.00000000,0.00000000,0.00000000,0.00000000,0.00000000,0
278450828,1,0,0,0,400,600,400,100,0,1,0,0,1,0,0,0,0,0.00000000,0.00000000,0.00000000,0.00000000,0.00000000,0.00000000,0,0,0,6,1,-0.04861915,-0.04871141,-0.02306441,0.00000000,0.00000000,0.00000000,0.00000000,0.00000000,1.00000000,0.00000000,0.00000000,0,-79.42128185,-79.49607244,0.00000000,0.00000000,0.00000000,4.28771501,3.92090112,0.00000000,0,0,0,6,0,-0.04861915,-0.04871141,-0.02306441,0.00000000,0.00000000,0.00000000,0.00000000,0.00000000,1.00000000,0.00000000,0.00000000,0,-1.38482363,-1.38482363,0.00000000,0.00000000,0.00000000,0.00000000,0.00000000,0.00000000,0
278450890,1,0,0,0,400,600,400,100,0,1,0,0,1,0,0,0,0,0.00000000,0.00000000,0.00000000,0.00000000,0.00000000,0.00000000,0,0,0,6,1,-0.04861915,-0.04871141,-0.02306441,0.00000000,0.00000000,0.00000000,0.00000000,0.00000000,1.00000000,0.00000000,0.00000000,0,-79.42128185,-79.49607244,0.00000000,0.00000000,0.00000000,4.28771501,3.92090112,0.00000000,0,0,0,6,0,-0.04861915,-0.04871141,-0.02306441,0.00000000,0.00000000,0.00000000,0.00000000,0.00000000,1.00000000,0.00000000,0.00000000,0,-1.38482363,-1.38482363,0.00000000,0.00000000,0.00000000,0.00000000,0.00000000,0.00000000,0
278450953,1,0,0,0,400,600,400,100,0,1,0,0,1,0,0,0,0,0.00000000,0.00000000,0.00000000,0.00000000,0.00000000,0.00000000,0,0,0,6,1,-0.04861915,-0.04871141,-0.02306441,0.00000000,0.00000000,0.00000000,0.00000000,0.00000000,1.00000000,0.00000000,0.00000000,0,-79.42128185,-79.49607244,0.00000000,0.00000000,0.00000000,4.28771501,3.92090112,0.00000000,0,0,0,6,0,-0.04861915,-0.04871141,-0.02306441,0.00000000,0.00000000,0.00000000,0.00000000,0.00000000,1.00000000,0.00000000,0.00000000,0,-1.38482363,-1.38482363,0.00000000,0.00000000,0.00000000,0.00000000,0.00000000,0.00000000,0
278451031,1,0,0,0,400,600,400,100,0,1,0,0,1,0,0,0,0,0.00000000,0.00000000,0.00000000,0.00000000,0.00000000,0.00000000,0,0,0,6,1,-0.04861915,-0.04871141,-0.02306441,0.00000000,0.00000000,0.00000000,0.00000000,0.00000000,1.00000000,0.00000000,0.00000000,0,-79.42128185,-79.49607244,0.00000000,0.00000000,0.00000000,4.28771501,3.92090112,0.00000000,0,0,0,6,0,-0.04861915,-0.04871141,-0.02306441,0.00000000,0.00000000,0.00000000,0.00000000,0.00000000,1.00000000,0.00000000,0.00000000,0,-1.38482363,-1.38482363,0.00000000,0.00000000,0.00000000,0.00000000,0.00000000,0.00000000,0
278451093,1,0,0,0,400,600,400,100,0,1,0,0,1,0,0,0,0,0.00000000,0.00000000,0.00000000,0.00000000,0.00000000,0.00000000,0,0,0,6,1,-0.04861915,-0.04871141,-0.02306441,0.00000000,0.00000000,0.00000000,0.00000000,0.00000000,1.00000000,0.00000000,0.00000000,0,-79.42128185,-79.49607244,0.00000000,0.00000000,0.00000000,4.28771501,3.92090112,0.00000000,0,0,0,6,0,-0.04861915,-0.04871141,-0.02306441,0.00000000,0.00000000,0.00000000,0.00000000,0.00000000,1.00000000,0.00000000,0.00000000,0,-1.38482363,-1.38482363,0.00000000,0.00000000,0.00000000,0.00000000,0.00000000,0.00000000,0
278451156,1,0,0,0,400,600,400,100,0,1,0,0,1,0,0,0,0,0.00000000,0.00000000,0.00000000,0.00000000,0.00000000,0.00000000,0,0,0,6,1,-0.04861915,-0.04871141,-0.02306441,0.00000000,0.00000000,0.00000000,0.00000000,0.00000000,1.00000000,0.00000000,0.00000000,0,-79.42128185,-79.49607244,0.00000000,0.00000000,0.00000000,4.28771501,3.92090112,0.00000000,0,0,0,6,0,-0.04861915,-0.04871141,-0.02306441,0.00000000,0.00000000,0.00000000,0.00000000,0.00000000,1.00000000,0.00000000,0.00000000,0,-1.38482363,-1.38482363,0.00000000,0.00000000,0.00000000,0.00000000,0.00000000,0.00000000,0
278451218,1,0,0,0,400,600,400,100,0,1,0,0,1,0,0,0,0,0.00000000,0.00000000,0.00000000,0.00000000,0.00000000,0.00000000,0,0,0,6,1,-0.04861915,-0.04871141,-0.02306441,0.00000000,0.00000000,0.00000000,0.00000000,0.00000000,1.00000000,0.00000000,0.00000000,0,-79.42128185,-79.49607244,0.00000000,0.00000000,0.00000000,4.28771501,3.92090112,0.00000000,0,0,0,6,0,-0.04861915,-0.04871141,-0.02306441,0.00000000,0.00000000,0.00000000,0.00000000,0.00000000,1.00000000,0.00000000,0.00000000,0,-1.38482363,-1.38482363,0.00000000,0.00000000,0.00000000,0.00000000,0.00000000,0.00000000,0
278451281,1,0,0,0,400,600,400,100,0,1,0,0,1,0,0,0,0,0.00000000,0.00000000,0.00000000,0.00000000,0.00000000,0.00000000,0,0,0,6,1,-0.04861915,-0.04871141,-0.02306441,0.00000000,0.00000000,0.00000000,0.00000000,0.00000000,1.00000000,0.00000000,0.00000000,0,-79.42128185,-79.49607244,0.00000000,0.00000000,0.00000000,4.28771501,3.92090112,0.00000000,0,0,0,6,0,-0.04861915,-0.04871141,-0.02306441,0.00000000,0.00000000,0.00000000,0.00000000,0.00000000,1.00000000,0.00000000,0.00000000,0,-1.38482363,-1.38482363,0.00000000,0.00000000,0.00000000,0.00000000,0.00000000,0.00000000,0
278451359,1,0,0,0,400,600,400,100,0,1,0,0,1,0,0,0,0,0.00000000,0.00000000,0.00000000,0.00000000,0.00000000,0.00000000,0,0,0,6,1,-0.04861915,-0.04871141,-0.02306441,0.00000000,0.00000000,0.00000000,0.00000000,0.00000000,1.00000000,0.00000000,0.00000000,0,-79.42128185,-79.49607244,0.00000000,0.00000000,0.00000000,4.28771501,3.92090112,0.00000000,0,0,0,6,0,-0.04861915,-0.04871141,-0.02306441,0.00000000,0.00000000,0.00000000,0.00000000,0.00000000,1.00000000,0.00000000,0.00000000,0,-1.38482363,-1.38482363,0.00000000,0.00000000,0.00000000,0.00000000,0.00000000,0.00000000,0
278451421,1,0,0,0,400,600,400,100,0,1,0,0,1,0,0,0,0,0.00000000,0.00000000,0.00000000,0.00000000,0.00000000,0.00000000,0,0,0,6,1,-0.04861915,-0.04871141,-0.02306441,0.00000000,0.00000000,0.00000000,0.00000000,0.00000000,1.00000000,0.00000000,0.00000000,0,-79.42128185,-79.49607244,0.00000000,0.00000000,0.00000000,4.28771501,3.92090112,0.00000000,0,0,0,6,0,-0.04861915,-0.04871141,-0.02306441,0.00000000,0.00000000,0.00000000,0.00000000,0.00000000,1.00000000,0.00000000,0.00000000,0,-1.38482363,-1.38482363,0.00000000,0.00000000,0.00000000,0.00000000,0.00000000,0.00000000,0
278451484,1,0,0,0,400,600,400,100,0,1,0,0,1,0,0,0,0,0.00000000,0.00000000,0.00000000,0.00000000,0.00000000,0.00000000,0,0,0,6,1,-0.04861915,-0.04871141,-0.02306441,0.00000000,0.00000000,0.00000000,0.00000000,0.00000000,1.00000000,0.00000000,0.00000000,0,-79.42128185,-79.49607244,0.00000000,0.00000000,0.00000000,4.28771501,3.92090112,0.00000000,0,0,0,6,0,-0.04861915,-0.04871141,-0.02306441,0.00000000,0.00000000,0.00000000,0.00000000,0.00000000,1.00000000,0.00000000,0.00000000,0,-1.38482363,-1.38482363,0.00000000,0.00000000,0.00000000,0.00000000,0.00000000,0.00000000,0
278451546,1,0,0,0,400,600,400,100,0,1,0,0,1,0,0,0,0,0.00000000,0.00000000,0.00000000,0.00000000,0.00000000,0.00000000,0,0,0,6,1,-0.04861915,-0.04871141,-0.02306441,0.00000000,0.00000000,0.00000000,0.00000000,0.00000000,1.00000000,0.00000000,0.00000000,0,-79.42128185,-79.49607244,0.00000000,0.00000000,0.00000000,4.28771501,3.92090112,0.00000000,0,0,0,6,0,-0.04861915,-0.04871141,-0.02306441,0.00000000,0.00000000,0.00000000,0.00000000,0.00000000,1.00000000,0.00000000,0.00000000,0,-1.38482363,-1.38482363,0.00000000,0.00000000,0.00000000,0.00000000,0.00000000,0.00000000,0
278451609,1,0,0,0,400,600,400,100,0,1,0,0,1,0,0,0,0,0.00000000,0.00000000,0.00000000,0.00000000,0.00000000,0.00000000,0,0,0,6,1,-0.04861915,-0.04871141,-0.02306441,0.00000000,0.00000000,0.00000000,0.00000000,0.00000000,1.00000000,0.00000000,0.00000000,0,-79.42128185,-79.49607244,0.00000000,0.00000000,0.00000000,4.28771501,3.92090112,0.00000000,0,0,0,6,0,-0.04861915,-0.04871141,-0.02306441,0.00000000,0.00000000,0.00000000,0.00000000,0.00000000,1.00000000,0.00000000,0.00000000,0,-1.38482363,-1.38482363,0.00000000,0.00000000,0.00000000,0.00000000,0.00000000,0.00000000,0
278451953,1,0,0,0,400,600,400,500,0,1,0,0,0,0,0,0,0,0.00000000,0.00000000,0.00000000,0.00000000,0.00000000,0.00000000,0,0,0,12,1,-0.02965625,-0.02960871,-0.00000000,0.00000000,0.00000000,0.00000000,0.00000000,0.00000000,1.00000000,0.00000000,0.00000000,0,-79.49607244,-79.49607244,0.00000000,0.00000000,0.00000000,4.28771501,3.92090112,0.00000000,0,0,0,2,0,-0.02965625,-0.02960871,-0.00000000,0.00000000,0.00000000,0.00000000,0.00000000,0.00000000,1.00000000,0.00000000,0.00000000,0,-1.38482363,-1.38482363,0.00000000,0.00000000,0.00000000,0.00000000,0.00000000,0.00000000,0
278452031,1,0,0,0,400,600,400,500,0,1,0,0,0,0,0,0,0,0.00000000,0.00000000,0.00000000,0.00000000,0.00000000,0.00000000,0,0,0,12,1,-0.02971329,-0.02965170,0.01539602,0.00000000,0.00000000,0.00000000,0.00000000,0.00000000,1.00000000,0.00000000,0.00000000,0,-79.49607244,-79.49607244,0.00000000,0.00000000,0.00000000,4.28771501,3.92090112,0.00000000,0,0,0,2,0,-0.02971329,-0.02965170,0.01539602,0.00000000,0.00000000,0.00000000,0.00000000,0.00000000,1.00000000,0.00000000,0.00000000,0,-1.38482363,-1.38482363,0.00000000,0.00000000,0.00000000,0.00000000,0.00000000,0.00000000,0
278452125,1,0,0,0,400,600,400,500,0,1,0,0,0,0,0,0,0,0.00000000,0.00000000,0.00000000,0.00000000,0.00000000,0.00000000,0,1,1,0,2,-0.02975606,-0.02969201,0.01601195,0.00000000,0.00000000,0.00000000,0.00000000,0.00000000,1.00000000,0.00000000,0.00000000,0,-79.49607244,-79.49607244,0.00000000,0.00000000,0.00000000,4.28771501,3.92090112,0.00000000,0,0,0,2,0,-0.02975606,-0.02969201,0.01601195,0.00000000,0.00000000,0.00000000,0.00000000,0.00000000,1.00000000,0.00000000,0.00000000,0,-1.38482363,-1.38482363,0.00000000,0.00000000,0.00000000,0.00000000,0.00000000,0.00000000,0
278452203,1,0,0,0,400,600,400,500,0,1,0,0,0,0,0,0,0,0.00000000,0.00000000,0.00000000,0.00000000,0.00000000,0.00000000,0,1,1,0,2,-0.02980918,-0.02973866,0.01763166,0.00000000,0.00000000,0.00000000,0.00000000,0.00000000,1.00000000,0.00000000,0.00000000,0,-79.49607244,-79.49607244,0.00000000,0.00000000,0.00000000,4.28771501,3.92090112,0.00000000,0,0,0,2,0,-0.02980918,-0.02973866,0.01763166,0.00000000,0.00000000,0.00000000,0.00000000,0.00000000,1.00000000,0.00000000,0.00000000,0,-1.38482363,-1.38482363,0.00000000,0.00000000,0.00000000,0.00000000,0.00000000,0.00000000,0
278452281,1,0,0,0,400,600,400,500,0,1,0,0,0,0,0,0,0,0.00000000,0.00000000,0.00000000,0.00000000,0.00000000,0.00000000,0,1,1,0,2,-0.02985343,-0.02978398,0.01736260,0.00000000,0.00000000,0.00000000,0.00000000,0.00000000,1.00000000,0.00000000,0.00000000,0,-79.49607244,-79.49607244,0.00000000,0.00000000,0.00000000,4.28771501,3.92090112,0.00000000,0,0,0,2,0,-0.02985343,-0.02978398,0.01736260,0.00000000,0.00000000,0.00000000,0.00000000,0.00000000,1.00000000,0.00000000,0.00000000,0,-1.38482363,-1.38482363,0.00000000,0.00000000,0.00000000,0.00000000,0.00000000,0.00000000,0
278452359,1,0,0,0,400,600,400,500,0,1,0,0,0,0,0,0,0,0.00000000,0.00000000,0.00000000,0.00000000,0.00000000,0.00000000,0,1,1,0,2,-0.02989712,-0.02982842,0.01717613,0.00000000,0.00000000,0.00000000,0.00000000,0.00000000,1.00000000,0.00000000,0.00000000,0,-79.49607244,-79.49607244,0.00000000,0.00000000,0.00000000,4.28771501,3.92090112,0.00000000,0,0,0,2,0,-0.02989712,-0.02982842,0.01717613,0.00000000,0.00000000,0.00000000,0.00000000,0.00000000,1.00000000,0.00000000,0.00000000,0,-1.38482363,-1.38482363,0.00000000,0.00000000,0.00000000,0.00000000,0.00000000,0.00000000,0
278452453,1,0,0,0,400,600,400,500,0,1,0,0,0,0,0,0,0,0.00000000,0.00000000,0.00000000,0.00000000,0.00000000,0.00000000,0,1,1,0,2,-0.02994141,-0.02987251,0.01722623,0.00000000,0.00000000,0.00000000,0.00000000,0.00000000,1.00000000,0.00000000,0.00000000,0,-79.49607244,-79.49607244,0.00000000,0.00000000,0.00000000,4.28771501,3.92090112,0.00000000,0,0,0,2,0,-0.02994141,-0.02987251,0.01722623,0.00000000,0.00000000,0.00000000,0.00000000,0.00000000,1.00000000,0.00000000,0.00000000,0,-1.38482363,-1.38482363,0.00000000,0.00000000,0.00000000,0.00000000,0.00000000,0.00000000,0
278452531,1,0,0,0,400,600,400,500,0,1,0,0,0,0,0,0,0,0.00000000,0.00000000,0.00000000,0.00000000,0.00000000,0.00000000,0,1,1,0,2,-0.02998418,-0.02991602,0.01704151,0.00000000,0.00000000,0.00000000,0.00000000,0.00000000,1.00000000,0.00000000,0.00000000,0,-79.49607244,-79.49607244,0.00000000,0.00000000,0.00000000,4.28771501,3.92090112,0.00000000,0,0,0,2,0,-0.02998418,-0.02991602,0.01704151,0.00000000,0.00000000,0.00000000,0.00000000,0.00000000,1.00000000,0.00000000,0.00000000,0,-1.38482363,-1.38482363,0.00000000,0.00000000,0.00000000,0.00000000,0.00000000,0.00000000,0
278452609,1,0,0,0,400,600,400,500,0,1,0,0,0,0,0,0,0,0.00000000,0.00000000,0.00000000,0.00000000,0.00000000,0.00000000,0,1,1,0,2,-0.03002696,-0.02996174,0.01630402,0.00000000,0.00000000,0.00000000,0.00000000,0.00000000,1.00000000,0.00000000,0.00000000,0,-79.49607244,-79.49607244,0.00000000,0.00000000,0.00000000,4.28771501,3.92090112,0.00000000,0,0,0,2,0,-0.03002696,-0.02996174,0.01630402,0.00000000,0.00000000,0.00000000,0.00000000,0.00000000,1.00000000,0.00000000,0.00000000,0,-1.38482363,-1.38482363,0.00000000,0.00000000,0.00000000,0.00000000,0.00000000,0.00000000,0
278452671,1,0,0,0,400,600,400,500,0,1,0,0,0,0,0,0,0,0.00000000,0.00000000,0.00000000,0.00000000,0.00000000,0.00000000,0,1,1,0,2,-0.03006973,-0.03000364,0.01652275,0.00000000,0.00000000,0.00000000,0.00000000,0.00000000,1.00000000,0.00000000,0.00000000,0,-79.49607244,-79.49607244,0.00000000,0.00000000,0.00000000,4.28771501,3.92090112,0.00000000,0,0,0,2,0,-0.03006973,-0.03000364,0.01652275,0.00000000,0.00000000,0.00000000,0.00000000,0.00000000,1.00000000,0.00000000,0.00000000,0,-1.38482363,-1.38482363,0.00000000,0.00000000,0.00000000,0.00000000,0.00000000,0.00000000,0
278452765,1,0,0,0,400,600,400,500,0,1,0,0,0,0,0,0,0,0.00000000,0.00000000,0.00000000,0.00000000,0.00000000,0.00000000,0,1,1,0,2,-0.03011204,-0.03004581,0.01655877,0.00000000,0.00000000,0.00000000,0.00000000,0.00000000,1.00000000,0.00000000,0.00000000,0,-79.49607244,-79.49607244,0.00000000,0.00000000,0.00000000,4.28771501,3.92090112,0.00000000,0,0,0,2,0,-0.03011204,-0.03004581,0.01655877,0.00000000,0.00000000,0.00000000,0.00000000,0.00000000,1.00000000,0.00000000,0.00000000,0,-1.38482363,-1.38482363,0.00000000,0.00000000,0.00000000,0.00000000,0.00000000,0.00000000,0
278452843,1,0,0,0,400,600,400,500,0,1,0,0,0,0,0,0,0,0.00000000,0.00000000,0.00000000,0.00000000,0.00000000,0.00000000,0,1,1,0,2,-0.03015528,-0.03009103,0.01606313,0.00000000,0.00000000,0.00000000,0.00000000,0.00000000,1.00000000,0.00000000,0.00000000,0,-79.49607244,-79.49607244,0.00000000,0.00000000,0.00000000,4.28771501,3.92090112,0.00000000,0,0,0,2,0,-0.03015528,-0.03009103,0.01606313,0.00000000,0.00000000,0.00000000,0.00000000,0.00000000,1.00000000,0.00000000,0.00000000,0,-1.38482363,-1.38482363,0.00000000,0.00000000,0.00000000,0.00000000,0.00000000,0.00000000,0
278452921,1,0,0,0,400,600,400,500,0,1,0,0,0,0,0,0,0,0.00000000,0.00000000,0.00000000,0.00000000,0.00000000,0.00000000,0,1,1,0,2,-0.03019805,-0.03013515,0.01572552,0.00000000,0.00000000,0.00000000,0.00000000,0.00000000,1.00000000,0.00000000,0.00000000,0,-79.49607244,-79.49607244,0.00000000,0.00000000,0.00000000,4.28771501,3.92090112,0.00000000,0,0,0,2,0,-0.03019805,-0.03013515,0.01572552,0.00000000,0.00000000,0.00000000,0.00000000,0.00000000,1.00000000,0.00000000,0.00000000,0,-1.38482363,-1.38482363,0.00000000,0.00000000,0.00000000,0.00000000,0.00000000,0.00000000,0
278453000,1,0,0,0,400,600,400,500,0,1,0,0,0,0,0,0,0,0.00000000,0.00000000,0.00000000,0.00000000,0.00000000,0.00000000,0,1,1,0,2,-0.03024082,-0.03017870,0.01553223,0.00000000,0.00000000,0.00000000,0.00000000,0.00000000,1.00000000,0.00000000,0.00000000,0,-79.49607244,-79.49607244,0.00000000,0.00000000,0.00000000,4.28771501,3.92090112,0.00000000,0,0,0,2,0,-0.03024082,-0.03017870,0.01553223,0.00000000,0.00000000,0.00000000,0.00000000,0.00000000,1.00000000,0.00000000,0.00000000,0,-1.38482363,-1.38482363,0.00000000,0.00000000,0.00000000,0.00000000,0.00000000,0.00000000,0
278453093,1,0,0,0,400,600,400,500,0,1,0,0,0,0,0,0,0,0.00000000,0.00000000,0.00000000,0.00000000,0.00000000,0.00000000,0,1,1,0,2,-0.03029786,-0.03022548,0.01809356,0.00000000,0.00000000,0.00000000,0.00000000,0.00000000,1.00000000,0.00000000,0.00000000,0,-79.49607244,-79.49607244,0.00000000,0.00000000,0.00000000,4.28771501,3.92090112,0.00000000,0,0,0,2,0,-0.03029786,-0.03022548,0.01809356,0.00000000,0.00000000,0.00000000,0.00000000,0.00000000,1.00000000,0.00000000,0.00000000,0,-1.38482363,-1.38482363,0.00000000,0.00000000,0.00000000,0.00000000,0.00000000,0.00000000,0
278453171,1,0,0,0,400,600,400,500,0,1,0,0,0,0,0,0,0,0.00000000,0.00000000,0.00000000,0.00000000,0.00000000,0.00000000,0,1,1,0,2,-0.03034063,-0.03027314,0.01687167,0.00000000,0.00000000,0.00000000,0.00000000,0.00000000,1.00000000,0.00000000,0.00000000,0,-79.49607244,-79.49607244,0.00000000,0.00000000,0.00000000,4.28771501,3.92090112,0.00000000,0,0,0,2,0,-0.03034063,-0.03027314,0.01687167,0.00000000,0.00000000,0.00000000,0.00000000,0.00000000,1.00000000,0.00000000,0.00000000,0,-1.38482363,-1.38482363,0.00000000,0.00000000,0.00000000,0.00000000,0.00000000,0.00000000,0
278453250,1,0,0,0,400,600,400,500,0,1,0,0,0,0,0,0,0,0.00000000,0.00000000,0.00000000,0.00000000,0.00000000,0.00000000,0,1,1,0,2,-0.03039766,-0.03032227,0.01884694,0.00000000,0.00000000,0.00000000,0.00000000,0.00000000,1.00000000,0.00000000,0.00000000,0,-79.49607244,-79.49607244,0.00000000,0.00000000,0.00000000,4.28771501,3.92090112,0.00000000,0,0,0,2,0,-0.03039766,-0.03032227,0.01884694,0.00000000,0.00000000,0.00000000,0.00000000,0.00000000,1.00000000,0.00000000,0.00000000,0,-1.38482363,-1.38482363,0.00000000,0.00000000,0.00000000,0.00000000,0.00000000,0.00000000,0
278453343,1,0,0,0,400,600,400,500,0,1,0,0,0,0,0,0,0,0.00000000,0.00000000,0.00000000,0.00000000,0.00000000,0.00000000,0,1,1,0,2,-0.03044043,-0.03037118,0.01731236,0.00000000,0.00000000,0.00000000,0.00000000,0.00000000,1.00000000,0.00000000,0.00000000,0,-79.49607244,-79.49607244,0.00000000,0.00000000,0.00000000,4.28771501,3.92090112,0.00000000,0,0,0,2,0,-0.03044043,-0.03037118,0.01731236,0.00000000,0.00000000,0.00000000,0.00000000,0.00000000,1.00000000,0.00000000,0.00000000,0,-1.38482363,-1.38482363,0.00000000,0.00000000,0.00000000,0.00000000,0.00000000,0.00000000,0
278453421,1,0,0,0,400,600,400,500,0,1,0,0,0,0,0,0,0,0.00000000,0.00000000,0.00000000,0.00000000,0.00000000,0.00000000,0,1,1,0,2,-0.03049746,-0.03042108,0.01909367,0.00000000,0.00000000,0.00000000,0.00000000,0.00000000,1.00000000,0.00000000,0.00000000,0,-79.49607244,-79.49607244,0.00000000,0.00000000,0.00000000,4.28771501,3.92090112,0.00000000,0,0,0,2,0,-0.03049746,-0.03042108,0.01909367,0.00000000,0.00000000,0.00000000,0.00000000,0.00000000,1.00000000,0.00000000,0.00000000,0,-1.38482363,-1.38482363,0.00000000,0.00000000,0.00000000,0.00000000,0.00000000,0.00000000,0
278453500,1,0,0,0,400,600,400,500,0,1,0,0,0,0,0,0,0,0.00000000,0.00000000,0.00000000,0.00000000,0.00000000,0.00000000,0,1,1,0,2,-0.03054024,-0.03046937,0.01771836,0.00000000,0.00000000,0.00000000,0.00000000,0.00000000,1.00000000,0.00000000,0.00000000,0,-79.49607244,-79.49607244,0.00000000,0.00000000,0.00000000,4.28771501,3.92090112,0.00000000,0,0,0,2,0,-0.03054024,-0.03046937,0.01771836,0.00000000,0.00000000,0.00000000,0.00000000,0.00000000,1.00000000,0.00000000,0.00000000,0,-1.38482363,-1.38482363,0.00000000,0.00000000,0.00000000,0.00000000,0.00000000,0.00000000,0
278453593,1,0,0,0,400,600,400,500,0,1,0,0,0,0,0,0,0,0.00000000,0.00000000,0.00000000,0.00000000,0.00000000,0.00000000,0,1,1,0,2,-0.03059709,-0.03051993,0.01928953,0.00000000,0.00000000,0.00000000,0.00000000,0.00000000,1.00000000,0.00000000,0.00000000,0,-79.49607244,-79.49607244,0.00000000,0.00000000,0.00000000,4.28771501,3.92090112,0.00000000,0,0,0,2,0,-0.03059709,-0.03051993,0.01928953,0.00000000,0.00000000,0.00000000,0.00000000,0.00000000,1.00000000,0.00000000,0.00000000,0,-1.38482363,-1.38482363,0.00000000,0.00000000,0.00000000,0.00000000,0.00000000,0.00000000,0
278453687,1,0,0,0,400,600,400,500,0,1,0,0,0,0,0,0,0,0.00000000,0.00000000,0.00000000,0.00000000,0.00000000,0.00000000,0,1,1,0,2,-0.03065430,-0.03057337,0.02023235,0.00000000,0.00000000,0.00000000,0.00000000,0.00000000,1.00000000,0.00000000,0.00000000,0,-79.49607244,-79.49607244,0.00000000,0.00000000,0.00000000,4.28771501,3.92090112,0.00000000,0,0,0,2,0,-0.03065430,-0.03057337,0.02023235,0.00000000,0.00000000,0.00000000,0.00000000,0.00000000,1.00000000,0.00000000,0.00000000,0,-1.38482363,-1.38482363,0.00000000,0.00000000,0.00000000,0.00000000,0.00000000,0.00000000,0
278453765,1,0,0,0,400,600,400,500,0,1,0,0,0,0,0,0,0,0.00000000,0.00000000,0.00000000,0.00000000,0.00000000,0.00000000,0,1,1,0,2,-0.03071132,-0.03062838,0.02073584,0.00000000,0.00000000,0.00000000,0.00000000,0.00000000,1.00000000,0.00000000,0.00000000,0,-79.49607244,-79.49607244,0.00000000,0.00000000,0.00000000,4.28771501,3.92090112,0.00000000,0,0,0,2,0,-0.03071132,-0.03062838,0.02073584,0.00000000,0.00000000,0.00000000,0.00000000,0.00000000,1.00000000,0.00000000,0.00000000,0,-1.38482363,-1.38482363,0.00000000,0.00000000,0.00000000,0.00000000,0.00000000,0.00000000,0
278453843,1,0,0,0,400,600,400,500,0,1,0,0,0,0,0,0,0,0.00000000,0.00000000,0.00000000,0.00000000,0.00000000,0.00000000,0,1,1,0,2,-0.03075411,-0.03067804,0.01901676,0.00000000,0.00000000,0.00000000,0.00000000,0.00000000,1.00000000,0.00000000,0.00000000,0,-79.49607244,-79.49607244,0.00000000,0.00000000,0.00000000,4.28771501,3.92090112,0.00000000,0,0,0,2,0,-0.03075411,-0.03067804,0.01901676,0.00000000,0.00000000,0.00000000,0.00000000,0.00000000,1.00000000,0.00000000,0.00000000,0,-1.38482363,-1.38482363,0.00000000,0.00000000,0.00000000,0.00000000,0.00000000,0.00000000,0
278453906,1,0,0,0,400,600,400,500,0,1,0,0,0,0,0,0,0,0.00000000,0.00000000,0.00000000,0.00000000,0.00000000,0.00000000,0,1,1,0,2,-0.03079688,-0.03072735,0.01738128,0.00000000,0.00000000,0.00000000,0.00000000,0.00000000,1.00000000,0.00000000,0.00000000,0,-79.49607244,-79.49607244,0.00000000,0.00000000,0.00000000,4.28771501,3.92090112,0.00000000,0,0,0,2,0,-0.03079688,-0.03072735,0.01738128,0.00000000,0.00000000,0.00000000,0.00000000,0.00000000,1.00000000,0.00000000,0.00000000,0,-1.38482363,-1.38482363,0.00000000,0.00000000,0.00000000,0.00000000,0.00000000,0.00000000,0
278454000,1,0,0,0,400,600,400,500,0,1,0,0,0,0,0,0,0,0.00000000,0.00000000,0.00000000,0.00000000,0.00000000,0.00000000,0,1,1,0,2,-0.03085390,-0.03077737,0.01913244,0.00000000,0.00000000,0.00000000,0.00000000,0.00000000,1.00000000,0.00000000,0.00000000,0,-79.49607244,-79.49607244,0.00000000,0.00000000,0.00000000,4.28771501,3.92090112,0.00000000,0,0,0,2,0,-0.03085390,-0.03077737,0.01913244,0.00000000,0.00000000,0.00000000,0.00000000,0.00000000,1.00000000,0.00000000,0.00000000,0,-1.38482363,-1.38482363,0.00000000,0.00000000,0.00000000,0.00000000,0.00000000,0.00000000,0
278454078,1,0,0,0,400,600,400,500,0,1,0,0,0,0,0,0,0,0.00000000,0.00000000,0.00000000,0.00000000,0.00000000,0.00000000,0,1,1,0,2,-0.03091058,-0.03083037,0.02005097,0.00000000,0.00000000,0.00000000,0.00000000,0.00000000,1.00000000,0.00000000,0.00000000,0,-79.49607244,-79.49607244,0.00000000,0.00000000,0.00000000,4.28771501,3.92090112,0.00000000,0,0,0,2,0,-0.03091058,-0.03083037,0.02005097,0.00000000,0.00000000,0.00000000,0.00000000,0.00000000,1.00000000,0.00000000,0.00000000,0,-1.38482363,-1.38482363,0.00000000,0.00000000,0.00000000,0.00000000,0.00000000,0.00000000,0
278454156,1,0,0,0,400,600,400,500,0,1,0,0,0,0,0,0,0,0.00000000,0.00000000,0.00000000,0.00000000,0.00000000,0.00000000,0,1,1,0,2,-0.03095372,-0.03087899,0.01868182,0.00000000,0.00000000,0.00000000,0.00000000,0.00000000,1.00000000,0.00000000,0.00000000,0,-79.49607244,-79.49607244,0.00000000,0.00000000,0.00000000,4.28771501,3.92090112,0.00000000,0,0,0,2,0,-0.03095372,-0.03087899,0.01868182,0.00000000,0.00000000,0.00000000,0.00000000,0.00000000,1.00000000,0.00000000,0.00000000,0,-1.38482363,-1.38482363,0.00000000,0.00000000,0.00000000,0.00000000,0.00000000,0.00000000,0
278454234,1,0,0,0,400,600,400,500,0,1,0,0,0,0,0,0,0,0.00000000,0.00000000,0.00000000,0.00000000,0.00000000,0.00000000,0,1,1,0,2,-0.03101046,-0.03093121,0.01981106,0.00000000,0.00000000,0.00000000,0.00000000,0.00000000,1.00000000,0.00000000,0.00000000,0,-79.49607244,-79.49607244,0.00000000,0.00000000,0.00000000,4.28771501,3.92090112,0.00000000,0,0,0,2,0,-0.03101046,-0.03093121,0.01981106,0.00000000,0.00000000,0.00000000,0.00000000,0.00000000,1.00000000,0.00000000,0.00000000,0,-1.38482363,-1.38482363,0.00000000,0.00000000,0.00000000,0.00000000,0.00000000,0.00000000,0
278454312,1,0,0,0,400,600,400,500,0,1,0,0,0,0,0,0,0,0.00000000,0.00000000,0.00000000,0.00000000,0.00000000,0.00000000,0,1,1,0,2,-0.03105352,-0.03097938,0.01853604,0.00000000,0.00000000,0.00000000,0.00000000,0.00000000,1.00000000,0.00000000,0.00000000,0,-79.49607244,-79.49607244,0.00000000,0.00000000,0.00000000,4.28771501,3.92090112,0.00000000,0,0,0,2,0,-0.03105352,-0.03097938,0.01853604,0.00000000,0.00000000,0.00000000,0.00000000,0.00000000,1.00000000,0.00000000,0.00000000,0,-1.38482363,-1.38482363,0.00000000,0.00000000,0.00000000,0.00000000,0.00000000,0.00000000,0
278454421,1,0,0,0,400,600,400,500,0,1,0,0,0,0,0,0,0,0.00000000,0.00000000,0.00000000,0.00000000,0.00000000,0.00000000,0,1,1,0,2,-0.03111055,-0.03103142,0.01978322,0.00000000,0.00000000,0.00000000,0.00000000,0.00000000,1.00000000,0.00000000,0.00000000,0,-79.49607244,-79.49607244,0.00000000,0.00000000,0.00000000,4.28771501,3.92090112,0.00000000,0,0,0,2,0,-0.03111055,-0.03103142,0.01978322,0.00000000,0.00000000,0.00000000,0.00000000,0.00000000,1.00000000,0.00000000,0.00000000,0,-1.38482363,-1.38482363,0.00000000,0.00000000,0.00000000,0.00000000,0.00000000,0.00000000,0
278454500,1,0,0,0,400,600,400,500,0,1,0,0,0,0,0,0,0,0.00000000,0.00000000,0.00000000,0.00000000,0.00000000,0.00000000,0,1,1,0,2,-0.03116758,-0.03108564,0.02048476,0.00000000,0.00000000,0.00000000,0.00000000,0.00000000,1.00000000,0.00000000,0.00000000,0,-79.49607244,-79.49607244,0.00000000,0.00000000,0.00000000,4.28771501,3.92090112,0.00000000,0,0,0,2,0,-0.03116758,-0.03108564,0.02048476,0.00000000,0.00000000,0.00000000,0.00000000,0.00000000,1.00000000,0.00000000,0.00000000,0,-1.38482363,-1.38482363,0.00000000,0.00000000,0.00000000,0.00000000,0.00000000,0.00000000,0
278454593,1,0,0,0,400,600,400,500,0,1,0,0,0,0,0,0,0,0.00000000,0.00000000,0.00000000,0.00000000,0.00000000,0.00000000,0,1,1,0,2,-0.03122461,-0.03114109,0.02087814,0.00000000,0.00000000,0.00000000,0.00000000,0.00000000,1.00000000,0.00000000,0.00000000,0,-79.49607244,-79.49607244,0.00000000,0.00000000,0.00000000,4.28771501,3.92090112,0.00000000,0,0,0,2,0,-0.03122461,-0.03114109,0.02087814,0.00000000,0.00000000,0.00000000,0.00000000,0.00000000,1.00000000,0.00000000,0.00000000,0,-1.38482363,-1.38482363,0.00000000,0.00000000,0.00000000,0.00000000,0.00000000,0.00000000,0
278454671,1,0,0,0,400,600,400,500,0,1,0,0,0,0,0,0,0,0.00000000,0.00000000,0.00000000,0.00000000,0.00000000,0.00000000,0,1,1,0,2,-0.03128164,-0.03119724,0.02110145,0.00000000,0.00000000,0.00000000,0.00000000,0.00000000,1.00000000,0.00000000,0.00000000,0,-79.49607244,-79.49607244,0.00000000,0.00000000,0.00000000,4.28771501,3.92090112,0.00000000,0,0,0,2,0,-0.03128164,-0.03119724,0.02110145,0.00000000,0.00000000,0.00000000,0.00000000,0.00000000,1.00000000,0.00000000,0.00000000,0,-1.38482363,-1.38482363,0.00000000,0.00000000,0.00000000,0.00000000,0.00000000,0.00000000,0
278454750,1,0,0,0,400,600,400,500,0,1,0,0,0,0,0,0,0,0.00000000,0.00000000,0.00000000,0.00000000,0.00000000,0.00000000,0,1,1,0,2,-0.03133868,-0.03125374,0.02123463,0.00000000,0.00000000,0.00000000,0.00000000,0.00000000,1.00000000,0.00000000,0.00000000,0,-79.49607244,-79.49607244,0.00000000,0.00000000,0.00000000,4.28771501,3.92090112,0.00000000,0,0,0,2,0,-0.03133868,-0.03125374,0.02123463,0.00000000,0.00000000,0.00000000,0.00000000,0.00000000,1.00000000,0.00000000,0.00000000,0,-1.38482363,-1.38482363,0.00000000,0.00000000,0.00000000,0.00000000,0.00000000,0.00000000,0
278454843,1,0,0,0,400,600,400,500,0,1,0,0,0,0,0,0,0,0.00000000,0.00000000,0.00000000,0.00000000,0.00000000,0.00000000,0,1,1,0,2,-0.03138145,-0.03130690,0.01863863,0.00000000,0.00000000,0.00000000,0.00000000,0.00000000,1.00000000,0.00000000,0.00000000,0,-79.49607244,-79.49607244,0.00000000,0.00000000,0.00000000,4.28771501,3.92090112,0.00000000,0,0,0,2,0,-0.03138145,-0.03130690,0.01863863,0.00000000,0.00000000,0.00000000,0.00000000,0.00000000,1.00000000,0.00000000,0.00000000,0,-1.38482363,-1.38482363,0.00000000,0.00000000,0.00000000,0.00000000,0.00000000,0.00000000,0
278454921,1,0,0,0,400,600,400,500,0,1,0,0,0,0,0,0,0,0.00000000,0.00000000,0.00000000,0.00000000,0.00000000,0.00000000,0,1,1,0,2,-0.03143848,-0.03135912,0.01984092,0.00000000,0.00000000,0.00000000,0.00000000,0.00000000,1.00000000,0.00000000,0.00000000,0,-79.49607244,-79.49607244,0.00000000,0.00000000,0.00000000,4.28771501,3.92090112,0.00000000,0,0,0,2,0,-0.03143848,-0.03135912,0.01984092,0.00000000,0.00000000,0.00000000,0.00000000,0.00000000,1.00000000,0.00000000,0.00000000,0,-1.38482363,-1.38482363,0.00000000,0.00000000,0.00000000,0.00000000,0.00000000,0.00000000,0
278455000,1,0,0,0,400,600,400,500,0,1,0,0,0,0,0,0,0,0.00000000,0.00000000,0.00000000,0.00000000,0.00000000,0.00000000,0,1,1,0,2,-0.03149551,-0.03141344,0.02051646,0.00000000,0.00000000,0.00000000,0.00000000,0.00000000,1.00000000,0.00000000,0.00000000,0,-79.49607244,-79.49607244,0.00000000,0.00000000,0.00000000,4.28771501,3.92090112,0.00000000,0,0,0,2,0,-0.03149551,-0.03141344,0.02051646,0.00000000,0.00000000,0.00000000,0.00000000,0.00000000,1.00000000,0.00000000,0.00000000,0,-1.38482363,-1.38482363,0.00000000,0.00000000,0.00000000,0.00000000,0.00000000,0.00000000,0
278455078,1,0,0,0,400,600,400,500,0,1,0,0,0,0,0,0,0,0.00000000,0.00000000,0.00000000,0.00000000,0.00000000,0.00000000,0,1,1,0,2,-0.03155246,-0.03146890,0.02088784,0.00000000,0.00000000,0.00000000,0.00000000,0.00000000,1.00000000,0.00000000,0.00000000,0,-79.49607244,-79.49607244,0.00000000,0.00000000,0.00000000,4.28771501,3.92090112,0.00000000,0,0,0,2,0,-0.03155246,-0.03146890,0.02088784,0.00000000,0.00000000,0.00000000,0.00000000,0.00000000,1.00000000,0.00000000,0.00000000,0,-1.38482363,-1.38482363,0.00000000,0.00000000,0.00000000,0.00000000,0.00000000,0.00000000,0
278455171,1,0,0,0,400,600,400,500,0,1,0,0,0,0,0,0,0,0.00000000,0.00000000,0.00000000,0.00000000,0.00000000,0.00000000,0,1,1,0,2,-0.03159532,-0.03151914,0.01904310,0.00000000,0.00000000,0.00000000,0.00000000,0.00000000,1.00000000,0.00000000,0.00000000,0,-79.49607244,-79.49607244,0.00000000,0.00000000,0.00000000,4.28771501,3.92090112,0.00000000,0,0,0,2,0,-0.03159532,-0.03151914,0.01904310,0.00000000,0.00000000,0.00000000,0.00000000,0.00000000,1.00000000,0.00000000,0.00000000,0,-1.38482363,-1.38482363,0.00000000,0.00000000,0.00000000,0.00000000,0.00000000,0.00000000,0
278455265,1,0,0,0,400,600,400,500,0,1,0,0,0,0,0,0,0,0.00000000,0.00000000,0.00000000,0.00000000,0.00000000,0.00000000,0,1,1,0,2,-0.03165235,-0.03157207,0.02006843,0.00000000,0.00000000,0.00000000,0.00000000,0.00000000,1.00000000,0.00000000,0.00000000,0,-79.49607244,-79.49607244,0.00000000,0.00000000,0.00000000,4.28771501,3.92090112,0.00000000,0,0,0,2,0,-0.03165235,-0.03157207,0.02006843,0.00000000,0.00000000,0.00000000,0.00000000,0.00000000,1.00000000,0.00000000,0.00000000,0,-1.38482363,-1.38482363,0.00000000,0.00000000,0.00000000,0.00000000,0.00000000,0.00000000,0
278455343,1,0,0,0,400,600,400,500,0,1,0,0,0,0,0,0,0,0.00000000,0.00000000,0.00000000,0.00000000,0.00000000,0.00000000,0,1,1,0,2,-0.03172289,-0.03163285,0.02251064,0.00000000,0.00000000,0.00000000,0.00000000,0.00000000,1.00000000,0.00000000,0.00000000,0,-79.49607244,-79.49607244,0.00000000,0.00000000,0.00000000,4.28771501,3.92090112,0.00000000,0,0,0,2,0,-0.03172289,-0.03163285,0.02251064,0.00000000,0.00000000,0.00000000,0.00000000,0.00000000,1.00000000,0.00000000,0.00000000,0,-1.38482363,-1.38482363,0.00000000,0.00000000,0.00000000,0.00000000,0.00000000,0.00000000,0
278455437,1,0,0,0,400,600,400,500,0,1,0,0,0,0,0,0,0,0.00000000,0.00000000,0.00000000,0.00000000,0.00000000,0.00000000,0,1,1,0,2,-0.03178065,-0.03169216,0.02212177,0.00000000,0.00000000,0.00000000,0.00000000,0.00000000,1.00000000,0.00000000,0.00000000,0,-79.49607244,-79.49607244,0.00000000,0.00000000,0.00000000,4.28771501,3.92090112,0.00000000,0,0,0,2,0,-0.03178065,-0.03169216,0.02212177,0.00000000,0.00000000,0.00000000,0.00000000,0.00000000,1.00000000,0.00000000,0.00000000,0,-1.38482363,-1.38482363,0.00000000,0.00000000,0.00000000,0.00000000,0.00000000,0.00000000,0
278455515,1,0,0,0,400,600,400,500,0,1,0,0,0,0,0,0,0,0.00000000,0.00000000,0.00000000,0.00000000,0.00000000,0.00000000,0,1,1,0,2,-0.03183770,-0.03175049,0.02180257,0.00000000,0.00000000,0.00000000,0.00000000,0.00000000,1.00000000,0.00000000,0.00000000,0,-79.49607244,-79.49607244,0.00000000,0.00000000,0.00000000,4.28771501,3.92090112,0.00000000,0,0,0,2,0,-0.03183770,-0.03175049,0.02180257,0.00000000,0.00000000,0.00000000,0.00000000,0.00000000,1.00000000,0.00000000,0.00000000,0,-1.38482363,-1.38482363,0.00000000,0.00000000,0.00000000,0.00000000,0.00000000,0.00000000,0
278455609,1,0,0,0,400,600,400,500,0,1,0,0,0,0,0,0,0,0.00000000,0.00000000,0.00000000,0.00000000,0.00000000,0.00000000,0,1,1,0,2,-0.03189473,-0.03180825,0.02162064,0.00000000,0.00000000,0.00000000,0.00000000,0.00000000,1.00000000,0.00000000,0.00000000,0,-79.49607244,-79.49607244,0.00000000,0.00000000,0.00000000,4.28771501,3.92090112,0.00000000,0,0,0,2,0,-0.03189473,-0.03180825,0.02162064,0.00000000,0.00000000,0.00000000,0.00000000,0.00000000,1.00000000,0.00000000,0.00000000,0,-1.38482363,-1.38482363,0.00000000,0.00000000,0.00000000,0.00000000,0.00000000,0.00000000,0
278455703,1,0,0,0,400,600,400,500,0,1,0,0,0,0,0,0,0,0.00000000,0.00000000,0.00000000,0.00000000,0.00000000,0.00000000,0,1,1,0,2,-0.03195176,-0.03186302,0.02218664,0.00000000,0.00000000,0.00000000,0.00000000,0.00000000,1.00000000,0.00000000,0.00000000,0,-79.49607244,-79.49607244,0.00000000,0.00000000,0.00000000,4.28771501,3.92090112,0.00000000,0,0,0,2,0,-0.03195176,-0.03186302,0.02218664,0.00000000,0.00000000,0.00000000,0.00000000,0.00000000,1.00000000,0.00000000,0.00000000,0,-1.38482363,-1.38482363,0.00000000,0.00000000,0.00000000,0.00000000,0.00000000,0.00000000,0
278455781,1,0,0,0,400,600,400,500,0,1,0,0,0,0,0,0,0,0.00000000,0.00000000,0.00000000,0.00000000,0.00000000,0.00000000,0,1,1,0,2,-0.03202300,-0.03192767,0.02383150,0.00000000,0.00000000,0.00000000,0.00000000,0.00000000,1.00000000,0.00000000,0.00000000,0,-79.49607244,-79.49607244,0.00000000,0.00000000,0.00000000,4.28771501,3.92090112,0.00000000,0,0,0,2,0,-0.03202300,-0.03192767,0.02383150,0.00000000,0.00000000,0.00000000,0.00000000,0.00000000,1.00000000,0.00000000,0.00000000,0,-1.38482363,-1.38482363,0.00000000,0.00000000,0.00000000,0.00000000,0.00000000,0.00000000,0
278455859,1,0,0,0,400,600,400,500,0,1,0,0,0,0,0,0,0,0.00000000,0.00000000,0.00000000,0.00000000,0.00000000,0.00000000,0,1,1,0,2,-0.03207994,-0.03198893,0.02275146,0.00000000,0.00000000,0.00000000,0.00000000,0.00000000,1.00000000,0.00000000,0.00000000,0,-79.49607244,-79.49607244,0.00000000,0.00000000,0.00000000,4.28771501,3.92090112,0.00000000,0,0,0,2,0,-0.03207994,-0.03198893,0.02275146,0.00000000,0.00000000,0.00000000,0.00000000,0.00000000,1.00000000,0.00000000,0.00000000,0,-1.38482363,-1.38482363,0.00000000,0.00000000,0.00000000,0.00000000,0.00000000,0.00000000,0
278455953,1,0,0,0,400,600,400,500,0,1,0,0,0,0,0,0,0,0.00000000,0.00000000,0.00000000,0.00000000,0.00000000,0.00000000,0,1,1,0,2,-0.03213703,-0.03204835,0.02216846,0.00000000,0.00000000,0.00000000,0.00000000,0.00000000,1.00000000,0.00000000,0.00000000,0,-79.49607244,-79.49607244,0.00000000,0.00000000,0.00000000,4.28771501,3.92090112,0.00000000,0,0,0,2,0,-0.03213703,-0.03204835,0.02216846,0.00000000,0.00000000,0.00000000,0.00000000,0.00000000,1.00000000,0.00000000,0.00000000,0,-1.38482363,-1.38482363,0.00000000,0.00000000,0.00000000,0.00000000,0.00000000,0.00000000,0
278456031,1,0,0,0,400,600,400,500,0,1,0,0,0,0,0,0,0,0.00000000,0.00000000,0.00000000,0.00000000,0.00000000,0.00000000,0,1,1,0,2,-0.03219340,-0.03210659,0.02170252,0.00000000,0.00000000,0.00000000,0.00000000,0.00000000,1.00000000,0.00000000,0.00000000,0,-79.49607244,-79.49607244,0.00000000,0.00000000,0.00000000,4.28771501,3.92090112,0.00000000,0,0,0,2,0,-0.03219340,-0.03210659,0.02170252,0.00000000,0.00000000,0.00000000,0.00000000,0.00000000,1.00000000,0.00000000,0.00000000,0,-1.38482363,-1.38482363,0.00000000,0.00000000,0.00000000,0.00000000,0.00000000,0.00000000,0
278456140,1,0,0,0,400,600,400,500,0,1,0,0,0,0,0,0,0,0.00000000,0.00000000,0.00000000,0.00000000,0.00000000,0.00000000,0,1,1,0,2,-0.03225089,-0.03216204,0.02221281,0.00000000,0.00000000,0.00000000,0.00000000,0.00000000,1.00000000,0.00000000,0.00000000,0,-79.49607244,-79.49607244,0.00000000,0.00000000,0.00000000,4.28771501,3.92090112,0.00000000,0,0,0,2,0,-0.03225089,-0.03216204,0.02221281,0.00000000,0.00000000,0.00000000,0.00000000,0.00000000,1.00000000,0.00000000,0.00000000,0,-1.38482363,-1.38482363,0.00000000,0.00000000,0.00000000,0.00000000,0.00000000,0.00000000,0
278456218,1,0,0,0,400,600,400,500,0,1,0,0,0,0,0,0,0,0.00000000,0.00000000,0.00000000,0.00000000,0.00000000,0.00000000,0,1,1,0,2,-0.03231620,-0.03222530,0.02272399,0.00000000,0.00000000,0.00000000,0.00000000,0.00000000,1.00000000,0.00000000,0.00000000,0,-79.49607244,-79.49607244,0.00000000,0.00000000,0.00000000,4.28771501,3.92090112,0.00000000,0,0,0,2,0,-0.03231620,-0.03222530,0.02272399,0.00000000,0.00000000,0.00000000,0.00000000,0.00000000,1.00000000,0.00000000,0.00000000,0,-1.38482363,-1.38482363,0.00000000,0.00000000,0.00000000,0.00000000,0.00000000,0.00000000,0
278456296,1,0,0,0,400,600,400,500,0,1,0,0,0,0,0,0,0,0.00000000,0.00000000,0.00000000,0.00000000,0.00000000,0.00000000,0,1,1,0,2,-0.03237935,-0.03228720,0.02303826,0.00000000,0.00000000,0.00000000,0.00000000,0.00000000,1.00000000,0.00000000,0.00000000,0,-79.49607244,-79.49607244,0.00000000,0.00000000,0.00000000,4.28771501,3.92090112,0.00000000,0,0,0,2,0,-0.03237935,-0.03228720,0.02303826,0.00000000,0.00000000,0.00000000,0.00000000,0.00000000,1.00000000,0.00000000,0.00000000,0,-1.38482363,-1.38482363,0.00000000,0.00000000,0.00000000,0.00000000,0.00000000,0.00000000,0
278456390,1,0,0,0,400,600,400,500,0,1,0,0,0,0,0,0,0,0.00000000,0.00000000,0.00000000,0.00000000,0.00000000,0.00000000,0,1,1,0,2,-0.03243653,-0.03234705,0.02237045,0.00000000,0.00000000,0.00000000,0.00000000,0.00000000,1.00000000,0.00000000,0.00000000,0,-79.49607244,-79.49607244,0.00000000,0.00000000,0.00000000,4.28771501,3.92090112,0.00000000,0,0,0,2,0,-0.03243653,-0.03234705,0.02237045,0.00000000,0.00000000,0.00000000,0.00000000,0.00000000,1.00000000,0.00000000,0.00000000,0,-1.38482363,-1.38482363,0.00000000,0.00000000,0.00000000,0.00000000,0.00000000,0.00000000,0
278456484,1,0,0,0,400,600,400,500,0,1,0,0,0,0,0,0,0,0.00000000,0.00000000,0.00000000,0.00000000,0.00000000,0.00000000,0,1,1,0,2,-0.03249356,-0.03240580,0.02194018,0.00000000,0.00000000,0.00000000,0.00000000,0.00000000,1.00000000,0.00000000,0.00000000,0,-79.49607244,-79.49607244,0.00000000,0.00000000,0.00000000,4.28771501,3.92090112,0.00000000,0,0,0,2,0,-0.03249356,-0.03240580,0.02194018,0.00000000,0.00000000,0.00000000,0.00000000,0.00000000,1.00000000,0.00000000,0.00000000,0,-1.38482363,-1.38482363,0.00000000,0.00000000,0.00000000,0.00000000,0.00000000,0.00000000,0
278456562,1,0,0,0,400,600,400,500,0,1,0,0,0,0,0,0,0,0.00000000,0.00000000,0.00000000,0.00000000,0.00000000,0.00000000,0,1,1,0,2,-0.03256482,-0.03247002,0.02370001,0.00000000,0.00000000,0.00000000,0.00000000,0.00000000,1.00000000,0.00000000,0.00000000,0,-79.49607244,-79.49607244,0.00000000,0.00000000,0.00000000,4.28771501,3.92090112,0.00000000,0,0,0,2,0,-0.03256482,-0.03247002,0.02370001,0.00000000,0.00000000,0.00000000,0.00000000,0.00000000,1.00000000,0.00000000,0.00000000,0,-1.38482363,-1.38482363,0.00000000,0.00000000,0.00000000,0.00000000,0.00000000,0.00000000,0
278456640,1,0,0,0,400,600,400,500,0,1,0,0,0,0,0,0,0,0.00000000,0.00000000,0.00000000,0.00000000,0.00000000,0.00000000,0,1,1,0,2,-0.03262188,-0.03253111,0.02269185,0.00000000,0.00000000,0.00000000,0.00000000,0.00000000,1.00000000,0.00000000,0.00000000,0,-79.49607244,-79.49607244,0.00000000,0.00000000,0.00000000,4.28771501,3.92090112,0.00000000,0,0,0,2,0,-0.03262188,-0.03253111,0.02269185,0.00000000,0.00000000,0.00000000,0.00000000,0.00000000,1.00000000,0.00000000,0.00000000,0,-1.38482363,-1.38482363,0.00000000,0.00000000,0.00000000,0.00000000,0.00000000,0.00000000,0
278456718,1,0,0,0,400,600,400,500,0,1,0,0,0,0,0,0,0,0.00000000,0.00000000,0.00000000,0.00000000,0.00000000,0.00000000,0,1,1,0,2,-0.03269294,-0.03259393,0.02475144,0.00000000,0.00000000,0.00000000,0.00000000,0.00000000,1.00000000,0.00000000,0.00000000,0,-79.49607244,-79.49607244,0.00000000,0.00000000,0.00000000,4.28771501,3.92090112,0.00000000,0,0,0,2,0,-0.03269294,-0.03259393,0.02475144,0.00000000,0.00000000,0.00000000,0.00000000,0.00000000,1.00000000,0.00000000,0.00000000,0,-1.38482363,-1.38482363,0.00000000,0.00000000,0.00000000,0.00000000,0.00000000,0.00000000,0
278456812,1,0,0,0,400,600,400,500,0,1,0,0,0,0,0,0,0,0.00000000,0.00000000,0.00000000,0.00000000,0.00000000,0.00000000,0,1,1,0,2,-0.03275002,-0.03265424,0.02394603,0.00000000,0.00000000,0.00000000,0.00000000,0.00000000,1.00000000,0.00000000,0.00000000,0,-79.49607244,-79.49607244,0.00000000,0.00000000,0.00000000,4.28771501,3.92090112,0.00000000,0,0,0,2,0,-0.03275002,-0.03265424,0.02394603,0.00000000,0.00000000,0.00000000,0.00000000,0.00000000,1.00000000,0.00000000,0.00000000,0,-1.38482363,-1.38482363,0.00000000,0.00000000,0.00000000,0.00000000,0.00000000,0.00000000,0
278456890,1,0,0,0,400,600,400,500,0,1,0,0,0,0,0,0,0,0.00000000,0.00000000,0.00000000,0.00000000,0.00000000,0.00000000,0,1,1,0,2,-0.03280723,-0.03271582,0.02285170,0.00000000,0.00000000,0.00000000,0.00000000,0.00000000,1.00000000,0.00000000,0.00000000,0,-79.49607244,-79.49607244,0.00000000,0.00000000,0.00000000,4.28771501,3.92090112,0.00000000,0,0,0,2,0,-0.03280723,-0.03271582,0.02285170,0.00000000,0.00000000,0.00000000,0.00000000,0.00000000,1.00000000,0.00000000,0.00000000,0,-1.38482363,-1.38482363,0.00000000,0.00000000,0.00000000,0.00000000,0.00000000,0.00000000,0
278456984,1,0,0,0,400,600,400,500,0,1,0,0,0,0,0,0,0,0.00000000,0.00000000,0.00000000,0.00000000,0.00000000,0.00000000,0,1,1,0,2,-0.03286426,-0.03277542,0.02221077,0.00000000,0.00000000,0.00000000,0.00000000,0.00000000,1.00000000,0.00000000,0.00000000,0,-79.49607244,-79.49607244,0.00000000,0.00000000,0.00000000,4.28771501,3.92090112,0.00000000,0,0,0,2,0,-0.03286426,-0.03277542,0.02221077,0.00000000,0.00000000,0.00000000,0.00000000,0.00000000,1.00000000,0.00000000,0.00000000,0,-1.38482363,-1.38482363,0.00000000,0.00000000,0.00000000,0.00000000,0.00000000,0.00000000,0
278457078,1,0,0,0,400,600,400,500,0,1,0,0,0,0,0,0,0,0.00000000,0.00000000,0.00000000,0.00000000,0.00000000,0.00000000,0,1,1,0,2,-0.03294980,-0.03284579,0.02600277,0.00000000,0.00000000,0.00000000,0.00000000,0.00000000,1.00000000,0.00000000,0.00000000,0,-79.49607244,-79.49607244,0.00000000,0.00000000,0.00000000,4.28771501,3.92090112,0.00000000,0,0,0,2,0,-0.03294980,-0.03284579,0.02600277,0.00000000,0.00000000,0.00000000,0.00000000,0.00000000,1.00000000,0.00000000,0.00000000,0,-1.38482363,-1.38482363,0.00000000,0.00000000,0.00000000,0.00000000,0.00000000,0.00000000,0
278457156,1,0,0,0,400,600,400,500,0,1,0,0,0,0,0,0,0,0.00000000,0.00000000,0.00000000,0.00000000,0.00000000,0.00000000,0,1,1,0,2,-0.03302063,-0.03291435,0.02657109,0.00000000,0.00000000,0.00000000,0.00000000,0.00000000,1.00000000,0.00000000,0.00000000,0,-79.49607244,-79.49607244,0.00000000,0.00000000,0.00000000,4.28771501,3.92090112,0.00000000,0,0,0,2,0,-0.03302063,-0.03291435,0.02657109,0.00000000,0.00000000,0.00000000,0.00000000,0.00000000,1.00000000,0.00000000,0.00000000,0,-1.38482363,-1.38482363,0.00000000,0.00000000,0.00000000,0.00000000,0.00000000,0.00000000,0
278457250,1,0,0,0,400,600,400,500,0,1,0,0,0,0,0,0,0,0.00000000,0.00000000,0.00000000,0.00000000,0.00000000,0.00000000,0,1,1,0,2,-0.03308996,-0.03298361,0.02658542,0.00000000,0.00000000,0.00000000,0.00000000,0.00000000,1.00000000,0.00000000,0.00000000,0,-79.49607244,-79.49607244,0.00000000,0.00000000,0.00000000,4.28771501,3.92090112,0.00000000,0,0,0,2,0,-0.03308996,-0.03298361,0.02658542,0.00000000,0.00000000,0.00000000,0.00000000,0.00000000,1.00000000,0.00000000,0.00000000,0,-1.38482363,-1.38482363,0.00000000,0.00000000,0.00000000,0.00000000,0.00000000,0.00000000,0
278457328,1,0,0,0,400,600,400,500,0,1,0,0,0,0,0,0,0,0.00000000,0.00000000,0.00000000,0.00000000,0.00000000,0.00000000,0,1,1,0,2,-0.03314942,-0.03305079,0.02465673,0.00000000,0.00000000,0.00000000,0.00000000,0.00000000,1.00000000,0.00000000,0.00000000,0,-79.49607244,-79.49607244,0.00000000,0.00000000,0.00000000,4.28771501,3.92090112,0.00000000,0,0,0,2,0,-0.03314942,-0.03305079,0.02465673,0.00000000,0.00000000,0.00000000,0.00000000,0.00000000,1.00000000,0.00000000,0.00000000,0,-1.38482363,-1.38482363,0.00000000,0.00000000,0.00000000,0.00000000,0.00000000,0.00000000,0
278457406,1,0,0,0,400,600,400,500,0,1,0,0,0,0,0,0,0,0.00000000,0.00000000,0.00000000,0.00000000,0.00000000,0.00000000,0,1,1,0,2,-0.03320645,-0.03311354,0.02322646,0.00000000,0.00000000,0.00000000,0.00000000,0.00000000,1.00000000,0.00000000,0.00000000,0,-79.49607244,-79.49607244,0.00000000,0.00000000,0.00000000,4.28771501,3.92090112,0.00000000,0,0,0,2,0,-0.03320645,-0.03311354,0.02322646,0.00000000,0.00000000,0.00000000,0.00000000,0.00000000,1.00000000,0.00000000,0.00000000,0,-1.38482363,-1.38482363,0.00000000,0.00000000,0.00000000,0.00000000,0.00000000,0.00000000,0
278457500,1,0,0,0,400,600,400,500,0,1,0,0,0,0,0,0,0,0.00000000,0.00000000,0.00000000,0.00000000,0.00000000,0.00000000,0,1,1,0,2,-0.03327774,-0.03318003,0.02442683,0.00000000,0.00000000,0.00000000,0.00000000,0.00000000,1.00000000,0.00000000,0.00000000,0,-79.49607244,-79.49607244,0.00000000,0.00000000,0.00000000,4.28771501,3.92090112,0.00000000,0,0,0,2,0,-0.03327774,-0.03318003,0.02442683,0.00000000,0.00000000,0.00000000,0.00000000,0.00000000,1.00000000,0.00000000,0.00000000,0,-1.38482363,-1.38482363,0.00000000,0.00000000,0.00000000,0.00000000,0.00000000,0.00000000,0
278457578,1,0,0,0,400,600,400,500,0,1,0,0,0,0,0,0,0,0.00000000,0.00000000,0.00000000,0.00000000,0.00000000,0.00000000,0,1,1,0,2,-0.03334903,-0.03324853,0.02512370,0.00000000,0.00000000,0.00000000,0.00000000,0.00000000,1.00000000,0.00000000,0.00000000,0,-79.49607244,-79.49607244,0.00000000,0.00000000,0.00000000,4.28771501,3.92090112,0.00000000,0,0,0,2,0,-0.03334903,-0.03324853,0.02512370,0.00000000,0.00000000,0.00000000,0.00000000,0.00000000,1.00000000,0.00000000,0.00000000,0,-1.38482363,-1.38482363,0.00000000,0.00000000,0.00000000,0.00000000,0.00000000,0.00000000,0
278457671,1,0,0,0,400,600,400,500,0,1,0,0,0,0,0,0,0,0.00000000,0.00000000,0.00000000,0.00000000,0.00000000,0.00000000,0,1,1,0,2,-0.03342009,-0.03331561,0.02611944,0.00000000,0.00000000,0.00000000,0.00000000,0.00000000,1.00000000,0.00000000,0.00000000,0,-79.49607244,-79.49607244,0.00000000,0.00000000,0.00000000,4.28771501,3.92090112,0.00000000,0,0,0,2,0,-0.03342009,-0.03331561,0.02611944,0.00000000,0.00000000,0.00000000,0.00000000,0.00000000,1.00000000,0.00000000,0.00000000,0,-1.38482363,-1.38482363,0.00000000,0.00000000,0.00000000,0.00000000,0.00000000,0.00000000,0
278457765,1,0,0,0,400,600,400,500,0,1,0,0,0,0,0,0,0,0.00000000,0.00000000,0.00000000,0.00000000,0.00000000,0.00000000,0,1,1,0,2,-0.03347735,-0.03338102,0.02408100,0.00000000,0.00000000,0.00000000,0.00000000,0.00000000,1.00000000,0.00000000,0.00000000,0,-79.49607244,-79.49607244,0.00000000,0.00000000,0.00000000,4.28771501,3.92090112,0.00000000,0,0,0,2,0,-0.03347735,-0.03338102,0.02408100,0.00000000,0.00000000,0.00000000,0.00000000,0.00000000,1.00000000,0.00000000,0.00000000,0,-1.38482363,-1.38482363,0.00000000,0.00000000,0.00000000,0.00000000,0.00000000,0.00000000,0
278457859,1,0,0,0,400,600,400,500,0,1,0,0,0,0,0,0,0,0.00000000,0.00000000,0.00000000,0.00000000,0.00000000,0.00000000,0,1,1,0,2,-0.03354864,-0.03344900,0.02490928,0.00000000,0.00000000,0.00000000,0.00000000,0.00000000,1.00000000,0.00000000,0.00000000,0,-79.49607244,-79.49607244,0.00000000,0.00000000,0.00000000,4.28771501,3.92090112,0.00000000,0,0,0,2,0,-0.03354864,-0.03344900,0.02490928,0.00000000,0.00000000,0.00000000,0.00000000,0.00000000,1.00000000,0.00000000,0.00000000,0,-1.38482363,-1.38482363,0.00000000,0.00000000,0.00000000,0.00000000,0.00000000,0.00000000,0
278457953,1,0,0,0,400,600,400,500,0,1,0,0,0,0,0,0,0,0.00000000,0.00000000,0.00000000,0.00000000,0.00000000,0.00000000,0,1,1,0,2,-0.03361993,-0.03351843,0.02537318,0.00000000,0.00000000,0.00000000,0.00000000,0.00000000,1.00000000,0.00000000,0.00000000,0,-79.49607244,-79.49607244,0.00000000,0.00000000,0.00000000,4.28771501,3.92090112,0.00000000,0,0,0,2,0,-0.03361993,-0.03351843,0.02537318,0.00000000,0.00000000,0.00000000,0.00000000,0.00000000,1.00000000,0.00000000,0.00000000,0,-1.38482363,-1.38482363,0.00000000,0.00000000,0.00000000,0.00000000,0.00000000,0.00000000,0
278458046,1,0,0,0,400,600,400,500,0,1,0,0,0,0,0,0,0,0.00000000,0.00000000,0.00000000,0.00000000,0.00000000,0.00000000,0,1,1,0,2,-0.03369122,-0.03358832,0.02572409,0.00000000,0.00000000,0.00000000,0.00000000,0.00000000,1.00000000,0.00000000,0.00000000,0,-79.49607244,-79.49607244,0.00000000,0.00000000,0.00000000,4.28771501,3.92090112,0.00000000,0,0,0,2,0,-0.03369122,-0.03358832,0.02572409,0.00000000,0.00000000,0.00000000,0.00000000,0.00000000,1.00000000,0.00000000,0.00000000,0,-1.38482363,-1.38482363,0.00000000,0.00000000,0.00000000,0.00000000,0.00000000,0.00000000,0
278458125,1,0,0,0,400,600,400,500,0,1,0,0,0,0,0,0,0,0.00000000,0.00000000,0.00000000,0.00000000,0.00000000,0.00000000,0,1,1,0,2,-0.03376250,-0.03365916,0.02583652,0.00000000,0.00000000,0.00000000,0.00000000,0.00000000,1.00000000,0.00000000,0.00000000,0,-79.49607244,-79.49607244,0.00000000,0.00000000,0.00000000,4.28771501,3.92090112,0.00000000,0,0,0,2,0,-0.03376250,-0.03365916,0.02583652,0.00000000,0.00000000,0.00000000,0.00000000,0.00000000,1.00000000,0.00000000,0.00000000,0,-1.38482363,-1.38482363,0.00000000,0.00000000,0.00000000,0.00000000,0.00000000,0.00000000,0
278458203,1,0,0,0,400,600,400,500,0,1,0,0,0,0,0,0,0,0.00000000,0.00000000,0.00000000,0.00000000,0.00000000,0.00000000,0,1,1,0,2,-0.03381954,-0.03372398,0.02388996,0.00000000,0.00000000,0.00000000,0.00000000,0.00000000,1.00000000,0.00000000,0.00000000,0,-79.49607244,-79.49607244,0.00000000,0.00000000,0.00000000,4.28771501,3.92090112,0.00000000,0,0,0,2,0,-0.03381954,-0.03372398,0.02388996,0.00000000,0.00000000,0.00000000,0.00000000,0.00000000,1.00000000,0.00000000,0.00000000,0,-1.38482363,-1.38482363,0.00000000,0.00000000,0.00000000,0.00000000,0.00000000,0.00000000,0
278458296,1,0,0,0,400,600,400,500,0,1,0,0,0,0,0,0,0,0.00000000,0.00000000,0.00000000,0.00000000,0.00000000,0.00000000,0,1,1,0,2,-0.03388891,-0.03378847,0.02510819,0.00000000,0.00000000,0.00000000,0.00000000,0.00000000,1.00000000,0.00000000,0.00000000,0,-79.49607244,-79.49607244,0.00000000,0.00000000,0.00000000,4.28771501,3.92090112,0.00000000,0,0,0,2,0,-0.03388891,-0.03378847,0.02510819,0.00000000,0.00000000,0.00000000,0.00000000,0.00000000,1.00000000,0.00000000,0.00000000,0,-1.38482363,-1.38482363,0.00000000,0.00000000,0.00000000,0.00000000,0.00000000,0.00000000,0
278458375,1,0,0,0,400,600,400,500,0,1,0,0,0,0,0,0,0,0.00000000,0.00000000,0.00000000,0.00000000,0.00000000,0.00000000,0,1,1,0,2,-0.03396211,-0.03385907,0.02576138,0.00000000,0.00000000,0.00000000,0.00000000,0.00000000,1.00000000,0.00000000,0.00000000,0,-79.49607244,-79.49607244,0.00000000,0.00000000,0.00000000,4.28771501,3.92090112,0.00000000,0,0,0,2,0,-0.03396211,-0.03385907,0.02576138,0.00000000,0.00000000,0.00000000,0.00000000,0.00000000,1.00000000,0.00000000,0.00000000,0,-1.38482363,-1.38482363,0.00000000,0.00000000,0.00000000,0.00000000,0.00000000,0.00000000,0
278458468,1,0,0,0,400,600,400,500,0,1,0,0,0,0,0,0,0,0.00000000,0.00000000,0.00000000,0.00000000,0.00000000,0.00000000,0,1,1,0,2,-0.03402950,-0.03392634,0.02578878,0.00000000,0.00000000,0.00000000,0.00000000,0.00000000,1.00000000,0.00000000,0.00000000,0,-79.49607244,-79.49607244,0.00000000,0.00000000,0.00000000,4.28771501,3.92090112,0.00000000,0,0,0,2,0,-0.03402950,-0.03392634,0.02578878,0.00000000,0.00000000,0.00000000,0.00000000,0.00000000,1.00000000,0.00000000,0.00000000,0,-1.38482363,-1.38482363,0.00000000,0.00000000,0.00000000,0.00000000,0.00000000,0.00000000,0
278458562,1,0,0,0,400,600,400,500,0,1,0,0,0,0,0,0,0,0.00000000,0.00000000,0.00000000,0.00000000,0.00000000,0.00000000,0,1,1,0,2,-0.03410395,-0.03399616,0.02694576,0.00000000,0.00000000,0.00000000,0.00000000,0.00000000,1.00000000,0.00000000,0.00000000,0,-79.49607244,-79.49607244,0.00000000,0.00000000,0.00000000,4.28771501,3.92090112,0.00000000,0,0,0,2,0,-0.03410395,-0.03399616,0.02694576,0.00000000,0.00000000,0.00000000,0.00000000,0.00000000,1.00000000,0.00000000,0.00000000,0,-1.38482363,-1.38482363,0.00000000,0.00000000,0.00000000,0.00000000,0.00000000,0.00000000,0
278458640,1,0,0,0,400,600,400,500,0,1,0,0,0,0,0,0,0,0.00000000,0.00000000,0.00000000,0.00000000,0.00000000,0.00000000,0,1,1,0,2,-0.03416172,-0.03406325,0.02461842,0.00000000,0.00000000,0.00000000,0.00000000,0.00000000,1.00000000,0.00000000,0.00000000,0,-79.49607244,-79.49607244,0.00000000,0.00000000,0.00000000,4.28771501,3.92090112,0.00000000,0,0,0,2,0,-0.03416172,-0.03406325,0.02461842,0.00000000,0.00000000,0.00000000,0.00000000,0.00000000,1.00000000,0.00000000,0.00000000,0,-1.38482363,-1.38482363,0.00000000,0.00000000,0.00000000,0.00000000,0.00000000,0.00000000,0
278458750,1,0,0,0,400,600,400,500,0,1,0,0,0,0,0,0,0,0.00000000,0.00000000,0.00000000,0.00000000,0.00000000,0.00000000,0,1,1,0,2,-0.03423301,-0.03413217,0.02520971,0.00000000,0.00000000,0.00000000,0.00000000,0.00000000,1.00000000,0.00000000,0.00000000,0,-79.49607244,-79.49607244,0.00000000,0.00000000,0.00000000,4.28771501,3.92090112,0.00000000,0,0,0,2,0,-0.03423301,-0.03413217,0.02520971,0.00000000,0.00000000,0.00000000,0.00000000,0.00000000,1.00000000,0.00000000,0.00000000,0,-1.38482363,-1.38482363,0.00000000,0.00000000,0.00000000,0.00000000,0.00000000,0.00000000,0
278458843,1,0,0,0,400,600,400,500,0,1,0,0,0,0,0,0,0,0.00000000,0.00000000,0.00000000,0.00000000,0.00000000,0.00000000,0,1,1,0,2,-0.03431856,-0.03420648,0.02801856,0.00000000,0.00000000,0.00000000,0.00000000,0.00000000,1.00000000,0.00000000,0.00000000,0,-79.49607244,-79.49607244,0.00000000,0.00000000,0.00000000,4.28771501,3.92090112,0.00000000,0,0,0,2,0,-0.03431856,-0.03420648,0.02801856,0.00000000,0.00000000,0.00000000,0.00000000,0.00000000,1.00000000,0.00000000,0.00000000,0,-1.38482363,-1.38482363,0.00000000,0.00000000,0.00000000,0.00000000,0.00000000,0.00000000,0
278458937,1,0,0,0,400,600,400,500,0,1,0,0,0,0,0,0,0,0.00000000,0.00000000,0.00000000,0.00000000,0.00000000,0.00000000,0,1,1,0,2,-0.03438890,-0.03427845,0.02761389,0.00000000,0.00000000,0.00000000,0.00000000,0.00000000,1.00000000,0.00000000,0.00000000,0,-79.49607244,-79.49607244,0.00000000,0.00000000,0.00000000,4.28771501,3.92090112,0.00000000,0,0,0,2,0,-0.03438890,-0.03427845,0.02761389,0.00000000,0.00000000,0.00000000,0.00000000,0.00000000,1.00000000,0.00000000,0.00000000,0,-1.38482363,-1.38482363,0.00000000,0.00000000,0.00000000,0.00000000,0.00000000,0.00000000,0
278459015,1,0,0,0,400,600,400,500,0,1,0,0,0,0,0,0,0,0.00000000,0.00000000,0.00000000,0.00000000,0.00000000,0.00000000,0,1,1,0,2,-0.03444688,-0.03434679,0.02502224,0.00000000,0.00000000,0.00000000,0.00000000,0.00000000,1.00000000,0.00000000,0.00000000,0,-79.49607244,-79.49607244,0.00000000,0.00000000,0.00000000,4.28771501,3.92090112,0.00000000,0,0,0,2,0,-0.03444688,-0.03434679,0.02502224,0.00000000,0.00000000,0.00000000,0.00000000,0.00000000,1.00000000,0.00000000,0.00000000,0,-1.38482363,-1.38482363,0.00000000,0.00000000,0.00000000,0.00000000,0.00000000,0.00000000,0
278459109,1,0,0,0,400,600,400,500,0,1,0,0,0,0,0,0,0,0.00000000,0.00000000,0.00000000,0.00000000,0.00000000,0.00000000,0,1,1,0,2,-0.03451817,-0.03441642,0.02543713,0.00000000,0.00000000,0.00000000,0.00000000,0.00000000,1.00000000,0.00000000,0.00000000,0,-79.49607244,-79.49607244,0.00000000,0.00000000,0.00000000,4.28771501,3.92090112,0.00000000,0,0,0,2,0,-0.03451817,-0.03441642,0.02543713,0.00000000,0.00000000,0.00000000,0.00000000,0.00000000,1.00000000,0.00000000,0.00000000,0,-1.38482363,-1.38482363,0.00000000,0.00000000,0.00000000,0.00000000,0.00000000,0.00000000,0
278459203,1,0,0,0,400,600,400,500,0,1,0,0,0,0,0,0,0,0.00000000,0.00000000,0.00000000,0.00000000,0.00000000,0.00000000,0,1,1,0,2,-0.03458319,-0.03448254,0.02516284,0.00000000,0.00000000,0.00000000,0.00000000,0.00000000,1.00000000,0.00000000,0.00000000,0,-79.49607244,-79.49607244,0.00000000,0.00000000,0.00000000,4.28771501,3.92090112,0.00000000,0,0,0,2,0,-0.03458319,-0.03448254,0.02516284,0.00000000,0.00000000,0.00000000,0.00000000,0.00000000,1.00000000,0.00000000,0.00000000,0,-1.38482363,-1.38482363,0.00000000,0.00000000,0.00000000,0.00000000,0.00000000,0.00000000,0
278459281,1,0,0,0,400,600,400,500,0,1,0,0,0,0,0,0,0,0.00000000,0.00000000,0.00000000,0.00000000,0.00000000,0.00000000,0,1,1,0,2,-0.03464649,-0.03454892,0.02439273,0.00000000,0.00000000,0.00000000,0.00000000,0.00000000,1.00000000,0.00000000,0.00000000,0,-79.49607244,-79.49607244,0.00000000,0.00000000,0.00000000,4.28771501,3.92090112,0.00000000,0,0,0,2,0,-0.03464649,-0.03454892,0.02439273,0.00000000,0.00000000,0.00000000,0.00000000,0.00000000,1.00000000,0.00000000,0.00000000,0,-1.38482363,-1.38482363,0.00000000,0.00000000,0.00000000,0.00000000,0.00000000,0.00000000,0
278459359,1,0,0,0,400,600,400,500,0,1,0,0,0,0,0,0,0,0.00000000,0.00000000,0.00000000,0.00000000,0.00000000,0.00000000,0,1,1,0,2,-0.03470352,-0.03461121,0.02307762,0.00000000,0.00000000,0.00000000,0.00000000,0.00000000,1.00000000,0.00000000,0.00000000,0,-79.49607244,-79.49607244,0.00000000,0.00000000,0.00000000,4.28771501,3.92090112,0.00000000,0,0,0,2,0,-0.03470352,-0.03461121,0.02307762,0.00000000,0.00000000,0.00000000,0.00000000,0.00000000,1.00000000,0.00000000,0.00000000,0,-1.38482363,-1.38482363,0.00000000,0.00000000,0.00000000,0.00000000,0.00000000,0.00000000,0
278459453,1,0,0,0,400,600,400,500,0,1,0,0,0,0,0,0,0,0.00000000,0.00000000,0.00000000,0.00000000,0.00000000,0.00000000,0,1,1,0,2,-0.03477481,-0.03467698,0.02445687,0.00000000,0.00000000,0.00000000,0.00000000,0.00000000,1.00000000,0.00000000,0.00000000,0,-79.49607244,-79.49607244,0.00000000,0.00000000,0.00000000,4.28771501,3.92090112,0.00000000,0,0,0,2,0,-0.03477481,-0.03467698,0.02445687,0.00000000,0.00000000,0.00000000,0.00000000,0.00000000,1.00000000,0.00000000,0.00000000,0,-1.38482363,-1.38482363,0.00000000,0.00000000,0.00000000,0.00000000,0.00000000,0.00000000,0
278459531,1,0,0,0,400,600,400,500,0,1,0,0,0,0,0,0,0,0.00000000,0.00000000,0.00000000,0.00000000,0.00000000,0.00000000,0,1,1,0,2,-0.03484458,-0.03474257,0.02550295,0.00000000,0.00000000,0.00000000,0.00000000,0.00000000,1.00000000,0.00000000,0.00000000,0,-79.49607244,-79.49607244,0.00000000,0.00000000,0.00000000,4.28771501,3.92090112,0.00000000,0,0,0,2,0,-0.03484458,-0.03474257,0.02550295,0.00000000,0.00000000,0.00000000,0.00000000,0.00000000,1.00000000,0.00000000,0.00000000,0,-1.38482363,-1.38482363,0.00000000,0.00000000,0.00000000,0.00000000,0.00000000,0.00000000,0
278459640,1,0,0,0,400,600,400,500,0,1,0,0,0,0,0,0,0,0.00000000,0.00000000,0.00000000,0.00000000,0.00000000,0.00000000,0,1,1,0,2,-0.03490313,-0.03480747,0.02391540,0.00000000,0.00000000,0.00000000,0.00000000,0.00000000,1.00000000,0.00000000,0.00000000,0,-79.49607244,-79.49607244,0.00000000,0.00000000,0.00000000,4.28771501,3.92090112,0.00000000,0,0,0,2,0,-0.03490313,-0.03480747,0.02391540,0.00000000,0.00000000,0.00000000,0.00000000,0.00000000,1.00000000,0.00000000,0.00000000,0,-1.38482363,-1.38482363,0.00000000,0.00000000,0.00000000,0.00000000,0.00000000,0.00000000,0
278459734,1,0,0,0,400,600,400,500,0,1,0,0,0,0,0,0,0,0.00000000,0.00000000,0.00000000,0.00000000,0.00000000,0.00000000,0,1,1,0,2,-0.03498866,-0.03487872,0.02748429,0.00000000,0.00000000,0.00000000,0.00000000,0.00000000,1.00000000,0.00000000,0.00000000,0,-79.49607244,-79.49607244,0.00000000,0.00000000,0.00000000,4.28771501,3.92090112,0.00000000,0,0,0,2,0,-0.03498866,-0.03487872,0.02748429,0.00000000,0.00000000,0.00000000,0.00000000,0.00000000,1.00000000,0.00000000,0.00000000,0,-1.38482363,-1.38482363,0.00000000,0.00000000,0.00000000,0.00000000,0.00000000,0.00000000,0
278459828,1,0,0,0,400,600,400,500,0,1,0,0,0,0,0,0,0,0.00000000,0.00000000,0.00000000,0.00000000,0.00000000,0.00000000,0,1,1,0,2,-0.03503145,-0.03494287,0.02214563,0.00000000,0.00000000,0.00000000,0.00000000,0.00000000,1.00000000,0.00000000,0.00000000,0,-79.49607244,-79.49607244,0.00000000,0.00000000,0.00000000,4.28771501,3.92090112,0.00000000,0,0,0,2,0,-0.03503145,-0.03494287,0.02214563,0.00000000,0.00000000,0.00000000,0.00000000,0.00000000,1.00000000,0.00000000,0.00000000,0,-1.38482363,-1.38482363,0.00000000,0.00000000,0.00000000,0.00000000,0.00000000,0.00000000,0
278459906,1,0,0,0,400,600,400,500,0,1,0,0,0,0,0,0,0,0.00000000,0.00000000,0.00000000,0.00000000,0.00000000,0.00000000,0,1,1,0,2,-0.03511700,-0.03501368,0.02583028,0.00000000,0.00000000,0.00000000,0.00000000,0.00000000,1.00000000,0.00000000,0.00000000,0,-79.49607244,-79.49607244,0.00000000,0.00000000,0.00000000,4.28771501,3.92090112,0.00000000,0,0,0,2,0,-0.03511700,-0.03501368,0.02583028,0.00000000,0.00000000,0.00000000,0.00000000,0.00000000,1.00000000,0.00000000,0.00000000,0,-1.38482363,-1.38482363,0.00000000,0.00000000,0.00000000,0.00000000,0.00000000,0.00000000,0
278460000,1,0,0,0,400,600,400,500,0,1,0,0,0,0,0,0,0,0.00000000,0.00000000,0.00000000,0.00000000,0.00000000,0.00000000,0,1,1,0,2,-0.03518806,-0.03508227,0.02644637,0.00000000,0.00000000,0.00000000,0.00000000,0.00000000,1.00000000,0.00000000,0.00000000,0,-79.49607244,-79.49607244,0.00000000,0.00000000,0.00000000,4.28771501,3.92090112,0.00000000,0,0,0,2,0,-0.03518806,-0.03508227,0.02644637,0.00000000,0.00000000,0.00000000,0.00000000,0.00000000,1.00000000,0.00000000,0.00000000,0,-1.38482363,-1.38482363,0.00000000,0.00000000,0.00000000,0.00000000,0.00000000,0.00000000,0
278460093,1,0,0,0,400,600,400,500,0,1,0,0,0,0,0,0,0,0.00000000,0.00000000,0.00000000,0.00000000,0.00000000,0.00000000,0,1,1,0,2,-0.03524531,-0.03514825,0.02426587,0.00000000,0.00000000,0.00000000,0.00000000,0.00000000,1.00000000,0.00000000,0.00000000,0,-79.49607244,-79.49607244,0.00000000,0.00000000,0.00000000,4.28771501,3.92090112,0.00000000,0,0,0,2,0,-0.03524531,-0.03514825,0.02426587,0.00000000,0.00000000,0.00000000,0.00000000,0.00000000,1.00000000,0.00000000,0.00000000,0,-1.38482363,-1.38482363,0.00000000,0.00000000,0.00000000,0.00000000,0.00000000,0.00000000,0
278460171,1,0,0,0,400,600,400,500,0,1,0,0,0,0,0,0,0,0.00000000,0.00000000,0.00000000,0.00000000,0.00000000,0.00000000,0,1,1,0,2,-0.03531270,-0.03521291,0.02494850,0.00000000,0.00000000,0.00000000,0.00000000,0.00000000,1.00000000,0.00000000,0.00000000,0,-79.49607244,-79.49607244,0.00000000,0.00000000,0.00000000,4.28771501,3.92090112,0.00000000,0,0,0,2,0,-0.03531270,-0.03521291,0.02494850,0.00000000,0.00000000,0.00000000,0.00000000,0.00000000,1.00000000,0.00000000,0.00000000,0,-1.38482363,-1.38482363,0.00000000,0.00000000,0.00000000,0.00000000,0.00000000,0.00000000,0
278460250,1,0,0,0,400,600,400,500,0,1,0,0,0,0,0,0,0,0.00000000,0.00000000,0.00000000,0.00000000,0.00000000,0.00000000,0,1,1,0,2,-0.03537212,-0.03527483,0.02432367,0.00000000,0.00000000,0.00000000,0.00000000,0.00000000,1.00000000,0.00000000,0.00000000,0,-79.49607244,-79.49607244,0.00000000,0.00000000,0.00000000,4.28771501,3.92090112,0.00000000,0,0,0,2,0,-0.03537212,-0.03527483,0.02432367,0.00000000,0.00000000,0.00000000,0.00000000,0.00000000,1.00000000,0.00000000,0.00000000,0,-1.38482363,-1.38482363,0.00000000,0.00000000,0.00000000,0.00000000,0.00000000,0.00000000,0
278460343,1,0,0,0,400,600,400,500,0,1,0,0,0,0,0,0,0,0.00000000,0.00000000,0.00000000,0.00000000,0.00000000,0.00000000,0,1,1,0,2,-0.03543066,-0.03533763,0.02325724,0.00000000,0.00000000,0.00000000,0.00000000,0.00000000,1.00000000,0.00000000,0.00000000,0,-79.49607244,-79.49607244,0.00000000,0.00000000,0.00000000,4.28771501,3.92090112,0.00000000,0,0,0,2,0,-0.03543066,-0.03533763,0.02325724,0.00000000,0.00000000,0.00000000,0.00000000,0.00000000,1.00000000,0.00000000,0.00000000,0,-1.38482363,-1.38482363,0.00000000,0.00000000,0.00000000,0.00000000,0.00000000,0.00000000,0
278460437,1,0,0,0,400,600,400,500,0,1,0,0,0,0,0,0,0,0.00000000,0.00000000,0.00000000,0.00000000,0.00000000,0.00000000,0,1,1,0,2,-0.03548920,-0.03539832,0.02272156,0.00000000,0.00000000,0.00000000,0.00000000,0.00000000,1.00000000,0.00000000,0.00000000,0,-79.49607244,-79.49607244,0.00000000,0.00000000,0.00000000,4.28771501,3.92090112,0.00000000,0,0,0,2,0,-0.03548920,-0.03539832,0.02272156,0.00000000,0.00000000,0.00000000,0.00000000,0.00000000,1.00000000,0.00000000,0.00000000,0,-1.38482363,-1.38482363,0.00000000,0.00000000,0.00000000,0.00000000,0.00000000,0.00000000,0
278460546,1,0,0,0,400,600,400,500,0,1,0,0,0,0,0,0,0,0.00000000,0.00000000,0.00000000,0.00000000,0.00000000,0.00000000,0,1,1,0,2,-0.03555656,-0.03545998,0.02414351,0.00000000,0.00000000,0.00000000,0.00000000,0.00000000,1.00000000,0.00000000,0.00000000,0,-79.49607244,-79.49607244,0.00000000,0.00000000,0.00000000,4.28771501,3.92090112,0.00000000,0,0,0,2,0,-0.03555656,-0.03545998,0.02414351,0.00000000,0.00000000,0.00000000,0.00000000,0.00000000,1.00000000,0.00000000,0.00000000,0,-1.38482363,-1.38482363,0.00000000,0.00000000,0.00000000,0.00000000,0.00000000,0.00000000,0
278460625,1,0,0,0,400,600,400,500,0,1,0,0,0,0,0,0,0,0.00000000,0.00000000,0.00000000,0.00000000,0.00000000,0.00000000,0,1,1,0,2,-0.03563028,-0.03552914,0.02528451,0.00000000,0.00000000,0.00000000,0.00000000,0.00000000,1.00000000,0.00000000,0.00000000,0,-79.49607244,-79.49607244,0.00000000,0.00000000,0.00000000,4.28771501,3.92090112,0.00000000,0,0,0,2,0,-0.03563028,-0.03552914,0.02528451,0.00000000,0.00000000,0.00000000,0.00000000,0.00000000,1.00000000,0.00000000,0.00000000,0,-1.38482363,-1.38482363,0.00000000,0.00000000,0.00000000,0.00000000,0.00000000,0.00000000,0
278460703,1,0,0,0,400,600,400,500,0,1,0,0,0,0,0,0,0,0.00000000,0.00000000,0.00000000,0.00000000,0.00000000,0.00000000,0,1,1,0,2,-0.03570143,-0.03559846,0.02574067,0.00000000,0.00000000,0.00000000,0.00000000,0.00000000,1.00000000,0.00000000,0.00000000,0,-79.49607244,-79.49607244,0.00000000,0.00000000,0.00000000,4.28771501,3.92090112,0.00000000,0,0,0,2,0,-0.03570143,-0.03559846,0.02574067,0.00000000,0.00000000,0.00000000,0.00000000,0.00000000,1.00000000,0.00000000,0.00000000,0,-1.38482363,-1.38482363,0.00000000,0.00000000,0.00000000,0.00000000,0.00000000,0.00000000,0
278460781,1,0,0,0,400,600,400,500,0,1,0,0,0,0,0,0,0,0.00000000,0.00000000,0.00000000,0.00000000,0.00000000,0.00000000,0,1,1,0,2,-0.03575823,-0.03566216,0.02401910,0.00000000,0.00000000,0.00000000,0.00000000,0.00000000,1.00000000,0.00000000,0.00000000,0,-79.49607244,-79.49607244,0.00000000,0.00000000,0.00000000,4.28771501,3.92090112,0.00000000,0,0,0,2,0,-0.03575823,-0.03566216,0.02401910,0.00000000,0.00000000,0.00000000,0.00000000,0.00000000,1.00000000,0.00000000,0.00000000,0,-1.38482363,-1.38482363,0.00000000,0.00000000,0.00000000,0.00000000,0.00000000,0.00000000,0
278460859,1,0,0,0,400,600,400,500,0,1,0,0,0,0,0,0,0,0.00000000,0.00000000,0.00000000,0.00000000,0.00000000,0.00000000,0,1,1,0,2,-0.03580137,-0.03571772,0.02091391,0.00000000,0.00000000,0.00000000,0.00000000,0.00000000,1.00000000,0.00000000,0.00000000,0,-79.49607244,-79.49607244,0.00000000,0.00000000,0.00000000,4.28771501,3.92090112,0.00000000,0,0,0,2,0,-0.03580137,-0.03571772,0.02091391,0.00000000,0.00000000,0.00000000,0.00000000,0.00000000,1.00000000,0.00000000,0.00000000,0,-1.38482363,-1.38482363,0.00000000,0.00000000,0.00000000,0.00000000,0.00000000,0.00000000,0
278460937,1,0,0,0,400,600,400,500,0,1,0,0,0,0,0,0,0,0.00000000,0.00000000,0.00000000,0.00000000,0.00000000,0.00000000,0,1,1,0,2,-0.03585840,-0.03577392,0.02112195,0.00000000,0.00000000,0.00000000,0.00000000,0.00000000,1.00000000,0.00000000,0.00000000,0,-79.49607244,-79.49607244,0.00000000,0.00000000,0.00000000,4.28771501,3.92090112,0.00000000,0,0,0,2,0,-0.03585840,-0.03577392,0.02112195,0.00000000,0.00000000,0.00000000,0.00000000,0.00000000,1.00000000,0.00000000,0.00000000,0,-1.38482363,-1.38482363,0.00000000,0.00000000,0.00000000,0.00000000,0.00000000,0.00000000,0
278461015,1,0,0,0,400,600,400,500,0,1,0,0,0,0,0,0,0,0.00000000,0.00000000,0.00000000,0.00000000,0.00000000,0.00000000,0,1,1,0,2,-0.03591543,-0.03583048,0.02123763,0.00000000,0.00000000,0.00000000,0.00000000,0.00000000,1.00000000,0.00000000,0.00000000,0,-79.49607244,-79.49607244,0.00000000,0.00000000,0.00000000,4.28771501,3.92090112,0.00000000,0,0,0,2,0,-0.03591543,-0.03583048,0.02123763,0.00000000,0.00000000,0.00000000,0.00000000,0.00000000,1.00000000,0.00000000,0.00000000,0,-1.38482363,-1.38482363,0.00000000,0.00000000,0.00000000,0.00000000,0.00000000,0.00000000,0
278461078,1,0,0,0,400,600,400,500,0,1,0,0,0,0,0,0,0,0.00000000,0.00000000,0.00000000,0.00000000,0.00000000,0.00000000,0,1,1,0,2,-0.03595821,-0.03588367,0.01863495,0.00000000,0.00000000,0.00000000,0.00000000,0.00000000,1.00000000,0.00000000,0.00000000,0,-79.49607244,-79.49607244,0.00000000,0.00000000,0.00000000,4.28771501,3.92090112,0.00000000,0,0,0,2,0,-0.03595821,-0.03588367,0.01863495,0.00000000,0.00000000,0.00000000,0.00000000,0.00000000,1.00000000,0.00000000,0.00000000,0,-1.38482363,-1.38482363,0.00000000,0.00000000,0.00000000,0.00000000,0.00000000,0.00000000,0
278461171,1,0,0,0,400,600,400,500,0,1,0,0,0,0,0,0,0,0.00000000,0.00000000,0.00000000,0.00000000,0.00000000,0.00000000,0,1,1,0,2,-0.03601524,-0.03593588,0.01983887,0.00000000,0.00000000,0.00000000,0.00000000,0.00000000,1.00000000,0.00000000,0.00000000,0,-79.49607244,-79.49607244,0.00000000,0.00000000,0.00000000,4.28771501,3.92090112,0.00000000,0,0,0,2,0,-0.03601524,-0.03593588,0.01983887,0.00000000,0.00000000,0.00000000,0.00000000,0.00000000,1.00000000,0.00000000,0.00000000,0,-1.38482363,-1.38482363,0.00000000,0.00000000,0.00000000,0.00000000,0.00000000,0.00000000,0
278461234,1,0,0,0,400,600,400,500,0,1,0,0,0,0,0,0,0,0.00000000,0.00000000,0.00000000,0.00000000,0.00000000,0.00000000,0,1,1,0,2,-0.03607108,-0.03598991,0.02029188,0.00000000,0.00000000,0.00000000,0.00000000,0.00000000,1.00000000,0.00000000,0.00000000,0,-79.49607244,-79.49607244,0.00000000,0.00000000,0.00000000,4.28771501,3.92090112,0.00000000,0,0,0,2,0,-0.03607108,-0.03598991,0.02029188,0.00000000,0.00000000,0.00000000,0.00000000,0.00000000,1.00000000,0.00000000,0.00000000,0,-1.38482363,-1.38482363,0.00000000,0.00000000,0.00000000,0.00000000,0.00000000,0.00000000,0
278461328,1,0,0,0,400,600,400,500,0,1,0,0,0,0,0,0,0,0.00000000,0.00000000,0.00000000,0.00000000,0.00000000,0.00000000,0,1,1,0,2,-0.03611504,-0.03603931,0.01893402,0.00000000,0.00000000,0.00000000,0.00000000,0.00000000,1.00000000,0.00000000,0.00000000,0,-79.49607244,-79.49607244,0.00000000,0.00000000,0.00000000,4.28771501,3.92090112,0.00000000,0,0,0,2,0,-0.03611504,-0.03603931,0.01893402,0.00000000,0.00000000,0.00000000,0.00000000,0.00000000,1.00000000,0.00000000,0.00000000,0,-1.38482363,-1.38482363,0.00000000,0.00000000,0.00000000,0.00000000,0.00000000,0.00000000,0
278461390,1,0,0,0,400,600,400,500,0,1,0,0,0,0,0,0,0,0.00000000,0.00000000,0.00000000,0.00000000,0.00000000,0.00000000,0,1,1,0,2,-0.03617208,-0.03609467,0.01935228,0.00000000,0.00000000,0.00000000,0.00000000,0.00000000,1.00000000,0.00000000,0.00000000,0,-79.49607244,-79.49607244,0.00000000,0.00000000,0.00000000,4.28771501,3.92090112,0.00000000,0,0,0,2,0,-0.03617208,-0.03609467,0.01935228,0.00000000,0.00000000,0.00000000,0.00000000,0.00000000,1.00000000,0.00000000,0.00000000,0,-1.38482363,-1.38482363,0.00000000,0.00000000,0.00000000,0.00000000,0.00000000,0.00000000,0
278461468,1,0,0,0,400,600,400,500,0,1,0,0,0,0,0,0,0,0.00000000,0.00000000,0.00000000,0.00000000,0.00000000,0.00000000,0,1,1,0,2,-0.03622910,-0.03614814,0.02024159,0.00000000,0.00000000,0.00000000,0.00000000,0.00000000,1.00000000,0.00000000,0.00000000,0,-79.49607244,-79.49607244,0.00000000,0.00000000,0.00000000,4.28771501,3.92090112,0.00000000,0,0,0,2,0,-0.03622910,-0.03614814,0.02024159,0.00000000,0.00000000,0.00000000,0.00000000,0.00000000,1.00000000,0.00000000,0.00000000,0,-1.38482363,-1.38482363,0.00000000,0.00000000,0.00000000,0.00000000,0.00000000,0.00000000,0
278461546,1,0,0,0,400,600,400,500,0,1,0,0,0,0,0,0,0,0.00000000,0.00000000,0.00000000,0.00000000,0.00000000,0.00000000,0,1,1,0,2,-0.03628609,-0.03620279,0.02082499,0.00000000,0.00000000,0.00000000,0.00000000,0.00000000,1.00000000,0.00000000,0.00000000,0,-79.49607244,-79.49607244,0.00000000,0.00000000,0.00000000,4.28771501,3.92090112,0.00000000,0,0,0,2,0,-0.03628609,-0.03620279,0.02082499,0.00000000,0.00000000,0.00000000,0.00000000,0.00000000,1.00000000,0.00000000,0.00000000,0,-1.38482363,-1.38482363,0.00000000,0.00000000,0.00000000,0.00000000,0.00000000,0.00000000,0
278461625,1,0,0,0,400,600,400,500,0,1,0,0,0,0,0,0,0,0.00000000,0.00000000,0.00000000,0.00000000,0.00000000,0.00000000,0,1,1,0,2,-0.03634009,-0.03625798,0.02052652,0.00000000,0.00000000,0.00000000,0.00000000,0.00000000,1.00000000,0.00000000,0.00000000,0,-79.49607244,-79.49607244,0.00000000,0.00000000,0.00000000,4.28771501,3.92090112,0.00000000,0,0,0,2,0,-0.03634009,-0.03625798,0.02052652,0.00000000,0.00000000,0.00000000,0.00000000,0.00000000,1.00000000,0.00000000,0.00000000,0,-1.38482363,-1.38482363,0.00000000,0.00000000,0.00000000,0.00000000,0.00000000,0.00000000,0
278461703,1,0,0,0,400,600,400,500,0,1,0,0,0,0,0,0,0,0.00000000,0.00000000,0.00000000,0.00000000,0.00000000,0.00000000,0,1,1,0,2,-0.03638594,-0.03630862,0.01933128,0.00000000,0.00000000,0.00000000,0.00000000,0.00000000,1.00000000,0.00000000,0.00000000,0,-79.49607244,-79.49607244,0.00000000,0.00000000,0.00000000,4.28771501,3.92090112,0.00000000,0,0,0,2,0,-0.03638594,-0.03630862,0.01933128,0.00000000,0.00000000,0.00000000,0.00000000,0.00000000,1.00000000,0.00000000,0.00000000,0,-1.38482363,-1.38482363,0.00000000,0.00000000,0.00000000,0.00000000,0.00000000,0.00000000,0
278461781,1,0,0,0,400,600,400,500,0,1,0,0,0,0,0,0,0,0.00000000,0.00000000,0.00000000,0.00000000,0.00000000,0.00000000,0,1,1,0,2,-0.03644717,-0.03636310,0.02101640,0.00000000,0.00000000,0.00000000,0.00000000,0.00000000,1.00000000,0.00000000,0.00000000,0,-79.49607244,-79.49607244,0.00000000,0.00000000,0.00000000,4.28771501,3.92090112,0.00000000,0,0,0,2,0,-0.03644717,-0.03636310,0.02101640,0.00000000,0.00000000,0.00000000,0.00000000,0.00000000,1.00000000,0.00000000,0.00000000,0,-1.38482363,-1.38482363,0.00000000,0.00000000,0.00000000,0.00000000,0.00000000,0.00000000,0
278461843,1,0,0,0,400,600,400,500,0,1,0,0,0,0,0,0,0,0.00000000,0.00000000,0.00000000,0.00000000,0.00000000,0.00000000,0,1,1,0,2,-0.03650001,-0.03641883,0.02029308,0.00000000,0.00000000,0.00000000,0.00000000,0.00000000,1.00000000,0.00000000,0.00000000,0,-79.49607244,-79.49607244,0.00000000,0.00000000,0.00000000,4.28771501,3.92090112,0.00000000,0,0,0,2,0,-0.03650001,-0.03641883,0.02029308,0.00000000,0.00000000,0.00000000,0.00000000,0.00000000,1.00000000,0.00000000,0.00000000,0,-1.38482363,-1.38482363,0.00000000,0.00000000,0.00000000,0.00000000,0.00000000,0.00000000,0
278461921,1,0,0,0,400,600,400,500,0,1,0,0,0,0,0,0,0,0.00000000,0.00000000,0.00000000,0.00000000,0.00000000,0.00000000,0,1,1,0,2,-0.03655209,-0.03647271,0.01984404,0.00000000,0.00000000,0.00000000,0.00000000,0.00000000,1.00000000,0.00000000,0.00000000,0,-79.49607244,-79.49607244,0.00000000,0.00000000,0.00000000,4.28771501,3.92090112,0.00000000,0,0,0,2,0,-0.03655209,-0.03647271,0.01984404,0.00000000,0.00000000,0.00000000,0.00000000,0.00000000,1.00000000,0.00000000,0.00000000,0,-1.38482363,-1.38482363,0.00000000,0.00000000,0.00000000,0.00000000,0.00000000,0.00000000,0
278461984,1,0,0,0,400,600,400,500,0,1,0,0,0,0,0,0,0,0.00000000,0.00000000,0.00000000,0.00000000,0.00000000,0.00000000,0,1,1,0,2,-0.03659981,-0.03652297,0.01920980,0.00000000,0.00000000,0.00000000,0.00000000,0.00000000,1.00000000,0.00000000,0.00000000,0,-79.49607244,-79.49607244,0.00000000,0.00000000,0.00000000,4.28771501,3.92090112,0.00000000,0,0,0,2,0,-0.03659981,-0.03652297,0.01920980,0.00000000,0.00000000,0.00000000,0.00000000,0.00000000,1.00000000,0.00000000,0.00000000,0,-1.38482363,-1.38482363,0.00000000,0.00000000,0.00000000,0.00000000,0.00000000,0.00000000,0
278462078,1,0,0,0,400,600,400,500,0,1,0,0,0,0,0,0,0,0.00000000,0.00000000,0.00000000,0.00000000,0.00000000,0.00000000,0,1,1,0,2,-0.03665684,-0.03657619,0.02016212,0.00000000,0.00000000,0.00000000,0.00000000,0.00000000,1.00000000,0.00000000,0.00000000,0,-79.49607244,-79.49607244,0.00000000,0.00000000,0.00000000,4.28771501,3.92090112,0.00000000,0,0,0,2,0,-0.03665684,-0.03657619,0.02016212,0.00000000,0.00000000,0.00000000,0.00000000,0.00000000,1.00000000,0.00000000,0.00000000,0,-1.38482363,-1.38482363,0.00000000,0.00000000,0.00000000,0.00000000,0.00000000,0.00000000,0
278462140,1,0,0,0,400,600,400,500,0,1,0,0,0,0,0,0,0,0.00000000,0.00000000,0.00000000,0.00000000,0.00000000,0.00000000,0,1,1,0,2,-0.03671387,-0.03663283,0.02026158,0.00000000,0.00000000,0.00000000,0.00000000,0.00000000,1.00000000,0.00000000,0.00000000,0,-79.49607244,-79.49607244,0.00000000,0.00000000,0.00000000,4.28771501,3.92090112,0.00000000,0,0,0,2,0,-0.03671387,-0.03663283,0.02026158,0.00000000,0.00000000,0.00000000,0.00000000,0.00000000,1.00000000,0.00000000,0.00000000,0,-1.38482363,-1.38482363,0.00000000,0.00000000,0.00000000,0.00000000,0.00000000,0.00000000,0
278462218,1,0,0,0,400,600,400,500,0,1,0,0,0,0,0,0,0,0.00000000,0.00000000,0.00000000,0.00000000,0.00000000,0.00000000,0,1,1,0,2,-0.03677090,-0.03668789,0.02075325,0.00000000,0.00000000,0.00000000,0.00000000,0.00000000,1.00000000,0.00000000,0.00000000,0,-79.49607244,-79.49607244,0.00000000,0.00000000,0.00000000,4.28771501,3.92090112,0.00000000,0,0,0,2,0,-0.03677090,-0.03668789,0.02075325,0.00000000,0.00000000,0.00000000,0.00000000,0.00000000,1.00000000,0.00000000,0.00000000,0,-1.38482363,-1.38482363,0.00000000,0.00000000,0.00000000,0.00000000,0.00000000,0.00000000,0
278462296,1,0,0,0,400,600,400,500,0,1,0,0,0,0,0,0,0,0.00000000,0.00000000,0.00000000,0.00000000,0.00000000,0.00000000,0,1,1,0,2,-0.03682793,-0.03674381,0.02103085,0.00000000,0.00000000,0.00000000,0.00000000,0.00000000,1.00000000,0.00000000,0.00000000,0,-79.49607244,-79.49607244,0.00000000,0.00000000,0.00000000,4.28771501,3.92090112,0.00000000,0,0,0,2,0,-0.03682793,-0.03674381,0.02103085,0.00000000,0.00000000,0.00000000,0.00000000,0.00000000,1.00000000,0.00000000,0.00000000,0,-1.38482363,-1.38482363,0.00000000,0.00000000,0.00000000,0.00000000,0.00000000,0.00000000,0
278462359,1,0,0,0,400,600,400,500,0,1,0,0,0,0,0,0,0,0.00000000,0.00000000,0.00000000,0.00000000,0.00000000,0.00000000,0,1,1,0,2,-0.03688495,-0.03680022,0.02118338,0.00000000,0.00000000,0.00000000,0.00000000,0.00000000,1.00000000,0.00000000,0.00000000,0,-79.49607244,-79.49607244,0.00000000,0.00000000,0.00000000,4.28771501,3.92090112,0.00000000,0,0,0,2,0,-0.03688495,-0.03680022,0.02118338,0.00000000,0.00000000,0.00000000,0.00000000,0.00000000,1.00000000,0.00000000,0.00000000,0,-1.38482363,-1.38482363,0.00000000,0.00000000,0.00000000,0.00000000,0.00000000,0.00000000,0
278462453,1,0,0,0,400,600,400,500,0,1,0,0,0,0,0,0,0,0.00000000,0.00000000,0.00000000,0.00000000,0.00000000,0.00000000,0,1,1,0,2,-0.03692774,-0.03685184,0.01897377,0.00000000,0.00000000,0.00000000,0.00000000,0.00000000,1.00000000,0.00000000,0.00000000,0,-79.49607244,-79.49607244,0.00000000,0.00000000,0.00000000,4.28771501,3.92090112,0.00000000,0,0,0,2,0,-0.03692774,-