sample_index,elapsed_us,position_valid,axis1_from_left_mm,axis2_from_left_mm,axis3_from_left_mm,axis4_from_left_mm,axis5_from_left_mm,axis6_from_left_mm,axis7_from_left_mm,axis1_handle_valid,axis1_handle_linear_raw,axis1_handle_linear_filtered,axis1_handle_rotation_raw,axis1_handle_rotation_filtered,axis6_handle_valid,axis6_handle_linear_raw,axis6_handle_linear_filtered,axis6_handle_rotation_raw,axis6_handle_rotation_filtered
0,3716,1,19.99983715,0.4183751501,649.0004073,0,648.999942,649.9999804,-0.02042912255,1,0.008968165339,0.008968165339,-0.793682807,-0.793682807,1,-0.006316211837,-0.006316211837,4.256924173,4.256924173
1,24629,1,19.99983715,0.4183751501,649.0004073,0,648.999942,649.9999804,-0.02042912255,1,0.008968165339,0.008968165339,-0.793682807,-0.793682807,1,-0.006316211837,-0.006316211837,4.256924173,4.256924173
2,45598,1,19.99983715,0.4183751501,649.0004073,0,648.999942,649.9999804,-0.02042912255,1,0.008968165339,0.008968165339,-0.793682807,-0.793682807,1,-0.006316211837,-0.006316211837,4.256924173,4.256924173
3,63892,1,19.99983715,0.4183751501,649.0004073,0,648.999942,649.9999804,-0.02042912255,1,0.008968165339,0.008968165339,-0.793682807,-0.793682807,1,-0.006316211837,-0.006316211837,4.256924173,4.256924173
4,83887,1,19.99983715,0.4183751501,649.0004073,0,648.999942,649.9999804,-0.02042912255,1,0.008968165339,0.008968165339,-0.793682807,-0.793682807,1,-0.006316211837,-0.006316211837,4.256924173,4.256924173
5,104942,1,19.99983715,0.4183751501,649.0004073,0,648.999942,649.9999804,-0.02042912255,1,0.008968165339,0.008968165339,-0.793682807,-0.793682807,1,-0.006316211837,-0.006316211837,4.256924173,4.256924173
6,129034,1,19.99983715,0.4183751501,649.0004073,0,648.999942,649.9999804,-0.02042912255,1,0.008968165339,0.008968165339,-0.793682807,-0.793682807,1,-0.006316211837,-0.006316211837,4.256924173,4.256924173
7,145875,1,19.99983715,0.4183751501,649.0004073,0,648.999942,649.9999804,-0.02042912255,1,0.008968165339,0.008968165339,-0.793682807,-0.793682807,1,-0.006316211837,-0.006316211837,4.256924173,4.256924173
8,163703,1,19.99983715,0.4183751501,649.0004073,0,648.999942,649.9999804,-0.02042912255,1,0.008968165339,0.008968165339,-0.793682807,-0.793682807,1,-0.006316211837,-0.006316211837,4.256924173,4.256924173
9,193476,1,19.99983715,0.4183751501,649.0004073,0,648.999942,649.9999804,-0.02042912255,1,0.008982423037,0.008971729764,-0.793682807,-0.793682807,1,-0.006316211837,-0.006316211837,4.256924173,4.256924173
10,205446,1,19.99983715,0.4183751501,649.0004073,0,648.999942,649.9999804,-0.02042912255,1,0.008982423152,0.008974403111,-0.793682807,-0.793682807,1,-0.006316211837,-0.006316211837,4.256924173,4.256924173
11,223420,1,19.99983715,0.4183751501,649.0004073,0,648.999942,649.9999804,-0.02042912255,1,0.008982423154,0.008979039698,-0.793682807,-0.793682807,1,-0.006316211837,-0.006316211837,4.256924173,4.256924173
12,247006,1,19.99983715,0.4183751501,649.0004073,0,648.999942,649.9999804,-0.02042912255,1,0.008982423154,0.00898051996,-0.793682807,-0.793682807,1,-0.006316211837,-0.006316211837,4.256924173,4.256924173
13,263245,1,19.99983715,0.4183751501,649.0004073,0,648.999942,649.9999804,-0.02042912255,1,0.008982423154,0.008981352607,-0.793682807,-0.793682807,1,-0.006316211837,-0.006316211837,4.256924173,4.256924173
14,283161,1,19.99983715,0.4183751501,649.0004073,0,648.999942,649.9999804,-0.02042912255,1,0.008982423154,0.008981820972,-0.793682807,-0.793682807,1,-0.006316211837,-0.006316211837,4.256924173,4.256924173
15,304093,1,19.99983715,0.4183751501,649.0004073,0,648.999942,649.9999804,-0.02042912255,1,0.008982423154,0.008982084426,-0.793682807,-0.793682807,1,-0.006316211837,-0.006316211837,4.256924173,4.256924173
16,324399,1,19.99983715,0.4183751501,649.0004073,0,648.999942,649.9999804,-0.02042912255,1,0.008982423154,0.00898223262,-0.793682807,-0.793682807,1,-0.006316211837,-0.006316211837,4.256924173,4.256924173
17,346946,1,19.99983715,0.4183751501,649.0004073,0,648.999942,649.9999804,-0.02042912255,1,0.008982423154,0.008982315978,-0.793682807,-0.793682807,1,-0.006316211837,-0.006316211837,4.256924173,4.256924173
18,363888,1,19.99983715,0.4183751501,649.0004073,0,648.999942,649.9999804,-0.02042912255,1,0.008982423154,0.008982362868,-0.793682807,-0.793682807,1,-0.006316211837,-0.006316211837,4.256924173,4.256924173
19,383711,1,19.99983715,0.4183751501,649.0004073,0,648.999942,649.9999804,-0.02042912255,1,0.008982423154,0.008982389243,-0.793682807,-0.793682807,1,-0.006316211837,-0.006316211837,4.256924173,4.256924173
20,403794,1,19.99983715,0.4183751501,649.0004073,0,648.999942,649.9999804,-0.02042912255,1,0.008982423154,0.008982404079,-0.793682807,-0.793682807,1,-0.006316211837,-0.006316211837,4.256924173,4.256924173
21,424156,1,19.99983715,0.4183751501,649.0004073,0,648.999942,649.9999804,-0.02042912255,1,0.008982423154,0.008982412424,-0.793682807,-0.793682807,1,-0.006316211837,-0.006316211837,4.256924173,4.256924173
22,445668,1,19.99983715,0.4183751501,649.0004073,0,648.999942,649.9999804,-0.02042912255,1,0.008982423154,0.008982417119,-0.793682807,-0.793682807,1,-0.006316211837,-0.006316211837,4.256924173,4.256924173
23,463284,1,19.99983715,0.4183751501,649.0004073,0,648.999942,649.9999804,-0.02042912255,1,0.008982423154,0.008982419759,-0.793682807,-0.793682807,1,-0.006316211837,-0.006316211837,4.256924173,4.256924173
24,483156,1,19.99983715,0.4183751501,649.0004073,0,648.999942,649.9999804,-0.02042912255,1,0.008982423154,0.008982421244,-0.793682807,-0.793682807,1,-0.006316211837,-0.006316211837,4.256924173,4.256924173
25,504055,1,19.99983715,0.4183751501,649.0004073,0,648.999942,649.9999804,-0.02042912255,1,0.008982423154,0.00898242208,-0.793682807,-0.793682807,1,-0.006316211837,-0.006316211837,4.256924173,4.256924173
26,523916,1,19.99983715,0.4183751501,649.0004073,0,648.999942,649.9999804,-0.02042912255,1,0.008982423154,0.00898242255,-0.793682807,-0.793682807,1,-0.006316211837,-0.006316211837,4.256924173,4.256924173
27,546607,1,19.99983715,0.4183751501,649.0004073,0,648.999942,649.9999804,-0.02042912255,1,0.008982423154,0.008982422814,-0.793682807,-0.793682807,1,-0.006316211837,-0.006316211837,4.256924173,4.256924173
28,564070,1,19.99983715,0.4183751501,649.0004073,0,648.999942,649.9999804,-0.02042912255,1,0.008982423154,0.008982422899,-0.793682807,-0.793682807,1,-0.006316211837,-0.006316211837,4.256924173,4.256924173
29,583761,1,19.99983715,0.4183751501,649.0004073,0,648.999942,649.9999804,-0.02042912255,1,0.008982423154,0.008982423046,-0.793682807,-0.793682807,1,-0.006316211837,-0.006316211837,4.256924173,4.256924173
30,603715,1,19.99983715,0.4183751501,649.0004073,0,648.999942,649.9999804,-0.02042912255,1,0.008982423154,0.008982423093,-0.793682807,-0.793682807,1,-0.006316211837,-0.006316211837,4.256924173,4.256924173
31,623692,1,19.99983715,0.4183751501,649.0004073,0,648.999942,649.9999804,-0.02042912255,1,0.008982423154,0.00898242312,-0.793682807,-0.793682807,1,-0.006316211837,-0.006316211837,4.256924173,4.256924173
32,648114,1,19.99983715,0.4183751501,649.0004073,0,648.999942,649.9999804,-0.02042912255,1,0.008982423154,0.008982423135,-0.793682807,-0.793682807,1,-0.006316211837,-0.006316211837,4.256924173,4.256924173
33,664386,1,19.99983715,0.4183751501,649.0004073,0,648.999942,649.9999804,-0.02042912255,1,0.008982423154,0.008982423143,-0.793682807,-0.793682807,1,-0.006316211837,-0.006316211837,4.256924173,4.256924173
34,683915,1,19.99983715,0.4183751501,649.0004073,0,648.999942,649.9999804,-0.02042912255,1,0.008982423154,0.008982423148,-0.793682807,-0.793682807,1,-0.006316211837,-0.006316211837,4.256924173,4.256924173
35,703971,1,19.99983715,0.4183751501,649.0004073,0,648.999942,649.9999804,-0.02042912255,1,0.008982423154,0.008982423149,-0.793682807,-0.793682807,1,-0.006316211837,-0.006316211837,4.256924173,4.256924173
36,723267,1,19.99983715,0.4183751501,649.0004073,0,648.999942,649.9999804,-0.02042912255,1,0.008982423154,0.008982423152,-0.793682807,-0.793682807,1,-0.006316211837,-0.006316211837,4.256924173,4.256924173
37,745915,1,19.99983715,0.4183751501,649.0004073,0,648.999942,649.9999804,-0.02042912255,1,0.008982423154,0.008982423153,-0.793682807,-0.793682807,1,-0.006316211837,-0.006316211837,4.256924173,4.256924173
38,763189,1,19.99983715,0.4183751501,649.0004073,0,648.999942,649.9999804,-0.02042912255,1,0.008982423154,0.008982423153,-0.793682807,-0.793682807,1,-0.006316211837,-0.006316211837,4.256924173,4.256924173
39,784124,1,19.99983715,0.4183751501,649.0004073,0,648.999942,649.9999804,-0.02042912255,1,0.008982423154,0.008982423154,-0.793682807,-0.793682807,1,-0.006316211837,-0.006316211837,4.256924173,4.256924173
40,803224,1,19.99983715,0.4183751501,649.0004073,0,648.999942,649.9999804,-0.02042912255,1,0.008982423154,0.008982423154,-0.793682807,-0.793682807,1,-0.006316211837,-0.006316211837,4.256924173,4.256924173
41,823958,1,19.99983715,0.4183751501,649.0004073,0,648.999942,649.9999804,-0.02042912255,1,0.008982423154,0.008982423154,-0.793682807,-0.793682807,1,-0.006316211837,-0.006316211837,4.256924173,4.256924173
42,845949,1,19.99983715,0.4183751501,649.0004073,0,648.999942,649.9999804,-0.02042912255,1,0.008982423154,0.008982423154,-0.793682807,-0.793682807,1,-0.006316211837,-0.006316211837,4.256924173,4.256924173
43,863184,1,19.99983715,0.4183751501,649.0004073,0,648.999942,649.9999804,-0.02042912255,1,0.008982423154,0.008982423154,-0.793682807,-0.793682807,1,-0.006316211837,-0.006316211837,4.256924173,4.256924173
44,884025,1,19.99983715,0.4183751501,649.0004073,0,648.999942,649.9999804,-0.02042912255,1,0.008982423154,0.008982423154,-0.793682807,-0.793682807,1,-0.006316211837,-0.006316211837,4.256924173,4.256924173
45,903972,1,19.99983715,0.4183751501,649.0004073,0,648.999942,649.9999804,-0.02042912255,1,0.008982423154,0.008982423154,-0.793682807,-0.793682807,1,-0.006316211837,-0.006316211837,4.256924173,4.256924173
46,924528,1,19.99983715,0.4183751501,649.0004073,0,648.999942,649.9999804,-0.02042912255,1,0.008982423154,0.008982423154,-0.793682807,-0.793682807,1,-0.006316211837,-0.006316211837,4.256924173,4.256924173
47,947435,1,19.99983715,0.4183751501,649.0004073,0,648.999942,649.9999804,-0.02042912255,1,0.008982423154,0.008982423154,-0.793682807,-0.793682807,1,-0.006316211837,-0.006316211837,4.256924173,4.256924173
48,963724,1,19.99983715,0.4183751501,649.0004073,0,648.999942,649.9999804,-0.02042912255,1,0.008982423154,0.008982423154,-0.793682807,-0.793682807,1,-0.006316211837,-0.006316211837,4.256924173,4.256924173
49,983665,1,19.99983715,0.4183751501,649.0004073,0,648.999942,649.9999804,-0.02042912255,1,0.008982423154,0.008982423154,-0.793682807,-0.793682807,1,-0.006316211837,-0.006316211837,4.256924173,4.256924173
50,1003658,1,19.99983715,0.4183751501,649.0004073,0,648.999942,649.9999804,-0.02042912255,1,0.008982423154,0.008982423154,-0.793682807,-0.793682807,1,-0.006316211837,-0.006316211837,4.256924173,4.256924173
51,1023747,1,19.99983715,0.4183751501,649.0004073,0,648.999942,649.9999804,-0.02042912255,1,0.008982423154,0.008982423154,-0.793682807,-0.793682807,1,-0.006316211837,-0.006316211837,4.256924173,4.256924173
52,1045774,1,19.99983715,0.4183751501,649.0004073,0,648.999942,649.9999804,-0.02042912255,1,0.008982423154,0.008982423154,-0.793682807,-0.793682807,1,-0.006316211837,-0.006316211837,4.256924173,4.256924173
53,1063716,1,19.99983715,0.4183751501,649.0004073,0,648.999942,649.9999804,-0.02042912255,1,0.008982423154,0.008982423154,-0.793682807,-0.793682807,1,-0.006316211837,-0.006316211837,4.256924173,4.256924173
54,1084152,1,19.99983715,0.4183751501,649.0004073,0,648.999942,649.9999804,-0.02042912255,1,0.008982423154,0.008982423154,-0.793682807,-0.793682807,1,-0.006316211837,-0.006316211837,4.256924173,4.256924173
55,1104192,1,19.99983715,0.4183751501,649.0004073,0,648.999942,649.9999804,-0.02042912255,1,0.008982423154,0.008982423154,-0.793682807,-0.793682807,1,-0.006316211837,-0.006316211837,4.256924173,4.256924173
56,1123664,1,19.99983715,0.4183751501,649.0004073,0,648.999942,649.9999804,-0.02042912255,1,0.008982423154,0.008982423154,-0.793682807,-0.793682807,1,-0.006316211837,-0.006316211837,4.256924173,4.256924173
57,1145398,1,19.99983715,0.4183751501,649.0004073,0,648.999942,649.9999804,-0.02042912255,1,0.008982423154,0.008982423154,-0.793682807,-0.793682807,1,-0.006316211837,-0.006316211837,4.256924173,4.256924173
58,1163491,1,19.99983715,0.4183751501,649.0004073,0,648.999942,649.9999804,-0.02042912255,1,0.008982423154,0.008982423154,-0.793682807,-0.793682807,1,-0.006316211837,-0.006316211837,4.256924173,4.256924173
59,1183189,1,19.99983715,0.4183751501,649.0004073,0,648.999942,649.9999804,-0.02042912255,1,0.008982423154,0.008982423154,-0.793682807,-0.793682807,1,-0.006316211837,-0.006316211837,4.256924173,4.256924173
60,1203217,1,19.99983715,0.4183751501,649.0004073,0,648.999942,649.9999804,-0.02042912255,1,0.008982423154,0.008982423154,-0.793682807,-0.793682807,1,-0.006316211837,-0.006316211837,4.256924173,4.256924173
61,1223956,1,19.99983715,0.4183751501,649.0004073,0,648.999942,649.9999804,-0.02042912255,1,0.008982423154,0.008982423154,-0.793682807,-0.793682807,1,-0.006316211837,-0.006316211837,4.256924173,4.256924173
62,1247678,1,19.99983715,0.4183751501,649.0004073,0,648.999942,649.9999804,-0.02042912255,1,0.008982423154,0.008982423154,-0.793682807,-0.793682807,1,-0.006316211837,-0.006316211837,4.256924173,4.256924173
63,1265143,1,19.99983715,0.4183751501,649.0004073,0,648.999942,649.9999804,-0.02042912255,1,0.008990410959,0.008984420105,-0.793682807,-0.793682807,1,-0.006316211837,-0.006316211837,4.256924173,4.256924173
64,1283923,1,19.99983715,0.4183751501,649.0004073,0,648.999942,649.9999804,-0.02042912255,1,0.008996680781,0.008989773855,-0.793682807,-0.793682807,1,-0.006316211837,-0.006316211837,4.256924173,4.256924173
65,1304282,1,19.99983715,0.4183751501,649.0004073,0,648.999942,649.9999804,-0.02042912255,1,0.008996680969,0.00899376703,-0.793682807,-0.793682807,1,-0.006316211837,-0.006316211837,4.256924173,4.256924173
66,1324094,1,19.99983715,0.4183751501,649.0004073,0,648.999942,649.9999804,-0.02042912255,1,0.008996680969,0.008995041878,-0.793682807,-0.793682807,1,-0.006316211837,-0.006316211837,4.256924173,4.256924173
67,1346802,1,19.99983715,0.4183751501,649.0004073,0,648.999942,649.9999804,-0.02042912255,1,0.008996680969,0.00899575898,-0.793682807,-0.793682807,1,-0.006316211837,-0.006316211837,4.256924173,4.256924173
68,1363636,1,19.99983715,0.4183751501,649.0004073,0,648.999942,649.9999804,-0.02042912255,1,0.008996680969,0.00899616235,-0.793682807,-0.793682807,1,-0.006316211837,-0.006316211837,4.256924173,4.256924173
69,1384038,1,19.99983715,0.4183751501,649.0004073,0,648.999942,649.9999804,-0.02042912255,1,0.008996680969,0.008996389246,-0.793682807,-0.793682807,1,-0.006316211837,-0.006316211837,4.256924173,4.256924173
70,1403146,1,19.99983715,0.4183751501,649.0004073,0,648.999942,649.9999804,-0.02042912255,1,0.008996680969,0.008996462176,-0.793682807,-0.793682807,1,-0.006316211837,-0.006316211837,4.256924173,4.256924173
71,1423870,1,19.99983715,0.4183751501,649.0004073,0,648.999942,649.9999804,-0.02042912255,1,0.008996680969,0.008996588666,-0.793682807,-0.793682807,1,-0.006316211837,-0.006316211837,4.256924173,4.256924173
72,1444787,1,19.99983715,0.4183751501,649.0004073,0,648.999942,649.9999804,-0.02042912255,1,0.008996680969,0.008996629048,-0.793682807,-0.793682807,1,-0.006316211837,-0.006316211837,4.256924173,4.256924173
73,1464079,1,19.99983715,0.4183751501,649.0004073,0,648.999942,649.9999804,-0.02042912255,1,0.008996680969,0.008996651763,-0.793682807,-0.793682807,1,-0.006316211837,-0.006316211837,4.256924173,4.256924173
74,1483827,1,19.99983715,0.4183751501,649.0004073,0,648.999942,649.9999804,-0.02042912255,1,0.008996680969,0.008996664541,-0.793682807,-0.793682807,1,-0.006316211837,-0.006316211837,4.256924173,4.256924173
75,1503127,1,19.99983715,0.4183751501,649.0004073,0,648.999942,649.9999804,-0.02042912255,1,0.008996680969,0.008996671728,-0.793682807,-0.793682807,1,-0.006316211837,-0.006316211837,4.256924173,4.256924173
76,1524012,1,19.99983715,0.4183751501,649.0004073,0,648.999942,649.9999804,-0.02042912255,1,0.008996680969,0.008996675771,-0.793682807,-0.793682807,1,-0.006316211837,-0.006316211837,4.256924173,4.256924173
77,1546301,1,19.99983715,0.4183751501,649.0004073,0,648.999942,649.9999804,-0.02042912255,1,0.008996680969,0.008996678045,-0.793682807,-0.793682807,1,-0.006316211837,-0.006316211837,4.256924173,4.256924173
78,1564060,1,19.99983715,0.4183751501,649.0004073,0,648.999942,649.9999804,-0.02042912255,1,0.008996680969,0.008996679324,-0.793682807,-0.793682807,1,-0.006316211837,-0.006316211837,4.256924173,4.256924173
79,1583759,1,19.99983715,0.4183751501,649.0004073,0,648.999942,649.9999804,-0.02042912255,1,0.008996680969,0.008996680043,-0.793682807,-0.793682807,1,-0.006316211837,-0.006316211837,4.256924173,4.256924173
80,1603204,1,19.99983715,0.4183751501,649.0004073,0,648.999942,649.9999804,-0.02042912255,1,0.008996680969,0.008996680448,-0.793682807,-0.793682807,1,-0.006316211837,-0.006316211837,4.256924173,4.256924173
81,1623770,1,19.99983715,0.4183751501,649.0004073,0,648.999942,649.9999804,-0.02042912255,1,0.008996680969,0.008996680676,-0.793682807,-0.793682807,1,-0.006316211837,-0.006316211837,4.256924173,4.256924173
82,1646854,1,19.99983715,0.4183751501,649.0004073,0,648.999942,649.9999804,-0.02042912255,1,0.008996680969,0.008996680804,-0.793682807,-0.793682807,1,-0.006316211837,-0.006316211837,4.256924173,4.256924173
83,1663739,1,19.99983715,0.4183751501,649.0004073,0,648.999942,649.9999804,-0.02042912255,1,0.008996680969,0.008996680876,-0.793682807,-0.793682807,1,-0.006316211837,-0.006316211837,4.256924173,4.256924173
84,1683899,1,19.99983715,0.4183751501,649.0004073,0,648.999942,649.9999804,-0.02042912255,1,0.008996680969,0.008996680916,-0.793682807,-0.793682807,1,-0.006316211837,-0.006316211837,4.256924173,4.256924173
85,1703922,1,19.99983715,0.4183751501,649.0004073,0,648.999942,649.9999804,-0.02042912255,1,0.008996680969,0.008996680939,-0.793682807,-0.793682807,1,-0.006316211837,-0.006316211837,4.256924173,4.256924173
86,1723562,1,19.99983715,0.4183751501,649.0004073,0,648.999942,649.9999804,-0.02042912255,1,0.008996680969,0.008996680952,-0.793682807,-0.793682807,1,-0.006316211837,-0.006316211837,4.256924173,4.256924173
87,1745884,1,19.99983715,0.4183751501,649.0004073,0,648.999942,649.9999804,-0.02042912255,1,0.008996680969,0.008996680959,-0.793682807,-0.793682807,1,-0.006316211837,-0.006316211837,4.256924173,4.256924173
88,1763598,1,19.99983715,0.4183751501,649.0004073,0,648.999942,649.9999804,-0.02042912255,1,0.008996680969,0.008996680963,-0.793682807,-0.793682807,1,-0.006316211837,-0.006316211837,4.256924173,4.256924173
89,1783124,1,19.99983715,0.4183751501,649.0004073,0,648.999942,649.9999804,-0.02042912255,1,0.008996680969,0.008996680966,-0.793682807,-0.793682807,1,-0.006316211837,-0.006316211837,4.256924173,4.256924173
90,1804623,1,19.99983715,0.4183751501,649.0004073,0,648.999942,649.9999804,-0.02042912255,1,0.008996680969,0.008996680967,-0.793682807,-0.793682807,1,-0.006316211837,-0.006316211837,4.256924173,4.256924173
91,1823234,1,19.99983715,0.4183751501,649.0004073,0,648.999942,649.9999804,-0.02042912255,1,0.008996680969,0.008996680968,-0.793682807,-0.793682807,1,-0.006316211837,-0.006316211837,4.256924173,4.256924173
92,1846829,1,19.99983715,0.4183751501,649.0004073,0,648.999942,649.9999804,-0.02042912255,1,0.008996680969,0.008996680968,-0.793682807,-0.793682807,1,-0.006316211837,-0.006316211837,4.256924173,4.256924173
93,1863184,1,19.99983715,0.4183751501,649.0004073,0,648.999942,649.9999804,-0.02042912255,1,0.008996680969,0.008996680968,-0.793682807,-0.793682807,1,-0.006316211837,-0.006316211837,4.256924173,4.256924173
94,1883109,1,19.99983715,0.4183751501,649.0004073,0,648.999942,649.9999804,-0.02042912255,1,0.008996680969,0.008996680968,-0.793682807,-0.793682807,1,-0.006316211837,-0.006316211837,4.256924173,4.256924173
95,1903826,1,19.99983715,0.4183751501,649.0004073,0,648.999942,649.9999804,-0.02042912255,1,0.008996680969,0.008996680968,-0.793682807,-0.793682807,1,-0.006316211837,-0.006316211837,4.256924173,4.256924173
96,1924178,1,19.99983715,0.4183751501,649.0004073,0,648.999942,649.9999804,-0.02042912255,1,0.008996680969,0.008996680968,-0.793682807,-0.793682807,1,-0.006316211837,-0.006316211837,4.256924173,4.256924173
97,1946915,1,19.99983715,0.4183751501,649.0004073,0,648.999942,649.9999804,-0.02042912255,1,0.008996680969,0.008996680968,-0.793682807,-0.793682807,1,-0.006316211837,-0.006316211837,4.256924173,4.256924173
98,1963257,1,19.99983715,0.4183751501,649.0004073,0,648.999942,649.9999804,-0.02042912255,1,0.008996680969,0.008996680968,-0.793682807,-0.793682807,1,-0.006316211837,-0.006316211837,4.256924173,4.256924173
99,1984032,1,19.99983715,0.4183751501,649.0004073,0,648.999942,649.9999804,-0.02042912255,1,0.008996680969,0.008996680968,-0.793682807,-0.793682807,1,-0.006316211837,-0.006316211837,4.256924173,4.256924173
100,2003857,1,19.99983715,0.4183751501,649.0004073,0,648.999942,649.9999804,-0.02042912255,1,0.008996680969,0.008996680969,-0.793682807,-0.793682807,1,-0.006316211837,-0.006316211837,4.256924173,4.256924173
101,2023172,1,19.99983715,0.4183751501,649.0004073,0,648.999942,649.9999804,-0.02042912255,1,0.008996680969,0.008996680969,-0.793682807,-0.793682807,1,-0.006316211837,-0.006316211837,4.256924173,4.256924173
102,2048322,1,19.99983715,0.4183751501,649.0004073,0,648.999942,649.9999804,-0.02042912255,1,0.008996680969,0.008996680969,-0.793682807,-0.793682807,1,-0.006316211837,-0.006316211837,4.256924173,4.256924173
103,2063511,1,19.99983715,0.4183751501,649.0004073,0,648.999942,649.9999804,-0.02042912255,1,0.008996680969,0.008996680969,-0.793682807,-0.793682807,1,-0.006316211837,-0.006316211837,4.256924173,4.256924173
104,2083671,1,19.99983715,0.4183751501,649.0004073,0,648.999942,649.9999804,-0.02042912255,1,0.008996680969,0.008996680969,-0.793682807,-0.793682807,1,-0.006316211837,-0.006316211837,4.256924173,4.256924173
105,2103860,1,19.99983715,0.4183751501,649.0004073,0,648.999942,649.9999804,-0.02042912255,1,0.008996680969,0.008996680969,-0.793682807,-0.793682807,1,-0.006316211837,-0.006316211837,4.256924173,4.256924173
106,2124121,1,19.99983715,0.4183751501,649.0004073,0,648.999942,649.9999804,-0.02042912255,1,0.008996680969,0.008996680969,-0.793682807,-0.793682807,1,-0.006316211837,-0.006316211837,4.256924173,4.256924173
107,2147700,1,19.99983715,0.4183751501,649.0004073,0,648.999942,649.9999804,-0.02042912255,1,0.008996680969,0.008996680969,-0.793682807,-0.793682807,1,-0.006316211837,-0.006316211837,4.256924173,4.256924173
108,2163701,1,19.99983715,0.4183751501,649.0004073,0,648.999942,649.9999804,-0.02042912255,1,0.008996680969,0.008996680969,-0.793682807,-0.793682807,1,-0.006316211837,-0.006316211837,4.256924173,4.256924173
109,2183264,1,19.99983715,0.4183751501,649.0004073,0,648.999942,649.9999804,-0.02042912255,1,0.008996680969,0.008996680969,-0.793682807,-0.793682807,1,-0.006316211837,-0.006316211837,4.256924173,4.256924173
110,2203963,1,19.99983715,0.4183751501,649.0004073,0,648.999942,649.9999804,-0.02042912255,1,0.008996680969,0.008996680969,-0.793682807,-0.793682807,1,-0.006316211837,-0.006316211837,4.256924173,4.256924173
111,2223913,1,19.99983715,0.4183751501,649.0004073,0,648.999942,649.9999804,-0.02042912255,1,0.008996680969,0.008996680969,-0.793682807,-0.793682807,1,-0.006316211837,-0.006316211837,4.256924173,4.256924173
112,2246468,1,19.99983715,0.4183751501,649.0004073,0,648.999942,649.9999804,-0.02042912255,1,0.008996680969,0.008996680969,-0.793682807,-0.793682807,1,-0.006316211837,-0.006316211837,4.256924173,4.256924173
113,2263658,1,19.99983715,0.4183751501,649.0004073,0,648.999942,649.9999804,-0.02042912255,1,0.008996680969,0.008996680969,-0.793682807,-0.793682807,1,-0.006316211837,-0.006316211837,4.256924173,4.256924173
114,2284642,1,19.99983715,0.4183751501,649.0004073,0,648.999942,649.9999804,-0.02042912255,1,0.008996680969,0.008996680969,-0.793682807,-0.793682807,1,-0.006316211837,-0.006316211837,4.256924173,4.256924173
115,2303816,1,19.99983715,0.4183751501,649.0004073,0,648.999942,649.9999804,-0.02042912255,1,0.008996680969,0.008996680969,-0.793682807,-0.793682807,1,-0.006316211837,-0.006316211837,4.256924173,4.256924173
116,2324034,1,19.99983715,0.4183751501,649.0004073,0,648.999942,649.9999804,-0.02042912255,1,0.008996680969,0.008996680969,-0.793682807,-0.793682807,1,-0.006316211837,-0.006316211837,4.256924173,4.256924173
117,2346780,1,19.99983715,0.4183751501,649.0004073,0,648.999942,649.9999804,-0.02042912255,1,0.008996680969,0.008996680969,-0.793682807,-0.793682807,1,-0.006316211837,-0.006316211837,4.256924173,4.256924173
118,2364921,1,19.99983715,0.4183751501,649.0004073,0,648.999942,649.9999804,-0.02042912255,1,0.008996680969,0.008996680969,-0.793682807,-0.793682807,1,-0.006316211837,-0.006316211837,4.256924173,4.256924173
119,2383141,1,19.99983715,0.4183751501,649.0004073,0,648.999942,649.9999804,-0.02042912255,1,0.008996680969,0.008996680969,-0.793682807,-0.793682807,1,-0.006316211837,-0.006316211837,4.256924173,4.256924173
120,2403143,1,19.99983715,0.4183751501,649.0004073,0,648.999942,649.9999804,-0.02042912255,1,0.008996680969,0.008996680969,-0.793682807,-0.793682807,1,-0.006316211837,-0.006316211837,4.256924173,4.256924173
121,2423181,1,19.99983715,0.4183751501,649.0004073,0,648.999942,649.9999804,-0.02042912255,1,0.008996680969,0.008996680969,-0.793682807,-0.793682807,1,-0.006316211837,-0.006316211837,4.256924173,4.256924173
122,2445952,1,19.99983715,0.4183751501,649.0004073,0,648.999942,649.9999804,-0.02042912255,1,0.008996680969,0.008996680969,-0.793682807,-0.793682807,1,-0.006316211837,-0.006316211837,4.256924173,4.256924173
123,2463832,1,19.99983715,0.4183751501,649.0004073,0,648.999942,649.9999804,-0.02042912255,1,0.008996680969,0.008996680969,-0.793682807,-0.793682807,1,-0.006316211837,-0.006316211837,4.256924173,4.256924173
124,2484879,1,19.99983715,0.4183751501,649.0004073,0,648.999942,649.9999804,-0.02042912255,1,0.008996680969,0.008996680969,-0.793682807,-0.793682807,1,-0.006316211837,-0.006316211837,4.256924173,4.256924173
125,2503326,1,19.99983715,0.4183751501,649.0004073,0,648.999942,649.9999804,-0.02042912255,1,0.008996680969,0.008996680969,-0.793682807,-0.793682807,1,-0.006316211837,-0.006316211837,4.256924173,4.256924173
126,2524912,1,19.99983715,0.4183751501,649.0004073,0,648.999942,649.9999804,-0.02042912255,1,0.008996680969,0.008996680969,-0.793682807,-0.793682807,1,-0.006316211837,-0.006316211837,4.256924173,4.256924173
127,2546107,1,19.99983715,0.4183751501,649.0004073,0,648.999942,649.9999804,-0.02042912255,1,0.008996680969,0.008996680969,-0.793682807,-0.793682807,1,-0.006316211837,-0.006316211837,4.256924173,4.256924173
128,2563678,1,19.99983715,0.4183751501,649.0004073,0,648.999942,649.9999804,-0.02042912255,1,0.008996680969,0.008996680969,-0.793682807,-0.793682807,1,-0.006316211837,-0.006316211837,4.256924173,4.256924173
129,2584064,1,19.99983715,0.4183751501,649.0004073,0,648.999942,649.9999804,-0.02042912255,1,0.008996680969,0.008996680969,-0.793682807,-0.793682807,1,-0.006316211837,-0.006316211837,4.256924173,4.256924173
130,2603628,1,19.99983715,0.4183751501,649.0004073,0,648.999942,649.9999804,-0.02042912255,1,0.008996680969,0.008996680969,-0.793682807,-0.793682807,1,-0.006316211837,-0.006316211837,4.256924173,4.256924173
131,2623322,1,19.99983715,0.4183751501,649.0004073,0,648.999942,649.9999804,-0.02042912255,1,0.008996680969,0.008996680969,-0.793682807,-0.793682807,1,-0.006316211837,-0.006316211837,4.256924173,4.256924173
132,2646589,1,19.99983715,0.4183751501,649.0004073,0,648.999942,649.9999804,-0.02042912255,1,0.008996680969,0.008996680969,-0.793682807,-0.793682807,1,-0.006316211837,-0.006316211837,4.256924173,4.256924173
133,2663788,1,19.99983715,0.4183751501,649.0004073,0,648.999942,649.9999804,-0.02042912255,1,0.008996680969,0.008996680969,-0.793682807,-0.793682807,1,-0.006316211837,-0.006316211837,4.256924173,4.256924173
134,2683715,1,19.99983715,0.4183751501,649.0004073,0,648.999942,649.9999804,-0.02042912255,1,0.008996680969,0.008996680969,-0.793682807,-0.793682807,1,-0.006316211837,-0.006316211837,4.256924173,4.256924173
135,2703209,1,19.99983715,0.4183751501,649.0004073,0,648.999942,649.9999804,-0.02042912255,1,0.008996680969,0.008996680969,-0.793682807,-0.793682807,1,-0.006316211837,-0.006316211837,4.256924173,4.256924173
136,2723713,1,19.99983715,0.4183751501,649.0004073,0,648.999942,649.9999804,-0.02042912255,1,0.008996680969,0.008996680969,-0.793682807,-0.793682807,1,-0.006316211837,-0.006316211837,4.256924173,4.256924173
137,2746979,1,19.99983715,0.4183751501,649.0004073,0,648.999942,649.9999804,-0.02042912255,1,0.008996680969,0.008996680969,-0.793682807,-0.793682807,1,-0.006316211837,-0.006316211837,4.256924173,4.256924173
138,2764055,1,19.99983715,0.4183751501,649.0004073,0,648.999942,649.9999804,-0.02042912255,1,0.008996680969,0.008996680969,-0.793682807,-0.793682807,1,-0.006316211837,-0.006316211837,4.256924173,4.256924173
139,2784028,1,19.99983715,0.4183751501,649.0004073,0,648.999942,649.9999804,-0.02042912255,1,0.008996680969,0.008996680969,-0.793682807,-0.793682807,1,-0.006316211837,-0.006316211837,4.256924173,4.256924173
140,2803952,1,19.99983715,0.4183751501,649.0004073,0,648.999942,649.9999804,-0.02042912255,1,0.008996680969,0.008996680969,-0.793682807,-0.793682807,1,-0.006316211837,-0.006316211837,4.256924173,4.256924173
141,2824284,1,19.99983715,0.4183751501,649.0004073,0,648.999942,649.9999804,-0.02042912255,1,0.008996680969,0.008996680969,-0.793682807,-0.793682807,1,-0.006316211837,-0.006316211837,4.256924173,4.256924173
142,2847357,1,19.99983715,0.4183751501,649.0004073,0,648.999942,649.9999804,-0.02042912255,1,0.008996680969,0.008996680969,-0.793682807,-0.793682807,1,-0.006316211837,-0.006316211837,4.256924173,4.256924173
143,2864227,1,19.99983715,0.4183751501,649.0004073,0,648.999942,649.9999804,-0.02042912255,1,0.008996680969,0.008996680969,-0.793682807,-0.793682807,1,-0.006316211837,-0.006316211837,4.256924173,4.256924173
144,2883423,1,19.99983715,0.4183751501,649.0004073,0,648.999942,649.9999804,-0.02042912255,1,0.008996680969,0.008996680969,-0.793682807,-0.793682807,1,-0.006316211837,-0.006316211837,4.256924173,4.256924173
145,2904086,1,19.99983715,0.4183751501,649.0004073,0,648.999942,649.9999804,-0.02042912255,1,0.008996680969,0.008996680969,-0.793682807,-0.793682807,1,-0.006316211837,-0.006316211837,4.256924173,4.256924173
146,2924992,1,19.99983715,0.4183751501,649.0004073,0,648.999942,649.9999804,-0.02042912255,1,0.009010351007,0.009000098478,-0.793682807,-0.793682807,1,-0.006316211837,-0.006316211837,4.256924173,4.256924173
147,2947133,1,19.99983715,0.4183751501,649.0004073,0,648.999942,649.9999804,-0.02042912255,1,0.009010938783,0.009004841101,-0.793682807,-0.793682807,1,-0.006316211837,-0.006316211837,4.256924173,4.256924173
148,2963198,1,19.99983715,0.4183751501,649.0004073,0,648.999942,649.9999804,-0.02042912255,1,0.009010938783,0.009007508837,-0.793682807,-0.793682807,1,-0.006316211837,-0.006316211837,4.256924173,4.256924173
149,2984166,1,19.99983715,0.4183751501,649.0004073,0,648.999942,649.9999804,-0.02042912255,1,0.009010938783,0.009009009438,-0.793682807,-0.793682807,1,-0.006316211837,-0.006316211837,4.256924173,4.256924173
150,3003994,1,19.99983715,0.4183751501,649.0004073,0,648.999942,649.9999804,-0.02042912255,1,0.009010938783,0.009009853527,-0.793682807,-0.793682807,1,-0.006316211837,-0.006316211837,4.256924173,4.256924173
151,3023589,1,19.99983715,0.4183751501,649.0004073,0,648.999942,649.9999804,-0.02042912255,1,0.009010938783,0.009010328326,-0.793682807,-0.793682807,1,-0.006316211837,-0.006316211837,4.256924173,4.256924173
152,3045444,1,19.99983715,0.4183751501,649.0004073,0,648.999942,649.9999804,-0.02042912255,1,0.009010938783,0.009010595401,-0.793682807,-0.793682807,1,-0.006316211837,-0.006316211837,4.256924173,4.256924173
153,3063166,1,19.99983715,0.4183751501,649.0004073,0,648.999942,649.9999804,-0.02042912255,1,0.009010938783,0.009010745631,-0.793682807,-0.793682807,1,-0.006316211837,-0.006316211837,4.256924173,4.256924173
154,3083239,1,19.99983715,0.4183751501,649.0004073,0,648.999942,649.9999804,-0.02042912255,1,0.009010938783,0.009010830135,-0.793682807,-0.793682807,1,-0.006316211837,-0.006316211837,4.256924173,4.256924173
155,3103638,1,19.99983715,0.4183751501,649.0004073,0,648.999942,649.9999804,-0.02042912255,1,0.009010938783,0.009010877668,-0.793682807,-0.793682807,1,-0.006316211837,-0.006316211837,4.256924173,4.256924173
156,3123362,1,19.99983715,0.4183751501,649.0004073,0,648.999942,649.9999804,-0.02042912255,1,0.009010938783,0.009010904406,-0.793682807,-0.793682807,1,-0.006316211837,-0.006316211837,4.256924173,4.256924173
157,3145054,1,19.99983715,0.4183751501,649.0004073,0,648.999942,649.9999804,-0.02042912255,1,0.009010938783,0.009010919446,-0.793682807,-0.793682807,1,-0.006316211837,-0.006316211837,4.256924173,4.256924173
158,3163680,1,19.99983715,0.4183751501,649.0004073,0,648.999942,649.9999804,-0.02042912255,1,0.009010938783,0.009010927906,-0.793682807,-0.793682807,1,-0.006316211837,-0.006316211837,4.256924173,4.256924173
159,3184055,1,19.99983715,0.4183751501,649.0004073,0,648.999942,649.9999804,-0.02042912255,1,0.009010938783,0.009010932665,-0.793682807,-0.793682807,1,-0.006316211837,-0.006316211837,4.256924173,4.256924173
160,3203920,1,19.99983715,0.4183751501,649.0004073,0,648.999942,649.9999804,-0.02042912255,1,0.009010938783,0.009010935341,-0.793682807,-0.793682807,1,-0.006316211837,-0.006316211837,4.256924173,4.256924173
161,3223249,1,19.99983715,0.4183751501,649.0004073,0,648.999942,649.9999804,-0.02042912255,1,0.009010938783,0.009010936847,-0.793682807,-0.793682807,1,-0.006316211837,-0.006316211837,4.256924173,4.256924173
162,3246635,1,19.99983715,0.4183751501,649.0004073,0,648.999942,649.9999804,-0.02042912255,1,0.009010938783,0.009010937694,-0.793682807,-0.793682807,1,-0.006316211837,-0.006316211837,4.256924173,4.256924173
163,3263743,1,19.99983715,0.4183751501,649.0004073,0,648.999942,649.9999804,-0.02042912255,1,0.009010938783,0.009010938171,-0.793682807,-0.793682807,1,-0.006316211837,-0.006316211837,4.256924173,4.256924173
164,3283944,1,19.99983715,0.4183751501,649.0004073,0,648.999942,649.9999804,-0.02042912255,1,0.009010938783,0.009010938438,-0.793682807,-0.793682807,1,-0.006316211837,-0.006316211837,4.256924173,4.256924173
165,3304160,1,19.99983715,0.4183751501,649.0004073,0,648.999942,649.9999804,-0.02042912255,1,0.009010938783,0.009010938589,-0.793682807,-0.793682807,1,-0.006316211837,-0.006316211837,4.256924173,4.256924173
166,3323127,1,19.99983715,0.4183751501,649.0004073,0,648.999942,649.9999804,-0.02042912255,1,0.009010938783,0.009010938674,-0.793682807,-0.793682807,1,-0.006316211837,-0.006316211837,4.256924173,4.256924173
167,3346816,1,19.99983715,0.4183751501,649.0004073,0,648.999942,649.9999804,-0.02042912255,1,0.009010938783,0.009010938722,-0.793682807,-0.793682807,1,-0.006316211837,-0.006316211837,4.256924173,4.256924173
168,3363692,1,19.99983715,0.4183751501,649.0004073,0,648.999942,649.9999804,-0.02042912255,1,0.009010938783,0.009010938737,-0.793682807,-0.793682807,1,-0.006316211837,-0.006316211837,4.256924173,4.256924173
169,3383690,1,19.99983715,0.4183751501,649.0004073,0,648.999942,649.9999804,-0.02042912255,1,0.009010938783,0.009010938764,-0.793682807,-0.793682807,1,-0.006316211837,-0.006316211837,4.256924173,4.256924173
170,3404083,1,19.99983715,0.4183751501,649.0004073,0,648.999942,649.9999804,-0.02042912255,1,0.009010938783,0.009010938772,-0.793682807,-0.793682807,1,-0.006316211837,-0.006316211837,4.256924173,4.256924173
171,3424052,1,19.99983715,0.4183751501,649.0004073,0,648.999942,649.9999804,-0.02042912255,1,0.009010938783,0.009010938777,-0.793682807,-0.793682807,1,-0.006316211837,-0.006316211837,4.256924173,4.256924173
172,3447646,1,19.99983715,0.4183751501,649.0004073,0,648.999942,649.9999804,-0.02042912255,1,0.009010938783,0.00901093878,-0.793682807,-0.793682807,1,-0.006316211837,-0.006316211837,4.256924173,4.256924173
173,3464848,1,19.99983715,0.4183751501,649.0004073,0,648.999942,649.9999804,-0.02042912255,1,0.009010938783,0.00901093878,-0.793682807,-0.793682807,1,-0.006316211837,-0.006316211837,4.256924173,4.256924173
174,3484265,1,19.99983715,0.4183751501,649.0004073,0,648.999942,649.9999804,-0.02042912255,1,0.009010938783,0.009010938782,-0.793682807,-0.793682807,1,-0.006316211837,-0.006316211837,4.256924173,4.256924173
175,3503144,1,19.99983715,0.4183751501,649.0004073,0,648.999942,649.9999804,-0.02042912255,1,0.009010938783,0.009010938782,-0.793682807,-0.793682807,1,-0.006316211837,-0.006316211837,4.256924173,4.256924173
176,3524299,1,19.99983715,0.4183751501,649.0004073,0,648.999942,649.9999804,-0.02042912255,1,0.009010938783,0.009010938783,-0.793682807,-0.793682807,1,-0.006316211837,-0.006316211837,4.256924173,4.256924173
177,3546258,1,19.99983715,0.4183751501,649.0004073,0,648.999942,649.9999804,-0.02042912255,1,0.009010938783,0.009010938783,-0.793682807,-0.793682807,1,-0.006316211837,-0.006316211837,4.256924173,4.256924173
178,3564835,1,19.99983715,0.4183751501,649.0004073,0,648.999942,649.9999804,-0.02042912255,1,0.009010938783,0.009010938783,-0.793682807,-0.793682807,1,-0.006316211837,-0.006316211837,4.256924173,4.256924173
179,3583721,1,19.99983715,0.4183751501,649.0004073,0,648.999942,649.9999804,-0.02042912255,1,0.009010938783,0.009010938783,-0.793682807,-0.793682807,1,-0.006316211837,-0.006316211837,4.256924173,4.256924173
180,3603194,1,19.99983715,0.4183751501,649.0004073,0,648.999942,649.9999804,-0.02042912255,1,0.009010938783,0.009010938783,-0.793682807,-0.793682807,1,-0.006316211837,-0.006316211837,4.256924173,4.256924173
181,3623166,1,19.99983715,0.4183751501,649.0004073,0,648.999942,649.9999804,-0.02042912255,1,0.009010938783,0.009010938783,-0.793682807,-0.793682807,1,-0.006316211837,-0.006316211837,4.256924173,4.256924173
182,3646481,1,19.99983715,0.4183751501,649.0004073,0,648.999942,649.9999804,-0.02042912255,1,0.009010938783,0.009010938783,-0.793682807,-0.793682807,1,-0.006316211837,-0.006316211837,4.256924173,4.256924173
183,3663159,1,19.99983715,0.4183751501,649.0004073,0,648.999942,649.9999804,-0.02042912255,1,0.009010938783,0.009010938783,-0.793682807,-0.793682807,1,-0.006316211837,-0.006316211837,4.256924173,4.256924173
184,3683643,1,19.99983715,0.4183751501,649.0004073,0,648.999942,649.9999804,-0.02042912255,1,0.009010938783,0.009010938783,-0.793682807,-0.793682807,1,-0.006316211837,-0.006316211837,4.256924173,4.256924173
185,3703917,1,19.99983715,0.4183751501,649.0004073,0,648.999942,649.9999804,-0.02042912255,1,0.009010938783,0.009010938783,-0.793682807,-0.793682807,1,-0.006316211837,-0.006316211837,4.256924173,4.256924173
186,3723424,1,19.99983715,0.4183751501,649.0004073,0,648.999942,649.9999804,-0.02042912255,1,0.009010938783,0.009010938783,-0.793682807,-0.793682807,1,-0.006316211837,-0.006316211837,4.256924173,4.256924173
187,3746572,1,19.99983715,0.4183751501,649.0004073,0,648.999942,649.9999804,-0.02042912255,1,0.009010938783,0.009010938783,-0.793682807,-0.793682807,1,-0.006316211837,-0.006316211837,4.256924173,4.256924173
188,3764042,1,19.99983715,0.4183751501,649.0004073,0,648.999942,649.9999804,-0.02042912255,1,0.009010938783,0.009010938783,-0.793682807,-0.793682807,1,-0.006316211837,-0.006316211837,4.256924173,4.256924173
189,3783878,1,19.99983715,0.4183751501,649.0004073,0,648.999942,649.9999804,-0.02042912255,1,0.009010938783,0.009010938783,-0.793682807,-0.793682807,1,-0.006316211837,-0.006316211837,4.256924173,4.256924173
190,3803793,1,19.99983715,0.4183751501,649.0004073,0,648.999942,649.9999804,-0.02042912255,1,0.009010938783,0.009010938783,-0.793682807,-0.793682807,1,-0.006316211837,-0.006316211837,4.256924173,4.256924173
191,3824161,1,19.99983715,0.4183751501,649.0004073,0,648.999942,649.9999804,-0.02042912255,1,0.009010938783,0.009010938783,-0.793682807,-0.793682807,1,-0.006316211837,-0.006316211837,4.256924173,4.256924173
192,3845364,1,19.99983715,0.4183751501,649.0004073,0,648.999942,649.9999804,-0.02042912255,1,0.009010938783,0.009010938783,-0.793682807,-0.793682807,1,-0.006316211837,-0.006316211837,4.256924173,4.256924173
193,3863518,1,19.99983715,0.4183751501,649.0004073,0,648.999942,649.9999804,-0.02042912255,1,0.009010938783,0.009010938783,-0.793682807,-0.793682807,1,-0.006316211837,-0.006316211837,4.256924173,4.256924173
194,3883808,1,19.99983715,0.4183751501,649.0004073,0,648.999942,649.9999804,-0.02042912255,1,0.009010938783,0.009010938783,-0.793682807,-0.793682807,1,-0.006316211837,-0.006316211837,4.256924173,4.256924173
195,3904217,1,19.99983715,0.4183751501,649.0004073,0,648.999942,649.9999804,-0.02042912255,1,0.009010938783,0.009010938783,-0.793682807,-0.793682807,1,-0.006316211837,-0.006316211837,4.256924173,4.256924173
196,3924102,1,19.99983715,0.4183751501,649.0004073,0,648.999942,649.9999804,-0.02042912255,1,0.009010938783,0.009010938783,-0.793682807,-0.793682807,1,-0.006316211837,-0.006316211837,4.256924173,4.256924173
197,3947369,1,19.99983715,0.4183751501,649.0004073,0,648.999942,649.9999804,-0.02042912255,1,0.009010938783,0.009010938783,-0.793682807,-0.793682807,1,-0.006316211837,-0.006316211837,4.256924173,4.256924173
198,3963835,1,19.99983715,0.4183751501,649.0004073,0,648.999942,649.9999804,-0.02042912255,1,0.009010938783,0.009010938783,-0.793682807,-0.793682807,1,-0.006316211837,-0.006316211837,4.256924173,4.256924173
199,3983266,1,19.99983715,0.4183751501,649.0004073,0,648.999942,649.9999804,-0.02042912255,1,0.009010938783,0.009010938783,-0.793682807,-0.793682807,1,-0.006316211837,-0.006316211837,4.256924173,4.256924173
200,4003887,1,19.99983715,0.4183751501,649.0004073,0,648.999942,649.9999804,-0.02042912255,1,0.009010938783,0.009010938783,-0.793682807,-0.793682807,1,-0.006316211837,-0.006316211837,4.256924173,4.256924173
201,4023450,1,19.99983715,0.4183751501,649.0004073,0,648.999942,649.9999804,-0.02042912255,1,0.009010938783,0.009010938783,-0.793682807,-0.793682807,1,-0.006316211837,-0.006316211837,4.256924173,4.256924173
202,4045664,1,19.99983715,0.4183751501,649.0004073,0,648.999942,649.9999804,-0.02042912255,1,0.009010938783,0.009010938783,-0.793682807,-0.793682807,1,-0.006316211837,-0.006316211837,4.256924173,4.256924173
203,4063709,1,19.99983715,0.4183751501,649.0004073,0,648.999942,649.9999804,-0.02042912255,1,0.009010938783,0.009010938783,-0.793682807,-0.793682807,1,-0.006316211837,-0.006316211837,4.256924173,4.256924173
204,4084042,1,19.99983715,0.4183751501,649.0004073,0,648.999942,649.9999804,-0.02042912255,1,0.009010938783,0.009010938783,-0.793682807,-0.793682807,1,-0.006316211837,-0.006316211837,4.256924173,4.256924173
205,4103417,1,19.99983715,0.4183751501,649.0004073,0,648.999942,649.9999804,-0.02042912255,1,0.009010938783,0.009010938783,-0.793682807,-0.793682807,1,-0.006316211837,-0.006316211837,4.256924173,4.256924173
206,4123628,1,19.99983715,0.4183751501,649.0004073,0,648.999942,649.9999804,-0.02042912255,1,0.009010938783,0.009010938783,-0.793682807,-0.793682807,1,-0.006316211837,-0.006316211837,4.256924173,4.256924173
207,4146733,1,19.99983715,0.4183751501,649.0004073,0,648.999942,649.9999804,-0.02042912255,1,0.009010938783,0.009010938783,-0.793682807,-0.793682807,1,-0.006316211837,-0.006316211837,4.256924173,4.256924173
208,4163536,1,19.99983715,0.4183751501,649.0004073,0,648.999942,649.9999804,-0.02042912255,1,0.009010938783,0.009010938783,-0.793682807,-0.793682807,1,-0.006316211837,-0.006316211837,4.256924173,4.256924173
209,4183784,1,19.99983715,0.4183751501,649.0004073,0,648.999942,649.9999804,-0.02042912255,1,0.009010938783,0.009010938783,-0.793682807,-0.793682807,1,-0.006316211837,-0.006316211837,4.256924173,4.256924173
210,4203812,1,19.99983715,0.4183751501,649.0004073,0,648.999942,649.9999804,-0.02042912255,1,0.009010938783,0.009010938783,-0.793682807,-0.793682807,1,-0.006316211837,-0.006316211837,4.256924173,4.256924173
211,4223549,1,19.99983715,0.4183751501,649.0004073,0,648.999942,649.9999804,-0.02042912255,1,0.009010938783,0.009010938783,-0.793682807,-0.793682807,1,-0.006316211837,-0.006316211837,4.256924173,4.256924173
212,4245899,1,19.99983715,0.4183751501,649.0004073,0,648.999942,649.9999804,-0.02042912255,1,0.009065253633,0.009024517495,-0.7940271326,-0.7937516721,1,-0.006316211837,-0.006316211837,4.256924173,4.256924173
213,4264028,1,19.99983715,0.4183751501,649.0004073,0,648.999942,649.9999804,-0.02042912255,1,0.009421640937,0.009149767052,-0.7979473687,-0.7947857508,1,-0.006316211837,-0.006316211837,4.256924173,4.256924173
214,4284159,1,19.99627001,0.4183751501,648.9966851,0,648.9977707,649.9999804,-0.02042912255,1,0.01011181712,0.009497549013,-0.8057062695,-0.7980541216,1,-0.006316211837,-0.006316211837,4.256924173,4.256924173
215,4303838,1,19.94167734,0.4100715212,648.93806,0,648.9420924,649.9999804,-0.02042912255,1,0.01091183861,0.01004506441,-0.8111113816,-0.8024574872,1,-0.006316211837,-0.006316211837,4.256924173,4.256924173
216,4323164,1,19.78162157,0.3647209324,648.7812611,0,648.7871547,649.9999804,-0.02042912255,1,0.01165444704,0.01068136465,-0.8115980546,-0.8057479081,1,-0.006316211837,-0.006316211837,4.256924173,4.256924173
217,4346892,1,19.40877848,0.2088682047,648.4108995,0,648.4237722,649.9999804,-0.02042912255,1,0.01257547295,0.01142562086,-0.8115980549,-0.8078539609,1,-0.006316211837,-0.006316211837,4.256924173,4.256924173
218,4363487,1,19.10526187,0.09964354721,648.105832,0,648.1230473,649.9999804,-0.02042912255,1,0.01309492188,0.01209769307,-0.8115980549,-0.8092018348,1,-0.006316211837,-0.006316211837,4.256924173,4.256924173
219,4384448,1,18.56352271,-0.03385325642,647.5622317,0,647.5675049,649.9999804,-0.02042912255,1,0.01366956515,0.01272628212,-0.8115980549,-0.810064474,1,-0.006316211837,-0.006316211837,4.256924173,4.256924173
220,4403414,1,18.11065173,-0.1111408796,647.113083,0,647.1150992,649.9999804,-0.02042912255,1,0.01398468243,0.01324690251,-0.8115980549,-0.8106165631,1,-0.006316211837,-0.006316211837,4.256924173,4.256924173
221,4423838,1,17.59527835,-0.1871510214,646.5952281,0,646.5973994,649.9999804,-0.02042912255,1,0.01418299502,0.01364241921,-0.8115980549,-0.8109699002,1,-0.006316211837,-0.006316211837,4.256924173,4.256924173
222,4446077,1,17.55821117,-0.2331403508,646.5611077,0,646.5448229,649.9999804,-0.02042912255,1,0.0142435222,0.01390178916,-0.8115980549,-0.8111960359,1,-0.006316211837,-0.006316211837,4.256924173,4.256924173
223,4463998,1,17.58426676,-0.2548575342,646.5885591,0,646.5775475,649.9999804,-0.02042912255,1,0.01424355672,0.01405131246,-0.8115980549,-0.8113407627,1,-0.006316211837,-0.006316211837,4.256924173,4.256924173
224,4484253,1,17.51075277,-0.2784909396,646.5167512,0,646.5245058,649.9999804,-0.02042912255,1,0.01424355672,0.01413541932,-0.8115980549,-0.8114333879,1,-0.006316211837,-0.006316211837,4.256924173,4.256924173
225,4503135,1,17.41800728,-0.3008468637,646.4188876,0,646.4292788,649.9999804,-0.02042912255,1,0.01425661881,0.01418599496,-0.8114237893,-0.8114578149,1,-0.006316211837,-0.006316211837,4.256924173,4.256924173
226,4523840,1,17.32898401,-0.3263964912,646.3295541,0,646.3387046,649.9999804,-0.02042912255,1,0.01432777178,0.01423750999,-0.8110419852,-0.8113374856,1,-0.006316211837,-0.006316211837,4.256924173,4.256924173
227,4546668,1,17.27284041,-0.351307378,646.275892,0,646.2851976,649.9999804,-0.02042912255,1,0.01464020075,0.01437337329,-0.8110382034,-0.8112297441,1,-0.006316211837,-0.006316211837,4.256924173,4.256924173
228,4563271,1,17.2450788,-0.363443451,646.2485957,0,646.257436,649.9999804,-0.02042912255,1,0.01500743441,0.01460742184,-0.8110382034,-0.8111607894,1,-0.006316211837,-0.006316211837,4.256924173,4.256924173
229,4584072,1,17.1675324,-0.3704695986,646.1704289,0,646.1764775,649.9999804,-0.02042912255,1,0.01563326694,0.01499979143,-0.8110382034,-0.8111166585,1,-0.006316211837,-0.006316211837,4.256924173,4.256924173
230,4603196,1,17.0425276,-0.373663302,646.0437181,0,646.0465098,649.9999804,-0.02042912255,1,0.01610544043,0.01544706688,-0.8110382034,-0.8110884146,1,-0.006316211837,-0.006316211837,4.256924173,4.256924173
231,4623894,1,16.81236989,-0.3768570055,645.814646,0,645.8175928,649.9999804,-0.02042912255,1,0.01646597967,0.01586017727,-0.8110382034,-0.8110703386,1,-0.006316211837,-0.006316211837,4.256924173,4.256924173
232,4644908,1,16.51738338,-0.3800507089,645.5199697,0,645.5216757,649.9999804,-0.02042912255,1,0.01661105883,0.01617906394,-0.8110382034,-0.8110587699,1,-0.006316211837,-0.006316211837,4.256924173,4.256924173
233,4664150,1,16.23635522,-0.3826056717,645.2394068,0,645.2403374,649.9999804,-0.02042912255,1,0.01662461174,0.01637398945,-0.8110382034,-0.811051366,1,-0.006316211837,-0.006316211837,4.256924173,4.256924173
234,4683158,1,15.9911535,-0.3851606344,644.9904829,0,644.9935847,649.9999804,-0.02042912255,1,0.01662461174,0.0164836367,-0.8110382034,-0.8110466275,1,-0.006316211837,-0.006316211837,4.256924173,4.256924173
235,4703940,1,15.77914164,-0.3883543378,644.7753692,0,644.7815729,649.9999804,-0.02042912255,1,0.01663886548,0.01654966259,-0.8110382034,-0.8110435948,1,-0.006316211837,-0.006316211837,4.256924173,4.256924173
236,4724228,1,15.63909284,-0.392186782,644.6405935,0,644.641369,649.9999804,-0.02042912255,1,0.01665312329,0.01659225407,-0.8110382034,-0.8110416539,1,-0.006316211837,-0.006316211837,4.256924173,4.256924173
237,4746829,1,15.54572697,-0.3966579668,644.5470726,0,644.547848,649.9999804,-0.02042912255,1,0.01669553433,0.01663212747,-0.81285313,-0.8114545591,1,-0.006316211837,-0.006316211837,4.256924173,4.256924173
238,4763731,1,15.51346767,-0.4017678923,644.5141929,0,644.5165193,649.9999804,-0.02042912255,1,0.01672588469,0.01666991231,-0.8153752605,-0.8125804534,1,-0.006316211837,-0.006316211837,4.256924173,4.256924173
239,4783790,1,15.49594219,-0.4164589281,644.4965123,0,644.4996142,649.9999804,-0.02042912255,1,0.01675173537,0.01669036808,-0.8167430121,-0.8134129651,1,-0.006316211837,-0.006316211837,4.256924173,4.256924173
240,4803707,1,15.48865282,-0.45542211,644.4895331,0,644.492635,649.9999804,-0.02042912255,1,0.01688208648,0.01677510712,-0.8170099527,-0.8151682854,1,-0.006316211837,-0.006316211837,4.256924173,4.256924173
241,4823084,1,15.4826042,-0.5161024753,644.4834845,0,644.4865864,649.9999804,-0.02042912255,1,0.01713658297,0.01691032578,-0.817370834,-0.8159331744,1,-0.006316211837,-0.006316211837,4.256924173,4.256924173
242,4847552,1,15.43902313,-0.6055261715,644.4406789,0,644.4423849,649.9999804,-0.02042912255,1,0.01770022457,0.01718589873,-0.8207454671,-0.8172282102,1,-0.006316211837,-0.006316211837,4.256924173,4.256924173
243,4863702,1,15.38706704,-0.6610966113,644.3902737,0,644.3894983,649.9999804,-0.02042912255,1,0.0180720569,0.01753679716,-0.8242616057,-0.8194601586,1,-0.006316211837,-0.006316211837,4.256924173,4.256924173
244,4883792,1,15.2434511,-0.7236931987,644.2480536,0,644.2443314,649.9999804,-0.02042912255,1,0.01859724354,0.01795878733,-0.82893169,-0.8225634486,1,-0.006316211837,-0.006316211837,4.256924173,4.256924173
245,4903907,1,15.02570081,-0.8086457101,644.0312339,0,644.0292177,649.9999804,-0.02042912255,1,0.01913165994,0.01841304662,-0.8349003267,-0.8264034386,1,-0.006316211837,-0.006316211837,4.256924173,4.256924173
246,4924651,1,14.73831385,-0.9593885122,643.7433817,0,643.7399696,649.9999804,-0.02042912255,1,0.01971040661,0.01891410875,-0.8401945836,-0.8309102404,1,-0.006316211837,-0.006316211837,4.256924173,4.256924173
247,4945737,1,14.42145926,-1.140790867,643.4268373,0,643.4259067,649.9999804,-0.02042912255,1,0.02024585731,0.01944552619,-0.8424294405,-0.8349142487,1,-0.006316211837,-0.006316211837,4.256924173,4.256924173
248,4964374,1,14.09855604,-1.334968036,643.1019178,0,643.1034688,649.9999804,-0.02042912255,1,0.02082546874,0.01999557666,-0.844862683,-0.8382573417,1,-0.006316211837,-0.006316211837,4.256924173,4.256924173
249,4983835,1,13.73998148,-1.546391204,642.7447391,0,642.7458248,649.9999804,-0.02042912255,1,0.02105265595,0.02025984648,-0.8468244877,-0.8399707709,1,-0.006316211837,-0.006316211837,4.256924173,4.256924173
250,5003272,1,13.3691546,-1.758453112,642.3745326,0,642.3757733,649.9999804,-0.02042912255,1,0.02158961207,0.02095878351,-0.8511456074,-0.8449942398,1,-0.006316211837,-0.006316211837,4.256924173,4.256924173
251,5023934,1,12.94869801,-1.984567315,641.9520598,0,641.9508191,649.9999804,-0.02042912255,1,0.02198006081,0.02136824097,-0.8535074721,-0.8478738738,1,-0.006316211837,-0.006316211837,4.256924173,4.256924173
252,5045741,1,12.54747293,-2.210042778,641.5492838,0,641.5550222,649.9999804,-0.02042912255,1,0.02241089879,0.02178085966,-0.8550329618,-0.8503301602,1,-0.006316211837,-0.006316211837,4.256924173,4.256924173
253,5063966,1,12.25744939,-2.372921653,641.2584848,0,641.2653089,649.9999804,-0.02042912255,1,0.02275713558,0.0221714783,-0.8554019723,-0.8521340224,1,-0.006316211837,-0.006316211837,4.256924173,4.256924173
254,5083159,1,11.9534675,-2.526219418,640.9557437,0,640.9566742,649.9999804,-0.02042912255,1,0.02276279563,0.02243017963,-0.855412747,-0.8533143633,1,-0.006316211837,-0.006316211837,4.256924173,4.256924173
255,5103170,1,11.64250644,-2.674407258,640.6447826,0,640.6447826,649.9999804,-0.02042912255,1,0.0227687653,0.02257719155,-0.8554212505,-0.8540714821,1,-0.006316211837,-0.006316211837,4.256924173,4.256924173
256,5123192,1,11.39559869,-2.790658063,640.398185,0,640.3998911,649.9999804,-0.02042912255,1,0.0227687653,0.02266100507,-0.8554212505,-0.8545573987,1,-0.006316211837,-0.006316211837,4.256924173,4.256924173
257,5145943,1,11.20049195,-2.887746647,640.2047843,0,640.2080413,649.9999804,-0.02042912255,1,0.02407786328,0.02323569828,-0.8572939064,-0.8554699004,1,-0.006316211837,-0.006316211837,4.256924173,4.256924173
258,5164344,1,11.07610752,-2.934374717,640.0777633,0,640.0771429,649.9999804,-0.02042912255,1,0.02445994607,0.02373522256,-0.8575058758,-0.8562012914,1,-0.006316211837,-0.006316211837,4.256924173,4.256924173
259,5183969,1,10.81182939,-2.989945157,639.8151912,0,639.814881,649.9999804,-0.02042912255,1,0.02469115492,0.02397420565,-0.857838491,-0.8565287313,1,-0.006316211837,-0.006316211837,4.256924173,4.256924173
260,5203283,1,10.50272944,-3.038489449,639.5070218,0,639.5062463,649.9999804,-0.02042912255,1,0.02536438992,0.02467164477,-0.8586207887,-0.8574717021,1,-0.006316211837,-0.006316211837,4.256924173,4.256924173
261,5223829,1,10.13996737,-3.090866186,639.1420884,0,639.1389866,649.9999804,-0.02042912255,1,0.02596977261,0.02518374482,-0.8596797664,-0.8581851478,1,-0.006316211837,-0.006316211837,4.256924173,4.256924173
262,5247669,1,9.712221426,-3.134939293,638.7137221,0,638.7165138,649.9999804,-0.02042912255,1,0.02672515031,0.02576841486,-0.8601179489,-0.8588496255,1,-0.006316211837,-0.006316211837,4.256924173,4.256924173
263,5263702,1,9.435225682,-3.166237587,638.4364162,0,638.4368815,649.9999804,-0.02042912255,1,0.02726128865,0.02635692203,-0.8609963249,-0.8595110797,1,-0.006316211837,-0.006316211837,4.256924173,4.256924173
264,5284828,1,9.008100106,-3.211588175,638.0096008,0,638.011617,649.9999804,-0.02042912255,1,0.02806668517,0.0270256377,-0.8630028907,-0.8605747795,1,-0.006316211837,-0.006316211837,4.256924173,4.256924173
265,5304055,1,8.606875028,-3.258216246,637.6113225,0,637.6133387,649.9999804,-0.02042912255,1,0.02878257074,0.02771143372,-0.8645682285,-0.8618780247,1,-0.006316211837,-0.006316211837,4.256924173,4.256924173
266,5323795,1,8.134462354,-3.309315501,637.135808,0,637.13922,649.9999804,-0.02042912255,1,0.02942892343,0.0284024041,-0.8662752644,-0.8632730966,1,-0.006316211837,-0.006316211837,4.256924173,4.256924173
267,5345979,1,7.566512515,-3.362969718,636.5700294,0,636.5718905,649.9999804,-0.02042912255,1,0.03033461615,0.02914763152,-0.8693140925,-0.865194027,1,-0.006316211837,-0.006316211837,4.256924173,4.256924173
268,5363651,1,7.115502647,-3.423650084,636.116383,0,636.1228969,649.9999804,-0.02042912255,1,0.03099341204,0.02989776312,-0.8712756436,-0.8672071767,1,-0.006316211837,-0.006316211837,4.256924173,4.256924173
269,5384054,1,6.576710254,-3.523932372,635.5763498,0,635.5800721,649.9999804,-0.02042912255,1,0.0318093846,0.03066018796,-0.8743875044,-0.8695505243,1,-0.006316211837,-0.006316211837,4.256924173,4.256924173
270,5403664,1,6.052496585,-3.615911031,635.0543075,0,635.0533769,649.9999804,-0.02042912255,1,0.03245008378,0.03138175862,-0.8769399033,-0.8720378317,1,-0.006316211837,-0.006316211837,4.256924173,4.256924173
271,5423752,1,5.453373092,-3.742381687,634.4547187,0,634.4581307,649.9999804,-0.02042912255,1,0.03310756176,0.03207048597,-0.8785977774,-0.874240177,1,-0.006316211837,-0.006316211837,4.256924173,4.256924173
272,5447567,1,4.783372189,-3.893763229,633.7876645,0,633.7904562,649.9999804,-0.02042912255,1,0.03389939371,0.03278113353,-0.8822654597,-0.8767618436,1,-0.006316211837,-0.006316211837,4.256924173,4.256924173
273,5463607,1,4.41642262,-3.989574333,633.4196293,0,633.4202497,649.9999804,-0.02042912255,1,0.03431294618,0.03340699051,-0.8830567465,-0.8789943554,1,-0.006316211837,-0.006316211837,4.256924173,4.256924173
274,5484083,1,3.866773731,-4.123709877,632.8684295,0,632.8730823,649.9999804,-0.02042912255,1,0.03493423491,0.03401352952,-0.8841661645,-0.8807085636,1,-0.006316211837,-0.006316211837,4.256924173,4.256924173
275,5503989,1,3.414523121,-4.259122903,632.4160238,0,632.4188155,649.9999804,-0.02042912255,1,0.03519449742,0.03430877149,-0.8849363803,-0.8815541269,1,-0.006316211837,-0.006316211837,4.256924173,4.256924173
276,5523679,1,3.176455671,-4.384316077,632.179042,0,632.1819888,649.9999804,-0.02042912255,1,0.03580640683,0.03508224266,-0.8866365706,-0.8836501403,1,-0.006316211837,-0.006316211837,4.256924173,4.256924173
277,5546045,1,3.06680506,-4.499289401,632.0667548,0,632.070477,649.9999804,-0.02042912255,1,0.03607279372,0.03549263482,-0.8910529657,-0.8859333398,1,-0.006316211837,-0.006316211837,4.256924173,4.256924173
278,5563748,1,3.198633941,-4.584880653,632.0558983,0,632.0504701,649.9999804,-0.02042912255,1,0.03616878383,0.03577960814,-0.8942021335,-0.8886018057,1,-0.006316211837,-0.006316211837,4.256924173,4.256924173
279,5583951,1,3.178937156,-4.650032203,632.1129725,0,632.1027364,649.9999804,-0.02042912255,1,0.03621434073,0.03588829129,-0.8972553232,-0.8903325092,1,-0.006316211837,-0.006316211837,4.256924173,4.256924173
280,5604161,1,3.17862697,-4.667278202,632.1497295,0,632.1402688,649.9999804,-0.02042912255,0,NaN,NaN,NaN,NaN,0,NaN,NaN,NaN,NaN
281,5634701,1,3.178006599,-4.671110646,632.1705119,0,632.1647735,649.9999804,-0.02042912255,0,NaN,NaN,NaN,NaN,0,NaN,NaN,NaN,NaN
282,5670095,1,3.274319229,-4.673026868,632.1778013,0,632.1731485,649.9999804,-0.02042912255,0,NaN,NaN,NaN,NaN,0,NaN,NaN,NaN,NaN
283,5687180,1,3.850954265,-4.674304349,632.1788869,0,632.1751647,649.9999804,-0.02042912255,0,NaN,NaN,NaN,NaN,0,NaN,NaN,NaN,NaN
284,5724361,1,7.561704638,-4.678136793,632.1795073,0,632.1776462,649.2719748,-0.02042912255,1,0.03755633834,0.03644412369,-0.9440288495,-0.9044650628,1,-0.006316211837,-0.006316211837,4.256924173,4.256924173
285,5743737,1,10.28994211,-4.701131458,632.1801277,0,632.1784216,647.5416044,-0.02042912255,1,0.03756934129,0.03709460741,-0.9466510828,-0.924719827,1,-0.006316211837,-0.006316211837,4.256924173,4.256924173
286,5763376,1,12.92062621,-4.723487382,632.1804378,0,632.1793522,645.0399575,-0.02042912255,1,0.03743478041,0.03725717579,-0.9482367431,-0.9330969628,1,-0.006316211837,-0.006316211837,4.256924173,4.256924173
287,5786531,1,16.25496636,-4.74967575,632.1802828,0,632.1801277,641.608064,-0.02042912255,1,0.0372458856,0.03725435324,-0.9491723456,-0.9363120393,1,-0.006316211837,-0.006316211837,4.256924173,4.256924173
288,5803686,1,17.82326477,-4.763089305,632.1801277,0,632.1802828,639.111225,-0.02042912255,1,0.03651348963,0.03692363144,-0.9546025655,-0.9445390508,1,-0.006316211837,-0.006316211837,4.256924173,4.256924173
289,5824765,1,17.96548487,-4.772670415,632.1799726,0,632.180748,636.3908972,-0.02042912255,1,0.03593104196,0.03667548407,-0.9588569616,-0.947402633,1,-0.006316211837,-0.006316211837,4.256924173,4.256924173
290,5843841,1,17.99231592,-4.784167747,632.1798175,0,632.180748,635.4403334,-0.02042912255,1,0.03464401682,0.03571616215,-0.9715636773,-0.9571315785,1,-0.006316211837,-0.006316211837,4.256924173,4.256924173
291,5864297,1,17.99324648,-4.791832636,632.1799726,0,632.1809031,635.1752798,-0.02042912255,1,0.03406376211,0.03530306214,-0.9773423405,-0.9611737309,1,-0.006316211837,-0.006316211837,4.256924173,4.256924173
292,5886776,1,18.02922801,-4.802052487,632.1796624,0,632.1809031,635.1724882,-0.02042912255,0,NaN,NaN,NaN,NaN,0,NaN,NaN,NaN,NaN
293,5903670,1,18.02643634,-4.803968709,632.1793522,0,632.1809031,635.1727984,-0.02042912255,1,0.03077619013,0.03417134413,-1.009380523,-0.9708150893,1,-0.006316211837,-0.006316211837,4.256924173,4.256924173
294,5923263,1,18.02193865,-4.804607449,632.1791971,0,632.1810582,635.1486039,-0.02042912255,0,NaN,NaN,NaN,NaN,0,NaN,NaN,NaN,NaN
295,5943954,1,18.01821642,-4.804607449,632.1791971,0,632.1810582,635.1531016,-0.02042912255,1,0.02602124429,0.02834824335,-1.03958063,-1.02498425,1,-0.006316211837,-0.006316211837,4.256924173,4.256924173
296,5963687,1,18.04318636,-4.804607449,632.1793522,0,632.1812133,635.1532567,-0.02042912255,1,0.02465259774,0.02690567367,-1.04619749,-1.031846379,1,-0.006316211837,-0.006316211837,4.256924173,4.256924173
297,5984796,1,18.03543172,-4.815466041,632.1793522,0,632.1812133,635.1473631,-0.02042912255,1,0.02272100161,0.02526672721,-1.060318005,-1.040820825,1,-0.006316211837,-0.006316211837,4.256924173,4.256924173
298,6003854,1,18.0400845,-4.82376967,632.1793522,0,632.1812133,635.1436409,-0.02042912255,1,0.02176196634,0.02439053699,-1.067454483,-1.046147556,1,-0.006316211837,-0.006316211837,4.256924173,4.256924173
299,6024351,1,18.04194562,-4.826963374,632.1793522,0,632.1812133,635.1397636,-0.02042912255,1,0.01901470556,0.02170662877,-1.087053446,-1.063453147,1,-0.006316211837,-0.006316211837,4.256924173,4.256924173
300,6044020,1,18.04334145,-4.830795818,632.1793522,0,632.1812133,635.1368168,-0.02042912255,1,0.01752120781,0.02001928212,-1.09697326,-1.074700457,1,-0.006316211837,-0.006316211837,4.256924173,4.256924173
301,6063681,1,18.04458219,-4.83335078,632.1793522,0,632.1812133,635.1338701,-0.02042912255,1,0.01586425144,0.01834103293,-1.109543303,-1.086304339,1,-0.006316211837,-0.006316211837,4.256924173,4.256924173
302,6085810,1,18.04566784,-4.835905743,632.1793522,0,632.1812133,635.1313886,-0.02042912255,1,0.01384364672,0.01657747267,-1.125382514,-1.099052144,1,-0.006316211837,-0.006316211837,4.256924173,4.256924173
303,6104062,1,18.04628822,-4.837821965,632.1793522,0,632.1812133,635.1293724,-0.02042912255,1,0.01296666407,0.01567477052,-1.13097091,-1.105435897,1,-0.006316211837,-0.006316211837,4.256924173,4.256924173
304,6124062,1,18.04690859,-4.839738187,632.1793522,0,632.1812133,635.1276664,-0.02042912255,1,0.01246325085,0.01381811071,-1.13396435,-1.119357782,1,-0.006316211837,-0.006316211837,4.256924173,4.256924173
305,6143157,1,18.04737387,-4.840376928,632.1793522,0,632.1812133,635.1261154,-0.02042912255,1,0.008396274699,0.01220861548,-1.15395935,-1.128615146,1,-0.006316211837,-0.006316211837,4.256924173,4.256924173
306,6163835,1,18.04783914,-4.841015669,632.1793522,0,632.1813684,635.1247196,-0.02042912255,1,0.006179718675,0.009751187051,-1.16773333,-1.141756406,1,-0.006316211837,-0.006316211837,4.256924173,4.256924173
307,6185502,1,18.04814933,-4.841654409,632.1793522,0,632.1813684,635.1234788,-0.02042912255,1,0.004172813908,0.007501508016,-1.17685021,-1.153712232,1,-0.006316211837,-0.006316211837,4.256924173,4.256924173
308,6203985,1,18.04845951,-4.84229315,632.1793522,0,632.1813684,635.1225483,-0.02042912255,1,0.002777514636,0.005589386127,-1.182779377,-1.163598382,1,-0.006316211837,-0.006316211837,4.256924173,4.256924173
309,6223314,1,18.04861461,-4.84229315,632.1793522,0,632.1813684,635.1216177,-0.02042912255,1,0.001231033543,0.003820633456,-1.188808782,-1.172289579,1,-0.006316211837,-0.006316211837,4.256924173,4.256924173
310,6243892,1,18.0487697,-4.84229315,632.1793522,0,632.1813684,635.1208423,-0.02042912255,1,-0.0002369398148,0.002176515377,-1.189497816,-1.178484371,1,-0.006316211837,-0.006316211837,4.256924173,4.256924173
311,6263237,1,18.04892479,-4.84229315,632.1793522,0,632.1813684,635.1200668,-0.02042912255,1,-0.0014332758,0.0007153635225,-1.189517484,-1.182453145,1,-0.006316211837,-0.006316211837,4.256924173,4.256924173
312,6285144,1,18.04939007,-4.84229315,632.1793522,0,632.1813684,635.1196015,-0.02042912255,1,-0.002894122288,-0.0007246089582,-1.189684433,-1.185056408,1,-0.006316211837,-0.006316211837,4.256924173,4.256924173
313,6304004,1,18.04970026,-4.84229315,632.1793522,0,632.1813684,635.1191363,-0.02042912255,1,-0.004226128607,-0.002113411671,-1.189869191,-1.186759449,1,-0.006316211837,-0.006316211837,4.256924173,4.256924173
314,6323273,1,18.04970026,-4.84229315,632.1793522,0,632.1813684,635.118671,-0.02042912255,1,-0.005357383215,-0.003433118589,-1.190910035,-1.188118868,1,-0.006316211837,-0.006316211837,4.256924173,4.256924173
315,6344158,1,18.04985535,-4.84229315,632.1793522,0,632.1813684,635.1183608,-0.02042912255,1,-0.005993613136,-0.004073242226,-1.192484779,-1.18899205,1,-0.006316211837,-0.006316211837,4.256924173,4.256924173
316,6363652,1,18.05001044,-4.84229315,632.1793522,0,632.1813684,635.1178955,-0.02042912255,1,-0.007157887321,-0.005697960421,-1.19379001,-1.191289964,1,-0.006316211837,-0.006316211837,4.256924173,4.256924173
317,6387148,1,18.05001044,-4.84229315,632.1793522,0,632.1813684,635.1177404,-0.02042912255,1,-0.00796440066,-0.006605081401,-1.193770343,-1.192186047,1,-0.006316211837,-0.006316211837,4.256924173,4.256924173
318,6403130,1,18.05001044,-4.842931891,632.1793522,0,632.1813684,635.1174302,-0.02042912255,1,-0.008267546557,-0.00702069769,-1.193421677,-1.192433173,1,-0.006316211837,-0.006316211837,4.256924173,4.256924173
319,6424423,1,18.05001044,-4.842931891,632.1793522,0,632.1813684,635.1172751,-0.02042912255,1,-0.009315287713,-0.008149419235,-1.191795052,-1.192453048,1,-0.006316211837,-0.006316211837,4.256924173,4.256924173
320,6443682,1,18.05001044,-4.842931891,632.1793522,0,632.1813684,635.11712,-0.02042912255,1,-0.009797812214,-0.008827574271,-1.191016165,-1.191993975,1,-0.006316211837,-0.006316211837,4.256924173,4.256924173
321,6463945,1,18.05001044,-4.842931891,632.1793522,0,632.1813684,635.116965,-0.02042912255,1,-0.009974896747,-0.00911440489,-1.190908123,-1.191776805,1,-0.006316211837,-0.006316211837,4.256924173,4.256924173
322,6487569,1,18.05001044,-4.842931891,632.1793522,0,632.1813684,635.1164997,-0.02042912255,1,-0.00993653232,-0.009613456661,-1.189124644,-1.19078777,1,-0.006316211837,-0.006316211837,4.256924173,4.256924173
323,6503888,1,18.05001044,-4.842931891,632.1793522,0,632.1813684,635.1163446,-0.02042912255,1,-0.009837242251,-0.009669403059,-1.188939432,-1.190418102,1,-0.006316211837,-0.006316211837,4.256924173,4.256924173
324,6523378,1,18.05001044,-4.842931891,632.1793522,0,632.1813684,635.1160344,-0.02042912255,1,-0.009370316927,-0.009583235493,-1.188137276,-1.189518929,1,-0.006316211837,-0.006316211837,4.256924173,4.256924173
325,6543965,1,18.05001044,-4.842931891,632.1793522,0,632.1813684,635.1158793,-0.02042912255,1,-0.008862058312,-0.009314540261,-1.186151977,-1.188467292,1,-0.006316211837,-0.006316211837,4.256924173,4.256924173
326,6563689,1,17.68523217,-4.842931891,632.1793522,0,632.1813684,635.1155691,-0.02042912255,1,-0.008319797145,-0.008933738315,-1.183268786,-1.186859516,1,-0.006316211837,-0.006316211837,4.256924173,4.256924173
327,6586246,1,17.31952335,-4.842931891,632.1793522,0,632.1813684,635.1152589,-0.02042912255,1,-0.007521739559,-0.008391132468,-1.180086491,-1.18462491,1,-0.006316211837,-0.006316211837,4.256924173,4.256924173
328,6603859,1,17.17265046,-4.842931891,632.1793522,0,632.1813684,635.1151038,-0.02042912255,1,-0.006860096621,-0.007797397837,-1.178864495,-1.182636199,1,-0.006316211837,-0.006316211837,4.256924173,4.256924173
329,6623713,1,17.10161796,-4.842931891,632.1793522,0,632.1813684,635.1149487,-0.02042912255,1,-0.006154934879,-0.007152109884,-1.178860638,-1.181276997,1,-0.006316211837,-0.006316211837,4.256924173,4.256924173
330,6643918,1,17.07106468,-4.842931891,632.1793522,0,632.1813684,635.1149487,-0.02042912255,1,-0.005513000452,-0.006501511777,-1.178503074,-1.180335595,1,-0.006316211837,-0.006316211837,4.256924173,4.256924173
331,6664426,1,17.05912253,-4.842931891,632.1793522,0,632.1813684,635.1147937,-0.02042912255,1,-0.005072552052,-0.005926632342,-1.177747014,-1.179466663,1,-0.006316211837,-0.006316211837,4.256924173,4.256924173
332,6684661,1,17.05431466,-4.842931891,632.1793522,0,632.1813684,635.1147937,-0.02042912255,1,-0.004717570201,-0.005434507397,-1.177740935,-1.178845401,1,-0.006316211837,-0.006316211837,4.256924173,4.256924173
333,6703152,1,17.05245354,-4.842931891,632.1793522,0,632.1813684,635.1146386,-0.02042912255,1,-0.004521576815,-0.005206274751,-1.177555231,-1.178587367,1,-0.006316211837,-0.006316211837,4.256924173,4.256924173
334,6723660,1,17.05152299,-4.842931891,632.1793522,0,632.1813684,635.1146386,-0.02042912255,0,NaN,NaN,NaN,NaN,0,NaN,NaN,NaN,NaN
335,6743203,1,17.05074752,-4.842931891,632.1793522,0,632.1813684,635.1146386,-0.02042912255,1,-0.003448740667,-0.003943019831,-1.17792276,-1.177628006,1,-0.006316211837,-0.006316211837,4.256924173,4.256924173
336,6763768,1,17.05059243,-4.842931891,632.1791971,0,632.1813684,635.1146386,-0.02042912255,1,-0.003060699963,-0.003597261575,-1.177927552,-1.177735841,1,-0.006316211837,-0.006316211837,4.256924173,4.256924173
337,6784966,1,16.96730759,-4.842931891,632.0962225,0,632.1115766,635.1146386,-0.02042912255,1,-0.002637700867,-0.003219550628,-1.177927552,-1.177804857,1,-0.006316211837,-0.006316211837,4.256924173,4.256924173
338,6803824,1,16.80756201,-4.842931891,631.9355463,0,631.9560186,635.1146386,-0.02042912255,1,-0.002348950601,-0.002866901071,-1.177927552,-1.177849027,1,-0.006316211837,-0.006316211837,4.256924173,4.256924173
339,6824250,1,16.5750779,-4.843570631,631.7019766,0,631.7142289,635.1144835,-0.02042912255,1,-0.002037776248,-0.002540600546,-1.177927552,-1.177877296,1,-0.006316211837,-0.006316211837,4.256924173,4.256924173
340,6843379,1,16.33251276,-4.843570631,631.4598767,0,631.4707332,635.1146386,-0.02042912255,1,-0.001748541835,-0.002224368691,-1.177927552,-1.177895388,1,-0.006316211837,-0.006316211837,4.256924173,4.256924173
341,6863939,1,16.06854481,-4.844209372,631.1955986,0,631.2042838,635.1144835,-0.02042912255,1,-0.001389930715,-0.001893652588,-1.17784492,-1.177890441,1,-0.006316211837,-0.006316211837,4.256924173,4.256924173
342,6885034,1,15.81326206,-4.844848113,630.9407811,0,630.9508621,635.1146386,-0.02042912255,1,-0.000985764784,-0.001541847784,-1.177740935,-1.177836625,1,-0.006316211837,-0.006316211837,4.256924173,4.256924173
343,6903262,1,15.59085898,-4.844848113,630.718378,0,630.7275285,635.1146386,-0.02042912255,1,-0.0005793079901,-0.001162076123,-1.177740935,-1.177802177,1,-0.006316211837,-0.006316211837,4.256924173,4.256924173
344,6923915,1,15.32022204,-4.844848113,630.4469656,0,630.4530142,635.1146386,-0.02042912255,1,-0.0001405540195,-0.0007496420209,-1.177554319,-1.177713553,1,-0.006316211837,-0.006316211837,4.256924173,4.256924173
345,6943273,1,15.06121706,-4.844848113,630.1876504,0,630.1938541,635.1146386,-0.02042912255,1,0.0003135135651,-0.0003102809767,-1.177554317,-1.177656228,1,-0.006316211837,-0.006316211837,4.256924173,4.256924173
346,6964070,1,14.75490878,-4.844848113,629.8816523,0,629.8859949,635.1146386,-0.02042912255,1,0.0008945074715,0.0001605311029,-1.177554317,-1.17761954,1,-0.006316211837,-0.006316211837,4.256924173,4.256924173
347,6986602,1,14.39230181,-4.844848113,629.5193556,0,629.5246287,635.1146386,-0.02042912255,1,0.001520275145,0.0006801099162,-1.177554317,-1.17759606,1,-0.006316211837,-0.006316211837,4.256924173,4.256924173
348,7003593,1,14.12057922,-4.844848113,629.2467024,0,629.2518205,635.1146386,-0.02042912255,1,0.001960163157,0.0011804544,-1.177554317,-1.177581033,1,-0.006316211837,-0.006316211837,4.256924173,4.256924173
349,7024111,1,13.74634029,-4.844848113,628.8729288,0,628.8746348,635.1146386,-0.02042912255,1,0.002540282439,0.001707066493,-1.177554317,-1.177571415,1,-0.006316211837,-0.006316211837,4.256924173,4.256924173
350,7043871,1,13.37396247,-4.844848113,628.5003958,0,628.5084607,635.1146386,-0.02042912255,1,0.003073346447,0.002246596347,-1.177554317,-1.17756526,1,-0.006316211837,-0.006316211837,4.256924173,4.256924173
351,7063506,1,13.00825365,-4.844848113,628.1351523,0,628.1425968,635.1146386,-0.02042912255,1,0.003628573196,0.002789239877,-1.177554317,-1.177561321,1,-0.006316211837,-0.006316211837,4.256924173,4.256924173
352,7087002,1,12.52544976,-4.844848113,627.6526586,0,627.6545197,635.1146386,-0.02042912255,1,0.004248700083,0.003361348628,-1.177554317,-1.177558799,1,-0.006316211837,-0.006316211837,4.256924173,4.256924173
353,7103845,1,12.20006506,-4.844848113,627.3266535,0,627.3296003,635.1146386,-0.02042912255,1,0.00454466364,0.003840859056,-1.177554317,-1.177557186,1,-0.006316211837,-0.006316211837,4.256924173,4.256924173
354,7123654,1,11.78581218,-4.844848113,626.9125557,0,626.9158127,635.1146386,-0.02042912255,1,0.00454466364,0.004148773561,-1.177554317,-1.177556153,1,-0.006316211837,-0.006316211837,4.256924173,4.256924173
355,7144865,1,11.38272599,-4.844848113,626.5100899,0,626.5107103,635.1146386,-0.02042912255,1,0.00454466364,0.004321975471,-1.177554317,-1.177555492,1,-0.006316211837,-0.006316211837,4.256924173,4.256924173
356,7164443,1,11.10417932,-4.844848113,626.2307678,0,626.2335595,635.1146386,-0.02042912255,1,0.00454466364,0.004419401545,-1.177554317,-1.177555069,1,-0.006316211837,-0.006316211837,4.256924173,4.256924173
357,7186026,1,10.87712346,-4.844848113,626.0037119,0,626.0051078,635.1146386,-0.02042912255,1,0.005976178679,0.005068843024,-1.177554317,-1.177554799,1,-0.006316211837,-0.006316211837,4.256924173,4.256924173
358,7204873,1,10.70357461,-4.844848113,625.830008,0,625.8318691,635.1146386,-0.02042912255,1,0.006329251811,0.005581812625,-1.177554317,-1.177554625,1,-0.006316211837,-0.006316211837,4.256924173,4.256924173
359,7224306,1,10.43619462,-4.844848113,625.5632484,0,625.5657299,635.1146386,-0.02042912255,1,0.006657862409,0.006013084358,-1.177554317,-1.177554515,1,-0.006316211837,-0.006316211837,4.256924173,4.256924173
360,7243870,1,10.08010155,-4.844848113,625.2071553,0,625.2074655,635.1146386,-0.02042912255,1,0.006990852795,0.006410712698,-1.177554317,-1.177554444,1,-0.006316211837,-0.006316211837,4.256924173,4.256924173
361,7264008,1,9.737191367,-4.844848113,624.86409,0,624.8602127,635.1146386,-0.02042912255,1,0.007333017427,0.006781934631,-1.177554317,-1.177554398,1,-0.006316211837,-0.006316211837,4.256924173,4.256924173
362,7284882,1,9.402966379,-4.844848113,624.5297099,0,624.5289345,635.1146386,-0.02042912255,1,0.007659710651,0.007134200875,-1.177554317,-1.177554369,1,-0.006316211837,-0.006316211837,4.256924173,4.256924173
363,7303996,1,9.121007666,-4.844848113,624.2479063,0,624.2497674,635.1146386,-0.02042912255,1,0.0078797328,0.007320583856,-1.177554317,-1.177554359,1,-0.006316211837,-0.006316211837,4.256924173,4.256924173
364,7323846,1,8.842926272,-4.844848113,623.96998,0,623.9706004,635.1146386,-0.02042912255,1,0.00852272818,0.007903773839,-1.177554317,-1.177554339,1,-0.006316211837,-0.006316211837,4.256924173,4.256924173
365,7344039,1,8.562518487,-4.844848113,623.6901926,0,623.6912783,635.1146386,-0.02042912255,1,0.009018105891,0.008342287397,-1.177554317,-1.177554331,1,-0.006316211837,-0.006316211837,4.256924173,4.256924173
366,7363261,1,8.289089878,-4.844848113,623.415058,0,623.41847,635.1146386,-0.02042912255,1,0.009464573622,0.008792912441,-1.177554317,-1.177554326,1,-0.006316211837,-0.006316211837,4.256924173,4.256924173
367,7385635,1,7.915781504,-4.844848113,623.0436107,0,623.0468677,635.1146386,-0.02042912255,1,0.01017266581,0.00931857223,-1.177554317,-1.177554323,1,-0.006316211837,-0.006316211837,4.256924173,4.256924173
368,7404206,1,7.630720935,-4.844848113,622.7571543,0,622.7625826,635.1146386,-0.02042912255,1,0.01072997699,0.009878101326,-1.177554317,-1.177554321,1,-0.006316211837,-0.006316211837,4.256924173,4.256924173
369,7423381,1,7.289516771,-4.844848113,622.4167256,0,622.4232395,635.1146386,-0.02042912255,1,0.0112998465,0.01044721082,-1.177554317,-1.17755432,1,-0.006316211837,-0.006316211837,4.256924173,4.256924173
370,7443789,1,6.873402784,-4.844848113,621.9999913,0,622.0003014,635.1146386,-0.02042912255,1,0.01168195437,0.01075589671,-1.177554317,-1.177554319,1,-0.006316211837,-0.006316211837,4.256924173,4.256924173
371,7463304,1,6.482879109,-4.844848113,621.6094676,0,621.6113287,635.1146386,-0.02042912255,1,0.01262221859,0.01168504578,-1.177554317,-1.177554318,1,-0.006316211837,-0.006316211837,4.256924173,4.256924173
372,7487095,1,5.953547377,-4.844848113,621.0807562,0,621.0824622,635.1146386,-0.02042912255,1,0.01355516379,0.0124103719,-1.177554317,-1.177554318,1,-0.006316211837,-0.006316211837,4.256924173,4.256924173
373,7503855,1,5.579773725,-4.844848113,620.7065173,0,620.7096191,635.1146386,-0.02042912255,1,0.01432408996,0.01315033791,-1.177554317,-1.177554318,1,-0.006316211837,-0.006316211837,4.256924173,4.256924173
374,7524101,1,5.07680777,-4.844848113,620.202931,0,620.2041717,635.1146386,-0.02042912255,1,0.01520499517,0.01396010985,-1.177554317,-1.177554318,1,-0.006316211837,-0.006316211837,4.256924173,4.256924173
375,7543210,1,4.564691339,-4.844848113,619.6914349,0,619.6920553,635.1146386,-0.02042912255,1,0.0161005346,0.01484280794,-1.177554317,-1.177554318,1,-0.006316211837,-0.006316211837,4.256924173,4.256924173
376,7564336,1,3.951299308,-4.844848113,619.0785081,0,619.0783531,635.1146386,-0.02042912255,1,0.01678515146,0.01532839382,-1.177554317,-1.177554318,1,-0.006316211837,-0.006316211837,4.256924173,4.256924173
377,7587634,1,3.38676151,-4.844848113,618.5125745,0,618.5136602,635.1146386,-0.02042912255,1,0.01827469677,0.01678458227,-1.177554317,-1.177554317,1,-0.006316211837,-0.006316211837,4.256924173,4.256924173
378,7604239,1,3.192275137,-4.844848113,618.3196391,0,618.3242919,635.1146386,-0.02042912255,1,0.01910745825,0.01770054272,-1.177554317,-1.177554317,1,-0.006316211837,-0.006316211837,4.256924173,4.256924173
379,7623201,1,3.084175454,-4.844848113,618.2098334,0,618.2172778,635.1146386,-0.02042912255,1,0.01997948116,0.01862413492,-1.177554317,-1.177554317,1,-0.006316211837,-0.006316211837,4.256924173,4.256924173
380,7643763,1,3.196152457,-4.844848113,618.2006829,0,618.190912,635.1146386,-0.02042912255,1,0.02101568435,0.01959752641,-1.177554317,-1.177554317,1,-0.006316211837,-0.006316211837,4.256924173,4.256924173
381,7663602,1,3.195532085,-4.844848113,618.257757,0,618.2444191,635.1146386,-0.02042912255,1,0.02204011849,0.02058533278,-1.177554317,-1.177554317,1,-0.006316211837,-0.006316211837,4.256924173,4.256924173
382,7687143,1,3.194756621,-4.844848113,618.2949793,0,618.287845,635.1146386,-0.02042912255,0,NaN,NaN,NaN,NaN,0,NaN,NaN,NaN,NaN
383,7705738,1,3.194446436,-4.844848113,618.3089377,0,618.3039747,635.1146386,-0.02042912255,0,NaN,NaN,NaN,NaN,0,NaN,NaN,NaN,NaN
384,7723300,1,3.208249695,-4.844848113,618.3146761,0,618.3112641,635.1146386,-0.02042912255,0,NaN,NaN,NaN,NaN,0,NaN,NaN,NaN,NaN
385,7744337,1,3.597222442,-4.844848113,618.3174678,0,618.3157617,635.0740042,-0.02042912255,1,0.02361813861,0.0216757605,-1.176704188,-1.177384292,1,-0.006316211837,-0.006316211837,4.256924173,4.256924173
386,7764049,1,4.905585317,-4.844848113,618.3185534,0,618.317778,634.5876332,-0.02042912255,1,0.02374670492,0.02256773482,-1.175370441,-1.176800234,1,-0.006316211837,-0.006316211837,4.256924173,4.256924173
387,7786031,1,7.563410659,-4.844848113,618.319484,0,618.3193289,632.8840939,-0.02042912255,1,0.02376777682,0.02309275156,-1.174041746,-1.175919514,1,-0.006316211837,-0.006316211837,4.256924173,4.256924173
388,7804005,1,10.0166686,-4.844848113,618.3207247,0,618.3210349,630.5811209,-0.02042912255,1,0.02376777682,0.02338807511,-1.173450217,-1.175090844,1,-0.006316211837,-0.006316211837,4.256924173,4.256924173
389,7823112,1,12.67139208,-4.844848113,618.3204145,0,618.3213451,627.9049946,-0.02042912255,1,0.02374375429,0.02354818898,-1.17255751,-1.174239092,1,-0.006316211837,-0.006316211837,4.256924173,4.256924173
390,7843951,1,15.60590298,-4.846125594,618.3201043,0,618.3227409,624.8679673,-0.02042912255,1,0.02330047933,0.02348626157,-1.171955806,-1.173782435,1,-0.006316211837,-0.006316211837,4.256924173,4.256924173
391,7864040,1,17.7449429,-4.847403076,618.3201043,0,618.322896,621.9669565,-0.02042912255,1,0.02242804534,0.02312114187,-1.171873171,-1.173108321,1,-0.006316211837,-0.006316211837,4.256924173,4.256924173
392,7885017,1,17.96021171,-4.849958038,618.3202594,0,618.3230511,620.6911631,-0.02042912255,1,0.02112638732,0.02237641416,-1.171193515,-1.172481538,1,-0.006316211837,-0.006316211837,4.256924173,4.256924173
393,7903987,1,17.99247101,-4.852513001,618.3202594,0,618.3232062,620.3256094,-0.02042912255,1,0.02053577052,0.02191625325,-1.170676579,-1.172120546,1,-0.006316211837,-0.006316211837,4.256924173,4.256924173
394,7923990,1,17.99433213,-4.855706704,618.3201043,0,618.3233613,620.3065329,-0.02042912255,0,NaN,NaN,NaN,NaN,0,NaN,NaN,NaN,NaN
395,7943897,1,18.0380683,-4.858900408,618.3197942,0,618.3235164,620.3065329,-0.02042912255,1,0.01718245792,0.02073280442,-1.165173652,-1.170731167,1,-0.006316211837,-0.006316211837,4.256924173,4.256924173
396,7963827,1,18.02690162,-4.86081663,618.3197942,0,618.3235164,620.2823385,-0.02042912255,0,NaN,NaN,NaN,NaN,0,NaN,NaN,NaN,NaN
397,7986555,1,18.02178355,-4.861455371,618.3199493,0,618.3236715,620.2835792,-0.02042912255,1,0.01134914018,0.01413405563,-1.16355803,-1.16366632,1,-0.006316211837,-0.006316211837,4.256924173,4.256924173
398,8003922,1,18.0639688,-4.862094111,618.3199493,0,618.3236715,620.2854403,-0.02042912255,1,0.01079010344,0.01329806758,-1.16355803,-1.163644662,1,-0.006316211837,-0.006316211837,4.256924173,4.256924173
399,8023990,1,18.04799424,-4.863371593,618.3199493,0,618.3238266,620.2810977,-0.02042912255,1,0.00720493591,0.01038188807,-1.164896785,-1.163925806,1,-0.006316211837,-0.006316211837,4.256924173,4.256924173
400,8043864,1,18.05295721,-4.864649074,618.3199493,0,618.3238266,620.2766,-0.02042912255,1,0.004944453761,0.008255913696,-1.168435668,-1.16520139,1,-0.006316211837,-0.006316211837,4.256924173,4.256924173
401,8063848,1,18.05512851,-4.865287815,618.3199493,0,618.3238266,620.2727227,-0.02042912255,1,0.002702826583,0.006040400564,-1.171963918,-1.167357523,1,-0.006316211837,-0.006316211837,4.256924173,4.256924173
402,8085901,1,18.0572998,-4.865926555,618.3201043,0,618.3238266,620.2690005,-0.02042912255,1,-0.0002174793751,0.003618985325,-1.173609736,-1.169508183,1,-0.006316211837,-0.006316211837,4.256924173,4.256924173
403,8103506,1,18.05838545,-4.865926555,618.3201043,0,618.3238266,620.2666741,-0.02042912255,1,-0.002360075661,0.001226178712,-1.174008565,-1.171106858,1,-0.006316211837,-0.006316211837,4.256924173,4.256924173
404,8124062,1,18.05978129,-4.865926555,618.3201043,0,618.3238266,620.2637273,-0.02042912255,1,-0.004875376113,-0.001183946086,-1.174195208,-1.172217433,1,-0.006316211837,-0.006316211837,4.256924173,4.256924173
405,8144310,1,18.06071185,-4.865926555,618.3201043,0,618.3238266,620.2617111,-0.02042912255,1,-0.006694008237,-0.003388282573,-1.174195208,-1.172929432,1,-0.006316211837,-0.006316211837,4.256924173,4.256924173
406,8164418,1,18.06148731,-4.865926555,618.3201043,0,618.3238266,620.25985,-0.02042912255,1,-0.008350523097,-0.005407533258,-1.174195208,-1.173385112,1,-0.006316211837,-0.006316211837,4.256924173,4.256924173
407,8185879,1,18.06210768,-4.865926555,618.3201043,0,618.3238266,620.2579889,-0.02042912255,1,-0.009614978752,-0.00710212893,-1.174195208,-1.173676747,1,-0.006316211837,-0.006316211837,4.256924173,4.256924173
408,8203186,1,18.06257296,-4.865926555,618.3201043,0,618.3238266,620.2567482,-0.02042912255,1,-0.01051408817,-0.008486667364,-1.174195208,-1.173863393,1,-0.006316211837,-0.006316211837,4.256924173,4.256924173
409,8223210,1,18.06303824,-4.865926555,618.3201043,0,618.3238266,620.2555074,-0.02042912255,1,-0.01142422724,-0.009692417068,-1.174195208,-1.173982846,1,-0.006316211837,-0.006316211837,4.256924173,4.256924173
410,8244306,1,18.06334842,-4.865926555,618.3201043,0,618.3238266,620.2542667,-0.02042912255,1,-0.01237830751,-0.01078193489,-1.174195208,-1.174059297,1,-0.006316211837,-0.006316211837,4.256924173,4.256924173
411,8263931,1,18.06365861,-4.865926555,618.3201043,0,618.3239817,620.2536463,-0.02042912255,1,-0.01319327703,-0.01175419209,-1.174195208,-1.174108225,1,-0.006316211837,-0.006316211837,4.256924173,4.256924173
412,8288832,1,18.0639688,-4.865926555,618.3201043,0,618.3239817,620.2524056,-0.02042912255,1,-0.01394150783,-0.01262467591,-1.174381104,-1.174176718,1,-0.006316211837,-0.006316211837,4.256924173,4.256924173
413,8303469,1,18.06412389,-4.865926555,618.3201043,0,618.3239817,620.2520954,-0.02042912255,1,-0.01423553965,-0.01329904039,-1.174543316,-1.174282854,1,-0.006316211837,-0.006316211837,4.256924173,4.256924173
414,8323756,1,18.06427898,-4.865926555,618.3201043,0,618.3239817,620.251475,-0.02042912255,1,-0.01438611958,-0.01376961928,-1.17475478,-1.174422933,1,-0.006316211837,-0.006316211837,4.256924173,4.256924173
415,8344256,1,18.06458917,-4.865926555,618.3201043,0,618.3239817,620.2508546,-0.02042912255,1,-0.01429909662,-0.01401508889,-1.17475506,-1.174542499,1,-0.006316211837,-0.006316211837,4.256924173,4.256924173
416,8363908,1,18.06474426,-4.865926555,618.3201043,0,618.3239817,620.2503894,-0.02042912255,1,-0.01404431425,-0.01405377787,-1.174941677,-1.174686189,1,-0.006316211837,-0.006316211837,4.256924173,4.256924173
417,8385676,1,18.06505444,-4.865926555,618.3201043,0,618.3239817,620.2499241,-0.02042912255,1,-0.01378223007,-0.01395711242,-1.174941677,-1.174778165,1,-0.006316211837,-0.006316211837,4.256924173,4.256924173
418,8403240,1,17.97541081,-4.865926555,618.3201043,0,618.3239817,620.249769,-0.02042912255,1,-0.01357974911,-0.01380980899,-1.174941677,-1.174837029,1,-0.006316211837,-0.006316211837,4.256924173,4.256924173
419,8423967,1,17.52191945,-4.865926555,618.3201043,0,618.3239817,620.2493037,-0.02042912255,1,-0.01321879317,-0.01359246993,-1.174941677,-1.174874703,1,-0.006316211837,-0.006316211837,4.256924173,4.256924173
420,8443126,1,17.27346079,-4.865926555,618.3201043,0,618.3239817,620.2491486,-0.02042912255,1,-0.01282914344,-0.01328757302,-1.174941677,-1.174898813,1,-0.006316211837,-0.006316211837,4.256924173,4.256924173
421,8463195,1,17.15233331,-4.865926555,618.3201043,0,618.3239817,620.2488384,-0.02042912255,1,-0.01245904059,-0.01308043991,-1.174941677,-1.174907386,1,-0.006316211837,-0.006316211837,4.256924173,4.256924173
422,8487593,1,17.09401841,-4.865926555,618.3201043,0,618.3239817,620.2486833,-0.02042912255,1,-0.0116764352,-0.01241000094,-1.174941677,-1.17492412,1,-0.006316211837,-0.006316211837,4.256924173,4.256924173
423,8504349,1,17.0792846,-4.865926555,618.3201043,0,618.3239817,620.2483731,-0.02042912255,1,-0.01132375301,-0.01197398004,-1.174941677,-1.174930441,1,-0.006316211837,-0.006316211837,4.256924173,4.256924173
424,8523857,1,17.07184014,-4.865926555,618.3201043,0,618.3239817,620.2477528,-0.02042912255,1,-0.01097237358,-0.0115702136,-1.174941677,-1.174934486,1,-0.006316211837,-0.006316211837,4.256924173,4.256924173
425,8543935,1,17.06858319,-4.865926555,618.3201043,0,618.3239817,620.2477528,-0.02042912255,1,-0.01062827975,-0.01118788675,-1.174941677,-1.174937075,1,-0.006316211837,-0.006316211837,4.256924173,4.256924173
426,8563967,1,17.06718736,-4.865926555,618.3201043,0,618.3239817,620.2471324,-0.02042912255,1,-0.01044909387,-0.01100318853,-1.174758045,-1.174901269,1,-0.006316211837,-0.006316211837,4.256924173,4.256924173
427,8586798,1,17.0662568,-4.865926555,618.3201043,0,618.3239817,620.2472875,-0.02042912255,0,NaN,NaN,NaN,NaN,0,NaN,NaN,NaN,NaN
428,8604068,1,17.06579152,-4.865926555,618.3201043,0,618.3239817,620.2472875,-0.02042912255,1,-0.009493129656,-0.009900167371,-1.174195208,-1.174355293,1,-0.006316211837,-0.006316211837,4.256924173,4.256924173
429,8623892,1,17.06579152,-4.865926555,618.3201043,0,618.3239817,620.2466671,-0.02042912255,1,-0.009269397875,-0.009649143643,-1.174112577,-1.174281136,1,-0.006316211837,-0.006316211837,4.256924173,4.256924173
430,8644301,1,17.00716644,-4.865926555,618.26272,0,618.2807108,620.2468222,-0.02042912255,1,-0.008926486024,-0.00936337151,-1.174008591,-1.174183022,1,-0.006316211837,-0.006316211837,4.256924173,4.256924173
431,8663810,1,16.87704358,-4.865926555,618.1312013,0,618.152449,620.2468222,-0.02042912255,1,-0.008584808324,-0.009054812289,-1.174008591,-1.174120227,1,-0.006316211837,-0.006316211837,4.256924173,4.256924173
432,8686905,1,16.67123544,-4.865926555,617.9244626,0,617.9396617,620.2468222,-0.02042912255,1,-0.008156091309,-0.008714338067,-1.174008591,-1.174080038,1,-0.006316211837,-0.006316211837,4.256924173,4.256924173
433,8703759,1,16.51071439,-4.865926555,617.7625457,0,617.776349,620.2469773,-0.02042912255,1,-0.007877132278,-0.008371840878,-1.174008591,-1.174054317,1,-0.006316211837,-0.006316211837,4.256924173,4.256924173
434,8724006,1,16.26721869,-4.865926555,617.5219968,0,617.5317676,620.2469773,-0.02042912255,1,-0.007464039681,-0.008021686555,-1.174008591,-1.174037856,1,-0.006316211837,-0.006316211837,4.256924173,4.256924173
435,8743857,1,16.01395214,-4.865926555,617.268265,0,617.2808275,620.2469773,-0.02042912255,1,-0.007248199497,-0.00782831479,-1.174008591,-1.174032003,1,-0.006316211837,-0.006316211837,4.256924173,4.256924173
436,8763645,1,15.76595875,-4.865926555,617.0181003,0,617.0289568,620.2469773,-0.02042912255,1,-0.00658817615,-0.007229406401,-1.174008591,-1.174020578,1,-0.006316211837,-0.006316211837,4.256924173,4.256924173
437,8787714,1,15.41948143,-4.865926555,616.6737943,0,616.6803082,620.2469773,-0.02042912255,1,-0.005886883901,-0.00672377482,-1.174008591,-1.174016263,1,-0.006316211837,-0.006316211837,4.256924173,4.256924173
438,8803649,1,15.20111077,-4.865926555,616.4521666,0,616.4633333,620.2469773,-0.02042912255,1,-0.005681771331,-0.006463273947,-1.174008591,-1.174014728,1,-0.006316211837,-0.006316211837,4.256924173,4.256924173
439,8823775,1,14.86688578,-4.865926555,616.118562,0,616.1264718,620.2469773,-0.02042912255,1,-0.004820050584,-0.005649169015,-1.174008591,-1.174011734,1,-0.006316211837,-0.006316211837,4.256924173,4.256924173
440,8843938,1,14.48551258,-4.865926555,615.737499,0,615.7426171,620.2469773,-0.02042912255,1,-0.004101150778,-0.005037839266,-1.174008591,-1.174010602,1,-0.006316211837,-0.006316211837,4.256924173,4.256924173
441,8863988,1,14.08676899,-4.865926555,615.3418573,0,615.3434082,620.2471324,-0.02042912255,1,-0.003630657171,-0.004686043743,-1.173822254,-1.173972933,1,-0.006316211837,-0.006316211837,4.256924173,4.256924173
442,8887140,1,13.57248126,-4.865926555,614.8243126,0,614.8306714,620.2471324,-0.02042912255,1,-0.002108453133,-0.003475606546,-1.173635357,-1.173809444,1,-0.006316211837,-0.006316211837,4.256924173,4.256924173
443,8903963,1,13.19963816,-4.865926555,614.4513144,0,614.4565876,620.2471324,-0.02042912255,1,-0.001767020406,-0.003048460011,-1.173635357,-1.173774626,1,-0.006316211837,-0.006316211837,4.256924173,4.256924173
444,8923980,1,12.63603092,-4.865926555,613.8870868,0,613.8932905,620.2471324,-0.02042912255,1,-0.0005870315436,-0.001831803456,-1.173635357,-1.173706663,1,-0.006316211837,-0.006316211837,4.256924173,4.256924173
445,8944273,1,11.97130317,-4.865926555,613.2226692,0,613.2274771,620.2471324,-0.02042912255,1,0.0001163448084,-0.001062028052,-1.173635357,-1.173680993,1,-0.006316211837,-0.006316211837,4.256924173,4.256924173
446,8963586,1,11.38551766,-4.865926555,612.6371939,0,612.6406059,620.2471324,-0.02042912255,1,0.0007644042648,-0.0003253087087,-1.173635357,-1.173664564,1,-0.006316211837,-0.006316211837,4.256924173,4.256924173
447,8985703,1,10.73893577,-4.865926555,611.9903018,0,611.9943342,620.2471324,-0.02042912255,1,0.001363699816,0.000361366034,-1.173635357,-1.173654049,1,-0.006316211837,-0.006316211837,4.256924173,4.256924173
448,9004300,1,10.20634709,-4.865287815,611.4592641,0,611.4626761,620.2471324,-0.02042912255,1,0.001804180932,0.0009410982656,-1.173635357,-1.17364732,1,-0.006316211837,-0.006316211837,4.256924173,4.256924173
449,9023935,1,9.693765382,-4.865287815,610.9455967,0,610.9491639,620.2471324,-0.02042912255,1,0.002231389914,0.00146527122,-1.173635357,-1.173643013,1,-0.006316211837,-0.006316211837,4.256924173,4.256924173
450,9043535,1,9.234535597,-4.865287815,610.4885382,0,610.4900892,620.2471324,-0.02042912255,1,0.002628852342,0.001930782568,-1.173635357,-1.173640257,1,-0.006316211837,-0.006316211837,4.256924173,4.256924173
451,9063685,1,8.788333606,-4.865287815,610.038614,0,610.0428015,620.2471324,-0.02042912255,1,0.003094844786,0.002387210373,-1.173635357,-1.173638493,1,-0.006316211837,-0.006316211837,4.256924173,4.256924173
452,9086022,1,8.340425595,-4.865287815,609.5936528,0,609.599081,620.2471324,-0.02042912255,1,0.003539852329,0.002839149406,-1.173635357,-1.173637364,1,-0.006316211837,-0.006316211837,4.256924173,4.256924173
453,9104796,1,8.0257423,-4.865287815,609.2800551,0,609.2853283,620.2471324,-0.02042912255,1,0.003800277993,0.003079431553,-1.173635357,-1.173636963,1,-0.006316211837,-0.006316211837,4.256924173,4.256924173
454,9123825,1,7.693843705,-4.865287815,608.9473811,0,608.9515686,620.2471324,-0.02042912255,1,0.004564072581,0.003801674939,-1.173277779,-1.173564664,1,-0.006316211837,-0.006316211837,4.256924173,4.256924173
455,9144208,1,7.338371003,-4.865287815,608.5919084,0,608.5940797,620.2471324,-0.02042912255,1,0.005185825209,0.004341408854,-1.172889026,-1.17335175,1,-0.006316211837,-0.006316211837,4.256924173,4.256924173
456,9163135,1,6.993754798,-4.864649074,608.2460514,0,608.2480676,620.2471324,-0.02042912255,1,0.005841725038,0.004944649313,-1.172702271,-1.173117973,1,-0.006316211837,-0.006316211837,4.256924173,4.256924173
457,9187026,1,6.518085175,-4.864010333,607.7703818,0,607.7759651,620.2471324,-0.02042912255,1,0.006833976326,0.005675542727,-1.172702271,-1.17296832,1,-0.006316211837,-0.006316211837,4.256924173,4.256924173
458,9203187,1,6.194096313,-4.862732852,607.4470133,0,607.4508906,620.2471324,-0.02042912255,1,0.007233145899,0.00606494352,-1.172702271,-1.17291511,1,-0.006316211837,-0.006316211837,4.256924173,4.256924173
459,9224097,1,5.692371099,-4.861455371,606.9452881,0,606.950096,620.2471324,-0.02042912255,1,0.008145039608,0.007092790273,-1.172702271,-1.172811245,1,-0.006316211837,-0.006316211837,4.256924173,4.256924173
460,9243132,1,5.190180608,-4.859539149,606.4438731,0,606.4451138,620.2471324,-0.02042912255,1,0.008750003232,0.007773822077,-1.172515657,-1.172705018,1,-0.006316211837,-0.006316211837,4.256924173,4.256924173
461,9263134,1,4.649837287,-4.857622927,605.9027543,0,605.9043052,620.2471324,-0.02042912255,1,0.009463504808,0.00845124471,-1.172515654,-1.172636847,1,-0.006316211837,-0.006316211837,4.256924173,4.256924173
462,9286618,1,4.015042449,-4.855706704,605.2667187,0,605.2743182,620.2471324,-0.02042912255,1,0.01050045502,0.009234964422,-1.172515654,-1.172593217,1,-0.006316211837,-0.006316211837,4.256924173,4.256924173
463,9303572,1,3.611646072,-4.853790482,604.8633223,0,604.8671996,620.2471324,-0.02042912255,1,0.01085907137,0.00964099116,-1.172515654,-1.172577705,1,-0.006316211837,-0.006316211837,4.256924173,4.256924173
464,9323813,1,3.274784507,-4.85123552,604.528477,0,604.5337501,620.2471324,-0.02042912255,1,0.01232917442,0.01093946856,-1.172515654,-1.172547424,1,-0.006316211837,-0.006316211837,4.256924173,4.256924173
465,9343712,1,3.117055128,-4.849319298,604.3673355,0,604.3743147,620.2471324,-0.02042912255,1,0.01367569706,0.01203255595,-1.172515654,-1.172535987,1,-0.006316211837,-0.006316211837,4.256924173,4.256924173
466,9364043,1,3.048969388,-4.847403076,604.3009558,0,604.3042128,620.2471324,-0.02042912255,1,0.01516099796,0.01326061695,-1.172515654,-1.172528667,1,-0.006316211837,-0.006316211837,4.256924173,4.256924173
467,9384964,1,3.182969569,-4.845486853,604.3445369,0,604.3383332,620.2471324,-0.02042912255,1,0.01653059572,0.01456557033,-1.172515654,-1.172523982,1,-0.006316211837,-0.006316211837,4.256924173,4.256924173
468,9403247,1,3.181883919,-4.844848113,604.3856365,0,604.3820694,620.2471324,-0.02042912255,1,0.01762608594,0.01580897925,-1.172515654,-1.172520984,1,-0.006316211837,-0.006316211837,4.256924173,4.256924173
469,9424087,1,3.18141864,-4.842931891,604.4106064,0,604.4092106,620.2471324,-0.02042912255,1,0.01806161053,0.01637213707,-1.172515654,-1.172519918,1,-0.006316211837,-0.006316211837,4.256924173,4.256924173
470,9444129,1,3.181108455,-4.841654409,604.4223935,0,604.4209976,620.2471324,-0.02042912255,0,NaN,NaN,NaN,NaN,0,NaN,NaN,NaN,NaN
471,9464249,1,3.228566852,-4.841015669,604.4275115,0,604.4272014,620.2471324,-0.02042912255,0,NaN,NaN,NaN,NaN,0,NaN,NaN,NaN,NaN
472,9486981,1,3.908493695,-4.840376928,604.4295278,0,604.4307685,620.2443407,-0.02042912255,1,0.01720824501,0.01658116406,-1.172515654,-1.172519065,1,-0.006316211837,-0.006316211837,4.256924173,4.256924173
473,9503937,1,5.303088167,-4.840376928,604.4301481,0,604.4324745,620.0762201,-0.02042912255,1,0.01638597014,0.01660826082,-1.172515654,-1.172517837,1,-0.006316211837,-0.006316211837,4.256924173,4.256924173
474,9523834,1,7.829394813,-4.839099447,604.4310787,0,604.4340254,619.2056842,-0.02042912255,1,0.01474983725,0.01598372526,-1.172329037,-1.172449897,1,-0.006316211837,-0.006316211837,4.256924173,4.256924173
475,9543166,1,10.42843998,-4.837183225,604.431699,0,604.4357315,617.3106053,-0.02042912255,1,0.01300606316,0.01483935849,-1.172329037,-1.172406387,1,-0.006316211837,-0.006316211837,4.256924173,4.256924173
476,9564139,1,13.33643001,-4.835905743,604.431544,0,604.4371273,614.4309973,-0.02042912255,1,0.01074025586,0.01328239112,-1.172329037,-1.172378541,1,-0.006316211837,-0.006316211837,4.256924173,4.256924173
477,9586726,1,16.5729066,-4.835267002,604.4312338,0,604.4379028,611.1360507,-0.02042912255,1,0.009758496544,0.01240141748,-1.172329037,-1.17236864,1,-0.006316211837,-0.006316211837,4.256924173,4.256924173
478,9604130,1,17.84016988,-4.835267002,604.4312338,0,604.4380579,608.63642,-0.02042912255,1,0.006879617747,0.01102096754,-1.175641055,-1.173023123,1,-0.006316211837,-0.006316211837,4.256924173,4.256924173
479,9623769,1,17.97603118,-4.835267002,604.4312338,0,604.4382129,606.2473705,-0.02042912255,1,0.004016517171,0.00746278992,-1.179879747,-1.175767597,1,-0.006316211837,-0.006316211837,4.256924173,4.256924173
480,9644012,1,17.99107518,-4.834628262,604.4312338,0,604.4388333,605.5852793,-0.02042912255,1,0.001702935259,0.005130455725,-1.182946084,-1.178169387,1,-0.006316211837,-0.006316211837,4.256924173,4.256924173
481,9664181,1,17.99231592,-4.834628262,604.4312338,0,604.4389884,605.4357698,-0.02042912255,0,NaN,NaN,NaN,NaN,0,NaN,NaN,NaN,NaN
482,9684828,1,18.02845254,-4.834628262,604.4310787,0,604.4392986,605.4380962,-0.02042912255,1,-0.001604587827,0.003446694837,-1.184085918,-1.179352693,1,-0.006316211837,-0.006316211837,4.256924173,4.256924173
483,9703822,1,18.02612615,-4.833989521,604.4310787,0,604.4396088,605.4486425,-0.02042912255,0,NaN,NaN,NaN,NaN,0,NaN,NaN,NaN,NaN
484,9724307,1,18.02178355,-4.83335078,604.4310787,0,604.4397639,605.4162282,-0.02042912255,1,-0.005811694573,-0.004007356381,-1.184272535,-1.184272517,1,-0.006316211837,-0.006316211837,4.256924173,4.256924173
485,9743984,1,18.0531123,-4.83271204,604.4310787,0,604.439919,605.4162282,-0.02042912255,1,-0.006873100324,-0.005117353733,-1.184272535,-1.184272524,1,-0.006316211837,-0.006316211837,4.256924173,4.256924173
486,9763470,1,18.04085997,-4.83335078,604.4310787,0,604.439919,605.4115754,-0.02042912255,1,-0.008139813841,-0.00632260301,-1.184640965,-1.184369618,1,-0.006316211837,-0.006316211837,4.256924173,4.256924173
487,9786757,1,18.04582294,-4.833989521,604.4310787,0,604.4400741,605.4056818,-0.02042912255,1,-0.009892964199,-0.007695301648,-1.185576458,-1.184741453,1,-0.006316211837,-0.006316211837,4.256924173,4.256924173
488,9804052,1,18.04721877,-4.834628262,604.4310787,0,604.4400741,605.4024249,-0.02042912255,1,-0.01108223387,-0.009051702712,-1.186259609,-1.185208741,1,-0.006316211837,-0.006316211837,4.256924173,4.256924173
489,9823292,1,18.04907989,-4.834628262,604.4310787,0,604.4400741,605.3988578,-0.02042912255,1,-0.01181552273,-0.009742657717,-1.18688114,-1.185543221,1,-0.006316211837,-0.006316211837,4.256924173,4.256924173
490,9844172,1,18.05047572,-4.834628262,604.4310787,0,604.4400741,605.3954457,-0.02042912255,1,-0.01373621134,-0.0117268127,-1.18819104,-1.186698999,1,-0.006316211837,-0.006316211837,4.256924173,4.256924173
491,9864747,1,18.05156137,-4.834628262,604.4310787,0,604.4402292,605.3929642,-0.02042912255,1,-0.01506537475,-0.01304423552,-1.188564592,-1.18734059,1,-0.006316211837,-0.006316211837,4.256924173,4.256924173
492,9886823,1,18.05264702,-4.834628262,604.4310787,0,604.4402292,605.3903277,-0.02042912255,1,-0.01655241987,-0.01441635513,-1.18856473,-1.187781281,1,-0.006316211837,-0.006316211837,4.256924173,4.256924173
493,9903609,1,18.0531123,-4.834628262,604.4310787,0,604.4402292,605.3886216,-0.02042912255,1,-0.01750506527,-0.01567331085,-1.18856473,-1.188063322,1,-0.006316211837,-0.006316211837,4.256924173,4.256924173
494,9924167,1,18.05373267,-4.834628262,604.4310787,0,604.4402292,605.3866054,-0.02042912255,1,-0.01862369641,-0.01685259833,-1.18856473,-1.188243829,1,-0.006316211837,-0.006316211837,4.256924173,4.256924173
495,9943672,1,18.05435304,-4.834628262,604.4310787,0,604.4402292,605.3850545,-0.02042912255,1,-0.01963536774,-0.01798085071,-1.18856473,-1.188359354,1,-0.006316211837,-0.006316211837,4.256924173,4.256924173
496,9964075,1,18.05466323,-4.834628262,604.4310787,0,604.4402292,605.3838138,-0.02042912255,1,-0.02086189846,-0.0191241016,-1.18856473,-1.188433289,1,-0.006316211837,-0.006316211837,4.256924173,4.256924173
497,9986650,1,18.05512851,-4.834628262,604.4310787,0,604.4402292,605.3824179,-0.02042912255,1,-0.02203567535,-0.02027008125,-1.18856473,-1.188480608,1,-0.006316211837,-0.006316211837,4.256924173,4.256924173
498,10003847,1,18.0552836,-4.834628262,604.4310787,0,604.4402292,605.3816425,-0.02042912255,1,-0.02271665882,-0.02126896258,-1.18856473,-1.188510892,1,-0.006316211837,-0.006316211837,4.256924173,4.256924173
499,10023172,1,18.05559378,-4.834628262,604.4310787,0,604.4402292,605.3807119,-0.02042912255,1,-0.02321011648,-0.02207969024,-1.18856473,-1.188530274,1,-0.006316211837,-0.006316211837,4.256924173,4.256924173
500,10043148,1,18.05574888,-4.834628262,604.4310787,0,604.4403842,605.3799364,-0.02042912255,1,-0.02350768455,-0.02268753818,-1.18856473,-1.188542678,1,-0.006316211837,-0.006316211837,4.256924173,4.256924173
501,10063636,1,18.05590397,-4.834628262,604.4310787,0,604.4403842,605.379161,-0.02042912255,1,-0.02358242385,-0.02307584936,-1.18856473,-1.188550617,1,-0.006316211837,-0.006316211837,4.256924173,4.256924173
502,10086805,1,18.05636925,-4.834628262,604.4310787,0,604.4403842,605.3785406,-0.02042912255,1,-0.023562599,-0.02329251975,-1.18856473,-1.188555698,1,-0.006316211837,-0.006316211837,4.256924173,4.256924173
503,10103678,1,18.05636925,-4.834628262,604.4310787,0,604.4403842,605.3780753,-0.02042912255,1,-0.02343031056,-0.02336909288,-1.18856473,-1.188558949,1,-0.006316211837,-0.006316211837,4.256924173,4.256924173
504,10124076,1,18.05683453,-4.834628262,604.4310787,0,604.4403842,605.37761,-0.02042912255,1,-0.0232619646,-0.02334231081,-1.18856473,-1.188560106,1,-0.006316211837,-0.006316211837,4.256924173,4.256924173
505,10143898,1,17.94454734,-4.834628262,604.4310787,0,604.4403842,605.3771448,-0.02042912255,1,-0.02264306097,-0.02302424105,-1.18856473,-1.188562362,1,-0.006316211837,-0.006316211837,4.256924173,4.256924173
506,10163611,1,17.51276898,-4.834628262,604.4310787,0,604.4403842,605.3768346,-0.02042912255,1,-0.02264306097,-0.02285747476,-1.18856473,-1.188563215,1,-0.006316211837,-0.006316211837,4.256924173,4.256924173
507,10187056,1,17.23112045,-4.834628262,604.4310787,0,604.4403842,605.3765244,-0.02042912255,1,-0.02264306097,-0.02276366873,-1.18856473,-1.18856376,1,-0.006316211837,-0.006316211837,4.256924173,4.256924173
508,10203663,1,17.14039116,-4.834628262,604.4310787,0,604.4403842,605.3762142,-0.02042912255,1,-0.02264306097,-0.02271090283,-1.18856473,-1.188564109,1,-0.006316211837,-0.006316211837,4.256924173,4.256924173
509,10223985,1,17.09153693,-4.834628262,604.4310787,0,604.4403842,605.375904,-0.02042912255,1,-0.02093127199,-0.0219728692,-1.18856473,-1.188564333,1,-0.006316211837,-0.006316211837,4.256924173,4.256924173
510,10243794,1,17.07152996,-4.834628262,604.4310787,0,604.4403842,605.3757489,-0.02042912255,1,-0.02073086101,-0.02144422981,-1.18856473,-1.188564476,1,-0.006316211837,-0.006316211837,4.256924173,4.256924173
511,10264131,1,17.06362022,-4.834628262,604.4310787,0,604.4403842,605.3755938,-0.02042912255,1,-0.02056189279,-0.02107230867,-1.18856473,-1.188564567,1,-0.006316211837,-0.006316211837,4.256924173,4.256924173
512,10285245,1,17.06036328,-4.834628262,604.4310787,0,604.4403842,605.3752837,-0.02042912255,1,-0.02054551077,-0.02084185564,-1.18856473,-1.188564626,1,-0.006316211837,-0.006316211837,4.256924173,4.256924173
513,10303841,1,17.05896744,-4.834628262,604.4310787,0,604.4403842,605.3748184,-0.02042912255,1,-0.02054551074,-0.02076776941,-1.18856473,-1.188564647,1,-0.006316211837,-0.006316211837,4.256924173,4.256924173
514,10323835,1,17.05819198,-4.834628262,604.4310787,0,604.4403842,605.3748184,-0.02042912255,0,NaN,NaN,NaN,NaN,0,NaN,NaN,NaN,NaN
515,10343251,1,17.0577267,-4.834628262,604.4310787,0,604.4403842,605.3748184,-0.02042912255,1,-0.02054551074,-0.02054551074,-1.189041792,-1.188660143,1,-0.006316211837,-0.006316211837,4.256924173,4.256924173
516,10363889,1,17.0577267,-4.834628262,604.4310787,0,604.4403842,605.3745082,-0.02042912255,1,-0.02054551074,-0.02054551074,-1.189311196,-1.188886271,1,-0.006316211837,-0.006316211837,4.256924173,4.256924173
517,10385925,1,17.05819198,-4.834628262,604.4310787,0,604.4405393,605.3745082,-0.02042912255,1,-0.02054551074,-0.02054551074,-1.189497783,-1.189076562,1,-0.006316211837,-0.006316211837,4.256924173,4.256924173
518,10404208,1,17.05865725,-4.834628262,604.4310787,0,604.4405393,605.3745082,-0.02042912255,1,-0.02052825735,-0.02054119739,-1.189497816,-1.189228213,1,-0.006316211837,-0.006316211837,4.256924173,4.256924173
519,10423208,1,17.05912253,-4.834628262,604.4310787,0,604.4405393,605.3745082,-0.02042912255,1,-0.02032625094,-0.02047132267,-1.189497816,-1.18932527,1,-0.006316211837,-0.006316211837,4.256924173,4.256924173
520,10443633,1,17.05865725,-4.835267002,604.4309236,0,604.4405393,605.3745082,-0.02042912255,1,-0.01990868176,-0.02027582118,-1.189497816,-1.189387387,1,-0.006316211837,-0.006316211837,4.256924173,4.256924173
521,10464039,1,17.03260166,-4.835267002,604.4056435,0,604.4295278,605.3745082,-0.02042912255,1,-0.0192410296,-0.01989301393,-1.189497816,-1.189427141,1,-0.006316211837,-0.006316211837,4.256924173,4.256924173
522,10486870,1,16.91581678,-4.835905743,604.2919604,0,604.3104165,605.3745082,-0.02042912255,1,-0.01837830311,-0.01931970419,-1.189497816,-1.189452584,1,-0.006316211837,-0.006316211837,4.256924173,4.256924173
523,10503806,1,16.74878184,-4.835905743,604.1204278,0,604.1435366,605.3746633,-0.02042912255,1,-0.01760723061,-0.01865171434,-1.189497816,-1.189468868,1,-0.006316211837,-0.006316211837,4.256924173,4.256924173
524,10523640,1,16.41827908,-4.836544484,603.791476,0,603.8105524,605.3746633,-0.02042912255,1,-0.01667612563,-0.01786687688,-1.189497816,-1.189479289,1,-0.006316211837,-0.006316211837,4.256924173,4.256924173
525,10544285,1,15.98324377,-4.836544484,603.3559754,0,603.3733458,605.3746633,-0.02042912255,1,-0.01552229235,-0.01694676481,-1.189497816,-1.189485959,1,-0.006316211837,-0.006316211837,4.256924173,4.256924173
526,10564546,1,15.47546994,-4.836544484,602.8483566,0,602.8627803,605.3746633,-0.02042912255,1,-0.01447274729,-0.01596673588,-1.189497816,-1.189490227,1,-0.006316211837,-0.006316211837,4.256924173,4.256924173
527,10586561,1,14.76576528,-4.837183225,602.1374112,0,602.1507492,605.3746633,-0.02042912255,1,-0.01319380508,-0.01491708586,-1.189497816,-1.189492959,1,-0.006316211837,-0.006316211837,4.256924173,4.256924173
528,10604030,1,14.20572517,-4.837183225,601.5778364,0,601.5885378,605.3746633,-0.02042912255,1,-0.01273841585,-0.01437241836,-1.189497816,-1.189493931,1,-0.006316211837,-0.006316211837,4.256924173,4.256924173
529,10623877,1,13.47740937,-4.837183225,600.8485901,0,600.8617729,605.3746633,-0.02042912255,1,-0.01118856095,-0.0127732501,-1.189497816,-1.189495827,1,-0.006316211837,-0.006316211837,4.256924173,4.256924173
530,10644212,1,12.66410272,-4.837821965,600.0371445,0,600.0532742,605.3748184,-0.02042912255,1,-0.01018898341,-0.0117432357,-1.189664603,-1.1895299,1,-0.006316211837,-0.006316211837,4.256924173,4.256924173
531,10664197,1,11.86816646,-4.837821965,599.2381064,0,599.2534606,605.3748184,-0.02042912255,1,-0.009664371442,-0.01122351963,-1.189684432,-1.189560807,1,-0.006316211837,-0.006316211837,4.256924173,4.256924173
532,10687056,1,10.9517231,-4.838460706,598.3241445,0,598.3346908,605.3748184,-0.02042912255,1,-0.008484408471,-0.009841385945,-1.189684433,-1.189621136,1,-0.006316211837,-0.006316211837,4.256924173,4.256924173
533,10703432,1,10.40129874,-4.838460706,597.7743405,0,597.7842665,605.3748184,-0.02042912255,1,-0.007977820172,-0.009076056896,-1.189684433,-1.189643923,1,-0.006316211837,-0.006316211837,4.256924173,4.256924173
534,10723684,1,9.634054654,-4.839099447,597.004615,0,597.0148511,605.3748184,-0.02042912255,1,-0.007373932766,-0.008393401942,-1.189684433,-1.189658507,1,-0.006316211837,-0.006316211837,4.256924173,4.256924173
535,10743651,1,9.007169549,-4.839738187,596.3772646,0,596.3884313,605.3748184,-0.02042912255,1,-0.006849446482,-0.007770588828,-1.189684433,-1.18966784,1,-0.006316211837,-0.006316211837,4.256924173,4.256924173
536,10763284,1,8.43813406,-4.840376928,595.8082291,0,595.8221874,605.3748184,-0.02042912255,1,-0.006385583795,-0.007204164629,-1.189684433,-1.189673814,1,-0.006316211837,-0.006316211837,4.256924173,4.256924173
537,10787125,1,7.822880916,-4.840376928,595.1935963,0,595.2038324,605.3748184,-0.02042912255,1,-0.005928289012,-0.006692073753,-1.189684433,-1.189677637,1,-0.006316211837,-0.006316211837,4.256924173,4.256924173
538,10804275,1,7.446315593,-4.841015669,594.8164106,0,594.827112,605.3748184,-0.02042912255,1,-0.00557335942,-0.006241016923,-1.189684433,-1.189680083,1,-0.006316211837,-0.006316211837,4.256924173,4.256924173
539,10823164,1,7.051294228,-4.841654409,594.4237157,0,594.4356578,605.3748184,-0.02042912255,1,-0.00517815889,-0.005816133419,-1.189684433,-1.189681649,1,-0.006316211837,-0.006316211837,4.256924173,4.256924173
540,10843639,1,6.63735154,-4.841654409,594.0102382,0,594.0178378,605.3748184,-0.02042912255,1,-0.004777865488,-0.005401031358,-1.189684433,-1.189682652,1,-0.006316211837,-0.006316211837,4.256924173,4.256924173
541,10863219,1,6.303126552,-4.84229315,593.6747725,0,593.6831475,605.3748184,-0.02042912255,1,-0.00437395139,-0.004981609888,-1.189684433,-1.189683293,1,-0.006316211837,-0.006316211837,4.256924173,4.256924173
542,10887349,1,5.894767206,-4.84229315,593.2671886,0,593.282853,605.3748184,-0.02042912255,1,-0.003805688414,-0.004529859213,-1.189684433,-1.189683703,1,-0.006316211837,-0.006316211837,4.256924173,4.256924173
543,10904270,1,5.646308537,-4.84229315,593.017179,0,593.0292763,605.3748184,-0.02042912255,1,-0.003445422402,-0.004095615711,-1.189684433,-1.189683966,1,-0.006316211837,-0.006316211837,4.256924173,4.256924173
544,10923678,1,5.339534976,-4.842931891,592.7110258,0,592.7214171,605.3748184,-0.02042912255,1,-0.003059207594,-0.003681987917,-1.189684433,-1.189684134,1,-0.006316211837,-0.006316211837,4.256924173,4.256924173
545,10944173,1,4.990110893,-4.842931891,592.3605161,0,592.3738541,605.3748184,-0.02042912255,1,-0.002630846699,-0.003268923038,-1.189684433,-1.189684242,1,-0.006316211837,-0.006316211837,4.256924173,4.256924173
546,10964430,1,4.674807228,-4.843570631,592.0452124,0,592.0538976,605.3748184,-0.02042912255,1,-0.002145766679,-0.002825591586,-1.189684433,-1.189684311,1,-0.006316211837,-0.006316211837,4.256924173,4.256924173
547,10986777,1,4.330191022,-4.844209372,591.7002861,0,591.7075754,605.3748184,-0.02042912255,1,-0.001537287456,-0.002331156821,-1.189684433,-1.189684355,1,-0.006316211837,-0.006316211837,4.256924173,4.256924173
548,11003754,1,4.059864269,-4.844848113,591.4288737,0,591.4358528,605.3748184,-0.02042912255,1,-0.001078079101,-0.001842692497,-1.189684433,-1.189684383,1,-0.006316211837,-0.006316211837,4.256924173,4.256924173
549,11023628,1,3.700359155,-4.844848113,591.0707644,0,591.0783639,605.3748184,-0.02042912255,1,-0.000469857785,-0.001298911299,-1.189684433,-1.189684401,1,-0.006316211837,-0.006316211837,4.256924173,4.256924173
550,11043227,1,3.372492972,-4.845486853,590.7422778,0,590.7565464,605.3748184,-0.02042912255,1,0.0001656900344,-0.0007113919077,-1.189684433,-1.189684413,1,-0.006316211837,-0.006316211837,4.256924173,4.256924173
551,11063372,1,3.162652411,-4.846125594,590.5350738,0,590.5412775,605.3748184,-0.02042912255,1,0.0008159056421,-8.576142383e-05,-1.189684433,-1.18968442,1,-0.006316211837,-0.006316211837,4.256924173,4.256924173
552,11085673,1,3.060446255,-4.846764335,590.4299209,0,590.441708,605.3748184,-0.02042912255,1,0.001590964936,0.0005715435562,-1.189684433,-1.189684425,1,-0.006316211837,-0.006316211837,4.256924173,4.256924173
553,11103786,1,3.188242724,-4.846764335,590.418444,0,590.4195297,605.3748184,-0.02042912255,1,0.001893821464,0.0009021130332,-1.189684433,-1.189684426,1,-0.006316211837,-0.006316211837,4.256924173,4.256924173
554,11123474,1,3.164823711,-4.847403076,590.4697798,0,590.4595436,605.3748184,-0.02042912255,1,0.002724189246,0.00182545409,-1.189871037,-1.189748436,1,-0.006316211837,-0.006316211837,4.256924173,4.256924173
555,11143799,1,3.164668618,-4.848041816,590.5076224,0,590.4995576,605.3748184,-0.02042912255,1,0.003038677626,0.002128759974,-1.18987105,-1.189772959,1,-0.006316211837,-0.006316211837,4.256924173,4.256924173
556,11164401,1,3.164358432,-4.848680557,590.5246826,0,590.518634,605.3748184,-0.02042912255,0,NaN,NaN,NaN,NaN,0,NaN,NaN,NaN,NaN
557,11187721,1,3.260671062,-4.849958038,590.5316618,0,590.5279396,605.3748184,-0.02042912255,0,NaN,NaN,NaN,NaN,0,NaN,NaN,NaN,NaN
558,11207133,1,3.948972916,-4.85123552,590.5339882,0,590.531972,605.3033206,-0.02042912255,1,0.005152676488,0.002884739103,-1.18987105,-1.189792577,1,-0.006316211837,-0.006316211837,4.256924173,4.256924173
559,11223811,1,5.286183052,-4.852513001,590.5347636,0,590.533678,604.8898432,-0.02042912255,1,0.005308261397,0.003490619676,-1.18987105,-1.189808272,1,-0.006316211837,-0.006316211837,4.256924173,4.256924173
560,11244053,1,7.806285986,-4.854429223,590.5352289,0,590.5350738,603.4665565,-0.02042912255,1,0.005778899156,0.004445067706,-1.18987105,-1.189830872,1,-0.006316211837,-0.006316211837,4.256924173,4.256924173
561,11263661,1,10.54801653,-4.858261667,590.5355391,0,590.5364697,601.0140741,-0.02042912255,1,0.006307446014,0.005447652305,-1.18987105,-1.189850479,1,-0.006316211837,-0.006316211837,4.256924173,4.256924173
562,11285955,1,13.62583318,-4.863371593,590.535384,0,590.5378655,597.8546786,-0.02088310305,1,0.006489227885,0.0057080462,-1.18987105,-1.189854593,1,-0.006316211837,-0.006316211837,4.256924173,4.256924173
563,11303214,1,16.03349384,-4.867204037,590.535384,0,590.5383308,595.3843605,-0.02088310305,1,0.006835709732,0.006320039209,-1.190055312,-1.189899477,1,-0.006316211837,-0.006316211837,4.256924173,4.256924173
564,11324395,1,17.80542909,-4.872313962,590.535384,0,590.5389512,592.8659636,-0.02088310305,1,0.006978503492,0.00648465528,-1.190057667,-1.189931115,1,-0.006316211837,-0.006316211837,4.256924173,4.256924173
565,11343169,1,17.97075802,-4.874868925,590.535384,0,590.5392613,591.8570849,-0.02088310305,1,0.007336372687,0.006939251572,-1.190057668,-1.189992873,1,-0.006316211837,-0.006316211837,4.256924173,4.256924173
566,11363843,1,17.99169555,-4.878701369,590.5352289,0,590.5394164,591.5396099,-0.02088310305,1,0.007393951111,0.007052926456,-1.190057668,-1.190005832,1,-0.006316211837,-0.006316211837,4.256924173,4.256924173
567,11386192,1,17.99293629,-4.882533813,590.5352289,0,590.5397266,591.5358877,-0.02088310305,0,NaN,NaN,NaN,NaN,0,NaN,NaN,NaN,NaN
568,11403201,1,18.03186459,-4.885088776,590.5352289,0,590.5398817,591.5360428,-0.02088310305,1,0.007442579179,0.007150339637,-1.190057668,-1.190016199,1,-0.006316211837,-0.006316211837,4.256924173,4.256924173
569,11423999,1,18.02643634,-4.885727517,590.5352289,0,590.5401919,591.5151052,-0.02042912255,0,NaN,NaN,NaN,NaN,0,NaN,NaN,NaN,NaN
570,11443831,1,18.02193865,-4.886366257,590.5352289,0,590.540347,591.5186724,-0.02088310305,1,0.007442579185,0.007442579185,-1.190057668,-1.190057668,1,-0.006316211837,-0.006316211837,4.256924173,4.256924173
571,11463909,1,18.05249193,-4.887004998,590.5352289,0,590.540347,591.5175867,-0.02088310305,1,0.007442579185,0.007442579185,-1.190057668,-1.190057668,1,-0.006316211837,-0.006316211837,4.256924173,4.256924173
572,11487447,1,18.04287617,-4.887004998,590.5352289,0,590.5405021,591.5127789,-0.02088310305,1,0.007442579185,0.007442579185,-1.190057668,-1.190057668,1,-0.006316211837,-0.006316211837,4.256924173,4.256924173
573,11504076,1,18.04752896,-4.887004998,590.5352289,0,590.5405021,591.5095219,-0.02088310305,1,0.007442579185,0.007442579185,-1.190057668,-1.190057668,1,-0.006316211837,-0.006316211837,4.256924173,4.256924173
574,11523665,1,18.05016554,-4.887004998,590.5352289,0,590.5405021,591.5057997,-0.02088310305,1,0.007442579185,0.007442579185,-1.190057668,-1.190057668,1,-0.006316211837,-0.006316211837,4.256924173,4.256924173
575,11543592,1,18.05187156,-4.887004998,590.5352289,0,590.5406572,591.503008,-0.02088310305,1,0.007442579185,0.007442579185,-1.190057668,-1.190057668,1,-0.006316211837,-0.006316211837,4.256924173,4.256924173
576,11564157,1,18.05326739,-4.887004998,590.5352289,0,590.5406572,591.4999062,-0.02088310305,1,0.007442579185,0.007442579185,-1.190057668,-1.190057668,1,-0.006316211837,-0.006316211837,4.256924173,4.256924173
577,11587283,1,18.05450813,-4.887004998,590.5352289,0,590.5406572,591.4975798,-0.02088310305,1,0.007456836994,0.007448774222,-1.190244285,-1.190124814,1,-0.006316211837,-0.006316211837,4.256924173,4.256924173
578,11603602,1,18.05512851,-4.887004998,590.5352289,0,590.5406572,591.4958737,-0.02088310305,1,0.007456836999,0.007452301687,-1.190244285,-1.190167824,1,-0.006316211837,-0.006316211837,4.256924173,4.256924173
579,11623360,1,18.05590397,-4.887004998,590.5352289,0,590.5406572,591.4941677,-0.02088310305,1,0.007456836999,0.007454285886,-1.190244285,-1.19019535,1,-0.006316211837,-0.006316211837,4.256924173,4.256924173
580,11643267,1,18.05652434,-4.887004998,590.5352289,0,590.5406572,591.4924617,-0.02088310305,1,0.007456836999,0.007455401998,-1.190244285,-1.190212966,1,-0.006316211837,-0.006316211837,4.256924173,4.256924173
581,11664003,1,18.05698962,-4.887004998,590.5352289,0,590.5406572,591.491376,-0.02088310305,1,0.007456836999,0.007456029811,-1.190244285,-1.190224241,1,-0.006316211837,-0.006316211837,4.256924173,4.256924173
582,11685780,1,18.0574549,-4.887004998,590.5352289,0,590.5406572,591.4898251,-0.02088310305,1,0.007456836999,0.007456382956,-1.190244285,-1.190231457,1,-0.006316211837,-0.006316211837,4.256924173,4.256924173
583,11703867,1,18.05776508,-4.887004998,590.5352289,0,590.5406572,591.4892048,-0.02088310305,1,0.007456836999,0.0074565816,-1.190244285,-1.190236075,1,-0.006316211837,-0.006316211837,4.256924173,4.256924173
584,11723226,1,18.05792018,-4.887004998,590.5352289,0,590.5406572,591.4881191,-0.02088310305,1,0.007456836999,0.007456693337,-1.190244285,-1.19023903,1,-0.006316211837,-0.006316211837,4.256924173,4.256924173
585,11744047,1,18.05823036,-4.887004998,590.5352289,0,590.5406572,591.4874987,-0.02088310305,1,0.007456836999,0.007456756189,-1.190244285,-1.190240922,1,-0.006316211837,-0.006316211837,4.256924173,4.256924173
586,11763684,1,18.05838545,-4.887004998,590.5352289,0,590.5406572,591.4868784,-0.02088310305,1,0.007456836999,0.007456791544,-1.190244285,-1.190242133,1,-0.006316211837,-0.006316211837,4.256924173,4.256924173
587,11787767,1,18.05838545,-4.887004998,590.5352289,0,590.5408123,591.486258,-0.02088310305,1,0.007456836999,0.00745681143,-1.190244285,-1.190242907,1,-0.006316211837,-0.006316211837,4.256924173,4.256924173
588,11804063,1,18.05885073,-4.887004998,590.5352289,0,590.5408123,591.4857927,-0.02088310305,1,0.007471091597,0.007460386266,-1.190244285,-1.190243403,1,-0.006316211837,-0.006316211837,4.256924173,4.256924173
589,11823286,1,18.05885073,-4.887004998,590.5352289,0,590.5408123,591.4853274,-0.02088310305,1,0.007471094814,0.007465071256,-1.190244285,-1.190243721,1,-0.006316211837,-0.006316211837,4.256924173,4.256924173
590,11843838,1,18.05916092,-4.887004998,590.5352289,0,590.5408123,591.4850172,-0.02088310305,1,0.007471094814,0.007467706562,-1.190244285,-1.190243924,1,-0.006316211837,-0.006316211837,4.256924173,4.256924173
591,11863865,1,18.0594711,-4.887004998,590.5352289,0,590.5408123,591.484552,-0.02088310305,1,0.007471094814,0.007469188922,-1.190244285,-1.190244054,1,-0.006316211837,-0.006316211837,4.256924173,4.256924173
592,11886226,1,18.0596262,-4.887004998,590.5352289,0,590.5408123,591.4842418,-0.02088310305,1,0.007471094814,0.00747002275,-1.190244285,-1.190244137,1,-0.006316211837,-0.006316211837,4.256924173,4.256924173
593,11903618,1,18.0596262,-4.887004998,590.5352289,0,590.5408123,591.4840867,-0.02088310305,1,0.007471094814,0.007470491778,-1.190244285,-1.19024419,1,-0.006316211837,-0.006316211837,4.256924173,4.256924173
594,11923218,1,18.0596262,-4.887004998,590.5352289,0,590.5408123,591.4837765,-0.02088310305,1,0.007471094814,0.007470755606,-1.190430881,-1.190306308,1,-0.006316211837,-0.006316211837,4.256924173,4.256924173
595,11943707,1,18.0596262,-4.887004998,590.5352289,0,590.5408123,591.4836214,-0.02088310305,1,0.00748534212,0.007474465836,-1.190430902,-1.190351162,1,-0.006316211837,-0.006316211837,4.256924173,4.256924173
596,11964136,1,18.0596262,-4.887004998,590.5352289,0,590.5408123,591.4834663,-0.02088310305,1,0.007485352628,0.007479228808,-1.190430902,-1.190379868,1,-0.006316211837,-0.006316211837,4.256924173,4.256924173
597,11985811,1,18.0596262,-4.887004998,590.5352289,0,590.5408123,591.483001,-0.02088310305,1,0.007485352628,0.007481907979,-1.190430902,-1.19039824,1,-0.006316211837,-0.006316211837,4.256924173,4.256924173
598,12003173,1,18.0596262,-4.887004998,590.5352289,0,590.5408123,591.483001,-0.02088310305,1,0.007485352628,0.007483415013,-1.190430902,-1.190409999,1,-0.006316211837,-0.006316211837,4.256924173,4.256924173
599,12023620,1,18.0596262,-4.887004998,590.5352289,0,590.5408123,591.4825358,-0.02088310305,1,0.007499610434,0.007490497348,-1.190430902,-1.190417524,1,-0.006316211837,-0.006316211837,4.256924173,4.256924173
600,12043862,1,18.05978129,-4.887004998,590.5352289,0,590.5408123,591.4820705,-0.02088310305,1,0.007513123495,0.00749786259,-1.190430902,-1.19042234,1,-0.006316211837,-0.006316211837,4.256924173,4.256924173
601,12064694,1,18.05978129,-4.887004998,590.5352289,0,590.5408123,591.4816052,-0.02088310305,1,0.007536111337,0.007510425768,-1.190430902,-1.190425422,1,-0.006316211837,-0.006316211837,4.256924173,4.256924173
602,12086765,1,18.05978129,-4.887004998,590.5352289,0,590.5408123,591.4809848,-0.02088310305,1,0.007623502241,0.007547272793,-1.190430902,-1.190427395,1,-0.006316211837,-0.006316211837,4.256924173,4.256924173
603,12104802,1,18.05978129,-4.887004998,590.5352289,0,590.5408123,591.4814501,-0.02088310305,1,0.007681351507,0.007580792471,-1.190430902,-1.190428096,1,-0.006316211837,-0.006316211837,4.256924173,4.256924173
604,12123882,1,17.97029274,-4.887004998,590.5352289,0,590.5408123,591.4808297,-0.02088310305,1,0.007820719811,0.007671907383,-1.190430902,-1.190429106,1,-0.006316211837,-0.006316211837,4.256924173,4.256924173
605,12143740,1,17.53494725,-4.887004998,590.5352289,0,590.5408123,591.4803645,-0.02088310305,1,0.008096874071,0.007871030757,-1.190609826,-1.190465767,1,-0.006316211837,-0.006316211837,4.256924173,4.256924173
606,12164162,1,17.26787744,-4.887004998,590.5352289,0,590.5408123,591.4808297,-0.02088310305,1,0.008343254181,0.008055807802,-1.190617519,-1.190520398,1,-0.006316211837,-0.006316211837,4.256924173,4.256924173
607,12187912,1,17.13341199,-4.887004998,590.5352289,0,590.5408123,591.4806746,-0.02088310305,1,0.008541411462,0.008256132964,-1.190617519,-1.190555361,1,-0.006316211837,-0.006316211837,4.256924173,4.256924173
608,12204059,1,17.09603462,-4.887004998,590.5352289,0,590.5408123,591.4806746,-0.02088310305,1,0.008541411462,0.008380942307,-1.190617519,-1.190577738,1,-0.006316211837,-0.006316211837,4.256924173,4.256924173
609,12223143,1,17.07602765,-4.887004998,590.5352289,0,590.5408123,591.4803645,-0.02088310305,1,0.008652709889,0.008478972169,-1.190617519,-1.190592059,1,-0.006316211837,-0.006316211837,4.256924173,4.256924173
610,12243624,1,17.06687717,-4.887004998,590.5352289,0,590.5408123,591.4803645,-0.02088310305,1,0.00865449342,0.008555762706,-1.190617519,-1.190601225,1,-0.006316211837,-0.006316211837,4.256924173,4.256924173
611,12263816,1,17.06362022,-4.887004998,590.5352289,0,590.5408123,591.4803645,-0.02088310305,1,0.00865449342,0.008598957393,-1.190617519,-1.190607091,1,-0.006316211837,-0.006316211837,4.256924173,4.256924173
612,12286892,1,17.0619142,-4.887004998,590.5352289,0,590.5408123,591.4803645,-0.02088310305,1,0.00865449342,0.0086128414,-1.190617519,-1.190609176,1,-0.006316211837,-0.006316211837,4.256924173,4.256924173
613,12303933,1,17.06129383,-4.887004998,590.5352289,0,590.5408123,591.4802094,-0.02088310305,0,NaN,NaN,NaN,NaN,0,NaN,NaN,NaN,NaN
614,12323449,1,17.06067346,-4.887004998,590.5352289,0,590.5408123,591.4802094,-0.02088310305,1,0.00865449342,0.00865449342,-1.190804069,-1.190654829,1,-0.006316211837,-0.006316211837,4.256924173,4.256924173
615,12344652,1,17.06067346,-4.887004998,590.5352289,0,590.5409674,591.4802094,-0.02088310305,1,0.00865449342,0.00865449342,-1.190804136,-1.19068469,1,-0.006316211837,-0.006316211837,4.256924173,4.256924173
616,12363139,1,17.06113874,-4.887004998,590.5352289,0,590.5409674,591.4802094,-0.02088310305,1,0.00865449342,0.00865449342,-1.190804136,-1.19074298,1,-0.006316211837,-0.006316211837,4.256924173,4.256924173
617,12386064,1,17.06144893,-4.887004998,590.5352289,0,590.5409674,591.4802094,-0.02088310305,1,0.00865449342,0.00865449342,-1.190804136,-1.190764996,1,-0.006316211837,-0.006316211837,4.256924173,4.256924173
618,12404079,1,17.0619142,-4.887004998,590.5352289,0,590.5409674,591.4802094,-0.02088310305,1,0.00865449342,0.00865449342,-1.190804136,-1.190779087,1,-0.006316211837,-0.006316211837,4.256924173,4.256924173
619,12424068,1,17.0619142,-4.887004998,590.5352289,0,590.5409674,591.4803645,-0.02088310305,1,0.00865449342,0.00865449342,-1.190804136,-1.190788104,1,-0.006316211837,-0.006316211837,4.256924173,4.256924173
620,12443611,1,17.0619142,-4.887004998,590.5352289,0,590.5409674,591.4803645,-0.02088310305,1,0.00865449342,0.00865449342,-1.190804136,-1.190793876,1,-0.006316211837,-0.006316211837,4.256924173,4.256924173
621,12463842,1,17.0619142,-4.887004998,590.5352289,0,590.5409674,591.4803645,-0.02088310305,1,0.00865449342,0.00865449342,-1.190804136,-1.19079757,1,-0.006316211837,-0.006316211837,4.256924173,4.256924173
622,12485934,1,17.0619142,-4.887004998,590.5352289,0,590.5409674,591.4803645,-0.02088310305,1,0.00865449342,0.00865449342,-1.190804136,-1.190799934,1,-0.006316211837,-0.006316211837,4.256924173,4.256924173
623,12504719,1,17.0619142,-4.887004998,590.5352289,0,590.5409674,591.4803645,-0.02088310305,1,0.00865449342,0.00865449342,-1.190804136,-1.190801447,1,-0.006316211837,-0.006316211837,4.256924173,4.256924173
624,12523488,1,17.0619142,-4.887004998,590.5352289,0,590.5409674,591.4803645,-0.02088310305,0,NaN,NaN,NaN,NaN,0,NaN,NaN,NaN,NaN
625,12543251,1,17.0619142,-4.887004998,590.5352289,0,590.5409674,591.4803645,-0.02088310305,0,NaN,NaN,NaN,NaN,0,NaN,NaN,NaN,NaN
626,12563797,1,17.0619142,-4.887004998,590.5352289,0,590.5409674,591.4803645,-0.02088310305,0,NaN,NaN,NaN,NaN,0,NaN,NaN,NaN,NaN
627,12586512,1,17.0619142,-4.887004998,590.5352289,0,590.5409674,591.4803645,-0.02088310305,0,NaN,NaN,NaN,NaN,0,NaN,NaN,NaN,NaN
628,12603665,1,17.0619142,-4.887004998,590.5352289,0,590.5409674,591.4803645,-0.02088310305,0,NaN,NaN,NaN,NaN,0,NaN,NaN,NaN,NaN
629,12623786,1,17.0619142,-4.887004998,590.5352289,0,590.5409674,591.4803645,-0.02088310305,0,NaN,NaN,NaN,NaN,0,NaN,NaN,NaN,NaN
630,12643124,1,17.0619142,-4.887004998,590.5352289,0,590.5409674,591.4803645,-0.02088310305,0,NaN,NaN,NaN,NaN,0,NaN,NaN,NaN,NaN
631,12663612,1,17.0619142,-4.887004998,590.5352289,0,590.5409674,591.4803645,-0.02088310305,0,NaN,NaN,NaN,NaN,0,NaN,NaN,NaN,NaN
632,12685725,1,17.0619142,-4.887004998,590.5352289,0,590.5409674,591.4803645,-0.02088310305,0,NaN,NaN,NaN,NaN,0,NaN,NaN,NaN,NaN
633,12705418,1,17.0619142,-4.887004998,590.5352289,0,590.5409674,591.4803645,-0.02088310305,0,NaN,NaN,NaN,NaN,0,NaN,NaN,NaN,NaN
634,12723279,1,17.0619142,-4.887004998,590.5352289,0,590.5409674,591.4803645,-0.02088310305,0,NaN,NaN,NaN,NaN,0,NaN,NaN,NaN,NaN
635,12743151,1,17.0619142,-4.887004998,590.5352289,0,590.5409674,591.4803645,-0.02088310305,1,0.008668751234,0.008658057873,-1.190804136,-1.190801984,1,-0.006316211837,-0.006316211837,4.256924173,4.256924173
636,12764006,1,17.0619142,-4.887004998,590.5352289,0,590.5409674,591.4803645,-0.02088310305,1,0.008668751234,0.008662736219,-1.190804136,-1.190802759,1,-0.006316211837,-0.006316211837,4.256924173,4.256924173
637,12786671,1,17.0619142,-4.887004998,590.5352289,0,590.5409674,591.4803645,-0.02088310305,1,0.008668751234,0.008665367788,-1.190804136,-1.190803255,1,-0.006316211837,-0.006316211837,4.256924173,4.256924173
638,12804304,1,17.0619142,-4.887004998,590.5352289,0,590.5409674,591.4803645,-0.02088310305,1,0.008668751234,0.00866621365,-1.190804136,-1.190803431,1,-0.006316211837,-0.006316211837,4.256924173,4.256924173
639,12823950,1,17.0619142,-4.887004998,590.5352289,0,590.5409674,591.4803645,-0.02088310305,1,0.008668751234,0.008667680691,-1.190804136,-1.190803775,1,-0.006316211837,-0.006316211837,4.256924173,4.256924173
640,12843581,1,17.0619142,-4.887004998,590.5352289,0,590.5409674,591.4803645,-0.02088310305,1,0.008668751234,0.008668149054,-1.190804136,-1.190803905,1,-0.006316211837,-0.006316211837,4.256924173,4.256924173
641,12864090,1,17.0619142,-4.887004998,590.5352289,0,590.5409674,591.4803645,-0.02088310305,1,0.008668751234,0.008668412508,-1.190804136,-1.190803988,1,-0.006316211837,-0.006316211837,4.256924173,4.256924173
642,12887365,1,17.0619142,-4.887004998,590.5352289,0,590.5409674,591.4803645,-0.02088310305,1,0.008668751234,0.008668560701,-1.190804136,-1.190804042,1,-0.006316211837,-0.006316211837,4.256924173,4.256924173
643,12903967,1,17.0619142,-4.887004998,590.5352289,0,590.5409674,591.4803645,-0.02088310305,1,0.008668751234,0.008668644059,-1.190804136,-1.190804076,1,-0.006316211837,-0.006316211837,4.256924173,4.256924173
644,12924764,1,17.0619142,-4.887004998,590.5352289,0,590.5409674,591.4803645,-0.02088310305,1,0.008668751234,0.008668690948,-1.190804136,-1.190804097,1,-0.006316211837,-0.006316211837,4.256924173,4.256924173
645,12943378,1,17.0619142,-4.887004998,590.5352289,0,590.5409674,591.4803645,-0.02088310305,1,0.008668751234,0.008668717323,-1.190804136,-1.190804111,1,-0.006316211837,-0.006316211837,4.256924173,4.256924173
646,12964271,1,17.0619142,-4.887004998,590.5352289,0,590.5409674,591.4803645,-0.02088310305,1,0.008668751234,0.008668732159,-1.190804136,-1.19080412,1,-0.006316211837,-0.006316211837,4.256924173,4.256924173
647,12984995,1,17.0619142,-4.887004998,590.5352289,0,590.5409674,591.4803645,-0.02088310305,1,0.008668751234,0.008668740505,-1.190990753,-1.190871295,1,-0.006316211837,-0.006316211837,4.256924173,4.256924173
648,13004125,1,17.0619142,-4.887004998,590.5352289,0,590.5409674,591.4803645,-0.02088310305,1,0.008668751234,0.008668745199,-1.190990753,-1.1909143,1,-0.006316211837,-0.006316211837,4.256924173,4.256924173
649,13024292,1,17.0619142,-4.887004998,590.5352289,0,590.5409674,591.4803645,-0.02088310305,1,0.008668751234,0.008668746708,-1.190990753,-1.19092959,1,-0.006316211837,-0.006316211837,4.256924173,4.256924173
650,13044481,1,17.0619142,-4.887004998,590.5352289,0,590.5409674,591.4803645,-0.02088310305,1,0.008668751234,0.008668748688,-1.190990753,-1.190951609,1,-0.006316211837,-0.006316211837,4.256924173,4.256924173
651,13063088,1,17.0619142,-4.887004998,590.5352289,0,590.5409674,591.4803645,-0.02088310305,1,0.008668751234,0.00866875016,-1.190990753,-1.190970711,1,-0.006316211837,-0.006316211837,4.256924173,4.256924173
652,13084724,1,17.0619142,-4.887004998,590.5352289,0,590.5409674,591.4803645,-0.02088310305,1,0.008668751234,0.00866875063,-1.190990753,-1.190977927,1,-0.006316211837,-0.006316211837,4.256924173,4.256924173
653,13104042,1,17.0619142,-4.887004998,590.5352289,0,590.5409674,591.4803645,-0.02088310305,1,0.008668751234,0.008668750894,-1.190990753,-1.190982544,1,-0.006316211837,-0.006316211837,4.256924173,4.256924173
654,13123155,1,17.0619142,-4.887004998,590.5352289,0,590.5409674,591.4803645,-0.02088310305,1,0.008668751234,0.008668750979,-1.190990753,-1.190984186,1,-0.006316211837,-0.006316211837,4.256924173,4.256924173
655,13143825,1,17.0619142,-4.887004998,590.5352289,0,590.5409674,591.4803645,-0.02088310305,1,0.008668751234,0.008668751127,-1.190990753,-1.190987391,1,-0.006316211837,-0.006316211837,4.256924173,4.256924173
656,13164103,1,17.0619142,-4.887004998,590.5352289,0,590.5409674,591.4803645,-0.02088310305,1,0.008668751234,0.008668751174,-1.190990753,-1.190988601,1,-0.006316211837,-0.006316211837,4.256924173,4.256924173
657,13184667,1,17.0619142,-4.887004998,590.5352289,0,590.5409674,591.4803645,-0.02088310305,1,0.008668751234,0.0086687512,-1.190990753,-1.190989376,1,-0.006316211837,-0.006316211837,4.256924173,4.256924173
658,13204749,1,17.0619142,-4.887004998,590.5352289,0,590.5409674,591.4803645,-0.02088310305,1,0.008668751234,0.008668751215,-1.190990753,-1.190989872,1,-0.006316211837,-0.006316211837,4.256924173,4.256924173
659,13223156,1,17.0619142,-4.887004998,590.5352289,0,590.5409674,591.4803645,-0.02088310305,1,0.008668751234,0.008668751224,-1.190990753,-1.190990189,1,-0.006316211837,-0.006316211837,4.256924173,4.256924173
660,13243199,1,17.0619142,-4.887004998,590.5352289,0,590.5409674,591.4803645,-0.02088310305,1,0.008668751234,0.008668751228,-1.190990753,-1.190990392,1,-0.006316211837,-0.006316211837,4.256924173,4.256924173
661,13263218,1,17.0619142,-4.887643739,590.5352289,0,590.5409674,591.4803645,-0.02088310305,1,0.008668751234,0.008668751231,-1.190990753,-1.190990522,1,-0.006316211837,-0.006316211837,4.256924173,4.256924173
662,13285703,1,17.0619142,-4.887643739,590.5352289,0,590.5409674,591.4803645,-0.02088310305,1,0.008668751234,0.008668751232,-1.190990753,-1.190990605,1,-0.006316211837,-0.006316211837,4.256924173,4.256924173
663,13303765,1,17.0619142,-4.887643739,590.5352289,0,590.5409674,591.4803645,-0.02088310305,1,0.008668751234,0.008668751233,-1.190990753,-1.190990659,1,-0.006316211837,-0.006316211837,4.256924173,4.256924173
664,13323500,1,17.0619142,-4.887643739,590.5352289,0,590.5409674,591.4803645,-0.02088310305,1,0.008668751234,0.008668751234,-1.190990753,-1.190990693,1,-0.006316211837,-0.006316211837,4.256924173,4.256924173
665,13343599,1,17.0619142,-4.887643739,590.5352289,0,590.5409674,591.4803645,-0.02088310305,1,0.008668751234,0.008668751234,-1.190990753,-1.190990715,1,-0.006316211837,-0.006316211837,4.256924173,4.256924173
666,13363965,1,17.0619142,-4.887643739,590.5352289,0,590.5409674,591.4803645,-0.02088310305,1,0.008668751234,0.008668751234,-1.190990753,-1.190990729,1,-0.006316211837,-0.006316211837,4.256924173,4.256924173
667,13385951,1,17.0619142,-4.887643739,590.5352289,0,590.5409674,591.4803645,-0.02088310305,1,0.008668751234,0.008668751234,-1.190990753,-1.190990737,1,-0.006316211837,-0.006316211837,4.256924173,4.256924173
668,13403647,1,17.0619142,-4.887643739,590.5352289,0,590.5409674,591.4803645,-0.02088310305,1,0.008668751234,0.008668751234,-1.190990753,-1.190990743,1,-0.006316211837,-0.006316211837,4.256924173,4.256924173
669,13423819,1,17.0619142,-4.887643739,590.5352289,0,590.5409674,591.4803645,-0.02088310305,1,0.008668751234,0.008668751234,-1.190990753,-1.190990747,1,-0.006316211837,-0.006316211837,4.256924173,4.256924173
670,13444024,1,17.0619142,-4.887643739,590.5352289,0,590.5409674,591.4803645,-0.02088310305,1,0.008668751234,0.008668751234,-1.190990753,-1.190990749,1,-0.006316211837,-0.006316211837,4.256924173,4.256924173
671,13463252,1,17.0619142,-4.887643739,590.5352289,0,590.5409674,591.4803645,-0.02088310305,1,0.008668751234,0.008668751234,-1.190990753,-1.190990751,1,-0.006316211837,-0.006316211837,4.256924173,4.256924173
672,13485917,1,17.0619142,-4.887643739,590.5352289,0,590.5409674,591.4803645,-0.02088310305,1,0.008668751234,0.008668751234,-1.190990753,-1.190990752,1,-0.006316211837,-0.006316211837,4.256924173,4.256924173
673,13503776,1,17.0619142,-4.887643739,590.5352289,0,590.5409674,591.4803645,-0.02088310305,1,0.008668751234,0.008668751234,-1.190990753,-1.190990752,1,-0.006316211837,-0.006316211837,4.256924173,4.256924173
674,13523200,1,17.0619142,-4.887643739,590.5352289,0,590.5409674,591.4803645,-0.02088310305,1,0.008668751234,0.008668751234,-1.190990753,-1.190990753,1,-0.006316211837,-0.006316211837,4.256924173,4.256924173
675,13543711,1,17.0619142,-4.887643739,590.5352289,0,590.5409674,591.4803645,-0.02088310305,1,0.008668751234,0.008668751234,-1.190990753,-1.190990753,1,-0.006316211837,-0.006316211837,4.256924173,4.256924173
676,13563116,1,17.0619142,-4.887643739,590.5352289,0,590.5409674,591.4803645,-0.02088310305,1,0.008668751234,0.008668751234,-1.190990753,-1.190990753,1,-0.006316211837,-0.006316211837,4.256924173,4.256924173
677,13585791,1,17.0619142,-4.887643739,590.5352289,0,590.5409674,591.4803645,-0.02088310305,1,0.008668751234,0.008668751234,-1.190990753,-1.190990753,1,-0.006316211837,-0.006316211837,4.256924173,4.256924173
678,13603223,1,17.0619142,-4.887643739,590.5352289,0,590.5409674,591.4803645,-0.02088310305,1,0.008668751234,0.008668751234,-1.190990753,-1.190990753,1,-0.006316211837,-0.006316211837,4.256924173,4.256924173
679,13623762,1,17.0619142,-4.887643739,590.5352289,0,590.5409674,591.4803645,-0.02088310305,1,0.008668751234,0.008668751234,-1.190990753,-1.190990753,1,-0.006316211837,-0.006316211837,4.256924173,4.256924173
680,13644084,1,17.0619142,-4.88828248,590.5352289,0,590.5409674,591.4803645,-0.02088310305,1,0.008668751234,0.008668751234,-1.190990753,-1.190990753,1,-0.006316211837,-0.006316211837,4.256924173,4.256924173
681,13664464,1,17.0619142,-4.88828248,590.5352289,0,590.5409674,591.4803645,-0.02088310305,1,0.008668751234,0.008668751234,-1.190990753,-1.190990753,1,-0.006316211837,-0.006316211837,4.256924173,4.256924173
682,13686953,1,17.0619142,-4.88828248,590.5352289,0,590.5409674,591.4803645,-0.02088310305,1,0.008668751234,0.008668751234,-1.190990753,-1.190990753,1,-0.006316211837,-0.006316211837,4.256924173,4.256924173
683,13703613,1,17.0619142,-4.88828248,590.5352289,0,590.5409674,591.4803645,-0.02088310305,1,0.008668751234,0.008668751234,-1.190990753,-1.190990753,1,-0.006316211837,-0.006316211837,4.256924173,4.256924173
684,13724003,1,17.0619142,-4.88828248,590.5352289,0,590.5409674,591.4803645,-0.02088310305,1,0.008668751234,0.008668751234,-1.190990753,-1.190990753,1,-0.006316211837,-0.006316211837,4.256924173,4.256924173
685,13743709,1,17.0619142,-4.88828248,590.5352289,0,590.5409674,591.4803645,-0.02088310305,1,0.008668751234,0.008668751234,-1.190990753,-1.190990753,1,-0.006316211837,-0.006316211837,4.256924173,4.256924173
686,13763156,1,17.0619142,-4.88828248,590.5352289,0,590.5409674,591.4803645,-0.02088310305,1,0.008668751234,0.008668751234,-1.190990753,-1.190990753,1,-0.006316211837,-0.006316211837,4.256924173,4.256924173
687,13785675,1,17.0619142,-4.88828248,590.5352289,0,590.5409674,591.4803645,-0.02088310305,1,0.008668751234,0.008668751234,-1.190990753,-1.190990753,1,-0.006316211837,-0.006316211837,4.256924173,4.256924173
688,13803774,1,17.0619142,-4.88828248,590.5352289,0,590.5409674,591.4803645,-0.02088310305,1,0.008668751234,0.008668751234,-1.190990753,-1.190990753,1,-0.006316211837,-0.006316211837,4.256924173,4.256924173
689,13824159,1,17.0619142,-4.88828248,590.5352289,0,590.5409674,591.4803645,-0.02088310305,1,0.008668751234,0.008668751234,-1.190990753,-1.190990753,1,-0.006316211837,-0.006316211837,4.256924173,4.256924173
690,13843711,1,17.0619142,-4.88828248,590.5352289,0,590.5409674,591.4803645,-0.02088310305,1,0.008668751234,0.008668751234,-1.190990753,-1.190990753,1,-0.006316211837,-0.006316211837,4.256924173,4.256924173
691,13863965,1,17.0619142,-4.88892122,590.5352289,0,590.5409674,591.4803645,-0.02088310305,1,0.008668751234,0.008668751234,-1.190990753,-1.190990753,1,-0.006316211837,-0.006316211837,4.256924173,4.256924173
692,13887286,1,17.0619142,-4.88892122,590.5352289,0,590.5409674,591.4803645,-0.02088310305,1,0.008668751234,0.008668751234,-1.190990753,-1.190990753,1,-0.006316211837,-0.006316211837,4.258254685,4.257190276
693,13903173,1,17.0619142,-4.88892122,590.5352289,0,590.5409674,591.4803645,-0.02088310305,1,0.008668751234,0.008668751234,-1.190990753,-1.190990753,1,-0.006316211837,-0.006316211837,4.273677089,4.261850281
694,13923980,1,17.0619142,-4.88892122,590.5352289,0,590.5409674,591.4803645,-0.01452737603,1,0.008668751234,0.008668751234,-1.190990753,-1.190990753,1,-0.006316211837,-0.006316211837,4.301663272,4.274256102
695,13943631,1,17.0619142,-4.88892122,590.5352289,0,590.5409674,591.4803645,0.06628115315,1,0.008668751234,0.008668751234,-1.190990753,-1.190990753,1,-0.006316211837,-0.006316211837,4.314535812,4.282312044
696,13963880,1,17.0619142,-4.88892122,590.5352289,0,590.5409674,591.4803645,0.3659082838,1,0.008668751234,0.008668751234,-1.190990753,-1.190990753,1,-0.006316211837,-0.006316211837,4.34425368,4.309183586
697,13984850,1,17.0619142,-4.88892122,590.5352289,0,590.5409674,591.4803645,0.9914934143,1,0.008668751234,0.008668751234,-1.190990753,-1.190990753,1,-0.006316211837,-0.006316211837,4.347993348,4.323147954
698,14004040,1,17.0619142,-4.88892122,590.5352289,0,590.5409674,591.4803645,1.792315018,1,0.008668751234,0.008668751234,-1.190990753,-1.190990753,1,-0.006316211837,-0.006316211837,4.34799335,4.332092297
699,14023152,1,17.0619142,-4.88892122,590.5352289,0,590.5409674,591.4803645,2.59177468,1,0.008668751234,0.008668751234,-1.190990753,-1.190990753,1,-0.006302096052,-0.006312682891,4.347620144,4.337686572
700,14043680,1,17.0619142,-4.889559961,590.5352289,0,590.5409674,591.4803645,3.366265415,1,0.008668751234,0.008668751234,-1.190990753,-1.190990753,1,-0.006195210584,-0.006277219147,4.347620116,4.341262648
701,14063769,1,17.0619142,-4.889559961,590.5352289,0,590.5409674,591.4808297,3.926023373,1,0.008668751234,0.008668751234,-1.190990753,-1.190990753,1,-0.005922491653,-0.006159967244,4.346572529,4.343341819
702,14086107,1,17.0619142,-4.889559961,590.5352289,0,590.5409674,591.4794339,4.354580966,1,0.008668751234,0.008668751234,-1.190990753,-1.190990753,1,-0.005461068139,-0.005899917474,4.33720206,4.342051404
703,14104349,1,17.0619142,-4.889559961,590.5352289,0,590.5409674,591.4800543,4.596552573,1,0.008668751234,0.008668751234,-1.190990753,-1.190990753,1,-0.004915027589,-0.005528295607,4.328195204,4.337815722
704,14124275,1,17.0619142,-4.889559961,590.5352289,0,590.5409674,591.4800543,4.715495464,1,0.008668751234,0.008668751234,-1.190990753,-1.190990753,1,-0.004695381714,-0.005320067134,4.325631979,4.335378974
705,14143745,1,17.0619142,-4.889559961,590.5352289,0,590.5409674,591.4800543,4.71140964,1,0.008668751234,0.008668751234,-1.190990753,-1.190990753,1,-0.003760742318,-0.00493023593,4.323359885,4.332975156
706,14163827,1,17.0619142,-4.889559961,590.5352289,0,590.5409674,591.4806746,4.676453141,1,0.008668751234,0.008668751234,-1.190990753,-1.190990753,1,-0.002976888371,-0.004157278971,4.324367318,4.329782845
707,14186681,1,17.0619142,-4.889559961,590.5352289,0,590.5409674,591.7489852,4.586565002,1,0.008668751234,0.008668751234,-1.190990753,-1.190990753,1,-0.00188804212,-0.003287407059,4.326796609,4.328436145
708,14203857,1,17.0619142,-4.889559961,590.5352289,0,590.5409674,592.5940859,4.434481534,1,0.008668751234,0.008668751234,-1.190990753,-1.190990753,1,-0.00188804212,-0.002937565824,4.326796609,4.328108238
709,14223802,1,17.0619142,-4.890198702,590.5352289,0,590.5409674,594.7464638,4.281036125,1,0.008668751234,0.008668751234,-1.190990753,-1.190990753,1,-1.355652908e-05,-0.001862188535,4.328645847,4.327838011
710,14243720,1,17.0619142,-4.890198702,590.5352289,0,590.5409674,597.4301896,4.182068376,1,0.008668751234,0.008668751234,-1.190990753,-1.190990753,1,0.0008818078503,-0.0007255306162,4.328600816,4.328139972
711,14264038,1,17.06175911,-4.890198702,590.5352289,0,590.5409674,600.4969947,4.121234988,1,0.008668751234,0.008668751234,-1.190990753,-1.190990753,1,0.001427259782,-0.0001873330166,4.328438889,4.328199755
712,14284911,1,17.06175911,-4.890198702,590.5352289,0,590.5409674,603.5684525,4.096720041,1,0.008668751234,0.008668751234,-1.190990753,-1.190990753,1,0.002167948171,0.001040384166,4.328398548,4.328296789
713,14303205,1,17.06175911,-4.890198702,590.5352289,0,590.5409674,606.2019283,4.089456353,1,0.008683008064,0.008672315442,-1.190990753,-1.190990753,1,0.00267865163,0.001706044325,4.328398548,4.328333422
714,14324204,1,17.06175911,-4.890198702,590.5352289,0,590.5409674,609.2578769,4.088094412,1,0.008683009049,0.008676993895,-1.190990753,-1.190990753,1,0.003103935272,0.002282536194,4.326786287,4.327922247
715,14343786,1,17.06175911,-4.890837442,590.5352289,0,590.5409674,611.9589731,4.087186451,1,0.008683009049,0.008679625525,-1.190990753,-1.190990753,1,0.003438042099,0.002753448054,4.323270765,4.326603441
716,14363825,1,17.06175911,-4.890837442,590.5352289,0,590.5409674,611.8797207,4.079468782,1,0.008683009049,0.008681105817,-1.190990753,-1.190990753,1,0.00368024216,0.003129814612,4.31916516,4.324392646
717,14386972,1,17.06175911,-4.891476183,590.5352289,0,590.5409674,611.3803218,4.044966264,1,0.008683009049,0.008681938481,-1.190990753,-1.190990753,1,0.003721287994,0.003387079354,4.316076543,4.321687531
718,14403251,1,17.06175911,-4.891476183,590.5352289,0,590.5409674,611.704776,3.99593637,1,0.008683009049,0.008682206123,-1.190990753,-1.190990753,1,0.003657814357,0.003454763105,4.313962679,4.320142561
719,14423977,1,17.06175911,-4.891476183,590.5352289,0,590.5409674,610.7290872,3.901962406,0,NaN,NaN,NaN,NaN,0,NaN,NaN,NaN,NaN
720,14443943,1,17.06175911,-4.891476183,590.5350738,0,590.5409674,608.0642826,3.819791936,1,0.008683009049,0.008682406854,-1.190990753,-1.190990753,1,0.001718945123,0.002874731281,4.315404634,4.313588564
721,14464234,1,17.06175911,-4.892114924,590.5349187,0,590.5409674,604.9906535,3.776663788,1,0.008683009049,0.008682670314,-1.190990753,-1.190990753,1,0.0005979682249,0.002029457424,4.319929498,4.315339579
722,14487264,1,17.0619142,-4.892114924,590.5352289,0,590.5409674,601.5769058,3.724910011,1,0.008683009049,0.008682818511,-1.190990753,-1.190990753,1,-0.001817510412,0.0006261882534,4.328301979,4.319246777
723,14503688,1,17.0619142,-4.892114924,590.5352289,0,590.5409674,599.199023,3.720824186,1,0.008683009049,0.008682866145,-1.190990753,-1.190990753,1,-0.002915226296,-0.000259165384,4.331515069,4.321700435
724,14523824,1,17.0619142,-4.892114924,590.5349187,0,590.5409674,596.2176741,3.775301847,1,0.008683009049,0.008682948761,-1.190990753,-1.190990753,1,-0.006514660218,-0.003242615307,4.342446729,4.330009304
725,14543984,1,17.0619142,-4.892114924,590.5349187,0,590.5409674,593.2546261,3.945090554,1,0.008683009049,0.008682975137,-1.190990753,-1.190990753,1,-0.009123445861,-0.005580150805,4.348263283,4.336222893
726,14563384,1,17.0619142,-4.892753664,590.5350738,0,590.5409674,590.6828773,4.178890512,1,0.008683009049,0.008682989974,-1.190990753,-1.190990753,1,-0.01134646585,-0.007860187598,4.350718058,4.341197758
727,14587555,1,17.0619142,-4.892753664,590.5352289,0,590.5411225,591.2896003,4.55796423,1,0.008683009049,0.008682998319,-1.190990753,-1.190990753,1,-0.01389490667,-0.01023966252,4.353485381,4.345424829
728,14604138,1,17.0619142,-4.892753664,590.5349187,0,590.5411225,592.138113,4.785408461,1,0.008683009049,0.008683003013,-1.190990753,-1.190990753,1,-0.01536738611,-0.01233585224,4.353591865,4.348364933
729,14623218,1,17.0619142,-4.892753664,590.5347636,0,590.5411225,591.0440884,5.026018127,1,0.008683009049,0.008683005654,-1.190990753,-1.190990753,1,-0.01691911269,-0.01420074312,4.353591865,4.350246629
730,14644086,1,17.0619142,-4.892753664,590.5349187,0,590.5411225,591.693462,5.269351675,1,0.008683009049,0.008683007139,-1.190990753,-1.190990753,1,-0.01907007039,-0.01610999094,4.353591865,4.351450914
731,14663634,1,17.0619142,-4.892753664,590.5350738,0,590.5411225,591.4820705,5.451851837,1,0.008683009049,0.008683007975,-1.190990753,-1.190990753,1,-0.02101946202,-0.01805745165,4.353591865,4.352221657
732,14685994,1,17.0619142,-4.893392405,590.5352289,0,590.5411225,591.6892745,5.597579578,1,0.008683009049,0.008683008445,-1.190990753,-1.190990753,1,-0.02294555169,-0.01997207954,4.353591865,4.352714932
733,14703285,1,17.0619142,-4.893392405,590.5352289,0,590.5411225,592.4769908,5.677480146,1,0.008683009049,0.008683008709,-1.190990753,-1.190990753,1,-0.02437485336,-0.02176145625,4.353223423,4.352927196
734,14723733,1,17.0619142,-4.893392405,590.5352289,0,590.5411225,594.0204744,5.742399358,1,0.008683009049,0.008683008858,-1.190990753,-1.190990753,1,-0.02577174843,-0.02339116962,4.353218631,4.353032113
735,14743924,1,17.0619142,-4.893392405,590.535384,0,590.5411225,595.6990438,5.791883232,1,0.008683009049,0.008683008941,-1.190990753,-1.190990753,1,-0.02721263977,-0.02491416097,4.352434128,4.35291406
736,14764120,1,17.0619142,-4.893392405,590.5352289,0,590.5411225,597.379009,5.825023809,1,0.008683009049,0.008683008988,-1.190990753,-1.190990753,1,-0.02840800574,-0.02630389573,4.351766077,4.352554551
737,14785921,1,17.0619142,-4.893392405,590.5352289,0,590.5411225,599.0574233,5.833649438,1,0.008683009049,0.008683009015,-1.190990753,-1.190990753,1,-0.02962719254,-0.02761735244,4.351149248,4.352140887
738,14803905,1,17.0619142,-4.894031146,590.5352289,0,590.5411225,600.4990109,5.833649438,1,0.008683009049,0.00868300903,-1.190990753,-1.190990753,1,-0.03060177823,-0.02881662142,4.348793399,4.35116829
739,14823765,1,17.0619142,-4.894031146,590.5350738,0,590.5411225,602.095226,5.831833516,1,0.008683009049,0.008683009038,-1.190990753,-1.190990753,1,-0.03158050433,-0.02993249503,4.346896297,4.349755412
740,14843640,1,17.0619142,-4.894031146,590.5350738,0,590.5411225,603.6974897,5.820937984,1,0.008683009049,0.008683009043,-1.190990753,-1.190990753,1,-0.03245580707,-0.03096400425,4.34668703,4.348650809
741,14863093,1,17.0619142,-4.894031146,590.5350738,0,590.5411225,605.2164686,5.794153135,1,0.008683009049,0.008683009045,-1.190990753,-1.190990753,1,-0.03296366248,-0.03179761599,4.34668703,4.347943849
742,14887813,1,17.0619142,-4.894031146,590.5350738,0,590.5411225,607.2135986,5.731503826,1,0.008683009049,0.008683009047,-1.190990753,-1.190990753,1,-0.03304961405,-0.03234413262,4.347059351,4.347595571
743,14905315,1,17.0619142,-4.894031146,590.5350738,0,590.5411225,608.5731421,5.686105775,1,0.008683009049,0.008683009048,-1.190990753,-1.190990753,1,-0.03303610103,-0.0326494025,4.347429717,4.347506131
744,14923828,1,17.0619142,-4.894031146,590.5352289,0,590.5411225,610.0300839,5.655689082,1,0.008683009049,0.008683009048,-1.190990753,-1.190990753,1,-0.03302109875,-0.03281224387,4.347433499,4.347479983
745,14943189,1,17.0619142,-4.894031146,590.5352289,0,590.5411225,610.9398583,5.630720154,1,0.008683009049,0.008683009049,-1.190990753,-1.190990753,1,-0.03302109845,-0.03290361775,4.347433499,4.347463249
746,14963864,1,17.0619142,-4.894031146,590.5352289,0,590.5411225,611.402345,5.60892909,1,0.008683009049,0.008683009049,-1.190990753,-1.190990753,1,-0.03300684065,-0.03294878592,4.347246882,4.347385359
747,14986583,1,17.0619142,-4.894031146,590.5352289,0,590.5411225,611.5971416,5.595763656,1,0.008683009049,0.008683009049,-1.190990753,-1.190990753,1,-0.03296658821,-0.03296237623,4.347246882,4.347335507
748,15004104,1,17.0619142,-4.894031146,590.5352289,0,590.5411225,611.652975,5.588499968,1,0.008683009049,0.008683009049,-1.190990753,-1.190990753,1,-0.03288941021,-0.03294207322,4.347246882,4.347303602
749,15023816,1,17.0619142,-4.894031146,590.5352289,0,590.5411225,611.6821324,5.578966377,1,0.008683009049,0.008683009049,-1.190990753,-1.190990753,1,-0.03280772352,-0.03288885093,4.347246882,4.347283183
750,15044096,1,17.0619142,-4.894031146,590.5352289,0,590.5411225,611.693144,5.57261065,1,0.008683009049,0.008683009049,-1.190990753,-1.190990753,1,-0.03274892789,-0.03283339832,4.347067958,4.34723433
751,15064177,1,17.0619142,-4.894031146,590.5352289,0,590.5411225,611.6304865,5.569432787,1,0.008683009049,0.008683009049,-1.190990753,-1.190990753,1,-0.03261446609,-0.03275406056,4.34687365,4.347107658
752,15086069,1,17.0619142,-4.894031146,590.5352289,0,590.5411225,611.5535605,5.567616865,1,0.008683009049,0.008683009049,-1.190990753,-1.190990753,1,-0.03227917312,-0.03258358171,4.346873647,4.347023414
753,15104056,1,17.0619142,-4.894031146,590.5352289,0,590.5411225,611.4977271,5.564892982,1,0.008683009049,0.008683009049,-1.190990753,-1.190990753,1,-0.03181256726,-0.03230253393,4.34668703,4.346903083
754,15123898,1,17.0619142,-4.894031146,590.5352289,0,590.5411225,611.3917987,5.561261138,1,0.008683009049,0.008683009049,-1.190990753,-1.190990753,1,-0.03136135795,-0.03193544681,4.34668703,4.346825304
755,15143117,1,17.0619142,-4.894669886,590.5352289,0,590.5411225,611.2390323,5.558537255,1,0.008683009049,0.008683009049,-1.190990753,-1.190990753,1,-0.03088114272,-0.03151925583,4.34668703,4.346775525
756,15163538,1,17.0619142,-4.894669886,590.5352289,0,590.5411225,611.0107357,5.555813372,1,0.008683009049,0.008683009049,-1.190990753,-1.190990753,1,-0.03011091767,-0.0309727795,4.346873647,4.346810847
757,15186795,1,17.0619142,-4.894669886,590.5352289,0,590.5411225,610.6713926,5.55399745,1,0.008683009049,0.008683009049,-1.190990753,-1.190990753,1,-0.02916090822,-0.03027894045,4.346873647,4.346833455
758,15203356,1,17.0619142,-4.894669886,590.5352289,0,590.5411225,610.4103715,5.553543469,1,0.008683009049,0.008683009049,-1.190990753,-1.190990753,1,-0.02916090822,-0.02978980135,4.346873647,4.346847925
759,15223626,1,17.0619142,-4.894669886,590.5352289,0,590.5411225,609.9520722,5.553543469,1,0.008683009049,0.008683009049,-1.190990753,-1.190990753,1,-0.02916090822,-0.02951466061,4.346873647,4.346857185
760,15243607,1,17.0619142,-4.894669886,590.5352289,0,590.5411225,609.5668217,5.553543469,1,0.008683009049,0.008683009049,-1.190990753,-1.190990753,1,-0.02916090822,-0.02935989394,4.346873647,4.346863111
761,15264000,1,17.0619142,-4.894669886,590.5352289,0,590.5411225,609.2488815,5.553543469,1,0.008683009049,0.008683009049,-1.190990753,-1.190990753,1,-0.02678762455,-0.02845513194,4.339138502,4.344734392
762,15285647,1,17.0619142,-4.894669886,590.5352289,0,590.5411225,608.9678533,5.550365606,1,0.008683009049,0.008683009049,-1.190990753,-1.190990753,1,-0.02610317314,-0.02751280389,4.336391636,4.341972206
763,15303720,1,17.0619142,-4.894669886,590.5352289,0,590.5411225,608.5686444,5.517225029,1,0.008683009049,0.008683009049,-1.190990753,-1.190990753,1,-0.02544993231,-0.02666499375,4.335315984,4.339633914
764,15323983,1,17.0619142,-4.894669886,590.5352289,0,590.5411225,607.9903034,5.423705046,1,0.008683009049,0.008683009049,-1.190990753,-1.190990753,1,-0.02460473153,-0.02583298394,4.335303383,4.338074923
765,15343672,1,17.0619142,-4.894669886,590.5352289,0,590.5411225,607.3660549,5.298860408,1,0.008683009049,0.008683009049,-1.190990753,-1.190990753,1,-0.02383121077,-0.02501321081,4.336082128,4.337252414
766,15363782,1,17.0619142,-4.894669886,590.5352289,0,590.5411225,606.7453735,5.19172101,1,0.008683009049,0.008683009049,-1.190990753,-1.190990753,1,-0.02320845517,-0.02429270286,4.338500703,4.33744464
767,15385328,1,17.0619142,-4.894669886,590.5352289,0,590.5411225,606.096155,5.103648793,1,0.008683009049,0.008683009049,-1.190990753,-1.190990753,1,-0.02250732612,-0.02358189998,4.343642127,4.339236897
768,15404089,1,17.0619142,-4.894669886,590.5352289,0,590.5411225,605.5271195,5.060974626,1,0.008683009049,0.008683009049,-1.190990753,-1.190990753,1,-0.02172646213,-0.02285396542,4.349740127,4.342454104
769,15424186,1,17.0619142,-4.894669886,590.5352289,0,590.5411225,605.0063179,5.067330353,1,0.008683009049,0.008683009049,-1.190990753,-1.190990753,1,-0.02081549879,-0.02205823632,4.35661009,4.346940556
770,15443894,1,17.0619142,-4.894669886,590.5352289,0,590.5411225,604.4532569,5.133611506,1,0.008683009049,0.008683009049,-1.190990753,-1.190990753,1,-0.01971376569,-0.02113592925,4.362329574,4.352113481
771,15463171,1,17.0619142,-4.894669886,590.5352289,0,590.5411225,603.9046937,5.2734375,1,0.008683009049,0.008683009049,-1.190990753,-1.190990753,1,-0.01873555838,-0.02016718858,4.363822406,4.356264865
772,15486913,1,17.0619142,-4.894669886,590.5352289,0,590.5411225,603.1188385,5.544009879,1,0.008683009049,0.008683009049,-1.190990753,-1.190990753,1,-0.01747599458,-0.01910616563,4.364415661,4.359198763
773,15503222,1,17.0619142,-4.894669886,590.5352289,0,590.5411225,602.589972,5.731049845,1,0.008683009049,0.008683009049,-1.190990753,-1.190990753,1,-0.01678915245,-0.01816911849,4.364007507,4.360995215
774,15523226,1,17.0619142,-4.894669886,590.5352289,0,590.5411225,601.8366863,5.928531363,1,0.008683009049,0.008683009049,-1.190990753,-1.190990753,1,-0.01594927776,-0.01728352014,4.361991016,4.361539005
775,15543157,1,17.0619142,-4.894669886,590.5352289,0,590.5411225,601.0878982,6.095142207,1,0.008683009049,0.008683009049,-1.190990753,-1.190990753,1,-0.01520206501,-0.0164254721,4.360666646,4.361261041
776,15563262,1,17.0619142,-4.894669886,590.5352289,0,590.5411225,600.3924621,6.203643547,1,0.008683009049,0.008683009049,-1.190990753,-1.190990753,1,-0.01462532207,-0.0156939501,4.360496701,4.360985884
777,15585949,1,17.0619142,-4.895308627,590.5352289,0,590.5411225,599.5977666,6.257667226,1,0.008683009049,0.008683009049,-1.190990753,-1.190990753,1,-0.01406863901,-0.01504612235,4.360632202,4.360836878
778,15604086,1,17.0619142,-4.895308627,590.5352289,0,590.5411225,599.1098447,6.274918485,1,0.008683009049,0.008683009049,-1.190990753,-1.190990753,1,-0.01359764428,-0.01446439952,4.360869366,4.360818792
779,15623887,1,17.0619142,-4.895308627,590.5352289,0,590.5411225,598.5868717,6.286267998,1,0.008683009049,0.008683009049,-1.190990753,-1.190990753,1,-0.01312611213,-0.01392540337,4.361243116,4.360950431
780,15644073,1,17.0619142,-4.895308627,590.5352289,0,590.5411225,598.0987947,6.291261783,1,0.008683009049,0.008683009049,-1.190990753,-1.190990753,1,-0.01254563927,-0.01338156395,4.361429786,4.361122028
781,15663866,1,17.0619142,-4.895308627,590.5352289,0,590.5411225,597.6598821,6.29761751,1,0.008683009049,0.008683009049,-1.190990753,-1.190990753,1,-0.01193680043,-0.01282221258,4.361223569,4.361191577
782,15686885,1,17.0619142,-4.895308627,590.5352289,0,590.5411225,597.1840573,6.307605081,1,0.008683009049,0.008683009049,-1.190990753,-1.190990753,1,-0.0113016206,-0.01223228619,4.360516542,4.361015527
783,15703801,1,17.0619142,-4.895308627,590.5352289,0,590.5411225,596.8386657,6.31532275,1,0.008683009049,0.008683009049,-1.190990753,-1.190990753,1,-0.01074524608,-0.01163734769,4.360310084,4.360761869
784,15723197,1,17.0619142,-4.895308627,590.5352289,0,590.5411225,596.4236373,6.318954594,1,0.008683009049,0.008683009049,-1.190990753,-1.190990753,1,-0.01017613,-0.01104698553,4.360310083,4.360599226
785,15743663,1,17.0619142,-4.895308627,590.5352289,0,590.5411225,595.9510696,6.318500613,1,0.008683009049,0.008683009049,-1.190990753,-1.190990753,1,-0.009532193155,-0.01045227913,4.360490629,4.360531244
786,15763871,1,17.0619142,-4.895308627,590.5352289,0,590.5411225,595.498974,6.318500613,1,0.008683009049,0.008683009049,-1.190990753,-1.190990753,1,-0.008739160721,-0.009791904839,4.360496701,4.360518808
787,15786208,1,17.0619142,-4.895308627,590.5352289,0,590.5411225,594.9880984,6.318046633,1,0.008683009049,0.008683009049,-1.190990753,-1.190990753,1,-0.007716896138,-0.008985511511,4.360496701,4.360510849
788,15803774,1,17.0619142,-4.895308627,590.5352289,0,590.5411225,594.6033131,6.318046633,1,0.008683009049,0.008683009049,-1.190990753,-1.190990753,1,-0.00699799098,-0.008196453264,4.360496701,4.360505756
789,15823225,1,17.0619142,-4.895308627,590.5352289,0,590.5411225,594.0879397,6.318046633,1,0.008683009049,0.008683009049,-1.190990753,-1.190990753,1,-0.006172562003,-0.007380830801,4.360496701,4.360502496
790,15843754,1,17.0619142,-4.895308627,590.5352289,0,590.5411225,593.4640014,6.317592652,1,0.008683009049,0.008683009049,-1.190990753,-1.190990753,1,-0.005322296838,-0.006566684286,4.360496701,4.36050041
791,15863808,1,17.0619142,-4.895308627,590.5352289,0,590.5411225,592.8546418,6.317592652,1,0.008683009049,0.008683009049,-1.190990753,-1.190990753,1,-0.004410831692,-0.005715303706,4.360310304,4.360461795
792,15885682,1,17.0619142,-4.895308627,590.5352289,0,590.5411225,592.2130229,6.317592652,1,0.008683009049,0.008683009049,-1.190990753,-1.190990753,1,-0.003474521584,-0.004826668635,4.360310083,4.360407179
793,15904250,1,17.0619142,-4.895308627,590.5352289,0,590.5411225,591.8515015,6.317592652,1,0.008683009049,0.008683009049,-1.190990753,-1.190990753,1,-0.002796422241,-0.004003458458,4.360310083,4.360372225
794,15924311,1,17.0619142,-4.895308627,590.5352289,0,590.5411225,591.6748508,6.317138672,1,0.008683009049,0.008683009049,-1.190990753,-1.190990753,1,-0.0023004139,-0.003577697318,4.360310083,4.360359796
795,15943146,1,17.0619142,-4.895308627,590.5352289,0,590.5411225,591.5973044,6.317138672,1,0.008683009049,0.008683009049,-1.190990753,-1.190990753,1,-0.00120578302,-0.002367268188,4.360310083,4.360335536
796,15964142,1,17.0619142,-4.895947368,590.5352289,0,590.5411225,591.6765569,6.316684691,1,0.008683009049,0.008683009049,-1.190990753,-1.190990753,1,-0.0002103931531,-0.001516888738,4.360310083,4.360326373
797,15986649,1,17.0619142,-4.895308627,590.5352289,0,590.5411225,591.6770221,6.316230711,1,0.008683009049,0.008683009049,-1.190990753,-1.190990753,1,0.0006286936532,-0.0006597221284,4.360310083,4.360320509
798,16003266,1,17.0619142,-4.895947368,590.5352289,0,590.5411225,591.6767119,6.316230711,1,0.008683009049,0.008683009049,-1.190990753,-1.190990753,1,0.0009059748461,-0.0002682978848,4.360310083,4.360318424
799,16024910,1,17.0619142,-4.895947368,590.5352289,0,590.5411225,591.6765569,6.316230711,1,0.008683009049,0.008683009049,-1.190990753,-1.190990753,1,0.001714789907,0.0002274740631,4.360496131,4.360353965
800,16043553,1,17.0619142,-4.895947368,590.5352289,0,590.5411225,591.6950129,6.316230711,1,0.008683009049,0.008683009049,-1.190990753,-1.190990753,1,0.002256270147,0.0007346730841,4.360972128,4.360477598
801,16063387,1,17.0619142,-4.895947368,590.5352289,0,590.5411225,592.0422657,6.316230711,1,0.008683009049,0.008683009049,-1.190990753,-1.190990753,1,0.003010144812,0.00191841649,4.362175401,4.36111772
802,16084763,1,17.0619142,-4.895947368,590.5352289,0,590.5411225,593.4892815,6.318046633,1,0.008683009049,0.008683009049,-1.190990753,-1.190990753,1,0.003648460033,0.002624782055,4.362362872,4.361565973
803,16103987,1,17.0619142,-4.895947368,590.5352289,0,590.5411225,595.9076436,6.323948379,1,0.008683009049,0.008683009049,-1.190990753,-1.190990753,1,0.00415980598,0.003255531578,4.362362872,4.361852857
804,16124811,1,17.0619142,-4.895947368,590.5352289,0,590.5411225,598.9451361,6.335297892,1,0.008683009049,0.008683009049,-1.190990753,-1.190990753,1,0.004556780268,0.003797046409,4.363053636,4.362174615
805,16143790,1,17.0619142,-4.895947368,590.5352289,0,590.5411225,601.7240889,6.344377502,1,0.008683009049,0.008683009049,-1.190990753,-1.190990753,1,0.004619508974,0.00400266205,4.364889306,4.362717553
806,16163278,1,17.0619142,-4.895947368,590.5352289,0,590.5411225,604.5081598,6.35164119,1,0.008683009049,0.008683009049,-1.190990753,-1.190990753,1,0.004619531908,0.004359289879,4.366937511,4.364466012
807,16184975,1,17.0619142,-4.895947368,590.5352289,0,590.5411225,607.7261803,6.382057884,1,0.008683009049,0.008683009049,-1.190990753,-1.190990753,1,0.004562295153,0.004458836578,4.367723601,4.365587096
808,16204193,1,17.0619142,-4.895947368,590.5350738,0,590.5411225,610.6377375,6.427455934,1,0.008683009049,0.008683009049,-1.190990753,-1.190990753,1,0.004061026482,0.004344620005,4.367961386,4.36644028
809,16223408,1,17.0619142,-4.895947368,590.5350738,0,590.5411225,612.359888,6.482841555,1,0.008683009049,0.008683009049,-1.190990753,-1.190990753,1,0.003297334691,0.003952030874,4.367839538,4.366963508
810,16243108,1,17.0619142,-4.895947368,590.5350738,0,590.5411225,611.2303471,6.53323339,1,0.008683009049,0.008683009049,-1.190990753,-1.190990753,1,0.003297334691,0.003788356828,4.367839538,4.367138714
811,16264022,1,17.0619142,-4.895947368,590.5352289,0,590.5411225,611.7243177,6.588619011,1,0.008683009049,0.008683009049,-1.190990753,-1.190990753,1,0.003297334691,0.003504484656,4.367839538,4.367480716
812,16287515,1,17.0619142,-4.895947368,590.5355391,0,590.5411225,611.3265046,6.630839198,1,0.008683009049,0.008683009049,-1.190990753,-1.190990753,1,-0.0006381993828,0.002468813646,4.350159066,4.364016386
813,16303154,1,17.0619142,-4.896586108,590.5355391,0,590.5411225,609.7783683,6.642642691,0,NaN,NaN,NaN,NaN,0,NaN,NaN,NaN,NaN
814,16324112,1,17.0619142,-4.896586108,590.5352289,0,590.5411225,606.7987254,6.653084243,0,NaN,NaN,NaN,NaN,0,NaN,NaN,NaN,NaN
815,16344073,1,17.0619142,-4.896586108,590.5352289,0,590.5411225,603.8367631,6.661255892,1,0.008683009049,0.008683009049,-1.190990753,-1.190990753,1,-0.006428601229,-0.003616220801,4.332323159,4.340224305
816,16364394,1,17.0619142,-4.896586108,590.5355391,0,590.5411225,600.8704581,6.648544438,1,0.008683009049,0.008683009049,-1.190990753,-1.190990753,1,-0.01011360042,-0.006713102188,4.332317509,4.33636579
817,16387120,1,17.0619142,-4.896586108,590.535384,0,590.5411225,597.2951038,6.513712229,1,0.008683009049,0.008683009049,-1.190990753,-1.190990753,1,-0.01318349545,-0.009258446058,4.334510649,4.335460246
818,16403202,1,17.0619142,-4.896586108,590.5352289,0,590.5411225,595.056029,6.41474448,1,0.008683009049,0.008683009049,-1.190990753,-1.190990753,1,-0.01489189207,-0.01151615193,4.338830063,4.336147727
819,16423857,1,17.0619142,-4.896586108,590.5352289,0,590.5411225,591.9326151,6.300795374,1,0.008683009049,0.008683009049,-1.190990753,-1.190990753,1,-0.01745756615,-0.01383556001,4.343127755,4.338421359
820,16443737,1,17.0619142,-4.896586108,590.5352289,0,590.5411225,590.5555461,6.254035382,1,0.008683009049,0.008683009049,-1.190990753,-1.190990753,1,-0.01850822653,-0.01500372664,4.343141301,4.339365347
821,16463680,1,17.0619142,-4.896586108,590.5352289,0,590.5411225,592.1033722,6.265384895,1,0.008683009049,0.008683009049,-1.190990753,-1.190990753,1,-0.02176114537,-0.01835042866,4.341841248,4.3407987
822,16487490,1,17.0619142,-4.896586108,590.5349187,0,590.5411225,591.3382995,6.342107599,1,0.008683009049,0.008683009049,-1.190990753,-1.190990753,1,-0.02458931037,-0.02076735885,4.339850258,4.340661343
823,16503928,1,17.0619142,-4.896586108,590.5349187,0,590.5411225,591.7617028,6.381603903,1,0.008683009049,0.008683009049,-1.190990753,-1.190990753,1,-0.02623424293,-0.02298326156,4.338672343,4.340011928
824,16523753,1,17.0619142,-4.896586108,590.5349187,0,590.5411225,591.6822953,6.407934772,1,0.008683009049,0.008683009049,-1.190990753,-1.190990753,1,-0.0281351363,-0.02508941412,4.338662492,4.339526131
825,16543131,1,17.0619142,-4.896586108,590.5356942,0,590.5411225,591.827152,6.411566616,1,0.008683009049,0.008683009049,-1.190990753,-1.190990753,1,-0.02976980162,-0.02701604965,4.338662492,4.339215221
826,16564587,1,17.0619142,-4.896586108,590.535384,0,590.5411225,592.8658085,6.402487006,1,0.008683009049,0.008683009049,-1.190990753,-1.190990753,1,-0.0314277847,-0.02880728771,4.338662492,4.339016239
827,16586646,1,17.0619142,-4.896586108,590.535384,0,590.5411225,594.6107576,6.386143708,1,0.008683009049,0.008683009049,-1.190990753,-1.190990753,1,-0.03288619274,-0.03042967778,4.338662492,4.33888889
828,16604042,1,17.0619142,-4.896586108,590.535384,0,590.5411225,595.970146,6.374340215,1,0.008683009049,0.008683009049,-1.190990753,-1.190990753,1,-0.03399179929,-0.03187851038,4.338314606,4.338737809
829,16623199,1,17.0619142,-4.896586108,590.535384,0,590.5411225,597.4911411,6.364352644,1,0.008683009049,0.008683009049,-1.190990753,-1.190990753,1,-0.03499312676,-0.03316738374,4.338102646,4.338509448
830,16644096,1,17.0619142,-4.896586108,590.535384,0,590.5411225,599.1681595,6.354819053,1,0.008683009049,0.008683009049,-1.190990753,-1.190990753,1,-0.03622908772,-0.03439082218,4.33791605,4.338325679
831,16663926,1,17.0619142,-4.897224849,590.5352289,0,590.5411225,600.7704233,6.343923521,1,0.008683009049,0.008683009049,-1.190990753,-1.190990753,1,-0.03705651769,-0.03546587667,4.337729419,4.338137735
832,16685254,1,17.0619142,-4.897224849,590.5352289,0,590.5411225,602.5270044,6.335297892,1,0.008683009049,0.008683009049,-1.190990753,-1.190990753,1,-0.03781827389,-0.03642430689,4.337729406,4.337990737
833,16703810,1,17.0619142,-4.897224849,590.5352289,0,590.5411225,603.9684369,6.329396145,1,0.008683009049,0.008683009049,-1.190990753,-1.190990753,1,-0.03830601415,-0.03720796645,4.337729406,4.337896658
834,16723645,1,17.0619142,-4.897224849,590.5352289,0,590.5411225,605.5662029,6.323948379,1,0.008683009049,0.008683009049,-1.190990753,-1.190990753,1,-0.03862682084,-0.03781160128,4.338122171,4.337958045
835,16744202,1,17.0619142,-4.897224849,590.5350738,0,590.5411225,607.2444621,6.319408574,1,0.008683009049,0.008683009049,-1.190990753,-1.190990753,1,-0.03872114046,-0.03820618988,4.338475789,4.338114586
836,16763939,1,17.0619142,-4.897224849,590.5350738,0,590.5411225,608.7587882,6.318046633,1,0.008683009049,0.008683009049,-1.190990753,-1.190990753,1,-0.03875153901,-0.03843965842,4.338475875,4.33824465
837,16786878,1,17.0619142,-4.897224849,590.5350738,0,590.5411225,610.0245006,6.318954594,1,0.008683009049,0.008683009049,-1.190990753,-1.190990753,1,-0.03878125545,-0.0385863234,4.33866249,4.338365214
838,16803135,1,17.0619142,-4.897224849,590.5350738,0,590.5411225,610.4440266,6.319408574,1,0.008683009049,0.008683009049,-1.190990753,-1.190990753,1,-0.03878125552,-0.03863505643,4.338662492,4.33842467
839,16823344,1,17.0619142,-4.897224849,590.5350738,0,590.5411225,610.6909343,6.320316535,1,0.008683009049,0.008683009049,-1.190990753,-1.190990753,1,-0.03878125552,-0.03871957778,4.338849109,4.33861493
840,16843916,1,17.0619142,-4.897224849,590.5350738,0,590.5411225,610.7931405,6.322132457,1,0.008683009049,0.008683009049,-1.190990753,-1.190990753,1,-0.03878125552,-0.03874656179,4.338849109,4.338699235
841,16864656,1,17.0619142,-4.897224849,590.5352289,0,590.5411225,610.8329993,6.323494399,1,0.008683009049,0.008683009049,-1.190990753,-1.190990753,1,-0.03876699801,-0.03875623483,4.338314606,4.338617035
842,16886763,1,17.0619142,-4.897224849,590.5352289,0,590.5411225,610.8478883,6.325310321,1,0.008683009049,0.008683009049,-1.190990753,-1.190990753,1,-0.03873848462,-0.03875114245,4.337916066,4.338394836
843,16904198,1,17.0619142,-4.897224849,590.5352289,0,590.5411225,610.8531614,6.325310321,1,0.008683009049,0.008683009049,-1.190990753,-1.190990753,1,-0.03872425858,-0.03874442148,4.337729581,4.338261785
844,16923239,1,17.0619142,-4.897224849,590.5352289,0,590.5411225,610.8554878,6.323948379,1,0.008683009049,0.008683009049,-1.190990753,-1.190990753,1,-0.03868159292,-0.03871488771,4.337729406,4.338001984
845,16943380,1,17.0619142,-4.897224849,590.5352289,0,590.5411225,610.8568836,6.320316535,1,0.008683009049,0.008683009049,-1.190990753,-1.190990753,1,-0.03862339782,-0.038678664,4.337729406,4.337903856
846,16963750,1,17.0619142,-4.897224849,590.5352289,0,590.5411225,610.8576591,6.316684691,1,0.008683009049,0.008683009049,-1.190990753,-1.190990753,1,-0.03846029958,-0.0386028437,4.338467958,4.338046478
847,16986460,1,17.0619142,-4.897224849,590.5352289,0,590.5411225,610.854092,6.311690906,1,0.008683009049,0.008683009049,-1.190990753,-1.190990753,1,-0.03821732242,-0.03845894377,4.339220458,4.338403125
848,17003166,1,17.0619142,-4.897224849,590.5352289,0,590.5411225,610.8300526,6.310782945,1,0.008683009049,0.008683009049,-1.190990753,-1.190990753,1,-0.03815637192,-0.03833155206,4.339593719,4.33880212
849,17023984,1,17.0619142,-4.897224849,590.5352289,0,590.5411225,610.7548326,6.313506828,1,0.008683009049,0.008683009049,-1.190990753,-1.190990753,1,-0.03813965389,-0.03824761764,4.339781037,4.339124857
850,17043930,1,17.0619142,-4.897224849,590.5352289,0,590.5411225,610.6698417,6.320770516,1,0.008683009049,0.008683009049,-1.190990753,-1.190990753,1,-0.03811233415,-0.03819105716,4.339962741,4.339397608
851,17063228,1,17.0619142,-4.897224849,590.5352289,0,590.5411225,610.6008254,6.328488184,1,0.008683009049,0.008683009049,-1.190990753,-1.190990753,1,-0.03807256318,-0.03816143367,4.340154271,4.33954894
852,17085676,1,17.06175911,-4.897224849,590.5352289,0,590.5411225,610.5448369,6.336659833,1,0.008683009049,0.008683009049,-1.190990753,-1.190990753,1,-0.03777284563,-0.03800517688,4.341428411,4.340225792
853,17104257,1,17.0619142,-4.897224849,590.5352289,0,590.5411225,610.501566,6.345285463,1,0.008683009049,0.008683009049,-1.190990753,-1.190990753,1,-0.03744546741,-0.0377926139,4.3427513,4.341024224
854,17123187,1,17.0619142,-4.897224849,590.5352289,0,590.5411225,610.4334803,6.357542936,1,0.008683009049,0.008683009049,-1.190990753,-1.190990753,1,-0.03703154473,-0.03749417982,4.34423376,4.342088204
855,17143845,1,17.0619142,-4.897224849,590.5352289,0,590.5411225,610.3027371,6.385235747,1,0.008683009049,0.008683009049,-1.190990753,-1.190990753,1,-0.03646373913,-0.03708538966,4.345905967,4.343367016
856,17164256,1,17.0619142,-4.897224849,590.5352289,0,590.5411225,610.1194174,6.429271856,1,0.008683009049,0.008683009049,-1.190990753,-1.190990753,1,-0.03586396984,-0.03661310423,4.347244074,4.344646232
857,17185996,1,17.0619142,-4.897224849,590.5352289,0,590.5411225,609.8501763,6.497368931,1,0.008683009049,0.008683009049,-1.190990753,-1.190990753,1,-0.03530205524,-0.0361007482,4.348320986,4.345856803
858,17203639,1,17.0619142,-4.897224849,590.5352289,0,590.5411225,609.5772129,6.544128922,1,0.008683009049,0.008683009049,-1.190990753,-1.190990753,1,-0.03472157165,-0.03556105783,4.348925276,4.346930062
859,17223911,1,17.0619142,-4.897224849,590.5352289,0,590.5411225,609.2245319,6.606778232,1,0.008683009049,0.008683009049,-1.190990753,-1.190990753,1,-0.03400919028,-0.03496394536,4.349112699,4.347686009
860,17243894,1,17.0619142,-4.897224849,590.5352289,0,590.5411225,608.8394365,6.656716087,1,0.008683009049,0.008683009049,-1.190990753,-1.190990753,1,-0.03317305758,-0.03425450504,4.349113053,4.348199745
861,17263205,1,17.0619142,-4.897224849,590.5352289,0,590.5411225,608.4456558,6.701660156,1,0.008683009049,0.008683009049,-1.190990753,-1.190990753,1,-0.03242284555,-0.03351483476,4.349660378,4.348670821
862,17285759,1,17.0619142,-4.897224849,590.5352289,0,590.5411225,607.877706,6.756137816,1,0.008683009049,0.008683009049,-1.190990753,-1.190990753,1,-0.03240230561,-0.03302810326,4.349665102,4.349028763
863,17303808,1,17.0619142,-4.897224849,590.5352289,0,590.5411225,607.4270063,6.787462471,1,0.008683009049,0.008683009049,-1.190990753,-1.190990753,1,-0.03240230561,-0.03287165384,4.349665102,4.349156031
864,17323877,1,17.0619142,-4.897224849,590.5352289,0,590.5411225,607.0056192,6.815609262,1,0.008683009049,0.008683009049,-1.190990753,-1.190990753,1,-0.03047123511,-0.03160456699,4.349488147,4.349371311
865,17344174,1,17.0619142,-4.897224849,590.5352289,0,590.5411225,606.5315005,6.843302073,1,0.008683009049,0.008683009049,-1.190990753,-1.190990753,1,-0.02991016576,-0.03091012264,4.349299671,4.349345706
866,17363957,1,17.0619142,-4.897224849,590.5352289,0,590.5411225,606.0279142,6.864639156,1,0.008697265282,0.008687756829,-1.190990753,-1.190990753,1,-0.02943782521,-0.03031440538,4.349299671,4.349329133
867,17386053,1,17.0619142,-4.897224849,590.5352289,0,590.5411225,605.4170036,6.875988669,1,0.008697266863,0.008691917469,-1.190990753,-1.190990753,1,-0.02893467193,-0.02977054181,4.349299671,4.349318527
868,17403420,1,17.0619142,-4.897224849,590.5352289,0,590.5411225,605.0122114,6.879620513,1,0.008697266863,0.008693254817,-1.190990753,-1.190990753,1,-0.02871371349,-0.02950633473,4.349299671,4.349314755
869,17423605,1,17.0619142,-4.897224849,590.5352289,0,590.5411225,604.5495696,6.881436435,1,0.008697266863,0.008695574281,-1.190990753,-1.190990753,1,-0.02812647098,-0.02880860287,4.348559276,4.34904841
870,17443776,1,17.0619142,-4.897224849,590.5352289,0,590.5411225,604.1402797,6.882344396,1,0.008697266863,0.008696314786,-1.190990753,-1.190990753,1,-0.02765648686,-0.02834944611,4.347996337,4.34870003
871,17464091,1,17.0619142,-4.897224849,590.5352289,0,590.5411225,603.7603023,6.882344396,1,0.008697266863,0.00869673132,-1.190990753,-1.190990753,1,-0.02719113347,-0.02788304061,4.347434683,4.348282425
872,17486798,1,17.0619142,-4.897224849,590.5352289,0,590.5411225,603.3550448,6.881890415,1,0.008697266863,0.00869696562,-1.190990753,-1.190990753,1,-0.02667394026,-0.02740588729,4.346873757,4.347835096
873,17503152,1,17.0619142,-4.897224849,590.5352289,0,590.5411225,603.0859588,6.880074493,1,0.008697266863,0.008697097414,-1.190990753,-1.190990753,1,-0.02632546295,-0.02697498088,4.346690812,4.347452407
874,17523883,1,17.0619142,-4.897224849,590.5352289,0,590.5411225,602.7059814,6.874172747,1,0.008697266863,0.008697171548,-1.190990753,-1.190990753,1,-0.02583491263,-0.02651958682,4.34668703,4.347176872
875,17543864,1,17.0619142,-4.897224849,590.5352289,0,590.5411225,602.3621407,6.864639156,1,0.008697266863,0.008697213249,-1.190990753,-1.190990753,1,-0.02530716077,-0.02605007545,4.34668703,4.347000529
876,17563628,1,17.0619142,-4.897224849,590.5352289,0,590.5411225,602.0198509,6.854651585,1,0.008697266863,0.008697236705,-1.190990753,-1.190990753,1,-0.02475272784,-0.02553425121,4.34668703,4.346887669
877,17585755,1,17.0619142,-4.897224849,590.5352289,0,590.5411225,601.6446814,6.846479936,1,0.008697266863,0.008697249899,-1.190990753,-1.190990753,1,-0.02409931007,-0.02496661811,4.34668703,4.346815439
878,17603946,1,17.0619142,-4.897224849,590.5352289,0,590.5411225,601.3183661,6.840124209,1,0.008697266863,0.008697257321,-1.190990753,-1.190990753,1,-0.02351451181,-0.02438458595,4.345610426,4.346494434
879,17623241,1,17.0619142,-4.897224849,590.5352289,0,590.5411225,600.9418008,6.833768482,1,0.008697266863,0.008697261496,-1.190990753,-1.190990753,1,-0.02301060659,-0.0238276783,4.344410126,4.345845168
880,17643615,1,17.0619142,-4.897224849,590.5352289,0,590.5411225,600.5036637,6.82241897,1,0.008697266863,0.008697263844,-1.190990753,-1.190990753,1,-0.02239731511,-0.02325166845,4.342599769,4.344802223
881,17663984,1,17.0619142,-4.897224849,590.5352289,0,590.5411225,600.0597881,6.793818198,1,0.008697266863,0.008697265165,-1.190990753,-1.190990753,1,-0.02177837043,-0.02266689829,4.340794934,4.343503683
882,17686584,1,17.0619142,-4.897224849,590.5352289,0,590.5411225,599.5732619,6.745696265,1,0.008697266863,0.008697265908,-1.190990753,-1.190990753,1,-0.02112883405,-0.02207332395,4.338743353,4.342024927
883,17703264,1,17.0619142,-4.897224849,590.5352289,0,590.5411225,599.2413633,6.70483802,1,0.008697266863,0.008697266326,-1.190990753,-1.190990753,1,-0.02067356743,-0.02150377902,4.336801841,4.340323018
884,17724025,1,17.0619142,-4.89786359,590.5352289,0,590.5411225,598.774534,6.630385218,1,0.008697266863,0.008697266561,-1.190990753,-1.190990753,1,-0.01998354227,-0.02089788148,4.334719259,4.338439504
885,17743816,1,17.0619142,-4.89786359,590.5352289,0,590.5411225,598.3337603,6.551846591,1,0.008697266863,0.008697266693,-1.190990753,-1.190990753,1,-0.0193048995,-0.02027295506,4.333816526,4.336835312
886,17763468,1,17.0619142,-4.89786359,590.5352289,0,590.5411225,597.9039981,6.457872627,1,0.008697266863,0.008697266768,-1.190990753,-1.190990753,1,-0.01877412179,-0.01967111701,4.333438679,4.335642446
887,17784870,1,17.0619142,-4.89786359,590.5352289,0,590.5411225,597.3929673,6.350279248,1,0.008697266863,0.00869726681,-1.190990753,-1.190990753,1,-0.0181591443,-0.01905772354,4.333437212,4.334848562
888,17804126,1,17.0619142,-4.89786359,590.5352289,0,590.5411225,596.9504876,6.274010524,1,0.008697266863,0.008697266823,-1.190990753,-1.190990753,1,-0.01785883258,-0.0187580008,4.333437212,4.334566292
889,17823986,1,17.0619142,-4.897224849,590.5352289,0,590.5411225,596.5323574,6.209999274,1,0.008697266863,0.008697266846,-1.190990753,-1.190990753,1,-0.01721505505,-0.01795519968,4.33486337,4.334492557
890,17843581,1,17.0619142,-4.89786359,590.5352289,0,590.5411225,596.0790211,6.162785302,1,0.008697266863,0.008697266854,-1.190990753,-1.190990753,1,-0.01683959096,-0.01749209204,4.335811352,4.334904732
891,17863692,1,17.0619142,-4.89786359,590.5352289,0,590.5411225,595.6588747,6.138724335,1,0.008697266863,0.008697266858,-1.190990753,-1.190990753,1,-0.01669983626,-0.01715042828,4.336423031,4.335446079
892,17886699,1,17.0619142,-4.89786359,590.5352289,0,590.5411225,595.2396589,6.133730549,1,0.008697266863,0.00869726686,-1.190990753,-1.190990753,1,-0.01669590081,-0.01695157252,4.336423086,4.335797802
893,17903253,1,17.0619142,-4.89786359,590.5352289,0,590.5411225,595.002522,6.136454432,1,0.008697266863,0.008697266862,-1.190990753,-1.190990753,1,-0.01676061681,-0.01686191105,4.336423086,4.336022904
894,17923893,1,17.0619142,-4.89786359,590.5352289,0,590.5411225,594.7633689,6.14326414,1,0.008697266863,0.008697266862,-1.190990753,-1.190990753,1,-0.01686565175,-0.01685287068,4.336423086,4.33616697
895,17943146,1,17.0619142,-4.89786359,590.5352289,0,590.5411225,594.6327807,6.150073847,1,0.008697266863,0.008697266863,-1.190990753,-1.190990753,1,-0.0170021459,-0.01690711941,4.336423086,4.336259172
896,17963660,1,17.0619142,-4.89786359,590.5352289,0,590.5411225,594.5625237,6.156429575,1,0.008697266863,0.008697266863,-1.190990753,-1.190990753,1,-0.01708880399,-0.01697990063,4.336577865,4.336349137
897,17987076,1,17.0619142,-4.89786359,590.5352289,0,590.5411225,594.5330561,6.164147243,1,0.008697266863,0.008697266863,-1.190990753,-1.190990753,1,-0.01709511962,-0.01703030856,4.336796317,4.336480262
898,18003155,1,17.0619142,-4.89786359,590.5352289,0,590.5411225,594.5248362,6.168233068,1,0.008697266863,0.008697266863,-1.190990753,-1.190990753,1,-0.01701830826,-0.01703628543,4.336796321,4.336594043
899,18023807,1,17.0619142,-4.89786359,590.5352289,0,590.5411225,594.5200283,6.173680834,1,0.008697266863,0.008697266863,-1.190990753,-1.190990753,1,-0.01662832742,-0.01690392324,4.336277725,4.336535261
900,18043277,1,17.0619142,-4.89786359,590.5352289,0,590.5411225,594.5138246,6.178674619,1,0.008697266863,0.008697266863,-1.190990753,-1.190990753,1,-0.01625464896,-0.01665141577,4.335865094,4.33632362
901,18063844,1,17.0619142,-4.89786359,590.5352289,0,590.5411225,594.4538037,6.181398502,1,0.008697266863,0.008697266863,-1.190990753,-1.190990753,1,-0.01577325864,-0.01631481341,4.335863235,4.336157881
902,18087163,1,17.0619142,-4.89786359,590.5352289,0,590.5411225,594.2867687,6.180036561,1,0.008697266863,0.008697266863,-1.190990753,-1.190990753,1,-0.01506854933,-0.01585930826,4.335701744,4.33601951
903,18104018,1,17.0619142,-4.89786359,590.5352289,0,590.5411225,594.1377245,6.178674619,1,0.008697266863,0.008697266863,-1.190990753,-1.190990753,1,-0.01455362411,-0.0153464242,4.335676618,4.335896104
904,18123196,1,17.0619142,-4.89786359,590.5352289,0,590.5411225,593.8782543,6.176404717,1,0.008697266863,0.008697266863,-1.190990753,-1.190990753,1,-0.01401054359,-0.01480180314,4.335676618,4.335817089
905,18143900,1,17.0619142,-4.89786359,590.5352289,0,590.5411225,593.5116149,6.172318892,1,0.008697266863,0.008697266863,-1.190990753,-1.190990753,1,-0.01334070649,-0.01421176043,4.335676618,4.335766519
906,18163920,1,17.0619142,-4.89786359,590.5352289,0,590.5411225,593.1308621,6.169141029,1,0.008697266863,0.008697266863,-1.190990753,-1.190990753,1,-0.01266738101,-0.0135937131,4.335863201,4.335790967
907,18186321,1,17.0619142,-4.89786359,590.5352289,0,590.5411225,592.67613,6.166871126,1,0.008697266863,0.008697266863,-1.190990753,-1.190990753,1,-0.01170100933,-0.01285863818,4.335863235,4.335816984
908,18203138,1,17.0619142,-4.89786359,590.5352289,0,590.5411225,592.3181758,6.165963165,1,0.008697266863,0.008697266863,-1.190990753,-1.190990753,1,-0.01089349249,-0.01209300277,4.335863235,4.335833634
909,18224451,1,17.0619142,-4.89786359,590.5352289,0,590.5411225,591.9039229,6.165509185,1,0.008697266863,0.008697266863,-1.190990753,-1.190990753,1,-0.009743738216,-0.011168327,4.335676619,4.335779085
910,18243146,1,17.0619142,-4.89786359,590.5352289,0,590.5411225,591.701837,6.165509185,1,0.008697266863,0.008697266863,-1.190990753,-1.190990753,1,-0.008729581902,-0.01018568352,4.335676618,4.335742197
911,18264214,1,17.0619142,-4.89786359,590.5352289,0,590.5411225,591.6035081,6.164601224,1,0.008697266863,0.008697266863,-1.190990753,-1.190990753,1,-0.007869491451,-0.009219352146,4.335676618,4.335718588
912,18285947,1,17.0619142,-4.89786359,590.5352289,0,590.5411225,591.7010615,6.163239282,1,0.008697266863,0.008697266863,-1.190990753,-1.190990753,1,-0.007869491451,-0.008628788092,4.335676618,4.335703479
913,18303681,1,17.0619142,-4.89786359,590.5352289,0,590.5411225,591.7043185,6.161877341,1,0.008697266863,0.008697266863,-1.190990753,-1.190990753,1,-0.005563364882,-0.007399647582,4.33604506,4.335796125
914,18323785,1,17.0619142,-4.89786359,590.5352289,0,590.5411225,591.7036981,6.160515399,1,0.008697266863,0.008697266863,-1.190990753,-1.190990753,1,-0.005130194704,-0.006832284362,4.33604985,4.33584687
915,18343775,1,17.0619142,-4.89786359,590.5352289,0,590.5411225,591.7036981,6.160515399,1,0.008697266863,0.008697266863,-1.190990753,-1.190990753,1,-0.004065530766,-0.006140595963,4.336527282,4.335982952
916,18364219,1,17.0619142,-4.89786359,590.5352289,0,590.5411225,591.7514667,6.160515399,1,0.008697266863,0.008697266863,-1.190990753,-1.190990753,1,-0.002517865224,-0.004290849978,4.337165767,4.336473942
917,18386362,1,17.0619142,-4.89786359,590.5352289,0,590.5411225,592.4307731,6.164601224,1,0.008697266863,0.008697266863,-1.190990753,-1.190990753,1,-0.00136548825,-0.003133312084,4.337169555,4.336724362
918,18403995,1,17.0619142,-4.89786359,590.5352289,0,590.5411225,593.8379301,6.17050297,1,0.008697266863,0.008697266863,-1.190990753,-1.190990753,1,-0.0006028261083,-0.00210538219,4.337169555,4.336884632
919,18424176,1,17.0619142,-4.89786359,590.5352289,0,590.5411225,596.6430936,6.178220639,1,0.008697266863,0.008697266863,-1.190990753,-1.190990753,1,3.851447358e-05,-0.001227090111,4.337169555,4.336987204
920,18443929,1,17.0619142,-4.89786359,590.5352289,0,590.5411225,599.4142918,6.185938307,1,0.008697266863,0.008697266863,-1.190990753,-1.190990753,1,0.0003856306323,-0.0005499142631,4.338577402,4.337385948
921,18463579,1,17.0619142,-4.89786359,590.5352289,0,590.5411225,602.340893,6.194109956,1,0.008697266863,0.008697266863,-1.190990753,-1.190990753,1,0.0006147122586,-0.0002587576327,4.34057786,4.33802433
922,18486747,1,17.0619142,-4.89786359,590.5350738,0,590.5411225,605.7107494,6.208183352,1,0.008697266863,0.008697266863,-1.190990753,-1.190990753,1,0.001082616278,0.0004215507119,4.344064006,4.3404094
923,18504087,1,17.0619142,-4.89786359,590.5352289,0,590.5411225,608.1903731,6.237692084,1,0.008697266863,0.008697266863,-1.190990753,-1.190990753,1,0.00132373054,0.0007930861576,4.345372675,4.342096956
924,18524617,1,17.0619142,-4.89786359,590.535384,0,590.5411225,611.1013099,6.300795374,1,0.008697266863,0.008697266863,-1.190990753,-1.190990753,1,0.001382704021,0.0009404906233,4.345566973,4.342790959
925,18544619,1,17.0619142,-4.89786359,590.5350738,0,590.5411225,612.3070013,6.382965845,1,0.008697266863,0.008697266863,-1.190990753,-1.190990753,1,0.001370265271,0.001193135298,4.345753944,4.344233679
926,18563388,1,17.0619142,-4.89786359,590.5350738,0,590.5411225,611.0572635,6.458326608,1,0.008697266863,0.008697266863,-1.190990753,-1.190990753,1,0.001320954781,0.001225090169,4.345753944,4.344537732
927,18586595,1,17.0619142,-4.89786359,590.5356942,0,590.5411225,611.8032599,6.540043098,1,0.008697266863,0.008697266863,-1.190990753,-1.190990753,1,0.0008648754073,0.001135036479,4.345753944,4.344780974
928,18603693,1,17.0619142,-4.89786359,590.5356942,0,590.5411225,611.5506137,6.57863144,0,NaN,NaN,NaN,NaN,0,NaN,NaN,NaN,NaN
929,18623561,1,17.0619142,-4.89786359,590.5352289,0,590.5411225,611.5434795,6.612679978,0,NaN,NaN,NaN,NaN,0,NaN,NaN,NaN,NaN
930,18643905,1,17.0619142,-4.89786359,590.5352289,0,590.5411225,611.5682943,6.625845413,1,0.008697266863,0.008697266863,-1.190990753,-1.190990753,1,-0.0006120222665,7.250707831e-05,4.345195015,4.345588896
931,18664148,1,17.0619142,-4.89786359,590.5352289,0,590.5411225,611.5388267,6.631747159,1,0.008697266863,0.008697266863,-1.190990753,-1.190990753,1,-0.001422911886,-0.0004932709625,4.344638056,4.345305712
932,18685355,1,17.0619142,-4.89786359,590.5352289,0,590.5411225,611.5366554,6.634017062,1,0.008697266863,0.008697266863,-1.190990753,-1.190990753,1,-0.002519817788,-0.001266954958,4.343900138,4.344858224
933,18703693,1,17.0619142,-4.89786359,590.5352289,0,590.5411225,611.5340188,6.63220114,1,0.008697266863,0.008697266863,-1.190990753,-1.190990753,1,-0.003165890128,-0.001741688751,4.343519614,4.344590502
934,18723458,1,17.0619142,-4.89786359,590.5352289,0,590.5411225,611.5318475,6.627207354,1,0.008697266863,0.008697266863,-1.190990753,-1.190990753,1,-0.005443026811,-0.003506808076,4.34231312,4.34359572
935,18743696,1,17.0619142,-4.89786359,590.5352289,0,590.5411225,611.5298313,6.613587939,1,0.008697266863,0.008697266863,-1.190990753,-1.190990753,1,-0.007620686802,-0.005135904394,4.34234372,4.34312332
936,18763090,1,17.0619142,-4.89786359,590.5352289,0,590.5411225,611.5279702,6.596790661,1,0.008697266863,0.008697266863,-1.190990753,-1.190990753,1,-0.009872098252,-0.007031332522,4.34377734,4.343243311
937,18786637,1,17.0619142,-4.89786359,590.5352289,0,590.5411225,611.5264193,6.575453577,1,0.008697266863,0.008697266863,-1.190990753,-1.190990753,1,-0.01259694477,-0.009176827049,4.344261007,4.343588412
938,18804144,1,17.0619142,-4.89786359,590.5352289,0,590.5411225,611.5250234,6.561380181,1,0.008697266863,0.008697266863,-1.190990753,-1.190990753,1,-0.01470379311,-0.0113159962,4.344077375,4.34379382
939,18823642,1,17.0619142,-4.89786359,590.5352289,0,590.5411225,611.5240929,6.556840376,1,0.008697266863,0.008697266863,-1.190990753,-1.190990753,1,-0.01583229538,-0.01244507099,4.343726504,4.343780357
940,18844054,1,17.0619142,-4.89786359,590.5352289,0,590.5411225,611.5230072,6.557748337,1,0.008697266863,0.008697266863,-1.190990753,-1.190990753,1,-0.01903609238,-0.01568961313,4.337727704,4.342055607
941,18863768,1,17.0619142,-4.89786359,590.5352289,0,590.5411225,611.5220767,6.555478435,1,0.008697266863,0.008697266863,-1.190990753,-1.190990753,1,-0.02111024599,-0.01783654846,4.332977515,4.339144104
942,18885624,1,17.0619142,-4.89786359,590.5352289,0,590.5411225,611.5214563,6.519613975,1,0.008697266863,0.008697266863,-1.190990753,-1.190990753,1,-0.02355564719,-0.0200867754,4.331204058,4.336381648
943,18904226,1,17.0619142,-4.89786359,590.5352289,0,590.5411225,611.5206808,6.440621368,1,0.008697266863,0.008697266863,-1.190990753,-1.190990753,1,-0.0254031768,-0.02221842965,4.331197806,4.334515466
944,18924308,1,17.0619142,-4.89786359,590.5352289,0,590.5411225,611.5203706,6.317138672,1,0.008697266863,0.008697266863,-1.190990753,-1.190990753,1,-0.02726696035,-0.02425451081,4.332873531,4.333721198
945,18943670,1,17.0619142,-4.89786359,590.5352289,0,590.5411225,611.5195952,6.193201995,1,0.008697266863,0.008697266863,-1.190990753,-1.190990753,1,-0.02881961263,-0.02606365434,4.337424249,4.334544938
946,18963825,1,17.0619142,-4.89786359,590.5352289,0,590.5411225,611.5194401,6.100135992,1,0.008697266863,0.008697266863,-1.190990753,-1.190990753,1,-0.02963683529,-0.02695694958,4.340528474,4.335741646
947,18986555,1,17.0619142,-4.89786359,590.5352289,0,590.5411225,611.5186646,6.069265318,1,0.008697266863,0.008697266863,-1.190990753,-1.190990753,1,-0.031929957,-0.02941077077,4.344260706,4.339505738
948,19003623,1,17.0619142,-4.89786359,590.5352289,0,590.5411225,611.5186646,6.095142207,1,0.008697266863,0.008697266863,-1.190990753,-1.190990753,1,-0.03308390905,-0.03088452189,4.344261007,4.341217635
949,19023850,1,17.0619142,-4.89786359,590.5352289,0,590.5411225,611.5181993,6.164601224,1,0.008697266863,0.008697266863,-1.190990753,-1.190990753,1,-0.03455124362,-0.03235617013,4.344261007,4.342313249
950,19043840,1,17.0619142,-4.89786359,590.5352289,0,590.5411225,611.5181993,6.259937129,1,0.008697266863,0.008697266863,-1.190990753,-1.190990753,1,-0.03577726499,-0.03373170078,4.344261007,4.343014442
951,19063569,1,17.0619142,-4.89786359,590.5352289,0,590.5411225,611.5178892,6.351187209,1,0.008697266863,0.008697266863,-1.190990753,-1.190990753,1,-0.03678722326,-0.03499833223,4.344261007,4.343463205
952,19085640,1,17.0619142,-4.89786359,590.5352289,0,590.5411225,611.5177341,6.416106421,1,0.008697266863,0.008697266863,-1.190990753,-1.190990753,1,-0.03778229173,-0.03611622455,4.343721012,4.343613323
953,19103164,1,17.0619142,-4.89786359,590.5352289,0,590.5411225,611.517579,6.461504471,1,0.008697266863,0.008697266863,-1.190990753,-1.190990753,1,-0.03833491403,-0.03703043748,4.343539665,4.343612658
954,19123142,1,17.0619142,-4.89786359,590.5352289,0,590.5411225,611.5174239,6.492375145,1,0.008697266863,0.008697266863,-1.190990753,-1.190990753,1,-0.03896586974,-0.03783613713,4.343514538,4.343577335
955,19144058,1,17.0619142,-4.89786359,590.5352289,0,590.5409674,611.5172688,6.503270677,1,0.008697266863,0.008697266863,-1.190990753,-1.190990753,1,-0.03940820298,-0.03848966789,4.343514538,4.343554728
956,19163181,1,17.0619142,-4.89786359,590.5352289,0,590.5409674,611.5172688,6.508718443,1,0.008697266863,0.008697266863,-1.190990753,-1.190990753,1,-0.03949384253,-0.03892316489,4.343514538,4.34354026
957,19186745,1,17.0619142,-4.89786359,590.5352289,0,590.5409674,611.5171137,6.514166209,1,0.008697266863,0.008697266863,-1.190990753,-1.190990753,1,-0.03949414625,-0.03917296921,4.343700876,4.343568268
958,19204005,1,17.0619142,-4.89786359,590.5352289,0,590.5409674,611.5171137,6.517798053,1,0.008697266863,0.008697266863,-1.190990753,-1.190990753,1,-0.03949414625,-0.03931348417,4.343701156,4.343616106
959,19223586,1,17.0619142,-4.89786359,590.5352289,0,590.5409674,611.5169586,6.521429897,1,0.008697266863,0.008697266863,-1.190990753,-1.190990753,1,-0.03949414625,-0.03939252383,4.343701156,4.343646724
960,19243958,1,17.0619142,-4.89786359,590.5352289,0,590.5409674,611.5168035,6.525515722,1,0.008697266863,0.008697266863,-1.190990753,-1.190990753,1,-0.03941950236,-0.03941422026,4.343701156,4.343666319
961,19264044,1,17.0619142,-4.89786359,590.5352289,0,590.5409674,611.5168035,6.528693585,1,0.008697266863,0.008697266863,-1.190990753,-1.190990753,1,-0.03915966392,-0.03932483721,4.343701156,4.343678861
962,19287112,1,17.0619142,-4.89786359,590.5352289,0,590.5409674,611.5081183,6.531871449,1,0.008697266863,0.008697266863,-1.190990753,-1.190990753,1,-0.03915966392,-0.0392525739,4.343701156,4.343686887
963,19303599,1,17.0619142,-4.89786359,590.5352289,0,590.5409674,611.4822178,6.533687371,1,0.008697266863,0.008697266863,-1.190990753,-1.190990753,1,-0.03781503459,-0.03887576845,4.343514988,4.34365479
964,19324060,1,17.0619142,-4.89786359,590.5352289,0,590.5409674,611.4389469,6.535503293,1,0.008697266863,0.008697266863,-1.190990753,-1.190990753,1,-0.03722313437,-0.03846260993,4.343514538,4.34362674
965,19343678,1,17.0619142,-4.89786359,590.5352289,0,590.5409674,611.265243,6.536411254,1,0.008697266863,0.008697266863,-1.190990753,-1.190990753,1,-0.03576264928,-0.03712697245,4.34388298,4.343675235
966,19363886,1,17.0619142,-4.89786359,590.5352289,0,590.5409674,610.8286567,6.536865234,1,0.008697266863,0.008697266863,-1.190990753,-1.190990753,1,-0.0345492571,-0.03613602365,4.344447402,4.343912938
967,19387696,1,17.0619142,-4.89786359,590.5352289,0,590.5409674,610.1322901,6.538227176,1,0.008697266863,0.008697266863,-1.190990753,-1.190990753,1,-0.03324259624,-0.03500934859,4.345152581,4.344274299
968,19403878,1,17.0619142,-4.89786359,590.5352289,0,590.5409674,609.6277732,6.542313,1,0.008697266863,0.008697266863,-1.190990753,-1.190990753,1,-0.03234006105,-0.03395926692,4.345727653,4.344711946
969,19424110,1,17.0619142,-4.89786359,590.5352289,0,590.5409674,608.8184989,6.553662513,1,0.008697266863,0.008697266863,-1.190990753,-1.190990753,1,-0.03133362715,-0.03290635463,4.346249028,4.345245677
970,19444192,1,17.0619142,-4.89786359,590.5352289,0,590.5409674,608.0680049,6.573637655,1,0.008697266863,0.008697266863,-1.190990753,-1.190990753,1,-0.03038243604,-0.03189777702,4.346313796,4.345630193
971,19464017,1,17.0619142,-4.89786359,590.5352289,0,590.5409674,607.2722237,6.603600368,1,0.008697266863,0.008697266863,-1.190990753,-1.190990753,1,-0.02948400052,-0.03092333633,4.345453637,4.345657857
972,19486577,1,17.0619142,-4.89786359,590.5352289,0,590.5409674,606.3967248,6.62357551,1,0.008697266863,0.008697266863,-1.190990753,-1.190990753,1,-0.02856077149,-0.029980816,4.343924641,4.345154735
973,19503642,1,17.0619142,-4.89786359,590.5352289,0,590.5409674,605.7876754,6.630385218,1,0.008697266863,0.008697266863,-1.190990753,-1.190990753,1,-0.02789491573,-0.02913859928,4.34245867,4.344318816
974,19523801,1,17.0619142,-4.89786359,590.5352289,0,590.5409674,605.0526906,6.628569296,1,0.008697266863,0.008697266863,-1.190990753,-1.190990753,1,-0.02704313773,-0.02829024842,4.341306992,4.343270362
975,19544164,1,17.0619142,-4.89786359,590.5352289,0,590.5409674,604.3563239,6.616765803,1,0.008697266863,0.008697266863,-1.190990753,-1.190990753,1,-0.0261971974,-0.02743511117,4.341275132,4.34255208
976,19563876,1,17.0619142,-4.89786359,590.5352289,0,590.5409674,603.7030731,6.593612797,1,0.008697266863,0.008697266863,-1.190990753,-1.190990753,1,-0.02549859998,-0.02666041601,4.341275132,4.342092379
977,19584748,1,17.0619142,-4.89786359,590.5352289,0,590.5409674,603.0153916,6.56047222,1,0.008697266863,0.008697266863,-1.190990753,-1.190990753,1,-0.02499156856,-0.02598645585,4.341640672,4.341880056
978,19603764,1,17.0619142,-4.89786359,590.5352289,0,590.5409674,602.4435644,6.522791839,1,0.008697266863,0.008697266863,-1.190990753,-1.190990753,1,-0.02464127896,-0.0254319324,4.341989761,4.341893225
979,19623691,1,17.0619142,-4.89786359,590.5352289,0,590.5409674,601.8915891,6.488743301,1,0.008697266863,0.008697266863,-1.190990753,-1.190990753,1,-0.02426775002,-0.02495337597,4.342021601,4.34193944
980,19643195,1,17.0619142,-4.89786359,590.5352289,0,590.5409674,601.4343756,6.471946023,1,0.008697266863,0.008697266863,-1.190990753,-1.190990753,1,-0.02390553915,-0.02452295082,4.342227886,4.342040106
981,19664181,1,17.0619142,-4.89786359,590.5352289,0,590.5409674,600.9996504,6.46967612,1,0.008697266863,0.008697266863,-1.190990753,-1.190990753,1,-0.02342734187,-0.02409205663,4.342581442,4.342205129
982,19686626,1,17.0619142,-4.89786359,590.5352289,0,590.5409674,600.5897402,6.470130101,1,0.008697266863,0.008697266863,-1.190990753,-1.190990753,1,-0.02276391587,-0.02359524363,4.34276807,4.342406557
983,19703681,1,17.0619142,-4.89786359,590.5352289,0,590.5409674,600.3152259,6.471038062,1,0.008697266863,0.008697266863,-1.190990753,-1.190990753,1,-0.02216744231,-0.02303231149,4.34276807,4.342536701
984,19723618,1,17.0619142,-4.89786359,590.5352289,0,590.5409674,599.9533944,6.472853984,1,0.008697266863,0.008697266863,-1.190990753,-1.190990753,1,-0.02128524723,-0.02234051499,4.34276807,4.342619994
985,19743264,1,17.0619142,-4.89786359,590.5352289,0,590.5409674,599.5669031,6.474669906,1,0.008697266863,0.008697266863,-1.190990753,-1.190990753,1,-0.02032682635,-0.02153174956,4.34276807,4.342673301
986,19764078,1,17.0619142,-4.89786359,590.5352289,0,590.5409674,599.0645576,6.476485828,1,0.008697266863,0.008697266863,-1.190990753,-1.190990753,1,-0.0193418409,-0.02066342163,4.34276807,4.342707418
987,19786035,1,17.0619142,-4.89786359,590.5352289,0,590.5409674,598.468691,6.47830175,1,0.008697266863,0.008697266863,-1.190990753,-1.190990753,1,-0.0184588582,-0.01979943938,4.34276807,4.342729253
988,19803655,1,17.0619142,-4.89786359,590.5352289,0,590.5409674,597.9376533,6.47875573,1,0.008697266863,0.008697266863,-1.190990753,-1.190990753,1,-0.01782933727,-0.01899969517,4.34276807,4.342743227
989,19823630,1,17.0619142,-4.89786359,590.5352289,0,590.5409674,597.3075112,6.479663691,1,0.008697266863,0.008697266863,-1.190990753,-1.190990753,1,-0.01725837494,-0.01828849226,4.343259017,4.34285036
990,19843734,1,17.0619142,-4.89786359,590.5352289,0,590.5409674,596.6910173,6.480571652,1,0.008697266863,0.008697266863,-1.190990753,-1.190990753,1,-0.01672497012,-0.01765138359,4.344884968,4.343438668
991,19864059,1,17.0619142,-4.89786359,590.5352289,0,590.5409674,596.103836,6.482387574,1,0.008697266863,0.008697266863,-1.190990753,-1.190990753,1,-0.01622527388,-0.01708083106,4.346228561,4.344333347
992,19886518,1,17.0619142,-4.89786359,590.5352289,0,590.5409674,595.5720228,6.494191067,1,0.008697266863,0.008697266863,-1.190990753,-1.190990753,1,-0.01576941999,-0.01655769316,4.346868681,4.345186162
993,19904449,1,17.0619142,-4.89786359,590.5352289,0,590.5409674,595.1393138,6.519613975,1,0.008697266863,0.008697266863,-1.190990753,-1.190990753,1,-0.01540809671,-0.01608183336,4.347246875,4.345926442
994,19923203,1,17.0619142,-4.89786359,590.5352289,0,590.5409674,594.7658504,6.557294357,1,0.008697266863,0.008697266863,-1.190990753,-1.190990753,1,-0.01504824815,-0.01566534338,4.347433499,4.346468969
995,19943623,1,17.0619142,-4.89786359,590.5352289,0,590.5409674,594.3460142,6.613133959,1,0.008697266863,0.008697266863,-1.190990753,-1.190990753,1,-0.01463510846,-0.0152547885,4.347433499,4.3468162
996,19963568,1,17.0619142,-4.89786359,590.5352289,0,590.5409674,593.9891456,6.644458613,1,0.008697266863,0.008697266863,-1.190990753,-1.190990753,1,-0.01418152623,-0.01483035411,4.347620103,4.347084526
997,19986816,1,17.0619142,-4.89786359,590.5352289,0,590.5409674,593.6161474,6.667157638,1,0.008697266863,0.008697266863,-1.190990753,-1.190990753,1,-0.01364877775,-0.01437130985,4.347620116,4.347277338
998,20003086,1,17.0619142,-4.89786359,590.5352289,0,590.5409674,593.3721865,6.684408897,1,0.008697266863,0.008697266863,-1.190990753,-1.190990753,1,-0.0133815892,-0.01412387969,4.347639784,4.347349828
999,20023844,1,17.0619142,-4.89786359,590.5352289,0,590.5409674,593.0281906,6.704384039,1,0.008697266863,0.008697266863,-1.190990753,-1.190990753,1,-0.01269187233,-0.01343909371,4.348415082,4.347693983
1000,20043697,1,17.0619142,-4.89786359,590.5352289,0,590.5409674,592.6739587,6.719819376,1,0.008697266863,0.008697266863,-1.190990753,-1.190990753,1,-0.01213923621,-0.01293198435,4.350068627,4.348380634
1001,20063816,1,17.0619142,-4.89786359,590.5352289,0,590.5409674,592.3144535,6.737070635,1,0.008697266863,0.008697266863,-1.190990753,-1.190990753,1,-0.01154826762,-0.01238790853,4.352423206,4.349629442
1002,20086898,1,17.0619142,-4.89786359,590.5352289,0,590.5409674,591.9166405,6.763401504,1,0.008697266863,0.008697266863,-1.190990753,-1.190990753,1,-0.01090274222,-0.01181202452,4.355281534,4.35137616
1003,20104529,1,17.0619142,-4.89786359,590.5352289,0,590.5409674,591.7207583,6.7960881,1,0.008697266863,0.008697266863,-1.190990753,-1.190990753,1,-0.01039226395,-0.01124565848,4.357438189,4.353344844
1004,20123584,1,17.0619142,-4.89786359,590.5352289,0,590.5409674,591.6183971,6.853289644,1,0.008697266863,0.008697266863,-1.190990753,-1.190990753,1,-0.009944821652,-0.01071251287,4.359817566,4.35547117
1005,20143459,1,17.0619142,-4.89786359,590.5352289,0,590.5409674,591.728668,6.929558368,1,0.008697266863,0.008697266863,-1.190990753,-1.190990753,1,-0.009628241989,-0.01025634817,4.36251631,4.357884478
1006,20164244,1,17.0619142,-4.89786359,590.5352289,0,590.5409674,591.7237051,7.032157961,1,0.008697266863,0.008697266863,-1.190990753,-1.190990753,1,-0.009378309703,-0.009892912712,4.363288156,4.359771215
1007,20186657,1,17.0619142,-4.89786359,590.5352289,0,590.5409674,591.7232398,7.171075994,1,0.008697266863,0.008697266863,-1.190990753,-1.190990753,1,-0.009286658163,-0.009741349075,4.363663078,4.360549588
1008,20203930,1,17.0619142,-4.89786359,590.5352289,0,590.5409674,591.7232398,7.269135783,1,0.008697266863,0.008697266863,-1.190990753,-1.190990753,1,-0.009083550873,-0.009576899524,4.364967525,4.361433175
1009,20224221,1,17.0619142,-4.89786359,590.5352289,0,590.5409674,591.72355,7.34812839,1,0.008697266863,0.008697266863,-1.190990753,-1.190990753,1,-0.009039936492,-0.009442658766,4.36534572,4.362215684
1010,20243865,1,17.0619142,-4.89786359,590.5352289,0,590.5409674,591.9147794,7.413047601,1,0.008697266863,0.008697266863,-1.190990753,-1.190990753,1,-0.009011526564,-0.009256609864,4.365535363,4.363408792
1011,20263975,1,17.0619142,-4.89786359,590.5352289,0,590.5409674,592.8377367,7.49340215,1,0.008697266863,0.008697266863,-1.190990753,-1.190990753,1,-0.009010938783,-0.009149128794,4.365535364,4.364174358
1012,20284978,1,17.0619142,-4.89786359,590.5352289,0,590.5409674,595.1186865,7.581020387,1,0.008697266863,0.008697266863,-1.190990753,-1.190990753,1,-0.009010938783,-0.009069237694,4.365535364,4.364838529
1013,20304028,1,17.0619142,-4.89786359,590.5352289,0,590.5409674,597.8250559,7.640037852,1,0.008697266863,0.008697266863,-1.190990753,-1.190990753,1,-0.009010938783,-0.00904373192,4.365535364,4.36508939
1014,20324042,1,17.0619142,-4.89786359,590.5352289,0,590.5409674,600.746539,7.69224561,1,0.008697266863,0.008697266863,-1.190990753,-1.190990753,1,-0.009010938783,-0.009035533636,4.365535364,4.365178584
1015,20343584,1,17.0619142,-4.89786359,590.5350738,0,590.5409674,603.6636795,7.716760557,1,0.008697266863,0.008697266863,-1.190990753,-1.190990753,1,-0.008961853408,-0.009002913955,4.36516213,4.365218363
1016,20363984,1,17.0619142,-4.89786359,590.5352289,0,590.5409674,606.5929172,7.734011816,1,0.008697266863,0.008697266863,-1.190990753,-1.190990753,1,-0.008953907525,-0.008981473939,4.364975513,4.365130959
1017,20384621,1,17.0619142,-4.89786359,590.5352289,0,590.5409674,609.6532084,7.745361328,1,0.008697266863,0.008697266863,-1.190990753,-1.190990753,1,-0.008953907525,-0.008969413633,4.364975513,4.365074998
1018,20403661,1,17.0619142,-4.89786359,590.5352289,0,590.5409674,612.0807209,7.750809094,1,0.008697266863,0.008697266863,-1.190990753,-1.190990753,1,-0.008953907525,-0.00896262971,4.364975513,4.365039183
1019,20423860,1,17.0619142,-4.89786359,590.5350738,0,590.5409674,611.6500282,7.754440938,1,0.008697266863,0.008697266863,-1.190990753,-1.190990753,1,-0.008989445905,-0.008969333759,4.364804546,4.364992256
1020,20443744,1,17.0619142,-4.89786359,590.5352289,0,590.5409674,611.3145625,7.757164821,1,0.008697266863,0.008697266863,-1.190990753,-1.190990753,1,-0.009362485665,-0.009101741559,4.364706264,4.36490252
1021,20463808,1,17.0619142,-4.89786359,590.5355391,0,590.5409674,611.5513892,7.759888704,0,NaN,NaN,NaN,NaN,0,NaN,NaN,NaN,NaN
1022,20486728,1,17.0619142,-4.89786359,590.535384,0,590.5409674,610.1446975,7.761250646,1,0.008697266863,0.008697266863,-1.190990753,-1.190990753,1,-0.01132766049,-0.01027011612,4.360550505,4.36350117
1023,20504147,1,17.0619142,-4.89786359,590.5350738,0,590.5409674,607.6425853,7.762158607,1,0.008697266863,0.008697266863,-1.190990753,-1.190990753,1,-0.01195151681,-0.01092690651,4.357218695,4.361612453
1024,20523207,1,17.0619142,-4.89786359,590.5350738,0,590.5409674,604.9939105,7.759434724,1,0.008697266863,0.008697266863,-1.190990753,-1.190990753,1,-0.01285325436,-0.01169871308,4.353017003,4.358768875
1025,20544187,1,17.0619142,-4.89786359,590.5356942,0,590.5409674,601.7332394,7.714944635,1,0.008697266863,0.008697266863,-1.190990753,-1.190990753,1,-0.01409741869,-0.01262253254,4.350289683,4.355924563
1026,20564426,1,17.0619142,-4.89786359,590.535384,0,590.5409674,598.7635224,7.626872417,1,0.008697266863,0.008697266863,-1.190990753,-1.190990753,1,-0.01537337275,-0.01368759979,4.350046139,4.353808479
1027,20585790,1,17.0619142,-4.89786359,590.5352289,0,590.5409674,595.6163793,7.497941955,1,0.008697266863,0.008697266863,-1.190990753,-1.190990753,1,-0.01680461492,-0.01486663787,4.350046139,4.352454036
1028,20603700,1,17.0619142,-4.89786359,590.5352289,0,590.5409674,592.9159034,7.374913239,1,0.008697266863,0.008697266863,-1.190990753,-1.190990753,1,-0.01849874566,-0.01624765286,4.350046139,4.351587194
1029,20624369,1,17.0619142,-4.89786359,590.5352289,0,590.5409674,590.5867197,7.260964134,1,0.008697266863,0.008697266863,-1.190990753,-1.190990753,1,-0.020448911,-0.01787814149,4.350232756,4.351099219
1030,20644015,1,17.0619142,-4.89786359,590.535384,0,590.5409674,591.4605126,7.17652376,1,0.008697266863,0.008697266863,-1.190990753,-1.190990753,1,-0.02207682231,-0.01951308784,4.350419357,4.350824613
1031,20663206,1,17.0619142,-4.89786359,590.5349187,0,590.5409674,592.3558633,7.120230178,1,0.008697266863,0.008697266863,-1.190990753,-1.190990753,1,-0.02361189371,-0.02112842923,4.350419374,4.350678727
1032,20685744,1,17.0619142,-4.89786359,590.5347636,0,590.5409674,591.3131744,7.081641836,1,0.008697266863,0.008697266863,-1.190990753,-1.190990753,1,-0.02543710331,-0.02281703991,4.350234224,4.35054833
1033,20703821,1,17.0619142,-4.89786359,590.5347636,0,590.5409674,591.9569646,7.061666694,1,0.008697266863,0.008697266863,-1.190990753,-1.190990753,1,-0.02608596368,-0.02363427085,4.350050933,4.35044885
1034,20724006,1,17.0619142,-4.89786359,590.5355391,0,590.5409674,591.7204481,7.043507474,1,0.008697266863,0.008697266863,-1.190990753,-1.190990753,1,-0.02850553068,-0.02608420295,4.350046139,4.350252327
1035,20744248,1,17.0619142,-4.89786359,590.535384,0,590.5409674,591.9316845,7.024894273,1,0.008697266863,0.008697266863,-1.190990753,-1.190990753,1,-0.03047667515,-0.02781064909,4.349675891,4.350078212
1036,20764870,1,17.0619142,-4.89786359,590.5352289,0,590.5409674,592.9860054,7.011728838,1,0.008697266863,0.008697266863,-1.190990753,-1.190990753,1,-0.03242360659,-0.02962347674,4.349672905,4.349932301
1037,20785453,1,17.0619142,-4.89786359,590.535384,0,590.5409674,594.5819103,7.00446515,1,0.008697266863,0.008697266863,-1.190990753,-1.190990753,1,-0.03407264531,-0.03141484853,4.349672905,4.349838919
1038,20803722,1,17.0619142,-4.89786359,590.535384,0,590.5409674,596.0211715,6.999471365,1,0.008697266863,0.008697266863,-1.190990753,-1.190990753,1,-0.03545251671,-0.03303085444,4.349672905,4.349779154
1039,20823989,1,17.0619142,-4.89786359,590.535384,0,590.5409674,597.6194028,6.994023599,1,0.008697266863,0.008697266863,-1.190990753,-1.190990753,1,-0.03688801874,-0.03459416078,4.349672905,4.349740904
1040,20843433,1,17.0619142,-4.89786359,590.535384,0,590.5409674,599.1385368,6.989937774,1,0.008697266863,0.008697266863,-1.190990753,-1.190990753,1,-0.03844007446,-0.03613371827,4.349303453,4.349613442
1041,20863923,1,17.0619142,-4.89786359,590.5352289,0,590.5409674,600.820053,6.98585195,1,0.008697266863,0.008697266863,-1.190990753,-1.190990753,1,-0.0394668684,-0.0369670058,4.349299671,4.349550688
1042,20885723,1,17.0619142,-4.89786359,590.5352289,0,590.5409674,602.5767891,6.979042242,1,0.008697266863,0.008697266863,-1.190990753,-1.190990753,1,-0.04165579479,-0.03932204009,4.349299671,4.349428191
1043,20903881,1,17.0619142,-4.89786359,590.5352289,0,590.5409674,604.0180665,6.970870593,1,0.008697266863,0.008697266863,-1.190990753,-1.190990753,1,-0.04271133744,-0.04069560405,4.349299671,4.349381924
1044,20923575,1,17.0619142,-4.89786359,590.5352289,0,590.5409674,605.6161428,6.960883022,1,0.008697266863,0.008697266863,-1.190990753,-1.190990753,1,-0.04370850254,-0.04192631585,4.350094814,4.349573178
1045,20944581,1,17.0619142,-4.89786359,590.5350738,0,590.5409674,607.2947122,6.953165354,1,0.008697266863,0.008697266863,-1.190990753,-1.190990753,1,-0.04479773292,-0.04307469198,4.350971515,4.350015496
1046,20963221,1,17.0619142,-4.89786359,590.5350738,0,590.5409674,608.7347488,6.951803412,1,0.008697266863,0.008697266863,-1.190990753,-1.190990753,1,-0.04556640822,-0.04409895279,4.351348677,4.350466152
1047,20985643,1,17.0619142,-4.89786359,590.5352289,0,590.5409674,610.2351166,6.954073315,1,0.008697266863,0.008697266863,-1.190990753,-1.190990753,1,-0.04641340719,-0.04504277927,4.352082828,4.35099024
1048,21003235,1,17.0619142,-4.89786359,590.5352289,0,590.5409674,610.795622,6.957705159,1,0.008697266863,0.008697266863,-1.190990753,-1.190990753,1,-0.04690839586,-0.04581349523,4.35341643,4.351743011
1049,21023623,1,17.0619142,-4.89786359,590.5352289,0,590.5409674,611.1118562,6.970416613,1,0.008697266863,0.008697266863,-1.190990753,-1.190990753,1,-0.04737367749,-0.04646352859,4.356215161,4.353164737
1050,21044336,1,17.0619142,-4.89786359,590.5352289,0,590.5409674,611.2325184,6.996747482,1,0.008697266863,0.008697266863,-1.190990753,-1.190990753,1,-0.04764208078,-0.0469596388,4.360866792,4.355592905
1051,21063179,1,17.0619142,-4.89786359,590.5352289,0,590.5409674,611.2771851,7.035789805,1,0.008697266863,0.008697266863,-1.190990753,-1.190990753,1,-0.04769230062,-0.04727737298,4.365757523,4.358819961
1052,21087589,1,17.0619142,-4.89786359,590.5352289,0,590.5409674,611.2996736,7.146107067,1,0.008697266863,0.008697266863,-1.190990753,-1.190990753,1,-0.0476923896,-0.04745894275,4.373744704,4.363494524
1053,21104169,1,17.0619142,-4.89786359,590.5352289,0,590.5409674,611.3049467,7.245982777,1,0.008697266863,0.008697266863,-1.190990753,-1.190990753,1,-0.0476923896,-0.04756107575,4.378596054,4.36839868
1054,21124278,1,17.0619142,-4.89786359,590.5352289,0,590.5409674,611.308669,7.426213036,1,0.008697266863,0.008697266863,-1.190990753,-1.190990753,1,-0.0476923896,-0.04761852556,4.383013134,4.373297573
1055,21143125,1,17.0619142,-4.89786359,590.5352289,0,590.5409674,611.3102199,7.644123676,1,0.008697266863,0.008697266863,-1.190990753,-1.190990753,1,-0.0476923896,-0.04765084108,4.385721498,4.377566307
1056,21163859,1,17.0619142,-4.89786359,590.5352289,0,590.5409674,611.3113055,7.908794308,1,0.008697266863,0.008697266863,-1.190990753,-1.190990753,1,-0.0476923896,-0.04766901856,4.386996336,4.380960442
1057,21184843,1,17.0619142,-4.89786359,590.5352289,0,590.5409674,611.312081,8.179820668,1,0.008697266863,0.008697266863,-1.190990753,-1.190990753,1,-0.04763033638,-0.04766163464,4.386316601,4.382997417
1058,21203170,1,17.0619142,-4.89786359,590.5352289,0,590.5409674,611.3123912,8.39001364,1,0.008697266863,0.008697266863,-1.190990753,-1.190990753,1,-0.04746154986,-0.04759592583,4.383346927,4.383467985
1059,21223200,1,17.0619142,-4.89786359,590.5352289,0,590.5409674,611.3127014,8.582047392,1,0.008697266863,0.008697266863,-1.190990753,-1.190990753,1,-0.04720894515,-0.04744689192,4.377300735,4.381644361
1060,21243577,1,17.0619142,-4.89786359,590.5352289,0,590.5409674,611.2931597,8.710977854,1,0.008697266863,0.008697266863,-1.190990753,-1.190990753,1,-0.04693020616,-0.04724581119,4.37117547,4.378350502
1061,21263731,1,17.0619142,-4.89786359,590.5352289,0,590.5409674,611.2229026,8.738670664,1,0.008697266863,0.008697266863,-1.190990753,-1.190990753,1,-0.04672793262,-0.04703218977,4.366682609,4.374393199
1062,21287556,1,17.0619142,-4.89786359,590.5352289,0,590.5409674,611.0850251,8.671935531,1,0.008697266863,0.008697266863,-1.190990753,-1.190990753,1,-0.04655916842,-0.0468404268,4.364809476,4.371043549
1063,21303171,1,17.0619142,-4.89786359,590.5352289,0,590.5409674,610.9888676,8.577961567,1,0.008697266863,0.008697266863,-1.190990753,-1.190990753,1,-0.04651600077,-0.04669849041,4.364789125,4.368791956
1064,21324167,1,17.0619142,-4.89786359,590.5352289,0,590.5409674,610.8384276,8.40817286,1,0.008697266863,0.008697266863,-1.190990753,-1.190990753,1,-0.04651600077,-0.0466186512,4.364789125,4.367350937
1065,21343565,1,17.0619142,-4.89786359,590.5352289,0,590.5409674,610.7117168,8.242469977,1,0.008697266863,0.008697266863,-1.190990753,-1.190990753,1,-0.04651302053,-0.04657299657,4.364789076,4.366428675
1066,21363877,1,17.0619142,-4.89786359,590.5352289,0,590.5409674,610.6240893,8.114447475,1,0.008697266863,0.008697266863,-1.190990753,-1.190990753,1,-0.04605575615,-0.04643244096,4.364943702,4.365869344
1067,21385861,1,17.0619142,-4.89786359,590.5352289,0,590.5409674,610.578337,8.013663804,1,0.008697266863,0.008697266863,-1.190990753,-1.190990753,1,-0.04591016341,-0.04620585412,4.365714262,4.365754796
1068,21403639,1,17.0619142,-4.89786359,590.5352289,0,590.5409674,610.5141285,7.958278183,1,0.008697266863,0.008697266863,-1.190990753,-1.190990753,1,-0.04591016279,-0.04607648916,4.366054854,4.365822775
1069,21423924,1,17.0619142,-4.89786359,590.5352289,0,590.5409674,610.3925358,7.921959743,1,0.008697266863,0.008697266863,-1.190990753,-1.190990753,1,-0.04591016279,-0.04600372137,4.366281812,4.365958166
1070,21443562,1,17.0619142,-4.89786359,590.5352289,0,590.5409674,610.2804037,7.911518192,1,0.008697266863,0.008697266863,-1.190990753,-1.190990753,1,-0.04591016279,-0.04596278949,4.366573,4.366162402
1071,21463866,1,17.0619142,-4.89786359,590.5352289,0,590.5409674,610.2014615,7.907886347,1,0.008697266863,0.008697266863,-1.190990753,-1.190990753,1,-0.04591016279,-0.04593976531,4.366655067,4.366339761
1072,21487669,1,17.0619142,-4.89786359,590.5352289,0,590.5409674,610.1563295,7.907886347,1,0.008697266863,0.008697266863,-1.190990753,-1.190990753,1,-0.04589590497,-0.04592058457,4.366655067,4.366453271
1073,21503602,1,17.0619142,-4.89786359,590.5352289,0,590.5409674,610.1437669,7.908340328,1,0.008697266863,0.008697266863,-1.190990753,-1.190990753,1,-0.04588164874,-0.04590447767,4.366334416,4.366461787
1074,21523768,1,17.0619142,-4.89786359,590.5352289,0,590.5409674,610.1370979,7.909248289,1,0.008697266863,0.008697266863,-1.190990753,-1.190990753,1,-0.04588164716,-0.04589448932,4.36536567,4.366138104
1075,21543736,1,17.0619142,-4.89786359,590.5352289,0,590.5409674,610.1343063,7.909248289,1,0.008697266863,0.008697266863,-1.190990753,-1.190990753,1,-0.04588164716,-0.04588887087,4.362889897,4.365222944
1076,21563933,1,17.0619142,-4.89786359,590.5352289,0,590.5409674,610.1330655,7.906978386,1,0.008697266863,0.008697266863,-1.190990753,-1.190990753,1,-0.04588164716,-0.0458857105,4.359651513,4.363441276
1077,21586660,1,17.0619142,-4.89786359,590.5352289,0,590.5409674,610.1326003,7.8833714,1,0.008697266863,0.008697266863,-1.190990753,-1.190990753,1,-0.04588164716,-0.04588393279,4.357949434,4.361580935
1078,21603817,1,17.0619142,-4.89786359,590.5352289,0,590.5409674,610.1322901,7.838881311,1,0.008697266863,0.008697266863,-1.190990753,-1.190990753,1,-0.04586738953,-0.04587687202,4.357511282,4.360150797
1079,21624135,1,17.0619142,-4.89786359,590.5352289,0,590.5409674,610.1322901,7.761250646,1,0.008697266863,0.008697266863,-1.190990753,-1.190990753,1,-0.04583887888,-0.04586142491,4.357324209,4.35913326
1080,21644130,1,17.0619142,-4.89786359,590.5352289,0,590.5409674,610.1322901,7.673178428,1,0.008697266863,0.008697266863,-1.190990753,-1.190990753,1,-0.04582461638,-0.04585222278,4.357324209,4.35877145
1081,21663104,1,17.0619142,-4.89786359,590.5352289,0,590.5409674,610.1322901,7.607351256,1,0.008697266863,0.008697266863,-1.190990753,-1.190990753,1,-0.04578220863,-0.04581831868,4.357324209,4.358065196
1082,21685962,1,17.0619142,-4.89786359,590.5352289,0,590.5409674,610.1322901,7.536984278,1,0.008697266863,0.008697266863,-1.190990753,-1.190990753,1,-0.04570685406,-0.04577835401,4.357324209,4.357798441
1083,21703573,1,17.0619142,-4.89786359,590.5352289,0,590.5409674,610.1322901,7.502935741,1,0.008697266863,0.008697266863,-1.190990753,-1.190990753,1,-0.04558298912,-0.04570779159,4.35768509,4.357729275
1084,21724213,1,17.0619142,-4.89786359,590.5352289,0,590.5409674,610.1284127,7.467525261,1,0.008697266863,0.008697266863,-1.190990753,-1.190990753,1,-0.04530379306,-0.0455615386,4.357884059,4.357783766
1085,21743566,1,17.0619142,-4.89786359,590.5352289,0,590.5409674,610.0983247,7.443464295,1,0.008697266863,0.008697266863,-1.190990753,-1.190990753,1,-0.04488737859,-0.04530307075,4.358070677,4.357887049
1086,21763236,1,17.0619142,-4.89786359,590.5352289,0,590.5409674,610.0257413,7.428482938,1,0.008697266863,0.008697266863,-1.190990753,-1.190990753,1,-0.04436388148,-0.04492966502,4.358070677,4.357953155
1087,21786161,1,17.0619142,-4.89786359,590.5352289,0,590.5409674,609.8591716,7.425305075,1,0.008697266863,0.008697266863,-1.190990753,-1.190990753,1,-0.04380583504,-0.04448621554,4.358070677,4.357995463
1088,21804309,1,17.0619142,-4.89786359,590.5352289,0,590.5409674,609.6586367,7.424851094,1,0.008697266863,0.008697266863,-1.190990753,-1.190990753,1,-0.04338674684,-0.04405018635,4.357722571,4.357925564
1089,21824741,1,17.0619142,-4.89786359,590.5352289,0,590.5409674,609.386759,7.424851094,1,0.008697266863,0.008697266863,-1.190990753,-1.190990753,1,-0.04309940874,-0.04365826742,4.357324215,4.357739123
1090,21843707,1,17.0619142,-4.89786359,590.5352289,0,590.5409674,609.0968905,7.424397114,1,0.008697266863,0.008697266863,-1.190990753,-1.190990753,1,-0.04290767129,-0.04334967965,4.357324209,4.357589754
1091,21863144,1,17.0619142,-4.89786359,590.5352289,0,590.5409674,608.805161,7.422127211,1,0.008697266863,0.008697266863,-1.190990753,-1.190990753,1,-0.04256122354,-0.04303936718,4.357324209,4.357494158
1092,21885484,1,17.0619142,-4.89786359,590.5352289,0,590.5409674,608.4883064,7.417587406,1,0.008697266863,0.008697266863,-1.190990753,-1.190990753,1,-0.04199246067,-0.04264156956,4.357324209,4.357432976
1093,21903748,1,17.0619142,-4.89786359,590.5352289,0,590.5409674,608.2651278,7.415317504,1,0.008697266863,0.008697266863,-1.190990753,-1.190990753,1,-0.04163739198,-0.04223834023,4.357510823,4.357459025
1094,21923748,1,17.0619142,-4.89786359,590.5352289,0,590.5409674,607.9892177,7.413501582,1,0.008697266863,0.008697266863,-1.190990753,-1.190990753,1,-0.0412602265,-0.0418474473,4.357697427,4.357514994
1095,21943154,1,17.0619142,-4.89786359,590.5352289,0,590.5409674,607.7137729,7.412593621,1,0.008697266863,0.008697266863,-1.190990753,-1.190990753,1,-0.04094870781,-0.04148367444,4.357697443,4.357580675
1096,21963849,1,17.0619142,-4.89786359,590.5352289,0,590.5409674,607.4025017,7.41213964,1,0.008697266863,0.008697266863,-1.190990753,-1.190990753,1,-0.04037068703,-0.04106115112,4.357331902,4.357520976
1097,21985452,1,17.0619142,-4.89786359,590.5352289,0,590.5409674,607.09061,7.41213964,1,0.008697266863,0.008697266863,-1.190990753,-1.190990753,1,-0.03958658388,-0.04049857847,4.357139451,4.357413189
1098,22003854,1,17.0619142,-4.89786359,590.5352289,0,590.5409674,606.8210588,7.41168566,1,0.008697266863,0.008697266863,-1.190990753,-1.190990753,1,-0.03891554832,-0.03987435517,4.357137592,4.357313974
1099,22023975,1,17.0619142,-4.89786359,590.5352289,0,590.5409674,606.4551948,7.409869738,1,0.008697266863,0.008697266863,-1.190990753,-1.190990753,1,-0.03818283306,-0.03919964421,4.357137592,4.357250476
1100,22043200,1,17.0619142,-4.89786359,590.5352289,0,590.5409674,606.0558309,7.408053816,1,0.008697266863,0.008697266863,-1.190990753,-1.190990753,1,-0.03746191876,-0.03850960548,4.357137592,4.357209838
1101,22063161,1,17.0619142,-4.89786359,590.5352289,0,590.5409674,605.5731821,7.405783913,1,0.008697266863,0.008697266863,-1.190990753,-1.190990753,1,-0.03657905376,-0.03774325771,4.357137592,4.357183829
1102,22086758,1,17.0619142,-4.89786359,590.5352289,0,590.5409674,604.95979,7.40260605,1,0.008697266863,0.008697266863,-1.190990753,-1.190990753,1,-0.03561384725,-0.03691650677,4.357137592,4.357167184
1103,22103690,1,17.0619142,-4.89786359,590.5352289,0,590.5409674,604.5272362,7.400790128,1,0.008697266863,0.008697266863,-1.190990753,-1.190990753,1,-0.03496485648,-0.03614293583,4.357137592,4.357156531
1104,22123917,1,17.0619142,-4.89786359,590.5352289,0,590.5409674,603.9492053,7.398974206,1,0.008697266863,0.008697266863,-1.190990753,-1.190990753,1,-0.03426575523,-0.03540173756,4.357137592,4.357149713
1105,22143744,1,17.0619142,-4.89786359,590.5352289,0,590.5409674,603.3575263,7.397612264,1,0.008697266863,0.008697266863,-1.190990753,-1.190990753,1,-0.03356760991,-0.03467824021,4.35732235,4.357182301
1106,22163992,1,17.0619142,-4.89786359,590.5352289,0,590.5409674,602.7860093,7.396250323,1,0.008697266863,0.008697266863,-1.190990753,-1.190990753,1,-0.0329049397,-0.03396537982,4.357324209,4.357233387
1107,22184830,1,17.0619142,-4.89786359,590.5352289,0,590.5409674,602.213872,7.395342362,1,0.008697266863,0.008697266863,-1.190990753,-1.190990753,1,-0.03227516238,-0.03328203911,4.357324209,4.357266083
1108,22203853,1,17.0619142,-4.89786359,590.5352289,0,590.5409674,601.7043921,7.394888381,1,0.008697266863,0.008697266863,-1.190990753,-1.190990753,1,-0.03154406109,-0.03259040815,4.357324209,4.357287008
1109,22223945,1,17.0619142,-4.89786359,590.5352289,0,590.5409674,601.1772317,7.394888381,1,0.008697266863,0.008697266863,-1.190990753,-1.190990753,1,-0.0309066002,-0.03191959255,4.357137812,4.357263121
1110,22244238,1,17.0619142,-4.89786359,590.5352289,0,590.5409674,600.6272726,7.394888381,1,0.008697266863,0.008697266863,-1.190990753,-1.190990753,1,-0.03029375009,-0.03126774997,4.356780012,4.357124734
1111,22263566,1,17.0619142,-4.89786359,590.5352289,0,590.5409674,600.1356284,7.394434401,1,0.008697266863,0.008697266863,-1.190990753,-1.190990753,1,-0.02981139963,-0.03067200246,4.356577741,4.356928002
1112,22286554,1,17.0619142,-4.89786359,590.5352289,0,590.5409674,599.5638013,7.391710518,1,0.008697266863,0.008697266863,-1.190990753,-1.190990753,1,-0.02929278079,-0.03012972764,4.356204532,4.356697425
1113,22303749,1,17.0619142,-4.89786359,590.5352289,0,590.5409674,599.1801017,7.386716732,1,0.008697266863,0.008697266863,-1.190990753,-1.190990753,1,-0.02911268944,-0.02987546809,4.356018243,4.356561588
1114,22324151,1,17.0619142,-4.89786359,590.5352289,0,590.5409674,598.757784,7.378091103,1,0.008697266863,0.008697266863,-1.190990753,-1.190990753,1,-0.02851976675,-0.02918992051,4.356017889,4.356296263
1115,22343267,1,17.0619142,-4.89786359,590.5352289,0,590.5409674,598.3747048,7.365833629,1,0.008697266863,0.008697266863,-1.190990753,-1.190990753,1,-0.02828594479,-0.02880837997,4.356017889,4.356196048
1116,22363502,1,17.0619142,-4.89786359,590.5352289,0,590.5409674,597.9931765,7.349944312,1,0.008697266863,0.008697266863,-1.190990753,-1.190990753,1,-0.02828594479,-0.02857981458,4.356017889,4.356131911
1117,22386001,1,17.0619142,-4.89786359,590.5352289,0,590.5409674,597.6305695,7.329061209,1,0.008697266863,0.008697266863,-1.190990753,-1.190990753,1,-0.02743790301,-0.028124197,4.356204506,4.356157278
1118,22404420,1,17.0619142,-4.89786359,590.5352289,0,590.5409674,597.3969998,7.315441794,1,0.008697266863,0.008697266863,-1.190990753,-1.190990753,1,-0.02726999833,-0.02791064733,4.356204506,4.356166724
1119,22423605,1,17.0619142,-4.89786359,590.5352289,0,590.5409674,597.1324114,7.307724125,1,0.008697266863,0.008697266863,-1.190990753,-1.190990753,1,-0.0266393812,-0.02726883288,4.356495669,4.356271693
1120,22445547,1,17.0619142,-4.89786359,590.5352289,0,590.5409674,596.7820568,7.304092281,1,0.008697266863,0.008697266863,-1.190990753,-1.190990753,1,-0.02608582368,-0.02681608749,4.356764351,4.356419179
1121,22464050,1,17.0619142,-4.89786359,590.5352289,0,590.5409674,596.5013388,7.303638301,1,0.008697266863,0.008697266863,-1.190990753,-1.190990753,1,-0.02560140227,-0.02634016436,4.357072823,4.356633435
1122,22486745,1,17.0619142,-4.89786359,590.5352289,0,590.5409674,596.1249286,7.303638301,1,0.008697266863,0.008697266863,-1.190990753,-1.190990753,1,-0.02502568984,-0.02583293608,4.357137592,4.356814926
1123,22504282,1,17.0619142,-4.89786359,590.5352289,0,590.5409674,595.8429699,7.303638301,1,0.008697266863,0.008697266863,-1.190990753,-1.190990753,1,-0.02477402024,-0.02556820712,4.357137592,4.356879459
1124,22524056,1,17.0619142,-4.89786359,590.5352289,0,590.5409674,595.4856361,7.303638301,1,0.008697266863,0.008697266863,-1.190990753,-1.190990753,1,-0.02385644981,-0.02474094539,4.357324209,4.357071843
1125,22543581,1,17.0619142,-4.89786359,590.5352289,0,590.5409674,595.0904596,7.304546262,1,0.008697266863,0.008697266863,-1.190990753,-1.190990753,1,-0.02327846203,-0.02416381053,4.357324209,4.357162695
1126,22563607,1,17.0619142,-4.89786359,590.5352289,0,590.5409674,594.6703132,7.305908203,1,0.008697266863,0.008697266863,-1.190990753,-1.190990753,1,-0.02271805799,-0.02357790884,4.356954789,4.357143809
1127,22586710,1,17.0619142,-4.89786359,590.5352289,0,590.5409674,594.1788241,7.307724125,1,0.008697266863,0.008697266863,-1.190990753,-1.190990753,1,-0.02217110006,-0.02303158151,4.356030308,4.356833088
1128,22604529,1,17.0619142,-4.89786359,590.5352289,0,590.5409674,593.8101685,7.308178106,1,0.008697266863,0.008697266863,-1.190990753,-1.190990753,1,-0.02178840307,-0.02252431223,4.355458972,4.356378627
1129,22624290,1,17.0619142,-4.89786359,590.5352289,0,590.5409674,593.4261588,7.308178106,1,0.008697266863,0.008697266863,-1.190990753,-1.190990753,1,-0.02142748496,-0.02208216189,4.355458037,4.356047215
1130,22643925,1,17.0619142,-4.89786359,590.5352289,0,590.5409674,593.0219869,7.306362184,1,0.008697266863,0.008697266863,-1.190990753,-1.190990753,1,-0.02105266382,-0.02167398515,4.355458037,4.355835111
1131,22663997,1,17.0619142,-4.89786359,590.5352289,0,590.5409674,592.6502295,7.30273034,1,0.008697266863,0.008697266863,-1.190990753,-1.190990753,1,-0.02063369662,-0.02126439311,4.355811439,4.35579673
1132,22686535,1,17.0619142,-4.89786359,590.5352289,0,590.5409674,592.2660646,7.297736554,1,0.008697266863,0.008697266863,-1.190990753,-1.190990753,1,-0.02009255563,-0.02081099914,4.356017884,4.355846487
1133,22703052,1,17.0619142,-4.89786359,590.5352289,0,590.5409674,592.0216383,7.294558691,1,0.008697266863,0.008697266863,-1.190990753,-1.190990753,1,-0.01973823871,-0.02037173124,4.35654518,4.356043473
1134,22724308,1,17.0619142,-4.89786359,590.5352289,0,590.5409674,591.7530176,7.292742769,1,0.008697266863,0.008697266863,-1.190990753,-1.190990753,1,-0.01930898097,-0.01994380616,4.357739139,4.356546057
1135,22743784,1,17.0619142,-4.89786359,590.5352289,0,590.5409674,591.6337512,7.292742769,1,0.008697266863,0.008697266863,-1.190990753,-1.190990753,1,-0.01895449619,-0.01953864881,4.359840917,4.357609444
1136,22763613,1,17.0619142,-4.89786359,590.5352289,0,590.5409674,591.5923415,7.29365073,1,0.008697266863,0.008697266863,-1.190990753,-1.190990753,1,-0.01856135744,-0.01915111189,4.360869643,4.358741045
1137,22788094,1,17.0619142,-4.89786359,590.5352289,0,590.5409674,591.6874134,7.311355969,1,0.008697266863,0.008697266863,-1.190990753,-1.190990753,1,-0.01805695358,-0.01873146701,4.360869935,4.359507445
1138,22804068,1,17.0619142,-4.89786359,590.5352289,0,590.5409674,591.6866379,7.335416936,1,0.008697266863,0.008697266863,-1.190990753,-1.190990753,1,-0.01781686571,-0.01850281668,4.360869935,4.359779943
1139,22823569,1,17.0619142,-4.89786359,590.5352289,0,590.5409674,591.6866379,7.374913239,1,0.008697266863,0.008697266863,-1.190990753,-1.190990753,1,-0.01730080191,-0.01820231299,4.360869935,4.359997941
1140,22843590,1,17.0619142,-4.89786359,590.5352289,0,590.5409674,591.7175014,7.411231679,1,0.008697266863,0.008697266863,-1.190990753,-1.190990753,1,-0.01662638121,-0.01739409751,4.360869935,4.360423474
1141,22864587,1,17.0619142,-4.89786359,590.5352289,0,590.5409674,592.2150391,7.431660802,1,0.008697266863,0.008697266863,-1.190990753,-1.190990753,1,-0.01613803922,-0.01690085017,4.360869935,4.3605842
1142,22885888,1,17.0619142,-4.89786359,590.5352289,0,590.5409674,593.8199394,7.449820022,1,0.008697266863,0.008697266863,-1.190990753,-1.190990753,1,-0.01561127032,-0.01639717938,4.360869935,4.360687065
1143,22903954,1,17.0619142,-4.89786359,590.5352289,0,590.5409674,596.2044912,7.4666173,1,0.008697266863,0.008697266863,-1.190990753,-1.190990753,1,-0.0151723938,-0.01591055192,4.361757016,4.360939092
1144,22923543,1,17.0619142,-4.89786359,590.5352289,0,590.5409674,599.1103099,7.482960599,1,0.008697266863,0.008697266863,-1.190990753,-1.190990753,1,-0.0149713241,-0.01567574497,4.36280914,4.361313101
1145,22943887,1,17.0619142,-4.89786359,590.5350738,0,590.5409674,602.0294666,7.496580014,1,0.008697266863,0.008697266863,-1.190990753,-1.190990753,1,-0.01464407229,-0.01510711562,4.363295958,4.362267323
1146,22964069,1,17.0619142,-4.89786359,590.5350738,0,590.5409674,604.9475377,7.523364863,1,0.008697266863,0.008697266863,-1.190990753,-1.190990753,1,-0.01461426088,-0.01489266879,4.363295958,4.362637632
1147,22985723,1,17.0619142,-4.89786359,590.5352289,0,590.5409674,608.150049,7.564223108,1,0.008697266863,0.008697266863,-1.190990753,-1.190990753,1,-0.01461425989,-0.0147708649,4.363109342,4.36281062
1148,23003861,1,17.0619142,-4.89786359,590.5352289,0,590.5409674,610.7673951,7.585106211,1,0.008697266863,0.008697266863,-1.190990753,-1.190990753,1,-0.01468168418,-0.01471948803,4.362716796,4.362811351
1149,23024078,1,17.0619142,-4.89786359,590.5350738,0,590.5409674,612.3681079,7.605989314,1,0.008697266863,0.008697266863,-1.190990753,-1.190990753,1,-0.01505023629,-0.01481810991,4.361143433,4.362393772
1150,23043418,1,17.0619142,-4.89786359,590.5350738,0,590.5409674,611.124884,7.624602515,1,0.008697266863,0.008697266863,-1.190990753,-1.190990753,1,-0.0154563394,-0.01497766728,4.358792182,4.361673454
1151,23064320,1,17.0619142,-4.89786359,590.5355391,0,590.5409674,611.7914729,7.631866203,1,0.008697266863,0.008697266863,-1.190990753,-1.190990753,1,-0.01659719378,-0.01570561987,4.353659127,4.358488525
1152,23085716,1,17.0619142,-4.89786359,590.5356942,0,590.5409674,611.3714816,7.604627373,1,0.008697266863,0.008697266863,-1.190990753,-1.190990753,1,-0.01781879786,-0.01648204967,4.35192861,4.356303025
1153,23103421,1,17.0619142,-4.89786359,590.535384,0,590.5409674,609.6076111,7.543793986,0,NaN,NaN,NaN,NaN,0,NaN,NaN,NaN,NaN
1154,23124307,1,17.0619142,-4.89786359,590.5350738,0,590.5409674,606.4565907,7.477058852,0,NaN,NaN,NaN,NaN,0,NaN,NaN,NaN,NaN
1155,23143170,1,17.0619142,-4.89786359,590.535384,0,590.5409674,603.7835662,7.432568763,1,0.008697266863,0.008697266863,-1.190990753,-1.190990753,1,-0.02138209539,-0.01971440615,4.352574545,4.351648826
1156,23163815,1,17.0619142,-4.89786359,590.5355391,0,590.5409674,600.6586014,7.404875952,1,0.008697266863,0.008697266863,-1.190990753,-1.190990753,1,-0.02378440332,-0.02161058637,4.358762716,4.354054633
1157,23185145,1,17.0619142,-4.89786359,590.535384,0,590.5409674,597.5268124,7.39352644,1,0.008697266863,0.008697266863,-1.190990753,-1.190990753,1,-0.02574542671,-0.02320485228,4.361871556,4.356639882
1158,23203611,1,17.0619142,-4.89786359,590.5352289,0,590.5409674,594.7083109,7.409869738,1,0.008697266863,0.008697266863,-1.190990753,-1.190990753,1,-0.02709781945,-0.024776826,4.363428301,4.358966957
1159,23223853,1,17.0619142,-4.89786359,590.5350738,0,590.5409674,591.7384389,7.464347398,1,0.008710009602,0.008700452548,-1.190990753,-1.190990753,1,-0.02867183592,-0.02635136394,4.363482575,4.360592579
1160,23243434,1,17.0619142,-4.89786359,590.5352289,0,590.5409674,590.5124303,7.555597479,1,0.008711524678,0.00870529584,-1.190990753,-1.190990753,1,-0.03018895839,-0.02785251585,4.360458771,4.360951805
1161,23263170,1,17.0619142,-4.89786359,590.5352289,0,590.5409674,592.1142287,7.660012994,1,0.008711524678,0.008708020957,-1.190990753,-1.190990753,1,-0.03173469005,-0.02938341626,4.352916196,4.358764215
1162,23286632,1,17.0619142,-4.89786359,590.5347636,0,590.5409674,591.4000264,7.741729484,1,0.008711524678,0.008709553835,-1.190990753,-1.190990753,1,-0.03381705777,-0.03108366352,4.344149644,4.354380477
1163,23303471,1,17.0619142,-4.89786359,590.5347636,0,590.5409674,591.6135892,7.73764366,1,0.008711524678,0.008710416079,-1.190990753,-1.190990753,1,-0.03520356395,-0.03269927801,4.339246998,4.349452794
1164,23324355,1,17.0619142,-4.89786359,590.5350738,0,590.5409674,591.6171563,7.635044066,1,0.008711524678,0.008710901091,-1.190990753,-1.190990753,1,-0.03686410188,-0.03435460008,4.334076889,4.344255519
1165,23344479,1,17.0619142,-4.89786359,590.5356942,0,590.5409674,591.7026124,7.458899632,1,0.008711524678,0.00871117391,-1.190990753,-1.190990753,1,-0.03809178476,-0.03585822628,4.33306399,4.340264478
1166,23363835,1,17.0619142,-4.89786359,590.5352289,0,590.5409674,592.2421803,7.238265108,1,0.008711524678,0.008711327371,-1.190990753,-1.190990753,1,-0.0391097006,-0.03717605696,4.333063977,4.337672298
1167,23386568,1,17.0619142,-4.89786359,590.5352289,0,590.5409674,593.8298653,6.977680301,1,0.008711524678,0.008711413693,-1.190990753,-1.190990753,1,-0.03996122018,-0.03830245568,4.334105556,4.336224765
1168,23403091,1,17.0619142,-4.89786359,590.535384,0,590.5409674,595.1075198,6.82287295,1,0.008711524678,0.008711462249,-1.190990753,-1.190990753,1,-0.04032787708,-0.03915031071,4.3354598,4.335817907
1169,23423998,1,17.0619142,-4.89786359,590.5355391,0,590.5409674,596.7876401,6.664887736,1,0.008711524678,0.008711489562,-1.190990753,-1.190990753,1,-0.04070465553,-0.03979696854,4.339817553,4.336853027
1170,23443822,1,17.0619142,-4.89786359,590.5352289,0,590.5409674,598.3843205,6.567281928,1,0.008711524678,0.008711504925,-1.190990753,-1.190990753,1,-0.04090202369,-0.04025790631,4.345328685,4.339278016
1171,23463516,1,17.0619142,-4.89786359,590.5352289,0,590.5409674,599.9053156,6.533687371,1,0.008711524678,0.008711513567,-1.190990753,-1.190990753,1,-0.04109061474,-0.0406049501,4.352712187,4.343512427
1172,23486750,1,17.0619142,-4.89786359,590.5352289,0,590.5409674,601.8225728,6.558202318,1,0.008711524678,0.008711518428,-1.190990753,-1.190990753,1,-0.04137457888,-0.04090829872,4.363523686,4.349703215
1173,23503959,1,17.0619142,-4.89786359,590.5352289,0,590.5409674,603.1828918,6.646274535,1,0.008711524678,0.008711521162,-1.190990753,-1.190990753,1,-0.04152067198,-0.04115876899,4.369831269,4.356291386
1174,23524004,1,17.0619142,-4.89786359,590.5352289,0,590.5409674,604.7811231,6.845571975,1,0.008711524678,0.0087115227,-1.190990753,-1.190990753,1,-0.04163080315,-0.0413566031,4.374513679,4.362507896
1175,23543215,1,17.0619142,-4.89786359,590.5350738,0,590.5409674,606.3022733,7.120684159,1,0.008711524678,0.008711523566,-1.190990753,-1.190990753,1,-0.04166132994,-0.04148750895,4.375239435,4.367080499
1176,23563655,1,17.0619142,-4.89786359,590.5350738,0,590.5409674,607.9797571,7.453451866,1,0.008711524678,0.008711524052,-1.190990753,-1.190990753,1,-0.04166133406,-0.04156355743,4.37350391,4.369629095
1177,23585697,1,17.0619142,-4.89786359,590.5352289,0,590.5409674,609.5005971,7.791213359,1,0.008711524678,0.008711524326,-1.190990753,-1.190990753,1,-0.04166133406,-0.04160633471,4.366931878,4.369287653
1178,23603767,1,17.0619142,-4.89786359,590.5352289,0,590.5409674,610.1625332,8.007762058,1,0.008711524678,0.00871152448,-1.190990753,-1.190990753,1,-0.04167558671,-0.04163514381,4.360794294,4.366648974
1179,23623996,1,17.0619142,-4.89786359,590.5352289,0,590.5409674,610.4979989,8.151673877,1,0.008711524678,0.008711524567,-1.190990753,-1.190990753,1,-0.04174279149,-0.04167487524,4.358284166,4.363767687
1180,23643416,1,17.0619142,-4.89786359,590.5352289,0,590.5409674,610.6330847,8.180274648,1,0.008711524678,0.008711524615,-1.190990753,-1.190990753,1,-0.04182724008,-0.04173287637,4.358257295,4.361783952
1181,23663828,1,17.0619142,-4.89786359,590.5352289,0,590.5409674,610.6909343,8.126704949,1,0.008711524678,0.008711524643,-1.190990753,-1.190990753,1,-0.04188553214,-0.04179476027,4.358257295,4.360514355
1182,23688060,1,17.0619142,-4.89786359,590.5352289,0,590.5409674,610.7159043,8.008216038,1,0.008711524678,0.008711524658,-1.190990753,-1.190990753,1,-0.04188945909,-0.04183619089,4.359157041,4.359914391
1183,23704065,1,17.0619142,-4.89786359,590.5352289,0,590.5409674,610.7222631,7.936487119,1,0.008711524678,0.008711524667,-1.190990753,-1.190990753,1,-0.04187489431,-0.04185585453,4.360047982,4.359849937
1184,23723911,1,17.0619142,-4.89786359,590.5352289,0,590.5409674,610.7259853,7.872021888,1,0.008711524678,0.008711524672,-1.190990753,-1.190990753,1,-0.04166510548,-0.0417967918,4.363952319,4.360966655
1185,23743558,1,17.0619142,-4.89786359,590.5352289,0,590.5409674,610.7278464,7.830709662,1,0.008711524678,0.008711524674,-1.190990753,-1.190990753,1,-0.04118006956,-0.04157684606,4.370728232,4.363897431
1186,23763816,1,17.0619142,-4.89786359,590.5352289,0,590.5409674,610.7061334,7.82889374,1,0.008711524678,0.008711524676,-1.190990753,-1.190990753,1,-0.04043849004,-0.04115786536,4.382698657,4.369570971
1187,23786837,1,17.0619142,-4.89786359,590.5352289,0,590.5409674,610.5780268,7.905162464,1,0.008711524678,0.008711524677,-1.190990753,-1.190990753,1,-0.03937604124,-0.04050529766,4.401107492,4.378982236
1188,23803552,1,17.0619142,-4.89786359,590.5352289,0,590.5409674,610.4024617,8.047258361,1,0.008711524678,0.008711524677,-1.190990753,-1.190990753,1,-0.03886844035,-0.03984686145,4.41205638,4.389756123
1189,23823902,1,17.0619142,-4.89786359,590.5352289,0,590.5409674,610.0359774,8.344161609,1,0.008711524678,0.008711524678,-1.190990753,-1.190990753,1,-0.03842160429,-0.03925842,4.42263193,4.400867788
1190,23843697,1,17.0619142,-4.89786359,590.5352289,0,590.5409674,609.5925671,8.815393369,1,0.008711524678,0.008711524678,-1.190990753,-1.190990753,1,-0.03831077052,-0.03884828445,4.429466025,4.410712557
1191,23863628,1,17.0619142,-4.89786359,590.5352289,0,590.5409674,609.1468304,9.365163756,1,0.008711524678,0.008711524678,-1.190990753,-1.190990753,1,-0.03829498915,-0.03860917248,4.431597724,4.418174375
1192,23886889,1,17.0619142,-4.89786359,590.5352289,0,590.5409674,608.7173784,10.03841684,1,0.008711524678,0.008711524678,-1.190990753,-1.190990753,1,-0.03816423927,-0.03843332025,4.431266106,4.422940476
1193,23903189,1,17.0619142,-4.89786359,590.5352289,0,590.5409674,608.5297161,10.41476667,1,0.008711524678,0.008711524678,-1.190990753,-1.190990753,1,-0.03792849405,-0.03824082992,4.430522332,4.425731164
1194,23923947,1,17.0619142,-4.89786359,590.5352289,0,590.5409674,608.3231325,10.84105436,1,0.008711524678,0.008711524678,-1.190990753,-1.190990753,1,-0.03727351383,-0.03787967488,4.422066883,4.425362483
1195,23943577,1,17.0619142,-4.89786359,590.5352289,0,590.5409674,608.1596647,11.13205587,1,0.008711524678,0.008711524678,-1.190990753,-1.190990753,1,-0.03664688671,-0.03740588659,4.409830024,4.420811153
1196,23964465,1,17.0619142,-4.89786359,590.5352289,0,590.5409674,607.9240788,11.31410205,1,0.008711524678,0.008711524678,-1.190990753,-1.190990753,1,-0.03603751315,-0.03686289688,4.399183198,4.41382922
1197,23985771,1,17.0619142,-4.89786359,590.5352289,0,590.5409674,607.6013306,11.31092418,1,0.008711524678,0.008711524678,-1.190990753,-1.190990753,1,-0.03565123795,-0.0363703283,4.390527159,4.40641974
1198,24003748,1,17.0619142,-4.89786359,590.5352289,0,590.5409674,607.2897492,11.17427605,1,0.008711524678,0.008711524678,-1.190990753,-1.190990753,1,-0.03551000747,-0.03600644215,4.38248104,4.398417129
1199,24024358,1,17.0619142,-4.89786359,590.5352289,0,590.5409674,606.9082209,10.88236659,1,0.008711524678,0.008711524678,-1.190990753,-1.190990753,1,-0.03547344256,-0.03577332621,4.377296967,4.391102368
1200,24043129,1,17.0619142,-4.89786359,590.5352289,0,590.5409674,606.6240909,10.546875,1,0.008711524678,0.008711524678,-1.190990753,-1.190990753,1,-0.03547344255,-0.03564212711,4.37748288,4.386168851
1201,24063690,1,17.0619142,-4.89786359,590.5352289,0,590.5409674,606.37191,10.13965449,1,0.008711524678,0.008711524678,-1.190990753,-1.190990753,1,-0.03545947367,-0.03556483539,4.378963953,4.383531843
1202,24084918,1,17.0619142,-4.89786359,590.5352289,0,590.5409674,606.2002223,9.760580772,1,0.008711524678,0.008711524678,-1.190990753,-1.190990753,1,-0.03543375378,-0.03551225554,4.3789718,4.381890226
1203,24103931,1,17.0619142,-4.89786359,590.5352289,0,590.5409674,606.1080971,9.49591014,1,0.008711524678,0.008711524678,-1.190990753,-1.190990753,1,-0.03538909972,-0.03546352971,4.380183888,4.381095232
1204,24124187,1,17.0619142,-4.89786359,590.5352289,0,590.5409674,606.0595531,9.302060466,1,0.008711524678,0.008711524678,-1.190990753,-1.190990753,1,-0.03538789566,-0.03543043991,4.385238634,4.382185848
1205,24144255,1,17.0619142,-4.89786359,590.5352289,0,590.5409674,606.0383054,9.175399906,1,0.008711524678,0.008711524678,-1.190990753,-1.190990753,1,-0.03538789566,-0.0354118268,4.385690018,4.383447014
1206,24164094,1,17.0619142,-4.89786359,590.5352289,0,590.5409674,606.0305507,9.127277973,1,0.008711524678,0.008711524678,-1.190990753,-1.190990753,1,-0.0354148264,-0.03540808961,4.385690018,4.384254495
1207,24184678,1,17.0619142,-4.89786359,590.5352289,0,590.5409674,606.0269836,9.132271759,1,0.008711524678,0.008711524678,-1.190990753,-1.190990753,1,-0.03547337223,-0.03543113616,4.389986414,4.385760198
1208,24204012,1,17.0619142,-4.89786359,590.5352289,0,590.5409674,606.0257429,9.147707096,1,0.008711524678,0.008711524678,-1.190990753,-1.190990753,1,-0.03547344255,-0.0354496452,4.398680337,4.389623784
1209,24223387,1,17.0619142,-4.89786359,590.5352289,0,590.5409674,606.0251225,9.181301653,1,0.008711524678,0.008711524678,-1.190990753,-1.190990753,1,-0.03547344255,-0.03546005654,4.407535153,4.395256875
1210,24244166,1,17.0619142,-4.89786359,590.5352289,0,590.5409674,606.0248123,9.303876388,1,0.008711524678,0.008711524678,-1.190990753,-1.190990753,1,-0.03547344255,-0.03546591292,4.410509942,4.400682749
1211,24263173,1,17.0619142,-4.89786359,590.5352289,0,590.5409674,606.0246572,9.483652667,1,0.008711524678,0.008711524678,-1.190990753,-1.190990753,1,-0.03543260582,-0.03545555183,4.410689025,4.404256381
1212,24287340,1,17.0619142,-4.89786359,590.5352289,0,590.5409674,606.0246572,9.808702705,1,0.008711524678,0.008711524678,-1.190990753,-1.190990753,1,-0.03535790508,-0.03541868735,4.410073315,4.406450221
1213,24304021,1,17.0619142,-4.89786359,590.5352289,0,590.5409674,606.0246572,9.998466555,1,0.008711524678,0.008711524678,-1.190990753,-1.190990753,1,-0.03531969195,-0.03538015539,4.404224553,4.406404369
1214,24323858,1,17.0619142,-4.89786359,590.5352289,0,590.5409674,606.0246572,10.1859605,1,0.008711524678,0.008711524678,-1.190990753,-1.190990753,1,-0.0352496249,-0.0353304931,4.38741824,4.400846375
1215,24343213,1,17.0619142,-4.89786359,590.5352289,0,590.5409674,606.0246572,10.29400786,1,0.008711524678,0.008711524678,-1.190990753,-1.190990753,1,-0.03509410124,-0.03524327968,4.371131352,4.391326676
1216,24364315,1,17.0619142,-4.89786359,590.5352289,0,590.5409674,606.0088377,10.24770185,1,0.008711524678,0.008711524678,-1.190990753,-1.190990753,1,-0.03509410124,-0.03517801411,4.371131352,4.384056359
1217,24387352,1,17.0619142,-4.89786359,590.5352289,0,590.5409674,605.9630854,9.953976466,1,0.008711524678,0.008711524678,-1.190990753,-1.190990753,1,-0.03509410124,-0.03514130223,4.371131352,4.379403357
1218,24403755,1,17.0619142,-4.89786359,590.5352289,0,590.5409674,605.9300506,9.675232438,1,0.008711524678,0.008711524678,-1.190990753,-1.190990753,1,-0.03509410124,-0.0351206518,4.371131352,4.376425435
1219,24424010,1,17.0619142,-4.89786359,590.5352289,0,590.5409674,605.9069418,9.35109036,1,0.008711524678,0.008711524678,-1.190990753,-1.190990753,1,-0.03356151686,-0.0344697774,4.331260608,4.360129901
1220,24443360,1,17.0619142,-4.89786359,590.5352289,0,590.5409674,605.8633607,9.085511767,1,0.008711524678,0.008711524678,-1.190990753,-1.190990753,1,-0.03344300001,-0.03421308305,4.332908029,4.354685527
1221,24463632,1,17.0619142,-4.89786359,590.5352289,0,590.5409674,605.623277,8.627445442,1,0.008711524678,0.008711524678,-1.190990753,-1.190990753,1,-0.03321201719,-0.03367933198,4.339862494,4.346361675
1222,24487486,1,17.0619142,-4.89786359,590.5352289,0,590.5409674,605.2584988,7.947836632,1,0.008711524678,0.008711524678,-1.190990753,-1.190990753,1,-0.03284701682,-0.03335717866,4.34177567,4.344507016
1223,24503555,1,17.0619142,-4.89786359,590.5352289,0,590.5409674,605.0426096,7.59327786,1,0.008711524678,0.008711524678,-1.190990753,-1.190990753,1,-0.03235288871,-0.03298644205,4.345896363,4.344475467
1224,24524170,1,17.0619142,-4.89786359,590.5352289,0,590.5409674,604.7744541,7.291380827,1,0.008711524678,0.008711524678,-1.190990753,-1.190990753,1,-0.03161355924,-0.03246729369,4.355850649,4.347607583
1225,24543661,1,17.0619142,-4.89786359,590.5352289,0,590.5409674,604.4937362,7.124769983,1,0.008711524678,0.008711524678,-1.190990753,-1.190990753,1,-0.03124104022,-0.03216073032,4.359780486,4.350042164
1226,24563545,1,17.0619142,-4.89786359,590.5352289,0,590.5409674,604.1623029,7.098893095,1,0.008711524678,0.008711524678,-1.190990753,-1.190990753,1,-0.03028909972,-0.03123060718,4.363482393,4.356394818
1227,24586007,1,17.0619142,-4.89786359,590.5352289,0,590.5409674,603.7055546,7.20376259,1,0.008711524678,0.008711524678,-1.190990753,-1.190990753,1,-0.02954824992,-0.03055611639,4.363482575,4.358946411
1228,24603244,1,17.0619142,-4.89786359,590.5352289,0,590.5409674,603.3432578,7.334962955,1,0.008711524678,0.008711524678,-1.190990753,-1.190990753,1,-0.02907165887,-0.02994761339,4.363669125,4.360644094
1229,24624744,1,17.0619142,-4.89786359,590.5352289,0,590.5409674,602.8185788,7.512923312,1,0.008711524678,0.008711524678,-1.190990753,-1.190990753,1,-0.02854806245,-0.02937302642,4.364228756,4.361900729
1230,24643995,1,17.0619142,-4.89786359,590.5352289,0,590.5409674,602.3778051,7.644577657,1,0.008711524678,0.008711524678,-1.190990753,-1.190990753,1,-0.02824342948,-0.02890591298,4.364229044,4.362738922
1231,24663573,1,17.0619142,-4.89786359,590.5352289,0,590.5409674,601.9340846,7.750809094,1,0.008711524678,0.008711524678,-1.190990753,-1.190990753,1,-0.02804830279,-0.02854506216,4.364229044,4.363275366
1232,24686344,1,17.0619142,-4.89786359,590.5352289,0,590.5409674,601.4872622,7.839789272,1,0.008711524678,0.008711524678,-1.190990753,-1.190990753,1,-0.0278778817,-0.02826758938,4.363868177,4.363533296
1233,24703673,1,17.0619142,-4.89786359,590.5352289,0,590.5409674,601.2218984,7.888819166,1,0.008711524678,0.008711524678,-1.190990753,-1.190990753,1,-0.02770727383,-0.02803815627,4.362853781,4.363376562
1234,24723727,1,17.0619142,-4.89786359,590.5352289,0,590.5409674,600.9582407,7.931947314,1,0.008711524678,0.008711524678,-1.190990753,-1.190990753,1,-0.02737909491,-0.02778288349,4.360325459,4.36251467
1235,24744641,1,17.0619142,-4.89786359,590.5352289,0,590.5409674,600.7280829,7.946928671,1,0.008711524678,0.008711524678,-1.190990753,-1.190990753,1,-0.02691202115,-0.0274536635,4.357551193,4.360964381
1236,24763789,1,17.0619142,-4.89786359,590.5352289,0,590.5409674,600.5360781,7.941480905,1,0.008711524678,0.008711524678,-1.190990753,-1.190990753,1,-0.02650471288,-0.0270790066,4.356587576,4.35945022
1237,24787162,1,17.0619142,-4.89786359,590.5352289,0,590.5409674,600.2741263,7.911064211,1,0.008711524678,0.008711524678,-1.190990753,-1.190990753,1,-0.02595372423,-0.02664351745,4.355287819,4.358067474
1238,24803677,1,17.0619142,-4.89786359,590.5352289,0,590.5409674,600.079795,7.868390044,1,0.008711524678,0.008711524678,-1.190990753,-1.190990753,1,-0.02559762433,-0.0262199892,4.35527142,4.357060897
1239,24823994,1,17.0619142,-4.89786359,590.5352289,0,590.5409674,599.7689891,7.796207144,1,0.008711524678,0.008711524678,-1.190990753,-1.190990753,1,-0.02511446414,-0.02578896696,4.35527142,4.356416685
1240,24843881,1,17.0619142,-4.89786359,590.5352289,0,590.5409674,599.453065,7.724024245,1,0.008711524678,0.008711524678,-1.190990753,-1.190990753,1,-0.02482667009,-0.0253999398,4.356015352,4.356196165
1241,24863211,1,17.0619142,-4.89786359,590.5352289,0,590.5409674,599.1501688,7.669092604,1,0.008711524678,0.008711524678,-1.190990753,-1.190990753,1,-0.02462059846,-0.02507954128,4.356596196,4.3562769
1242,24886373,1,17.0619142,-4.89786359,590.5352289,0,590.5409674,598.7872516,7.630504261,1,0.008711524678,0.008711524678,-1.190990753,-1.190990753,1,-0.02437429784,-0.0247940138,4.356764357,4.356452384
1243,24903564,1,17.0619142,-4.89786359,590.5352289,0,590.5409674,598.5713624,7.615522905,1,0.008711524678,0.008711524678,-1.190990753,-1.190990753,1,-0.02411688009,-0.02453113322,4.356681726,4.356548168
1244,24924077,1,17.0619142,-4.89786359,590.5352289,0,590.5409674,598.3250751,7.609167178,1,0.008711524678,0.008711524678,-1.190990753,-1.190990753,1,-0.02373343571,-0.02422366629,4.356391156,4.356521506
1245,24943962,1,17.0619142,-4.89786359,590.5352289,0,590.5409674,598.1192669,7.609167178,1,0.008711524678,0.008711524678,-1.190990753,-1.190990753,1,-0.02342101256,-0.02389806288,4.356204643,4.356428495
1246,24963511,1,17.0619142,-4.89786359,590.5352289,0,590.5409674,597.9050838,7.609167178,1,0.008711524678,0.008711524678,-1.190990753,-1.190990753,1,-0.02318540696,-0.02360279354,4.356204506,4.356347859
1247,24986697,1,17.0619142,-4.89786359,590.5352289,0,590.5409674,597.6204885,7.606897275,1,0.008711524678,0.008711524678,-1.190990753,-1.190990753,1,-0.02300130869,-0.02335626364,4.356204506,4.356296252
1248,25003857,1,17.0619142,-4.89786359,590.5352289,0,590.5409674,597.4336017,7.603265431,1,0.008711524678,0.008711524678,-1.190990753,-1.190990753,1,-0.02285241797,-0.02315616331,4.355297505,4.356039974
1249,25023725,1,17.0619142,-4.89786359,590.5352289,0,590.5409674,597.2293444,7.596455724,1,0.008711524678,0.008711524678,-1.190990753,-1.190990753,1,-0.02259320453,-0.02293753646,4.354168491,4.355464335
1250,25043714,1,17.0619142,-4.89786359,590.5352289,0,590.5409674,597.0508326,7.58419825,1,0.008711524678,0.008711524678,-1.190990753,-1.190990753,1,-0.02219893655,-0.02265081218,4.354151717,4.354991793
1251,25063265,1,17.0619142,-4.89786359,590.5352289,0,590.5409674,596.8896912,7.565131069,1,0.008711524678,0.008711524678,-1.190990753,-1.190990753,1,-0.02188892299,-0.0223438594,4.354151717,4.354689366
1252,25086536,1,17.0619142,-4.89786359,590.5352289,0,590.5409674,596.6528645,7.541524083,1,0.008711524678,0.008711524678,-1.190990753,-1.190990753,1,-0.02152192905,-0.02201473455,4.354325983,4.354530665
1253,25103711,1,17.0619142,-4.89786359,590.5352289,0,590.5409674,596.4907925,7.530174571,1,0.008711524678,0.008711524678,-1.190990753,-1.190990753,1,-0.02130266843,-0.02172462436,4.354505121,4.354494782
1254,25123462,1,17.0619142,-4.89786359,590.5352289,0,590.5409674,596.2629612,7.519733019,1,0.008711524678,0.008711524678,-1.190990753,-1.190990753,1,-0.02111236583,-0.02146740455,4.355052395,4.354640844
1255,25144271,1,17.0619142,-4.89786359,590.5352289,0,590.5409674,596.0106252,7.509745448,1,0.008711524678,0.008711524678,-1.190990753,-1.190990753,1,-0.02108730769,-0.02130111757,4.35527142,4.354867735
1256,25164080,1,17.0619142,-4.89786359,590.5352289,0,590.5409674,595.8175347,7.505205643,1,0.008711524678,0.008711524678,-1.190990753,-1.190990753,1,-0.02107548234,-0.02120461941,4.355251752,4.355009128
1257,25185888,1,17.0619142,-4.89786359,590.5352289,0,590.5409674,595.6435205,7.505659624,1,0.008711524678,0.008711524678,-1.190990753,-1.190990753,1,-0.0210192916,-0.02113212075,4.353978395,4.354734591
1258,25203277,1,17.0619142,-4.89786359,590.5352289,0,590.5409674,595.5475181,7.506567585,1,0.008711524678,0.008711524678,-1.190990753,-1.190990753,1,-0.02086376884,-0.02103284991,4.352710971,4.35408227
1259,25224144,1,17.0619142,-4.89786359,590.5352289,0,590.5409674,595.4580295,7.504297682,1,0.008711524678,0.008711524678,-1.190990753,-1.190990753,1,-0.02053835561,-0.02084864832,4.35265878,4.353569814
1260,25244029,1,17.0619142,-4.89786359,590.5352289,0,590.5409674,595.3783118,7.490678267,1,0.008711524678,0.008711524678,-1.190990753,-1.190990753,1,-0.02027459754,-0.02062360719,4.351357398,4.35295421
1261,25263997,1,17.0619142,-4.89786359,590.5352289,0,590.5409674,595.2689714,7.465709339,1,0.008711524678,0.008711524678,-1.190990753,-1.190990753,1,-0.02004200622,-0.02039377618,4.346941292,4.351294352
1262,25287645,1,17.0619142,-4.89786359,590.5352289,0,590.5409674,595.0938716,7.427120997,1,0.008711524678,0.008711524678,-1.190990753,-1.190990753,1,-0.0197435499,-0.02014558371,4.339625003,4.347739992
1263,25303536,1,17.0619142,-4.89786359,590.5352289,0,590.5409674,594.9752257,7.392618479,1,0.008711524678,0.008711524678,-1.190990753,-1.190990753,1,-0.01946222578,-0.01987657737,4.335918224,4.343782839
1264,25323589,1,17.0619142,-4.89786359,590.5352289,0,590.5409674,594.7979546,7.302276359,1,0.008711524678,0.008711524678,-1.190990753,-1.190990753,1,-0.0190320439,-0.01954132179,4.334000435,4.340326733
1265,25343884,1,17.0619142,-4.89786359,590.5352289,0,590.5409674,594.6022275,7.136573476,1,0.008711524678,0.008711524678,-1.190990753,-1.190990753,1,-0.01860775874,-0.01917237274,4.333810446,4.337980898
1266,25363707,1,17.0619142,-4.89786359,590.5352289,0,590.5409674,594.3771878,6.957705159,1,0.008711524678,0.008711524678,-1.190990753,-1.190990753,1,-0.01839078443,-0.01884676495,4.334158199,4.336549086
1267,25386675,1,17.0619142,-4.89786359,590.5352289,0,590.5409674,594.0921272,6.776112958,1,0.008711524678,0.008711524678,-1.190990753,-1.190990753,1,-0.01833754407,-0.01862436763,4.334609363,4.335841609
1268,25404186,1,17.0619142,-4.89786359,590.5352289,0,590.5409674,593.8894209,6.669427541,1,0.008711524678,0.008711524678,-1.190990753,-1.190990753,1,-0.01833754407,-0.01849888232,4.334609363,4.335398
1269,25423581,1,17.0619142,-4.89786359,590.5352289,0,590.5409674,593.687335,6.577269499,1,0.008711524678,0.008711524678,-1.190990753,-1.190990753,1,-0.01833754407,-0.01842829684,4.334609363,4.335114091
1270,25443829,1,17.0619142,-4.89786359,590.5352289,0,590.5409674,593.5449598,6.517798053,1,0.008711524678,0.008711524678,-1.190990753,-1.190990753,1,-0.01787024958,-0.01827176888,4.334246483,4.334859813
1271,25463183,1,17.0619142,-4.89786359,590.5352289,0,590.5409674,593.4503532,6.468314179,1,0.008711524678,0.008711524678,-1.190990753,-1.190990753,1,-0.01758884666,-0.01799015432,4.334895148,4.334796859
1272,25487187,1,17.0619142,-4.89786359,590.5352289,0,590.5409674,593.3075128,6.439259427,1,0.008711524678,0.008711524678,-1.190990753,-1.190990753,1,-0.01739318056,-0.01774417613,4.335676617,4.335082405
1273,25503691,1,17.0619142,-4.89786359,590.5352289,0,590.5409674,593.1894871,6.425640012,1,0.008711524678,0.008711524678,-1.190990753,-1.190990753,1,-0.0173802843,-0.01765320317,4.335676618,4.335201247
1274,25523635,1,17.0619142,-4.89786359,590.5352289,0,590.5409674,593.0283457,6.415652441,1,0.008711524678,0.008711524678,-1.190990753,-1.190990753,1,-0.0173660181,-0.01748721496,4.335676618,4.335433228
1275,25543879,1,17.0619142,-4.89786359,590.5352289,0,590.5409674,592.8746487,6.41474448,1,0.008711524678,0.008711524678,-1.190990753,-1.190990753,1,-0.0173660181,-0.01743419133,4.335863234,4.335586799
1276,25563162,1,17.0619142,-4.89786359,590.5352289,0,590.5409674,592.7716671,6.41474448,1,0.008711524678,0.008711524678,-1.190990753,-1.190990753,1,-0.0173660181,-0.01740436554,4.335863235,4.335686316
1277,25586495,1,17.0619142,-4.89786359,590.5352289,0,590.5409674,592.6998592,6.41474448,1,0.008711524678,0.008711524678,-1.190990753,-1.190990753,1,-0.01732444692,-0.01737452288,4.334601585,4.335433579
1278,25603752,1,17.0619142,-4.89786359,590.5352289,0,590.5409674,592.677836,6.41474448,1,0.008711524678,0.008711524678,-1.190990753,-1.190990753,1,-0.0172041343,-0.01731695056,4.333319808,4.334795938
1279,25623972,1,17.0619142,-4.89786359,590.5352289,0,590.5409674,592.6665142,6.414290499,1,0.008711524678,0.008711524678,-1.190990753,-1.190990753,1,-0.01696568738,-0.01718663841,4.333063984,4.334173202
1280,25644266,1,17.0619142,-4.89786359,590.5352289,0,590.5409674,592.642785,6.40611885,1,0.008711524678,0.008711524678,-1.190990753,-1.190990753,1,-0.01661325873,-0.01696855487,4.333063977,4.333773881
1281,25663834,1,17.0619142,-4.89786359,590.5352289,0,590.5409674,592.579197,6.381603903,1,0.008711524678,0.008711524678,-1.190990753,-1.190990753,1,-0.01638583237,-0.01674035688,4.333250594,4.333582994
1282,25685504,1,17.0619142,-4.89786359,590.5352289,0,590.5409674,592.4504699,6.35209517,1,0.008711524678,0.008711524678,-1.190990753,-1.190990753,1,-0.01616682823,-0.01651039368,4.333250594,4.33346333
1283,25704003,1,17.0619142,-4.89786359,590.5352289,0,590.5409674,592.3200369,6.335297892,1,0.008711524678,0.008711524678,-1.190990753,-1.190990753,1,-0.01599139476,-0.01630309572,4.333250594,4.333386745
1284,25724126,1,17.0619142,-4.89786359,590.5352289,0,590.5409674,592.1528468,6.326218282,1,0.008711524678,0.008711524678,-1.190990753,-1.190990753,1,-0.01582652987,-0.0161050386,4.333250594,4.333337731
1285,25743860,1,17.0619142,-4.89786359,590.5352289,0,590.5409674,592.001011,6.322132457,1,0.008711524678,0.008711524678,-1.190990753,-1.190990753,1,-0.01573137719,-0.0159497041,4.33343242,4.333342727
1286,25764015,1,17.0619142,-4.89786359,590.5352289,0,590.5409674,591.8463835,6.319408574,1,0.008711524678,0.008711524678,-1.190990753,-1.190990753,1,-0.01568434233,-0.01583884208,4.333437212,4.333376741
1287,25786792,1,17.0619142,-4.89786359,590.5352289,0,590.5409674,591.695168,6.318046633,1,0.008711524678,0.008711524678,-1.190990753,-1.190990753,1,-0.0156070632,-0.01574925513,4.333437212,4.33339851
1288,25803594,1,17.0619142,-4.89786359,590.5352289,0,590.5409674,591.6193276,6.317138672,1,0.008711524678,0.008711524678,-1.190990753,-1.190990753,1,-0.01546531346,-0.01564304283,4.332959708,4.33328746
1289,25824189,1,17.0619142,-4.89786359,590.5352289,0,590.5409674,591.6931518,6.316230711,1,0.008711524678,0.008711524678,-1.190990753,-1.190990753,1,-0.01521045023,-0.0154794932,4.332690753,4.333099358
1290,25843201,1,17.0619142,-4.89786359,590.5352289,0,590.5409674,591.6964087,6.313506828,1,0.008711524678,0.008711524678,-1.190990753,-1.190990753,1,-0.01499565867,-0.01528849173,4.332690743,4.332952256
1291,25863964,1,17.0619142,-4.89786359,590.5352289,0,590.5409674,591.6960985,6.30669712,1,0.008711524678,0.008711524678,-1.190990753,-1.190990753,1,-0.0148900345,-0.01518887743,4.332690743,4.332899954
1292,25886335,1,17.0619142,-4.89786359,590.5352289,0,590.5409674,591.6960985,6.293531686,1,0.008711524678,0.008711524678,-1.190990753,-1.190990753,1,-0.01466522002,-0.01505796307,4.332130897,4.332746142
1293,25903806,1,17.0619142,-4.89786359,590.5352289,0,590.5409674,591.7204481,6.283090134,1,0.008711524678,0.008711524678,-1.190990753,-1.190990753,1,-0.01438955646,-0.01471267979,4.331944274,4.332354835
1294,25923224,1,17.0619142,-4.89786359,590.5352289,0,590.5409674,592.0993398,6.271286641,1,0.008711524678,0.008711524678,-1.190990753,-1.190990753,1,-0.01416905163,-0.01449649882,4.332478072,4.332333289
1295,25943223,1,17.0619142,-4.89786359,590.5352289,0,590.5409674,593.4084782,6.246317714,1,0.008711524678,0.008711524678,-1.190990753,-1.190990753,1,-0.01400362894,-0.01429025877,4.333385137,4.332656308
1296,25963949,1,17.0619142,-4.89786359,590.5352289,0,590.5409674,596.0709563,6.222256747,1,0.008711524678,0.008711524678,-1.190990753,-1.190990753,1,-0.01394415318,-0.01414159822,4.333987305,4.333093947
1297,25986600,1,17.0619142,-4.89786359,590.5352289,0,590.5409674,599.4059168,6.218624903,1,0.008711524678,0.008711524678,-1.190990753,-1.190990753,1,-0.01394414261,-0.01405521139,4.334365504,4.333495903
1298,26003745,1,17.0619142,-4.89786359,590.5352289,0,590.5409674,601.8855405,6.219078884,1,0.008711524678,0.008711524678,-1.190990753,-1.190990753,1,-0.01395213042,-0.01402944115,4.334370296,4.333670782
1299,26023168,1,17.0619142,-4.89786359,590.5352289,0,590.5409674,604.6559632,6.221802767,1,0.008711524678,0.008711524678,-1.190990753,-1.190990753,1,-0.01416253757,-0.01406167817,4.334315439,4.334001174
1300,26043806,1,17.0619142,-4.89786359,590.5352289,0,590.5409674,607.7077243,6.230882377,1,0.008711524678,0.008711524678,-1.190990753,-1.190990753,1,-0.01464900333,-0.01426086709,4.334037404,4.334037629
1301,26064519,1,17.0619142,-4.89786359,590.5352289,0,590.5409674,610.6081148,6.239961987,1,0.008711524678,0.008711524678,-1.190990753,-1.190990753,1,-0.01522334551,-0.01463492201,4.333442891,4.333882368
1302,26086650,1,17.0619142,-4.89786359,590.5350738,0,590.5409674,612.3070013,6.247679655,1,0.008711524678,0.008711524678,-1.190990753,-1.190990753,1,-0.01582069834,-0.01508798418,4.332698611,4.333516691
1303,26103207,1,17.0619142,-4.89786359,590.5350738,0,590.5409674,611.171722,6.249949558,1,0.008711524678,0.008711524678,-1.190990753,-1.190990753,1,-0.01612777432,-0.01551641167,4.332504152,4.333153146
1304,26123584,1,17.0619142,-4.89786359,590.535384,0,590.5409674,611.77829,6.249949558,1,0.008711524678,0.008711524678,-1.190990753,-1.190990753,1,-0.01652362615,-0.01592711671,4.332504126,4.332919499
1305,26143559,1,17.0619142,-4.89786359,590.5355391,0,590.5409674,611.5503036,6.247679655,1,0.008711524678,0.008711524678,-1.190990753,-1.190990753,1,-0.01687887707,-0.01630574704,4.332504126,4.332769965
1306,26163769,1,17.0619142,-4.89786359,590.5355391,0,590.5409674,611.5439447,6.243593831,0,NaN,NaN,NaN,NaN,0,NaN,NaN,NaN,NaN
1307,26184821,1,17.0619142,-4.89786359,590.5352289,0,590.5409674,611.567829,6.239961987,0,NaN,NaN,NaN,NaN,0,NaN,NaN,NaN,NaN
1308,26203639,1,17.0619142,-4.89786359,590.5352289,0,590.5409674,611.5641068,6.238600045,1,0.008711524678,0.008711524678,-1.190990753,-1.190990753,1,-0.01891894511,-0.0180107893,4.336693999,4.333777464
1309,26223750,1,17.0619142,-4.89786359,590.5352289,0,590.5409674,611.5662781,6.238146065,1,0.008711524678,0.008711524678,-1.190990753,-1.190990753,1,-0.01991618339,-0.01875366473,4.343713617,4.336773156
1310,26243219,1,17.0619142,-4.89786359,590.5352289,0,590.5409674,611.5637966,6.244047811,1,0.008711524678,0.008711524678,-1.190990753,-1.190990753,1,-0.02096938746,-0.01964405246,4.351350642,4.341486579
1311,26263968,1,17.0619142,-4.89786359,590.5352289,0,590.5409674,611.5616253,6.313052847,1,0.008711524678,0.008711524678,-1.190990753,-1.190990753,1,-0.02230669625,-0.02070046953,4.356761661,4.346834463
1312,26287265,1,17.0619142,-4.89786359,590.5352289,0,590.5409674,611.5592989,6.500546794,1,0.008711524678,0.008711524678,-1.190990753,-1.190990753,1,-0.02404178045,-0.02200041023,4.356764357,4.350409225
1313,26304043,1,17.0619142,-4.89786359,590.5350738,0,590.5409674,611.557748,6.67759919,1,0.008711524678,0.008711524678,-1.190990753,-1.190990753,1,-0.02542164558,-0.02332473414,4.356764357,4.352697073
1314,26323190,1,17.0619142,-4.89786359,590.5350738,0,590.5409674,611.5563522,6.89505585,1,0.008711524678,0.008711524678,-1.190990753,-1.190990753,1,-0.02683243115,-0.02469336388,4.356764357,4.354161295
1315,26343541,1,17.0619142,-4.89786359,590.5350738,0,590.5409674,611.5548012,7.101162997,1,0.008711524678,0.008711524678,-1.190990753,-1.190990753,1,-0.02854961148,-0.02617484618,4.356764357,4.355098398
1316,26363385,1,17.0619142,-4.89786359,590.5352289,0,590.5409674,611.5537156,7.239173069,1,0.008711524678,0.008711524678,-1.190990753,-1.190990753,1,-0.03019376713,-0.02779206439,4.356764357,4.355698143
1317,26386749,1,17.0619142,-4.89786359,590.5352289,0,590.5409674,611.5526299,7.355846058,1,0.008711524678,0.008711524678,-1.190990753,-1.190990753,1,-0.0323229931,-0.02953780743,4.356764357,4.35608198
1318,26404034,1,17.0619142,-4.89786359,590.5352289,0,590.5409674,611.5516994,7.420311289,1,0.008711524678,0.008711524678,-1.190990753,-1.190990753,1,-0.0338198104,-0.03122640032,4.356764357,4.356327636
1319,26423143,1,17.0619142,-4.89786359,590.5352289,0,590.5409674,611.5512341,7.458445651,1,0.008711524678,0.008711524678,-1.190990753,-1.190990753,1,-0.03510355074,-0.03278599825,4.357105579,4.3565531
1320,26443213,1,17.0619142,-4.89786359,590.5352289,0,590.5409674,611.5503036,7.490224287,1,0.008711524678,0.008711524678,-1.190990753,-1.190990753,1,-0.03664262372,-0.03435407467,4.35886408,4.357261787
1321,26463836,1,17.0619142,-4.89786359,590.5352289,0,590.5409674,611.5499934,7.521094961,1,0.008711524678,0.008711524678,-1.190990753,-1.190990753,1,-0.0381881088,-0.03588860963,4.359190372,4.357942941
1322,26485804,1,17.0619142,-4.89786359,590.5352289,0,590.5409674,611.5492179,7.558321362,1,0.008711524678,0.008711524678,-1.190990753,-1.190990753,1,-0.03958230856,-0.03736301661,4.35919038,4.358392019
1323,26503816,1,17.0619142,-4.89786359,590.5352289,0,590.5409674,611.5489077,7.585106211,1,0.008711524678,0.008711524678,-1.190990753,-1.190990753,1,-0.04079592527,-0.03876356332,4.35919038,4.358679429
1324,26523538,1,17.0619142,-4.89786359,590.5352289,0,590.5409674,611.5484424,7.616884846,1,0.008711524678,0.008711524678,-1.190990753,-1.190990753,1,-0.0420028334,-0.04009029629,4.35919038,4.358863372
1325,26543227,1,17.0619142,-4.89786359,590.5352289,0,590.5409674,611.5481323,7.649117462,1,0.008711524678,0.008711524678,-1.190990753,-1.190990753,1,-0.0429893776,-0.04129043493,4.35919038,4.358981095
1326,26563846,1,17.0619142,-4.89786359,590.5352289,0,590.5409674,611.5478221,7.677264253,1,0.008711524678,0.008711524678,-1.190990753,-1.190990753,1,-0.04387905431,-0.042360727,4.359004677,4.359019297
1327,26586895,1,17.0619142,-4.89786359,590.5352289,0,590.5409674,611.547667,7.69269959,1,0.008711524678,0.008711524678,-1.190990753,-1.190990753,1,-0.04467489733,-0.04329235476,4.35813636,4.35876393
1328,26603504,1,17.0619142,-4.89786359,590.5352289,0,590.5409674,611.5473568,7.697239395,1,0.008711524678,0.008711524678,-1.190990753,-1.190990753,1,-0.04493220844,-0.04370231818,4.357583883,4.358527921
1329,26624935,1,17.0619142,-4.89786359,590.5352289,0,590.5409674,611.5472017,7.697693376,1,0.008711524678,0.008711524678,-1.190990753,-1.190990753,1,-0.04537341778,-0.04439238429,4.355290091,4.357634027
1330,26644054,1,17.0619142,-4.89786359,590.5352289,0,590.5409674,611.5470466,7.695423473,1,0.008711524678,0.008711524678,-1.190990753,-1.190990753,1,-0.04558217677,-0.04506482162,4.348678323,4.354053214
1331,26663561,1,17.0619142,-4.89786359,590.5352289,0,590.5409674,611.5470466,7.672270467,1,0.008711524678,0.008711524678,-1.190990753,-1.190990753,1,-0.04558223305,-0.04529118912,4.344976239,4.351027372
1332,26686381,1,17.0619142,-4.89786359,590.5352289,0,590.5409674,611.5467364,7.587830094,1,0.008711524678,0.008711524678,-1.190990753,-1.190990753,1,-0.04556989497,-0.04541543632,4.339799955,4.347459204
1333,26703745,1,17.0619142,-4.89786359,590.5352289,0,590.5409674,611.5467364,7.482960599,1,0.008711524678,0.008711524678,-1.190990753,-1.190990753,1,-0.04550162928,-0.04546285594,4.335800866,4.343681648
1334,26723619,1,17.0619142,-4.89786359,590.5352289,0,590.5409674,611.5465813,7.326791306,1,0.008711524678,0.008711524678,-1.190990753,-1.190990753,1,-0.04523191221,-0.04539182903,4.329321597,4.339040928
1335,26743135,1,17.0619142,-4.89786359,590.5352289,0,590.5409674,611.5464262,7.147469008,1,0.008711524678,0.008711524678,-1.190990753,-1.190990753,1,-0.04471439865,-0.04515527872,4.323135362,4.333839876
1336,26764022,1,17.0619142,-4.89786359,590.5352289,0,590.5409674,611.5149424,6.920024777,1,0.008711524678,0.008711524678,-1.190990753,-1.190990753,1,-0.04398004305,-0.04472198897,4.317062378,4.328349308
1337,26787279,1,17.0619142,-4.89786359,590.5352289,0,590.5409674,611.3641922,6.625391432,1,0.008711524678,0.008711524678,-1.190990753,-1.190990753,1,-0.04292731785,-0.04406043047,4.311165039,4.322740238
1338,26803204,1,17.0619142,-4.89786359,590.5352289,0,590.5409674,611.2103401,6.430179817,1,0.008711524678,0.008711524678,-1.190990753,-1.190990753,1,-0.04236558962,-0.04339147634,4.308794862,4.317961002
1339,26824191,1,17.0619142,-4.89786359,590.5352289,0,590.5409674,610.8136127,6.132822588,1,0.008711524678,0.008711524678,-1.190990753,-1.190990753,1,-0.04143336833,-0.04261619072,4.307310819,4.314149543
1340,26843399,1,17.0619142,-4.89786359,590.5352289,0,590.5409674,610.3798182,5.844998951,1,0.008711524678,0.008711524678,-1.190990753,-1.190990753,1,-0.04061401609,-0.04182802215,4.307124191,4.311620473
1341,26863741,1,17.0619142,-4.89786359,590.5352289,0,590.5409674,609.8342017,5.561261138,1,0.008711524678,0.008711524678,-1.190990753,-1.190990753,1,-0.03983843038,-0.04103557861,4.308030048,4.310202479
1342,26886796,1,17.0619142,-4.89786359,590.5352289,0,590.5409674,609.1893258,5.314749726,1,0.008711524678,0.008711524678,-1.190990753,-1.190990753,1,-0.03908863349,-0.04026015283,4.308616405,4.309591238
1343,26903208,1,17.0619142,-4.89786359,590.5352289,0,590.5409674,608.7372303,5.188997127,1,0.008711524678,0.008711524678,-1.190990753,-1.190990753,1,-0.0385508031,-0.0395753321,4.308803745,4.309307363
1344,26924291,1,17.0619142,-4.89786359,590.5352289,0,590.5409674,608.0894077,5.071416177,1,0.008711524678,0.008711524678,-1.190990753,-1.190990753,1,-0.03788050285,-0.0388980986,4.309468144,4.309318174
1345,26943178,1,17.0619142,-4.89786359,590.5352289,0,590.5409674,607.5940413,5.013760653,1,0.008711524678,0.008711524678,-1.190990753,-1.190990753,1,-0.03741799089,-0.03829478626,4.310585411,4.309701952
1346,26964087,1,17.0619142,-4.89786359,590.5352289,0,590.5409674,607.0405151,4.981982018,1,0.008711524678,0.008711524678,-1.190990753,-1.190990753,1,-0.03688388151,-0.03772945239,4.311043151,4.310184133
1347,26986663,1,17.0619142,-4.89786359,590.5352289,0,590.5409674,606.4781486,4.97471833,1,0.008711524678,0.008711524678,-1.190990753,-1.190990753,1,-0.03622762142,-0.03715083961,4.311043152,4.310493379
1348,27003483,1,17.0619142,-4.89786359,590.5352289,0,590.5409674,606.1304305,4.975626291,1,0.008711524678,0.008711524678,-1.190990753,-1.190990753,1,-0.03573611078,-0.03658127737,4.311043152,4.310691297
1349,27023619,1,17.0619142,-4.89786359,590.5352289,0,590.5409674,605.6702702,4.977442213,1,0.008711524678,0.008711524678,-1.190990753,-1.190990753,1,-0.03514370535,-0.03600237475,4.311043152,4.310817965
1350,27043721,1,17.0619142,-4.89786359,590.5352289,0,590.5409674,605.2409733,4.979712116,1,0.008711524678,0.008711524678,-1.190990753,-1.190990753,1,-0.03462177013,-0.03545312687,4.311043152,4.310899032
1351,27063693,1,17.0619142,-4.89786359,590.5352289,0,590.5409674,604.8025259,4.982889979,1,0.008711524678,0.008711524678,-1.190990753,-1.190990753,1,-0.03410151021,-0.03490544376,4.311043152,4.310950915
1352,27087605,1,17.0619142,-4.89786359,590.5352289,0,590.5409674,604.2924257,4.986067843,1,0.008711524678,0.008711524678,-1.190990753,-1.190990753,1,-0.03327702677,-0.03428285924,4.311043152,4.31098412
1353,27103690,1,17.0619142,-4.89786359,590.5352289,0,590.5409674,603.9854971,4.987883765,1,0.008711524678,0.008711524678,-1.190990753,-1.190990753,1,-0.03287316855,-0.0337051471,4.311043152,4.311005372
1354,27123481,1,17.0619142,-4.89786359,590.5352289,0,590.5409674,603.5737257,4.989245706,1,0.008711524678,0.008711524678,-1.190990753,-1.190990753,1,-0.03245386228,-0.03339232589,4.311043152,4.311012928
1355,27143767,1,17.0619142,-4.89786359,590.5352289,0,590.5409674,603.0992968,4.990607648,1,0.008711524678,0.008711524678,-1.190990753,-1.190990753,1,-0.0315820886,-0.03249988453,4.311043152,4.311027677
1356,27163904,1,17.0619142,-4.89786359,590.5352289,0,590.5409674,602.6403772,4.991515609,1,0.008711524678,0.008711524678,-1.190990753,-1.190990753,1,-0.03097753351,-0.03188836597,4.311043152,4.311033248
1357,27186631,1,17.0619142,-4.89786359,590.5352289,0,590.5409674,602.1205061,4.99242357,1,0.008711524678,0.008711524678,-1.190990753,-1.190990753,1,-0.03021697793,-0.03123573286,4.311043152,4.311036813
1358,27203656,1,17.0619142,-4.89786359,590.5352289,0,590.5409674,601.7411491,4.99287755,1,0.008711524678,0.008711524678,-1.190990753,-1.190990753,1,-0.02992147934,-0.03090716948,4.311349262,4.311099303
1359,27223716,1,17.0619142,-4.89786359,590.5352289,0,590.5409674,601.2752503,4.993785511,1,0.008711524678,0.008711524678,-1.190990753,-1.190990753,1,-0.0290131506,-0.02996141607,4.314289435,4.312140692
1360,27243730,1,17.0619142,-4.89786359,590.5352289,0,590.5409674,600.7797288,4.996963375,1,0.008711524678,0.008711524678,-1.190990753,-1.190990753,1,-0.0284034381,-0.02933248439,4.316002471,4.313407529
1361,27264770,1,17.0619142,-4.89786359,590.5352289,0,590.5409674,600.2787791,5.014668614,1,0.008711524678,0.008711524678,-1.190990753,-1.190990753,1,-0.0277984642,-0.02870700602,4.316947751,4.31462478
1362,27287413,1,17.0619142,-4.89786359,590.5352289,0,590.5409674,599.7356441,5.054618899,1,0.008711524678,0.008711524678,-1.190990753,-1.190990753,1,-0.02721665719,-0.02812615668,4.318614919,4.315859675
1363,27304098,1,17.0619142,-4.89786359,590.5352289,0,590.5409674,599.354426,5.099108988,1,0.008711524678,0.008711524678,-1.190990753,-1.190990753,1,-0.0268064909,-0.02759368776,4.319439998,4.317114106
1364,27323772,1,17.0619142,-4.89786359,590.5352289,0,590.5409674,598.9204763,5.158126453,1,0.008711524678,0.008711524678,-1.190990753,-1.190990753,1,-0.02634592942,-0.02709150682,4.319814156,4.318084871
1365,27343715,1,17.0619142,-4.89786359,590.5352289,0,590.5409674,598.495367,5.225769547,1,0.008711524678,0.008711524678,-1.190990753,-1.190990753,1,-0.02584183288,-0.0265910183,4.320527233,4.318878658
1366,27363211,1,17.0619142,-4.89786359,590.5352289,0,590.5409674,598.1108919,5.292958662,1,0.008711524678,0.008711524678,-1.190990753,-1.190990753,1,-0.02533542036,-0.02607929215,4.322355829,4.319993245
1367,27386762,1,17.0619142,-4.89786359,590.5352289,0,590.5409674,597.6355325,5.356515932,1,0.008711524678,0.008711524678,-1.190990753,-1.190990753,1,-0.02477279748,-0.02556537012,4.324470388,4.321417617
1368,27403294,1,17.0619142,-4.89786359,590.5352289,0,590.5409674,597.3438029,5.406907767,1,0.008711524678,0.008711524678,-1.190990753,-1.190990753,1,-0.02439692568,-0.02509760196,4.324843074,4.322622362
1369,27423656,1,17.0619142,-4.89786359,590.5352289,0,590.5409674,596.9390107,5.472280959,1,0.008711524678,0.008711524678,-1.190990753,-1.190990753,1,-0.02411205693,-0.02467082247,4.324852822,4.323425328
1370,27443608,1,17.0619142,-4.89786359,590.5352289,0,590.5409674,596.568494,5.547641723,1,0.008711524678,0.008711524678,-1.190990753,-1.190990753,1,-0.02411205693,-0.02442636255,4.324852822,4.323939225
1371,27463935,1,17.0619142,-4.89786359,590.5352289,0,590.5409674,596.2351996,5.602573363,1,0.008711524678,0.008711524678,-1.190990753,-1.190990753,1,-0.02411205693,-0.02428885384,4.324852822,4.32426812
1372,27485795,1,17.0619142,-4.89786359,590.5352289,0,590.5409674,595.9656483,5.650241316,1,0.008711524678,0.008711524678,-1.190990753,-1.190990753,1,-0.0226707259,-0.02385117243,4.325034647,4.324514978
1373,27503559,1,17.0619142,-4.89786359,590.5352289,0,590.5409674,595.8148981,5.685197814,1,0.008711524678,0.008711524678,-1.190990753,-1.190990753,1,-0.02226581934,-0.02319645966,4.325280778,4.32475205
1374,27523887,1,17.0619142,-4.89786359,590.5352289,0,590.5409674,595.5444162,5.707896839,1,0.008711524678,0.008711524678,-1.190990753,-1.190990753,1,-0.02201156888,-0.02290023697,4.325928224,4.324987285
1375,27543903,1,17.0619142,-4.89786359,590.5352289,0,590.5409674,595.1659898,5.721516255,1,0.008711524678,0.008711524678,-1.190990753,-1.190990753,1,-0.02146815024,-0.02216322719,4.326905557,4.325831651
1376,27563653,1,17.0619142,-4.89786359,590.5352289,0,590.5409674,594.7570101,5.740583436,1,0.008711524678,0.008711524678,-1.190990753,-1.190990753,1,-0.02115391963,-0.02175288433,4.327092227,4.326284853
1377,27584585,1,17.0619142,-4.89786359,590.5352289,0,590.5409674,594.3602827,5.774631973,1,0.008711524678,0.008711524678,-1.190990753,-1.190990753,1,-0.02079205297,-0.02136378142,4.327278845,4.326642505
1378,27603947,1,17.0619142,-4.89786359,590.5352289,0,590.5409674,594.0387753,5.805048667,1,0.008711524678,0.008711524678,-1.190990753,-1.190990753,1,-0.02052722623,-0.02102653127,4.327278845,4.326871588
1379,27623248,1,17.0619142,-4.89786359,590.5352289,0,590.5409674,593.7369647,5.831379536,1,0.008711524678,0.008711524678,-1.190990753,-1.190990753,1,-0.02027789606,-0.02071990052,4.327636376,4.327089706
1380,27643698,1,17.0619142,-4.89786359,590.5352289,0,590.5409674,593.4419782,5.847268853,1,0.008711524678,0.008711524678,-1.190990753,-1.190990753,1,-0.0200387154,-0.02044586551,4.327652079,4.32729216
1381,27663702,1,17.0619142,-4.89786359,590.5352289,0,590.5409674,593.1928992,5.859526327,1,0.008711524678,0.008711524678,-1.190990753,-1.190990753,1,-0.01977122681,-0.02017311509,4.327652079,4.327421731
1382,27685505,1,17.0619142,-4.89786359,590.5352289,0,590.5409674,592.9430447,5.873145742,1,0.008711524678,0.008711524678,-1.190990753,-1.190990753,1,-0.01933021171,-0.01985420586,4.327652079,4.327504656
1383,27703905,1,17.0619142,-4.89786359,590.5352289,0,590.5409674,592.7569333,5.882679332,1,0.008711524678,0.008711524678,-1.190990753,-1.190990753,1,-0.01914819348,-0.01967770277,4.327652079,4.327534141
1384,27724215,1,17.0619142,-4.89786359,590.5352289,0,590.5409674,592.5210372,5.892212923,1,0.008711524678,0.008711524678,-1.190990753,-1.190990753,1,-0.01863314454,-0.01915278494,4.328533315,4.327854413
1385,27743706,1,17.0619142,-4.89786359,590.5352289,0,590.5409674,592.2828146,5.901746513,1,0.008711524678,0.008711524678,-1.190990753,-1.190990753,1,-0.01842887052,-0.01885188135,4.329651139,4.328405506
1386,27764006,1,17.0619142,-4.89786359,590.5352289,0,590.5409674,592.0267564,5.916273889,1,0.008711524678,0.008711524678,-1.190990753,-1.190990753,1,-0.0182899341,-0.01862048431,4.329891485,4.328939485
1387,27787015,1,17.0619142,-4.89786359,590.5352289,0,590.5409674,591.7658903,5.939880876,1,0.008711524678,0.008711524678,-1.190990753,-1.190990753,1,-0.01818391347,-0.01844001137,4.329946344,4.329293177
1388,27803590,1,17.0619142,-4.89786359,590.5352289,0,590.5409674,591.6508115,5.958040096,1,0.008711524678,0.008711524678,-1.190990753,-1.190990753,1,-0.01810053108,-0.01830100051,4.330078102,4.329575722
1389,27823835,1,17.0619142,-4.89786359,590.5352289,0,590.5409674,591.5862928,5.981193101,1,0.008711524678,0.008711524678,-1.190990753,-1.190990753,1,-0.01801953036,-0.01823063298,4.330078103,4.329676198
1390,27843771,1,17.0619142,-4.89786359,590.5352289,0,590.5409674,591.7131588,6.003892126,1,0.008711524678,0.008711524678,-1.190990753,-1.190990753,1,-0.01770587268,-0.01798961271,4.330078103,4.329872328
1391,27863181,1,17.0619142,-4.89786359,590.5352289,0,590.5409674,591.711918,6.022959307,1,0.008711524678,0.008711524678,-1.190990753,-1.190990753,1,-0.01739698202,-0.01775522435,4.330078103,4.329946407
1392,27885781,1,17.0619142,-4.89786359,590.5352289,0,590.5409674,591.7116078,6.037032703,1,0.008711524678,0.008711524678,-1.190990753,-1.190990753,1,-0.01681022608,-0.01751897478,4.330078103,4.329972746
1393,27903555,1,17.0619142,-4.89786359,590.5352289,0,590.5409674,591.7116078,6.045658332,1,0.008711524678,0.008711524678,-1.190990753,-1.190990753,1,-0.01651187515,-0.01726719987,4.331838876,4.330345972
1394,27923283,1,17.0619142,-4.89786359,590.5352289,0,590.5409674,591.8090061,6.055191923,1,0.008711524678,0.008711524678,-1.190990753,-1.190990753,1,-0.01621212206,-0.01684047384,4.334942344,4.331678359
1395,27943842,1,17.0619142,-4.89786359,590.5352289,0,590.5409674,592.5550025,6.07062726,1,0.008711524678,0.008711524678,-1.190990753,-1.190990753,1,-0.01577769369,-0.01641744961,4.338360132,4.333853884
1396,27963943,1,17.0619142,-4.89786359,590.5352289,0,590.5409674,594.447755,6.099228031,1,0.008711524678,0.008711524678,-1.190990753,-1.190990753,1,-0.01533211338,-0.01598242201,4.340349407,4.336058196
1397,27987355,1,17.0619142,-4.89786359,590.5352289,0,590.5409674,597.671514,6.181398502,1,0.008711524678,0.008711524678,-1.190990753,-1.190990753,1,-0.01470383884,-0.01548567946,4.343223118,4.338430681
1398,28003173,1,17.0619142,-4.89786359,590.5352289,0,590.5409674,600.0082973,6.259483148,1,0.008711524678,0.008711524678,-1.190990753,-1.190990753,1,-0.014494544,-0.01523789559,4.344045745,4.339553694
1399,28024895,1,17.0619142,-4.89786359,590.5350738,0,590.5409674,603.2205794,6.37842604,1,0.008711524678,0.008711524678,-1.190990753,-1.190990753,1,-0.0141519564,-0.01465764315,4.346278664,4.342471372
1400,28043568,1,17.0619142,-4.89786359,590.5350738,0,590.5409674,605.9905368,6.486473399,1,0.008711524678,0.008711524678,-1.190990753,-1.190990753,1,-0.01414375203,-0.01443281782,4.347463987,4.344144251
1401,28063672,1,17.0619142,-4.89786359,590.5352289,0,590.5409674,608.7494826,6.607232212,1,0.008711524678,0.008711524678,-1.190990753,-1.190990753,1,-0.0142489872,-0.01433460142,4.350126127,4.346058452
1402,28086513,1,17.0619142,-4.89786359,590.5352289,0,590.5409674,611.9985217,6.746604226,1,0.008711524678,0.008711524678,-1.190990753,-1.190990753,1,-0.01460325652,-0.01440952577,4.351856768,4.348000631
1403,28103662,1,17.0619142,-4.89786359,590.5350738,0,590.5409674,612.0853737,6.838308287,1,0.008711524678,0.008711524678,-1.190990753,-1.190990753,1,-0.01503581108,-0.01464379412,4.351912311,4.349408833
1404,28123617,1,17.0619142,-4.89786359,590.5352289,0,590.5409674,611.0588145,6.94998749,1,0.008711524678,0.008711524678,-1.190990753,-1.190990753,1,-0.01564188771,-0.01503530962,4.351912311,4.350310085
1405,28143531,1,17.0619142,-4.89786359,590.5356942,0,590.5409674,611.7813918,7.048047279,1,0.008711524678,0.008711524678,-1.190990753,-1.190990753,1,-0.01645341477,-0.01556101946,4.351912311,4.350886886
1406,28163891,1,17.0619142,-4.89786359,590.5355391,0,590.5409674,611.0425297,7.133395613,0,NaN,NaN,NaN,NaN,0,NaN,NaN,NaN,NaN
1407,28186544,1,17.0619142,-4.89786359,590.5350738,0,590.5409674,608.0836693,7.189689195,0,NaN,NaN,NaN,NaN,0,NaN,NaN,NaN,NaN
1408,28203090,1,17.0619142,-4.89786359,590.5350738,0,590.5409674,605.7470411,7.213750161,1,0.008711524678,0.008711524678,-1.190990753,-1.190990753,1,-0.01906252852,-0.01811391433,4.351725868,4.351875022
1409,28223749,1,17.0619142,-4.89786359,590.5356942,0,590.5409674,602.6289003,7.236903167,1,0.008711524678,0.008711524678,-1.190990753,-1.190990753,1,-0.02006759532,-0.01885694696,4.351539144,4.351783954
1410,28243147,1,17.0619142,-4.89786359,590.535384,0,590.5409674,599.8076072,7.253700446,1,0.008711524678,0.008711524678,-1.190990753,-1.190990753,1,-0.02106152293,-0.01971363164,4.351353029,4.351658589
1411,28264022,1,17.0619142,-4.89786359,590.5352289,0,590.5409674,596.6962905,7.262780056,1,0.008711524678,0.008711524678,-1.190990753,-1.190990753,1,-0.02215472265,-0.02069295142,4.351352459,4.351548382
1412,28287330,1,17.0619142,-4.89786359,590.5350738,0,590.5409674,593.1192301,7.264595978,1,0.008711524678,0.008711524678,-1.190990753,-1.190990753,1,-0.02308256196,-0.02165361772,4.352124582,4.351632275
1413,28304059,1,17.0619142,-4.89786359,590.5350738,0,590.5409674,590.876278,7.264595978,1,0.008711524678,0.008711524678,-1.190990753,-1.190990753,1,-0.02353030767,-0.022423275,4.356143281,4.352769829
1414,28324333,1,17.0619142,-4.89786359,590.5355391,0,590.5409674,591.0648708,7.265049958,1,0.008711524678,0.008711524678,-1.190990753,-1.190990753,1,-0.02392534001,-0.02304625409,4.363427714,4.356063753
1415,28343673,1,17.0619142,-4.89786359,590.5350738,0,590.5409674,592.4000648,7.280939276,1,0.008711524678,0.008711524678,-1.190990753,-1.190990753,1,-0.02413415531,-0.0235023613,4.367633955,4.359901024
1416,28363952,1,17.0619142,-4.89786359,590.5349187,0,590.5409674,591.2621489,7.363563727,1,0.008711524678,0.008711524678,-1.190990753,-1.190990753,1,-0.02428299989,-0.02382979339,4.368147784,4.362840011
1417,28386394,1,17.0619142,-4.89786359,590.5349187,0,590.5409674,591.9502957,7.539254181,1,0.008711524678,0.008711524678,-1.190990753,-1.190990753,1,-0.02447390409,-0.02408966586,4.368148004,4.364750889
1418,28403906,1,17.0619142,-4.89786359,590.535384,0,590.5409674,591.7216889,7.682258038,1,0.008711524678,0.008711524678,-1.190990753,-1.190990753,1,-0.02469228841,-0.02432776673,4.368148004,4.36597385
1419,28423810,1,17.0619142,-4.89786359,590.5355391,0,590.5409674,591.8685617,7.831163643,1,0.008711524678,0.008711524678,-1.190990753,-1.190990753,1,-0.02476241228,-0.02443642812,4.368326928,4.366444466
1420,28443991,1,17.0619142,-4.89786359,590.5352289,0,590.5409674,592.7729079,7.950560515,1,0.008711524678,0.008711524678,-1.190990753,-1.190990753,1,-0.0249111276,-0.02468429323,4.371915818,4.368583325
1421,28464344,1,17.0619142,-4.89786359,590.535384,0,590.5409674,594.4103777,8.045442439,1,0.008711524678,0.008711524678,-1.190990753,-1.190990753,1,-0.02499951811,-0.02481748881,4.37371872,4.370356808
1422,28484910,1,17.0619142,-4.89786359,590.535384,0,590.5409674,596.0104701,8.130336793,1,0.008711524678,0.008711524678,-1.190990753,-1.190990753,1,-0.02499951811,-0.02489712663,4.37371872,4.371567097
1423,28503128,1,17.0619142,-4.89786359,590.535384,0,590.5409674,597.4498864,8.219770952,1,0.008711524678,0.008711524678,-1.190990753,-1.190990753,1,-0.02560877777,-0.02517201471,4.376732355,4.373411039
1424,28523852,1,17.0619142,-4.89786359,590.535384,0,590.5409674,599.1278354,8.309659091,1,0.008711524678,0.008711524678,-1.190990753,-1.190990753,1,-0.02617573066,-0.0255501945,4.37655347,4.374570942
1425,28544551,1,17.0619142,-4.89786359,590.5352289,0,590.5409674,600.8093516,8.406356938,1,0.008711524678,0.008711524678,-1.190990753,-1.190990753,1,-0.02677262973,-0.02601894622,4.373391655,4.374503784
1426,28563718,1,17.0619142,-4.89786359,590.5352289,0,590.5409674,602.3263143,8.489435369,1,0.008711524678,0.008711524678,-1.190990753,-1.190990753,1,-0.02715459687,-0.02647712315,4.367799004,4.37261745
1427,28585897,1,17.0619142,-4.89786359,590.5352289,0,590.5409674,604.087393,8.534379439,1,0.008711524678,0.008711524678,-1.190990753,-1.190990753,1,-0.02753506011,-0.02690394967,4.358441364,4.3683487
1428,28603794,1,17.0619142,-4.89786359,590.5352289,0,590.5409674,605.5255686,8.527569731,1,0.008711524678,0.008711524678,-1.190990753,-1.190990753,1,-0.02780661984,-0.02727235922,4.349571436,4.362384833
1429,28623765,1,17.0619142,-4.89786359,590.5350738,0,590.5409674,607.1259712,8.439497514,1,0.008711524678,0.008711524678,-1.190990753,-1.190990753,1,-0.02803501626,-0.02758356259,4.344344688,4.356306871
1430,28643116,1,17.0619142,-4.89786359,590.5350738,0,590.5409674,608.6438644,8.253365509,1,0.008711524678,0.008711524678,-1.190990753,-1.190990753,1,-0.02824245688,-0.02785581967,4.341344474,4.351109425
1431,28663602,1,17.0619142,-4.89786359,590.5352289,0,590.5409674,609.975026,7.962817988,1,0.008711524678,0.008711524678,-1.190990753,-1.190990753,1,-0.02848003832,-0.02810970072,4.340155451,4.347171297
1432,28686604,1,17.0619142,-4.89786359,590.5352289,0,590.5409674,610.6499898,7.632320183,1,0.008711524678,0.008711524678,-1.190990753,-1.190990753,1,-0.02887826136,-0.02840182548,4.34015543,4.344645584
1433,28703914,1,17.0619142,-4.89786359,590.5352289,0,590.5409674,610.8599855,7.415317504,1,0.008711524678,0.008711524678,-1.190990753,-1.190990753,1,-0.02916807366,-0.02870057842,4.34015543,4.343029129
1434,28723812,1,17.0619142,-4.89786359,590.5352289,0,590.5409674,610.9666893,7.209664337,1,0.008711524678,0.008711524678,-1.190990753,-1.190990753,1,-0.02968054286,-0.02908017494,4.34015543,4.341994597
1435,28744135,1,17.0619142,-4.89786359,590.5352289,0,590.5409674,611.0110459,7.043961454,1,0.008711524678,0.008711524678,-1.190990753,-1.190990753,1,-0.03020173391,-0.02951382076,4.34015543,4.341332497
1436,28764185,1,17.0619142,-4.89786359,590.5352289,0,590.5409674,611.0277959,6.934098173,1,0.008711524678,0.008711524678,-1.190990753,-1.190990753,1,-0.03083702463,-0.03002748788,4.34015543,4.340908753
1437,28786926,1,17.0619142,-4.89786359,590.5352289,0,590.5409674,611.0350853,6.844210034,1,0.008711524678,0.008711524678,-1.190990753,-1.190990753,1,-0.03158402182,-0.03062996182,4.340342047,4.340704553
1438,28804104,1,17.0619142,-4.89786359,590.5352289,0,590.5409674,611.0377218,6.801535866,1,0.008711524678,0.008711524678,-1.190990753,-1.190990753,1,-0.03221299025,-0.03123554438,4.340710463,4.340647734
1439,28823200,1,17.0619142,-4.89786359,590.5352289,0,590.5409674,611.0392728,6.764763446,1,0.008711524678,0.008711524678,-1.190990753,-1.190990753,1,-0.03280136796,-0.03185728169,4.340901896,4.340737672
1440,28843102,1,17.0619142,-4.89786359,590.5352289,0,590.5409674,611.0402033,6.742518401,1,0.008711524678,0.008711524678,-1.190990753,-1.190990753,1,-0.03333757111,-0.03247201007,4.341461274,4.340980632
1441,28863772,1,17.0619142,-4.89786359,590.5352289,0,590.5409674,611.0409788,6.734800733,1,0.008711524678,0.008711524678,-1.190990753,-1.190990753,1,-0.03376171634,-0.03300543068,4.342208182,4.341378321
1442,28886541,1,17.0619142,-4.89786359,590.5352289,0,590.5409674,611.0411339,6.733892772,1,0.008711524678,0.008711524678,-1.190990753,-1.190990753,1,-0.03386230651,-0.03337423392,4.342208218,4.341677084
1443,28904309,1,17.0619142,-4.89786359,590.5352289,0,590.5409674,611.041289,6.734800733,1,0.008711524678,0.008711524678,-1.190990753,-1.190990753,1,-0.03386230951,-0.03358776699,4.341319659,4.341661595
1444,28923874,1,17.0619142,-4.89786359,590.5350738,0,590.5409674,611.0414441,6.735708694,1,0.008711524678,0.008711524678,-1.190990753,-1.190990753,1,-0.03377888706,-0.03368243593,4.340901899,4.341391337
1445,28943164,1,17.0619142,-4.89786359,590.5350738,0,590.5409674,611.0415992,6.736616655,1,0.008711524678,0.008711524678,-1.190990753,-1.190990753,1,-0.0336168947,-0.03366932134,4.340901898,4.341215139
1446,28965091,1,17.0619142,-4.89786359,590.5352289,0,590.5409674,611.0417543,6.736162674,1,0.008711524678,0.008711524678,-1.190990753,-1.190990753,1,-0.03335313067,-0.03355266938,4.340766397,4.341075272
1447,28986450,1,17.0619142,-4.89786359,590.5352289,0,590.5409674,611.0355505,6.734800733,1,0.008711524678,0.008711524678,-1.190990753,-1.190990753,1,-0.03312503016,-0.03339372108,4.340715281,4.340945697
1448,29003870,1,17.0619142,-4.89786359,590.5352289,0,590.5409674,610.9967773,6.733438791,1,0.008711524678,0.008711524678,-1.190990753,-1.190990753,1,-0.03293982051,-0.03321559753,4.340715281,4.340862747
1449,29023197,1,17.0619142,-4.89786359,590.5352289,0,590.5409674,610.9167495,6.730260928,1,0.008711524678,0.008711524678,-1.190990753,-1.190990753,1,-0.03275913508,-0.0330324033,4.340715281,4.340809659
1450,29043820,1,17.0619142,-4.89786359,590.5352289,0,590.5409674,610.7936058,6.724359181,1,0.008711524678,0.008711524678,-1.190990753,-1.190990753,1,-0.03257066594,-0.03284439729,4.340715281,4.340775683
1451,29064030,1,17.0619142,-4.89786359,590.5352289,0,590.5409674,610.6654991,6.718457435,1,0.008711524678,0.008711524678,-1.190990753,-1.190990753,1,-0.03246581155,-0.03268658628,4.340715281,4.340753938
1452,29085643,1,17.0619142,-4.89786359,590.5352289,0,590.5409674,610.5231239,6.711193747,1,0.008711524678,0.008711524678,-1.190990753,-1.190990753,1,-0.03245078591,-0.0325835106,4.340715281,4.340740022
1453,29103790,1,17.0619142,-4.89786359,590.5352289,0,590.5409674,610.4125428,6.703930059,1,0.008711524678,0.008711524678,-1.190990753,-1.190990753,1,-0.03245078587,-0.03252544353,4.340715281,4.340731115
1454,29123924,1,17.0619142,-4.89786359,590.5352289,0,590.5409674,610.3115773,6.698028312,1,0.008711524678,0.008711524678,-1.190990753,-1.190990753,1,-0.03245078587,-0.0324927808,4.340715281,4.340725415
1455,29143654,1,17.0619142,-4.89786359,590.5352289,0,590.5409674,610.2520217,6.694396468,1,0.008711524678,0.008711524678,-1.190990753,-1.190990753,1,-0.03245078587,-0.03247440802,4.340715281,4.340721767
1456,29164270,1,17.0619142,-4.89786359,590.5352289,0,590.5409674,610.2237948,6.692580546,1,0.008711524678,0.008711524678,-1.190990753,-1.190990753,1,-0.03245078587,-0.03246407333,4.340715281,4.340719432
1457,29185108,1,17.0619142,-4.89786359,590.5352289,0,590.5409674,610.2120078,6.690310644,1,0.008711524678,0.008711524678,-1.190990753,-1.190990753,1,-0.03245078587,-0.03245826007,4.340715281,4.340717938
1458,29203129,1,17.0619142,-4.89786359,590.5352289,0,590.5409674,610.2081304,6.688948702,1,0.008711524678,0.008711524678,-1.190990753,-1.190990753,1,-0.03245078587,-0.03245499011,4.340715281,4.340716981
1459,29223191,1,17.0619142,-4.89786359,590.5352289,0,590.5409674,610.2061142,6.687586761,1,0.008711524678,0.008711524678,-1.190990753,-1.190990753,1,-0.03245078587,-0.03245315075,4.340715281,4.340716369
1460,29243628,1,17.0619142,-4.89786359,590.5352289,0,590.5409674,610.2050286,6.685770839,1,0.008711524678,0.008711524678,-1.190990753,-1.190990753,1,-0.03245078587,-0.03245211612,4.340715281,4.340715977
1461,29263468,1,17.0619142,-4.89786359,590.5352289,0,590.5409674,610.2044082,6.684408897,1,0.008711524678,0.008711524678,-1.190990753,-1.190990753,1,-0.03245078587,-0.03245153413,4.340715281,4.340715727
1462,29287051,1,17.0619142,-4.89786359,590.5352289,0,590.5409674,610.2042531,6.682138995,1,0.008711524678,0.008711524678,-1.190990753,-1.190990753,1,-0.03245078587,-0.03245120677,4.340715281,4.340715566
1463,29303539,1,17.0619142,-4.89786359,590.5352289,0,590.5409674,610.204098,6.681231034,1,0.008711524678,0.008711524678,-1.190990753,-1.190990753,1,-0.03245078587,-0.03245102263,4.340715281,4.340715464
1464,29323627,1,17.0619142,-4.89786359,590.5352289,0,590.5409674,610.204098,6.679869092,1,0.008711524678,0.008711524678,-1.190990753,-1.190990753,1,-0.03245078587,-0.03245091905,4.340715281,4.340715398
1465,29344009,1,17.0619142,-4.89786359,590.5352289,0,590.5409674,610.2039429,6.678507151,1,0.008711524678,0.008711524678,-1.190990753,-1.190990753,1,-0.03245078587,-0.03245086078,4.340715281,4.340715356
1466,29363961,1,17.0619142,-4.89786359,590.5352289,0,590.5409674,610.2037878,6.67759919,1,0.008711524678,0.008711524678,-1.190990753,-1.190990753,1,-0.03245078587,-0.03245082801,4.340715281,4.340715329
1467,29387049,1,17.0619142,-4.89786359,590.5352289,0,590.5409674,610.2037878,6.676237248,1,0.008711524678,0.008711524678,-1.190990753,-1.190990753,1,-0.03245078587,-0.03245080957,4.340715281,4.340715312
1468,29403594,1,17.0619142,-4.89786359,590.5352289,0,590.5409674,610.2036328,6.675329287,1,0.008711524678,0.008711524678,-1.190990753,-1.190990753,1,-0.03245078587,-0.0324507992,4.340715281,4.340715301
1469,29423442,1,17.0619142,-4.89786359,590.5352289,0,590.5409674,610.2036328,6.673967346,1,0.008711524678,0.008711524678,-1.190990753,-1.190990753,1,-0.03245078587,-0.03245079337,4.340715281,4.340715294
1470,29443834,1,17.0619142,-4.89786359,590.5352289,0,590.5409674,610.2036328,6.673059385,1,0.008711524678,0.008711524678,-1.190990753,-1.190990753,1,-0.03245078587,-0.03245079009,4.340715281,4.340715289
1471,29463556,1,17.0619142,-4.89786359,590.5352289,0,590.5409674,610.2034777,6.672151424,1,0.008711524678,0.008711524678,-1.190990753,-1.190990753,1,-0.03245078587,-0.03245078824,4.340715281,4.340715286
1472,29486788,1,17.0619142,-4.89786359,590.5352289,0,590.5409674,610.2034777,6.670789482,1,0.008711524678,0.008711524678,-1.190990753,-1.190990753,1,-0.03245078587,-0.03245078721,4.340715281,4.340715284
1473,29503976,1,17.0619142,-4.89786359,590.5352289,0,590.5409674,610.2034777,6.669881521,1,0.008711524678,0.008711524678,-1.190990753,-1.190990753,1,-0.03245078587,-0.03245078662,4.340715281,4.340715283
1474,29523989,1,17.0619142,-4.89786359,590.5352289,0,590.5409674,610.2033226,6.66851958,1,0.008711524678,0.008711524678,-1.190990753,-1.190990753,1,-0.03245078587,-0.03245078629,4.340715281,4.340715282
1475,29543610,1,17.0619142,-4.89786359,590.5352289,0,590.5409674,610.2033226,6.667157638,1,0.008711524678,0.008711524678,-1.190990753,-1.190990753,1,-0.03245078587,-0.03245078619,4.340715281,4.340715282
1476,29563674,1,17.0619142,-4.89786359,590.5352289,0,590.5409674,610.2033226,6.665341716,1,0.008711524678,0.008711524678,-1.190990753,-1.190990753,1,-0.03245078587,-0.032450786,4.340715281,4.340715282
1477,29585666,1,17.0619142,-4.89786359,590.5352289,0,590.5409674,610.2033226,6.663071814,1,0.008711524678,0.008711524678,-1.190990753,-1.190990753,1,-0.03245078587,-0.03245078595,4.340715281,4.340715281
1478,29603975,1,17.0619142,-4.89786359,590.5352289,0,590.5409674,610.2033226,6.660801911,1,0.008711524678,0.008711524678,-1.190990753,-1.190990753,1,-0.03245078587,-0.03245078591,4.340715281,4.340715281
1479,29623874,1,17.0619142,-4.89786359,590.5352289,0,590.5409674,610.2033226,6.658532009,1,0.008711524678,0.008711524678,-1.190990753,-1.190990753,1,-0.03245078587,-0.03245078589,4.340715281,4.340715281
1480,29643851,1,17.0619142,-4.89786359,590.5352289,0,590.5409674,610.2033226,6.656262106,1,0.008711524678,0.008711524678,-1.190990753,-1.190990753,1,-0.03245078587,-0.03245078588,4.340715281,4.340715281
1481,29663613,1,17.0619142,-4.89786359,590.5352289,0,590.5409674,610.2033226,6.654446184,1,0.008711524678,0.008711524678,-1.190990753,-1.190990753,1,-0.03245078587,-0.03245078588,4.340715281,4.340715281
1482,29685788,1,17.0619142,-4.89786359,590.5352289,0,590.5409674,610.2033226,6.652630262,1,0.008711524678,0.008711524678,-1.190990753,-1.190990753,1,-0.03245078587,-0.03245078587,4.340715281,4.340715281
1483,29703203,1,17.0619142,-4.89786359,590.5352289,0,590.5409674,610.2033226,6.651722301,1,0.008711524678,0.008711524678,-1.190990753,-1.190990753,1,-0.03245078587,-0.03245078587,4.340715281,4.340715281
1484,29724435,1,17.0619142,-4.89786359,590.5352289,0,590.5409674,610.2033226,6.649906379,1,0.008711524678,0.008711524678,-1.190990753,-1.190990753,1,-0.03245078587,-0.03245078587,4.340715281,4.340715281
1485,29743769,1,17.0619142,-4.89786359,590.5352289,0,590.5409674,610.2033226,6.648998418,1,0.008711524678,0.008711524678,-1.190990753,-1.190990753,1,-0.03245078587,-0.03245078587,4.340715281,4.340715281
1486,29764421,1,17.0619142,-4.89786359,590.5352289,0,590.5409674,610.2033226,6.648090457,1,0.008711524678,0.008711524678,-1.190990753,-1.190990753,1,-0.03245078587,-0.03245078587,4.340715281,4.340715281
1487,29788444,1,17.0619142,-4.89786359,590.5352289,0,590.5409674,610.2033226,6.647182496,1,0.008725694028,0.008715067016,-1.190990753,-1.190990753,1,-0.03245078587,-0.03245078587,4.340715281,4.340715281
1488,29803177,1,17.0619142,-4.89786359,590.5352289,0,590.5409674,610.2033226,6.646728516,1,0.008725782492,0.008719754891,-1.190990753,-1.190990753,1,-0.03245078587,-0.03245078587,4.340715281,4.340715281
1489,29823551,1,17.0619142,-4.89786359,590.5352289,0,590.5409674,610.2033226,6.646274535,1,0.008725782492,0.008722391966,-1.190990753,-1.190990753,1,-0.03245078587,-0.03245078587,4.340715281,4.340715281
1490,29843795,1,17.0619142,-4.89786359,590.5352289,0,590.5409674,610.2033226,6.645820555,1,0.008725782492,0.008723875322,-1.190990753,-1.190990753,1,-0.03245078587,-0.03245078587,4.340715281,4.340715281
1491,29863805,1,17.0619142,-4.89786359,590.5352289,0,590.5409674,610.2033226,6.645820555,1,0.008725782492,0.008724709709,-1.190990753,-1.190990753,1,-0.03245078587,-0.03245078587,4.340715281,4.340715281
1492,29884739,1,17.0619142,-4.89786359,590.5352289,0,590.5409674,610.2033226,6.645820555,1,0.008725782492,0.008725179052,-1.190990753,-1.190990753,1,-0.03245078587,-0.03245078587,4.340715281,4.340715281
1493,29903805,1,17.0619142,-4.89786359,590.5352289,0,590.5409674,610.2033226,6.645366574,1,0.008725782492,0.008725443057,-1.190990753,-1.190990753,1,-0.03245078587,-0.03245078587,4.340715281,4.340715281
1494,29923614,1,17.0619142,-4.89786359,590.5352289,0,590.5409674,610.2033226,6.645366574,1,0.008725782492,0.00872559156,-1.190990753,-1.190990753,1,-0.03245078587,-0.03245078587,4.340715281,4.340715281
1495,29943936,1,17.0619142,-4.89786359,590.5352289,0,590.5409674,610.2033226,6.645366574,1,0.008725782492,0.008725675093,-1.190990753,-1.190990753,1,-0.03245078587,-0.03245078587,4.340715281,4.340715281
1496,29963591,1,17.0619142,-4.89786359,590.5352289,0,590.5409674,610.2033226,6.645366574,1,0.008725782492,0.00872572208,-1.190990753,-1.190990753,1,-0.03245078587,-0.03245078587,4.340715281,4.340715281
1497,29984808,1,17.0619142,-4.89786359,590.5352289,0,590.5409674,610.2033226,6.644912594,1,0.008725782492,0.008725748511,-1.190990753,-1.190990753,1,-0.03245078587,-0.03245078587,4.340715281,4.340715281
1498,30003372,1,17.0619142,-4.89786359,590.5352289,0,590.5409674,610.2033226,6.644912594,1,0.008725782492,0.008725763378,-1.190990753,-1.190990753,1,-0.03245078587,-0.03245078587,4.340715281,4.340715281
1499,30024071,1,17.0619142,-4.89786359,590.5352289,0,590.5409674,610.2033226,6.644912594,1,0.008725782492,0.00872577174,-1.190990753,-1.190990753,1,-0.03245078587,-0.03245078587,4.340715281,4.340715281
1500,30043879,1,17.0619142,-4.89786359,590.5352289,0,590.5409674,610.2033226,6.644912594,1,0.008725782492,0.008725776444,-1.190990753,-1.190990753,1,-0.03245078587,-0.03245078587,4.340715281,4.340715281
1501,30063638,1,17.0619142,-4.89786359,590.5352289,0,590.5409674,610.2033226,6.644912594,1,0.008725782492,0.00872577909,-1.190990753,-1.190990753,1,-0.03245078587,-0.03245078587,4.340715281,4.340715281
1502,30087515,1,17.0619142,-4.89786359,590.5352289,0,590.5409674,610.2033226,6.644912594,1,0.008725782492,0.008725780579,-1.190990753,-1.190990753,1,-0.03245078587,-0.03245078587,4.340715281,4.340715281
1503,30103404,1,17.0619142,-4.89786359,590.5352289,0,590.5409674,610.2033226,6.644912594,1,0.008725782492,0.008725781416,-1.190990753,-1.190990753,1,-0.03245078587,-0.03245078587,4.340715281,4.340715281
1504,30123553,1,17.0619142,-4.89786359,590.5352289,0,590.5409674,610.2033226,6.644912594,1,0.008725782492,0.008725781887,-1.190990753,-1.190990753,1,-0.03245078587,-0.03245078587,4.340715281,4.340715281
1505,30143785,1,17.0619142,-4.89786359,590.5352289,0,590.5409674,610.2033226,6.644912594,1,0.008725782492,0.008725782038,-1.190990753,-1.190990753,1,-0.03245078587,-0.03245078587,4.340715281,4.340715281
1506,30164112,1,17.0619142,-4.89786359,590.5352289,0,590.5409674,610.2033226,6.644912594,1,0.008725782492,0.008725782301,-1.190990753,-1.190990753,1,-0.03245078587,-0.03245078587,4.340715281,4.340715281
1507,30185726,1,17.0619142,-4.89786359,590.5352289,0,590.5409674,610.2033226,6.644458613,1,0.008725782492,0.008725782385,-1.190990753,-1.190990753,1,-0.03245078587,-0.03245078587,4.340715281,4.340715281
1508,30203952,1,17.0619142,-4.89786359,590.5352289,0,590.5409674,610.2033226,6.644458613,1,0.008725782492,0.008725782432,-1.190990753,-1.190990753,1,-0.03245078587,-0.03245078587,4.340715281,4.340715281
1509,30223538,1,17.0619142,-4.89786359,590.5352289,0,590.5409674,610.2033226,6.644458613,1,0.008725782492,0.008725782458,-1.190990753,-1.190990753,1,-0.03245078587,-0.03245078587,4.340715281,4.340715281
1510,30243814,1,17.0619142,-4.89786359,590.5352289,0,590.5409674,610.2033226,6.644458613,1,0.008725782492,0.008725782473,-1.190990753,-1.190990753,1,-0.03245078587,-0.03245078587,4.340715281,4.340715281
1511,30263389,1,17.0619142,-4.89786359,590.5352289,0,590.5409674,610.2033226,6.644458613,1,0.008725782492,0.008725782482,-1.190990753,-1.190990753,1,-0.03245078587,-0.03245078587,4.340715281,4.340715281
1512,30285090,1,17.0619142,-4.89786359,590.5352289,0,590.5409674,610.2033226,6.644458613,1,0.008725782492,0.008725782486,-1.190990753,-1.190990753,1,-0.03245078587,-0.03245078587,4.340715281,4.340715281
1513,30303589,1,17.0619142,-4.89786359,590.5352289,0,590.5409674,610.2033226,6.644458613,1,0.008725782492,0.008725782489,-1.190990753,-1.190990753,1,-0.03245078587,-0.03245078587,4.340715281,4.340715281
1514,30323780,1,17.0619142,-4.89786359,590.5352289,0,590.5409674,610.2033226,6.644458613,1,0.008725782492,0.008725782491,-1.190990753,-1.190990753,1,-0.03245078587,-0.03245078587,4.340715281,4.340715281
1515,30343878,1,17.0619142,-4.89786359,590.5352289,0,590.5409674,610.2033226,6.644458613,1,0.008725782492,0.008725782491,-1.190990753,-1.190990753,1,-0.03245078587,-0.03245078587,4.340715281,4.340715281
1516,30363234,1,17.0619142,-4.89786359,590.5352289,0,590.5409674,610.2033226,6.644458613,1,0.008725782492,0.008725782492,-1.190990753,-1.190990753,1,-0.03245078587,-0.03245078587,4.340715281,4.340715281
1517,30385826,1,17.0619142,-4.89786359,590.5352289,0,590.5409674,610.2033226,6.644458613,1,0.008725782492,0.008725782492,-1.190990753,-1.190990753,1,-0.03245078587,-0.03245078587,4.340715281,4.340715281
1518,30403563,1,17.0619142,-4.89786359,590.5352289,0,590.5409674,610.2033226,6.644458613,1,0.008725782492,0.008725782492,-1.190990753,-1.190990753,1,-0.03245078587,-0.03245078587,4.340715281,4.340715281
1519,30424244,1,17.0619142,-4.89786359,590.5352289,0,590.5409674,610.2033226,6.644458613,1,0.008725782492,0.008725782492,-1.190990753,-1.190990753,1,-0.03245078587,-0.03245078587,4.340715281,4.340715281
1520,30444115,1,17.0619142,-4.89786359,590.5352289,0,590.5409674,610.2033226,6.644458613,1,0.008725782492,0.008725782492,-1.190990753,-1.190990753,1,-0.03245078587,-0.03245078587,4.340715281,4.340715281
1521,30464490,1,17.0619142,-4.89786359,590.5352289,0,590.5409674,610.2033226,6.644458613,1,0.008725782492,0.008725782492,-1.190990753,-1.190990753,1,-0.03245078587,-0.03245078587,4.340715281,4.340715281
1522,30486509,1,17.0619142,-4.89786359,590.5352289,0,590.5409674,610.2033226,6.644458613,1,0.008725782492,0.008725782492,-1.190990753,-1.190990753,1,-0.03245078587,-0.03245078587,4.340715281,4.340715281
1523,30503819,1,17.0619142,-4.89786359,590.5352289,0,590.5409674,610.2033226,6.644458613,1,0.008725782492,0.008725782492,-1.190990753,-1.190990753,1,-0.03245078587,-0.03245078587,4.340715281,4.340715281
1524,30523371,1,17.0619142,-4.89786359,590.5352289,0,590.5409674,610.2033226,6.644458613,1,0.008725782492,0.008725782492,-1.190990753,-1.190990753,1,-0.03245078587,-0.03245078587,4.340715281,4.340715281
1525,30543863,1,17.0619142,-4.89786359,590.5352289,0,590.5409674,610.2033226,6.644458613,1,0.008725782492,0.008725782492,-1.190990753,-1.190990753,1,-0.03245078587,-0.03245078587,4.340715281,4.340715281
1526,30563820,1,17.0619142,-4.89786359,590.5352289,0,590.5409674,610.2033226,6.644004633,1,0.008725782492,0.008725782492,-1.190990753,-1.190990753,1,-0.03245078587,-0.03245078587,4.340715281,4.340715281
1527,30587158,1,17.0619142,-4.89786359,590.5352289,0,590.5409674,610.2033226,6.644004633,1,0.008725782492,0.008725782492,-1.190990753,-1.190990753,1,-0.03245078587,-0.03245078587,4.340715281,4.340715281
1528,30603689,1,17.0619142,-4.89786359,590.5352289,0,590.5409674,610.2033226,6.644004633,1,0.008725782492,0.008725782492,-1.190990753,-1.190990753,1,-0.03245078587,-0.03245078587,4.340715281,4.340715281
1529,30624078,1,17.0619142,-4.89786359,590.5352289,0,590.5409674,610.2033226,6.644004633,1,0.008725782492,0.008725782492,-1.190990753,-1.190990753,1,-0.03245078587,-0.03245078587,4.340715281,4.340715281
1530,30643687,1,17.0619142,-4.89786359,590.5352289,0,590.5409674,610.2033226,6.644004633,1,0.008725782492,0.008725782492,-1.190990753,-1.190990753,1,-0.03245078587,-0.03245078587,4.340715281,4.340715281
1531,30663555,1,17.0619142,-4.89786359,590.5352289,0,590.5409674,610.2033226,6.644004633,1,0.008725782492,0.008725782492,-1.190990753,-1.190990753,1,-0.03245078587,-0.03245078587,4.340715281,4.340715281
1532,30686423,1,17.0619142,-4.89786359,590.5352289,0,590.5409674,610.2033226,6.644004633,1,0.008725782492,0.008725782492,-1.190990753,-1.190990753,1,-0.03245078587,-0.03245078587,4.340715281,4.340715281
1533,30704252,1,17.0619142,-4.89786359,590.5352289,0,590.5409674,610.2033226,6.644004633,1,0.008725782492,0.008725782492,-1.190990753,-1.190990753,1,-0.03245078587,-0.03245078587,4.340715281,4.340715281
1534,30723198,1,17.0619142,-4.89786359,590.5352289,0,590.5409674,610.2033226,6.644004633,1,0.008725782492,0.008725782492,-1.190990753,-1.190990753,1,-0.03245078587,-0.03245078587,4.340715281,4.340715281
1535,30743908,1,17.0619142,-4.89786359,590.5352289,0,590.5409674,610.2033226,6.644004633,1,0.008725782492,0.008725782492,-1.190990753,-1.190990753,1,-0.03245078587,-0.03245078587,4.340715281,4.340715281
1536,30763787,1,17.0619142,-4.89786359,590.5352289,0,590.5409674,610.2033226,6.644004633,1,0.008725782492,0.008725782492,-1.190990753,-1.190990753,1,-0.03245078587,-0.03245078587,4.340715281,4.340715281
1537,30786885,1,17.0619142,-4.89786359,590.5352289,0,590.5409674,610.2033226,6.644004633,1,0.008725782492,0.008725782492,-1.190990753,-1.190990753,1,-0.03245078587,-0.03245078587,4.340715281,4.340715281
1538,30803224,1,17.0619142,-4.89786359,590.5352289,0,590.5409674,610.2033226,6.644004633,1,0.008725782492,0.008725782492,-1.190990753,-1.190990753,1,-0.03245078587,-0.03245078587,4.340715281,4.340715281
1539,30824308,1,17.0619142,-4.89786359,590.5352289,0,590.5409674,610.2033226,6.644004633,1,0.008725782492,0.008725782492,-1.190990753,-1.190990753,1,-0.03245078587,-0.03245078587,4.340715281,4.340715281
1540,30844112,1,17.0619142,-4.89786359,590.5352289,0,590.5409674,610.2033226,6.644004633,1,0.008725782492,0.008725782492,-1.190990753,-1.190990753,1,-0.03245078587,-0.03245078587,4.340715281,4.340715281
1541,30863535,1,17.0619142,-4.89786359,590.5352289,0,590.5409674,610.2033226,6.644004633,1,0.008725782492,0.008725782492,-1.190990753,-1.190990753,1,-0.03245078587,-0.03245078587,4.340715281,4.340715281
1542,30886942,1,17.0619142,-4.89786359,590.5352289,0,590.5409674,610.2033226,6.644004633,1,0.008725782492,0.008725782492,-1.190990753,-1.190990753,1,-0.03245078587,-0.03245078587,4.340715281,4.340715281
1543,30903767,1,17.0619142,-4.89786359,590.5352289,0,590.5409674,610.2033226,6.644004633,1,0.008725782492,0.008725782492,-1.190990753,-1.190990753,1,-0.03245078587,-0.03245078587,4.340715281,4.340715281
1544,30923710,1,17.0619142,-4.89786359,590.5352289,0,590.5409674,610.2033226,6.644004633,1,0.008725782492,0.008725782492,-1.190990753,-1.190990753,1,-0.03245078587,-0.03245078587,4.340715281,4.340715281
1545,30943141,1,17.0619142,-4.89786359,590.5352289,0,590.5409674,610.2033226,6.644004633,1,0.008725782492,0.008725782492,-1.190990753,-1.190990753,1,-0.03245078587,-0.03245078587,4.340715281,4.340715281
1546,30963480,1,17.0619142,-4.89786359,590.5352289,0,590.5409674,610.2033226,6.644004633,1,0.008725782492,0.008725782492,-1.190990753,-1.190990753,1,-0.03245078587,-0.03245078587,4.340715281,4.340715281
1547,30985871,1,17.0619142,-4.89786359,590.5352289,0,590.5409674,610.2033226,6.644004633,1,0.008725782492,0.008725782492,-1.190990753,-1.190990753,1,-0.03245078587,-0.03245078587,4.340715281,4.340715281
1548,31004508,1,17.0619142,-4.89786359,590.5352289,0,590.5409674,610.2033226,6.644004633,1,0.008725782492,0.008725782492,-1.190990753,-1.190990753,1,-0.03245078587,-0.03245078587,4.340715281,4.340715281
1549,31023139,1,17.0619142,-4.89786359,590.5352289,0,590.5409674,610.2033226,6.644004633,1,0.008725782492,0.008725782492,-1.190990753,-1.190990753,1,-0.03245078587,-0.03245078587,4.340715281,4.340715281
1550,31044769,1,17.0619142,-4.89786359,590.5352289,0,590.5409674,610.2033226,6.644004633,1,0.008725782492,0.008725782492,-1.190990753,-1.190990753,1,-0.03245078587,-0.03245078587,4.340715281,4.340715281
1551,31063561,1,17.0619142,-4.89786359,590.5352289,0,590.5409674,610.2033226,6.644004633,1,0.008725782492,0.008725782492,-1.190990753,-1.190990753,1,-0.03245078587,-0.03245078587,4.340715281,4.340715281
1552,31085847,1,17.0619142,-4.89786359,590.5352289,0,590.5409674,610.2033226,6.644004633,1,0.008725782492,0.008725782492,-1.190990753,-1.190990753,1,-0.03245078587,-0.03245078587,4.340715281,4.340715281
1553,31104092,1,17.0619142,-4.89786359,590.5352289,0,590.5409674,610.2033226,6.644004633,1,0.008725782492,0.008725782492,-1.190990753,-1.190990753,1,-0.03245078587,-0.03245078587,4.340715281,4.340715281
1554,31123606,1,17.0619142,-4.89786359,590.5352289,0,590.5409674,610.2033226,6.644004633,1,0.008725782492,0.008725782492,-1.190990753,-1.190990753,1,-0.03245078587,-0.03245078587,4.340715281,4.340715281
1555,31144270,1,17.0619142,-4.89786359,590.5352289,0,590.5409674,610.2033226,6.644004633,1,0.008725782492,0.008725782492,-1.190990753,-1.190990753,1,-0.03245078587,-0.03245078587,4.340715281,4.340715281
1556,31163144,1,17.0619142,-4.89786359,590.5352289,0,590.5409674,610.2033226,6.644004633,1,0.008725782492,0.008725782492,-1.190990753,-1.190990753,1,-0.03245078587,-0.03245078587,4.340715281,4.340715281
1557,31186786,1,17.0619142,-4.89786359,590.5352289,0,590.5409674,610.2033226,6.644004633,1,0.008725782492,0.008725782492,-1.190990753,-1.190990753,1,-0.03245078587,-0.03245078587,4.340715281,4.340715281
1558,31203903,1,17.0619142,-4.89786359,590.5352289,0,590.5409674,610.2033226,6.644004633,1,0.008725782492,0.008725782492,-1.190990753,-1.190990753,1,-0.03245078587,-0.03245078587,4.340715281,4.340715281
1559,31223535,1,17.0619142,-4.89786359,590.5352289,0,590.5409674,610.2033226,6.644004633,1,0.008725782492,0.008725782492,-1.190990753,-1.190990753,1,-0.03245078587,-0.03245078587,4.340715281,4.340715281
1560,31243392,1,17.0619142,-4.89786359,590.5352289,0,590.5409674,610.2033226,6.644004633,1,0.008725782492,0.008725782492,-1.190990753,-1.190990753,1,-0.03243652806,-0.03244454905,4.340715281,4.340715281
1561,31264229,1,17.0619142,-4.89786359,590.5352289,0,590.5409674,610.2033226,6.644004633,1,0.008725782492,0.008725782492,-1.190990753,-1.190990753,1,-0.03243652806,-0.03244103986,4.340715281,4.340715281
1562,31285817,1,17.0619142,-4.89786359,590.5352289,0,590.5409674,610.2033226,6.644004633,1,0.008725782492,0.008725782492,-1.190990753,-1.190990753,1,-0.03243652806,-0.03243906595,4.340715281,4.340715281
1563,31303611,1,17.0619142,-4.89786359,590.5352289,0,590.5409674,610.2033226,6.644004633,1,0.008725782492,0.008725782492,-1.190990753,-1.190990753,1,-0.03243652806,-0.03243795562,4.340715281,4.340715281
1564,31323552,1,17.0619142,-4.89786359,590.5352289,0,590.5409674,610.2033226,6.644004633,1,0.008725782492,0.008725782492,-1.190990753,-1.190990753,1,-0.03243652806,-0.03243733106,4.340715281,4.340715281
1565,31343894,1,17.0619142,-4.89786359,590.5352289,0,590.5409674,610.2033226,6.644004633,1,0.008725782492,0.008725782492,-1.190990753,-1.190990753,1,-0.03243652806,-0.03243713031,4.340715281,4.340715281
1566,31364299,1,17.0619142,-4.89786359,590.5352289,0,590.5409674,610.2033226,6.644004633,1,0.008725782492,0.008725782492,-1.190990753,-1.190990753,1,-0.03243652806,-0.03243678213,4.340715281,4.340715281
1567,31387065,1,17.0619142,-4.89786359,590.5352289,0,590.5409674,610.2033226,6.643550652,1,0.008725782492,0.008725782492,-1.190990753,-1.190990753,1,-0.03243652806,-0.03243667097,4.340715281,4.340715281
1568,31404292,1,17.0619142,-4.89786359,590.5352289,0,590.5409674,610.2033226,6.643550652,1,0.008725782492,0.008725782492,-1.190990753,-1.190990753,1,-0.03243652806,-0.03243660845,4.340715281,4.340715281
1569,31424249,1,17.0619142,-4.89786359,590.5352289,0,590.5409674,610.2033226,6.643550652,1,0.008725782492,0.008725782492,-1.190990753,-1.190990753,1,-0.03243652806,-0.03243657328,4.340715281,4.340715281
1570,31443722,1,17.0619142,-4.89786359,590.5352289,0,590.5409674,610.2033226,6.643550652,1,0.008725782492,0.008725782492,-1.190990753,-1.190990753,1,-0.03243652806,-0.03243655349,4.340715281,4.340715281
1571,31463950,1,17.0619142,-4.89786359,590.5352289,0,590.5409674,610.2033226,6.643550652,1,0.008725782492,0.008725782492,-1.190990753,-1.190990753,1,-0.03243652806,-0.03243654236,4.340715281,4.340715281
1572,31487417,1,17.0619142,-4.89786359,590.5352289,0,590.5409674,610.2033226,6.643550652,1,0.008725782492,0.008725782492,-1.190990753,-1.190990753,1,-0.03243652806,-0.0324365361,4.340715281,4.340715281
1573,31503165,1,17.0619142,-4.89786359,590.5352289,0,590.5409674,610.2033226,6.643550652,1,0.008725782492,0.008725782492,-1.190990753,-1.190990753,1,-0.03243652806,-0.03243653258,4.340715281,4.340715281
1574,31524737,1,17.0619142,-4.89786359,590.5352289,0,590.5409674,610.2033226,6.643550652,1,0.008725782492,0.008725782492,-1.190990753,-1.190990753,1,-0.03243652806,-0.0324365306,4.340715281,4.340715281
1575,31543752,1,17.0619142,-4.89786359,590.5352289,0,590.5409674,610.2033226,6.643550652,1,0.008725782492,0.008725782492,-1.190990753,-1.190990753,1,-0.03243652806,-0.03243652949,4.340715281,4.340715281
1576,31563969,1,17.0619142,-4.89786359,590.5352289,0,590.5409674,610.2033226,6.643550652,1,0.008725782492,0.008725782492,-1.190990753,-1.190990753,1,-0.03243652806,-0.03243652886,4.340715281,4.340715281
1577,31586634,1,17.0619142,-4.89786359,590.5352289,0,590.5409674,610.2033226,6.643550652,1,0.008725782492,0.008725782492,-1.190990753,-1.190990753,1,-0.03243652806,-0.03243652851,4.340715281,4.340715281
1578,31603127,1,17.0619142,-4.89786359,590.5352289,0,590.5409674,610.2033226,6.643550652,1,0.008725782492,0.008725782492,-1.190990753,-1.190990753,1,-0.03243652806,-0.03243652831,4.340715281,4.340715281
1579,31623470,1,17.0619142,-4.89786359,590.5352289,0,590.5409674,610.2033226,6.643550652,1,0.008725782492,0.008725782492,-1.190990753,-1.190990753,1,-0.03243652806,-0.0324365282,4.340715281,4.340715281
1580,31644399,1,17.0619142,-4.89786359,590.5352289,0,590.5409674,610.2033226,6.643550652,1,0.008725782492,0.008725782492,-1.190990753,-1.190990753,1,-0.03243652806,-0.03243652814,4.340715281,4.340715281
1581,31663758,1,17.0619142,-4.89786359,590.5352289,0,590.5409674,610.2033226,6.643550652,1,0.008725782492,0.008725782492,-1.190990753,-1.190990753,1,-0.03243652806,-0.0324365281,4.340715281,4.340715281
1582,31685934,1,17.0619142,-4.89786359,590.5352289,0,590.5409674,610.2033226,6.643550652,1,0.008725782492,0.008725782492,-1.190990753,-1.190990753,1,-0.03243652806,-0.03243652808,4.340715281,4.340715281
1583,31703469,1,17.0619142,-4.89786359,590.5352289,0,590.5409674,610.2033226,6.643550652,1,0.008725782492,0.008725782492,-1.190990753,-1.190990753,1,-0.03243652806,-0.03243652807,4.340715281,4.340715281
1584,31723849,1,17.0619142,-4.89786359,590.5352289,0,590.5409674,610.2033226,6.643550652,1,0.008725782492,0.008725782492,-1.190990753,-1.190990753,1,-0.03243652806,-0.03243652807,4.340715281,4.340715281
1585,31744584,1,17.0619142,-4.89786359,590.5352289,0,590.5409674,610.2033226,6.643550652,1,0.008725782492,0.008725782492,-1.190990753,-1.190990753,1,-0.03243652806,-0.03243652806,4.340715281,4.340715281
1586,31763948,1,17.0619142,-4.89786359,590.5352289,0,590.5409674,610.2033226,6.643550652,1,0.008725782492,0.008725782492,-1.190990753,-1.190990753,1,-0.03243652806,-0.03243652806,4.340715281,4.340715281
1587,31786510,1,17.0619142,-4.89786359,590.5352289,0,590.5409674,610.2033226,6.643550652,1,0.008725782492,0.008725782492,-1.190990753,-1.190990753,1,-0.03243652806,-0.03243652806,4.340715281,4.340715281
1588,31803994,1,17.0619142,-4.89786359,590.5352289,0,590.5409674,610.2033226,6.643550652,1,0.008725782492,0.008725782492,-1.190990753,-1.190990753,1,-0.03243652806,-0.03243652806,4.340715281,4.340715281
1589,31824050,1,17.0619142,-4.89786359,590.5352289,0,590.5409674,610.2033226,6.643550652,1,0.008725782492,0.008725782492,-1.190990753,-1.190990753,1,-0.03243652806,-0.03243652806,4.340715281,4.340715281
1590,31843586,1,17.0619142,-4.89786359,590.5352289,0,590.5409674,610.2033226,6.643550652,1,0.008725782492,0.008725782492,-1.190990753,-1.190990753,1,-0.03243652806,-0.03243652806,4.340715281,4.340715281
1591,31863652,1,17.0619142,-4.89786359,590.5352289,0,590.5409674,610.2033226,6.643550652,1,0.008725782492,0.008725782492,-1.190990753,-1.190990753,1,-0.03243652806,-0.03243652806,4.340715281,4.340715281
1592,31886901,1,17.0619142,-4.89786359,590.5352289,0,590.5409674,610.2033226,6.643550652,1,0.008725782492,0.008725782492,-1.190990753,-1.190990753,1,-0.03243652806,-0.03243652806,4.340715281,4.340715281
1593,31903132,1,17.0619142,-4.89786359,590.5352289,0,590.5409674,610.2033226,6.643550652,1,0.008725782492,0.008725782492,-1.190990753,-1.190990753,1,-0.03243652806,-0.03243652806,4.340715281,4.340715281
1594,31924029,1,17.0619142,-4.89786359,590.5352289,0,590.5409674,610.2033226,6.643550652,1,0.008725782492,0.008725782492,-1.190990753,-1.190990753,1,-0.03243652806,-0.03243652806,4.340715281,4.340715281
1595,31943843,1,17.0619142,-4.89786359,590.5352289,0,590.5409674,610.2033226,6.643550652,1,0.008725782492,0.008725782492,-1.190990753,-1.190990753,1,-0.03243652806,-0.03243652806,4.340715281,4.340715281
1596,31963595,1,17.0619142,-4.89786359,590.5352289,0,590.5409674,610.2033226,6.643550652,1,0.008725782492,0.008725782492,-1.190990753,-1.190990753,1,-0.03243652806,-0.03243652806,4.340715281,4.340715281
1597,31986883,1,17.0619142,-4.89786359,590.5352289,0,590.5409674,610.2033226,6.643550652,1,0.008725782492,0.008725782492,-1.190990753,-1.190990753,1,-0.03243652806,-0.03243652806,4.340715281,4.340715281
1598,32003773,1,17.0619142,-4.89786359,590.5352289,0,590.5409674,610.2033226,6.643550652,1,0.008725782492,0.008725782492,-1.190990753,-1.190990753,1,-0.03243652806,-0.03243652806,4.340715281,4.340715281
1599,32023824,1,17.0619142,-4.89786359,590.5352289,0,590.5409674,610.2033226,6.643550652,1,0.008725782492,0.008725782492,-1.190990753,-1.190990753,1,-0.03243652806,-0.03243652806,4.340715281,4.340715281
1600,32043884,1,17.0619142,-4.89786359,590.5352289,0,590.5409674,610.2033226,6.643550652,1,0.008725782492,0.008725782492,-1.190990753,-1.190990753,1,-0.03243652806,-0.03243652806,4.340715281,4.340715281
1601,32064319,1,17.0619142,-4.89786359,590.5352289,0,590.5409674,610.2033226,6.643550652,1,0.008725782492,0.008725782492,-1.190990753,-1.190990753,1,-0.03243652806,-0.03243652806,4.340715281,4.340715281
1602,32086826,1,17.0619142,-4.89786359,590.5352289,0,590.5409674,610.2033226,6.643550652,1,0.008725782492,0.008725782492,-1.190990753,-1.190990753,1,-0.03243652806,-0.03243652806,4.340715281,4.340715281
1603,32104035,1,17.0619142,-4.89786359,590.5352289,0,590.5409674,610.2033226,6.643550652,1,0.008725782492,0.008725782492,-1.190990753,-1.190990753,1,-0.03243652806,-0.03243652806,4.340715281,4.340715281
1604,32123182,1,17.0619142,-4.89786359,590.5352289,0,590.5409674,610.2033226,6.643550652,1,0.008725782492,0.008725782492,-1.190990753,-1.190990753,1,-0.03243652806,-0.03243652806,4.340715281,4.340715281
1605,32143642,1,17.0619142,-4.89786359,590.5352289,0,590.5409674,610.2033226,6.643550652,1,0.008725782492,0.008725782492,-1.190990753,-1.190990753,1,-0.03243652806,-0.03243652806,4.340715281,4.340715281
1606,32163875,1,17.0619142,-4.89786359,590.5352289,0,590.5409674,610.2033226,6.643550652,1,0.008725782492,0.008725782492,-1.190990753,-1.190990753,1,-0.03243652806,-0.03243652806,4.340715281,4.340715281
1607,32185724,1,17.0619142,-4.89786359,590.5352289,0,590.5409674,610.2033226,6.643550652,1,0.008725782492,0.008725782492,-1.190990753,-1.190990753,1,-0.03243652806,-0.03243652806,4.340715281,4.340715281
1608,32203748,1,17.0619142,-4.89786359,590.5352289,0,590.5409674,610.2033226,6.643550652,1,0.008725782492,0.008725782492,-1.190990753,-1.190990753,1,-0.03243652806,-0.03243652806,4.340715281,4.340715281
1609,32223967,1,17.0619142,-4.89786359,590.5352289,0,590.5409674,610.2033226,6.643550652,1,0.008725782492,0.008725782492,-1.190990753,-1.190990753,1,-0.03243652806,-0.03243652806,4.340715281,4.340715281
1610,32243180,1,17.0619142,-4.89786359,590.5352289,0,590.5409674,610.2033226,6.643550652,1,0.008725782492,0.008725782492,-1.190990753,-1.190990753,1,-0.03243652806,-0.03243652806,4.340715281,4.340715281
1611,32263758,1,17.0619142,-4.89786359,590.5352289,0,590.5409674,610.2033226,6.643550652,1,0.008725782492,0.008725782492,-1.190990753,-1.190990753,1,-0.03243652806,-0.03243652806,4.340715281,4.340715281
1612,32286760,1,17.0619142,-4.89786359,590.5352289,0,590.5409674,610.2033226,6.643550652,1,0.008725782492,0.008725782492,-1.190990753,-1.190990753,1,-0.03243652806,-0.03243652806,4.340715281,4.340715281
1613,32303706,1,17.0619142,-4.89786359,590.5352289,0,590.5409674,610.2033226,6.643550652,1,0.008725782492,0.008725782492,-1.190990753,-1.190990753,1,-0.03243652806,-0.03243652806,4.340715281,4.340715281
1614,32323696,1,17.0619142,-4.89786359,590.5352289,0,590.5409674,610.2033226,6.643550652,1,0.008725782492,0.008725782492,-1.190990753,-1.190990753,1,-0.03243652806,-0.03243652806,4.340715281,4.340715281
1615,32343684,1,17.0619142,-4.89786359,590.5352289,0,590.5409674,610.2033226,6.643550652,1,0.008725782492,0.008725782492,-1.190990753,-1.190990753,1,-0.03243652806,-0.03243652806,4.340715281,4.340715281
1616,32363416,1,17.0619142,-4.89786359,590.5352289,0,590.5409674,610.2033226,6.643550652,1,0.008725782492,0.008725782492,-1.190990753,-1.190990753,1,-0.03243652806,-0.03243652806,4.340715281,4.340715281
1617,32386800,1,17.0619142,-4.89786359,590.5352289,0,590.5409674,610.2033226,6.643550652,1,0.008725782492,0.008725782492,-1.190990753,-1.190990753,1,-0.03243652806,-0.03243652806,4.340715281,4.340715281
1618,32403749,1,17.0619142,-4.89786359,590.5352289,0,590.5409674,610.2033226,6.643550652,1,0.008725782492,0.008725782492,-1.190990753,-1.190990753,1,-0.03243652806,-0.03243652806,4.340715281,4.340715281
1619,32424516,1,17.0619142,-4.89786359,590.5352289,0,590.5409674,610.2033226,6.643550652,1,0.008725782492,0.008725782492,-1.190990753,-1.190990753,1,-0.03243652806,-0.03243652806,4.340715281,4.340715281
1620,32443577,1,17.0619142,-4.89786359,590.5352289,0,590.5409674,610.2033226,6.643550652,1,0.008725782492,0.008725782492,-1.190990753,-1.190990753,1,-0.03243652806,-0.03243652806,4.340715281,4.340715281
1621,32464356,1,17.0619142,-4.89786359,590.5352289,0,590.5409674,610.2033226,6.643550652,1,0.008725782492,0.008725782492,-1.190990753,-1.190990753,1,-0.03243652806,-0.03243652806,4.340715281,4.340715281
1622,32487273,1,17.0619142,-4.89786359,590.5352289,0,590.5409674,610.2033226,6.643550652,1,0.008725782492,0.008725782492,-1.190990753,-1.190990753,1,-0.03243652806,-0.03243652806,4.340715281,4.340715281
1623,32504126,1,17.0619142,-4.89786359,590.5352289,0,590.5409674,610.2033226,6.643550652,1,0.008725782492,0.008725782492,-1.190990753,-1.190990753,1,-0.03243652806,-0.03243652806,4.340715281,4.340715281
1624,32523814,1,17.0619142,-4.89786359,590.5352289,0,590.5409674,610.2033226,6.643550652,1,0.008725782492,0.008725782492,-1.190990753,-1.190990753,1,-0.03243652806,-0.03243652806,4.340715281,4.340715281
1625,32543673,1,17.0619142,-4.89786359,590.5352289,0,590.5409674,610.2033226,6.643550652,1,0.008725782492,0.008725782492,-1.190990753,-1.190990753,1,-0.03243652806,-0.03243652806,4.340715281,4.340715281
1626,32563155,1,17.0619142,-4.89786359,590.5352289,0,590.5409674,610.2033226,6.643550652,1,0.008725782492,0.008725782492,-1.190990753,-1.190990753,1,-0.03243652806,-0.03243652806,4.340715281,4.340715281
1627,32586388,1,17.0619142,-4.89786359,590.5352289,0,590.5409674,610.2033226,6.643550652,1,0.008725782492,0.008725782492,-1.190990753,-1.190990753,1,-0.03243652806,-0.03243652806,4.340715281,4.340715281
1628,32603569,1,17.0619142,-4.89786359,590.5352289,0,590.5409674,610.2033226,6.643550652,1,0.008725782492,0.008725782492,-1.190990753,-1.190990753,1,-0.03243652806,-0.03243652806,4.340715281,4.340715281
1629,32623246,1,17.0619142,-4.89786359,590.5352289,0,590.5409674,610.2033226,6.643550652,1,0.008725782492,0.008725782492,-1.190990753,-1.190990753,1,-0.03243652806,-0.03243652806,4.340715281,4.340715281
1630,32644113,1,17.0619142,-4.89786359,590.5352289,0,590.5409674,610.2033226,6.643550652,1,0.008725782492,0.008725782492,-1.190990753,-1.190990753,1,-0.03243652806,-0.03243652806,4.340715281,4.340715281
1631,32663879,1,17.0619142,-4.89786359,590.5352289,0,590.5409674,610.2033226,6.643550652,1,0.008725782492,0.008725782492,-1.190990753,-1.190990753,1,-0.03243652806,-0.03243652806,4.340715281,4.340715281
1632,32686688,1,17.0619142,-4.89786359,590.5352289,0,590.5409674,610.2033226,6.643550652,1,0.008725782492,0.008725782492,-1.190990753,-1.190990753,1,-0.03243652806,-0.03243652806,4.340715281,4.340715281
1633,32704176,1,17.0619142,-4.89786359,590.5352289,0,590.5409674,610.2033226,6.643550652,1,0.008725782492,0.008725782492,-1.190990753,-1.190990753,1,-0.03243652806,-0.03243652806,4.340715281,4.340715281
1634,32723891,1,17.0619142,-4.89786359,590.5352289,0,590.5409674,610.2033226,6.643550652,1,0.008725782492,0.008725782492,-1.190990753,-1.190990753,1,-0.03243652806,-0.03243652806,4.340715281,4.340715281
1635,32743568,1,17.0619142,-4.89786359,590.5352289,0,590.5409674,610.2033226,6.643550652,1,0.008725782492,0.008725782492,-1.190990753,-1.190990753,1,-0.03243652806,-0.03243652806,4.340715281,4.340715281
1636,32764360,1,17.0619142,-4.89786359,590.5352289,0,590.5409674,610.2033226,6.643550652,1,0.008725782492,0.008725782492,-1.190990753,-1.190990753,1,-0.03243652806,-0.03243652806,4.340715281,4.340715281
1637,32787282,1,17.0619142,-4.89786359,590.5352289,0,590.5409674,610.2033226,6.643550652,1,0.008725782492,0.008725782492,-1.190990753,-1.190990753,1,-0.03243652806,-0.03243652806,4.340715281,4.340715281
1638,32803509,1,17.0619142,-4.89786359,590.5352289,0,590.5409674,610.2033226,6.643550652,1,0.008725782492,0.008725782492,-1.190990753,-1.190990753,1,-0.03243652806,-0.03243652806,4.340715281,4.340715281
1639,32824290,1,17.0619142,-4.89786359,590.5352289,0,590.5409674,610.2033226,6.643550652,1,0.008725782492,0.008725782492,-1.190990753,-1.190990753,1,-0.03243652806,-0.03243652806,4.340715281,4.340715281
1640,32843828,1,17.0619142,-4.89786359,590.5352289,0,590.5409674,610.2033226,6.643550652,1,0.008725782492,0.008725782492,-1.190990753,-1.190990753,1,-0.03243652806,-0.03243652806,4.340715281,4.340715281
1641,32863625,1,17.0619142,-4.89786359,590.5352289,0,590.5409674,610.2033226,6.643550652,1,0.008725782492,0.008725782492,-1.190990753,-1.190990753,1,-0.03243652806,-0.03243652806,4.340715281,4.340715281
1642,32886947,1,17.0619142,-4.89786359,590.5352289,0,590.5409674,610.2033226,6.643550652,1,0.008725782492,0.008725782492,-1.190990753,-1.190990753,1,-0.03243652806,-0.03243652806,4.340715281,4.340715281
1643,32903664,1,17.0619142,-4.89786359,590.5352289,0,590.5409674,610.2033226,6.643550652,1,0.008725782492,0.008725782492,-1.190990753,-1.190990753,1,-0.03243652806,-0.03243652806,4.340715281,4.340715281
1644,32923181,1,17.0619142,-4.89786359,590.5352289,0,590.5409674,610.2033226,6.643550652,1,0.008725782492,0.008725782492,-1.190990753,-1.190990753,1,-0.03243652806,-0.03243652806,4.340715281,4.340715281
1645,32943582,1,17.0619142,-4.89786359,590.5352289,0,590.5409674,610.2033226,6.643550652,1,0.008725782492,0.008725782492,-1.190990753,-1.190990753,1,-0.03243652806,-0.03243652806,4.340715281,4.340715281
1646,32964296,1,17.0619142,-4.89786359,590.5352289,0,590.5409674,610.2033226,6.643550652,1,0.008725782492,0.008725782492,-1.190990753,-1.190990753,1,-0.03243652806,-0.03243652806,4.340715281,4.340715281
1647,32987501,1,17.0619142,-4.89786359,590.5352289,0,590.5409674,610.2033226,6.643550652,1,0.008725782492,0.008725782492,-1.190990753,-1.190990753,1,-0.03243652806,-0.03243652806,4.340715281,4.340715281
1648,33003939,1,17.0619142,-4.89786359,590.5352289,0,590.5409674,610.2033226,6.643550652,1,0.008725782492,0.008725782492,-1.190990753,-1.190990753,1,-0.03243652806,-0.03243652806,4.340715281,4.340715281
1649,33023394,1,17.0619142,-4.89786359,590.5352289,0,590.5409674,610.2033226,6.643550652,1,0.008725782492,0.008725782492,-1.190990753,-1.190990753,1,-0.03243652806,-0.03243652806,4.340715281,4.340715281
1650,33044596,1,17.0619142,-4.89786359,590.5352289,0,590.5409674,610.2033226,6.643550652,1,0.008725782492,0.008725782492,-1.190990753,-1.190990753,1,-0.03243652806,-0.03243652806,4.340715281,4.340715281
1651,33063833,1,17.0619142,-4.89786359,590.5352289,0,590.5409674,610.2033226,6.643550652,1,0.008725782492,0.008725782492,-1.190990753,-1.190990753,1,-0.03243652806,-0.03243652806,4.340715281,4.340715281
1652,33085865,1,17.0619142,-4.89786359,590.5352289,0,590.5409674,610.2033226,6.643550652,1,0.008725782492,0.008725782492,-1.190990753,-1.190990753,1,-0.03243652806,-0.03243652806,4.340715281,4.340715281
1653,33103838,1,17.0619142,-4.89786359,590.5352289,0,590.5409674,610.2033226,6.643550652,1,0.008725782492,0.008725782492,-1.190990753,-1.190990753,1,-0.03243652806,-0.03243652806,4.340715281,4.340715281
1654,33123673,1,17.0619142,-4.89786359,590.5352289,0,590.5409674,610.2033226,6.643550652,1,0.008725782492,0.008725782492,-1.190990753,-1.190990753,1,-0.03243652806,-0.03243652806,4.340715281,4.340715281
1655,33144074,1,17.0619142,-4.89786359,590.5352289,0,590.5409674,610.2033226,6.643550652,1,0.008725782492,0.008725782492,-1.190990753,-1.190990753,1,-0.03243652806,-0.03243652806,4.340715281,4.340715281
1656,33163770,1,17.0619142,-4.89786359,590.5352289,0,590.5409674,610.2033226,6.643550652,1,0.008725782492,0.008725782492,-1.190990753,-1.190990753,1,-0.03243652806,-0.03243652806,4.340715281,4.340715281
1657,33186802,1,17.0619142,-4.89786359,590.5352289,0,590.5409674,610.2033226,6.643550652,1,0.008725782492,0.008725782492,-1.190990753,-1.190990753,1,-0.03243652806,-0.03243652806,4.340715281,4.340715281
1658,33203653,1,17.0619142,-4.89786359,590.5352289,0,590.5409674,610.2033226,6.643550652,1,0.008725782492,0.008725782492,-1.190990753,-1.190990753,1,-0.03243652806,-0.03243652806,4.340715281,4.340715281
1659,33223895,1,17.0619142,-4.89786359,590.5352289,0,590.5409674,610.2033226,6.643550652,1,0.008725782492,0.008725782492,-1.190990753,-1.190990753,1,-0.03243652806,-0.03243652806,4.340715281,4.340715281
1660,33243147,1,17.0619142,-4.89786359,590.5352289,0,590.5409674,610.2033226,6.643550652,1,0.008725782492,0.008725782492,-1.190990753,-1.190990753,1,-0.03243652806,-0.03243652806,4.340715281,4.340715281
1661,33263942,1,17.0619142,-4.89786359,590.5352289,0,590.5409674,610.2033226,6.643550652,1,0.008725782492,0.008725782492,-1.190990753,-1.190990753,1,-0.03243652806,-0.03243652806,4.340715281,4.340715281
1662,33285248,1,17.0619142,-4.89786359,590.5352289,0,590.5409674,610.2033226,6.643550652,1,0.008725782492,0.008725782492,-1.190990753,-1.190990753,1,-0.03243652806,-0.03243652806,4.340715281,4.340715281
1663,33303957,1,17.0619142,-4.89786359,590.5352289,0,590.5409674,610.2033226,6.643550652,1,0.008725782492,0.008725782492,-1.190990753,-1.190990753,1,-0.03243652806,-0.03243652806,4.340715281,4.340715281
1664,33323679,1,17.0619142,-4.89786359,590.5352289,0,590.5409674,610.2033226,6.643550652,1,0.008725782492,0.008725782492,-1.190990753,-1.190990753,1,-0.03243652806,-0.03243652806,4.340715281,4.340715281
1665,33344735,1,17.0619142,-4.89786359,590.5352289,0,590.5409674,610.2033226,6.643550652,1,0.008725782492,0.008725782492,-1.190990753,-1.190990753,1,-0.03243652806,-0.03243652806,4.340715281,4.340715281
1666,33364234,1,17.0619142,-4.89786359,590.5352289,0,590.5409674,610.2033226,6.643550652,1,0.008725782492,0.008725782492,-1.190990753,-1.190990753,1,-0.03243652806,-0.03243652806,4.340715281,4.340715281
1667,33386516,1,17.0619142,-4.89786359,590.5352289,0,590.5409674,610.2033226,6.643550652,1,0.008725782492,0.008725782492,-1.190990753,-1.190990753,1,-0.03243652806,-0.03243652806,4.340715281,4.340715281
1668,33403572,1,17.0619142,-4.89786359,590.5352289,0,590.5409674,610.2033226,6.643550652,1,0.008725782492,0.008725782492,-1.190990753,-1.190990753,1,-0.03243652806,-0.03243652806,4.340715281,4.340715281
1669,33423601,1,17.0619142,-4.89786359,590.5352289,0,590.5409674,610.2033226,6.643550652,1,0.008725782492,0.008725782492,-1.190990753,-1.190990753,1,-0.03243652806,-0.03243652806,4.340715281,4.340715281
1670,33443190,1,17.0619142,-4.89786359,590.5352289,0,590.5409674,610.2033226,6.643550652,1,0.008725782492,0.008725782492,-1.190990753,-1.190990753,1,-0.03243652806,-0.03243652806,4.340715281,4.340715281
1671,33463694,1,17.0619142,-4.89786359,590.5352289,0,590.5409674,610.2033226,6.643550652,1,0.008725782492,0.008725782492,-1.190990753,-1.190990753,1,-0.03243652806,-0.03243652806,4.340715281,4.340715281
1672,33484728,1,17.0619142,-4.89786359,590.5352289,0,590.5409674,610.2033226,6.643550652,1,0.008725782492,0.008725782492,-1.190990753,-1.190990753,1,-0.03243652806,-0.03243652806,4.340715281,4.340715281
1673,33503020,1,17.0619142,-4.89786359,590.5352289,0,590.5409674,610.2033226,6.643550652,1,0.008725782492,0.008725782492,-1.190990753,-1.190990753,1,-0.03243652806,-0.03243652806,4.340715281,4.340715281
1674,33523667,1,17.0619142,-4.89786359,590.5352289,0,590.5409674,610.2033226,6.643550652,1,0.008725782492,0.008725782492,-1.190990753,-1.190990753,1,-0.03243652806,-0.03243652806,4.340715281,4.340715281
1675,33543905,1,17.0619142,-4.89786359,590.5352289,0,590.5409674,610.2033226,6.643550652,1,0.008725782492,0.008725782492,-1.190990753,-1.190990753,1,-0.03243652806,-0.03243652806,4.340715281,4.340715281
1676,33563828,1,17.0619142,-4.89786359,590.5352289,0,590.5409674,610.2033226,6.643550652,1,0.008725782492,0.008725782492,-1.190990753,-1.190990753,1,-0.03243652806,-0.03243652806,4.340715281,4.340715281
1677,33585688,1,17.0619142,-4.89786359,590.5352289,0,590.5409674,610.2033226,6.643550652,1,0.008725782492,0.008725782492,-1.190990753,-1.190990753,1,-0.03243652806,-0.03243652806,4.340715281,4.340715281
1678,33604086,1,17.0619142,-4.89786359,590.5352289,0,590.5409674,610.2033226,6.643550652,1,0.008725782492,0.008725782492,-1.190990753,-1.190990753,1,-0.03243652806,-0.03243652806,4.340715281,4.340715281
1679,33624267,1,17.0619142,-4.89786359,590.5352289,0,590.5409674,610.2033226,6.643550652,1,0.008725782492,0.008725782492,-1.190990753,-1.190990753,1,-0.03243652806,-0.03243652806,4.340715281,4.340715281
1680,33643676,1,17.0619142,-4.89786359,590.5352289,0,590.5409674,610.2033226,6.643550652,1,0.008725782492,0.008725782492,-1.190990753,-1.190990753,1,-0.03243652806,-0.03243652806,4.340715281,4.340715281
1681,33663393,1,17.0619142,-4.89786359,590.5352289,0,590.5409674,610.2033226,6.643550652,1,0.008725782492,0.008725782492,-1.190990753,-1.190990753,1,-0.03243652806,-0.03243652806,4.340715281,4.340715281
1682,33686905,1,17.0619142,-4.89786359,590.5352289,0,590.5409674,610.2033226,6.643550652,1,0.008725782492,0.008725782492,-1.190990753,-1.190990753,1,-0.03243652806,-0.03243652806,4.340715281,4.340715281
1683,33703915,1,17.0619142,-4.89786359,590.5352289,0,590.5409674,610.2033226,6.643550652,1,0.008725782492,0.008725782492,-1.190990753,-1.190990753,1,-0.03243652806,-0.03243652806,4.340715281,4.340715281
1684,33723437,1,17.0619142,-4.89786359,590.5352289,0,590.5409674,610.2033226,6.643550652,1,0.008725782492,0.008725782492,-1.190990753,-1.190990753,1,-0.03243652806,-0.03243652806,4.340715281,4.340715281
1685,33744003,1,17.0619142,-4.89786359,590.5352289,0,590.5409674,610.2033226,6.643550652,1,0.008725782492,0.008725782492,-1.190990753,-1.190990753,1,-0.03243652806,-0.03243652806,4.340715281,4.340715281
1686,33763422,1,17.0619142,-4.89786359,590.5352289,0,590.5409674,610.2033226,6.643550652,1,0.008725782492,0.008725782492,-1.190990753,-1.190990753,1,-0.03243652806,-0.03243652806,4.340715281,4.340715281
1687,33787857,1,17.0619142,-4.89786359,590.5352289,0,590.5409674,610.2033226,6.643550652,1,0.008725782492,0.008725782492,-1.190990753,-1.190990753,1,-0.03243652806,-0.03243652806,4.340715281,4.340715281
1688,33804728,1,17.0619142,-4.89786359,590.5352289,0,590.5409674,610.2033226,6.643550652,1,0.008725782492,0.008725782492,-1.190990753,-1.190990753,1,-0.03243652806,-0.03243652806,4.340715281,4.340715281
1689,33823651,1,17.0619142,-4.89786359,590.5352289,0,590.5409674,610.2033226,6.643550652,1,0.008725782492,0.008725782492,-1.190990753,-1.190990753,1,-0.03243652806,-0.03243652806,4.340715281,4.340715281
1690,33843122,1,17.0619142,-4.89786359,590.5352289,0,590.5409674,610.2033226,6.643550652,1,0.008725782492,0.008725782492,-1.190990753,-1.190990753,1,-0.03243652806,-0.03243652806,4.340715281,4.340715281
1691,33863813,1,17.0619142,-4.89786359,590.5352289,0,590.5409674,610.2033226,6.643550652,1,0.008725782492,0.008725782492,-1.190990753,-1.190990753,1,-0.03243652806,-0.03243652806,4.340715281,4.340715281
1692,33885994,1,17.0619142,-4.89786359,590.5352289,0,590.5409674,610.2033226,6.643550652,1,0.008725782492,0.008725782492,-1.190990753,-1.190990753,1,-0.03243652806,-0.03243652806,4.340715281,4.340715281
1693,33904553,1,17.0619142,-4.89786359,590.5352289,0,590.5409674,610.2033226,6.643550652,1,0.008725782492,0.008725782492,-1.190990753,-1.190990753,1,-0.03243652806,-0.03243652806,4.340715281,4.340715281
1694,33923153,1,17.0619142,-4.89786359,590.5352289,0,590.5409674,610.2033226,6.643550652,1,0.008725782492,0.008725782492,-1.190990753,-1.190990753,1,-0.03243652806,-0.03243652806,4.340715281,4.340715281
1695,33944245,1,17.0619142,-4.89786359,590.5352289,0,590.5409674,610.2033226,6.643550652,1,0.008725782492,0.008725782492,-1.190990753,-1.190990753,1,-0.03243652806,-0.03243652806,4.340715281,4.340715281
1696,33964005,1,17.0619142,-4.89786359,590.5352289,0,590.5409674,610.2033226,6.643550652,1,0.008725782492,0.008725782492,-1.190990753,-1.190990753,1,-0.03243652806,-0.03243652806,4.340715281,4.340715281
1697,33986550,1,17.0619142,-4.89786359,590.5352289,0,590.5409674,610.2033226,6.643550652,1,0.008725782492,0.008725782492,-1.190990753,-1.190990753,1,-0.03243652806,-0.03243652806,4.340715281,4.340715281
1698,34003911,1,17.0619142,-4.89786359,590.5352289,0,590.5409674,610.2033226,6.643550652,1,0.008725782492,0.008725782492,-1.190990753,-1.190990753,1,-0.03243652806,-0.03243652806,4.340715281,4.340715281
1699,34023799,1,17.0619142,-4.89786359,590.5352289,0,590.5409674,610.2033226,6.643550652,1,0.008725782492,0.008725782492,-1.190990753,-1.190990753,1,-0.03243652806,-0.03243652806,4.340715281,4.340715281
1700,34043459,1,17.0619142,-4.89786359,590.5352289,0,590.5409674,610.2033226,6.643550652,1,0.008725782492,0.008725782492,-1.190990753,-1.190990753,1,-0.03243652806,-0.03243652806,4.340715281,4.340715281
1701,34063549,1,17.0619142,-4.89786359,590.5352289,0,590.5409674,610.2033226,6.643550652,1,0.008725782492,0.008725782492,-1.190990753,-1.190990753,1,-0.03243652806,-0.03243652806,4.340715281,4.340715281
1702,34087858,1,17.0619142,-4.89786359,590.5352289,0,590.5409674,610.2033226,6.643550652,1,0.008725782492,0.008725782492,-1.190990753,-1.190990753,1,-0.03243652806,-0.03243652806,4.340715281,4.340715281
1703,34103583,1,17.0619142,-4.89786359,590.5352289,0,590.5409674,610.2033226,6.643550652,1,0.008725782492,0.008725782492,-1.190990753,-1.190990753,1,-0.03243652806,-0.03243652806,4.340715281,4.340715281
1704,34123543,1,17.0619142,-4.89786359,590.5352289,0,590.5409674,610.2033226,6.643550652,1,0.008725782492,0.008725782492,-1.190990753,-1.190990753,1,-0.03243652806,-0.03243652806,4.340715281,4.340715281
1705,34143582,1,17.0619142,-4.89786359,590.5352289,0,590.5409674,610.2033226,6.643550652,1,0.008725782492,0.008725782492,-1.190990753,-1.190990753,1,-0.03243652806,-0.03243652806,4.340715281,4.340715281
1706,34163580,1,17.0619142,-4.89786359,590.5352289,0,590.5409674,610.2033226,6.643550652,1,0.008725782492,0.008725782492,-1.190990753,-1.190990753,1,-0.03243652806,-0.03243652806,4.340715281,4.340715281
1707,34187030,1,17.0619142,-4.89786359,590.5352289,0,590.5409674,610.2033226,6.643550652,1,0.008725782492,0.008725782492,-1.190990753,-1.190990753,1,-0.03243652806,-0.03243652806,4.340715281,4.340715281
1708,34204118,1,17.0619142,-4.89786359,590.5352289,0,590.5409674,610.2033226,6.643550652,1,0.008725782492,0.008725782492,-1.190990753,-1.190990753,1,-0.03243652806,-0.03243652806,4.340715281,4.340715281
1709,34223706,1,17.0619142,-4.89786359,590.5352289,0,590.5409674,610.2033226,6.643550652,1,0.008725782492,0.008725782492,-1.190990753,-1.190990753,1,-0.03243652806,-0.03243652806,4.340715281,4.340715281
1710,34243125,1,17.0619142,-4.89786359,590.5352289,0,590.5409674,610.2033226,6.643550652,1,0.008725782492,0.008725782492,-1.190990753,-1.190990753,1,-0.03243652806,-0.03243652806,4.340715281,4.340715281
1711,34267130,1,17.0619142,-4.89786359,590.5352289,0,590.5409674,610.2033226,6.643550652,1,0.008725782492,0.008725782492,-1.190990753,-1.190990753,1,-0.03243652806,-0.03243652806,4.340715281,4.340715281
1712,34286416,1,17.0619142,-4.89786359,590.5352289,0,590.5409674,610.2033226,6.643550652,1,0.008725782492,0.008725782492,-1.190990753,-1.190990753,1,-0.03243652806,-0.03243652806,4.340715281,4.340715281
1713,34303753,1,17.0619142,-4.89786359,590.5352289,0,590.5409674,610.2033226,6.643550652,1,0.008725782492,0.008725782492,-1.190990753,-1.190990753,1,-0.03243652806,-0.03243652806,4.340715281,4.340715281
1714,34323961,1,17.0619142,-4.89786359,590.5352289,0,590.5409674,610.2033226,6.643550652,1,0.008725782492,0.008725782492,-1.190990753,-1.190990753,1,-0.03243652806,-0.03243652806,4.340715281,4.340715281
1715,34344337,1,17.0619142,-4.89786359,590.5352289,0,590.5409674,610.2033226,6.643550652,1,0.008725782492,0.008725782492,-1.190990753,-1.190990753,1,-0.03243652806,-0.03243652806,4.340715281,4.340715281
1716,34363896,1,17.0619142,-4.89786359,590.5352289,0,590.5409674,610.2033226,6.643550652,1,0.008725782492,0.008725782492,-1.190990753,-1.190990753,1,-0.03243652806,-0.03243652806,4.340715281,4.340715281
1717,34384851,1,17.0619142,-4.89786359,590.5352289,0,590.5409674,610.2033226,6.643550652,1,0.008725782492,0.008725782492,-1.190990753,-1.190990753,1,-0.03243652806,-0.03243652806,4.340715281,4.340715281
1718,34403536,1,17.0619142,-4.89786359,590.5352289,0,590.5409674,610.2033226,6.643550652,1,0.008725782492,0.008725782492,-1.190990753,-1.190990753,1,-0.03243652806,-0.03243652806,4.340715281,4.340715281
1719,34423718,1,17.0619142,-4.89786359,590.5352289,0,590.5409674,610.2033226,6.643550652,1,0.008725782492,0.008725782492,-1.190990753,-1.190990753,1,-0.03243652806,-0.03243652806,4.340715281,4.340715281
1720,34444013,1,17.0619142,-4.89786359,590.5352289,0,590.5409674,610.2033226,6.643550652,1,0.008725782492,0.008725782492,-1.190990753,-1.190990753,1,-0.03243652806,-0.03243652806,4.340715281,4.340715281
1721,34463843,1,17.0619142,-4.89786359,590.5352289,0,590.5409674,610.2033226,6.643550652,1,0.008725782492,0.008725782492,-1.190990753,-1.190990753,1,-0.03243652806,-0.03243652806,4.340715281,4.340715281
1722,34485672,1,17.0619142,-4.89786359,590.5352289,0,590.5409674,610.2033226,6.643550652,1,0.008725782492,0.008725782492,-1.190990753,-1.190990753,1,-0.03243652806,-0.03243652806,4.340715281,4.340715281
1723,34503698,1,17.0619142,-4.89786359,590.5352289,0,590.5409674,610.2033226,6.643550652,1,0.008725782492,0.008725782492,-1.190990753,-1.190990753,1,-0.03243652806,-0.03243652806,4.340715281,4.340715281
1724,34523390,1,17.0619142,-4.89786359,590.5352289,0,590.5409674,610.2033226,6.643550652,1,0.008725782492,0.008725782492,-1.190990753,-1.190990753,1,-0.03243652806,-0.03243652806,4.340715281,4.340715281
1725,34543537,1,17.0619142,-4.89786359,590.5352289,0,590.5409674,610.2033226,6.643550652,1,0.008725782492,0.008725782492,-1.190990753,-1.190990753,1,-0.03243652806,-0.03243652806,4.340715281,4.340715281
1726,34564614,1,17.0619142,-4.89786359,590.5352289,0,590.5409674,610.2033226,6.643550652,1,0.008725782492,0.008725782492,-1.190990753,-1.190990753,1,-0.03243652806,-0.03243652806,4.340715281,4.340715281
1727,34586783,1,17.0619142,-4.89786359,590.5352289,0,590.5409674,610.2033226,6.643550652,1,0.008725782492,0.008725782492,-1.190990753,-1.190990753,1,-0.03243652806,-0.03243652806,4.340715281,4.340715281
1728,34603153,1,17.0619142,-4.89786359,590.5352289,0,590.5409674,610.2033226,6.643550652,1,0.008725782492,0.008725782492,-1.190990753,-1.190990753,1,-0.03243652806,-0.03243652806,4.340715281,4.340715281
1729,34623534,1,17.0619142,-4.89786359,590.5352289,0,590.5409674,610.2033226,6.643550652,1,0.008725782492,0.008725782492,-1.190990753,-1.190990753,1,-0.03243652806,-0.03243652806,4.340715281,4.340715281
1730,34643661,1,17.0619142,-4.89786359,590.5352289,0,590.5409674,610.2033226,6.643550652,1,0.008725782492,0.008725782492,-1.190990753,-1.190990753,1,-0.03243652806,-0.03243652806,4.340715281,4.340715281
1731,34663776,1,17.0619142,-4.89786359,590.5352289,0,590.5409674,610.2033226,6.643550652,1,0.008725782492,0.008725782492,-1.190990753,-1.190990753,1,-0.03243652806,-0.03243652806,4.340715281,4.340715281
1732,34686156,1,17.0619142,-4.89786359,590.5352289,0,590.5409674,610.2033226,6.643550652,1,0.008725782492,0.008725782492,-1.190990753,-1.190990753,1,-0.03243652806,-0.03243652806,4.340715281,4.340715281
1733,34703205,1,17.0619142,-4.89786359,590.5352289,0,590.5409674,610.2033226,6.643550652,1,0.008725782492,0.008725782492,-1.190990753,-1.190990753,1,-0.03243652806,-0.03243652806,4.340715281,4.340715281
1734,34724182,1,17.0619142,-4.89786359,590.5352289,0,590.5409674,610.2033226,6.643550652,1,0.008725782492,0.008725782492,-1.190990753,-1.190990753,1,-0.03243652806,-0.03243652806,4.340715281,4.340715281
1735,34744164,1,17.0619142,-4.89786359,590.5352289,0,590.5409674,610.2033226,6.643550652,1,0.008725782492,0.008725782492,-1.190990753,-1.190990753,1,-0.03243652806,-0.03243652806,4.340715281,4.340715281
1736,34764023,1,17.0619142,-4.89786359,590.5352289,0,590.5409674,610.2033226,6.643550652,1,0.008725782492,0.008725782492,-1.190990753,-1.190990753,1,-0.03243652806,-0.03243652806,4.340715281,4.340715281
1737,34786354,1,17.0619142,-4.89786359,590.5352289,0,590.5409674,610.2033226,6.643550652,1,0.008725782492,0.008725782492,-1.190990753,-1.190990753,1,-0.03243652806,-0.03243652806,4.340715281,4.340715281
1738,34803591,1,17.0619142,-4.89786359,590.5352289,0,590.5409674,610.2033226,6.643550652,1,0.008725782492,0.008725782492,-1.190990753,-1.190990753,1,-0.03243652806,-0.03243652806,4.340715281,4.340715281
1739,34823935,1,17.0619142,-4.89786359,590.5352289,0,590.5409674,610.2033226,6.643550652,1,0.008725782492,0.008725782492,-1.190990753,-1.190990753,1,-0.03243652806,-0.03243652806,4.340715281,4.340715281
1740,34843715,1,17.0619142,-4.89786359,590.5352289,0,590.5409674,610.2033226,6.643550652,1,0.008725782492,0.008725782492,-1.190990753,-1.190990753,1,-0.03243652806,-0.03243652806,4.340715281,4.340715281
1741,34863535,1,17.0619142,-4.89786359,590.5352289,0,590.5409674,610.2033226,6.643550652,1,0.008725782492,0.008725782492,-1.190990753,-1.190990753,1,-0.03243652806,-0.03243652806,4.340715281,4.340715281
1742,34884712,1,17.0619142,-4.89786359,590.5352289,0,590.5409674,610.2033226,6.643550652,1,0.008725782492,0.008725782492,-1.190990753,-1.190990753,1,-0.03243652806,-0.03243652806,4.340715281,4.340715281
1743,34903613,1,17.0619142,-4.89786359,590.5352289,0,590.5409674,610.2033226,6.643550652,1,0.008725782492,0.008725782492,-1.190990753,-1.190990753,1,-0.03243652806,-0.03243652806,4.340715281,4.340715281
1744,34924234,1,17.0619142,-4.89786359,590.5352289,0,590.5409674,610.2033226,6.643550652,1,0.008725782492,0.008725782492,-1.190990753,-1.190990753,1,-0.03243652806,-0.03243652806,4.340715281,4.340715281
1745,34943875,1,17.0619142,-4.89786359,590.5352289,0,590.5409674,610.2033226,6.643550652,1,0.008725782492,0.008725782492,-1.190990753,-1.190990753,1,-0.03243652806,-0.03243652806,4.340715281,4.340715281
1746,34963602,1,17.0619142,-4.89786359,590.5352289,0,590.5409674,610.2033226,6.643550652,1,0.008725782492,0.008725782492,-1.190990753,-1.190990753,1,-0.03243652806,-0.03243652806,4.340715281,4.340715281
1747,34986829,1,17.0619142,-4.89786359,590.5352289,0,590.5409674,610.2033226,6.643550652,1,0.008725782492,0.008725782492,-1.190990753,-1.190990753,1,-0.03243652806,-0.03243652806,4.340715281,4.340715281
1748,35003707,1,17.0619142,-4.89786359,590.5352289,0,590.5409674,610.2033226,6.643550652,1,0.008725782492,0.008725782492,-1.190990753,-1.190990753,1,-0.03243652806,-0.03243652806,4.340715281,4.340715281
1749,35024224,1,17.0619142,-4.89786359,590.5352289,0,590.5409674,610.2033226,6.643550652,1,0.008725782492,0.008725782492,-1.190990753,-1.190990753,1,-0.03243652806,-0.03243652806,4.340715281,4.340715281
1750,35043681,1,17.0619142,-4.89786359,590.5352289,0,590.5409674,610.2033226,6.643550652,1,0.008725782492,0.008725782492,-1.190990753,-1.190990753,1,-0.03243652806,-0.03243652806,4.340715281,4.340715281
1751,35064086,1,17.0619142,-4.89786359,590.5352289,0,590.5409674,610.2033226,6.643550652,1,0.008725782492,0.008725782492,-1.190990753,-1.190990753,1,-0.03243652806,-0.03243652806,4.340715281,4.340715281
1752,35085618,1,17.0619142,-4.89786359,590.5352289,0,590.5409674,610.2033226,6.643550652,1,0.008725782492,0.008725782492,-1.190990753,-1.190990753,1,-0.03243652806,-0.03243652806,4.340715281,4.340715281
1753,35103076,1,17.0619142,-4.89786359,590.5352289,0,590.5409674,610.2033226,6.643550652,1,0.008725782492,0.008725782492,-1.190990753,-1.190990753,1,-0.03243652806,-0.03243652806,4.340715281,4.340715281
1754,35123791,1,17.0619142,-4.89786359,590.5352289,0,590.5409674,610.2033226,6.643550652,1,0.008725782492,0.008725782492,-1.190990753,-1.190990753,1,-0.03243652806,-0.03243652806,4.340715281,4.340715281
1755,35143934,1,17.0619142,-4.89786359,590.5352289,0,590.5409674,610.2033226,6.643550652,1,0.008725782492,0.008725782492,-1.190990753,-1.190990753,1,-0.03243652806,-0.03243652806,4.340715281,4.340715281
1756,35164082,1,17.0619142,-4.89786359,590.5352289,0,590.5409674,610.2033226,6.643550652,1,0.008725782492,0.008725782492,-1.190990753,-1.190990753,1,-0.03243652806,-0.03243652806,4.340715281,4.340715281
1757,35187364,1,17.0619142,-4.89786359,590.5352289,0,590.5409674,610.2033226,6.643550652,1,0.008725782492,0.008725782492,-1.190990753,-1.190990753,1,-0.03243652806,-0.03243652806,4.340715281,4.340715281
1758,35203378,1,17.0619142,-4.89786359,590.5352289,0,590.5409674,610.2033226,6.643550652,1,0.008725782492,0.008725782492,-1.190990753,-1.190990753,1,-0.03243652806,-0.03243652806,4.340715281,4.340715281
1759,35223906,1,17.0619142,-4.89786359,590.5352289,0,590.5409674,610.2033226,6.643550652,1,0.008725782492,0.008725782492,-1.190990753,-1.190990753,1,-0.03243652806,-0.03243652806,4.340715281,4.340715281
1760,35243845,1,17.0619142,-4.89786359,590.5352289,0,590.5409674,610.2033226,6.643550652,1,0.008725782492,0.008725782492,-1.190990753,-1.190990753,1,-0.03243652806,-0.03243652806,4.340715281,4.340715281
1761,35264050,1,17.0619142,-4.89786359,590.5352289,0,590.5409674,610.2033226,6.643550652,1,0.008725782492,0.008725782492,-1.190990753,-1.190990753,1,-0.03243652806,-0.03243652806,4.340715281,4.340715281
1762,35284627,1,17.0619142,-4.89786359,590.5352289,0,590.5409674,610.2033226,6.643550652,1,0.008725782492,0.008725782492,-1.190990753,-1.190990753,1,-0.03243652806,-0.03243652806,4.340715281,4.340715281
1763,35303126,1,17.0619142,-4.89786359,590.5352289,0,590.5409674,610.2033226,6.643550652,1,0.008725782492,0.008725782492,-1.190990753,-1.190990753,1,-0.03243652806,-0.03243652806,4.340715281,4.340715281
1764,35323878,1,17.0619142,-4.89786359,590.5352289,0,590.5409674,610.2033226,6.643550652,1,0.008725782492,0.008725782492,-1.190990753,-1.190990753,1,-0.03243652806,-0.03243652806,4.340715281,4.340715281
1765,35344189,1,17.0619142,-4.89786359,590.5352289,0,590.5409674,610.2033226,6.643550652,1,0.008725782492,0.008725782492,-1.190990753,-1.190990753,1,-0.03243652806,-0.03243652806,4.340715281,4.340715281
1766,35364713,1,17.0619142,-4.89786359,590.5352289,0,590.5409674,610.2033226,6.643550652,1,0.008725782492,0.008725782492,-1.190990753,-1.190990753,1,-0.03243652806,-0.03243652806,4.340715281,4.340715281
1767,35386880,1,17.0619142,-4.89786359,590.5352289,0,590.5409674,610.2033226,6.643550652,1,0.008725782492,0.008725782492,-1.190990753,-1.190990753,1,-0.03243652806,-0.03243652806,4.340715281,4.340715281
1768,35403524,1,17.0619142,-4.89786359,590.5352289,0,590.5409674,610.2033226,6.643550652,1,0.008725782492,0.008725782492,-1.190990753,-1.190990753,1,-0.03243652806,-0.03243652806,4.340715281,4.340715281
1769,35423859,1,17.0619142,-4.89786359,590.5352289,0,590.5409674,610.2033226,6.643550652,1,0.008725782492,0.008725782492,-1.190990753,-1.190990753,1,-0.03243652806,-0.03243652806,4.340715281,4.340715281
1770,35444021,1,17.0619142,-4.89786359,590.5352289,0,590.5409674,610.2033226,6.643550652,1,0.008725782492,0.008725782492,-1.190990753,-1.190990753,1,-0.03243652806,-0.03243652806,4.340715281,4.340715281
1771,35463133,1,17.0619142,-4.89786359,590.5352289,0,590.5409674,610.2033226,6.643550652,1,0.008725782492,0.008725782492,-1.190990753,-1.190990753,1,-0.03243652806,-0.03243652806,4.340715281,4.340715281
1772,35486464,1,17.0619142,-4.89786359,590.5352289,0,590.5409674,610.2033226,6.643550652,1,0.008725782492,0.008725782492,-1.190990753,-1.190990753,1,-0.03243652806,-0.03243652806,4.340715281,4.340715281
1773,35503291,1,17.0619142,-4.89786359,590.5352289,0,590.5409674,610.2033226,6.643550652,1,0.008725782492,0.008725782492,-1.190990753,-1.190990753,1,-0.03243652806,-0.03243652806,4.340715281,4.340715281
1774,35523218,1,17.0619142,-4.89786359,590.5352289,0,590.5409674,610.2033226,6.643550652,1,0.008725782492,0.008725782492,-1.190990753,-1.190990753,1,-0.03243652806,-0.03243652806,4.340715281,4.340715281
1775,35543531,1,17.0619142,-4.89786359,590.5352289,0,590.5409674,610.2033226,6.643550652,1,0.008725782492,0.008725782492,-1.190990753,-1.190990753,1,-0.03243652806,-0.03243652806,4.340715281,4.340715281
1776,35563135,1,17.0619142,-4.89786359,590.5352289,0,590.5409674,610.2033226,6.643550652,1,0.008725782492,0.008725782492,-1.190990753,-1.190990753,1,-0.03243652806,-0.03243652806,4.340715281,4.340715281
1777,35586022,1,17.0619142,-4.89786359,590.5352289,0,590.5409674,610.2033226,6.643550652,1,0.008725782492,0.008725782492,-1.190990753,-1.190990753,1,-0.03243652806,-0.03243652806,4.340715281,4.340715281
1778,35603888,1,17.0619142,-4.89786359,590.5352289,0,590.5409674,610.2033226,6.643550652,1,0.008725782492,0.008725782492,-1.190990753,-1.190990753,1,-0.03242227102,-0.03243178008,4.340715281,4.340715281
1779,35623786,1,17.0619142,-4.89786359,590.5352289,0,590.5409674,610.2033226,6.643550652,1,0.008725782492,0.008725782492,-1.190990753,-1.190990753,1,-0.03242227024,-0.03242761952,4.340715281,4.340715281
1780,35643631,1,17.0619142,-4.89786359,590.5352289,0,590.5409674,610.2033226,6.643550652,1,0.008725782492,0.008725782492,-1.190990753,-1.190990753,1,-0.03242227024,-0.03242527921,4.340715281,4.340715281
1781,35663551,1,17.0619142,-4.89786359,590.5352289,0,590.5409674,610.2033226,6.643550652,1,0.008725782492,0.008725782492,-1.190990753,-1.190990753,1,-0.03242227024,-0.03242396279,4.340715281,4.340715281
1782,35686426,1,17.0619142,-4.89786359,590.5352289,0,590.5409674,610.2033226,6.643550652,1,0.008725782492,0.008725782492,-1.190990753,-1.190990753,1,-0.03242227024,-0.0324232223,4.340715281,4.340715281
1783,35703673,1,17.0619142,-4.89786359,590.5352289,0,590.5409674,610.2033226,6.643550652,1,0.008725782492,0.008725782492,-1.190990753,-1.190990753,1,-0.03242227024,-0.03242280577,4.340715281,4.340715281
1784,35723810,1,17.0619142,-4.89786359,590.5352289,0,590.5409674,610.2033226,6.643550652,1,0.008725782492,0.008725782492,-1.190990753,-1.190990753,1,-0.03242227024,-0.03242257148,4.340715281,4.340715281
1785,35744161,1,17.0619142,-4.89786359,590.5352289,0,590.5409674,610.2033226,6.643550652,1,0.008725782492,0.008725782492,-1.190990753,-1.190990753,1,-0.03242227024,-0.03242243969,4.340715281,4.340715281
1786,35763928,1,17.0619142,-4.89786359,590.5352289,0,590.5409674,610.2033226,6.643550652,1,0.008725782492,0.008725782492,-1.190990753,-1.190990753,1,-0.03242227024,-0.03242236555,4.340715281,4.340715281
1787,35785838,1,17.0619142,-4.89786359,590.5352289,0,590.5409674,610.2033226,6.643550652,1,0.008725782492,0.008725782492,-1.190990753,-1.190990753,1,-0.03242227024,-0.03242232386,4.340715281,4.340715281
1788,35804356,1,17.0619142,-4.89786359,590.5352289,0,590.5409674,610.2033226,6.643550652,1,0.008725782492,0.008725782492,-1.190990753,-1.190990753,1,-0.03242227024,-0.0324223004,4.340715281,4.340715281
1789,35824078,1,17.0619142,-4.89786359,590.5352289,0,590.5409674,610.2033226,6.643550652,1,0.008725782492,0.008725782492,-1.190990753,-1.190990753,1,-0.03242227024,-0.03242228721,4.340715281,4.340715281
1790,35844304,1,17.0619142,-4.89786359,590.5352289,0,590.5409674,610.2033226,6.643550652,1,0.008725782492,0.008725782492,-1.190990753,-1.190990753,1,-0.03242227024,-0.03242227978,4.340715281,4.340715281
1791,35863178,1,17.0619142,-4.89786359,590.5352289,0,590.5409674,610.2033226,6.643550652,1,0.008725782492,0.008725782492,-1.190990753,-1.190990753,1,-0.03242227024,-0.03242227561,4.340715281,4.340715281
1792,35886442,1,17.0619142,-4.89786359,590.5352289,0,590.5409674,610.2033226,6.643550652,1,0.008725782492,0.008725782492,-1.190990753,-1.190990753,1,-0.03242227024,-0.03242227326,4.340715281,4.340715281
1793,35903506,1,17.0619142,-4.89786359,590.5352289,0,590.5409674,610.2033226,6.643550652,1,0.008725782492,0.008725782492,-1.190990753,-1.190990753,1,-0.03242227024,-0.03242227194,4.340715281,4.340715281
1794,35923148,1,17.0619142,-4.89786359,590.5352289,0,590.5409674,610.2033226,6.643550652,1,0.008725782492,0.008725782492,-1.190990753,-1.190990753,1,-0.03242227024,-0.0324222712,4.340715281,4.340715281
1795,35943217,1,17.0619142,-4.89786359,590.5352289,0,590.5409674,610.2033226,6.643550652,1,0.008725782492,0.008725782492,-1.190990753,-1.190990753,1,-0.03242227024,-0.03242227096,4.340715281,4.340715281
1796,35963701,1,17.0619142,-4.89786359,590.5352289,0,590.5409674,610.2033226,6.643550652,1,0.008725782492,0.008725782492,-1.190990753,-1.190990753,1,-0.03242227024,-0.03242227054,4.340715281,4.340715281
1797,35985867,1,17.0619142,-4.89786359,590.5352289,0,590.5409674,610.2033226,6.643550652,1,0.008725782492,0.008725782492,-1.190990753,-1.190990753,1,-0.03242227024,-0.03242227041,4.340715281,4.340715281
1798,36003519,1,17.0619142,-4.89786359,590.5352289,0,590.5409674,610.2033226,6.643550652,1,0.008725782492,0.008725782492,-1.190990753,-1.190990753,1,-0.03242227024,-0.03242227034,4.340715281,4.340715281
1799,36023554,1,17.0619142,-4.89786359,590.5352289,0,590.5409674,610.2033226,6.643550652,1,0.008725782492,0.008725782492,-1.190990753,-1.190990753,1,-0.03242227024,-0.0324222703,4.340715281,4.340715281
1800,36043762,1,17.0619142,-4.89786359,590.5352289,0,590.5409674,610.2033226,6.643550652,1,0.008725782492,0.008725782492,-1.190990753,-1.190990753,1,-0.03242227024,-0.03242227027,4.340715281,4.340715281
1801,36063484,1,17.0619142,-4.89786359,590.5352289,0,590.5409674,610.2033226,6.643550652,1,0.008725782492,0.008725782492,-1.190990753,-1.190990753,1,-0.03242227024,-0.03242227026,4.340715281,4.340715281
1802,36084677,1,17.0619142,-4.89786359,590.5352289,0,590.5409674,610.2033226,6.643550652,1,0.008725782492,0.008725782492,-1.190990753,-1.190990753,1,-0.03242227024,-0.03242227025,4.340715281,4.340715281
1803,36104246,1,17.0619142,-4.89786359,590.5352289,0,590.5409674,610.2033226,6.643550652,1,0.008725782492,0.008725782492,-1.190990753,-1.190990753,1,-0.03242227024,-0.03242227025,4.340715281,4.340715281
1804,36123728,1,17.0619142,-4.89786359,590.5352289,0,590.5409674,610.2033226,6.643550652,1,0.008725782492,0.008725782492,-1.190990753,-1.190990753,1,-0.03242227024,-0.03242227024,4.340715281,4.340715281
1805,36143196,1,17.0619142,-4.89786359,590.5352289,0,590.5409674,610.2033226,6.643550652,1,0.008725782492,0.008725782492,-1.190990753,-1.190990753,1,-0.03242227024,-0.03242227024,4.340715281,4.340715281
1806,36163593,1,17.0619142,-4.89786359,590.5352289,0,590.5409674,610.2033226,6.643550652,1,0.008725782492,0.008725782492,-1.190990753,-1.190990753,1,-0.03242227024,-0.03242227024,4.340715281,4.340715281
1807,36185451,1,17.0619142,-4.89786359,590.5352289,0,590.5409674,610.2033226,6.643550652,1,0.008725782492,0.008725782492,-1.190990753,-1.190990753,1,-0.03242227024,-0.03242227024,4.340715281,4.340715281
1808,36204046,1,17.0619142,-4.89786359,590.5352289,0,590.5409674,610.2033226,6.643550652,1,0.008725782492,0.008725782492,-1.190990753,-1.190990753,1,-0.03242227024,-0.03242227024,4.340715281,4.340715281
1809,36224139,1,17.0619142,-4.89786359,590.5352289,0,590.5409674,610.2033226,6.643550652,1,0.008725782492,0.008725782492,-1.190990753,-1.190990753,1,-0.03242227024,-0.03242227024,4.340715281,4.340715281
1810,36243084,1,17.0619142,-4.89786359,590.5352289,0,590.5409674,610.2033226,6.643550652,1,0.008725782492,0.008725782492,-1.190990753,-1.190990753,1,-0.03242227024,-0.03242227024,4.340715281,4.340715281
1811,36263857,1,17.0619142,-4.89786359,590.5352289,0,590.5409674,610.2033226,6.643550652,1,0.008725782492,0.008725782492,-1.190990753,-1.190990753,1,-0.03242227024,-0.03242227024,4.340715281,4.340715281
1812,36285812,1,17.0619142,-4.89786359,590.5352289,0,590.5409674,610.2033226,6.643550652,1,0.008725782492,0.008725782492,-1.190990753,-1.190990753,1,-0.03242227024,-0.03242227024,4.340715281,4.340715281
1813,36303585,1,17.0619142,-4.89786359,590.5352289,0,590.5409674,610.2033226,6.643550652,1,0.008725782492,0.008725782492,-1.190990753,-1.190990753,1,-0.03242227024,-0.03242227024,4.340715281,4.340715281
1814,36323789,1,17.0619142,-4.89786359,590.5352289,0,590.5409674,610.2033226,6.643550652,1,0.008725782492,0.008725782492,-1.190990753,-1.190990753,1,-0.03242227024,-0.03242227024,4.340715281,4.340715281
1815,36343241,1,17.0619142,-4.89786359,590.5352289,0,590.5409674,610.2033226,6.643550652,1,0.008725782492,0.008725782492,-1.190990753,-1.190990753,1,-0.03242227024,-0.03242227024,4.340715281,4.340715281
1816,36363933,1,17.0619142,-4.89786359,590.5352289,0,590.5409674,610.2033226,6.643550652,1,0.008725782492,0.008725782492,-1.190990753,-1.190990753,1,-0.03242227024,-0.03242227024,4.340715281,4.340715281
1817,36386777,1,17.0619142,-4.89786359,590.5352289,0,590.5409674,610.2033226,6.643550652,1,0.008725782492,0.008725782492,-1.190990753,-1.190990753,1,-0.03242227024,-0.03242227024,4.340715281,4.340715281
1818,36403825,1,17.0619142,-4.89786359,590.5352289,0,590.5409674,610.2033226,6.643550652,1,0.008725782492,0.008725782492,-1.190990753,-1.190990753,1,-0.03242227024,-0.03242227024,4.340715281,4.340715281
1819,36423699,1,17.0619142,-4.89786359,590.5352289,0,590.5409674,610.2033226,6.643550652,1,0.008725782492,0.008725782492,-1.190990753,-1.190990753,1,-0.03242227024,-0.03242227024,4.340715281,4.340715281
1820,36443984,1,17.0619142,-4.89786359,590.5352289,0,590.5409674,610.2033226,6.643550652,1,0.008725782492,0.008725782492,-1.190990753,-1.190990753,1,-0.03242227024,-0.03242227024,4.340715281,4.340715281
1821,36463809,1,17.0619142,-4.89786359,590.5352289,0,590.5409674,610.2033226,6.643550652,1,0.008725782492,0.008725782492,-1.190990753,-1.190990753,1,-0.03242227024,-0.03242227024,4.340715281,4.340715281
1822,36486808,1,17.0619142,-4.89786359,590.5352289,0,590.5409674,610.2033226,6.643550652,1,0.008725782492,0.008725782492,-1.190990753,-1.190990753,1,-0.03242227024,-0.03242227024,4.340715281,4.340715281
1823,36503799,1,17.0619142,-4.89786359,590.5352289,0,590.5409674,610.2033226,6.643550652,1,0.008725782492,0.008725782492,-1.190990753,-1.190990753,1,-0.03242227024,-0.03242227024,4.340715281,4.340715281
1824,36523177,1,17.0619142,-4.89786359,590.5352289,0,590.5409674,610.2033226,6.643550652,1,0.008725782492,0.008725782492,-1.190990753,-1.190990753,1,-0.03242227024,-0.03242227024,4.340715281,4.340715281
1825,36543630,1,17.0619142,-4.89786359,590.5352289,0,590.5409674,610.2033226,6.643550652,1,0.008725782492,0.008725782492,-1.190990753,-1.190990753,1,-0.03242227024,-0.03242227024,4.340715281,4.340715281
1826,36563099,1,17.0619142,-4.89786359,590.5352289,0,590.5409674,610.2033226,6.643550652,1,0.008725782492,0.008725782492,-1.190990753,-1.190990753,1,-0.03242227024,-0.03242227024,4.340715281,4.340715281
1827,36588447,1,17.0619142,-4.89786359,590.5352289,0,590.5409674,610.2033226,6.643550652,1,0.008725782492,0.008725782492,-1.190990753,-1.190990753,1,-0.03242227024,-0.03242227024,4.340715281,4.340715281
1828,36603887,1,17.0619142,-4.89786359,590.5352289,0,590.5409674,610.2033226,6.643550652,1,0.008725782492,0.008725782492,-1.190990753,-1.190990753,1,-0.03242227024,-0.03242227024,4.340715281,4.340715281
1829,36623191,1,17.0619142,-4.89786359,590.5352289,0,590.5409674,610.2033226,6.643550652,1,0.008725782492,0.008725782492,-1.190990753,-1.190990753,1,-0.03242227024,-0.03242227024,4.340715281,4.340715281
1830,36644767,1,17.0619142,-4.89786359,590.5352289,0,590.5409674,610.2033226,6.643550652,1,0.008725782492,0.008725782492,-1.190990753,-1.190990753,1,-0.03242227024,-0.03242227024,4.340715281,4.340715281
1831,36664016,1,17.0619142,-4.89786359,590.5352289,0,590.5409674,610.2033226,6.643550652,1,0.008725782492,0.008725782492,-1.190990753,-1.190990753,1,-0.03242227024,-0.03242227024,4.340715281,4.340715281
1832,36687003,1,17.0619142,-4.89786359,590.5352289,0,590.5409674,610.2033226,6.643550652,1,0.008725782492,0.008725782492,-1.190990753,-1.190990753,1,-0.03242227024,-0.03242227024,4.340715281,4.340715281
1833,36703262,1,17.0619142,-4.89786359,590.5352289,0,590.5409674,610.2033226,6.643550652,1,0.008725782492,0.008725782492,-1.190990753,-1.190990753,1,-0.03242227024,-0.03242227024,4.340715281,4.340715281
1834,36723793,1,17.0619142,-4.89786359,590.5352289,0,590.5409674,610.2033226,6.643550652,1,0.008725782492,0.008725782492,-1.190990753,-1.190990753,1,-0.03242227024,-0.03242227024,4.340715281,4.340715281
1835,36743729,1,17.0619142,-4.89786359,590.5352289,0,590.5409674,610.2033226,6.643550652,1,0.008725782492,0.008725782492,-1.190990753,-1.190990753,1,-0.03242227024,-0.03242227024,4.340715281,4.340715281
1836,36764034,1,17.0619142,-4.89786359,590.5352289,0,590.5409674,610.2033226,6.643550652,1,0.008725782492,0.008725782492,-1.190990753,-1.190990753,1,-0.03242227024,-0.03242227024,4.340715281,4.340715281
1837,36785502,1,17.0619142,-4.89786359,590.5352289,0,590.5409674,610.2033226,6.643550652,1,0.008725782492,0.008725782492,-1.190990753,-1.190990753,1,-0.03242227024,-0.03242227024,4.340715281,4.340715281
1838,36803242,1,17.0619142,-4.89786359,590.5352289,0,590.5409674,610.2033226,6.643550652,1,0.008725782492,0.008725782492,-1.190990753,-1.190990753,1,-0.03242227024,-0.03242227024,4.340715281,4.340715281
1839,36823204,1,17.0619142,-4.89786359,590.5352289,0,590.5409674,610.2033226,6.643550652,1,0.008725782492,0.008725782492,-1.190990753,-1.190990753,1,-0.03242227024,-0.03242227024,4.340715281,4.340715281
1840,36843735,1,17.0619142,-4.89786359,590.5352289,0,590.5409674,610.2033226,6.643550652,1,0.008725782492,0.008725782492,-1.190990753,-1.190990753,1,-0.03242227024,-0.03242227024,4.340715281,4.340715281
1841,36863744,1,17.0619142,-4.89786359,590.5352289,0,590.5409674,610.2033226,6.643550652,1,0.008725782492,0.008725782492,-1.190990753,-1.190990753,1,-0.03242227024,-0.03242227024,4.340715281,4.340715281
1842,36886776,1,17.0619142,-4.89786359,590.5352289,0,590.5409674,610.2033226,6.643550652,1,0.008725782492,0.008725782492,-1.190990753,-1.190990753,1,-0.03242227024,-0.03242227024,4.340715281,4.340715281
1843,36903909,1,17.0619142,-4.89786359,590.5352289,0,590.5409674,610.2033226,6.643550652,1,0.008725782492,0.008725782492,-1.190990753,-1.190990753,1,-0.03242227024,-0.03242227024,4.340715281,4.340715281
1844,36923705,1,17.0619142,-4.89786359,590.5352289,0,590.5409674,610.2033226,6.643550652,1,0.008725782492,0.008725782492,-1.190990753,-1.190990753,1,-0.03242227024,-0.03242227024,4.340715281,4.340715281
1845,36943714,1,17.0619142,-4.89786359,590.5352289,0,590.5409674,610.2033226,6.643550652,1,0.008725782492,0.008725782492,-1.190990753,-1.190990753,1,-0.03242227024,-0.03242227024,4.340715281,4.340715281
1846,36963702,1,17.0619142,-4.89786359,590.5352289,0,590.5409674,610.2033226,6.643550652,1,0.008725782492,0.008725782492,-1.190990753,-1.190990753,1,-0.03242227024,-0.03242227024,4.340715281,4.340715281
1847,36986425,1,17.0619142,-4.89786359,590.5352289,0,590.5409674,610.2033226,6.643550652,1,0.008725782492,0.008725782492,-1.190990753,-1.190990753,1,-0.03242227024,-0.03242227024,4.340715281,4.340715281
1848,37003524,1,17.0619142,-4.89786359,590.5352289,0,590.5409674,610.2033226,6.643550652,1,0.008725782492,0.008725782492,-1.190990753,-1.190990753,1,-0.03242227024,-0.03242227024,4.340715281,4.340715281
1849,37023731,1,17.0619142,-4.89786359,590.5352289,0,590.5409674,610.2033226,6.643550652,1,0.008725782492,0.008725782492,-1.190990753,-1.190990753,1,-0.03242227024,-0.03242227024,4.340715281,4.340715281
1850,37044035,1,17.0619142,-4.89786359,590.5352289,0,590.5409674,610.2033226,6.643550652,1,0.008725782492,0.008725782492,-1.190990753,-1.190990753,1,-0.03242227024,-0.03242227024,4.340715281,4.340715281
1851,37064055,1,17.0619142,-4.89786359,590.5352289,0,590.5409674,610.2033226,6.643550652,1,0.008725782492,0.008725782492,-1.190990753,-1.190990753,1,-0.03242227024,-0.03242227024,4.340715281,4.340715281
1852,37085508,1,17.0619142,-4.89786359,590.5352289,0,590.5409674,610.2033226,6.643550652,1,0.008725782492,0.008725782492,-1.190990753,-1.190990753,1,-0.03242227024,-0.03242227024,4.340715281,4.340715281
1853,37103771,1,17.0619142,-4.89786359,590.5352289,0,590.5409674,610.2033226,6.643550652,1,0.008725782492,0.008725782492,-1.190990753,-1.190990753,1,-0.03242227024,-0.03242227024,4.340715281,4.340715281
1854,37123995,1,17.0619142,-4.89786359,590.5352289,0,590.5409674,610.2033226,6.643550652,1,0.008725782492,0.008725782492,-1.190990753,-1.190990753,1,-0.03242227024,-0.03242227024,4.340715281,4.340715281
1855,37143752,1,17.0619142,-4.89786359,590.5352289,0,590.5409674,610.2033226,6.643550652,1,0.008725782492,0.008725782492,-1.190990753,-1.190990753,1,-0.03242227024,-0.03242227024,4.340715281,4.340715281
1856,37163867,1,17.0619142,-4.89786359,590.5352289,0,590.5409674,610.2033226,6.643550652,1,0.008725782492,0.008725782492,-1.190990753,-1.190990753,1,-0.03242227024,-0.03242227024,4.340715281,4.340715281
1857,37186331,1,17.0619142,-4.89786359,590.5352289,0,590.5409674,610.2033226,6.643550652,1,0.008725782492,0.008725782492,-1.190990753,-1.190990753,1,-0.03242227024,-0.03242227024,4.340715281,4.340715281
1858,37203074,1,17.0619142,-4.89786359,590.5352289,0,590.5409674,610.2033226,6.643550652,1,0.008725782492,0.008725782492,-1.190990753,-1.190990753,1,-0.03242227024,-0.03242227024,4.340715281,4.340715281
1859,37223843,1,17.0619142,-4.89786359,590.5352289,0,590.5409674,610.2033226,6.643550652,1,0.008725782492,0.008725782492,-1.190990753,-1.190990753,1,-0.03242227024,-0.03242227024,4.340715281,4.340715281
1860,37243912,1,17.0619142,-4.89786359,590.5352289,0,590.5409674,610.2033226,6.643550652,1,0.008725782492,0.008725782492,-1.190990753,-1.190990753,1,-0.03242227024,-0.03242227024,4.340715281,4.340715281
1861,37263734,1,17.0619142,-4.89786359,590.5352289,0,590.5409674,610.2033226,6.643550652,1,0.008725782492,0.008725782492,-1.190990753,-1.190990753,1,-0.03242227024,-0.03242227024,4.340715281,4.340715281
1862,37285912,1,17.0619142,-4.89786359,590.5352289,0,590.5409674,610.2033226,6.643550652,1,0.008725782492,0.008725782492,-1.190990753,-1.190990753,1,-0.03242227024,-0.03242227024,4.340715281,4.340715281
1863,37303747,1,17.0619142,-4.89786359,590.5352289,0,590.5409674,610.2033226,6.643550652,1,0.008725782492,0.008725782492,-1.190990753,-1.190990753,1,-0.03242227024,-0.03242227024,4.340715281,4.340715281
1864,37323267,1,17.0619142,-4.89786359,590.5352289,0,590.5409674,610.2033226,6.643550652,1,0.008725782492,0.008725782492,-1.190990753,-1.190990753,1,-0.03242227024,-0.03242227024,4.340715281,4.340715281
1865,37343551,1,17.0619142,-4.89786359,590.5352289,0,590.5409674,610.2033226,6.643550652,1,0.008725782492,0.008725782492,-1.190990753,-1.190990753,1,-0.03242227024,-0.03242227024,4.340715281,4.340715281
1866,37363919,1,17.0619142,-4.89786359,590.5352289,0,590.5409674,610.2033226,6.643550652,1,0.008725782492,0.008725782492,-1.190990753,-1.190990753,1,-0.03242227024,-0.03242227024,4.340715281,4.340715281
1867,37387766,1,17.0619142,-4.89786359,590.5352289,0,590.5409674,610.2033226,6.643550652,1,0.008725782492,0.008725782492,-1.190990753,-1.190990753,1,-0.03242227024,-0.03242227024,4.340715281,4.340715281
1868,37403508,1,17.0619142,-4.89786359,590.5352289,0,590.5409674,610.2033226,6.643550652,1,0.008725782492,0.008725782492,-1.190990753,-1.190990753,1,-0.03242227024,-0.03242227024,4.340715281,4.340715281
1869,37424222,1,17.0619142,-4.89786359,590.5352289,0,590.5409674,610.2033226,6.643550652,1,0.008725782492,0.008725782492,-1.190990753,-1.190990753,1,-0.03242227024,-0.03242227024,4.340715281,4.340715281
1870,37443985,1,17.0619142,-4.89786359,590.5352289,0,590.5409674,610.2033226,6.643550652,1,0.008725782492,0.008725782492,-1.190990753,-1.190990753,1,-0.03242227024,-0.03242227024,4.340715281,4.340715281
1871,37463646,1,17.0619142,-4.89786359,590.5352289,0,590.5409674,610.2033226,6.643550652,1,0.008725782492,0.008725782492,-1.190990753,-1.190990753,1,-0.03242227024,-0.03242227024,4.340715281,4.340715281
1872,37484766,1,17.0619142,-4.89786359,590.5352289,0,590.5409674,610.2033226,6.643550652,1,0.008725782492,0.008725782492,-1.190990753,-1.190990753,1,-0.03242227024,-0.03242227024,4.340715281,4.340715281
1873,37503728,1,17.0619142,-4.89786359,590.5352289,0,590.5409674,610.2033226,6.643550652,1,0.008725782492,0.008725782492,-1.190990753,-1.190990753,1,-0.03242227024,-0.03242227024,4.340715281,4.340715281
1874,37523651,1,17.0619142,-4.89786359,590.5352289,0,590.5409674,610.2033226,6.643550652,1,0.008725782492,0.008725782492,-1.190990753,-1.190990753,1,-0.0324080338,-0.03241871113,4.340715281,4.340715281
1875,37543986,1,17.0619142,-4.89786359,590.5352289,0,590.5409674,610.2033226,6.643550652,1,0.008725782492,0.008725782492,-1.190990753,-1.190990753,1,-0.03240801243,-0.03241603646,4.340715281,4.340715281
1876,37564177,1,17.0619142,-4.89786359,590.5352289,0,590.5409674,610.2033226,6.643550652,1,0.008725782492,0.008725782492,-1.190990753,-1.190990753,1,-0.03240801243,-0.03241139756,4.340715281,4.340715281
1877,37586579,1,17.0619142,-4.89786359,590.5352289,0,590.5409674,610.2033226,6.643550652,1,0.008725782492,0.008725782492,-1.190990753,-1.190990753,1,-0.03240801243,-0.03240991657,4.340715281,4.340715281
1878,37604281,1,17.0619142,-4.89786359,590.5352289,0,590.5409674,610.2033226,6.643550652,1,0.008725782492,0.008725782492,-1.190990753,-1.190990753,1,-0.03240801243,-0.03240908351,4.340715281,4.340715281
1879,37623896,1,17.0619142,-4.89786359,590.5352289,0,590.5409674,610.2033226,6.643550652,1,0.008725782492,0.008725782492,-1.190990753,-1.190990753,1,-0.03240801243,-0.03240861491,4.340715281,4.340715281
1880,37643741,1,17.0619142,-4.89786359,590.5352289,0,590.5409674,610.2033226,6.643550652,1,0.008725782492,0.008725782492,-1.190990753,-1.190990753,1,-0.03240801243,-0.03240835132,4.340715281,4.340715281
1881,37663665,1,17.0619142,-4.89786359,590.5352289,0,590.5409674,610.2033226,6.643550652,1,0.008725782492,0.008725782492,-1.190990753,-1.190990753,1,-0.03240801243,-0.03240820306,4.340715281,4.340715281
1882,37685140,1,17.0619142,-4.89786359,590.5352289,0,590.5409674,610.2033226,6.643550652,1,0.008725782492,0.008725782492,-1.190990753,-1.190990753,1,-0.03240801243,-0.03240811966,4.340715281,4.340715281
1883,37704045,1,17.0619142,-4.89786359,590.5352289,0,590.5409674,610.2033226,6.643550652,1,0.008725782492,0.008725782492,-1.190990753,-1.190990753,1,-0.03240801243,-0.03240807274,4.340715281,4.340715281
1884,37723806,1,17.0619142,-4.89786359,590.5352289,0,590.5409674,610.2033226,6.643550652,1,0.008725782492,0.008725782492,-1.190990753,-1.190990753,1,-0.03240801243,-0.03240805766,4.340715281,4.340715281
1885,37743559,1,17.0619142,-4.89786359,590.5352289,0,590.5409674,610.2033226,6.643550652,1,0.008725782492,0.008725782492,-1.190990753,-1.190990753,1,-0.03240801243,-0.03240803151,4.340715281,4.340715281
1886,37763177,1,17.0619142,-4.89786359,590.5352289,0,590.5409674,610.2033226,6.643550652,1,0.008740040159,0.008731910041,-1.190990753,-1.190990753,1,-0.03240801243,-0.03240802316,4.340715281,4.340715281
1887,37786489,1,17.0619142,-4.89786359,590.5352289,0,590.5409674,610.2033226,6.643550652,1,0.008740040307,0.008735467032,-1.190990753,-1.190990753,1,-0.03240801243,-0.03240801847,4.340715281,4.340715281
1888,37803147,1,17.0619142,-4.89786359,590.5352289,0,590.5409674,610.2033226,6.643550652,1,0.008740040307,0.00873746784,-1.190990753,-1.190990753,1,-0.03240801243,-0.03240801582,4.340715281,4.340715281
1889,37823555,1,17.0619142,-4.89786359,590.5352289,0,590.5409674,610.2033226,6.643550652,1,0.008740040307,0.008738593294,-1.190990753,-1.190990753,1,-0.03240801243,-0.03240801434,4.340715281,4.340715281
1890,37843770,1,17.0619142,-4.89786359,590.5352289,0,590.5409674,610.2033226,6.643096672,1,0.008740040307,0.008739226362,-1.190990753,-1.190990753,1,-0.03240801243,-0.0324080135,4.340715281,4.340715281
1891,37864346,1,17.0619142,-4.89786359,590.5352289,0,590.5409674,610.2033226,6.643096672,1,0.008740040307,0.008739582463,-1.190990753,-1.190990753,1,-0.03240801243,-0.03240801303,4.340715281,4.340715281
1892,37886491,1,17.0619142,-4.89786359,590.5352289,0,590.5409674,610.2033226,6.643096672,1,0.008740040307,0.00873978277,-1.190990753,-1.190990753,1,-0.03240801243,-0.03240801277,4.340715281,4.340715281
1893,37904114,1,17.0619142,-4.89786359,590.5352289,0,590.5409674,610.2033226,6.643096672,1,0.008740040307,0.008739895442,-1.190990753,-1.190990753,1,-0.03240801243,-0.03240801262,4.340715281,4.340715281
1894,37924065,1,17.0619142,-4.89786359,590.5352289,0,590.5409674,610.2033226,6.643096672,1,0.008740040307,0.008739958821,-1.190990753,-1.190990753,1,-0.03240801243,-0.03240801253,4.340715281,4.340715281
1895,37943180,1,17.0619142,-4.89786359,590.5352289,0,590.5409674,610.2033226,6.643096672,1,0.008740040307,0.008739994471,-1.190990753,-1.190990753,1,-0.03240801243,-0.03240801249,4.340715281,4.340715281
1896,37963988,1,17.0619142,-4.89786359,590.5352289,0,590.5409674,610.2033226,6.643096672,1,0.008740040307,0.008740014524,-1.190990753,-1.190990753,1,-0.03240801243,-0.03240801246,4.340715281,4.340715281
1897,37987335,1,17.0619142,-4.89786359,590.5352289,0,590.5409674,610.2033226,6.643096672,1,0.008740040307,0.008740025804,-1.190990753,-1.190990753,1,-0.03240801243,-0.03240801245,4.340715281,4.340715281
1898,38003588,1,17.0619142,-4.89786359,590.5352289,0,590.5409674,610.2033226,6.643096672,1,0.008740040307,0.008740032149,-1.190990753,-1.190990753,1,-0.03240801243,-0.03240801244,4.340715281,4.340715281
1899,38023435,1,17.0619142,-4.89786359,590.5352289,0,590.5409674,610.2033226,6.643096672,1,0.008740040307,0.008740035718,-1.190990753,-1.190990753,1,-0.03240801243,-0.03240801243,4.340715281,4.340715281
1900,38043688,1,17.0619142,-4.89786359,590.5352289,0,590.5409674,610.2033226,6.643096672,1,0.008740040307,0.008740037726,-1.190990753,-1.190990753,1,-0.03240801243,-0.03240801243,4.340715281,4.340715281
1901,38063611,1,17.0619142,-4.89786359,590.5352289,0,590.5409674,610.2033226,6.643096672,1,0.008740040307,0.008740038855,-1.190990753,-1.190990753,1,-0.03240801243,-0.03240801243,4.340715281,4.340715281
1902,38086552,1,17.0619142,-4.89786359,590.5352289,0,590.5409674,610.2033226,6.643096672,1,0.008740040307,0.00874003949,-1.190990753,-1.190990753,1,-0.03240801243,-0.03240801243,4.340715281,4.340715281
1903,38104299,1,17.0619142,-4.89786359,590.5352289,0,590.5409674,610.2033226,6.643096672,1,0.008740040307,0.008740039848,-1.190990753,-1.190990753,1,-0.03240801243,-0.03240801243,4.340715281,4.340715281
1904,38123927,1,17.0619142,-4.89786359,590.5352289,0,590.5409674,610.2033226,6.643096672,1,0.008740040307,0.008740040049,-1.190990753,-1.190990753,1,-0.03240801243,-0.03240801243,4.340715281,4.340715281
1905,38143792,1,17.0619142,-4.89786359,590.5352289,0,590.5409674,610.2033226,6.643096672,1,0.008740040307,0.008740040162,-1.190990753,-1.190990753,1,-0.03240801243,-0.03240801243,4.340715281,4.340715281
1906,38163739,1,17.0619142,-4.89786359,590.5352289,0,590.5409674,610.2033226,6.643096672,1,0.008740040307,0.008740040225,-1.190990753,-1.190990753,1,-0.03240801243,-0.03240801243,4.340715281,4.340715281
1907,38185696,1,17.0619142,-4.89786359,590.5352289,0,590.5409674,610.2033226,6.643096672,1,0.008740040307,0.008740040261,-1.190990753,-1.190990753,1,-0.03240801243,-0.03240801243,4.340715281,4.340715281
1908,38203890,1,17.0619142,-4.89786359,590.5352289,0,590.5409674,610.2033226,6.643096672,1,0.008740040307,0.008740040281,-1.190990753,-1.190990753,1,-0.03240801243,-0.03240801243,4.340715281,4.340715281
1909,38223644,1,17.0619142,-4.89786359,590.5352289,0,590.5409674,610.2033226,6.643096672,1,0.008740040307,0.008740040292,-1.190990753,-1.190990753,1,-0.03240801243,-0.03240801243,4.340715281,4.340715281
1910,38243699,1,17.0619142,-4.89786359,590.5352289,0,590.5409674,610.2033226,6.643096672,1,0.008740040307,0.008740040299,-1.190990753,-1.190990753,1,-0.03240801243,-0.03240801243,4.340715281,4.340715281
1911,38263919,1,17.0619142,-4.89786359,590.5352289,0,590.5409674,610.2033226,6.643096672,1,0.008740040307,0.008740040302,-1.190990753,-1.190990753,1,-0.03240801243,-0.03240801243,4.340715281,4.340715281
1912,38288191,1,17.0619142,-4.89786359,590.5352289,0,590.5409674,610.2033226,6.643096672,1,0.008740040307,0.008740040304,-1.190990753,-1.190990753,1,-0.03240801243,-0.03240801243,4.340715281,4.340715281
1913,38303139,1,17.0619142,-4.89786359,590.5352289,0,590.5409674,610.2033226,6.643096672,1,0.008740040307,0.008740040306,-1.190990753,-1.190990753,1,-0.03240801243,-0.03240801243,4.340715281,4.340715281
1914,38323156,1,17.0619142,-4.89786359,590.5352289,0,590.5409674,610.2033226,6.643096672,1,0.008740040307,0.008740040306,-1.190990753,-1.190990753,1,-0.03240801243,-0.03240801243,4.340715281,4.340715281
1915,38343844,1,17.0619142,-4.89786359,590.5352289,0,590.5409674,610.2033226,6.643096672,1,0.008740040307,0.008740040306,-1.190990753,-1.190990753,1,-0.03240801243,-0.03240801243,4.340715281,4.340715281
1916,38363374,1,17.0619142,-4.89786359,590.5352289,0,590.5409674,610.2033226,6.643096672,1,0.008740040307,0.008740040307,-1.190990753,-1.190990753,1,-0.03240801243,-0.03240801243,4.340715281,4.340715281
1917,38386643,1,17.0619142,-4.89786359,590.5352289,0,590.5409674,610.2033226,6.643096672,1,0.008740040307,0.008740040307,-1.190990753,-1.190990753,1,-0.03240801243,-0.03240801243,4.340715281,4.340715281
1918,38403691,1,17.0619142,-4.89786359,590.5352289,0,590.5409674,610.2033226,6.643096672,1,0.008740040307,0.008740040307,-1.190990753,-1.190990753,1,-0.03240801243,-0.03240801243,4.340715281,4.340715281
1919,38424035,1,17.0619142,-4.89786359,590.5352289,0,590.5409674,610.2033226,6.643096672,1,0.008740040307,0.008740040307,-1.190990753,-1.190990753,1,-0.03240801243,-0.03240801243,4.340715281,4.340715281
1920,38443799,1,17.0619142,-4.89786359,590.5352289,0,590.5409674,610.2033226,6.643096672,1,0.008740040307,0.008740040307,-1.190990753,-1.190990753,1,-0.03240801243,-0.03240801243,4.340715281,4.340715281
1921,38463804,1,17.0619142,-4.89786359,590.5352289,0,590.5409674,610.2033226,6.643096672,1,0.008740040307,0.008740040307,-1.190990753,-1.190990753,1,-0.03240801243,-0.03240801243,4.340715281,4.340715281
1922,38486421,1,17.0619142,-4.89786359,590.5352289,0,590.5409674,610.2033226,6.643096672,1,0.008740040307,0.008740040307,-1.190990753,-1.190990753,1,-0.03240801243,-0.03240801243,4.340715281,4.340715281
1923,38503115,1,17.0619142,-4.89786359,590.5352289,0,590.5409674,610.2033226,6.643096672,1,0.008740040307,0.008740040307,-1.190990753,-1.190990753,1,-0.03240801243,-0.03240801243,4.340715281,4.340715281
1924,38523169,1,17.0619142,-4.89786359,590.5352289,0,590.5409674,610.2033226,6.643096672,1,0.008740040307,0.008740040307,-1.190990753,-1.190990753,1,-0.03240801243,-0.03240801243,4.340715281,4.340715281
1925,38543654,1,17.0619142,-4.89786359,590.5352289,0,590.5409674,610.2033226,6.643096672,1,0.008740040307,0.008740040307,-1.190990753,-1.190990753,1,-0.03240801243,-0.03240801243,4.340715281,4.340715281
1926,38563793,1,17.0619142,-4.89786359,590.5352289,0,590.5409674,610.2033226,6.643096672,1,0.008740040307,0.008740040307,-1.190990753,-1.190990753,1,-0.03240801243,-0.03240801243,4.340715281,4.340715281
1927,38585693,1,17.0619142,-4.89786359,590.5352289,0,590.5409674,610.2033226,6.643096672,1,0.008740040307,0.008740040307,-1.190990753,-1.190990753,1,-0.03240801243,-0.03240801243,4.340715281,4.340715281
1928,38603156,1,17.0619142,-4.89786359,590.5352289,0,590.5409674,610.2033226,6.643096672,1,0.008740040307,0.008740040307,-1.190990753,-1.190990753,1,-0.03240801243,-0.03240801243,4.340715281,4.340715281
1929,38623894,1,17.0619142,-4.89786359,590.5352289,0,590.5409674,610.2033226,6.643096672,1,0.008740040307,0.008740040307,-1.190990753,-1.190990753,1,-0.03240801243,-0.03240801243,4.340715281,4.340715281
1930,38643666,1,17.0619142,-4.89786359,590.5352289,0,590.5409674,610.2033226,6.643096672,1,0.008740040307,0.008740040307,-1.190990753,-1.190990753,1,-0.03240801243,-0.03240801243,4.340715281,4.340715281
1931,38663911,1,17.0619142,-4.89786359,590.5352289,0,590.5409674,610.2033226,6.643096672,1,0.008740040307,0.008740040307,-1.190990753,-1.190990753,1,-0.03240801243,-0.03240801243,4.340715281,4.340715281
1932,38686144,1,17.0619142,-4.89786359,590.5352289,0,590.5409674,610.2033226,6.643096672,1,0.008740040307,0.008740040307,-1.190990753,-1.190990753,1,-0.03240801243,-0.03240801243,4.340715281,4.340715281
1933,38703573,1,17.0619142,-4.89786359,590.5352289,0,590.5409674,610.2033226,6.643096672,1,0.008740040307,0.008740040307,-1.190990753,-1.190990753,1,-0.03240801243,-0.03240801243,4.340715281,4.340715281
1934,38723389,1,17.0619142,-4.89786359,590.5352289,0,590.5409674,610.2033226,6.643096672,1,0.008740040307,0.008740040307,-1.190990753,-1.190990753,1,-0.03240801243,-0.03240801243,4.340715281,4.340715281
1935,38744293,1,17.0619142,-4.89786359,590.5352289,0,590.5409674,610.2033226,6.643096672,1,0.008740040307,0.008740040307,-1.190990753,-1.190990753,1,-0.03240801243,-0.03240801243,4.340715281,4.340715281
1936,38763520,1,17.0619142,-4.89786359,590.5352289,0,590.5409674,610.2033226,6.643096672,1,0.008740040307,0.008740040307,-1.190990753,-1.190990753,1,-0.03240801243,-0.03240801243,4.340715281,4.340715281
1937,38785763,1,17.0619142,-4.89786359,590.5352289,0,590.5409674,610.2033226,6.643096672,1,0.008740040307,0.008740040307,-1.190990753,-1.190990753,1,-0.03240801243,-0.03240801243,4.340715281,4.340715281
1938,38803645,1,17.0619142,-4.89786359,590.5352289,0,590.5409674,610.2033226,6.643096672,1,0.008740040307,0.008740040307,-1.190990753,-1.190990753,1,-0.03240801243,-0.03240801243,4.340715281,4.340715281
1939,38823125,1,17.0619142,-4.89786359,590.5352289,0,590.5409674,610.2033226,6.643096672,1,0.008740040307,0.008740040307,-1.190990753,-1.190990753,1,-0.03240801243,-0.03240801243,4.340715281,4.340715281
1940,38843647,1,17.0619142,-4.89786359,590.5352289,0,590.5409674,610.2033226,6.643096672,1,0.008740040307,0.008740040307,-1.190990753,-1.190990753,1,-0.03240801243,-0.03240801243,4.340715281,4.340715281
1941,38863151,1,17.0619142,-4.89786359,590.5352289,0,590.5409674,610.2033226,6.643096672,1,0.008740040307,0.008740040307,-1.190990753,-1.190990753,1,-0.03240801243,-0.03240801243,4.340715281,4.340715281
1942,38887494,1,17.0619142,-4.89786359,590.5352289,0,590.5409674,610.2033226,6.643096672,1,0.008740040307,0.008740040307,-1.190990753,-1.190990753,1,-0.03240801243,-0.03240801243,4.340715281,4.340715281
1943,38903965,1,17.0619142,-4.89786359,590.5352289,0,590.5409674,610.2033226,6.643096672,1,0.008740040307,0.008740040307,-1.190990753,-1.190990753,1,-0.03240801243,-0.03240801243,4.340715281,4.340715281
1944,38923930,1,17.0619142,-4.89786359,590.5352289,0,590.5409674,610.2033226,6.643096672,1,0.008740040307,0.008740040307,-1.190990753,-1.190990753,1,-0.03240801243,-0.03240801243,4.340715281,4.340715281
1945,38943780,1,17.0619142,-4.89786359,590.5352289,0,590.5409674,610.2033226,6.643096672,1,0.008740040307,0.008740040307,-1.190990753,-1.190990753,1,-0.03240801243,-0.03240801243,4.340715281,4.340715281
1946,38963833,1,17.0619142,-4.89786359,590.5352289,0,590.5409674,610.2033226,6.643096672,1,0.008740040307,0.008740040307,-1.190990753,-1.190990753,1,-0.03240801243,-0.03240801243,4.340715281,4.340715281
1947,38985710,1,17.0619142,-4.89786359,590.5352289,0,590.5409674,610.2033226,6.643096672,1,0.008740040307,0.008740040307,-1.190990753,-1.190990753,1,-0.03240801243,-0.03240801243,4.340715281,4.340715281
1948,39003839,1,17.0619142,-4.89786359,590.5352289,0,590.5409674,610.2033226,6.643096672,1,0.008740040307,0.008740040307,-1.190990753,-1.190990753,1,-0.03240801243,-0.03240801243,4.340715281,4.340715281
1949,39023145,1,17.0619142,-4.89786359,590.5352289,0,590.5409674,610.2033226,6.643096672,1,0.008740040307,0.008740040307,-1.190990753,-1.190990753,1,-0.03240801243,-0.03240801243,4.340715281,4.340715281
1950,39044278,1,17.0619142,-4.89786359,590.5352289,0,590.5409674,610.2033226,6.643096672,1,0.008740040307,0.008740040307,-1.190990753,-1.190990753,1,-0.03240801243,-0.03240801243,4.340715281,4.340715281
1951,39063950,1,17.0619142,-4.89786359,590.5352289,0,590.5409674,610.2033226,6.643096672,1,0.008740040307,0.008740040307,-1.190990753,-1.190990753,1,-0.03240801243,-0.03240801243,4.340715281,4.340715281
1952,39085917,1,17.0619142,-4.89786359,590.5352289,0,590.5409674,610.2033226,6.643096672,1,0.008740040307,0.008740040307,-1.190990753,-1.190990753,1,-0.03240801243,-0.03240801243,4.340715281,4.340715281
1953,39103523,1,17.0619142,-4.89786359,590.5352289,0,590.5409674,610.2033226,6.643096672,1,0.008740040307,0.008740040307,-1.190990753,-1.190990753,1,-0.03240801243,-0.03240801243,4.340715281,4.340715281
1954,39123954,1,17.0619142,-4.89786359,590.5352289,0,590.5409674,610.2033226,6.643096672,1,0.008740040307,0.008740040307,-1.190990753,-1.190990753,1,-0.03240801243,-0.03240801243,4.340715281,4.340715281
1955,39143495,1,17.0619142,-4.89786359,590.5352289,0,590.5409674,610.2033226,6.643096672,1,0.008740040307,0.008740040307,-1.190990753,-1.190990753,1,-0.03240801243,-0.03240801243,4.340715281,4.340715281
1956,39164144,1,17.0619142,-4.89786359,590.5352289,0,590.5409674,610.2033226,6.643096672,1,0.008740040307,0.008740040307,-1.190990753,-1.190990753,1,-0.03240801243,-0.03240801243,4.340715281,4.340715281
1957,39185992,1,17.0619142,-4.89786359,590.5352289,0,590.5409674,610.2033226,6.643096672,1,0.008740040307,0.008740040307,-1.190990753,-1.190990753,1,-0.03240801243,-0.03240801243,4.340715281,4.340715281
1958,39203129,1,17.0619142,-4.89786359,590.5352289,0,590.5409674,610.2033226,6.643096672,1,0.008740040307,0.008740040307,-1.190990753,-1.190990753,1,-0.03240801243,-0.03240801243,4.340715281,4.340715281
1959,39223815,1,17.0619142,-4.89786359,590.5352289,0,590.5409674,610.2033226,6.643096672,1,0.008740040307,0.008740040307,-1.190990753,-1.190990753,1,-0.03240801243,-0.03240801243,4.340715281,4.340715281
1960,39243860,1,17.0619142,-4.89786359,590.5352289,0,590.5409674,610.2033226,6.643096672,1,0.008740040307,0.008740040307,-1.190990753,-1.190990753,1,-0.03240801243,-0.03240801243,4.340715281,4.340715281
1961,39264114,1,17.0619142,-4.89786359,590.5352289,0,590.5409674,610.2033226,6.643096672,1,0.008740040307,0.008740040307,-1.190990753,-1.190990753,1,-0.03240801243,-0.03240801243,4.340715281,4.340715281
1962,39285822,1,17.0619142,-4.89786359,590.5352289,0,590.5409674,610.2033226,6.643096672,1,0.008740040307,0.008740040307,-1.190990753,-1.190990753,1,-0.03240801243,-0.03240801243,4.340715281,4.340715281
1963,39303795,1,17.0619142,-4.89786359,590.5352289,0,590.5409674,610.2033226,6.643096672,1,0.008740040307,0.008740040307,-1.190990753,-1.190990753,1,-0.03240801243,-0.03240801243,4.340715281,4.340715281
1964,39323758,1,17.0619142,-4.89786359,590.5352289,0,590.5409674,610.2033226,6.643096672,1,0.008740040307,0.008740040307,-1.190990753,-1.190990753,1,-0.03240801243,-0.03240801243,4.340715281,4.340715281
1965,39344084,1,17.0619142,-4.89786359,590.5352289,0,590.5409674,610.2033226,6.643096672,1,0.008740040307,0.008740040307,-1.190990753,-1.190990753,1,-0.03240801243,-0.03240801243,4.340715281,4.340715281
1966,39363582,1,17.0619142,-4.89786359,590.5352289,0,590.5409674,610.2033226,6.643096672,1,0.008740040307,0.008740040307,-1.190990753,-1.190990753,1,-0.03240801243,-0.03240801243,4.340715281,4.340715281
1967,39386472,1,17.0619142,-4.89786359,590.5352289,0,590.5409674,610.2033226,6.643096672,1,0.008740040307,0.008740040307,-1.190990753,-1.190990753,1,-0.03240801243,-0.03240801243,4.340715281,4.340715281
1968,39403695,1,17.0619142,-4.89786359,590.5352289,0,590.5409674,610.2033226,6.643096672,1,0.008740040307,0.008740040307,-1.190990753,-1.190990753,1,-0.03240801243,-0.03240801243,4.340715281,4.340715281
1969,39423727,1,17.0619142,-4.89786359,590.5352289,0,590.5409674,610.2033226,6.643096672,1,0.008740040307,0.008740040307,-1.190990753,-1.190990753,1,-0.03240801243,-0.03240801243,4.340715281,4.340715281
1970,39443529,1,17.0619142,-4.89786359,590.5352289,0,590.5409674,610.2033226,6.643096672,1,0.008740040307,0.008740040307,-1.190990753,-1.190990753,1,-0.03240801243,-0.03240801243,4.340715281,4.340715281
1971,39463632,1,17.0619142,-4.89786359,590.5352289,0,590.5409674,610.2033226,6.643096672,1,0.008740040307,0.008740040307,-1.190990753,-1.190990753,1,-0.03240801243,-0.03240801243,4.340715281,4.340715281
1972,39485846,1,17.0619142,-4.89786359,590.5352289,0,590.5409674,610.2033226,6.643096672,1,0.008740040307,0.008740040307,-1.190990753,-1.190990753,1,-0.03240801243,-0.03240801243,4.340715281,4.340715281
1973,39503671,1,17.0619142,-4.89786359,590.5352289,0,590.5409674,610.2033226,6.643096672,1,0.008740040307,0.008740040307,-1.190990753,-1.190990753,1,-0.03240801243,-0.03240801243,4.340715281,4.340715281
1974,39524145,1,17.0619142,-4.89786359,590.5352289,0,590.5409674,610.2033226,6.643096672,1,0.008740040307,0.008740040307,-1.190990753,-1.190990753,1,-0.03240801243,-0.03240801243,4.340715281,4.340715281
1975,39544055,1,17.0619142,-4.89786359,590.5352289,0,590.5409674,610.2033226,6.643096672,1,0.008740040307,0.008740040307,-1.190990753,-1.190990753,1,-0.03240801243,-0.03240801243,4.340715281,4.340715281
1976,39563791,1,17.0619142,-4.89786359,590.5352289,0,590.5409674,610.2033226,6.643096672,1,0.008740040307,0.008740040307,-1.190990753,-1.190990753,1,-0.03240801243,-0.03240801243,4.340715281,4.340715281
1977,39585867,1,17.0619142,-4.89786359,590.5352289,0,590.5409674,610.2033226,6.643096672,1,0.008740040307,0.008740040307,-1.190990753,-1.190990753,1,-0.03240801243,-0.03240801243,4.340715281,4.340715281
1978,39603583,1,17.0619142,-4.89786359,590.5352289,0,590.5409674,610.2033226,6.643096672,1,0.008740040307,0.008740040307,-1.190990753,-1.190990753,1,-0.03240801243,-0.03240801243,4.340715281,4.340715281
1979,39624017,1,17.0619142,-4.89786359,590.5352289,0,590.5409674,610.2033226,6.643096672,1,0.008740040307,0.008740040307,-1.190990753,-1.190990753,1,-0.03240801243,-0.03240801243,4.340715281,4.340715281
1980,39643563,1,17.0619142,-4.89786359,590.5352289,0,590.5409674,610.2033226,6.643096672,1,0.008740040307,0.008740040307,-1.190990753,-1.190990753,1,-0.03240801243,-0.03240801243,4.340715281,4.340715281
1981,39663177,1,17.0619142,-4.89786359,590.5352289,0,590.5409674,610.2033226,6.643096672,1,0.008740040307,0.008740040307,-1.190990753,-1.190990753,1,-0.03240801243,-0.03240801243,4.340715281,4.340715281
1982,39685206,1,17.0619142,-4.89786359,590.5352289,0,590.5409674,610.2033226,6.643096672,1,0.008740040307,0.008740040307,-1.190990753,-1.190990753,1,-0.03240801243,-0.03240801243,4.340715281,4.340715281
1983,39703865,1,17.0619142,-4.89786359,590.5352289,0,590.5409674,610.2033226,6.643096672,1,0.008740040307,0.008740040307,-1.190990753,-1.190990753,1,-0.03240801243,-0.03240801243,4.340715281,4.340715281
