sample_index,elapsed_us,position_valid,axis1_from_left_mm,axis2_from_left_mm,axis3_from_left_mm,axis4_from_left_mm,axis5_from_left_mm,axis6_from_left_mm,axis7_from_left_mm,axis1_handle_valid,axis1_handle_linear_raw,axis1_handle_linear_filtered,axis1_handle_rotation_raw,axis1_handle_rotation_filtered,axis6_handle_valid,axis6_handle_linear_raw,axis6_handle_linear_filtered,axis6_handle_rotation_raw,axis6_handle_rotation_filtered
0,9473,1,3.440733805,-6.33822384,590.8618544,0,590.8643359,605.4247583,0.009987571023,1,0.05198399178,0.05197824625,3.488620947,3.488467744,1,-0.07164551801,-0.07164551801,3.476491185,3.476491185
1,26166,1,3.440733805,-6.33822384,590.8618544,0,590.8643359,605.4247583,0.009987571023,1,0.05198399178,0.05197968263,3.488621298,3.488498455,1,-0.07164551801,-0.07164551801,3.476491185,3.476491185
2,47087,1,3.440733805,-6.337585099,590.8618544,0,590.8643359,605.4247583,0.009987571023,1,0.05198399178,0.05198217386,3.488621301,3.488558404,1,-0.07164551801,-0.07164551801,3.476491185,3.476491185
3,66193,1,3.440733805,-6.336946358,590.8618544,0,590.8643359,605.4247583,0.009987571023,1,0.05198399178,0.0519829692,3.488621301,3.488581047,1,-0.07164551801,-0.07164551801,3.476491185,3.476491185
4,86646,1,3.440888898,-6.335668877,590.8618544,0,590.8643359,605.4247583,0.009987571023,1,0.05198399178,0.05198341658,3.488804136,3.488632105,1,-0.07164551801,-0.07164551801,3.476491185,3.476491185
5,110620,1,3.440888898,-6.334391395,590.8618544,0,590.8643359,605.4247583,0.009987571023,1,0.0519656847,0.05197909146,3.488807918,3.488695398,1,-0.07164551801,-0.07164551801,3.476491185,3.476491185
6,128791,1,3.440888898,-6.333113914,590.8618544,0,590.8643359,605.4247583,0.009987571023,1,0.05191371186,0.0519578209,3.488807918,3.488735905,1,-0.07164551801,-0.07164551801,3.476491185,3.476491185
7,146952,1,3.440888898,-6.331836433,590.8618544,0,590.8643359,605.4247583,0.009987571023,1,0.0518569267,0.05191942009,3.488807918,3.48876183,1,-0.07164551801,-0.07164551801,3.476491185,3.476491185
8,167011,1,3.440888898,-6.329920211,590.8618544,0,590.8643359,605.4247583,0.009987571023,1,0.05182715906,0.05188175605,3.488807918,3.488778422,1,-0.07164551801,-0.07164551801,3.476491185,3.476491185
9,187024,1,3.440888898,-6.328003989,590.8618544,0,590.8643359,605.4247583,0.009987571023,1,0.05181290122,0.05185163462,3.488807918,3.48878904,1,-0.07164551801,-0.07164551801,3.476491185,3.476491185
10,207805,1,3.440888898,-6.326087767,590.8618544,0,590.8643359,605.4247583,0.009987571023,1,0.05181290122,0.05183468876,3.488807918,3.488795836,1,-0.07164551801,-0.07164551801,3.476491185,3.476491185
11,226149,1,3.440888898,-6.324171544,590.8618544,0,590.8643359,605.4247583,0.009987571023,1,0.051812898,0.05182515533,3.488807918,3.488800186,1,-0.07164551801,-0.07164551801,3.476491185,3.476491185
12,246778,1,3.440888898,-6.322894063,590.8618544,0,590.8643359,605.4247583,0.009987571023,1,0.051812898,0.05181979275,3.488807918,3.48880297,1,-0.07164551801,-0.07164551801,3.476491185,3.476491185
13,267208,1,3.440888898,-6.320977841,590.8618544,0,590.8643359,605.4247583,0.009987571023,1,0.051812898,0.0518167763,3.488807918,3.488804751,1,-0.07164551801,-0.07164551801,3.476491185,3.476491185
14,286428,1,3.440888898,-6.31970036,590.8618544,0,590.8643359,605.4247583,0.009987571023,1,0.051812898,0.05181507954,3.488807918,3.488805891,1,-0.07164551801,-0.07164551801,3.476491185,3.476491185
15,313353,1,3.440888898,-6.317784138,590.8618544,0,590.8643359,605.4247583,0.009987571023,1,0.051812898,0.05181412512,3.488807918,3.488806621,1,-0.07164551801,-0.07164551801,3.476491185,3.476491185
16,326518,1,3.440888898,-6.317145397,590.8618544,0,590.8643359,605.4247583,0.009987571023,1,0.051812898,0.05181358826,3.488807918,3.488807088,1,-0.07164551801,-0.07164551801,3.476491185,3.476491185
17,346254,1,3.440888898,-6.316506656,590.8618544,0,590.8643359,605.4247583,0.009987571023,1,0.051812898,0.05181328627,3.488807918,3.488807387,1,-0.07164551801,-0.07164551801,3.476491185,3.476491185
18,366126,1,3.440888898,-6.314590434,590.8618544,0,590.8643359,605.4247583,0.009987571023,1,0.051812898,0.0518131164,3.488807918,3.488807578,1,-0.07164551801,-0.07164551801,3.476491185,3.476491185
19,387360,1,3.440888898,-6.313312953,590.8618544,0,590.8643359,605.4247583,0.009987571023,1,0.051812898,0.05181302085,3.488807918,3.488807701,1,-0.07164551801,-0.07164551801,3.476491185,3.476491185
20,409562,1,3.440888898,-6.312035471,590.8618544,0,590.8643359,605.4247583,0.009987571023,1,0.051812898,0.05181296711,3.488807918,3.488807779,1,-0.07164551801,-0.07164551801,3.476491185,3.476491185
21,426113,1,3.440888898,-6.311396731,590.8618544,0,590.8643359,605.4247583,0.009987571023,1,0.051812898,0.05181293687,3.488807918,3.488807829,1,-0.07164551801,-0.07164551801,3.476491185,3.476491185
22,446739,1,3.440888898,-6.31075799,590.8618544,0,590.8643359,605.4247583,0.009987571023,1,0.051812898,0.05181291987,3.488807918,3.488807861,1,-0.07164551801,-0.07164551801,3.476491185,3.476491185
23,467216,1,3.440888898,-6.310119249,590.8618544,0,590.8643359,605.4247583,0.009987571023,1,0.051812898,0.0518129103,3.488807918,3.488807882,1,-0.07164551801,-0.07164551801,3.476491185,3.476491185
24,486920,1,3.440888898,-6.309480509,590.8618544,0,590.8643359,605.4247583,0.009987571023,1,0.051812898,0.05181290492,3.488807918,3.488807895,1,-0.07164551801,-0.07164551801,3.476491185,3.476491185
25,507805,1,3.440888898,-6.308841768,590.8618544,0,590.8643359,605.4247583,0.009987571023,1,0.051812898,0.05181290189,3.488807918,3.488807903,1,-0.07164551801,-0.07164551801,3.476491185,3.476491185
26,526624,1,3.440888898,-6.308203027,590.8618544,0,590.8643359,605.4247583,0.009987571023,1,0.05182523609,0.05181598471,3.48899445,3.488861943,1,-0.07164551801,-0.07164551801,3.476491185,3.476491185
27,546044,1,3.440888898,-6.307564287,590.8618544,0,590.8643359,605.4247583,0.009987571023,1,0.05185530334,0.05183040521,3.489165502,3.48894387,1,-0.07164551801,-0.07164551801,3.476491185,3.476491185
28,566072,1,3.440888898,-6.306925546,590.8618544,0,590.8643359,605.4247583,0.009987571023,1,0.0519114936,0.05186067286,3.489181153,3.489029291,1,-0.07164551801,-0.07164551801,3.476491185,3.476491185
29,587020,1,3.440888898,-6.305648065,590.8618544,0,590.8643359,605.4247583,0.009987571023,1,0.05198318858,0.0519071203,3.489181153,3.489083961,1,-0.07164551801,-0.07164551801,3.476491185,3.476491185
30,607591,1,3.440888898,-6.303731842,590.8618544,0,590.8643359,605.4247583,0.009987571023,1,0.05205428037,0.05196595556,3.489181153,3.48911895,1,-0.07164551801,-0.07164551801,3.476491185,3.476491185
31,626074,1,3.439182877,-6.30117688,590.8592178,0,590.8643359,605.4247583,0.009987571023,1,0.05211032175,0.05202407104,3.489181153,3.489141343,1,-0.07164551801,-0.07164551801,3.476491185,3.476491185
32,646562,1,3.4149884,-6.298621917,590.8347131,0,590.8458798,605.4247583,0.009987571023,1,0.05212807222,0.05206915016,3.489181153,3.489155674,1,-0.07164551801,-0.07164551801,3.476491185,3.476491185
33,666105,1,3.385365675,-6.294789473,590.8046251,0,590.8145511,605.4247583,0.009987571023,1,0.05214082774,0.0521005088,3.489181153,3.489164847,1,-0.07164551801,-0.07164551801,3.476491185,3.476491185
34,687110,1,3.366599446,-6.289040807,590.786014,0,590.7950094,605.4247583,0.009987571023,1,0.05215508555,0.05212438537,3.489181153,3.489170717,1,-0.07164551801,-0.07164551801,3.476491185,3.476491185
35,708230,1,3.358379527,-6.282014659,590.7782593,0,590.786014,605.4247583,0.009987571023,1,0.05215508555,0.0521378167,3.489181153,3.489174474,1,-0.07164551801,-0.07164551801,3.476491185,3.476491185
36,727594,1,3.355277671,-6.276265993,590.7754677,0,590.7822918,605.4247583,0.009987571023,1,0.05215508555,0.05214213391,3.489181153,3.489175809,1,-0.07164551801,-0.07164551801,3.476491185,3.476491185
37,747423,1,3.353881836,-6.271156067,590.7742269,0,590.7805857,605.4247583,0.009987571023,1,0.05215508555,0.05214962158,3.489181153,3.489178417,1,-0.07164551801,-0.07164551801,3.476491185,3.476491185
38,766343,1,3.353261465,-6.267323623,590.7737617,0,590.7796552,605.4247583,0.009987571023,1,0.05218342117,0.05216176834,3.489181153,3.489179402,1,-0.07164551801,-0.07164551801,3.476491185,3.476491185
39,786348,1,3.352951279,-6.264768661,590.7736066,0,590.7790348,605.4247583,0.009987571023,1,0.0521978589,0.0521775038,3.489181153,3.489180032,1,-0.07164551801,-0.07164551801,3.476491185,3.476491185
40,807620,1,3.352951279,-6.262213698,590.7736066,0,590.7785695,605.4247583,0.009987571023,1,0.05219785899,0.0521864092,3.489181153,3.489180435,1,-0.07164551801,-0.07164551801,3.476491185,3.476491185
41,826207,1,3.352951279,-6.260297476,590.7736066,0,590.7784144,605.4247583,0.009987571023,1,0.0522058468,0.05219341544,3.489181153,3.489180694,1,-0.07164551801,-0.07164551801,3.476491185,3.476491185
42,846894,1,3.352951279,-6.257742513,590.7737617,0,590.7782593,605.4247583,0.009987571023,1,0.05223670574,0.05220774422,3.489181153,3.489180859,1,-0.07164551801,-0.07164551801,3.476491185,3.476491185
43,866900,1,3.352951279,-6.256465032,590.7737617,0,590.7781043,605.4247583,0.009987571023,1,0.05226905942,0.05223118005,3.489181153,3.489180965,1,-0.07164551801,-0.07164551801,3.476491185,3.476491185
44,886081,1,3.352951279,-6.25454881,590.7737617,0,590.7779492,605.4247583,0.009987571023,1,0.05226914807,0.05224779105,3.489181153,3.489181032,1,-0.07164551801,-0.07164551801,3.476491185,3.476491185
45,908593,1,3.352951279,-6.253910069,590.7737617,0,590.7779492,605.4247583,0.009987571023,1,0.05228340181,0.05226148405,3.48936777,3.489248257,1,-0.07164551801,-0.07164551801,3.476491185,3.476491185
46,926686,1,3.352951279,-6.252632587,590.7739167,0,590.7777941,605.4247583,0.009987571023,1,0.05228340588,0.05227107485,3.48936777,3.489291282,1,-0.07164551801,-0.07164551801,3.476491185,3.476491185
47,946070,1,3.352951279,-6.251993847,590.7739167,0,590.7777941,605.4247583,0.009987571023,1,0.05228340588,0.05227646968,3.48936777,3.489318817,1,-0.07164551801,-0.07164551801,3.476491185,3.476491185
48,967032,1,3.352951279,-6.250716365,590.7740718,0,590.777639,605.4247583,0.009987571023,1,0.05228340588,0.05227950427,3.48936777,3.48933644,1,-0.07164551801,-0.07164551801,3.476491185,3.476491185
49,987011,1,3.352951279,-6.250077625,590.7740718,0,590.777639,605.4247583,0.009987571023,1,0.05228340588,0.05228121122,3.48936777,3.489347719,1,-0.07164551801,-0.07164551801,3.476491185,3.476491185
50,1009943,1,3.352951279,-6.249438884,590.7740718,0,590.777639,605.4247583,0.009987571023,1,0.05228340588,0.05228217139,3.48936777,3.489354937,1,-0.07164551801,-0.07164551801,3.476491185,3.476491185
51,1026376,1,3.352951279,-6.248161403,590.7740718,0,590.777639,605.4247583,0.009987571023,1,0.05226921788,0.05227916448,3.48936777,3.489359557,1,-0.07164551801,-0.07164551801,3.476491185,3.476491185
52,1047338,1,3.352951279,-6.247522662,590.7740718,0,590.7774839,605.4247583,0.009987571023,1,0.05226914807,0.05227478237,3.48936777,3.489362514,1,-0.07164551801,-0.07164551801,3.476491185,3.476491185
53,1066523,1,3.352951279,-6.247522662,590.7740718,0,590.7774839,605.4247583,0.009987571023,1,0.05226914807,0.05227231736,3.48936777,3.489364406,1,-0.07164551801,-0.07164551801,3.476491185,3.476491185
54,1087128,1,3.352951279,-6.246883921,590.7740718,0,590.7774839,605.4247583,0.009987571023,1,0.05226914807,0.0522709308,3.48936777,3.489365617,1,-0.07164551801,-0.07164551801,3.476491185,3.476491185
55,1107778,1,3.352951279,-6.246883921,590.7740718,0,590.7774839,605.4247583,0.009987571023,1,0.05226914807,0.05227015085,3.48936777,3.489366392,1,-0.07164551801,-0.07164551801,3.476491185,3.476491185
56,1126269,1,3.352951279,-6.246883921,590.7742269,0,590.7774839,605.4247583,0.009987571023,1,0.05226914807,0.05226971213,3.48936777,3.489366888,1,-0.07164551801,-0.07164551801,3.476491185,3.476491185
57,1147019,1,3.352951279,-6.246245181,590.7742269,0,590.7774839,605.4247583,0.009987571023,1,0.05228486507,0.05227339461,3.48936777,3.489367205,1,-0.07164551801,-0.07164551801,3.476491185,3.476491185
58,1166374,1,3.353106372,-6.246245181,590.7742269,0,590.7774839,605.4247583,0.009987571023,1,0.0523160007,0.05228859582,3.48936777,3.489367409,1,-0.07164551801,-0.07164551801,3.476491185,3.476491185
59,1186991,1,3.353106372,-6.246245181,590.7742269,0,590.7774839,605.4247583,0.009987571023,1,0.05235753787,0.05231654513,3.48936777,3.489367539,1,-0.07164551801,-0.07164551801,3.476491185,3.476491185
60,1207818,1,3.353106372,-6.246245181,590.7742269,0,590.7774839,605.4247583,0.009987571023,1,0.05235753787,0.05232679331,3.48936777,3.489367585,1,-0.07164551801,-0.07164551801,3.476491185,3.476491185
61,1228703,1,3.353106372,-6.24560644,590.7742269,0,590.7774839,605.4247583,0.009987571023,1,0.05235753787,0.05234456751,3.48936777,3.489367675,1,-0.07164551801,-0.07164551801,3.476491185,3.476491185
62,1246230,1,3.353106372,-6.24560644,590.7742269,0,590.7774839,605.4247583,0.009987571023,1,0.05235753787,0.05235024205,3.48936777,3.489367709,1,-0.07164551801,-0.07164551801,3.476491185,3.476491185
63,1267239,1,3.353106372,-6.24560644,590.7742269,0,590.7773288,605.4247583,0.009987571023,1,0.05263985054,0.05247522232,3.48936777,3.489367731,1,-0.07164551801,-0.07164551801,3.476491185,3.476491185
64,1286936,1,3.347523031,-6.24560644,590.7678681,0,590.7740718,605.4247583,0.009987571023,1,0.05265410845,0.05255337491,3.48936777,3.489367745,1,-0.07164551801,-0.07164551801,3.476491185,3.476491185
65,1310932,1,3.289518323,-6.24560644,590.7103287,0,590.7169977,605.4247583,0.009987571023,1,0.05270296442,0.05261219364,3.48936777,3.489367754,1,-0.07164551801,-0.07164551801,3.476491185,3.476491185
66,1326096,1,3.250745123,-6.24560644,590.6720208,0,590.6794652,605.4247583,0.009987571023,1,0.05275266129,0.05266842096,3.48936777,3.48936776,1,-0.07164551801,-0.07164551801,3.476491185,3.476491185
67,1346441,1,3.200184869,-6.24560644,590.6211503,0,590.6284397,605.4247583,0.009987571023,1,0.05280082278,0.05272282855,3.48936777,3.489367763,1,-0.07164551801,-0.07164551801,3.476491185,3.476491185
68,1366328,1,3.153346843,-6.24560644,590.573847,0,590.5777244,605.4247583,0.009987571023,1,0.05285213258,0.05277417123,3.48936777,3.489367766,1,-0.07164551801,-0.07164551801,3.476491185,3.476491185
69,1386106,1,3.120467169,-6.24560644,590.5414326,0,590.5432938,605.4247583,0.009987571023,1,0.05296485155,0.05284746177,3.48936777,3.489367767,1,-0.07164551801,-0.07164551801,3.476491185,3.476491185
70,1409552,1,3.142025069,-6.24560644,590.5204951,0,590.5218909,605.4247583,0.009987571023,1,0.05309811489,0.0529430325,3.48936777,3.489367768,1,-0.07164551801,-0.07164551801,3.476491185,3.476491185
71,1426378,1,3.13101348,-6.24560644,590.5299558,0,590.5225113,605.4247583,0.009987571023,1,0.05319121816,0.05304004448,3.48936777,3.489367769,1,-0.07164551801,-0.07164551801,3.476491185,3.476491185
72,1446949,1,3.131168573,-6.24560644,590.5425183,0,590.5330576,605.4247583,0.009987571023,1,0.05323703156,0.05308929125,3.48936777,3.489367769,1,-0.07164551801,-0.07164551801,3.476491185,3.476491185
73,1466329,1,3.131323666,-6.24560644,590.5484118,0,590.5392613,605.4247583,0.009987571023,0,NaN,NaN,NaN,NaN,0,NaN,NaN,NaN,NaN
74,1486543,1,3.162652411,-6.24560644,590.5510484,0,590.5432938,605.4247583,0.009987571023,0,NaN,NaN,NaN,NaN,0,NaN,NaN,NaN,NaN
75,1508679,1,3.752625429,-6.242412736,590.5522891,0,590.5460854,605.3855198,0.009987571023,1,0.05341285536,0.05317018228,3.48936777,3.489367769,1,-0.07164551801,-0.07164551801,3.476491185,3.476491185
76,1526485,1,5.042997539,-6.233470367,590.5530646,0,590.5474813,605.0187253,0.009987571023,1,0.05334310066,0.05325502069,3.48936777,3.489367769,1,-0.07164551801,-0.07164551801,3.476491185,3.476491185
77,1546838,1,7.647781143,-6.216224368,590.5532197,0,590.5490322,603.6151354,0.009987571023,1,0.05326647362,0.05326599785,3.48936777,3.489367769,1,-0.07164551801,-0.07164551801,3.476491185,3.476491185
78,1566539,1,10.25830318,-6.183009853,590.5533748,0,590.5499627,601.3363569,0.009987571023,1,0.05322471259,0.05325148899,3.48936777,3.48936777,1,-0.07164551801,-0.07164551801,3.476491185,3.476491185
79,1586997,1,13.3064971,-6.165763854,590.5533748,0,590.5510484,598.3402742,0.009987571023,1,0.0531959062,0.05322906215,3.48936777,3.48936777,1,-0.07164551801,-0.07164551801,3.476491185,3.476491185
80,1609031,1,16.45984395,-6.160015188,590.5533748,0,590.551979,595.144587,0.009987571023,1,0.05318164821,0.05321720866,3.48936777,3.48936777,1,-0.07164551801,-0.07164551801,3.476491185,3.476491185
81,1626771,1,17.67034326,-6.158098966,590.5533748,0,590.5525993,593.063862,0.009987571023,1,0.0531816482,0.05320165096,3.48936777,3.48936777,1,-0.07164551801,-0.07164551801,3.476491185,3.476491185
82,1646053,1,17.96563996,-6.157460225,590.5533748,0,590.5532197,591.9098164,0.009987571023,1,0.05318315088,0.05319327542,3.48936777,3.48936777,1,-0.07164551801,-0.07164551801,3.476491185,3.476491185
83,1666949,1,17.99200574,-6.154266522,590.5533748,0,590.5533748,591.5557396,0.009987571023,1,0.05320941653,0.0531973107,3.48936777,3.48936777,1,-0.07164551801,-0.07164551801,3.476491185,3.476491185
84,1686418,1,17.99371176,-6.153627781,590.5533748,0,590.5538401,591.5478298,0.009987571023,1,0.05322442164,0.05320408843,3.48936777,3.48936777,1,-0.07164551801,-0.07164551801,3.476491185,3.476491185
85,1708083,1,18.03031366,-6.15298904,590.5535299,0,590.5541502,591.5490706,0.009987571023,0,NaN,NaN,NaN,NaN,0,NaN,NaN,NaN,NaN
86,1726670,1,18.02597106,-6.15298904,590.5535299,0,590.5544604,591.5285983,0.009987571023,0,NaN,NaN,NaN,NaN,0,NaN,NaN,NaN,NaN
87,1746188,1,18.02193865,-6.1523503,590.5535299,0,590.5549257,591.5324756,0.009987571023,1,0.05322442164,0.05322442164,3.48936777,3.48936777,1,-0.07164551801,-0.07164551801,3.476491185,3.476491185
88,1766402,1,18.04551275,-6.151072818,590.5535299,0,590.5549257,591.5306145,0.009987571023,1,0.05313868406,0.05320298725,3.487393776,3.488882497,1,-0.07164551801,-0.07164551801,3.476491185,3.476491185
89,1786955,1,18.04210071,-6.133188079,590.5535299,0,590.5550808,591.5254965,0.009987571023,1,0.05306787995,0.05314937287,3.486211168,3.488020309,1,-0.07164551801,-0.07164551801,3.476491185,3.476491185
90,1809486,1,18.0465984,-6.114025858,590.5535299,0,590.5550808,591.5206886,0.009987571023,1,0.05271000881,0.05301280469,3.481476647,3.486153368,1,-0.07164551801,-0.07164551801,3.476491185,3.476491185
91,1826886,1,18.04783914,-6.108277192,590.5535299,0,590.5550808,591.5175867,0.009987571023,1,0.05233107612,0.05276091844,3.478980148,3.483819129,1,-0.07164551801,-0.07164551801,3.476491185,3.476491185
92,1846135,1,18.05016554,-6.100612304,590.5535299,0,590.5550808,591.5143298,0.009987571023,1,0.052031323,0.05247342823,3.478089457,3.481859297,1,-0.07164551801,-0.07164551801,3.476491185,3.476491185
93,1866821,1,18.05125119,-6.096141119,590.5535299,0,590.5550808,591.511383,0.009987571023,1,0.05159322372,0.05212734209,3.476517285,3.480031614,1,-0.07164551801,-0.07164551801,3.476491185,3.476491185
94,1886553,1,18.05249193,-6.093586156,590.5535299,0,590.5550808,591.5089015,0.009987571023,1,0.05125230821,0.05177742428,3.476304571,3.478690115,1,-0.07164551801,-0.07164551801,3.476491185,3.476491185
95,1910228,1,18.05342248,-6.091669934,590.5535299,0,590.5550808,591.5065751,0.009987571023,1,0.05065644527,0.05135708029,3.476117951,3.477765695,1,-0.07164551801,-0.07164551801,3.476491185,3.476491185
96,1927229,1,18.05404286,-6.090392453,590.5535299,0,590.5550808,591.5050242,0.009987571023,1,0.05032950542,0.05095202766,3.476117951,3.477172507,1,-0.07164551801,-0.07164551801,3.476491185,3.476491185
97,1947096,1,18.05466323,-6.089753712,590.5535299,0,590.5550808,591.5033182,0.009987571023,1,0.04992726529,0.05054426487,3.476117951,3.476792867,1,-0.07164551801,-0.07164551801,3.476491185,3.476491185
98,1966296,1,18.05512851,-6.089114972,590.5535299,0,590.5550808,591.5020775,0.009987571023,1,0.04959537749,0.05016186698,3.476117951,3.476549897,1,-0.07164551801,-0.07164551801,3.476491185,3.476491185
99,1987043,1,18.05559378,-6.088476231,590.5535299,0,590.5550808,591.5008367,0.009987571023,1,0.04916083132,0.04976524176,3.476458434,3.476462493,1,-0.07164551801,-0.07164551801,3.476491185,3.476491185
100,2007839,1,18.05590397,-6.08783749,590.5535299,0,590.5550808,591.4997511,0.009987571023,1,0.04893727705,0.04942014313,3.477958318,3.476766242,1,-0.07164551801,-0.07164551801,3.476491185,3.476491185
101,2029852,1,18.05621416,-6.087198749,590.5535299,0,590.5550808,591.4988205,0.009987571023,1,0.04893281947,0.04920693946,3.480625325,3.477968935,1,-0.07164551801,-0.07164551801,3.476491185,3.476491185
102,2046836,1,18.05636925,-6.087198749,590.5535299,0,590.5550808,591.4982001,0.009987571023,1,0.04893281947,0.04908701196,3.482023351,3.479339745,1,-0.07164551801,-0.07164551801,3.476491185,3.476491185
103,2066523,1,18.05667943,-6.086560009,590.5535299,0,590.5550808,591.4975798,0.009987571023,1,0.04893281947,0.04901955274,3.482461769,3.480425805,1,-0.07164551801,-0.07164551801,3.476491185,3.476491185
104,2086859,1,18.05683453,-6.086560009,590.5535299,0,590.5552359,591.4969594,0.009987571023,1,0.04893281947,0.04898160694,3.483331224,3.481445347,1,-0.07164551801,-0.07164551801,3.476491185,3.476491185
105,2111652,1,18.05698962,-6.086560009,590.5535299,0,590.5552359,591.496339,0.009987571023,1,0.04893281947,0.04896026242,3.483955813,3.482294119,1,-0.07164551801,-0.07164551801,3.476491185,3.476491185
106,2126099,1,18.0572998,-6.086560009,590.5535299,0,590.5552359,591.4960288,0.009987571023,1,0.04895505458,0.04895381491,3.484142209,3.482929616,1,-0.07164551801,-0.07164551801,3.476491185,3.476491185
107,2146188,1,18.0572998,-6.085921268,590.5535299,0,590.5552359,591.4955636,0.009987571023,1,0.04904265353,0.0489838739,3.48427799,3.483393351,1,-0.07164551801,-0.07164551801,3.476491185,3.476491185
108,2167146,1,18.05760999,-6.085921268,590.5535299,0,590.5552359,591.4954085,0.009987571023,1,0.04922497598,0.04907295314,3.484990386,3.483904951,1,-0.07164551801,-0.07164551801,3.476491185,3.476491185
109,2186586,1,17.94578808,-6.085921268,590.5535299,0,590.5552359,591.4949432,0.009987571023,1,0.04937857362,0.04919177534,3.48553087,3.484446798,1,-0.07164551801,-0.07164551801,3.476491185,3.476491185
110,2209546,1,17.44887074,-6.085921268,590.5535299,0,590.5552359,591.494633,0.009987571023,1,0.04954074167,0.04932626947,3.486143806,3.485002212,1,-0.07164551801,-0.07164551801,3.476491185,3.476491185
111,2226328,1,17.25624548,-6.085921268,590.5535299,0,590.5552359,591.4944779,0.009987571023,1,0.04957652069,0.04943575438,3.486297956,3.48546868,1,-0.07164551801,-0.07164551801,3.476491185,3.476491185
112,2246356,1,17.14209718,-6.085921268,590.5535299,0,590.5552359,591.4943228,0.009987571023,1,0.04957652069,0.04949733964,3.486297956,3.485767219,1,-0.07164551801,-0.07164551801,3.476491185,3.476491185
113,2266545,1,17.09091656,-6.085282527,590.5535299,0,590.5552359,591.4940126,0.009987571023,1,0.04957652069,0.04953198135,3.486297956,3.485958285,1,-0.07164551801,-0.07164551801,3.476491185,3.476491185
114,2286826,1,17.07184014,-6.085282527,590.5535299,0,590.5552359,591.4940126,0.009987571023,1,0.05024372251,0.04971826777,3.489593275,3.48673963,1,-0.07164551801,-0.07164551801,3.476491185,3.476491185
115,2309018,1,17.06393041,-6.085282527,590.5535299,0,590.5552359,591.4937024,0.009987571023,1,0.05053702736,0.05004575797,3.490994726,3.48817476,1,-0.07164551801,-0.07164551801,3.476491185,3.476491185
116,2326778,1,17.06098365,-6.085282527,590.5535299,0,590.5552359,591.4933923,0.009987571023,1,0.05086123138,0.05036623836,3.492463062,3.48957432,1,-0.07164551801,-0.07164551801,3.476491185,3.476491185
117,2348936,1,17.0597429,-6.085282527,590.5535299,0,590.5552359,591.4930821,0.009987571023,1,0.05103672391,0.05053385975,3.493269081,3.490313272,1,-0.07164551801,-0.07164551801,3.476491185,3.476491185
118,2366069,1,17.05896744,-6.085282527,590.5535299,0,590.5552359,591.4930821,0.009987571023,0,NaN,NaN,NaN,NaN,0,NaN,NaN,NaN,NaN
119,2386766,1,17.05850216,-6.085282527,590.5535299,0,590.5552359,591.4930821,0.009987571023,1,0.05174659286,0.05145216027,3.497358932,3.495428691,1,-0.07164551801,-0.07164551801,3.476491185,3.476491185
120,2408293,1,17.05726142,-6.085282527,590.5522891,0,590.5552359,591.492927,0.009987571023,1,0.05206014569,0.05167919145,3.499447851,3.496648569,1,-0.07164551801,-0.07164551801,3.476491185,3.476491185
121,2426655,1,17.01631692,-6.082088824,590.5107243,0,590.5268539,591.492927,0.009987571023,1,0.05237436632,0.05194718723,3.501231959,3.498136832,1,-0.07164551801,-0.07164551801,3.476491185,3.476491185
122,2446138,1,16.90945798,-6.0597329,590.4043306,0,590.4181339,591.492927,0.009987571023,1,0.05248091164,0.05208061834,3.501677899,3.498845045,1,-0.07164551801,-0.07164551801,3.476491185,3.476491185
123,2466155,1,16.75405499,-6.014382311,590.2486174,0,590.259629,591.492927,0.009987571023,1,0.05269722813,0.05238223636,3.50266793,3.500473672,1,-0.07164551801,-0.07164551801,3.476491185,3.476491185
124,2486642,1,16.57228623,-5.933262244,590.0656079,0,590.0770848,591.492927,0.009987571023,1,0.05310718452,0.05267048756,3.504820004,3.501909122,1,-0.07164551801,-0.07164551801,3.476491185,3.476491185
125,2507866,1,16.39718646,-5.873220619,589.8914387,0,589.9004341,591.492927,0.009987571023,1,0.0533581378,0.0529497389,3.505949639,3.503290348,1,-0.07164551801,-0.07164551801,3.476491185,3.476491185
126,2526498,1,16.23123716,-5.81828892,589.7247139,0,589.7343297,591.492927,0.009987571023,1,0.05354009187,0.05318776232,3.507198948,3.504554365,1,-0.07164551801,-0.07164551801,3.476491185,3.476491185
127,2547897,1,16.00650769,-5.722477817,589.5007599,0,589.5094451,591.492927,0.009987571023,1,0.05374864393,0.05341277138,3.509527957,3.506144729,1,-0.07164551801,-0.07164551801,3.476491185,3.476491185
128,2566892,1,15.83357921,-5.653493823,589.3269009,0,589.332019,591.492927,0.009987571023,1,0.05393230409,0.05362500876,3.511503304,3.507933473,1,-0.07164551801,-0.07164551801,3.476491185,3.476491185
129,2586230,1,15.66313223,-5.581316125,589.1562988,0,589.1618822,591.492927,0.009987571023,1,0.05414005852,0.05383051982,3.513020839,3.509655884,1,-0.07164551801,-0.07164551801,3.476491185,3.476491185
130,2612297,1,15.4418148,-5.44654184,588.9354467,0,588.9433564,591.492927,0.009987571023,1,0.05448023389,0.05407544307,3.514550108,3.511285773,1,-0.07164551801,-0.07164551801,3.476491185,3.476491185
131,2626127,1,15.33898827,-5.382667771,588.8321549,0,588.8363424,591.492927,0.009987571023,1,0.05464339044,0.05430444724,3.515110605,3.512602622,1,-0.07164551801,-0.07164551801,3.476491185,3.476491185
132,2646694,1,15.15783988,-5.279830521,588.6508514,0,588.6564347,591.4930821,0.009987571023,1,0.05496317578,0.05456251995,3.517042186,3.514029701,1,-0.07164551801,-0.07164551801,3.476491185,3.476491185
133,2666133,1,14.98444613,-5.191045565,588.478078,0,588.4805595,591.4930821,0.009987571023,1,0.05526418725,0.05483686863,3.518950568,3.515620356,1,-0.07164551801,-0.07164551801,3.476491185,3.476491185
134,2687038,1,14.78732317,-5.095873203,588.2809551,0,588.2821958,591.492927,0.009987571023,1,0.05567236214,0.05516484351,3.521724747,3.517607314,1,-0.07164551801,-0.07164551801,3.476491185,3.476491185
135,2708399,1,14.58523725,-5.009004469,588.0793344,0,588.0830566,591.4930821,0.009987571023,1,0.05612694644,0.05553958449,3.524855546,3.519940317,1,-0.07164551801,-0.07164551801,3.476491185,3.476491185
136,2726104,1,14.39338746,-4.939381735,587.8871744,0,587.8874846,591.4930821,0.009987571023,1,0.05643499574,0.05590700826,3.526709671,3.522263865,1,-0.07164551801,-0.07164551801,3.476491185,3.476491185
137,2746662,1,14.12042413,-4.816104782,587.614056,0,587.6132805,591.4930821,0.009987571023,1,0.05687514581,0.05628861295,3.5290251,3.524484631,1,-0.07164551801,-0.07164551801,3.476491185,3.476491185
138,2766624,1,13.86141915,-4.699215236,587.3547408,0,587.3558265,591.4930821,0.009987571023,1,0.05720413796,0.05665377321,3.532022131,3.526907723,1,-0.07164551801,-0.07164551801,3.476491185,3.476491185
139,2787483,1,13.57062015,-4.557414804,587.0639418,0,587.0622358,591.4930821,0.009987571023,1,0.05767628183,0.05705121854,3.536129822,3.529847668,1,-0.07164551801,-0.07164551801,3.476491185,3.476491185
140,2809665,1,13.25500629,-4.395174669,586.7486382,0,586.7480178,591.4930821,0.009987571023,1,0.05768711758,0.0573294227,3.537141541,3.532442839,1,-0.07164551801,-0.07164551801,3.476491185,3.476491185
141,2826141,1,13.03601526,-4.283395049,586.5290268,0,586.5304226,591.4930821,0.009987571023,1,0.05768711759,0.05748591421,3.537141764,3.534134452,1,-0.07164551801,-0.07164551801,3.476491185,3.476491185
142,2846178,1,12.78492001,-4.12690358,586.278707,0,586.2818088,591.4930821,0.009987571023,1,0.05768711759,0.05757394069,3.537141764,3.535217084,1,-0.07164551801,-0.07164551801,3.476491185,3.476491185
143,2866623,1,12.59818828,-3.976799519,586.09151,0,586.0970933,591.4930821,0.009987571023,1,0.05768711759,0.05762345558,3.537328102,3.535947237,1,-0.07164551801,-0.07164551801,3.476491185,3.476491185
144,2886757,1,12.48155849,-3.873962268,585.9751904,0,585.9767413,591.4930821,0.009987571023,1,0.05768711759,0.05765130771,3.537328381,3.536444448,1,-0.07164551801,-0.07164551801,3.476491185,3.476491185
145,2909939,1,12.41502368,-3.79220346,585.9085005,0,585.9100514,591.4930821,0.009987571023,1,0.05768711759,0.05766697453,3.537636843,3.536853449,1,-0.07164551801,-0.07164551801,3.476491185,3.476491185
146,2926677,1,12.39455143,-3.746214131,585.8880282,0,585.8898893,591.4930821,0.009987571023,1,0.05768711759,0.05767578712,3.538090557,3.537244749,1,-0.07164551801,-0.07164551801,3.476491185,3.476491185
147,2946912,1,12.3822991,-3.712999615,585.8760861,0,585.8782574,591.4930821,0.009987571023,1,0.05768711759,0.0576807442,3.538686541,3.537723572,1,-0.07164551801,-0.07164551801,3.476491185,3.476491185
148,2966938,1,12.37733613,-3.697031098,585.8714333,0,585.8736046,591.4930821,0.009987571023,1,0.05768711759,0.05768353256,3.538821317,3.538118667,1,-0.07164551801,-0.07164551801,3.476491185,3.476491185
149,2986994,1,12.37547502,-3.681062581,585.8694171,0,585.8715884,591.4930821,0.009987571023,1,0.05768711759,0.05768510101,3.538821319,3.538371622,1,-0.07164551801,-0.07164551801,3.476491185,3.476491185
150,3009421,1,12.37438937,-3.651680509,585.8684865,0,585.8703476,591.4930821,0.009987571023,1,0.05768711759,0.05768598326,3.538821319,3.538533513,1,-0.07164551801,-0.07164551801,3.476491185,3.476491185
151,3026147,1,12.37407918,-3.629963326,585.8680212,0,585.8698824,591.4930821,0.009987571023,1,0.05768711759,0.05768647953,3.538821319,3.538637123,1,-0.07164551801,-0.07164551801,3.476491185,3.476491185
152,3046612,1,12.37392409,-3.610801105,585.8680212,0,585.8695722,591.4930821,0.009987571023,1,0.05768711759,0.05768675868,3.538634735,3.538649388,1,-0.07164551801,-0.07164551801,3.476491185,3.476491185
153,3067050,1,12.37392409,-3.595471329,585.8678662,0,585.8694171,591.4930821,0.009987571023,1,0.05768711759,0.0576869157,3.538634702,3.538644101,1,-0.07164551801,-0.07164551801,3.476491185,3.476491185
154,3086579,1,12.37376899,-3.581419033,585.8677111,0,585.869262,591.4930821,0.009987571023,1,0.05768711759,0.05768700403,3.538448364,3.53860345,1,-0.07164551801,-0.07164551801,3.476491185,3.476491185
155,3108172,1,12.37376899,-3.568005479,585.8677111,0,585.8691069,591.4930821,0.009987571023,1,0.05768711759,0.05768705371,3.538178836,3.538464781,1,-0.07164551801,-0.07164551801,3.476491185,3.476491185
156,3126612,1,12.37376899,-3.563534294,585.867556,0,585.8691069,591.4930821,0.009987571023,1,0.05768711759,0.05768708166,3.538074851,3.538324497,1,-0.07164551801,-0.07164551801,3.476491185,3.476491185
157,3146585,1,12.3736139,-3.562895553,585.867556,0,585.8691069,591.4930821,0.009987571023,1,0.05768711759,0.05768709738,3.537888682,3.538194244,1,-0.07164551801,-0.07164551801,3.476491185,3.476491185
158,3166778,1,12.3736139,-3.562895553,585.867556,0,585.8689518,591.4930821,0.009987571023,1,0.05768711759,0.05768710622,3.537522695,3.537982085,1,-0.07164551801,-0.07164551801,3.476491185,3.476491185
159,3186193,1,12.3736139,-3.562895553,585.8674009,0,585.8689518,591.4930821,0.009987571023,1,0.05768711759,0.05768711119,3.537333173,3.537777572,1,-0.07164551801,-0.07164551801,3.476491185,3.476491185
160,3209349,1,12.3736139,-3.562895553,585.8674009,0,585.8689518,591.4930821,0.009987571023,1,0.05768711759,0.05768711399,3.5369803,3.537543103,1,-0.07164551801,-0.07164551801,3.476491185,3.476491185
161,3227690,1,12.3736139,-3.562895553,585.8674009,0,585.8689518,591.4930821,0.009987571023,1,0.05768711759,0.05768711557,3.536562972,3.537228256,1,-0.07164551801,-0.07164551801,3.476491185,3.476491185
162,3246214,1,12.3736139,-3.563534294,585.8674009,0,585.8689518,591.4930821,0.009987571023,1,0.05768711759,0.05768711645,3.536211666,3.53689178,1,-0.07164551801,-0.07164551801,3.476491185,3.476491185
163,3266488,1,12.3736139,-3.563534294,585.8674009,0,585.8689518,591.4930821,0.009987571023,1,0.05768711759,0.05768711695,3.536209248,3.536646069,1,-0.07164551801,-0.07164551801,3.476491185,3.476491185
164,3286796,1,12.3736139,-3.564173035,585.8674009,0,585.8689518,591.4930821,0.009987571023,1,0.05768711759,0.05768711723,3.536209248,3.536488813,1,-0.07164551801,-0.07164551801,3.476491185,3.476491185
165,3307907,1,12.3736139,-3.564811776,585.8674009,0,585.8689518,591.4930821,0.009987571023,1,0.05768711759,0.05768711739,3.536209248,3.53638817,1,-0.07164551801,-0.07164551801,3.476491185,3.476491185
166,3326663,1,12.3736139,-3.565450516,585.8674009,0,585.8689518,591.4930821,0.009987571023,1,0.05768711759,0.05768711747,3.534371365,3.535956181,1,-0.07164551801,-0.07164551801,3.476491185,3.476491185
167,3347156,1,12.3736139,-3.566727998,585.8674009,0,585.8689518,591.4930821,0.009987571023,1,0.05768711759,0.05768711752,3.534073979,3.535304827,1,-0.07164551801,-0.07164551801,3.476491185,3.476491185
168,3366609,1,12.3736139,-3.570560442,585.8674009,0,585.8687967,591.4930821,0.009987571023,1,0.05768711759,0.05768711755,3.533450682,3.534700886,1,-0.07164551801,-0.07164551801,3.476491185,3.476491185
169,3386696,1,12.3736139,-3.583973996,585.8674009,0,585.8687967,591.4930821,0.009987571023,1,0.05768711759,0.05768711757,3.532851045,3.534071404,1,-0.07164551801,-0.07164551801,3.476491185,3.476491185
170,3410058,1,12.3736139,-3.608246142,585.8674009,0,585.8687967,591.4930821,0.009987571023,1,0.05768711759,0.05768711758,3.532187529,3.533449826,1,-0.07164551801,-0.07164551801,3.476491185,3.476491185
171,3426592,1,12.3736139,-3.63379577,585.8674009,0,585.8687967,591.4930821,0.009987571023,1,0.05768711759,0.05768711758,3.531956937,3.533151248,1,-0.07164551801,-0.07164551801,3.476491185,3.476491185
172,3446804,1,12.3736139,-3.663816582,585.8674009,0,585.8687967,591.4930821,0.009987571023,1,0.05768711759,0.05768711759,3.531729866,3.532461701,1,-0.07164551801,-0.07164551801,3.476491185,3.476491185
173,3466234,1,12.3736139,-3.702779764,585.8674009,0,585.8687967,591.4930821,0.009987571023,1,0.05768711759,0.05768711759,3.531543249,3.532131064,1,-0.07164551801,-0.07164551801,3.476491185,3.476491185
174,3486769,1,12.3736139,-3.731523095,585.8674009,0,585.8687967,591.4930821,0.009987571023,1,0.05768711759,0.05768711759,3.531048616,3.531790756,1,-0.07164551801,-0.07164551801,3.476491185,3.476491185
175,3509407,1,12.3736139,-3.746214131,585.8674009,0,585.8687967,591.4930821,0.009987571023,1,0.05768711759,0.05768711759,3.530076214,3.531264104,1,-0.07164551801,-0.07164551801,3.476491185,3.476491185
176,3526610,1,12.37345881,-3.757711463,585.8674009,0,585.8687967,591.4930821,0.009987571023,1,0.05768711759,0.05768711759,3.529090335,3.530582376,1,-0.07164551801,-0.07164551801,3.476491185,3.476491185
177,3546694,1,12.37345881,-3.776234943,585.8674009,0,585.8687967,591.4930821,0.009987571023,1,0.05768711759,0.05768711759,3.527876664,3.529695552,1,-0.07164551801,-0.07164551801,3.476491185,3.476491185
178,3566023,1,12.37345881,-3.805617015,585.8674009,0,585.8687967,591.4930821,0.009987571023,1,0.05768711759,0.05768711759,3.527438122,3.528913043,1,-0.07164551801,-0.07164551801,3.476491185,3.476491185
179,3586742,1,12.37345881,-3.852245085,585.8674009,0,585.8687967,591.4930821,0.009987571023,1,0.05768711759,0.05768711759,3.526897718,3.528244095,1,-0.07164551801,-0.07164551801,3.476491185,3.476491185
180,3610828,1,12.37345881,-3.925061523,585.8674009,0,585.8687967,591.4930821,0.009987571023,1,0.05768711759,0.05768711759,3.52614388,3.527576562,1,-0.07164551801,-0.07164551801,3.476491185,3.476491185
181,3626817,1,12.37345881,-3.956998558,585.8674009,0,585.8687967,591.4930821,0.009987571023,1,0.05768711759,0.05768711759,3.52586358,3.527233965,1,-0.07164551801,-0.07164551801,3.476491185,3.476491185
182,3646877,1,12.37345881,-3.988296851,585.8674009,0,585.8687967,591.4930821,0.009987571023,1,0.05768711759,0.05768711759,3.525384884,3.526358515,1,-0.07164551801,-0.07164551801,3.476491185,3.476491185
183,3666728,1,12.37345881,-4.02470507,585.8674009,0,585.8687967,591.4930821,0.009987571023,1,0.05768711759,0.05768711759,3.525384883,3.526008007,1,-0.07164551801,-0.07164551801,3.476491185,3.476491185
184,3686751,1,12.37345881,-4.069416918,585.8674009,0,585.8687967,591.4930821,0.009987571023,1,0.05768711759,0.05768711759,3.525384883,3.525783682,1,-0.07164551801,-0.07164551801,3.476491185,3.476491185
185,3708130,1,12.37345881,-4.114767507,585.8674009,0,585.8687967,591.4930821,0.009987571023,1,0.05768711759,0.05768711759,3.525384883,3.525640115,1,-0.07164551801,-0.07164551801,3.476491185,3.476491185
186,3726076,1,12.37345881,-4.138400913,585.8674009,0,585.8687967,591.4930821,0.009987571023,1,0.05768711759,0.05768711759,3.525043491,3.525463225,1,-0.07164551801,-0.07164551801,3.476491185,3.476491185
187,3746735,1,12.37345881,-4.161395577,585.8674009,0,585.8687967,591.4930821,0.009987571023,1,0.05768711759,0.05768711759,3.524399315,3.525148939,1,-0.07164551801,-0.07164551801,3.476491185,3.476491185
188,3766189,1,12.37345881,-4.176725354,585.8674009,0,585.8687967,591.4930821,0.009987571023,1,0.05768711759,0.05768711759,3.523757358,3.524699479,1,-0.07164551801,-0.07164551801,3.476491185,3.476491185
189,3786730,1,12.3736139,-4.195248834,585.8674009,0,585.8687967,591.4930821,0.009987571023,1,0.05768711759,0.05768711759,3.522782603,3.524103928,1,-0.07164551801,-0.07164551801,3.476491185,3.476491185
190,3808237,1,12.3736139,-4.217604758,585.8674009,0,585.8687967,591.4930821,0.009987571023,1,0.05768711759,0.05768711759,3.520668411,3.523071112,1,-0.07164551801,-0.07164551801,3.476491185,3.476491185
191,3826139,1,12.3736139,-4.244431867,585.8674009,0,585.8687967,591.4930821,0.009987571023,1,0.05768711759,0.05768711759,3.518927962,3.521729884,1,-0.07164551801,-0.07164551801,3.476491185,3.476491185
192,3846777,1,12.3736139,-4.292976159,585.8674009,0,585.8687967,591.4930821,0.009987571023,1,0.05768711759,0.05768711759,3.517031733,3.520164459,1,-0.07164551801,-0.07164551801,3.476491185,3.476491185
193,3866693,1,12.3736139,-4.354934006,585.8674009,0,585.8687967,591.4930821,0.009987571023,1,0.05768711759,0.05768711759,3.51624367,3.51881481,1,-0.07164551801,-0.07164551801,3.476491185,3.476491185
194,3887147,1,12.3736139,-4.431582888,585.8674009,0,585.8687967,591.4930821,0.009987571023,1,0.05768711759,0.05768711759,3.516054067,3.517823449,1,-0.07164551801,-0.07164551801,3.476491185,3.476491185
195,3909511,1,12.3736139,-4.514619177,585.8674009,0,585.8687967,591.4930821,0.009987571023,1,0.05768711759,0.05768711759,3.515867407,3.51712125,1,-0.07164551801,-0.07164551801,3.476491185,3.476491185
196,3926793,1,12.3736139,-4.58168695,585.8674009,0,585.8687967,591.4930821,0.009987571023,1,0.05768711759,0.05768711759,3.515867407,3.516669867,1,-0.07164551801,-0.07164551801,3.476491185,3.476491185
197,3946331,1,12.3736139,-4.644922278,585.8674009,0,585.8687967,591.4930821,0.009987571023,1,0.05768711759,0.05768711759,3.515867407,3.516380981,1,-0.07164551801,-0.07164551801,3.476491185,3.476491185
198,3966750,1,12.3736139,-4.683246719,585.8674009,0,585.8687967,591.4930821,0.009987571023,1,0.05768711759,0.05768711759,3.515867407,3.516196095,1,-0.07164551801,-0.07164551801,3.476491185,3.476491185
199,3986018,1,12.3736139,-4.709435087,585.8674009,0,585.8687967,591.4930821,0.009987571023,1,0.05768711759,0.05768711759,3.515867407,3.516077767,1,-0.07164551801,-0.07164551801,3.476491185,3.476491185
200,4010511,1,12.3736139,-4.747120788,585.8674009,0,585.8687967,591.4930821,0.009987571023,1,0.05768711759,0.05768711759,3.515721131,3.515972782,1,-0.07164551801,-0.07164551801,3.476491185,3.476491185
201,4026992,1,12.3736139,-4.76756049,585.8674009,0,585.8687967,591.4930821,0.009987571023,1,0.05768711759,0.05768711759,3.515495331,3.515830871,1,-0.07164551801,-0.07164551801,3.476491185,3.476491185
202,4046841,1,12.3736139,-4.789277673,585.8674009,0,585.8687967,591.4930821,0.009987571023,1,0.05768711759,0.05768711759,3.51506653,3.515594508,1,-0.07164551801,-0.07164551801,3.476491185,3.476491185
203,4066831,1,12.3736139,-4.807801153,585.8674009,0,585.8687967,591.4930821,0.009987571023,1,0.05768711759,0.05768711759,3.514747813,3.515319655,1,-0.07164551801,-0.07164551801,3.476491185,3.476491185
204,4086765,1,12.3736139,-4.819298485,585.8674009,0,585.8687967,591.4930821,0.009987571023,1,0.05768711759,0.05768711759,3.514747704,3.515113753,1,-0.07164551801,-0.07164551801,3.476491185,3.476491185
205,4107663,1,12.3736139,-4.828879596,585.8674009,0,585.8687967,591.4930821,0.009987571023,1,0.05768711759,0.05768711759,3.514802563,3.514992947,1,-0.07164551801,-0.07164551801,3.476491185,3.476491185
206,4126654,1,12.3736139,-4.837183225,585.8674009,0,585.8687967,591.4930821,0.009987571023,1,0.05768711759,0.05768711759,3.515255871,3.515036124,1,-0.07164551801,-0.07164551801,3.476491185,3.476491185
207,4151431,1,12.3736139,-4.843570631,585.8674009,0,585.8687967,591.4930821,0.009987571023,1,0.05768711759,0.05768711759,3.516539657,3.515422016,1,-0.07164551801,-0.07164551801,3.476491185,3.476491185
208,4166623,1,12.3736139,-4.846125594,585.8674009,0,585.8687967,591.4930821,0.009987571023,1,0.05768711759,0.05768711759,3.517260474,3.515789708,1,-0.07164551801,-0.07164551801,3.476491185,3.476491185
209,4186994,1,12.3736139,-4.844848113,585.8674009,0,585.8687967,591.4930821,0.009987571023,1,0.05770137531,0.05769333877,3.519001323,3.517113303,1,-0.07164551801,-0.07164551801,3.476491185,3.476491185
210,4208718,1,12.3736139,-4.836544484,585.8674009,0,585.8687967,591.4930821,0.009987571023,1,0.05769506222,0.0576952765,3.519765946,3.518019777,1,-0.07164551801,-0.07164551801,3.476491185,3.476491185
211,4227015,1,12.3736139,-4.821853448,585.8674009,0,585.8687967,591.4930821,0.009987571023,1,0.0573430184,0.05758884702,3.520173024,3.518733063,1,-0.07164551801,-0.07164551801,3.476491185,3.476491185
212,4247061,1,12.3736139,-4.798858783,585.8674009,0,585.8687967,591.4930821,0.009987571023,1,0.05670260255,0.05726460812,3.520346218,3.519313776,1,-0.07164551801,-0.07164551801,3.476491185,3.476491185
213,4266785,1,12.3736139,-4.770754193,585.8674009,0,585.8687967,591.4930821,0.009987571023,1,0.05593435219,0.05675619908,3.520428851,3.519701982,1,-0.07164551801,-0.07164551801,3.476491185,3.476491185
214,4286663,1,12.3736139,-4.736262196,585.8674009,0,585.8687967,591.4930821,0.009987571023,1,0.05479887817,0.05598698288,3.52053281,3.520000707,1,-0.07164551801,-0.07164551801,3.476491185,3.476491185
215,4309768,1,12.3736139,-4.689634126,585.8674009,0,585.8687967,591.4930821,0.009987571023,1,0.0547630314,0.05545150411,3.520532816,3.520192266,1,-0.07164551801,-0.07164551801,3.476491185,3.476491185
216,4326751,1,12.3736139,-4.660890795,585.8674009,0,585.8687967,591.4930821,0.009987571023,1,0.0547630314,0.0551502973,3.520532816,3.520314864,1,-0.07164551801,-0.07164551801,3.476491185,3.476491185
217,4346194,1,12.3736139,-4.639812352,585.8674009,0,585.8687967,591.4930821,0.009987571023,1,0.0547630314,0.05498086847,3.520532816,3.520393327,1,-0.07164551801,-0.07164551801,3.476491185,3.476491185
218,4366688,1,12.3736139,-4.629592501,585.8674009,0,585.8687967,591.4930821,0.009987571023,1,0.04833934591,0.05236894621,3.520346221,3.520379541,1,-0.07164551801,-0.07164551801,3.476491185,3.476491185
219,4387070,1,12.3736139,-4.625121316,585.8674009,0,585.8687967,591.4930821,0.009987571023,1,0.04668960649,0.05005071015,3.520346219,3.520367545,1,-0.07164551801,-0.07164551801,3.476491185,3.476491185
220,4409338,1,12.3736139,-4.623843835,585.8674009,0,585.8687967,591.4930821,0.009987571023,1,0.04471552246,0.04790390061,3.520346219,3.520359868,1,-0.07164551801,-0.07164551801,3.476491185,3.476491185
221,4426056,1,12.3736139,-4.623205094,585.8674009,0,585.8687967,591.4930821,0.009987571023,1,0.04331924006,0.04601715452,3.520346219,3.520354954,1,-0.07164551801,-0.07164551801,3.476491185,3.476491185
222,4446177,1,12.3736139,-4.623205094,585.8674009,0,585.8687967,591.4930821,0.009987571023,1,0.0416066584,0.04426406518,3.520346219,3.52035181,1,-0.07164551801,-0.07164551801,3.476491185,3.476491185
223,4466738,1,12.3736139,-4.623205094,585.8674009,0,585.8687967,591.4930821,0.009987571023,1,0.03971142062,0.04243253697,3.520346219,3.520349797,1,-0.07164551801,-0.07164551801,3.476491185,3.476491185
224,4486333,1,12.3736139,-4.623205094,585.8674009,0,585.8687967,591.4930821,0.009987571023,1,0.03874618313,0.04151094851,3.520520485,3.520383935,1,-0.07164551801,-0.07164551801,3.476491185,3.476491185
225,4509389,1,12.3736139,-4.623205094,585.8674009,0,585.8687967,591.4930821,0.009987571023,1,0.03568422723,0.03867036983,3.520532836,3.520456598,1,-0.07164551801,-0.07164551801,3.476491185,3.476491185
226,4527340,1,12.3736139,-4.622566354,585.8674009,0,585.8687967,591.4930821,0.009987571023,1,0.03372509509,0.03674170017,3.520532836,3.520484044,1,-0.07164551801,-0.07164551801,3.476491185,3.476491185
227,4546784,1,12.3736139,-4.621927613,585.8674009,0,585.8687967,591.4930821,0.009987571023,1,0.03157861669,0.03472298979,3.520532836,3.520501609,1,-0.07164551801,-0.07164551801,3.476491185,3.476491185
228,4566097,1,12.3736139,-4.620650132,585.8674009,0,585.8687967,591.4930821,0.009987571023,1,0.02927407441,0.03253569488,3.520532836,3.520512851,1,-0.07164551801,-0.07164551801,3.476491185,3.476491185
229,4586760,1,12.3736139,-4.620011391,585.8674009,0,585.8687967,591.4930821,0.009987571023,1,0.02668148788,0.03026195025,3.520532836,3.520520046,1,-0.07164551801,-0.07164551801,3.476491185,3.476491185
230,4609196,1,12.3736139,-4.620011391,585.8674009,0,585.8687967,591.4930821,0.009987571023,1,0.02378182547,0.02772776562,3.520532836,3.52052465,1,-0.07164551801,-0.07164551801,3.476491185,3.476491185
231,4626603,1,12.3736139,-4.620011391,585.8674009,0,585.8687967,591.4930821,0.009987571023,1,0.02123568688,0.02520157708,3.520532836,3.520527597,1,-0.07164551801,-0.07164551801,3.476491185,3.476491185
232,4646425,1,12.3736139,-4.620011391,585.8674009,0,585.8687967,591.4930821,0.009987571023,1,0.01884622574,0.02264784822,3.520532836,3.520529483,1,-0.07164551801,-0.07164551801,3.476491185,3.476491185
233,4668464,1,12.3736139,-4.61937265,585.8674009,0,585.8687967,591.4930821,0.009987571023,1,0.01544822883,0.01986901874,3.520719451,3.520568013,1,-0.07164551801,-0.07164551801,3.476491185,3.476491185
234,4686581,1,12.3736139,-4.61937265,585.8674009,0,585.8687967,591.4930821,0.009987571023,1,0.01330234143,0.0172262246,3.520719454,3.520622532,1,-0.07164551801,-0.07164551801,3.476491185,3.476491185
235,4708910,1,12.3736139,-4.61873391,585.8674009,0,585.8687967,591.4930821,0.009987571023,1,0.0100587319,0.01442309648,3.520719454,3.520657424,1,-0.07164551801,-0.07164551801,3.476491185,3.476491185
236,4726629,1,12.3736139,-4.617456428,585.8674009,0,585.8687967,591.4930821,0.009987571023,1,0.007839696862,0.01181367007,3.520719454,3.520679755,1,-0.07164551801,-0.07164551801,3.476491185,3.476491185
237,4746324,1,12.3736139,-4.615540206,585.8674009,0,585.8687967,591.4930821,0.009987571023,1,0.005262927839,0.009201183512,3.520824004,3.520714956,1,-0.07164551801,-0.07164551801,3.476491185,3.476491185
238,4766888,1,12.3736139,-4.614262725,585.8674009,0,585.8687967,591.4930821,0.009987571023,1,0.002323152286,0.00645090668,3.521091967,3.520820928,1,-0.07164551801,-0.07164551801,3.476491185,3.476491185
239,4786593,1,12.3736139,-4.612346503,585.8674009,0,585.8687967,591.4930821,0.009987571023,1,-0.0002906686877,0.003697077866,3.521465783,3.521046572,1,-0.07164551801,-0.07164551801,3.476491185,3.476491185
240,4808714,1,12.3736139,-4.609152799,585.8674009,0,585.8687967,591.4930821,0.009987571023,1,-0.00341307022,0.0009018475059,3.521652539,3.521264423,1,-0.07164551801,-0.07164551801,3.476491185,3.476491185
241,4827191,1,12.3736139,-4.602765392,585.8674009,0,585.8687967,591.4930821,0.009987571023,1,-0.006609262596,-0.002091180098,3.520358641,3.521009676,1,-0.07164551801,-0.07164551801,3.476491185,3.476491185
242,4847691,1,12.3736139,-4.594461763,585.8674009,0,585.8687967,591.4930821,0.009987571023,1,-0.008842443157,-0.004833197569,3.521662708,3.521111967,1,-0.07164551801,-0.07164551801,3.476491185,3.476491185
243,4866763,1,12.3736139,-4.593823023,585.8674009,0,585.8687967,591.4930821,0.009987571023,1,-0.0107638767,-0.007185192521,3.522212034,3.521472999,1,-0.07164551801,-0.07164551801,3.476491185,3.476491185
244,4887309,1,12.3736139,-4.592545541,585.8674009,0,585.8687967,591.4930821,0.009987571023,1,-0.01325604755,-0.009570400818,3.522212391,3.52173918,1,-0.07164551801,-0.07164551801,3.476491185,3.476491185
245,4909363,1,12.3736139,-4.584880653,585.8674009,0,585.8687967,591.4930821,0.009987571023,1,-0.01514336156,-0.01183495828,3.522398094,3.521946677,1,-0.07164551801,-0.07164551801,3.476491185,3.476491185
246,4926925,1,12.3736139,-4.576577024,585.8674009,0,585.8687967,591.4930821,0.009987571023,1,-0.01592572478,-0.01285764991,3.522399008,3.522037143,1,-0.07164551801,-0.07164551801,3.476491185,3.476491185
247,4947706,1,12.3736139,-4.56380221,585.8674009,0,585.8687967,591.4930821,0.009987571023,1,-0.01816504463,-0.01554535059,3.522791908,3.522371933,1,-0.07164551801,-0.07164551801,3.476491185,3.476491185
248,4966144,1,12.3736139,-4.552304878,585.8674009,0,585.8687967,591.4930821,0.009987571023,1,-0.01912624801,-0.01702881305,3.522958859,3.52258317,1,-0.07164551801,-0.07164551801,3.476491185,3.476491185
249,4986708,1,12.3736139,-4.53569762,585.8674009,0,585.8687967,591.4930821,0.009987571023,1,-0.02024627811,-0.01834214524,3.522978528,3.522722352,1,-0.07164551801,-0.07164551801,3.476491185,3.476491185
250,5009551,1,12.3736139,-4.512702955,585.8674009,0,585.8687967,591.4930821,0.009987571023,1,-0.02143793498,-0.01957929472,3.52333118,3.522911813,1,-0.07164551801,-0.07164551801,3.476491185,3.476491185
251,5026760,1,12.3736139,-4.495456957,585.8674009,0,585.8687967,591.4930821,0.009987571023,1,-0.02202346556,-0.02019033743,3.523332094,3.522995869,1,-0.07164551801,-0.07164551801,3.476491185,3.476491185
252,5046348,1,12.3736139,-4.480765921,585.8674009,0,585.8687967,591.4930821,0.009987571023,1,-0.02334880719,-0.021771258,3.523518711,3.523250634,1,-0.07164551801,-0.07164551801,3.476491185,3.476491185
253,5067012,1,12.3736139,-4.466074885,585.8674009,0,585.8687967,591.4930821,0.009987571023,1,-0.02461950833,-0.02288256997,3.523518711,3.523347142,1,-0.07164551801,-0.07164551801,3.476491185,3.476491185
254,5086812,1,12.3736139,-4.456493775,585.8674009,0,585.8687967,591.4930821,0.009987571023,1,-0.02579012211,-0.02401021179,3.523518711,3.523408907,1,-0.07164551801,-0.07164551801,3.476491185,3.476491185
255,5109331,1,12.3736139,-4.449467627,585.8674009,0,585.8687967,591.4930821,0.009987571023,1,-0.02705982174,-0.02522683316,3.523518711,3.523448436,1,-0.07164551801,-0.07164551801,3.476491185,3.476491185
256,5126643,1,12.3736139,-4.446273924,585.8674009,0,585.8687967,591.4930821,0.009987571023,1,-0.02790246902,-0.02631650982,3.523518711,3.523473735,1,-0.07164551801,-0.07164551801,3.476491185,3.476491185
257,5146819,1,12.3736139,-4.443718961,585.8674009,0,585.8689518,591.4930821,0.009987571023,1,-0.02887358586,-0.02734927834,3.523518711,3.523489927,1,-0.07164551801,-0.07164551801,3.476491185,3.476491185
258,5166692,1,12.3736139,-4.44244148,585.8674009,0,585.8689518,591.4930821,0.009987571023,1,-0.02989190411,-0.02836081103,3.523705302,3.523550828,1,-0.07164551801,-0.07164551801,3.476491185,3.476491185
259,5186725,1,12.3736139,-4.440525258,585.8674009,0,585.8689518,591.4930821,0.009987571023,1,-0.03094442933,-0.02937852918,3.523705328,3.523606448,1,-0.07164551801,-0.07164551801,3.476491185,3.476491185
260,5209278,1,12.3736139,-4.439247776,585.8674009,0,585.8689518,591.4930821,0.009987571023,1,-0.03218288834,-0.03049454531,3.523705328,3.523642045,1,-0.07164551801,-0.07164551801,3.476491185,3.476491185
261,5226922,1,12.3736139,-4.437970295,585.8674009,0,585.8689518,591.4930821,0.009987571023,1,-0.03316505916,-0.03156149585,3.523705328,3.523664827,1,-0.07164551801,-0.07164551801,3.476491185,3.476491185
262,5246803,1,12.3736139,-4.436054073,585.8674009,0,585.8689518,591.4930821,0.009987571023,1,-0.03416970571,-0.03260213546,3.523518712,3.523612341,1,-0.07164551801,-0.07164551801,3.476491185,3.476491185
263,5266146,1,12.3736139,-4.434776592,585.8674009,0,585.8689518,591.4930821,0.009987571023,1,-0.03505289888,-0.03360045195,3.523518711,3.523578634,1,-0.07164551801,-0.07164551801,3.476491185,3.476491185
264,5286928,1,12.3736139,-4.434776592,585.8674009,0,585.8689518,591.4930821,0.009987571023,1,-0.03603865358,-0.0345903942,3.523518711,3.523557062,1,-0.07164551801,-0.07164551801,3.476491185,3.476491185
265,5308053,1,12.3736139,-4.434776592,585.8674009,0,585.8689518,591.4930821,0.009987571023,1,-0.03687120199,-0.03550823804,3.523518711,3.523543256,1,-0.07164551801,-0.07164551801,3.476491185,3.476491185
266,5326817,1,12.3736139,-4.434776592,585.8674009,0,585.8689518,591.4930821,0.009987571023,1,-0.03731385216,-0.03626113465,3.52333218,3.523467732,1,-0.07164551801,-0.07164551801,3.476491185,3.476491185
267,5346202,1,12.3736139,-4.435415332,585.8674009,0,585.8689518,591.4930821,0.009987571023,1,-0.03731385216,-0.03672169856,3.52333218,3.523418933,1,-0.07164551801,-0.07164551801,3.476491185,3.476491185
268,5367080,1,12.3736139,-4.436054073,585.8674009,0,585.8689518,591.4930821,0.009987571023,1,-0.03731385216,-0.03698076576,3.52333218,3.523387702,1,-0.07164551801,-0.07164551801,3.476491185,3.476491185
269,5386968,1,12.3736139,-4.436692814,585.8674009,0,585.8689518,591.4930821,0.009987571023,1,-0.03731385216,-0.03706403736,3.52333218,3.523376597,1,-0.07164551801,-0.07164551801,3.476491185,3.476491185
270,5407884,1,12.3736139,-4.436692814,585.8674009,0,585.8689518,591.4930821,0.009987571023,1,-0.03943688881,-0.03822245602,3.523332094,3.523354882,1,-0.07164551801,-0.07164551801,3.476491185,3.476491185
271,5426119,1,12.3736139,-4.437331554,585.8674009,0,585.8689518,591.4930821,0.009987571023,1,-0.04005729465,-0.03895879348,3.523493584,3.523378977,1,-0.07164551801,-0.07164551801,3.476491185,3.476491185
272,5446389,1,12.3736139,-4.437331554,585.8674009,0,585.8689518,591.4930821,0.009987571023,1,-0.04069134289,-0.03965023887,3.523704759,3.52346648,1,-0.07164551801,-0.07164551801,3.476491185,3.476491185
273,5466597,1,12.3736139,-4.437331554,585.8674009,0,585.8689518,591.4930821,0.009987571023,1,-0.04142161831,-0.04035825135,3.523705328,3.523552465,1,-0.07164551801,-0.07164551801,3.476491185,3.476491185
274,5486575,1,12.3736139,-4.437331554,585.8674009,0,585.8689518,591.4930821,0.009987571023,1,-0.04205507548,-0.04104950171,3.523891945,3.52367465,1,-0.07164551801,-0.07164551801,3.476491185,3.476491185
275,5509489,1,12.3736139,-4.436692814,585.8674009,0,585.8689518,591.4930821,0.009987571023,1,-0.04270792191,-0.04171503872,3.523891945,3.523752876,1,-0.07164551801,-0.07164551801,3.476491185,3.476491185
276,5526791,1,12.3736139,-4.435415332,585.8674009,0,585.8689518,591.4930821,0.009987571023,1,-0.04317896781,-0.04230528807,3.523891945,3.523802941,1,-0.07164551801,-0.07164551801,3.476491185,3.476491185
277,5547477,1,12.3736139,-4.434776592,585.8674009,0,585.8689518,591.4930821,0.009987571023,1,-0.04393030832,-0.04293176141,3.523891945,3.523834983,1,-0.07164551801,-0.07164551801,3.476491185,3.476491185
278,5566775,1,12.3736139,-4.43349911,585.8674009,0,585.8689518,591.4930821,0.009987571023,1,-0.04461529451,-0.0435953881,3.523891945,3.523855489,1,-0.07164551801,-0.07164551801,3.476491185,3.476491185
279,5586826,1,12.3736139,-4.43286037,585.8674009,0,585.8689518,591.4930821,0.009987571023,1,-0.04536866281,-0.04428730422,3.523891945,3.523868614,1,-0.07164551801,-0.07164551801,3.476491185,3.476491185
280,5608123,1,12.3736139,-4.430944147,585.8674009,0,585.8689518,591.4930821,0.009987571023,1,-0.04629069055,-0.04508208466,3.523891945,3.523877013,1,-0.07164551801,-0.07164551801,3.476491185,3.476491185
281,5626184,1,12.3736139,-4.430305407,585.8674009,0,585.8689518,591.4930821,0.009987571023,1,-0.04712994157,-0.04590842242,3.523891945,3.523882389,1,-0.07164551801,-0.07164551801,3.476491185,3.476491185
282,5646488,1,12.3736139,-4.429666666,585.8674009,0,585.8689518,591.4930821,0.009987571023,1,-0.04814048677,-0.04679771114,3.523891945,3.523885829,1,-0.07164551801,-0.07164551801,3.476491185,3.476491185
283,5666713,1,12.3736139,-4.429027925,585.8674009,0,585.8689518,591.4930821,0.009987571023,1,-0.04905450339,-0.04768613632,3.524078521,3.523925346,1,-0.07164551801,-0.07164551801,3.476491185,3.476491185
284,5686164,1,12.3736139,-4.427750444,585.8674009,0,585.8689518,591.4930821,0.009987571023,1,-0.04986509927,-0.04856075885,3.524450326,3.524083156,1,-0.07164551801,-0.07164551801,3.476491185,3.476491185
285,5711178,1,12.3736139,-4.426472963,585.8674009,0,585.8689518,591.4930821,0.009987571023,1,-0.05080795936,-0.04944505011,3.525005573,3.524379863,1,-0.07164551801,-0.07164551801,3.476491185,3.476491185
286,5726196,1,12.3736139,-4.423918,585.8674009,0,585.8689518,591.4930821,0.009987571023,1,-0.05134264601,-0.05022271966,3.525344499,3.524702166,1,-0.07164551801,-0.07164551801,3.476491185,3.476491185
287,5746879,1,12.3736139,-4.41497563,585.8674009,0,585.8689518,591.4930821,0.009987571023,1,-0.05219110271,-0.05100745692,3.52557122,3.524985209,1,-0.07164551801,-0.07164551801,3.476491185,3.476491185
288,5766683,1,12.3736139,-4.399645854,585.8674009,0,585.8689518,591.4930821,0.009987571023,1,-0.05302768929,-0.05181688059,3.5255715,3.525196274,1,-0.07164551801,-0.07164551801,3.476491185,3.476491185
289,5786249,1,12.3736139,-4.38687104,585.8674009,0,585.8689518,591.4930821,0.009987571023,1,-0.05382762998,-0.05260904453,3.5255715,3.525331355,1,-0.07164551801,-0.07164551801,3.476491185,3.476491185
290,5809668,1,12.3736139,-4.372818745,585.8674009,0,585.8689518,591.4930821,0.009987571023,1,-0.05483926037,-0.05344840924,3.5255715,3.525417807,1,-0.07164551801,-0.07164551801,3.476491185,3.476491185
291,5826348,1,12.3736139,-4.367708819,585.8674009,0,585.8689518,591.4930821,0.009987571023,1,-0.05555680079,-0.05428322861,3.525758075,3.525510452,1,-0.07164551801,-0.07164551801,3.476491185,3.476491185
292,5846619,1,12.3736139,-4.363237635,585.8674009,0,585.8689518,591.4930821,0.009987571023,1,-0.05638670435,-0.05511606188,3.526049284,3.525687518,1,-0.07164551801,-0.07164551801,3.476491185,3.476491185
293,5866859,1,12.3736139,-4.358127709,585.8674009,0,585.8689518,591.4930821,0.009987571023,1,-0.05734702321,-0.05598365249,3.526131351,3.525847276,1,-0.07164551801,-0.07164551801,3.476491185,3.476491185
294,5886712,1,12.3736139,-4.350462821,585.8674009,0,585.8689518,591.4930821,0.009987571023,1,-0.05824038221,-0.05688380122,3.52631611,3.525986495,1,-0.07164551801,-0.07164551801,3.476491185,3.476491185
295,5909083,1,12.3736139,-4.339604229,585.8674009,0,585.8689518,591.4930821,0.009987571023,1,-0.05920964208,-0.0578026243,3.526317969,3.526105825,1,-0.07164551801,-0.07164551801,3.476491185,3.476491185
296,5926972,1,12.3736139,-4.33066186,585.8674009,0,585.8689518,591.4930821,0.009987571023,1,-0.06015099294,-0.05872223956,3.526504532,3.52621951,1,-0.07164551801,-0.07164551801,3.476491185,3.476491185
297,5946645,1,12.3736139,-4.319164527,585.8674009,0,585.8689518,591.4930821,0.009987571023,1,-0.06098413239,-0.05963338021,3.526504586,3.526322137,1,-0.07164551801,-0.07164551801,3.476491185,3.476491185
298,5966167,1,12.3736139,-4.307667195,585.8674009,0,585.8689518,591.4930821,0.009987571023,1,-0.06187633085,-0.06054399728,3.526504586,3.526387819,1,-0.07164551801,-0.07164551801,3.476491185,3.476491185
299,5986162,1,12.3736139,-4.298724825,585.8674009,0,585.8689518,591.4930821,0.009987571023,1,-0.06276938673,-0.06143003878,3.526504586,3.526429855,1,-0.07164551801,-0.07164551801,3.476491185,3.476491185
300,6009518,1,12.3736139,-4.291698678,585.8674009,0,585.8689518,591.4930821,0.009987571023,1,-0.06395479842,-0.0624239533,3.526609136,3.526477668,1,-0.07164551801,-0.07164551801,3.476491185,3.476491185
301,6026091,1,12.3736139,-4.288504974,585.8674009,0,585.8689518,591.4930821,0.009987571023,1,-0.06466786241,-0.06333973053,3.52687635,3.526591498,1,-0.07164551801,-0.07164551801,3.476491185,3.476491185
302,6047148,1,12.3736139,-4.285311271,585.8674009,0,585.8689518,591.4930821,0.009987571023,1,-0.06588380392,-0.06434082113,3.527250946,3.526799013,1,-0.07164551801,-0.07164551801,3.476491185,3.476491185
303,6066897,1,12.3736139,-4.282117567,585.8674009,0,585.8689518,591.4930821,0.009987571023,1,-0.06701493693,-0.06539836326,3.527251054,3.526961748,1,-0.07164551801,-0.07164551801,3.476491185,3.476491185
304,6086685,1,12.3736139,-4.27509142,585.8674009,0,585.8689518,591.4930821,0.009987571023,1,-0.0681934194,-0.06651041626,3.52743767,3.527132475,1,-0.07164551801,-0.07164551801,3.476491185,3.476491185
305,6108079,1,12.3736139,-4.26614905,585.8674009,0,585.8689518,591.4930821,0.009987571023,1,-0.06893633813,-0.06753362088,3.528933208,3.527571221,1,-0.07164551801,-0.07164551801,3.476491185,3.476491185
306,6126820,1,12.3736139,-4.25656794,585.8674009,0,585.8689518,591.4930821,0.009987571023,1,-0.06893653325,-0.06814739496,3.530427555,3.528418085,1,-0.07164551801,-0.07164551801,3.476491185,3.476491185
307,6146701,1,12.3736139,-4.240599423,585.8674009,0,585.8689518,591.4930821,0.009987571023,1,-0.06893653325,-0.06834467954,3.531355932,3.529005654,1,-0.07164551801,-0.07164551801,3.476491185,3.476491185
308,6166530,1,12.3736139,-4.213772314,585.8674009,0,585.8689518,591.4930821,0.009987571023,1,-0.06893653325,-0.06868684497,3.531729866,3.530318087,1,-0.07164551801,-0.07164551801,3.476491185,3.476491185
309,6186748,1,12.3736139,-4.170976688,585.8674009,0,585.8689518,591.4930821,0.009987571023,1,-0.06893653325,-0.06879608359,3.531729866,3.530826327,1,-0.07164551801,-0.07164551801,3.476491185,3.476491185
310,6210294,1,12.3736139,-4.124348618,585.8674009,0,585.8689518,591.4930821,0.009987571023,1,-0.06893653325,-0.06885753032,3.531729866,3.531151601,1,-0.07164551801,-0.07164551801,3.476491185,3.476491185
311,6226273,1,12.3736139,-4.096882768,585.8674009,0,585.8689518,591.4930821,0.009987571023,1,-0.06891156364,-0.0688858517,3.531729866,3.531359777,1,-0.07164551801,-0.07164551801,3.476491185,3.476491185
312,6246032,1,12.3736139,-4.074526844,585.8674009,0,585.8689518,591.4930821,0.009987571023,1,-0.06869787663,-0.0688271996,3.531407774,3.531401236,1,-0.07164551801,-0.07164551801,3.476491185,3.476491185
313,6266409,1,12.3736139,-4.057280845,585.8674009,0,585.8689518,591.4930821,0.009987571023,1,-0.0680971662,-0.06856691627,3.531356632,3.53138518,1,-0.07164551801,-0.07164551801,3.476491185,3.476491185
314,6286974,1,12.34631757,-4.04322855,585.8401045,0,585.849255,591.4930821,0.009987571023,1,-0.06724877677,-0.06807303709,3.531170048,3.53131809,1,-0.07164551801,-0.07164551801,3.476491185,3.476491185
315,6308344,1,12.21821091,-4.033008699,585.7119979,0,585.7183567,591.4930821,0.009987571023,1,-0.0661277542,-0.06731351748,3.531170015,3.531264783,1,-0.07164551801,-0.07164551801,3.476491185,3.476491185
316,6326173,1,11.98665736,-4.029176255,585.4805994,0,585.4902152,591.4930821,0.009987571023,1,-0.0650651792,-0.06641836939,3.531170015,3.531230666,1,-0.07164551801,-0.07164551801,3.476491185,3.476491185
317,6347425,1,11.50214745,-4.027260033,584.9956242,0,584.9979506,591.492927,0.009987571023,1,-0.06362977602,-0.06532937353,3.531170015,3.531208832,1,-0.07164551801,-0.07164551801,3.476491185,3.476491185
318,6366672,1,10.96428561,-4.025982552,584.458693,0,584.4635008,591.492927,0.009987571023,1,-0.06316365735,-0.0643818727,3.531170015,3.531194858,1,-0.07164551801,-0.07164551801,3.476491185,3.476491185
319,6386809,1,10.28311803,-4.025343811,583.7770601,0,583.7845045,591.492927,0.009987571023,1,-0.06316365735,-0.06384890348,3.531170015,3.531185914,1,-0.07164551801,-0.07164551801,3.476491185,3.476491185
320,6408760,1,9.52704062,-4.02470507,583.0206725,0,583.0223785,591.4930821,0.009987571023,1,-0.06316365735,-0.0635491083,3.531170015,3.531180191,1,-0.07164551801,-0.07164551801,3.476491185,3.476491185
321,6427043,1,9.045167286,-4.02406633,582.5394195,0,582.5423663,591.4930821,0.009987571023,1,-0.05839391992,-0.06218803915,3.532462081,3.53143494,1,-0.07164551801,-0.07164551801,3.476491185,3.476491185
322,6446544,1,8.675426047,-4.022788848,582.1668866,0,582.1673519,591.4930821,0.009987571023,1,-0.0578277896,-0.06109797676,3.532659949,3.531679942,1,-0.07164551801,-0.07164551801,3.476491185,3.476491185
323,6466043,1,8.060793274,-4.020233886,581.5538048,0,581.5595432,591.492927,0.009987571023,1,-0.05617974451,-0.05847970707,3.533585535,3.53248266,1,-0.07164551801,-0.07164551801,3.476491185,3.476491185
324,6486220,1,6.878365754,-4.00618159,580.3718425,0,580.3744791,591.4930821,0.009987571023,1,-0.05498180218,-0.05703831483,3.534155166,3.533054778,1,-0.07164551801,-0.07164551801,3.476491185,3.476491185
325,6507549,1,5.490595364,-3.984464407,578.9825212,0,578.9867087,591.4930821,0.009987571023,1,-0.05377840047,-0.05571509772,3.53415589,3.533451178,1,-0.07164551801,-0.07164551801,3.476491185,3.476491185
326,6526051,1,4.464501389,-3.965940927,577.9562722,0,577.9582884,591.4930821,0.009987571023,1,-0.05289665117,-0.05456542428,3.534342152,3.533755348,1,-0.07164551801,-0.07164551801,3.476491185,3.476491185
327,6546090,1,3.660655398,-3.947417447,577.1530465,0,577.1558382,591.4930821,0.009987571023,1,-0.0520509411,-0.05354322297,3.534703336,3.534063655,1,-0.07164551801,-0.07164551801,3.476491185,3.476491185
328,6566235,1,3.2749396,-3.934642633,576.7673307,0,576.7659349,591.4930821,0.009987571023,1,-0.05111337309,-0.05255071211,3.536054042,3.53467818,1,-0.07164551801,-0.07164551801,3.476491185,3.476491185
329,6586830,1,3.108214838,-3.924422782,576.6002958,0,576.6029324,591.4930821,0.009987571023,1,-0.0501910892,-0.05159490324,3.537860347,3.535703948,1,-0.07164551801,-0.07164551801,3.476491185,3.476491185
330,6608613,1,3.14264544,-3.907815525,576.5394994,0,576.5399647,591.4930821,0.009987571023,1,-0.04960502695,-0.05078215613,3.538780731,3.536752042,1,-0.07164551801,-0.07164551801,3.476491185,3.476491185
331,6626315,1,3.173198722,-3.893763229,576.5832356,0,576.5692772,591.4930821,0.009987571023,1,-0.04920943446,-0.05013049498,3.539178817,3.537577254,1,-0.07164551801,-0.07164551801,3.476491185,3.476491185
332,6646568,1,3.172113072,-3.884182119,576.6275921,0,576.6159602,591.492927,0.009987571023,1,-0.04888630901,-0.04961564724,3.53956631,3.538263313,1,-0.07164551801,-0.07164551801,3.476491185,3.476491185
333,6666543,1,3.171647794,-3.879710934,576.6482195,0,576.639069,591.4930821,0.009987571023,0,NaN,NaN,NaN,NaN,0,NaN,NaN,NaN,NaN
334,6686544,1,3.172423258,-3.87523975,576.6569047,0,576.64915,591.4930821,0.009987571023,0,NaN,NaN,NaN,NaN,0,NaN,NaN,NaN,NaN
335,6710080,1,3.470976901,-3.868213602,576.6604718,0,576.6544232,591.4930821,0.009987571023,0,NaN,NaN,NaN,NaN,0,NaN,NaN,NaN,NaN
336,6727603,1,4.359193376,-3.860548714,576.6614024,0,576.6567496,591.4432973,0.009987571023,1,-0.04831586207,-0.04929070094,3.54207308,3.539025267,1,-0.07164551801,-0.07164551801,3.476491185,3.476491185
337,6746835,1,6.489393007,-3.849690122,576.6620227,0,576.6584556,590.9198591,0.009987571023,1,-0.04829121781,-0.04871342861,3.54329009,3.540935174,1,-0.07164551801,-0.07164551801,3.476491185,3.476491185
338,6766693,1,9.194521654,-3.835637827,576.6623329,0,576.6596963,589.3768408,0.009987571023,1,-0.04829121781,-0.04852871139,3.544149147,3.542014444,1,-0.07164551801,-0.07164551801,3.476491185,3.476491185
339,6787128,1,12.04605791,-3.827972939,576.6623329,0,576.6601616,586.8541013,0.009987571023,1,-0.04829121781,-0.04842480795,3.544978348,3.542991468,1,-0.07164551801,-0.07164551801,3.476491185,3.476491185
340,6809365,1,15.38055314,-3.824140495,576.6621778,0,576.660782,583.5290667,0.009987571023,1,-0.04829121781,-0.04836636226,3.54639088,3.544045746,1,-0.07164551801,-0.07164551801,3.476491185,3.476491185
341,6826884,1,17.39629428,-3.82030805,576.6621778,0,576.6609371,581.0455657,0.009987571023,1,-0.04843218008,-0.04838281672,3.547483138,3.544733224,1,-0.07164551801,-0.07164551801,3.476491185,3.476491185
342,6847218,1,17.887163,-3.819030569,576.6621778,0,576.6615574,578.9059054,0.009987571023,1,-0.04871623709,-0.04849453237,3.548780047,3.54605551,1,-0.07164551801,-0.07164551801,3.476491185,3.476491185
343,6866775,1,17.99417703,-3.816475606,576.6620227,0,576.6620227,577.8926841,0.009987571023,1,-0.04919628661,-0.04875358058,3.552273435,3.547982417,1,-0.07164551801,-0.07164551801,3.476491185,3.476491185
344,6886769,1,17.99448722,-3.814559384,576.6620227,0,576.6621778,577.6588042,0.009987571023,1,-0.04945838453,-0.04892978157,3.554180753,3.549222085,1,-0.07164551801,-0.07164551801,3.476491185,3.476491185
345,6907626,1,17.99510759,-3.812004422,576.6620227,0,576.6623329,577.6589593,0.009987571023,0,NaN,NaN,NaN,NaN,0,NaN,NaN,NaN,NaN
346,6926535,1,18.02690162,-3.810088199,576.6620227,0,576.6623329,577.6594245,0.009987571023,1,-0.05119578162,-0.04949628158,3.570417762,3.55346122,1,-0.07164551801,-0.07164551801,3.476491185,3.476491185
347,6947488,1,18.02333448,-3.808171977,576.6618676,0,576.662488,577.6378666,0.009987571023,0,NaN,NaN,NaN,NaN,0,NaN,NaN,NaN,NaN
348,6967021,1,18.02007753,-3.806894496,576.6618676,0,576.6626431,577.6409685,0.009987571023,1,-0.05355134812,-0.05254381567,3.603091878,3.587781473,1,-0.07164551801,-0.07164551801,3.476491185,3.476491185
349,6986019,1,18.04458219,-3.804339533,576.6621778,0,576.6627982,577.640193,0.009987571023,1,-0.05422407925,-0.05320426359,3.611123393,3.595483068,1,-0.07164551801,-0.07164551801,3.476491185,3.476491185
350,7008606,1,18.03775811,-3.804339533,576.6623329,0,576.6629533,577.635075,0.009987571023,1,-0.05521666841,-0.05398410204,3.623727713,3.604681592,1,-0.07164551801,-0.07164551801,3.476491185,3.476491185
351,7026041,1,18.04117015,-3.804339533,576.6620227,0,576.6629533,577.6313527,0.009987571023,1,-0.05626789783,-0.05487326161,3.629935966,3.613315762,1,-0.07164551801,-0.07164551801,3.476491185,3.476491185
352,7046249,1,18.04349655,-3.804339533,576.6621778,0,576.6629533,577.6276305,0.009987571023,1,-0.05753058112,-0.05592247085,3.642156185,3.622760921,1,-0.07164551801,-0.07164551801,3.476491185,3.476491185
353,7067279,1,18.04489238,-3.804978274,576.6621778,0,576.6629533,577.6243736,0.009987571023,1,-0.05902853284,-0.05713348227,3.653834707,3.632993317,1,-0.07164551801,-0.07164551801,3.476491185,3.476491185
354,7086606,1,18.04613312,-3.804978274,576.6621778,0,576.6629533,577.6215819,0.009987571023,1,-0.06040563337,-0.05843608665,3.662222918,3.64290052,1,-0.07164551801,-0.07164551801,3.476491185,3.476491185
355,7109603,1,18.04721877,-3.804978274,576.6621778,0,576.6631084,577.6189453,0.009987571023,1,-0.06222032257,-0.05991488052,3.671229633,3.652387497,1,-0.07164551801,-0.07164551801,3.476491185,3.476491185
356,7126780,1,18.04783914,-3.804978274,576.6621778,0,576.6631084,577.6170842,0.009987571023,1,-0.06350458071,-0.06135087151,3.676188185,3.660513182,1,-0.07164551801,-0.07164551801,3.476491185,3.476491185
357,7146151,1,18.04845951,-3.804978274,576.6621778,0,576.6631084,577.6153782,0.009987571023,1,-0.06492887685,-0.06278295679,3.68293575,3.668038003,1,-0.07164551801,-0.07164551801,3.476491185,3.476491185
358,7166192,1,18.04892479,-3.804978274,576.6621778,0,576.6631084,577.6139823,0.009987571023,1,-0.06622405438,-0.06417533233,3.688881099,3.675072457,1,-0.07164551801,-0.07164551801,3.476491185,3.476491185
359,7187168,1,18.04939007,-3.804978274,576.6621778,0,576.6631084,577.6124314,0.009987571023,1,-0.06779081715,-0.06562909412,3.696590265,3.682303831,1,-0.07164551801,-0.07164551801,3.476491185,3.476491185
360,7210648,1,18.04985535,-3.804978274,576.6621778,0,576.6631084,577.6110356,0.009987571023,1,-0.06894703193,-0.06695986068,3.702992287,3.689104674,1,-0.07164551801,-0.07164551801,3.476491185,3.476491185
361,7226880,1,18.05001044,-3.804978274,576.6621778,0,576.6631084,577.6102601,0.009987571023,1,-0.06895079032,-0.06783087657,3.714752886,3.696743447,1,-0.07164551801,-0.07164551801,3.476491185,3.476491185
362,7247299,1,18.05016554,-3.804978274,576.6621778,0,576.6631084,577.6093296,0.009987571023,1,-0.06895079107,-0.06832083916,3.728936484,3.70735059,1,-0.07164551801,-0.07164551801,3.476491185,3.476491185
363,7266961,1,18.05032063,-3.804978274,576.6621778,0,576.6631084,577.6087092,0.009987571023,1,-0.0689365334,-0.06859022638,3.740592769,3.718235357,1,-0.07164551801,-0.07164551801,3.476491185,3.476491185
364,7287279,1,18.05047572,-3.804978274,576.6621778,0,576.6631084,577.6077786,0.009987571023,1,-0.06893653325,-0.06874173564,3.75469045,3.730029911,1,-0.07164551801,-0.07164551801,3.476491185,3.476491185
365,7307748,1,18.050941,-3.804978274,576.6621778,0,576.6631084,577.6073134,0.009987571023,1,-0.06892419517,-0.06882387507,3.762050003,3.741011464,1,-0.07164551801,-0.07164551801,3.476491185,3.476491185
366,7326987,1,18.05125119,-3.804978274,576.6621778,0,576.6631084,577.6068481,0.009987571023,1,-0.06892227544,-0.0688669262,3.771393275,3.751015312,1,-0.07164551801,-0.07164551801,3.476491185,3.476491185
367,7346982,1,18.05125119,-3.804978274,576.6621778,0,576.6632635,577.6063828,0.009987571023,1,-0.06890824565,-0.06888763405,3.779644859,3.76074693,1,-0.07164551801,-0.07164551801,3.476491185,3.476491185
368,7366507,1,18.05140628,-3.804978274,576.6621778,0,576.6632635,577.6059175,0.009987571023,1,-0.06885315138,-0.0688784375,3.790675863,3.770645995,1,-0.07164551801,-0.07164551801,3.476491185,3.476491185
369,7386772,1,18.05156137,-3.804978274,576.6621778,0,576.6632635,577.6056073,0.009987571023,1,-0.06869353673,-0.06881649606,3.804886834,3.781660423,1,-0.07164551801,-0.07164551801,3.476491185,3.476491185
370,7409420,1,18.04039469,-3.804978274,576.6621778,0,576.6632635,577.6052971,0.009987571023,1,-0.06866057615,-0.0687482811,3.80739676,3.790925504,1,-0.07164551801,-0.07164551801,3.476491185,3.476491185
371,7426811,1,17.66615576,-3.804978274,576.6621778,0,576.6632635,577.6048319,0.009987571023,1,-0.06865863708,-0.06870942542,3.807606083,3.796897021,1,-0.07164551801,-0.07164551801,3.476491185,3.476491185
372,7446347,1,17.34604422,-3.804978274,576.6621778,0,576.6632635,577.6046768,0.009987571023,1,-0.06865863708,-0.06868720552,3.807606083,3.800752283,1,-0.07164551801,-0.07164551801,3.476491185,3.476491185
373,7466044,1,17.17513195,-3.804978274,576.6621778,0,576.6632635,577.6046768,0.009987571023,1,-0.06799062381,-0.06840327798,3.856591592,3.819904238,1,-0.07164551801,-0.07164551801,3.476491185,3.476491185
374,7486831,1,17.10161796,-3.804978274,576.6621778,0,576.6632635,577.6042115,0.009987571023,1,-0.06769380693,-0.0681198784,3.868042332,3.836418874,1,-0.07164551801,-0.07164551801,3.476491185,3.476491185
375,7509433,1,17.07044431,-3.804978274,576.6621778,0,576.6632635,577.6035911,0.009987571023,1,-0.06730898481,-0.06780935468,3.880989307,3.851212654,1,-0.07164551801,-0.07164551801,3.476491185,3.476491185
376,7526539,1,17.06113874,-3.804978274,576.6621778,0,576.6632635,577.6035911,0.009987571023,1,-0.06699437338,-0.0674888179,3.890162056,3.864343626,1,-0.07164551801,-0.07164551801,3.476491185,3.476491185
377,7546473,1,17.05648596,-3.804978274,576.6621778,0,576.6632635,577.6031258,0.009987571023,1,-0.06666918997,-0.06716170481,3.901934398,3.87679871,1,-0.07164551801,-0.07164551801,3.476491185,3.476491185
378,7566083,1,17.05415956,-3.804978274,576.6621778,0,576.6632635,577.6028157,0.009987571023,1,-0.06652221746,-0.06700183297,3.909251553,3.883289279,1,-0.07164551801,-0.07164551801,3.476491185,3.476491185
379,7586961,1,17.05322901,-3.804978274,576.6621778,0,576.6632635,577.6026606,0.009987571023,0,NaN,NaN,NaN,NaN,0,NaN,NaN,NaN,NaN
380,7607769,1,17.05229845,-3.804978274,576.6621778,0,576.6632635,577.6028157,0.009987571023,1,-0.0657178397,-0.06611950711,3.950563055,3.929767056,1,-0.07164551801,-0.07164551801,3.476491185,3.476491185
381,7626796,1,17.05245354,-3.804978274,576.6621778,0,576.6632635,577.6025055,0.009987571023,1,-0.06555076335,-0.06589182242,3.956536243,3.938759875,1,-0.07164551801,-0.07164551801,3.476491185,3.476491185
382,7647083,1,16.99553448,-3.743659168,576.6051037,0,576.624025,577.6026606,0.009987571023,1,-0.06515143723,-0.06560473418,3.969887885,3.948942501,1,-0.07164551801,-0.07164551801,3.476491185,3.476491185
383,7666768,1,16.87750886,-3.527126075,576.4844415,0,576.4993304,577.6025055,0.009987571023,1,-0.06496957175,-0.06544594357,3.976378126,3.954429626,1,-0.07164551801,-0.07164551801,3.476491185,3.476491185
384,7686719,1,16.70892299,-3.173902475,576.3175616,0,576.3310547,577.6026606,0.009987571023,1,-0.06446621774,-0.0649608537,3.992306084,3.970839376,1,-0.07164551801,-0.07164551801,3.476491185,3.476491185
385,7709988,1,16.46154997,-2.57476371,576.0689479,0,576.0812002,577.6026606,0.009987571023,1,-0.06392309634,-0.06456619704,4.003568424,3.981589232,1,-0.07164551801,-0.07164551801,3.476491185,3.476491185
386,7727110,1,16.26597795,-2.073991011,575.8750819,0,575.8831467,577.6026606,0.009987571023,1,-0.06355079902,-0.06416823873,4.012064703,3.991635576,1,-0.07164551801,-0.07164551801,3.476491185,3.476491185
387,7747497,1,15.98184793,-1.433334102,575.5903315,0,575.5974657,577.6026606,0.009987571023,1,-0.06319955554,-0.06378461729,4.021241262,4.001454773,1,-0.07164551801,-0.07164551801,3.476491185,3.476491185
388,7767205,1,15.71400266,-0.8603837057,575.3224862,0,575.3308612,577.6026606,0.009987571023,1,-0.06278490599,-0.06339630803,4.02868809,4.010533654,1,-0.07164551801,-0.07164551801,3.476491185,3.476491185
389,7786860,1,15.43235414,-0.2912657534,575.0409928,0,575.0475067,577.6026606,0.009987571023,1,-0.06240581298,-0.06300511715,4.034871194,4.018715433,1,-0.07164551801,-0.07164551801,3.476491185,3.476491185
390,7809654,1,15.09549257,0.3691921172,574.7041312,0,574.7098696,577.6026606,0.009987571023,1,-0.0618910006,-0.06257138989,4.045505153,4.027338454,1,-0.07164551801,-0.07164551801,3.476491185,3.476491185
391,7826184,1,14.87215894,0.7850123046,574.4776957,0,574.4797119,577.6026606,0.009987571023,1,-0.06159605012,-0.06218309222,4.053338942,4.035791346,1,-0.07164551801,-0.07164551801,3.476491185,3.476491185
392,7846196,1,14.55468397,1.296004854,574.1608411,0,574.1617717,577.6026606,0.009987571023,1,-0.06132579121,-0.06182883975,4.064467704,4.045341986,1,-0.07164551801,-0.07164551801,3.476491185,3.476491185
393,7867667,1,14.2223201,1.858096659,573.8294078,0,573.8309587,577.6028157,0.009533590522,1,-0.0610210838,-0.06150425744,4.077564631,4.055938381,1,-0.07164551801,-0.07164551801,3.476491185,3.476491185
394,7886850,1,13.95897252,2.347372026,573.5651297,0,573.5677662,577.6028157,0.009987571023,1,-0.06076995515,-0.06120884817,4.086996524,4.066297768,1,-0.07164551801,-0.07164551801,3.476491185,3.476491185
395,7909864,1,13.65964341,2.978447825,573.2661107,0,573.2656455,577.6028157,0.009987571023,1,-0.06046894707,-0.06091264084,4.097939044,4.076842937,1,-0.07164551801,-0.07164551801,3.476491185,3.476491185
396,7926796,1,13.45941861,3.470916895,573.0683674,0,573.0688327,577.6028157,0.009987571023,1,-0.06027430277,-0.06065714838,4.105992911,4.086469872,1,-0.07164551801,-0.07164551801,3.476491185,3.476491185
397,7947080,1,13.22941598,4.06175203,572.8374342,0,572.8383648,577.6028157,0.009987571023,1,-0.06006651548,-0.06041991663,4.117695461,4.096601657,1,-0.07164551801,-0.07164551801,3.476491185,3.476491185
398,7966073,1,13.03198285,4.604681614,572.6387604,0,572.6413969,577.6028157,0.009987571023,1,-0.05986699615,-0.06020000884,4.129440641,4.107403958,1,-0.07164551801,-0.07164551801,3.476491185,3.476491185
399,7987113,1,12.82695016,5.207014082,572.4362092,0,572.4366744,577.6028157,0.009987571023,1,-0.05952392452,-0.05993882239,4.143527907,4.119231586,1,-0.07164551801,-0.07164551801,3.476491185,3.476491185
400,8010750,1,12.6171096,5.928152318,572.2252829,0,572.2243524,577.6028157,0.009987571023,1,-0.05917752804,-0.05964093092,4.158394429,4.132036586,1,-0.07164551801,-0.07164551801,3.476491185,3.476491185
401,8026913,1,12.47597515,6.409762797,572.084924,0,572.0860096,577.6028157,0.009987571023,1,-0.05893044623,-0.05935938995,4.168040769,4.144053752,1,-0.07164551801,-0.07164551801,3.476491185,3.476491185
402,8046434,1,12.27978276,7.021037634,571.887801,0,571.8887316,577.6028157,0.009987571023,1,-0.05860015356,-0.05906135798,4.177185808,4.155280087,1,-0.07164551801,-0.07164551801,3.476491185,3.476491185
403,8066212,1,12.06094681,7.736427204,571.6663285,0,571.6667938,577.6028157,0.009987571023,1,-0.05825651364,-0.05874285701,4.182730658,4.164762809,1,-0.07164551801,-0.07164551801,3.476491185,3.476491185
404,8086392,1,11.8328053,8.440319441,571.4422194,0,571.4443907,577.6028157,0.009987571023,1,-0.05797554262,-0.05855102841,4.185610328,4.168932313,1,-0.07164551801,-0.07164551801,3.476491185,3.476491185
405,8109962,1,11.55363826,9.197865896,571.1633625,0,571.1670848,577.6028157,0.009987571023,1,-0.05721426495,-0.05792170048,4.189888263,4.178666201,1,-0.07164551801,-0.07164551801,3.476491185,3.476491185
406,8126966,1,11.34271205,9.654565488,570.9501099,0,570.9542974,577.6026606,0.009987571023,1,-0.05696697495,-0.0576830191,4.190658018,4.181064565,1,-0.07164551801,-0.07164551801,3.476491185,3.476491185
407,8147422,1,11.03221626,10.13681471,570.6396141,0,570.6424058,577.6028157,0.009987571023,1,-0.05605422164,-0.05690984889,4.193794417,4.186834174,1,-0.07164551801,-0.07164551801,3.476491185,3.476491185
408,8166771,1,10.71427602,10.50856179,570.3207433,0,570.3230697,577.6028157,0.009987571023,1,-0.05547635017,-0.05633857753,4.196007192,4.189941346,1,-0.07164551801,-0.07164551801,3.476491185,3.476491185
409,8186077,1,10.35166905,10.81324109,569.9593771,0,569.9618586,577.6028157,0.009987571023,1,-0.05483854504,-0.05573613446,4.198664053,4.192889694,1,-0.07164551801,-0.07164551801,3.476491185,3.476491185
410,8209594,1,9.851184576,11.12366907,569.4582723,0,569.4592028,577.6028157,0.009987571023,1,-0.05405565153,-0.05509004156,4.201687806,4.195740684,1,-0.07164551801,-0.07164551801,3.476491185,3.476491185
411,8227464,1,9.479116945,11.3172075,569.0857394,0,569.0854292,577.6028157,0.009987571023,1,-0.05342957762,-0.05443219921,4.205859614,4.19895593,1,-0.07164551801,-0.07164551801,3.476491185,3.476491185
412,8246440,1,9.076185846,11.48072511,568.6829634,0,568.6797064,577.6028157,0.009987571023,1,-0.05279740119,-0.05378884627,4.213325171,4.203334905,1,-0.07164551801,-0.07164551801,3.476491185,3.476491185
413,8267334,1,8.563138858,11.67809598,568.1720877,0,568.1705367,577.6028157,0.009987571023,1,-0.05209958198,-0.05311632026,4.224898906,4.210091596,1,-0.07164551801,-0.07164551801,3.476491185,3.476491185
414,8286620,1,8.083126637,11.882493,567.6908347,0,567.6917653,577.6028157,0.009987571023,1,-0.05139963063,-0.05243106126,4.236682954,4.218776805,1,-0.07164551801,-0.07164551801,3.476491185,3.476491185
415,8308932,1,7.542318038,12.18270113,567.1484752,0,567.1500261,577.6028157,0.009987571023,1,-0.05067496172,-0.05173447506,4.248969309,4.228536539,1,-0.07164551801,-0.07164551801,3.476491185,3.476491185
416,8326742,1,7.099372996,12.50526517,566.7081667,0,566.7104931,577.6028157,0.009987571023,1,-0.05030095364,-0.05137609471,4.255833525,4.233995937,1,-0.07164551801,-0.07164551801,3.476491185,3.476491185
417,8346866,1,6.585085266,12.94280255,566.1907771,0,566.192173,577.6028157,0.009987571023,1,-0.04943956517,-0.05040643407,4.272723244,4.250288472,1,-0.07164551801,-0.07164551801,3.476491185,3.476491185
418,8366253,1,6.079482732,13.46720865,565.6878112,0,565.6938598,577.6028157,0.009987571023,1,-0.04882675059,-0.04976262163,4.284838511,4.261853852,1,-0.07164551801,-0.07164551801,3.476491185,3.476491185
419,8387492,1,5.551701928,14.07337356,565.1584794,0,565.1595651,577.6028157,0.009987571023,1,-0.04827135182,-0.04916146019,4.299749093,4.274272263,1,-0.07164551801,-0.07164551801,3.476491185,3.476491185
420,8407878,1,5.040360961,14.72169536,564.6471385,0,564.6455875,577.6028157,0.009987571023,1,-0.04780352101,-0.04861128286,4.314146589,4.287464292,1,-0.07164551801,-0.07164551801,3.476491185,3.476491185
421,8426355,1,4.624867346,15.29656198,564.2316449,0,564.2321101,577.6028157,0.009987571023,1,-0.04743242409,-0.04811775219,4.324577956,4.300317956,1,-0.07164551801,-0.07164551801,3.476491185,3.476491185
422,8446901,1,4.16563756,16.01706147,563.7748966,0,563.7738109,577.6028157,0.009987571023,1,-0.04743242409,-0.04781792114,4.324577956,4.309051556,1,-0.07164551801,-0.07164551801,3.476491185,3.476491185
423,8466215,1,3.792639372,16.70562393,563.3987965,0,563.3989516,577.6028157,0.009987571023,1,-0.04629378368,-0.04734586008,4.344654985,4.318970986,1,-0.07164551801,-0.07164551801,3.476491185,3.476491185
424,8487031,1,3.466324117,17.39993506,563.0709303,0,563.0698447,577.6028157,0.009987571023,1,-0.04560753253,-0.04664188957,4.349973568,4.329814225,1,-0.07164551801,-0.07164551801,3.476491185,3.476491185
425,8509931,1,3.199409405,18.07380649,562.8061869,0,562.8058767,577.6028157,0.009987571023,1,-0.04478594782,-0.0459160704,4.353648783,4.338101038,1,-0.07164551801,-0.07164551801,3.476491185,3.476491185
426,8526020,1,3.102166219,18.55477822,562.7089437,0,562.7104947,577.6028157,0.009987571023,1,-0.04420480199,-0.04523016132,4.355858568,4.344298615,1,-0.07164551801,-0.07164551801,3.476491185,3.476491185
427,8546881,1,3.201425612,19.12453492,562.6911081,0,562.6830432,577.6028157,0.009987571023,1,-0.04339343974,-0.04450755503,4.358187913,4.349114454,1,-0.07164551801,-0.07164551801,3.476491185,3.476491185
428,8566700,1,3.20189089,19.49308829,562.7463211,0,562.7334484,577.6028157,0.009987571023,1,-0.04270910965,-0.0437763676,4.360010106,4.352918519,1,-0.07164551801,-0.07164551801,3.476491185,3.476491185
429,8586952,1,3.201580705,19.67704561,562.779511,0,562.7691197,577.6028157,0.009987571023,1,-0.04240157115,-0.04343266849,4.360560392,4.354446893,1,-0.07164551801,-0.07164551801,3.476491185,3.476491185
430,8609383,1,3.201115426,19.78116034,562.7961059,0,562.7877309,577.6028157,0.009987571023,0,NaN,NaN,NaN,NaN,0,NaN,NaN,NaN,NaN
431,8627340,1,3.258809949,19.82523345,562.801379,0,562.7942448,577.6028157,0.009987571023,0,NaN,NaN,NaN,NaN,0,NaN,NaN,NaN,NaN
432,8646658,1,3.772787493,19.83481456,562.8038605,0,562.7975017,577.6025055,0.009987571023,1,-0.03958203578,-0.04247001031,4.368409954,4.357239506,1,-0.07164551801,-0.07164551801,3.476491185,3.476491185
433,8666922,1,5.322940046,19.83992449,562.8049462,0,562.799673,577.432989,0.009987571023,1,-0.03895654242,-0.04101600648,4.370265783,4.361728404,1,-0.07164551801,-0.07164551801,3.476491185,3.476491185
434,8686981,1,7.853124012,19.84695063,562.8055665,0,562.801379,576.5604369,0.009987571023,1,-0.03814392571,-0.03983353666,4.37215703,4.365336579,1,-0.07164551801,-0.07164551801,3.476491185,3.476491185
435,8707562,1,10.75506542,19.86547411,562.8058767,0,562.8023096,574.4415591,0.009987571023,1,-0.03744370408,-0.03887252703,4.373710176,4.368202508,1,-0.07164551801,-0.07164551801,3.476491185,3.476491185
436,8726409,1,13.35007818,19.86866782,562.8060318,0,562.80293,571.9858197,0.009987571023,1,-0.03681368638,-0.03802518685,4.374790834,4.370489679,1,-0.07164551801,-0.07164551801,3.476491185,3.476491185
437,8746071,1,16.2174339,19.87186152,562.8060318,0,562.8030851,569.1139663,0.009987571023,1,-0.03609576504,-0.03723629655,4.376128547,4.372442192,1,-0.07164551801,-0.07164551801,3.476491185,3.476491185
438,8766350,1,17.66832706,19.87441648,562.8060318,0,562.8033952,566.2813513,0.009987571023,1,-0.03517513246,-0.03672100553,4.376854242,4.373324602,1,-0.07164551801,-0.07164551801,3.476491185,3.476491185
439,8786327,1,17.97448025,19.87697145,562.8060318,0,562.8044809,564.5517564,0.009987571023,1,-0.03468195541,-0.03589319485,4.37691901,4.374618112,1,-0.07164551801,-0.07164551801,3.476491185,3.476491185
440,8808765,1,17.99386685,19.88335885,562.8060318,0,562.8049462,563.849186,0.009987571023,1,-0.03407813283,-0.03515457283,4.376919011,4.375446435,1,-0.07164551801,-0.07164551801,3.476491185,3.476491185
441,8826575,1,17.99417703,19.8871913,562.8060318,0,562.8049462,563.7945933,0.009987571023,0,NaN,NaN,NaN,NaN,0,NaN,NaN,NaN,NaN
442,8846673,1,18.02860764,19.8935787,562.8061869,0,562.8051013,563.7970748,0.009987571023,1,-0.03347862671,-0.0347355863,4.370689564,4.374495061,1,-0.07164551801,-0.07164551801,3.476491185,3.476491185
443,8866708,1,18.02581597,19.89741115,562.8061869,0,562.8051013,563.7643502,0.009987571023,0,NaN,NaN,NaN,NaN,0,NaN,NaN,NaN,NaN
444,8886751,1,18.02147337,19.90379856,562.8061869,0,562.8052564,563.7818757,0.009987571023,0,NaN,NaN,NaN,NaN,0,NaN,NaN,NaN,NaN
445,8908704,1,18.01914698,19.90826974,562.8061869,0,562.8052564,563.7846674,0.009987571023,1,-0.03397714049,-0.03367789804,4.344858371,4.357980586,1,-0.07164551801,-0.07164551801,3.476491185,3.476491185
446,8926059,1,18.0422558,19.91210218,562.8061869,0,562.8052564,563.7783086,0.009987571023,1,-0.03446798566,-0.03397929671,4.32315408,4.346657913,1,-0.07164551801,-0.07164551801,3.476491185,3.476491185
447,8946117,1,18.0400845,19.91912833,562.8061869,0,562.8054115,563.7744313,0.009987571023,1,-0.03549838901,-0.03456141187,4.311380648,4.334583366,1,-0.07164551801,-0.07164551801,3.476491185,3.476491185
448,8966582,1,18.04334145,19.9280707,562.8061869,0,562.8054115,563.770554,0.009987571023,1,-0.03693720028,-0.03545387145,4.299610411,4.322937706,1,-0.07164551801,-0.07164551801,3.476491185,3.476491185
449,8986839,1,18.04520257,19.93829055,562.8061869,0,562.8054115,563.7676072,0.009987571023,1,-0.03875034718,-0.03669808251,4.290630096,4.312091445,1,-0.07164551801,-0.07164551801,3.476491185,3.476491185
450,9009431,1,18.0465984,19.95170411,562.8061869,0,562.8054115,563.7646604,0.009987571023,1,-0.04086961864,-0.03822798262,4.282221433,4.30229369,1,-0.07164551801,-0.07164551801,3.476491185,3.476491185
451,9026859,1,18.04752896,19.96000774,562.8061869,0,562.8054115,563.7627993,0.009987571023,1,-0.04259085688,-0.03990335778,4.275404487,4.293427706,1,-0.07164551801,-0.07164551801,3.476491185,3.476491185
452,9046175,1,18.04830442,19.9657564,562.8061869,0,562.8054115,563.7609382,0.009987571023,1,-0.0447976841,-0.04184305399,4.263871085,4.283799818,1,-0.07164551801,-0.07164551801,3.476491185,3.476491185
453,9066198,1,18.04907989,19.97214381,562.8061869,0,562.8054115,563.7592322,0.009987571023,1,-0.04669180068,-0.04377661544,4.245826801,4.271822893,1,-0.07164551801,-0.07164551801,3.476491185,3.476491185
454,9086135,1,18.04954516,19.97533751,562.8061869,0,562.8054115,563.7576813,0.009987571023,1,-0.04854037293,-0.04572337939,4.227829502,4.257047795,1,-0.07164551801,-0.07164551801,3.476491185,3.476491185
455,9109404,1,18.05016554,19.97789248,562.8061869,0,562.8054115,563.7564405,0.009987571023,1,-0.05083427181,-0.04777285337,4.207789092,4.240707413,1,-0.07164551801,-0.07164551801,3.476491185,3.476491185
456,9127153,1,18.05032063,19.97916996,562.8061869,0,562.8054115,563.7553549,0.009987571023,1,-0.05155779595,-0.04871908901,4.201203647,4.23280666,1,-0.07164551801,-0.07164551801,3.476491185,3.476491185
457,9147052,1,18.05063081,19.9798087,562.8061869,0,562.8054115,563.7544243,0.009987571023,1,-0.05308272586,-0.0504970786,4.183864201,4.216569676,1,-0.07164551801,-0.07164551801,3.476491185,3.476491185
458,9167698,1,18.050941,19.98108618,562.8061869,0,562.8054115,563.7538039,0.009987571023,1,-0.05501835277,-0.05277156316,4.157342617,4.19173091,1,-0.07164551801,-0.07164551801,3.476491185,3.476491185
459,9186756,1,18.05109609,19.98172492,562.8061869,0,562.8054115,563.7528734,0.009987571023,1,-0.05612858774,-0.05412523885,4.145460813,4.176000171,1,-0.07164551801,-0.07164551801,3.476491185,3.476491185
460,9209196,1,18.05125119,19.98555736,562.8061869,0,562.8054115,563.7524081,0.009987571023,1,-0.0571889442,-0.05535613402,4.133322678,4.161883695,1,-0.07164551801,-0.07164551801,3.476491185,3.476491185
461,9226208,1,18.05156137,19.98683484,562.8061869,0,562.8054115,563.7517877,0.009987571023,1,-0.05763251402,-0.05631227486,4.122645899,4.148752226,1,-0.07164551801,-0.07164551801,3.476491185,3.476491185
462,9246999,1,18.05187156,19.98811233,562.8061869,0,562.8054115,563.7513225,0.009987571023,1,-0.05791378625,-0.05698653755,4.110148836,4.135880923,1,-0.07164551801,-0.07164551801,3.476491185,3.476491185
463,9266458,1,18.05187156,19.98811233,562.8061869,0,562.8054115,563.7510123,0.009987571023,1,-0.05812427493,-0.05746199816,4.099951612,4.123815111,1,-0.07164551801,-0.07164551801,3.476491185,3.476491185
464,9287228,1,18.05218174,19.98875107,562.8061869,0,562.8054115,563.750547,0.009987571023,1,-0.05836731601,-0.05782977672,4.095686637,4.114035013,1,-0.07164551801,-0.07164551801,3.476491185,3.476491185
465,9309637,1,18.05233684,19.98875107,562.8061869,0,562.8054115,563.7502368,0.009987571023,1,-0.05844269286,-0.0580942124,4.086669197,4.10517503,1,-0.07164551801,-0.07164551801,3.476491185,3.476491185
466,9326749,1,18.05233684,19.98875107,562.8061869,0,562.8054115,563.7500817,0.009987571023,1,-0.05843044367,-0.05824362621,4.080242599,4.096960932,1,-0.07164551801,-0.07164551801,3.476491185,3.476491185
467,9347303,1,18.05233684,19.98875107,562.8061869,0,562.8054115,563.7497715,0.009987571023,1,-0.05828165584,-0.05827924849,4.066215551,4.08715908,1,-0.07164551801,-0.07164551801,3.476491185,3.476491185
468,9366550,1,18.05233684,19.98875107,562.8061869,0,562.8054115,563.7496164,0.009987571023,1,-0.05793848364,-0.05817368718,4.04836347,4.074964599,1,-0.07164551801,-0.07164551801,3.476491185,3.476491185
469,9387033,1,17.89321162,19.98875107,562.8061869,0,562.8054115,563.7494613,0.009987571023,1,-0.05743184487,-0.05789808662,4.029093174,4.059962959,1,-0.07164551801,-0.07164551801,3.476491185,3.476491185
470,9409493,1,17.42901887,19.98875107,562.8061869,0,562.8054115,563.748841,0.009987571023,1,-0.0566997005,-0.05745341331,4.003427485,4.041987323,1,-0.07164551801,-0.07164551801,3.476491185,3.476491185
471,9426993,1,17.2343774,19.98875107,562.8061869,0,562.8054115,563.748841,0.009987571023,1,-0.05626860891,-0.05697902063,3.988724358,4.024056446,1,-0.07164551801,-0.07164551801,3.476491185,3.476491185
472,9446998,1,17.12984485,19.98875107,562.8061869,0,562.8054115,563.7483757,0.009987571023,1,-0.05626860891,-0.0566682155,3.988724358,4.011336895,1,-0.07164551801,-0.07164551801,3.476491185,3.476491185
473,9466811,1,17.08378229,19.98938981,562.8061869,0,562.8054115,563.7477553,0.009987571023,1,-0.05626860891,-0.05649338762,3.988724358,4.003196381,1,-0.07164551801,-0.07164551801,3.476491185,3.476491185
474,9486044,1,17.06641189,19.98938981,562.8061869,0,562.8054115,563.7479104,0.009987571023,1,-0.05626860891,-0.05639504693,3.988724358,3.997986453,1,-0.07164551801,-0.07164551801,3.476491185,3.476491185
475,9508513,1,17.05819198,19.98938981,562.8061869,0,562.8054115,563.7474451,0.009987571023,1,-0.05254716235,-0.05481389918,3.905592883,3.966583832,1,-0.07164551801,-0.07164551801,3.476491185,3.476491185
476,9527201,1,17.0555554,19.98938981,562.8061869,0,562.8054115,563.7471349,0.009987571023,1,-0.05146684462,-0.05346471866,3.881711173,3.938184461,1,-0.07164551801,-0.07164551801,3.476491185,3.476491185
477,9546818,1,17.05431466,19.98938981,562.8061869,0,562.8054115,563.7471349,0.009987571023,0,NaN,NaN,NaN,NaN,0,NaN,NaN,NaN,NaN
478,9566969,1,17.05353919,19.98938981,562.8061869,0,562.8054115,563.7471349,0.009987571023,0,NaN,NaN,NaN,NaN,0,NaN,NaN,NaN,NaN
479,9586564,1,17.05307391,19.98938981,562.8061869,0,562.8054115,563.7471349,0.009987571023,1,-0.04823923089,-0.0493996244,3.827600914,3.847924523,1,-0.07164551801,-0.07164551801,3.476491185,3.476491185
480,9609810,1,16.95784693,19.98236366,562.7129761,0,562.7232123,563.7469799,0.009987571023,1,-0.04722313639,-0.04855897692,3.805923263,3.834804129,1,-0.07164551801,-0.07164551801,3.476491185,3.476491185
481,9626880,1,16.70938827,19.86547411,562.4609503,0,562.4713416,563.7469799,0.009987571023,1,-0.04644123007,-0.0477133682,3.794299957,3.821170859,1,-0.07164551801,-0.07164551801,3.476491185,3.476491185
482,9647327,1,16.19432507,19.48159096,561.9494543,0,561.9592251,563.7469799,0.009987571023,1,-0.04545149162,-0.04684269402,3.778684328,3.807534118,1,-0.07164551801,-0.07164551801,3.476491185,3.476491185
483,9666382,1,15.67367854,18.94313256,561.4249304,0,561.4351666,563.7468248,0.009987571023,1,-0.04475409623,-0.04599285145,3.76586666,3.793571137,1,-0.07164551801,-0.07164551801,3.476491185,3.476491185
484,9686968,1,15.01174246,18.23604662,560.7629943,0,560.7685777,563.7469799,0.009987571023,1,-0.04381836529,-0.04512506073,3.748527602,3.778626176,1,-0.07164551801,-0.07164551801,3.476491185,3.476491185
485,9709165,1,14.27629239,17.3973801,560.0301809,0,560.0334378,563.7468248,0.009987571023,1,-0.04293138213,-0.04425552691,3.732664734,3.763459226,1,-0.07164551801,-0.07164551801,3.476491185,3.476491185
486,9726892,1,13.75425002,16.79313141,559.5041061,0,559.5061223,563.7468248,0.009987571023,1,-0.04226382525,-0.04345057373,3.721603992,3.749309448,1,-0.07164551801,-0.07164551801,3.476491185,3.476491185
487,9746956,1,13.10983943,16.02792007,558.8596955,0,558.8637279,563.7468248,0.009987571023,1,-0.04149230967,-0.04267731339,3.712603517,3.736875863,1,-0.07164551801,-0.07164551801,3.476491185,3.476491185
488,9766610,1,12.46744505,15.18733732,558.2182317,0,558.2197826,563.7468248,0.009987571023,1,-0.04060299738,-0.0418470176,3.704512802,3.725785022,1,-0.07164551801,-0.07164551801,3.476491185,3.476491185
489,9787025,1,11.86878683,14.39274391,557.6194184,0,557.6212795,563.7468248,0.009987571023,1,-0.03985597918,-0.04104052667,3.697382638,3.716115572,1,-0.07164551801,-0.07164551801,3.476491185,3.476491185
490,9808287,1,11.23476746,13.6217839,556.9849337,0,556.9855541,563.7469799,0.009987571023,1,-0.03903591181,-0.040237096,3.690265336,3.707326043,1,-0.07164551801,-0.07164551801,3.476491185,3.476491185
491,9826382,1,10.69504451,13.02520009,556.4462964,0,556.4464515,563.7469799,0.009987571023,1,-0.03839906218,-0.03948920126,3.684685242,3.699602552,1,-0.07164551801,-0.07164551801,3.476491185,3.476491185
492,9845996,1,10.07730988,12.42031266,555.8279414,0,555.8267007,563.7469799,0.009987571023,1,-0.03761056943,-0.03872898374,3.677924818,3.692242587,1,-0.07164551801,-0.07164551801,3.476491185,3.476491185
493,9866344,1,9.474153975,11.86652449,555.2261813,0,555.2254059,563.7469799,0.009987571023,1,-0.03666662274,-0.0379095038,3.669852879,3.684807849,1,-0.07164551801,-0.07164551801,3.476491185,3.476491185
494,9886426,1,8.892866154,11.37661038,554.6448935,0,554.6461343,563.7469799,0.009987571023,1,-0.03586051591,-0.03706806268,3.663049976,3.677312866,1,-0.07164551801,-0.07164551801,3.476491185,3.476491185
495,9909286,1,8.177888339,10.83176457,553.927124,0,553.9277444,563.7469799,0.009987571023,1,-0.03463785834,-0.03613274671,3.654942133,3.669964914,1,-0.07164551801,-0.07164551801,3.476491185,3.476491185
496,9927396,1,7.683452487,10.46257246,553.4331535,0,553.4364104,563.7469799,0.009987571023,1,-0.03387475759,-0.03523626326,3.649978587,3.663287192,1,-0.07164551801,-0.07164551801,3.476491185,3.476491185
497,9946230,1,7.073162313,10.06910819,552.8227082,0,552.8287568,563.7469799,0.009987571023,1,-0.03311400792,-0.03439632981,3.644278288,3.657012324,1,-0.07164551801,-0.07164551801,3.476491185,3.476491185
498,9966117,1,6.383154438,9.643706896,552.1339411,0,552.1347165,563.7469799,0.009987571023,1,-0.03237146075,-0.03355504975,3.637773853,3.650456626,1,-0.07164551801,-0.07164551801,3.476491185,3.476491185
499,9986691,1,5.683065531,9.234274116,551.4340072,0,551.431991,563.7469799,0.009987571023,1,-0.03148842313,-0.03273901109,3.629704247,3.643682361,1,-0.07164551801,-0.07164551801,3.476491185,3.476491185
500,10009505,1,4.935828413,8.793543041,550.6872354,0,550.6842886,563.7469799,0.009987571023,1,-0.03060434143,-0.03190642477,3.618989474,3.635833528,1,-0.07164551801,-0.07164551801,3.476491185,3.476491185
501,10026949,1,4.433327736,8.466507809,550.183494,0,550.1824083,563.7469799,0.009987571023,1,-0.02999080278,-0.03113428561,3.612837686,3.62807941,1,-0.07164551801,-0.07164551801,3.476491185,3.476491185
502,10046962,1,3.822572283,8.072404805,549.5755302,0,549.5727385,563.7469799,0.009987571023,1,-0.02932656762,-0.03041561728,3.607202667,3.621110449,1,-0.07164551801,-0.07164551801,3.476491185,3.476491185
503,10066956,1,3.376990663,7.623370102,549.1246754,0,549.1235898,563.7469799,0.009987571023,1,-0.02870905773,-0.02973377444,3.600122751,3.61416573,1,-0.07164551801,-0.07164551801,3.476491185,3.476491185
504,10087403,1,3.15815472,7.176890362,548.9089413,0,548.910027,563.7469799,0.009987571023,1,-0.02807772524,-0.0290829557,3.593889281,3.607458763,1,-0.07164551801,-0.07164551801,3.476491185,3.476491185
505,10109366,1,3.057654585,6.685060033,548.8065801,0,548.8067352,563.7469799,0.009987571023,1,-0.02746229569,-0.02843945621,3.587770864,3.600972916,1,-0.07164551801,-0.07164551801,3.476491185,3.476491185
506,10126742,1,3.18358994,6.350359913,548.793087,0,548.7867282,563.7469799,0.009987571023,1,-0.02700890375,-0.02785798275,3.582173566,3.59467882,1,-0.07164551801,-0.07164551801,3.476491185,3.476491185
507,10146586,1,3.160946391,6.084643787,548.8458186,0,548.8323255,563.7468248,0.009987571023,1,-0.02650010754,-0.02730595527,3.574978945,3.588071528,1,-0.07164551801,-0.07164551801,3.476491185,3.476491185
508,10166623,1,3.160636205,5.953063205,548.8814899,0,548.8697029,563.7468248,0.009987571023,1,-0.02624918338,-0.0270417623,3.572520639,3.584961351,1,-0.07164551801,-0.07164551801,3.476491185,3.476491185
509,10186088,1,3.160326019,5.889827877,548.8976196,0,548.8880038,563.7469799,0.009987571023,0,NaN,NaN,NaN,NaN,0,NaN,NaN,NaN,NaN
510,10209979,1,3.229962687,5.844477288,548.9056844,0,548.8982399,563.7469799,0.009987571023,0,NaN,NaN,NaN,NaN,0,NaN,NaN,NaN,NaN
511,10226169,1,3.642664633,5.831063734,548.9080108,0,548.901652,563.7158062,0.009987571023,1,-0.02414741263,-0.02631817488,3.559741368,3.579917354,1,-0.07164551801,-0.07164551801,3.476491185,3.476491185
512,10246860,1,5.174516235,5.816372698,548.9090964,0,548.9045987,563.2182685,0.009987571023,1,-0.02349121094,-0.02514700486,3.556991415,3.571866206,1,-0.07164551801,-0.07164551801,3.476491185,3.476491185
513,10267092,1,7.670424692,5.800404181,548.9095617,0,548.9061497,561.736667,0.009987571023,1,-0.02273520549,-0.02416227725,3.553671616,3.565602958,1,-0.07164551801,-0.07164551801,3.476491185,3.476491185
514,10298240,1,12.01922685,5.765912184,548.9094066,0,548.9073904,557.6915365,0.009987571023,1,-0.02172232782,-0.02312340933,3.547735876,3.559368732,1,-0.07164551801,-0.07164551801,3.476491185,3.476491185
515,10319858,1,15.20545337,5.749943667,548.9094066,0,548.9080108,554.5008123,0.009987571023,1,-0.02100144805,-0.02129579146,3.537787556,3.541944248,1,-0.07164551801,-0.07164551801,3.476491185,3.476491185
516,10336994,1,17.32572706,5.737807594,548.9103372,0,548.9081659,552.1941171,0.009987571023,1,-0.02079702899,-0.02111591145,3.536038775,3.540098083,1,-0.07164551801,-0.07164551801,3.476491185,3.476491185
517,10356205,1,17.84745924,5.711619225,548.8572954,0,548.8698579,550.609689,0.009987571023,1,-0.01951867378,-0.02041642686,3.53173282,3.536396946,1,-0.07164551801,-0.07164551801,3.476491185,3.476491185
518,10377102,1,17.99340157,5.616446863,548.6874688,0,548.6980151,549.9657437,0.009987571023,1,-0.01803477273,-0.01949189394,3.531729866,3.534716798,1,-0.07164551801,-0.07164551801,3.476491185,3.476491185
519,10396515,1,17.99355666,5.508499687,548.3799198,0,548.3875193,549.8979681,0.009987571023,1,-0.0169738286,-0.01849131918,3.531729866,3.533641502,1,-0.07164551801,-0.07164551801,3.476491185,3.476491185
520,10419143,1,18.00875576,5.380112809,547.7728866,0,547.7789352,549.9002945,0.009987571023,1,-0.01552930835,-0.0173492114,3.533932352,3.533484902,1,-0.07164551801,-0.07164551801,3.476491185,3.476491185
521,10437168,1,17.92888296,5.306018889,547.2153279,0,547.2201358,549.874394,0.009987571023,1,-0.01493867007,-0.01635590435,3.536080058,3.534208566,1,-0.07164551801,-0.07164551801,3.476491185,3.476491185
522,10457243,1,17.10130778,5.243422302,546.4608015,0,546.4637482,550.412411,0.009987571023,1,-0.01447561227,-0.01557895035,3.538986321,3.535689701,1,-0.07164551801,-0.07164551801,3.476491185,3.476491185
523,10476263,1,15.7240837,5.230647488,545.7743607,0,545.7743607,551.5915815,0.009987571023,1,-0.01443750563,-0.01508071283,3.539285754,3.536976215,1,-0.07164551801,-0.07164551801,3.476491185,3.476491185
524,10497119,1,14.04442865,5.231286229,545.0663621,0,545.0672926,553.2882968,0.009987571023,1,-0.01434951919,-0.01477731307,3.543493856,3.538649269,1,-0.07164551801,-0.07164551801,3.476491185,3.476491185
525,10518473,1,12.28288461,5.238312376,544.5236924,0,544.524778,554.9550791,0.009987571023,1,-0.01491320626,-0.0147659547,3.543673365,3.540457935,1,-0.07164551801,-0.07164551801,3.476491185,3.476491185
526,10536465,1,10.92148,5.257474597,544.238942,0,544.2425091,555.7485339,0.009987571023,1,-0.01554791635,-0.01506052452,3.543527089,3.541586234,1,-0.07164551801,-0.07164551801,3.476491185,3.476491185
527,10556305,1,9.509204948,5.300908963,544.0458514,0,544.0487982,556.2060577,0.009987571023,1,-0.0166856843,-0.01569019466,3.542554614,3.541966352,1,-0.07164551801,-0.07164551801,3.476491185,3.476491185
528,10576617,1,8.726451578,5.362228069,543.95993,0,543.9616361,556.4028704,0.009987571023,1,-0.01806294943,-0.01663483274,3.541600242,3.541932853,1,-0.07164551801,-0.07164551801,3.476491185,3.476491185
529,10597201,1,8.4049442,5.414604806,543.9272055,0,543.9278258,556.4765395,0.009987571023,1,-0.0195107763,-0.01777194829,3.541247342,3.541686087,1,-0.07164551801,-0.07164551801,3.476491185,3.476491185
530,10619118,1,8.266601421,5.43696073,543.9115411,0,543.9127818,556.5077132,0.009987571023,1,-0.02084974843,-0.01899332179,3.541060725,3.541460984,1,-0.07164551801,-0.07164551801,3.476491185,3.476491185
531,10636186,1,8.222865251,5.438876952,543.9067332,0,543.9078189,556.517484,0.009987571023,1,-0.02200596342,-0.02017850696,3.541060725,3.541316891,1,-0.07164551801,-0.07164551801,3.476491185,3.476491185
532,10656409,1,8.200066609,5.438238211,543.9044068,0,543.9044068,556.5229122,0.009987571023,1,-0.02324619481,-0.02140505616,3.541060725,3.541224671,1,-0.07164551801,-0.07164551801,3.476491185,3.476491185
533,10676405,1,8.190295763,5.438238211,543.9036313,0,543.9028559,556.5257039,0.009987571023,1,-0.02445766126,-0.02262326092,3.541289849,3.541211475,1,-0.07164551801,-0.07164551801,3.476491185,3.476491185
534,10696390,1,8.18626335,5.438238211,543.903011,0,543.9020804,556.5274099,0.009987571023,1,-0.02570834658,-0.02385708659,3.541942652,3.541426217,1,-0.07164551801,-0.07164551801,3.476491185,3.476491185
535,10718054,1,8.184092051,5.438876952,543.9023906,0,543.9016151,556.5286507,0.009987571023,1,-0.02698431929,-0.02509319444,3.542545829,3.541769574,1,-0.07164551801,-0.07164551801,3.476491185,3.476491185
536,10736217,1,8.182851308,5.439515693,543.9023906,0,543.90146,556.529271,0.009987571023,1,-0.02799679413,-0.02625527039,3.54331188,3.542259648,1,-0.07164551801,-0.07164551801,3.476491185,3.476491185
537,10756201,1,8.181920752,5.444625618,543.9023906,0,543.9011499,556.5297363,0.009987571023,1,-0.02903957417,-0.02736446328,3.544920699,3.543053016,1,-0.07164551801,-0.07164551801,3.476491185,3.476491185
538,10776773,1,8.18130038,5.456761691,543.9023906,0,543.9009948,556.5303567,0.009987571023,1,-0.02986655736,-0.0283733514,3.546678716,3.544179649,1,-0.07164551801,-0.07164551801,3.476491185,3.476491185
539,10796571,1,8.180835102,5.477840134,543.9022355,0,543.9006846,556.530822,0.009987571023,1,-0.03053563527,-0.02925829041,3.548629976,3.545616372,1,-0.07164551801,-0.07164551801,3.476491185,3.476491185
540,10818669,1,8.180524916,5.524468204,543.9020804,0,543.9005295,556.5312873,0.009987571023,1,-0.03117669726,-0.0300456779,3.550297458,3.547167043,1,-0.07164551801,-0.07164551801,3.476491185,3.476491185
541,10836993,1,8.180214731,5.589619754,543.9019253,0,543.9005295,556.5314423,0.009987571023,1,-0.03155021236,-0.03067250827,3.552190306,3.548797356,1,-0.07164551801,-0.07164551801,3.476491185,3.476491185
542,10857222,1,8.179904545,5.670739821,543.9019253,0,543.9003744,556.5317525,0.009987571023,1,-0.03174290197,-0.03112520707,3.554634121,3.550694865,1,-0.07164551801,-0.07164551801,3.476491185,3.476491185
543,10876379,1,8.179749452,5.733975149,543.9019253,0,543.9003744,556.5319076,0.009987571023,1,-0.03179492107,-0.03141533296,3.557086872,3.552777749,1,-0.07164551801,-0.07164551801,3.476491185,3.476491185
544,10896203,1,8.17959436,5.837451141,543.9017702,0,543.9002193,556.5322178,0.009987571023,1,-0.0317949264,-0.03158140509,3.558766919,3.554840441,1,-0.07164551801,-0.07164551801,3.476491185,3.476491185
545,10918472,1,8.179439267,5.953701946,543.9017702,0,543.9000642,556.5323729,0.009987571023,1,-0.03164693508,-0.03163194823,3.559876986,3.556564883,1,-0.07164551801,-0.07164551801,3.476491185,3.476491185
546,10936227,1,8.179284174,6.059094159,543.9017702,0,543.9000642,556.532528,0.009987571023,1,-0.03140596361,-0.03155539062,3.560417217,3.557899796,1,-0.07164551801,-0.07164551801,3.476491185,3.476491185
547,10956254,1,8.175561947,6.165763854,543.898048,0,543.8983582,556.5326831,0.009987571023,1,-0.03105491597,-0.03136054829,3.560655501,3.558890294,1,-0.07164551801,-0.07164551801,3.476491185,3.476491185
548,10976222,1,8.139890602,6.266684883,543.8628419,0,543.8608257,556.5326831,0.009987571023,1,-0.03063779146,-0.03107372007,3.560655527,3.559525778,1,-0.07164551801,-0.07164551801,3.476491185,3.476491185
549,10997510,1,8.030395084,6.359302282,543.7531913,0,543.7505547,556.5328382,0.009987571023,1,-0.0300063775,-0.03067857729,3.560837353,3.559968853,1,-0.07164551801,-0.07164551801,3.476491185,3.476491185
550,11021056,1,7.841336959,6.425092573,543.5644434,0,543.5614966,556.5329933,0.009987571023,1,-0.0292483751,-0.03014727904,3.561028761,3.560323707,1,-0.07164551801,-0.07164551801,3.476491185,3.476491185
551,11036227,1,7.680660817,6.465333236,543.401751,0,543.398339,556.5331484,0.009987571023,1,-0.02879268851,-0.02960585561,3.561028761,3.560577526,1,-0.07164551801,-0.07164551801,3.476491185,3.476491185
552,11057363,1,7.331081642,6.509406344,543.0526371,0,543.0500006,556.5333035,0.009987571023,1,-0.02790979078,-0.02895595912,3.561028761,3.560739971,1,-0.07164551801,-0.07164551801,3.476491185,3.476491185
553,11076744,1,6.95125937,6.536872193,542.6731251,0,542.6711089,556.5333035,0.009987571023,1,-0.02716443625,-0.02825150558,3.561028761,3.560843936,1,-0.07164551801,-0.07164551801,3.476491185,3.476491185
554,11096351,1,6.547242622,6.549647007,542.2695736,0,542.2672472,556.5334586,0.009987571023,1,-0.02675979683,-0.02787857839,3.561028761,3.560880901,1,-0.07164551801,-0.07164551801,3.476491185,3.476491185
555,11119698,1,5.953857563,6.558589377,541.6754131,0,541.6738621,556.5334586,0.009987571023,1,-0.02535038928,-0.02665270527,3.561028761,3.560953057,1,-0.07164551801,-0.07164551801,3.476491185,3.476491185
556,11136213,1,5.528282915,6.563060561,541.2503037,0,541.245806,556.5336136,0.009987571023,1,-0.02465871793,-0.02585026816,3.561028761,3.56098031,1,-0.07164551801,-0.07164551801,3.476491185,3.476491185
557,11156179,1,4.925437195,6.567531746,540.6479233,0,540.6432705,556.5336136,0.009987571023,1,-0.02381401314,-0.02501986879,3.561028761,3.560997753,1,-0.07164551801,-0.07164551801,3.476491185,3.476491185
558,11176866,1,4.286609945,6.572641672,540.0095613,0,540.0066145,556.5336136,0.009987571023,1,-0.02283969927,-0.02414776829,3.561028761,3.561008916,1,-0.07164551801,-0.07164551801,3.476491185,3.476491185
559,11196792,1,3.698342948,6.577112857,539.4211392,0,539.4186577,556.5336136,0.009987571023,1,-0.02191395022,-0.02324774106,3.561028761,3.56101606,1,-0.07164551801,-0.07164551801,3.476491185,3.476491185
560,11220774,1,3.25943032,6.582861523,538.981296,0,538.9780391,556.5336136,0.009987571023,1,-0.02090400556,-0.02233550331,3.561028761,3.561020633,1,-0.07164551801,-0.07164551801,3.476491185,3.476491185
561,11236464,1,3.135356078,6.586055226,538.8567565,0,538.8553607,556.5336136,0.009987571023,1,-0.02034619133,-0.02154452802,3.561028761,3.561023559,1,-0.07164551801,-0.07164551801,3.476491185,3.476491185
562,11256997,1,3.053311986,6.58924893,538.7750226,0,538.7733166,556.5336136,0.009987571023,1,-0.01967507508,-0.02078604003,3.561028761,3.561025432,1,-0.07164551801,-0.07164551801,3.476491185,3.476491185
563,11277284,1,3.134115336,6.592442633,538.7714554,0,538.762305,556.5336136,0.009987571023,1,-0.01892957862,-0.02003986673,3.561028761,3.561026631,1,-0.07164551801,-0.07164551801,3.476491185,3.476491185
564,11296188,1,3.136441728,6.595636337,538.8100736,0,538.7965805,556.5336136,0.009987571023,1,-0.01838274745,-0.01937174826,3.561028761,3.561027398,1,-0.07164551801,-0.07164551801,3.476491185,3.476491185
565,11319550,1,3.136286635,6.600107521,538.8396963,0,538.8283745,556.5336136,0.009987571023,0,NaN,NaN,NaN,NaN,0,NaN,NaN,NaN,NaN
566,11337082,1,3.136131542,6.603939965,538.8486917,0,538.8389208,556.5336136,0.009987571023,0,NaN,NaN,NaN,NaN,0,NaN,NaN,NaN,NaN
567,11356371,1,3.160791298,6.60841115,538.8531894,0,538.8449694,556.5336136,0.009987571023,0,NaN,NaN,NaN,NaN,0,NaN,NaN,NaN,NaN
568,11376479,1,3.578611306,6.612882335,538.8558259,0,538.8480713,556.5021298,0.009987571023,1,-0.01589501991,-0.01850256618,3.561028761,3.56102767,1,-0.07164551801,-0.07164551801,3.476491185,3.476491185
569,11397073,1,5.151097222,6.617992261,538.8567565,0,538.8499324,555.9613212,0.009987571023,1,-0.01532345573,-0.0171620724,3.561028761,3.561028063,1,-0.07164551801,-0.07164551801,3.476491185,3.476491185
570,11419353,1,7.916401875,6.621824705,538.8573769,0,538.8511731,554.1918674,0.009987571023,1,-0.01476145083,-0.01617116346,3.561028761,3.561028315,1,-0.07164551801,-0.07164551801,3.476491185,3.476491185
571,11436884,1,10.25768281,6.625657149,538.8570667,0,538.8519486,551.9949779,0.009987571023,1,-0.01426445712,-0.01539543201,3.561028761,3.561028475,1,-0.07164551801,-0.07164551801,3.476491185,3.476491185
572,11456862,1,13.16675849,6.629489593,538.8572218,0,538.8527241,549.1207981,0.009987571023,1,-0.01378895876,-0.01474483629,3.561028761,3.561028578,1,-0.07164551801,-0.07164551801,3.476491185,3.476491185
573,11476867,1,16.04683182,6.633322037,538.8570667,0,538.8530343,546.2131183,0.009987571023,1,-0.01361682804,-0.01446283423,3.561028761,3.561028615,1,-0.07164551801,-0.07164551801,3.476491185,3.476491185
574,11497171,1,17.66724141,6.637793222,538.8567565,0,538.8531894,543.3296329,0.009987571023,1,-0.01291741156,-0.01381521086,3.560842144,3.560961486,1,-0.07164551801,-0.07164551801,3.476491185,3.476491185
575,11519664,1,17.98301035,6.642264407,538.8569116,0,538.8550505,541.9685385,0.009987571023,1,-0.01251504576,-0.01328554229,3.560842144,3.560918523,1,-0.07164551801,-0.07164551801,3.476491185,3.476491185
576,11536888,1,17.9927812,6.64545811,538.8569116,0,538.8552056,541.6876654,0.009987571023,1,-0.01236517784,-0.01305545118,3.560842144,3.560903247,1,-0.07164551801,-0.07164551801,3.476491185,3.476491185
577,11556161,1,17.99417703,6.648013073,538.8570667,0,538.8552056,541.6662626,0.009987571023,1,-0.01198624817,-0.01278815043,3.560842144,3.560891027,1,-0.07164551801,-0.07164551801,3.476491185,3.476491185
578,11577020,1,18.0272118,6.651206776,538.8569116,0,538.8552056,541.6667279,0.009987571023,0,NaN,NaN,NaN,NaN,0,NaN,NaN,NaN,NaN
579,11597045,1,18.02628124,6.653122998,538.8567565,0,538.8552056,541.6426885,0.009987571023,0,NaN,NaN,NaN,NaN,0,NaN,NaN,NaN,NaN
580,11619268,1,18.02162846,6.655677961,538.8567565,0,538.8553607,541.6454802,0.009987571023,1,-0.01140767595,-0.01166836196,3.560285278,3.560666389,1,-0.07164551801,-0.07164551801,3.476491185,3.476491185
581,11637161,1,17.92872787,6.656955443,538.8569116,0,538.8553607,541.6439292,0.009987571023,1,-0.01123147429,-0.01149454686,3.557302837,3.559697799,1,-0.07164551801,-0.07164551801,3.476491185,3.476491185
582,11656708,1,17.50811619,6.657594183,538.8572218,0,538.8553607,541.6377255,0.009987571023,1,-0.01117812663,-0.01131400467,3.553368683,3.557109813,1,-0.07164551801,-0.07164551801,3.476491185,3.476491185
583,11676917,1,17.24027093,6.657594183,538.8572218,0,538.8553607,541.6340033,0.009987571023,1,-0.01123450246,-0.01127059307,3.550630559,3.554971003,1,-0.07164551801,-0.07164551801,3.476491185,3.476491185
584,11696547,1,17.12053928,6.657594183,538.8570667,0,538.8553607,541.630126,0.009987571023,1,-0.01127641367,-0.01126885812,3.549105516,3.552954874,1,-0.07164551801,-0.07164551801,3.476491185,3.476491185
585,11719000,1,17.06362022,6.657594183,538.8572218,0,538.8553607,541.626869,0.009987571023,1,-0.01129218833,-0.01127667359,3.548016816,3.551235528,1,-0.07164551801,-0.07164551801,3.476491185,3.476491185
586,11736314,1,17.04562946,6.657594183,538.8573769,0,538.8553607,541.6246977,0.009987571023,1,-0.01133176784,-0.01129485402,3.547798773,3.550025129,1,-0.07164551801,-0.07164551801,3.476491185,3.476491185
587,11756832,1,17.03585861,6.657594183,538.8572218,0,538.8553607,541.6220611,0.009987571023,1,-0.01141640591,-0.01134086927,3.547696311,3.549199976,1,-0.07164551801,-0.07164551801,3.476491185,3.476491185
588,11776228,1,17.03136092,6.657594183,538.8572218,0,538.8553607,541.6203551,0.009987571023,1,-0.01147546803,-0.01139456551,3.547301727,3.548543613,1,-0.07164551801,-0.07164551801,3.476491185,3.476491185
589,11796786,1,17.02934472,6.657594183,538.8572218,0,538.8553607,541.6181838,0.009987571023,1,-0.01154816135,-0.01143296447,3.547052338,3.548245358,1,-0.07164551801,-0.07164551801,3.476491185,3.476491185
590,11819497,1,17.02779379,6.657594183,538.8572218,0,538.8553607,541.6169431,0.009987571023,0,NaN,NaN,NaN,NaN,0,NaN,NaN,NaN,NaN
591,11837501,1,17.02701832,6.657594183,538.8572218,0,538.8553607,541.6164778,0.009987571023,1,-0.01180450475,-0.01172443861,3.548148393,3.547484977,1,-0.07164551801,-0.07164551801,3.476491185,3.476491185
592,11856211,1,17.02670814,6.657594183,538.8572218,0,538.8553607,541.6163227,0.009987571023,1,-0.01181972761,-0.01176601336,3.548505301,3.54779578,1,-0.07164551801,-0.07164551801,3.476491185,3.476491185
593,11876327,1,17.02810397,6.658871665,538.8570667,0,538.8553607,541.6160125,0.009987571023,1,-0.01181972825,-0.01177944208,3.548894755,3.548015575,1,-0.07164551801,-0.07164551801,3.476491185,3.476491185
594,11896871,1,17.02903453,6.667814034,538.8572218,0,538.8553607,541.6155472,0.009987571023,1,-0.01175253516,-0.01178306613,3.54927188,3.548603087,1,-0.07164551801,-0.07164551801,3.476491185,3.476491185
595,11918977,1,17.02949981,6.688892477,538.8573769,0,538.8553607,541.6155472,0.009987571023,1,-0.0116006187,-0.01172146661,3.550063097,3.549051359,1,-0.07164551801,-0.07164551801,3.476491185,3.476491185
596,11937207,1,17.02996509,6.708693438,538.8572218,0,538.8553607,541.6155472,0.009987571023,1,-0.01142108638,-0.01160796677,3.550844353,3.549623597,1,-0.07164551801,-0.07164551801,3.476491185,3.476491185
597,11956349,1,17.01445581,6.726578177,538.8414023,0,538.8454347,541.6157023,0.009987571023,1,-0.01152383803,-0.01155171415,3.551323935,3.550202796,1,-0.07164551801,-0.07164551801,3.476491185,3.476491185
598,11977126,1,16.95753675,6.745101657,538.7852587,0,538.7931684,541.6158574,0.009987571023,1,-0.01119194773,-0.0114502939,3.553517638,3.551197311,1,-0.07164551801,-0.07164551801,3.476491185,3.476491185
599,11997393,1,16.91504132,6.760431434,538.742298,0,538.7492772,541.6161676,0.009987571023,1,-0.01077568715,-0.01119833285,3.5552248,3.552482641,1,-0.07164551801,-0.07164551801,3.476491185,3.476491185
600,12020465,1,16.83625418,6.790452246,538.6611845,0,538.6678535,541.6163227,0.009987571023,1,-0.01010482575,-0.01079380275,3.557407185,3.554090618,1,-0.07164551801,-0.07164551801,3.476491185,3.476491185
601,12037202,1,16.73342765,6.832609132,538.560219,0,538.5659575,541.6164778,0.009987571023,1,-0.009465115008,-0.01029188459,3.559242362,3.555773384,1,-0.07164551801,-0.07164551801,3.476491185,3.476491185
602,12056330,1,16.51753847,6.906703051,538.342934,0,538.3494479,541.6166329,0.009987571023,1,-0.008644157378,-0.009660856359,3.560515034,3.557367618,1,-0.07164551801,-0.07164551801,3.476491185,3.476491185
603,12077800,1,16.15772317,6.993571785,537.9845146,0,537.9866859,541.616788,0.009987571023,1,-0.00752286788,-0.008834279492,3.561743144,3.558857004,1,-0.07164551801,-0.07164551801,3.476491185,3.476491185
604,12096348,1,15.8036463,7.064472001,537.6290419,0,537.6288868,541.6169431,0.009987571023,1,-0.006772750068,-0.008007804959,3.562097322,3.55999674,1,-0.07164551801,-0.07164551801,3.476491185,3.476491185
605,12118886,1,15.19847419,7.16603177,537.0240248,0,537.0238698,541.6170982,0.009987571023,1,-0.005692661809,-0.007103147129,3.562643192,3.560898929,1,-0.07164551801,-0.07164551801,3.476491185,3.476491185
606,12137304,1,14.64634382,7.227989617,536.474376,0,536.4754616,541.6172533,0.009987571023,1,-0.004729477129,-0.006186730609,3.562894866,3.561587546,1,-0.07164551801,-0.07164551801,3.476491185,3.476491185
607,12156169,1,14.08211621,7.284837538,535.9109238,0,535.9093729,541.6174084,0.009987571023,1,-0.003884507516,-0.005261793455,3.562894933,3.562058205,1,-0.07164551801,-0.07164551801,3.476491185,3.476491185
608,12176700,1,13.3689995,7.340407978,535.1978071,0,535.1957909,541.6175634,0.009987571023,1,-0.002890781777,-0.004316269813,3.563081271,3.562396695,1,-0.07164551801,-0.07164551801,3.476491185,3.476491185
609,12196533,1,12.72815605,7.375538716,534.555878,0,534.5563433,541.6175634,0.009987571023,1,-0.002071715186,-0.003401186729,3.56308155,3.562643243,1,-0.07164551801,-0.07164551801,3.476491185,3.476491185
610,12219329,1,11.89949521,7.406198269,533.7253561,0,533.7245806,541.6177185,0.009987571023,1,-0.001096453768,-0.002481046129,3.56308155,3.562801033,1,-0.07164551801,-0.07164551801,3.476491185,3.476491185
611,12236494,1,11.330925,7.421528045,533.1560104,0,533.1558553,541.6177185,0.009987571023,1,-0.000383308884,-0.001631329418,3.56308155,3.56290202,1,-0.07164551801,-0.07164551801,3.476491185,3.476491185
612,12257093,1,10.63641943,7.436857822,532.461815,0,532.4615048,541.6177185,0.009987571023,1,0.0004730993038,-0.0007736835447,3.56308155,3.562966651,1,-0.07164551801,-0.07164551801,3.476491185,3.476491185
613,12277364,1,9.943774979,7.450910117,531.7713418,0,531.7693256,541.6178736,0.009987571023,1,0.001287098207,5.079328651e-05,3.56308155,3.563008014,1,-0.07164551801,-0.07164551801,3.476491185,3.476491185
614,12296050,1,9.355197796,7.46304619,531.1807485,0,531.1784221,541.6178736,0.009987571023,1,0.002009629744,0.000833021131,3.563227826,3.563063743,1,-0.07164551801,-0.07164551801,3.476491185,3.476491185
615,12319619,1,8.564069415,7.473904782,530.3934974,0,530.3903955,541.6178736,0.009987571023,1,0.002999513286,0.00165720581,3.563268167,3.563137322,1,-0.07164551801,-0.07164551801,3.476491185,3.476491185
616,12337121,1,8.071029398,7.478375966,529.8975106,0,529.8956495,541.6178736,0.009987571023,1,0.0037047242,0.002474092189,3.563268167,3.563184426,1,-0.07164551801,-0.07164551801,3.476491185,3.476491185
617,12356984,1,7.468648957,7.48220841,529.2952853,0,529.2928038,541.6178736,0.009987571023,1,0.004503309937,0.003276581833,3.563268167,3.563214573,1,-0.07164551801,-0.07164551801,3.476491185,3.476491185
618,12377153,1,6.85324072,7.485402114,528.6777057,0,528.6755344,541.6178736,0.009987571023,1,0.005389469558,0.004105200219,3.563268167,3.563233867,1,-0.07164551801,-0.07164551801,3.476491185,3.476491185
619,12398274,1,6.213638006,7.488595817,528.0404294,0,528.0374826,541.6178736,0.009987571023,1,0.005809730794,0.004531332863,3.563454699,3.563278033,1,-0.07164551801,-0.07164551801,3.476491185,3.476491185
620,12420196,1,5.551857021,7.49115078,527.3791137,0,527.3750813,541.6178736,0.009987571023,1,0.007197084756,0.005839369603,3.563454785,3.563364288,1,-0.07164551801,-0.07164551801,3.476491185,3.476491185
621,12437147,1,5.039430404,7.493705743,526.8645158,0,526.8624996,541.6180287,0.009987571023,1,0.007491275621,0.006252346108,3.563454785,3.563382387,1,-0.07164551801,-0.07164551801,3.476491185,3.476491185
622,12456791,1,4.417663363,7.496899446,526.2447649,0,526.2421284,541.6180287,0.009987571023,1,0.008366923564,0.007096440671,3.563454785,3.56340845,1,-0.07164551801,-0.07164551801,3.476491185,3.476491185
623,12476949,1,3.760845347,7.50009315,525.5856205,0,525.5837594,541.6180287,0.009987571023,1,0.008927684383,0.008131299462,3.563454785,3.563431061,1,-0.07164551801,-0.07164551801,3.476491185,3.476491185
624,12497782,1,3.324569296,7.503286853,525.1529116,0,525.1508954,541.6180287,0.009987571023,1,0.008927684383,0.008330395692,3.563454785,3.563435806,1,-0.07164551801,-0.07164551801,3.476491185,3.476491185
625,12519522,1,3.130393109,7.505841816,524.9553234,0,524.954703,541.6180287,0.009987571023,1,0.008945233305,0.008685848687,3.563454785,3.563445068,1,-0.07164551801,-0.07164551801,3.476491185,3.476491185
626,12536378,1,3.060756441,7.507758038,524.8884784,0,524.8877029,541.6181838,0.009987571023,1,0.0117610856,0.009454657916,3.563625751,3.563481204,1,-0.07164551801,-0.07164551801,3.476491185,3.476491185
627,12557914,1,3.131478758,7.50967426,524.8765363,0,524.8701774,541.6180287,0.009987571023,1,0.01335817174,0.01146444383,3.563641402,3.563559372,1,-0.07164551801,-0.07164551801,3.476491185,3.476491185
628,12576878,1,3.131788944,7.511590482,524.914534,0,524.9058488,541.6180287,0.009533590522,1,0.01402856262,0.01251641461,3.563641402,3.563588903,1,-0.07164551801,-0.07164551801,3.476491185,3.476491185
629,12596677,1,3.131788944,7.514784185,524.9367123,0,524.9297331,541.6180287,0.009987571023,1,0.0149258734,0.0134850344,3.563641402,3.563607802,1,-0.07164551801,-0.07164551801,3.476491185,3.476491185
630,12621030,1,3.131478758,7.521171592,524.9489646,0,524.9440016,541.6180287,0.009987571023,0,NaN,NaN,NaN,NaN,0,NaN,NaN,NaN,NaN
631,12637572,1,3.131478758,7.529475221,524.9523766,0,524.948034,541.6180287,0.009987571023,0,NaN,NaN,NaN,NaN,0,NaN,NaN,NaN,NaN
632,12656757,1,3.244386318,7.543527516,524.9540827,0,524.9500502,541.6180287,0.009987571023,0,NaN,NaN,NaN,NaN,0,NaN,NaN,NaN,NaN
633,12677137,1,3.975959063,7.558857293,524.9548581,0,524.9511359,541.4713109,0.009987571023,1,0.0175350196,0.0144975307,3.563641402,3.563614522,1,-0.07164551801,-0.07164551801,3.476491185,3.476491185
634,12697030,1,5.823889795,7.570354625,524.9553234,0,524.9519114,540.6431154,0.009987571023,1,0.01811247081,0.01601938141,3.563745952,3.563645109,1,-0.07164551801,-0.07164551801,3.476491185,3.476491185
635,12721185,1,8.996778332,7.582490698,524.9553234,0,524.9537725,538.1678343,0.009987571023,1,0.01919056245,0.01766362602,3.563828019,3.563734366,1,-0.07164551801,-0.07164551801,3.476491185,3.476491185
636,12736824,1,11.26252907,7.585045661,524.9553234,0,524.9539276,535.9534192,0.009987571023,1,0.01968833736,0.01849343839,3.563828019,3.563768081,1,-0.07164551801,-0.07164551801,3.476491185,3.476491185
637,12756588,1,14.02535224,7.585684402,524.9553234,0,524.9540827,533.2076563,0.009987571023,1,0.02002109007,0.01887535131,3.563828019,3.563780069,1,-0.07164551801,-0.07164551801,3.476491185,3.476491185
638,12776896,1,16.94047654,7.586961883,524.9553234,0,524.9540827,530.1607031,0.009987571023,1,0.02078137957,0.01935185837,3.564014067,3.563826868,1,-0.07164551801,-0.07164551801,3.476491185,3.476491185
639,12797195,1,17.74401235,7.587600624,524.9550132,0,524.9540827,527.6083409,0.009987571023,1,0.02133827488,0.02014862829,3.564014636,3.563894463,1,-0.07164551801,-0.07164551801,3.476491185,3.476491185
640,12821058,1,17.99386685,7.588878105,524.9553234,0,524.954703,526.8493167,0.009987571023,1,0.02251924813,0.0212964615,3.564014636,3.563953108,1,-0.07164551801,-0.07164551801,3.476491185,3.476491185
641,12838568,1,17.9927812,7.589516846,524.9553234,0,524.954703,526.7452494,0.009987571023,0,NaN,NaN,NaN,NaN,0,NaN,NaN,NaN,NaN
642,12857774,1,17.99386685,7.590794327,524.9553234,0,524.9548581,526.7471105,0.009987571023,1,0.02403152628,0.02198022769,3.564014636,3.563965413,1,-0.07164551801,-0.07164551801,3.476491185,3.476491185
643,12877722,1,18.02845254,7.591433068,524.9553234,0,524.9548581,526.7489716,0.009987571023,0,NaN,NaN,NaN,NaN,0,NaN,NaN,NaN,NaN
644,12896530,1,18.0250405,7.592710549,524.9553234,0,524.9548581,526.7224508,0.009987571023,0,NaN,NaN,NaN,NaN,0,NaN,NaN,NaN,NaN
645,12920076,1,18.02178355,7.592710549,524.9554785,0,524.9548581,526.7263281,0.009987571023,1,0.02584956122,0.0250500183,3.564014636,3.564014636,1,-0.07164551801,-0.07164551801,3.476491185,3.476491185
646,12936941,1,17.99789926,7.592710549,524.9551683,0,524.9548581,526.726173,0.009987571023,1,0.02662700485,0.02584521046,3.561775564,3.563311664,1,-0.07164551801,-0.07164551801,3.476491185,3.476491185
647,12957274,1,17.55479913,7.594626771,524.9553234,0,524.9548581,526.7202795,0.009987571023,1,0.02713462506,0.02635722721,3.561031931,3.562554262,1,-0.07164551801,-0.07164551801,3.476491185,3.476491185
648,12976721,1,17.27222004,7.595265512,524.9554785,0,524.9548581,526.7168674,0.009987571023,1,0.02735758573,0.02660731684,3.560671901,3.56217779,1,-0.07164551801,-0.07164551801,3.476491185,3.476491185
649,12996459,1,17.13232634,7.595904253,524.9553234,0,524.9548581,526.7133003,0.009987571023,1,0.02773808374,0.027062511,3.560282431,3.56152568,1,-0.07164551801,-0.07164551801,3.476491185,3.476491185
650,13019382,1,17.06594662,7.596542993,524.9554785,0,524.9548581,526.7098883,0.009987571023,1,0.02818254519,0.0276389746,3.559576166,3.560649122,1,-0.07164551801,-0.07164551801,3.476491185,3.476491185
651,13037209,1,17.044854,7.597181734,524.9554785,0,524.9548581,526.7078721,0.009987571023,1,0.02837972233,0.02794273277,3.559349345,3.560211067,1,-0.07164551801,-0.07164551801,3.476491185,3.476491185
652,13058036,1,17.03446278,7.597181734,524.9553234,0,524.9548581,526.7052355,0.009987571023,1,0.02847965903,0.02807696434,3.559080238,3.559984901,1,-0.07164551801,-0.07164551801,3.476491185,3.476491185
653,13076774,1,17.02980999,7.597181734,524.9554785,0,524.9548581,526.7036845,0.009987571023,1,0.02864177644,0.02838166401,3.558789362,3.559427345,1,-0.07164551801,-0.07164551801,3.476491185,3.476491185
654,13096810,1,17.02763869,7.597181734,524.9554785,0,524.9548581,526.7018234,0.009987571023,1,0.02868360273,0.02845714869,3.558789355,3.559299747,1,-0.07164551801,-0.07164551801,3.476491185,3.476491185
655,13118650,1,17.02624286,7.597181734,524.9554785,0,524.9548581,526.7002725,0.009987571023,0,NaN,NaN,NaN,NaN,0,NaN,NaN,NaN,NaN
656,13137218,1,17.0253123,7.597181734,524.9554785,0,524.9548581,526.6996521,0.009987571023,0,NaN,NaN,NaN,NaN,0,NaN,NaN,NaN,NaN
657,13157833,1,17.02484702,7.597181734,524.9554785,0,524.9548581,526.6993419,0.009987571023,1,0.02871523846,0.02871514687,3.558789355,3.558789355,1,-0.07164551801,-0.07164551801,3.476491185,3.476491185
658,13176906,1,17.02469193,7.597181734,524.9554785,0,524.9548581,526.699497,0.009987571023,1,0.02871523846,0.02871518694,3.558789355,3.558789355,1,-0.07164551801,-0.07164551801,3.476491185,3.476491185
659,13196722,1,17.02562249,7.597181734,524.9554785,0,524.9548581,526.6991869,0.009987571023,1,0.02872926825,0.02871871693,3.558789355,3.558789355,1,-0.07164551801,-0.07164551801,3.476491185,3.476491185
660,13220385,1,17.02670814,7.597181734,524.9554785,0,524.9548581,526.6988767,0.009987571023,1,0.02881525053,0.02875138024,3.558602738,3.55872232,1,-0.07164551801,-0.07164551801,3.476491185,3.476491185
661,13236422,1,17.02701832,7.597181734,524.9554785,0,524.9548581,526.6985665,0.009987571023,1,0.02884033576,0.02877361912,3.558602738,3.558698403,1,-0.07164551801,-0.07164551801,3.476491185,3.476491185
662,13257031,1,17.0274836,7.597181734,524.9554785,0,524.9548581,526.6987216,0.009987571023,1,0.02900850575,0.02888066164,3.558602738,3.558651719,1,-0.07164551801,-0.07164551801,3.476491185,3.476491185
663,13277053,1,17.01445581,7.597181734,524.9424507,0,524.9461729,526.6988767,0.009987571023,1,0.02918638041,0.02895709133,3.55986071,3.558893517,1,-0.07164551801,-0.07164551801,3.476491185,3.476491185
664,13296855,1,16.97661316,7.597181734,524.9058488,0,524.9111219,526.6990318,0.009987571023,1,0.02982083966,0.02935931212,3.561134575,3.559793597,1,-0.07164551801,-0.07164551801,3.476491185,3.476491185
665,13320548,1,16.85408985,7.598459216,524.7822398,0,524.7865824,526.6993419,0.009987571023,1,0.03048324496,0.02977968775,3.562163643,3.560549701,1,-0.07164551801,-0.07164551801,3.476491185,3.476491185
666,13337521,1,16.7216406,7.604846622,524.6485498,0,524.652117,526.699497,0.009987571023,1,0.03065292001,0.02999799581,3.562409813,3.560921724,1,-0.07164551801,-0.07164551801,3.476491185,3.476491185
667,13357277,1,16.49505001,7.617621436,524.4232,0,524.4247509,526.699497,0.009987571023,1,0.03166391989,0.03080857818,3.563429637,3.562037384,1,-0.07164551801,-0.07164551801,3.476491185,3.476491185
668,13376844,1,16.19944313,7.635506175,524.1288339,0,524.129144,526.6996521,0.009987571023,1,0.0320366785,0.03111560326,3.563640234,3.562357954,1,-0.07164551801,-0.07164551801,3.476491185,3.476491185
669,13397233,1,15.80829909,7.662333284,523.7339676,0,523.736294,526.6998072,0.009987571023,1,0.03308731328,0.03209245614,3.56401462,3.5631393,1,-0.07164551801,-0.07164551801,3.476491185,3.476491185
670,13419942,1,15.30455767,7.692992837,523.2353442,0,523.2354993,526.6999623,0.009987571023,1,0.03398023701,0.03282040444,3.564387837,3.563558903,1,-0.07164551801,-0.07164551801,3.476491185,3.476491185
671,13436329,1,14.94365672,7.710238836,522.8732025,0,522.8745984,526.7002725,0.009987571023,1,0.03452186372,0.03351545926,3.564574485,3.563924136,1,-0.07164551801,-0.07164551801,3.476491185,3.476491185
672,13456835,1,14.39695459,7.735149723,522.32588,0,522.3244842,526.7002725,0.009987571023,1,0.03528346503,0.03421830867,3.564761092,3.564218987,1,-0.07164551801,-0.07164551801,3.476491185,3.476491185
673,13476847,1,13.87274092,7.765809276,521.7991849,0,521.7984094,526.7002725,0.009987571023,1,0.03560282166,0.03456443692,3.564761105,3.564327411,1,-0.07164551801,-0.07164551801,3.476491185,3.476491185
674,13496953,1,13.35891847,7.795191347,521.2881541,0,521.2886194,526.7002725,0.009987571023,1,0.03649507889,0.03555983286,3.564947722,3.564624952,1,-0.07164551801,-0.07164551801,3.476491185,3.476491185
675,13519301,1,12.7872464,7.819463493,520.7161718,0,520.7149311,526.7004276,0.009987571023,1,0.03649507889,0.03596900299,3.564947722,3.564741149,1,-0.07164551801,-0.07164551801,3.476491185,3.476491185
676,13536458,1,12.37221807,7.832238307,520.3009884,0,520.3011435,526.7004276,0.009987571023,1,0.03770053293,0.03650052471,3.565130557,3.564852082,1,-0.07164551801,-0.07164551801,3.476491185,3.476491185
677,13558533,1,11.93346053,7.840541936,519.8595943,0,519.8595943,526.7005827,0.009987571023,1,0.03846276754,0.03729125873,3.565316164,3.56499006,1,-0.07164551801,-0.07164551801,3.476491185,3.476491185
678,13578081,1,11.53999009,7.845013121,519.4682952,0,519.4681401,526.7005827,0.009987571023,1,0.03881498824,0.03767219111,3.565320954,3.565056239,1,-0.07164551801,-0.07164551801,3.476491185,3.476491185
679,13596710,1,11.12108444,7.848845565,519.0504752,0,519.0512506,526.7005827,0.009987571023,1,0.03947565309,0.03859622245,3.565320956,3.565185421,1,-0.07164551801,-0.07164551801,3.476491185,3.476491185
680,13621138,1,10.44922242,7.855232972,518.3772173,0,518.3761317,526.7005827,0.009987571023,1,0.04019963645,0.03923088535,3.565320956,3.565234214,1,-0.07164551801,-0.07164551801,3.476491185,3.476491185
681,13637277,1,10.07451821,7.859065416,518.0020478,0,518.0026682,526.7007378,0.009987571023,1,0.04043343812,0.03953152354,3.565320956,3.565251562,1,-0.07164551801,-0.07164551801,3.476491185,3.476491185
682,13657154,1,9.601640258,7.863536601,517.5294801,0,517.5297902,526.7007378,0.009987571023,1,0.04116415751,0.04035649723,3.565320956,3.565285426,1,-0.07164551801,-0.07164551801,3.476491185,3.476491185
683,13677538,1,9.123799336,7.866091563,517.0527248,0,517.0513289,526.7007378,0.009987571023,1,0.04143797013,0.04062686545,3.565320956,3.565292532,1,-0.07164551801,-0.07164551801,3.476491185,3.476491185
684,13696841,1,8.695588111,7.869285267,516.6220321,0,516.6217219,526.7007378,0.009987571023,1,0.04198239742,0.04117268896,3.565320956,3.565302765,1,-0.07164551801,-0.07164551801,3.476491185,3.476491185
685,13720073,1,8.209837456,7.871201489,516.1375222,0,516.1376772,526.7007378,0.009987571023,1,0.04298059461,0.04202833197,3.565320956,3.565311642,1,-0.07164551801,-0.07164551801,3.476491185,3.476491185
686,13737556,1,7.849246692,7.873117711,515.7747601,0,515.7758457,526.7007378,0.009987571023,1,0.04323685617,0.04233046302,3.565320956,3.565313505,1,-0.07164551801,-0.07164551801,3.476491185,3.476491185
687,13756900,1,7.445074851,7.875033933,515.3733799,0,515.3743105,526.7007378,0.009987571023,1,0.04379385824,0.04291623773,3.565320956,3.565316188,1,-0.07164551801,-0.07164551801,3.476491185,3.476491185
688,13777029,1,6.999183046,7.876311414,514.9291941,0,514.9282636,526.7007378,0.009987571023,1,0.04475327882,0.04383270148,3.565320956,3.565318515,1,-0.07164551801,-0.07164551801,3.476491185,3.476491185
689,13796945,1,6.554221798,7.878227637,514.4808208,0,514.4814412,526.7007378,0.009987571023,1,0.04511959304,0.04415442437,3.565320956,3.565319003,1,-0.07164551801,-0.07164551801,3.476491185,3.476491185
690,13820086,1,6.021322932,7.880143859,513.9511789,0,513.95304,526.7007378,0.009987571023,1,0.04628663984,0.04517901988,3.565320956,3.565319956,1,-0.07164551801,-0.07164551801,3.476491185,3.476491185
691,13837164,1,5.63591732,7.882060081,513.56019,0,513.5609654,526.7007378,0.009987571023,1,0.04653066331,0.04551693074,3.565320956,3.565320156,1,-0.07164551801,-0.07164551801,3.476491185,3.476491185
692,13856822,1,5.137914333,7.883976303,513.0683907,0,513.0673051,526.7007378,0.009987571023,1,0.04722176643,0.04619449348,3.565320956,3.565320444,1,-0.07164551801,-0.07164551801,3.476491185,3.476491185
693,13876677,1,4.652473864,7.885892525,512.5772118,0,512.5781424,526.7007378,0.009987571023,1,0.04825984156,0.04722438034,3.565320956,3.565320694,1,-0.07164551801,-0.07164551801,3.476491185,3.476491185
694,13896900,1,4.098327284,7.887808747,512.0283384,0,512.0270976,526.7008929,0.009987571023,1,0.04870729922,0.04759511006,3.565320956,3.565320747,1,-0.07164551801,-0.07164551801,3.476491185,3.476491185
695,13919481,1,3.558139056,7.889724969,511.4884603,0,511.4852034,526.7008929,0.009987571023,1,0.04985867389,0.04869548634,3.565320956,3.565320849,1,-0.07164551801,-0.07164551801,3.476491185,3.476491185
696,13937115,1,3.267805331,7.89100245,511.197041,0,511.1979715,526.7008929,0.009987571023,1,0.05011774304,0.04905105052,3.565320956,3.56532087,1,-0.07164551801,-0.07164551801,3.476491185,3.476491185
697,13957385,1,3.112557437,7.892918672,511.0393116,0,511.0385361,526.7008929,0.009987571023,1,0.05117429054,0.05012293305,3.565320956,3.565320912,1,-0.07164551801,-0.07164551801,3.476491185,3.476491185
698,13976898,1,3.047108274,7.894834894,510.9738624,0,510.9743277,526.7008929,0.009987571023,1,0.05159754943,0.05049158715,3.565320956,3.565320921,1,-0.07164551801,-0.07164551801,3.476491185,3.476491185
699,13997345,1,3.179557527,7.896751116,511.0110847,0,511.0019342,526.7008929,0.009987571023,1,0.05260220009,0.05153591948,3.565320956,3.565320938,1,-0.07164551801,-0.07164551801,3.476491185,3.476491185
700,14019948,1,3.178316784,7.898667339,511.0641264,0,511.0577676,526.7008929,0.009987571023,1,0.05335059269,0.05224008159,3.565320956,3.565320945,1,-0.07164551801,-0.07164551801,3.476491185,3.476491185
701,14042378,1,3.178006599,7.900583561,511.0877005,0,511.0825825,526.7008929,0.009987571023,0,NaN,NaN,NaN,NaN,0,NaN,NaN,NaN,NaN
702,14059613,1,3.177696413,7.902499783,511.0959205,0,511.0917329,526.7008929,0.009987571023,0,NaN,NaN,NaN,NaN,0,NaN,NaN,NaN,NaN
703,14081677,1,3.325654946,7.906332227,511.0997978,0,511.0966959,526.7008929,0.009987571023,0,NaN,NaN,NaN,NaN,0,NaN,NaN,NaN,NaN
704,14099370,1,4.022021625,7.914635856,511.1013487,0,511.0984019,526.604115,0.009987571023,1,0.05576031926,0.05312014101,3.565507573,3.565358271,1,-0.07164551801,-0.07164551801,3.476491185,3.476491185
705,14120206,1,5.990924743,7.933159336,511.101814,0,511.0996427,525.8543964,0.009987571023,1,0.05627728836,0.05444610548,3.565507573,3.56541202,1,-0.07164551801,-0.07164551801,3.476491185,3.476491185
706,14137013,1,8.23108517,7.950405334,511.1024344,0,511.1005732,524.3600772,0.009987571023,1,0.05645592128,0.05494855943,3.565507573,3.56543113,1,-0.07164551801,-0.07164551801,3.476491185,3.476491185
707,14157496,1,11.01453568,7.978509924,511.1024344,0,511.1010385,521.7478492,0.009987571023,1,0.05720618012,0.05613115998,3.565507573,3.565468435,1,-0.07164551801,-0.07164551801,3.476491185,3.476491185
708,14176635,1,13.77487737,7.99320096,511.1024344,0,511.1015038,519.011702,0.009987571023,1,0.05760851852,0.0567366348,3.565507573,3.565482525,1,-0.07164551801,-0.07164551801,3.476491185,3.476491185
709,14196696,1,16.61834879,8.000865848,511.1022793,0,511.1019691,516.1091402,0.009987571023,1,0.05774410795,0.05698850309,3.565507573,3.565487534,1,-0.07164551801,-0.07164551801,3.476491185,3.476491185
710,14218478,1,17.72245445,8.004059552,511.1022793,0,511.1022793,513.2523308,0.009987571023,1,0.05771599933,0.05741565059,3.565507573,3.565497313,1,-0.07164551801,-0.07164551801,3.476491185,3.476491185
711,14237220,1,17.99045481,8.005975774,511.1022793,0,511.1030547,512.3684569,0.009987571023,1,0.05771563341,0.0574906463,3.565507573,3.565499365,1,-0.07164551801,-0.07164551801,3.476491185,3.476491185
712,14256539,1,17.99371176,8.008530737,511.1022793,0,511.1030547,512.1021625,0.009987571023,1,0.0576628236,0.05757325651,3.565507573,3.56550232,1,-0.07164551801,-0.07164551801,3.476491185,3.476491185
713,14276996,1,17.99448722,8.010446959,511.1022793,0,511.1030547,512.0965792,0.009987571023,0,NaN,NaN,NaN,NaN,0,NaN,NaN,NaN,NaN
714,14298526,1,18.02984838,8.012363181,511.1022793,0,511.1030547,512.0975098,0.009987571023,1,0.05702562943,0.05743634974,3.56569418,3.565540692,1,-0.07164551801,-0.07164551801,3.476491185,3.476491185
715,14319693,1,18.02473032,8.014279403,511.1022793,0,511.1030547,512.0782783,0.009987571023,0,NaN,NaN,NaN,NaN,0,NaN,NaN,NaN,NaN
716,14337218,1,18.02131827,8.015556884,511.1021242,0,511.1030547,512.0798292,0.009987571023,0,NaN,NaN,NaN,NaN,0,NaN,NaN,NaN,NaN
717,14356960,1,18.05667943,8.017473106,511.1022793,0,511.1030547,512.0756417,0.009987571023,1,0.05283358323,0.05455437141,3.564800191,3.565498663,1,-0.07164551801,-0.07164551801,3.476491185,3.476491185
718,14377057,1,18.04101506,8.023221773,511.1021242,0,511.1032098,512.0751764,0.009987571023,1,0.05156189779,0.053806253,3.564678478,3.565334626,1,-0.07164551801,-0.07164551801,3.476491185,3.476491185
719,14397030,1,18.04582294,8.031525401,511.1021242,0,511.1032098,512.0703685,0.009987571023,1,0.0475603359,0.05087928799,3.56164739,3.564070738,1,-0.07164551801,-0.07164551801,3.476491185,3.476491185
720,14420225,1,18.04799424,8.034719105,511.1021242,0,511.1032098,512.0666463,0.009987571023,1,0.04381989919,0.04821631362,3.560663255,3.562919947,1,-0.07164551801,-0.07164551801,3.476491185,3.476491185
721,14438757,1,18.04939007,8.035996586,511.1021242,0,511.1032098,512.0643199,0.009987571023,1,0.04207494619,0.04668097176,3.56047038,3.562430033,1,-0.07164551801,-0.07164551801,3.476491185,3.476491185
722,14456486,1,18.05047572,8.035996586,511.1021242,0,511.1032098,512.0623037,0.009987571023,1,0.03931680328,0.04369868503,3.560282296,3.561656939,1,-0.07164551801,-0.07164551801,3.476491185,3.476491185
723,14476796,1,18.05156137,8.035996586,511.1021242,0,511.1032098,512.0596671,0.009987571023,1,0.03384386331,0.0389398757,3.559909059,3.560828639,1,-0.07164551801,-0.07164551801,3.476491185,3.476491185
724,14497359,1,18.05233684,8.035996586,511.1021242,0,511.1032098,512.057806,0.009987571023,1,0.03004236576,0.03536685834,3.559909058,3.56049759,1,-0.07164551801,-0.07164551801,3.476491185,3.476491185
725,14519538,1,18.0531123,8.035996586,511.1021242,0,511.1032098,512.0557898,0.009987571023,1,0.03004236576,0.03303739283,3.559909058,3.560285719,1,-0.07164551801,-0.07164551801,3.476491185,3.476491185
726,14536589,1,18.05342248,8.035996586,511.1021242,0,511.1032098,512.0550143,0.009987571023,1,0.03004236576,0.03228863606,3.559909058,3.560210387,1,-0.07164551801,-0.07164551801,3.476491185,3.476491185
727,14556770,1,18.05388776,8.035996586,511.1021242,0,511.1032098,512.0536185,0.009987571023,1,0.03004236576,0.03099001104,3.559909058,3.560063339,1,-0.07164551801,-0.07164551801,3.476491185,3.476491185
728,14577052,1,18.05435304,8.035996586,511.1021242,0,511.1032098,512.0525329,0.009987571023,1,0.01296838279,0.02351899911,3.56211236,3.560681426,1,-0.07164551801,-0.07164551801,3.476491185,3.476491185
729,14597191,1,18.05450813,8.036635327,511.1021242,0,511.1032098,512.0516023,0.009987571023,1,0.008448376853,0.01736700856,3.563839484,3.561719567,1,-0.07164551801,-0.07164551801,3.476491185,3.476491185
730,14619985,1,18.05481832,8.037274068,511.1021242,0,511.1032098,512.0508268,0.009987571023,1,0.003887367202,0.0119644813,3.566794464,3.563281792,1,-0.07164551801,-0.07164551801,3.476491185,3.476491185
731,14637038,1,18.05497341,8.037912808,511.1021242,0,511.1032098,512.0502065,0.009987571023,1,0.0004539228688,0.007248942009,3.569321995,3.565228933,1,-0.07164551801,-0.07164551801,3.476491185,3.476491185
732,14656945,1,18.05512851,8.037912808,511.1021242,0,511.1032098,512.0495861,0.009987571023,1,-0.003295747821,0.00298705293,3.572364499,3.567554262,1,-0.07164551801,-0.07164551801,3.476491185,3.476491185
733,14678033,1,18.0552836,8.037912808,511.1021242,0,511.1032098,512.0491208,0.009987571023,1,-0.00570765012,0.0008133771672,3.574838647,3.569011139,1,-0.07164551801,-0.07164551801,3.476491185,3.476491185
734,14697704,1,18.05574888,8.038551549,511.1021242,0,511.1032098,512.0488106,0.009987571023,1,-0.01079469608,-0.005032884619,3.57954965,3.573495584,1,-0.07164551801,-0.07164551801,3.476491185,3.476491185
735,14719059,1,18.05605906,8.038551549,511.1021242,0,511.1032098,512.0483453,0.009987571023,1,-0.01439459632,-0.008729593366,3.583163746,3.576633685,1,-0.07164551801,-0.07164551801,3.476491185,3.476491185
736,14737129,1,18.05621416,8.038551549,511.1021242,0,511.1032098,512.0480352,0.009987571023,1,-0.01588641812,-0.01051879955,3.584734229,3.578253794,1,-0.07164551801,-0.07164551801,3.476491185,3.476491185
737,14756248,1,18.05636925,8.038551549,511.1021242,0,511.1032098,512.047725,0.009987571023,1,-0.01815990141,-0.01364161061,3.587623185,3.581375829,1,-0.07164551801,-0.07164551801,3.476491185,3.476491185
738,14776471,1,18.05652434,8.038551549,511.1021242,0,511.1032098,512.0475699,0.009987571023,1,-0.0208660539,-0.01651941203,3.591580015,3.584674143,1,-0.07164551801,-0.07164551801,3.476491185,3.476491185
739,14796743,1,18.05652434,8.038551549,511.1021242,0,511.1032098,512.0472597,0.009987571023,1,-0.02305578368,-0.01916022788,3.597720709,3.588878727,1,-0.07164551801,-0.07164551801,3.476491185,3.476491185
740,14819916,1,18.05667943,8.038551549,511.1021242,0,511.1032098,512.0471046,0.009987571023,1,-0.02615389816,-0.02267967271,3.608361053,3.596492083,1,-0.07164551801,-0.07164551801,3.476491185,3.476491185
741,14837408,1,18.05683453,8.038551549,511.1021242,0,511.1032098,512.0469495,0.009987571023,1,-0.02708041249,-0.02377985766,3.612661443,3.599725955,1,-0.07164551801,-0.07164551801,3.476491185,3.476491185
742,14856717,1,18.05683453,8.038551549,511.1021242,0,511.1032098,512.0466393,0.009987571023,1,-0.0282710966,-0.02561571327,3.620470863,3.606441666,1,-0.07164551801,-0.07164551801,3.476491185,3.476491185
743,14876544,1,18.05683453,8.038551549,511.1021242,0,511.1032098,512.0464842,0.009987571023,1,-0.03000173153,-0.02789269405,3.632810181,3.617640324,1,-0.07164551801,-0.07164551801,3.476491185,3.476491185
744,14896520,1,18.05683453,8.038551549,511.1021242,0,511.1032098,512.046019,0.009987571023,1,-0.03099085052,-0.02915987298,3.641239297,3.625460411,1,-0.07164551801,-0.07164551801,3.476491185,3.476491185
745,14920439,1,18.05683453,8.038551549,511.1021242,0,511.1032098,512.0457088,0.009987571023,1,-0.03197686707,-0.03030034033,3.657332093,3.635387344,1,-0.07164551801,-0.07164551801,3.476491185,3.476491185
746,14940644,1,18.05683453,8.038551549,511.1021242,0,511.1032098,512.0457088,0.009987571023,1,-0.03234123884,-0.03081056496,3.667626198,3.641835115,1,-0.07164551801,-0.07164551801,3.476491185,3.476491185
747,14956948,1,18.05683453,8.038551549,511.1021242,0,511.1032098,512.0455537,0.009987571023,1,-0.03292718091,-0.03193466504,3.684763174,3.660178532,1,-0.07164551801,-0.07164551801,3.476491185,3.476491185
748,14977225,1,18.05683453,8.038551549,511.1021242,0,511.1032098,512.0453986,0.009987571023,1,-0.03347363676,-0.03256122349,3.7013837,3.67377611,1,-0.07164551801,-0.07164551801,3.476491185,3.476491185
749,14996665,1,18.05698962,8.038551549,511.1021242,0,511.1032098,512.0453986,0.009987571023,1,-0.03396058577,-0.03312779193,3.716365337,3.687969472,1,-0.07164551801,-0.07164551801,3.476491185,3.476491185
750,15019480,1,18.05698962,8.038551549,511.1021242,0,511.1032098,512.0452435,0.009987571023,1,-0.03454667067,-0.03369804932,3.735244337,3.703431848,1,-0.07164551801,-0.07164551801,3.476491185,3.476491185
751,15036903,1,18.05698962,8.038551549,511.1021242,0,511.1032098,512.0452435,0.009987571023,1,-0.03485936769,-0.03416999137,3.750355839,3.718721549,1,-0.07164551801,-0.07164551801,3.476491185,3.476491185
752,15057416,1,18.05698962,8.038551549,511.1021242,0,511.1032098,512.0450884,0.009987571023,1,-0.03508675817,-0.03455291809,3.769806434,3.735581397,1,-0.07164551801,-0.07164551801,3.476491185,3.476491185
753,15076806,1,18.05698962,8.038551549,511.1021242,0,511.1032098,512.0449333,0.009987571023,1,-0.03518799008,-0.03482480468,3.790504312,3.753644497,1,-0.07164551801,-0.07164551801,3.476491185,3.476491185
754,15096698,1,18.05698962,8.038551549,511.1021242,0,511.1032098,512.0449333,0.009987571023,1,-0.03518828621,-0.03491567507,3.803370016,3.763589601,1,-0.07164551801,-0.07164551801,3.476491185,3.476491185
755,15119029,1,18.05698962,8.038551549,511.1021242,0,511.1032098,512.0449333,0.009987571023,1,-0.03513360001,-0.03505882098,3.826558182,3.791681665,1,-0.07164551801,-0.07164551801,3.476491185,3.476491185
756,15136825,1,18.05714471,8.038551549,511.1021242,0,511.1032098,512.0449333,0.009987571023,1,-0.03507322573,-0.03506242217,3.831043449,3.799554022,1,-0.07164551801,-0.07164551801,3.476491185,3.476491185
757,15156955,1,18.05714471,8.038551549,511.1021242,0,511.1032098,512.0449333,0.009987571023,1,-0.0345710462,-0.03486891724,3.846928638,3.820690552,1,-0.07164551801,-0.07164551801,3.476491185,3.476491185
758,15177523,1,17.71532018,8.038551549,511.1021242,0,511.1032098,512.0449333,0.009987571023,1,-0.03393409282,-0.03452975857,3.855341245,3.832523933,1,-0.07164551801,-0.07164551801,3.476491185,3.476491185
759,15197710,1,17.36481045,8.038551549,511.1021242,0,511.1032098,512.0449333,0.009987571023,1,-0.03306744223,-0.0339779722,3.861507944,3.842470477,1,-0.07164551801,-0.07164551801,3.476491185,3.476491185
760,15220563,1,17.17094444,8.03919029,511.1021242,0,511.1032098,512.0449333,0.009987571023,1,-0.03174443714,-0.03314804973,3.866979277,3.85086017,1,-0.07164551801,-0.07164551801,3.476491185,3.476491185
761,15237986,1,17.10968279,8.03919029,511.1021242,0,511.1032098,512.0447782,0.009987571023,1,-0.03138921747,-0.03270834167,3.868196025,3.854327341,1,-0.07164551801,-0.07164551801,3.476491185,3.476491185
762,15256771,1,17.07943969,8.03919029,511.1021242,0,511.1032098,512.0446231,0.009987571023,1,-0.0296307346,-0.03124661975,3.871530637,3.862425032,1,-0.07164551801,-0.07164551801,3.476491185,3.476491185
763,15276872,1,17.06749754,8.03919029,511.1021242,0,511.1032098,512.0446231,0.009987571023,1,-0.0282221709,-0.03006139501,3.873697557,3.86626737,1,-0.07164551801,-0.07164551801,3.476491185,3.476491185
764,15296702,1,17.0620693,8.03919029,511.1021242,0,511.1032098,512.044468,0.009987571023,1,-0.02684305524,-0.02878553146,3.876283774,3.869655364,1,-0.07164551801,-0.07164551801,3.476491185,3.476491185
765,15321061,1,17.05958781,8.03919029,511.1021242,0,511.1032098,512.044468,0.009987571023,1,-0.02491834731,-0.02732693276,3.881345851,3.873257994,1,-0.07164551801,-0.07164551801,3.476491185,3.476491185
766,15337660,1,17.05881235,8.03919029,511.1021242,0,511.1032098,512.044468,0.009987571023,0,NaN,NaN,NaN,NaN,0,NaN,NaN,NaN,NaN
767,15357469,1,17.05819198,8.03919029,511.1021242,0,511.1032098,512.044468,0.009987571023,0,NaN,NaN,NaN,NaN,0,NaN,NaN,NaN,NaN
768,15376054,1,17.05788179,8.03919029,511.1021242,0,511.1032098,512.044468,0.009987571023,1,-0.02161638986,-0.02304639881,3.888010436,3.885628443,1,-0.07164551801,-0.07164551801,3.476491185,3.476491185
769,15396139,1,16.98684929,8.03919029,511.0318671,0,511.0396218,512.0443129,0.009987571023,1,-0.02001123143,-0.02156586573,3.890751518,3.887711818,1,-0.07164551801,-0.07164551801,3.476491185,3.476491185
770,15417876,1,16.58050615,8.052603844,510.6252138,0,510.6307971,512.0441578,0.009987571023,1,-0.01853735074,-0.02038734874,3.893071644,3.889447804,1,-0.07164551801,-0.07164551801,3.476491185,3.476491185
771,15436746,1,16.02946142,8.074321028,510.0737038,0,510.0788219,512.0441578,0.009987571023,1,-0.01726939235,-0.01915616092,3.894633941,3.891185191,1,-0.07164551801,-0.07164551801,3.476491185,3.476491185
772,15457348,1,15.28625672,8.112645469,509.3287931,0,509.3345315,512.0441578,0.009987571023,1,-0.01640544701,-0.01846848244,3.896294994,3.892207152,1,-0.07164551801,-0.07164551801,3.476491185,3.476491185
773,15476528,1,14.50598483,8.177797019,508.5491416,0,508.5547249,512.0443129,0.009987571023,1,-0.01441577662,-0.01644986654,3.900215926,3.895650964,1,-0.07164551801,-0.07164551801,3.476491185,3.476491185
774,15497022,1,13.50842793,8.29021538,507.5529805,0,507.5567027,512.0443129,0.009987571023,1,-0.01291589356,-0.01505714879,3.903503733,3.898175788,1,-0.07164551801,-0.07164551801,3.476491185,3.476491185
775,15519775,1,12.37345881,8.424989665,506.4170808,0,506.4192521,512.0443129,0.009987571023,1,-0.01132614619,-0.01364832946,3.906063147,3.900729656,1,-0.07164551801,-0.07164551801,3.476491185,3.476491185
776,15536071,1,11.59039525,8.529104397,505.633552,0,505.636964,512.0443129,0.009987571023,1,-0.01073195179,-0.01240072932,3.907113149,3.902990777,1,-0.07164551801,-0.07164551801,3.476491185,3.476491185
777,15556957,1,10.47713912,8.668988607,504.5182796,0,504.5223121,512.0443129,0.009987571023,1,-0.01073195179,-0.01167063915,3.907113149,3.904474831,1,-0.07164551801,-0.07164551801,3.476491185,3.476491185
778,15576314,1,9.545341571,8.804401633,503.5864821,0,503.589739,512.0443129,0.009987571023,1,-0.01073195179,-0.01125996343,3.907113149,3.905424626,1,-0.07164551801,-0.07164551801,3.476491185,3.476491185
779,15596849,1,8.750801148,8.941730881,502.7928722,0,502.7956639,512.0443129,0.009987571023,1,-0.01071329859,-0.01102429504,3.907132216,3.906036308,1,-0.07164551801,-0.07164551801,3.476491185,3.476491185
780,15619662,1,8.196034197,9.040735687,502.2371747,0,502.2405868,512.0443129,0.009987571023,1,-0.0040509924,-0.008168366393,3.909629627,3.907329531,1,-0.07164551801,-0.07164551801,3.476491185,3.476491185
781,15637180,1,7.853434198,9.105248497,501.8965909,0,501.901709,512.0441578,0.009987571023,1,-0.002741506739,-0.00593378871,3.909629628,3.908157566,1,-0.07164551801,-0.07164551801,3.476491185,3.476491185
782,15657426,1,6.784379516,9.165290121,500.8264506,0,500.8273811,512.0440027,0.009987571023,1,-0.001181311228,-0.004018418347,3.910663165,3.908945741,1,-0.07164551801,-0.07164551801,3.476491185,3.476491185
783,15676220,1,5.32371551,9.205530785,499.3667171,0,499.3699741,512.0440027,0.009987571023,1,-1.469867604e-05,-0.002362490178,3.91157916,3.909789615,1,-0.07164551801,-0.07164551801,3.476491185,3.476491185
784,15696906,1,4.042648968,9.264933669,498.0839446,0,498.0856506,512.0440027,0.009987571023,1,0.001564910947,-0.0007905842522,3.912242262,3.910671109,1,-0.07164551801,-0.07164551801,3.476491185,3.476491185
785,15719205,1,3.402580976,9.342221292,497.4437215,0,497.4458928,512.0441578,0.009987571023,1,0.003046026597,0.0007399217736,3.912581805,3.911304634,1,-0.07164551801,-0.07164551801,3.476491185,3.476491185
786,15736952,1,3.180022805,9.380545733,497.2214735,0,497.223955,512.044468,0.009987571023,1,0.004403093329,0.002201614977,3.913730214,3.912102748,1,-0.07164551801,-0.07164551801,3.476491185,3.476491185
787,15756848,1,3.074094422,9.416315211,497.1144595,0,497.1174062,512.0441578,0.009987571023,1,0.005761556165,0.003605344971,3.914108302,3.91279461,1,-0.07164551801,-0.07164551801,3.476491185,3.476491185
788,15776934,1,3.199409405,9.471885651,497.1023622,0,497.0989502,512.0441578,0.009987571023,1,0.007231393909,0.005049284105,3.914295023,3.913321634,1,-0.07164551801,-0.07164551801,3.476491185,3.476491185
789,15797823,1,3.184675589,9.52617861,497.1636239,0,497.1572651,512.0441578,0.009987571023,1,0.008797727166,0.006547633153,3.914295057,3.913672066,1,-0.07164551801,-0.07164551801,3.476491185,3.476491185
790,15820020,1,3.183745033,9.547257052,497.1991401,0,497.1949526,512.0441578,0.009987571023,0,NaN,NaN,NaN,NaN,0,NaN,NaN,NaN,NaN
791,15836979,1,3.183279754,9.550450756,497.2118578,0,497.2093763,512.0443129,0.009987571023,0,NaN,NaN,NaN,NaN,0,NaN,NaN,NaN,NaN
792,15857303,1,3.312006779,9.552366978,497.2182166,0,497.2165105,512.0440027,0.009987571023,0,NaN,NaN,NaN,NaN,0,NaN,NaN,NaN,NaN
793,15877768,1,4.089642087,9.5542832,497.2208531,0,497.218992,511.8743312,0.009987571023,1,0.01425742658,0.00847508151,3.915061194,3.913949891,1,-0.07164551801,-0.07164551801,3.476491185,3.476491185
794,15897651,1,6.118876304,9.556838163,497.2219388,0,497.2200777,510.9277999,0.009987571023,1,0.01631993481,0.01265038592,3.915414405,3.914610782,1,-0.07164551801,-0.07164551801,3.476491185,3.476491185
795,15920063,1,9.18769757,9.570251717,497.2219388,0,497.2220939,508.4970304,0.009987571023,1,0.01794460693,0.01477582947,3.915787273,3.915004278,1,-0.07164551801,-0.07164551801,3.476491185,3.476491185
796,15937527,1,11.46601083,9.577916605,497.222249,0,497.2227143,506.2742403,0.009987571023,1,0.01843032918,0.0156894544,3.915909837,3.915185389,1,-0.07164551801,-0.07164551801,3.476491185,3.476491185
797,15956821,1,14.37787818,9.586858975,497.2220939,0,497.2247305,503.3693522,0.009987571023,1,0.01971926546,0.01735499128,3.915974611,3.915469501,1,-0.07164551801,-0.07164551801,3.476491185,3.476491185
798,15977119,1,17.07587256,9.594523863,497.2220939,0,497.2247305,500.6262258,0.009987571023,1,0.02166649418,0.01914125977,3.916347845,3.915785677,1,-0.07164551801,-0.07164551801,3.476491185,3.476491185
799,15996849,1,17.80124159,9.596440085,497.2219388,0,497.2247305,498.9226865,0.009987571023,1,0.02284195835,0.02064687202,3.916347846,3.915988058,1,-0.07164551801,-0.07164551801,3.476491185,3.476491185
800,16019000,1,17.99479741,9.600272529,497.2217837,0,497.2248856,498.2705212,0.009987571023,1,0.02414612583,0.02204668953,3.916347846,3.916117581,1,-0.07164551801,-0.07164551801,3.476491185,3.476491185
801,16036401,1,17.99433213,9.602188751,497.2217837,0,497.2248856,498.2139123,0.009987571023,0,NaN,NaN,NaN,NaN,0,NaN,NaN,NaN,NaN
802,16057509,1,17.99510759,9.603466233,497.2217837,0,497.2248856,498.2160836,0.009987571023,1,0.02584361417,0.02299592069,3.916367514,3.916167568,1,-0.07164551801,-0.07164551801,3.476491185,3.476491185
803,16082761,1,18.02798727,9.605382455,497.2217837,0,497.2248856,498.2053822,0.009987571023,0,NaN,NaN,NaN,NaN,0,NaN,NaN,NaN,NaN
804,16096091,1,18.02457522,9.607937418,497.2217837,0,497.2248856,498.1990234,0.009987571023,0,NaN,NaN,NaN,NaN,0,NaN,NaN,NaN,NaN
805,16118097,1,18.0206979,9.611131121,497.2216286,0,497.2248856,498.2024355,0.009987571023,0,NaN,NaN,NaN,NaN,0,NaN,NaN,NaN,NaN
806,16137067,1,18.04690859,9.613686084,497.2219388,0,497.2248856,498.1993336,0.009987571023,1,0.03076002423,0.02909516093,3.918027392,3.917867109,1,-0.07164551801,-0.07164551801,3.476491185,3.476491185
807,16156118,1,17.92717694,9.616241047,497.2217837,0,497.2248856,498.1987133,0.009987571023,1,0.03167854805,0.03013938118,3.917840784,3.917857723,1,-0.07164551801,-0.07164551801,3.476491185,3.476491185
808,16176041,1,17.49152126,9.626460898,497.2217837,0,497.2248856,498.1942156,0.009987571023,1,0.0328446297,0.03123380905,3.917840783,3.917851624,1,-0.07164551801,-0.07164551801,3.476491185,3.476491185
809,16196311,1,17.22770841,9.636042008,497.2217837,0,497.2248856,498.1909586,0.009987571023,1,0.03399660924,0.03233634614,3.917840783,3.917847721,1,-0.07164551801,-0.07164551801,3.476491185,3.476491185
810,16221348,1,17.09138184,9.648816822,497.2217837,0,497.2248856,498.1875466,0.009987571023,1,0.03510784451,0.03343009319,3.911184747,3.916155615,1,-0.07164551801,-0.07164551801,3.476491185,3.476491185
811,16236732,1,17.05896744,9.653926747,497.2217837,0,497.2248856,498.1858405,0.009987571023,1,0.03565704002,0.03433819507,3.910951599,3.914309635,1,-0.07164551801,-0.07164551801,3.476491185,3.476491185
812,16256751,1,17.03756463,9.660314154,497.2217837,0,497.2248856,498.1835142,0.009987571023,1,0.03630107364,0.0351295761,3.910067687,3.912834678,1,-0.07164551801,-0.07164551801,3.476491185,3.476491185
813,16276756,1,17.02872434,9.66606282,497.2217837,0,497.2248856,498.1818081,0.009987571023,1,0.0367540849,0.03580305588,3.909630024,3.911714832,1,-0.07164551801,-0.07164551801,3.476491185,3.476491185
814,16297219,1,17.02500212,9.669895264,497.2217837,0,497.2248856,498.1802572,0.009987571023,1,0.03719084227,0.03637303967,3.909629628,3.910964158,1,-0.07164551801,-0.07164551801,3.476491185,3.476491185
815,16319972,1,17.02283082,9.673727708,497.2217837,0,497.2248856,498.1788614,0.009987571023,1,0.0373549136,0.03661850815,3.909629628,3.910697252,1,-0.07164551801,-0.07164551801,3.476491185,3.476491185
816,16336864,1,17.02190026,9.676282671,497.2217837,0,497.2248856,498.1777757,0.009987571023,0,NaN,NaN,NaN,NaN,0,NaN,NaN,NaN,NaN
817,16357232,1,17.0211248,9.678837634,497.2217837,0,497.2248856,498.1773104,0.009987571023,1,0.03798044527,0.03778669006,3.909629628,3.909629628,1,-0.07164551801,-0.07164551801,3.476491185,3.476491185
818,16376825,1,17.0209697,9.681392597,497.2217837,0,497.2248856,498.1771554,0.009987571023,1,0.03809006619,0.03790816009,3.909443014,3.909563677,1,-0.07164551801,-0.07164551801,3.476491185,3.476491185
819,16397197,1,16.99537939,9.683947559,497.1949526,0,497.2047235,498.1768452,0.009987571023,1,0.03818078609,0.03801937909,3.909684486,3.909598245,1,-0.07164551801,-0.07164551801,3.476491185,3.476491185
820,16419821,1,16.92512235,9.685225041,497.1245405,0,497.1321401,498.1766901,0.009987571023,1,0.03842453126,0.03816897978,3.912977371,3.910658498,1,-0.07164551801,-0.07164551801,3.476491185,3.476491185
821,16437308,1,16.866032,9.686502522,497.0628136,0,497.0705682,498.176535,0.009987571023,1,0.03864766836,0.03834869083,3.913969138,3.911693412,1,-0.07164551801,-0.07164551801,3.476491185,3.476491185
822,16457459,1,16.76336056,9.701832299,496.9618482,0,496.9686722,498.1766901,0.009987571023,1,0.03903013719,0.03860540571,3.91540439,3.912938268,1,-0.07164551801,-0.07164551801,3.476491185,3.476491185
823,16476777,1,16.64797152,9.729936889,496.84801,0,496.8545239,498.1770003,0.009987571023,1,0.03937914321,0.03890915951,3.918106889,3.914468059,1,-0.07164551801,-0.07164551801,3.476491185,3.476491185
824,16496339,1,16.49784168,9.760596442,496.6943131,0,496.6994311,498.1771554,0.009987571023,1,0.0398527782,0.03928131781,3.919955775,3.916372266,1,-0.07164551801,-0.07164551801,3.476491185,3.476491185
825,16521468,1,16.23620013,9.825109251,496.4340674,0,496.4396507,498.1773104,0.009987571023,1,0.04081133064,0.03983526986,3.921281357,3.918057975,1,-0.07164551801,-0.07164551801,3.476491185,3.476491185
826,16536182,1,16.06807953,9.890899542,496.2662569,0,496.2743218,498.1774655,0.009987571023,1,0.04153006891,0.04048950488,3.92167676,3.919313814,1,-0.07164551801,-0.07164551801,3.476491185,3.476491185
827,16556623,1,15.7132272,9.995014274,495.9138861,0,495.9176083,498.1776206,0.009987571023,1,0.04212597452,0.04089862229,3.921759733,3.919802998,1,-0.07164551801,-0.07164551801,3.476491185,3.476491185
828,16576235,1,15.30688406,10.07996679,495.5056818,0,495.5101795,498.1776206,0.009987571023,1,0.0432335324,0.04181298515,3.921945203,3.920544518,1,-0.07164551801,-0.07164551801,3.476491185,3.476491185
829,16596652,1,14.7372282,10.1713067,494.9374218,0,494.9392829,498.1779308,0.009987571023,1,0.0432335324,0.04263423903,3.921945203,3.921228052,1,-0.07164551801,-0.07164551801,3.476491185,3.476491185
830,16619100,1,14.10506994,10.24220692,494.3040228,0,494.306039,498.1779308,0.009987571023,1,0.0432335324,0.04289642988,3.921945203,3.921486226,1,-0.07164551801,-0.07164551801,3.476491185,3.476491185
831,16637281,1,13.70399995,10.28053136,493.9031079,0,493.9071403,498.1780859,0.009987571023,1,0.04811798065,0.04426502429,3.921946357,3.921651689,1,-0.07164551801,-0.07164551801,3.476491185,3.476491185
832,16656173,1,13.39970788,10.30799721,493.6003668,0,493.6016075,498.1780859,0.009987571023,1,0.04930805281,0.04632965309,3.921946361,3.921757771,1,-0.07164551801,-0.07164551801,3.476491185,3.476491185
833,16676131,1,12.68473006,10.32652069,492.8847686,0,492.8875603,498.1780859,0.009987571023,1,0.0505937265,0.04807373753,3.921946361,3.921825663,1,-0.07164551801,-0.07164551801,3.476491185,3.476491185
834,16696779,1,11.46787194,10.34121173,491.6694614,0,491.670392,498.178241,0.009987571023,1,0.05193908901,0.04964230152,3.921946361,3.921869114,1,-0.07164551801,-0.07164551801,3.476491185,3.476491185
835,16717947,1,10.14648127,10.3533478,490.3438832,0,490.3460545,498.178241,0.009987571023,1,0.0533622159,0.05110860278,3.921946361,3.921896923,1,-0.07164551801,-0.07164551801,3.476491185,3.476491185
836,16736185,1,9.067810835,10.36101269,489.2658332,0,489.2714165,498.1785512,0.009987571023,1,0.05448262594,0.05247400334,3.921946361,3.92191472,1,-0.07164551801,-0.07164551801,3.476491185,3.476491185
837,16757243,1,7.820709617,10.36548387,488.0153199,0,488.0202829,498.1783961,0.009987571023,1,0.05565444544,0.05375227286,3.922637715,3.922083878,1,-0.07164551801,-0.07164551801,3.476491185,3.476491185
838,16777615,1,6.749328543,10.36867758,486.9495222,0,486.9530893,498.1783961,0.009987571023,1,0.05681736094,0.05497954891,3.923700676,3.922587447,1,-0.07164551801,-0.07164551801,3.476491185,3.476491185
839,16796556,1,5.797213833,10.3737875,485.9958565,0,485.9989584,498.1783961,0.009987571023,1,0.05776429101,0.0560925904,3.924987164,3.923311101,1,-0.07164551801,-0.07164551801,3.476491185,3.476491185
840,16819446,1,4.686129002,10.38975602,484.8839962,0,484.8863226,498.1783961,0.009987571023,1,0.05777266447,0.05682761003,3.938592159,3.927433819,1,-0.07164551801,-0.07164551801,3.476491185,3.476491185
841,16836733,1,3.978130363,10.41338942,484.175067,0,484.1789444,498.1785512,0.009987571023,1,0.05777266448,0.05724107135,3.946049338,3.933488415,1,-0.07164551801,-0.07164551801,3.476491185,3.476491185
842,16857205,1,3.420416648,10.51239423,483.6140964,0,483.6182839,498.1785512,0.009987571023,1,0.05777266448,0.05747364334,3.950880683,3.93938571,1,-0.07164551801,-0.07164551801,3.476491185,3.476491185
843,16877004,1,3.181108455,10.71295881,483.3788206,0,483.3831632,498.1785512,0.009987571023,1,0.05777266448,0.05760446509,3.953266511,3.944178733,1,-0.07164551801,-0.07164551801,3.476491185,3.476491185
844,16896660,1,3.076575907,10.99144975,483.2736677,0,483.2787857,498.1785512,0.009987571023,1,0.05777266448,0.05767805232,3.954648927,3.947856861,1,-0.07164551801,-0.07164551801,3.476491185,3.476491185
845,16918191,1,3.186226517,11.30634891,483.2679292,0,483.2666885,498.1783961,0.009987571023,1,0.05777266448,0.05771944514,3.955164215,3.950486259,1,-0.07164551801,-0.07164551801,3.476491185,3.476491185
846,16936983,1,3.185761239,11.49477741,483.3203506,0,483.3180242,498.1783961,0.009987571023,1,0.05777266448,0.0577427286,3.953746805,3.951863437,1,-0.07164551801,-0.07164551801,3.476491185,3.476491185
847,16957164,1,3.184985775,11.60080836,483.3530752,0,483.3524548,498.1783961,0.009987571023,0,NaN,NaN,NaN,NaN,0,NaN,NaN,NaN,NaN
848,16976214,1,3.184520497,11.6391328,483.367809,0,483.3679641,498.1783961,0.009987571023,0,NaN,NaN,NaN,NaN,0,NaN,NaN,NaN,NaN
849,16997465,1,3.352641094,11.66851487,483.3749433,0,483.3755636,498.1783961,0.009987571023,0,NaN,NaN,NaN,NaN,0,NaN,NaN,NaN,NaN
850,17020055,1,4.372221172,11.69534198,483.3774248,0,483.3783553,498.119771,0.009987571023,1,0.05660984498,0.05745950769,3.950499511,3.951590652,1,-0.07164551801,-0.07164551801,3.476491185,3.476491185
851,17037325,1,6.245276937,11.70875554,483.3785104,0,483.379441,497.6507704,0.009987571023,1,0.05581217784,0.05681915241,3.950128538,3.951093744,1,-0.07164551801,-0.07164551801,3.476491185,3.476491185
852,17057113,1,8.799345195,11.71897539,483.3788206,0,483.3809919,496.2718403,0.009987571023,1,0.05392259072,0.05549912565,3.949939156,3.950583988,1,-0.07164551801,-0.07164551801,3.476491185,3.476491185
853,17076826,1,11.61831196,11.72664028,483.3791308,0,483.3819224,493.8215291,0.009987571023,1,0.05211446108,0.05423282195,3.949752351,3.950305675,1,-0.07164551801,-0.07164551801,3.476491185,3.476491185
854,17096189,1,14.37167447,11.72791776,483.3792859,0,483.3826979,491.1201227,0.009987571023,1,0.05014446247,0.05263413107,3.949752318,3.950106466,1,-0.07164551801,-0.07164551801,3.476491185,3.476491185
855,17117906,1,17.25221307,11.72919524,483.3791308,0,483.3833183,487.9174563,0.009987571023,1,0.0487302296,0.0516581557,3.949752318,3.950035637,1,-0.07164551801,-0.07164551801,3.476491185,3.476491185
856,17137028,1,17.82884811,11.72983398,483.3789757,0,483.3834734,485.7731433,0.009987571023,0,NaN,NaN,NaN,NaN,0,NaN,NaN,NaN,NaN
857,17156760,1,17.9949525,11.73047272,483.3789757,0,483.3837836,484.6588015,0.009987571023,1,0.04142933439,0.04632674427,3.949938935,3.949988446,1,-0.07164551801,-0.07164551801,3.476491185,3.476491185
858,17176904,1,17.99417703,11.73111146,483.3789757,0,483.3837836,484.3790141,0.009987571023,1,0.03955881749,0.04463476258,3.950021567,3.94999507,1,-0.07164551801,-0.07164551801,3.476491185,3.476491185
859,17196341,1,17.99510759,11.7317502,483.3789757,0,483.3837836,484.3748266,0.009987571023,1,0.03382192033,0.04193155201,3.951948043,3.950385665,1,-0.07164551801,-0.07164551801,3.476491185,3.476491185
860,17219447,1,18.02814236,11.73238894,483.3789757,0,483.3837836,484.3759122,0.009987571023,0,NaN,NaN,NaN,NaN,0,NaN,NaN,NaN,NaN
861,17237022,1,18.02426504,11.73302768,483.3788206,0,483.3837836,484.3549747,0.009987571023,0,NaN,NaN,NaN,NaN,0,NaN,NaN,NaN,NaN
862,17256889,1,18.02054281,11.73302768,483.3789757,0,483.3837836,484.3608682,0.009987571023,1,0.02318111932,0.02794098243,3.953106632,3.952659439,1,-0.07164551801,-0.07164551801,3.476491185,3.476491185
863,17276603,1,18.04861461,11.73622139,483.3789757,0,483.3839387,484.3540441,0.009987571023,1,0.01755359468,0.02300259076,3.952750545,3.952793848,1,-0.07164551801,-0.07164551801,3.476491185,3.476491185
864,17296693,1,18.04628822,11.75602235,483.3791308,0,483.3839387,484.3498566,0.009987571023,1,0.01326512637,0.01907286507,3.951385964,3.952374465,1,-0.07164551801,-0.07164551801,3.476491185,3.476491185
865,17319274,1,18.05125119,11.76688094,483.3791308,0,483.3839387,484.3452038,0.009987571023,1,0.007720111898,0.01462228417,3.94337551,3.949846706,1,-0.07164551801,-0.07164551801,3.476491185,3.476491185
866,17336693,1,18.05249193,11.77326835,483.3789757,0,483.3839387,484.3425673,0.009987571023,1,0.003483940693,0.01015726802,3.941093631,3.946838328,1,-0.07164551801,-0.07164551801,3.476491185,3.476491185
867,17356750,1,18.05419795,11.77837827,483.3791308,0,483.3839387,484.3394654,0.009987571023,1,-0.001300480719,0.005608906545,3.937992279,3.943934201,1,-0.07164551801,-0.07164551801,3.476491185,3.476491185
868,17376991,1,18.05543869,11.78093324,483.3791308,0,483.3839387,484.337139,0.009987571023,1,-0.006458346495,0.0007973750765,3.935964555,3.941216428,1,-0.07164551801,-0.07164551801,3.476491185,3.476491185
869,17397253,1,18.05652434,11.78221072,483.3789757,0,483.3839387,484.3348126,0.009987571023,1,-0.01157764522,-0.00409370599,3.934823402,3.938957742,1,-0.07164551801,-0.07164551801,3.476491185,3.476491185
870,17419762,1,18.0572998,11.78221072,483.3789757,0,483.3839387,484.3327964,0.009987571023,1,-0.01676752657,-0.009022980104,3.934102351,3.937296209,1,-0.07164551801,-0.07164551801,3.476491185,3.476491185
871,17436923,1,18.05792018,11.78221072,483.3791308,0,483.3839387,484.3314006,0.009987571023,1,-0.01906384165,-0.01153319549,3.933530031,3.936542974,1,-0.07164551801,-0.07164551801,3.476491185,3.476491185
872,17457232,1,18.05854055,11.78284946,483.3789757,0,483.3839387,484.3298496,0.009987571023,1,-0.02439799984,-0.01798104893,3.932770169,3.934762901,1,-0.07164551801,-0.07164551801,3.476491185,3.476491185
873,17476841,1,18.05885073,11.78284946,483.3789757,0,483.3839387,484.3284538,0.009987571023,1,-0.02666440939,-0.02015188905,3.933106761,3.934431673,1,-0.07164551801,-0.07164551801,3.476491185,3.476491185
874,17496571,1,18.0594711,11.7834882,483.3791308,0,483.3839387,484.3276783,0.009987571023,1,-0.03162273182,-0.02595349959,3.933514265,3.933906242,1,-0.07164551801,-0.07164551801,3.476491185,3.476491185
875,17519646,1,18.05978129,11.7834882,483.3791308,0,483.3839387,484.3262825,0.009987571023,1,-0.03544502891,-0.0296488161,3.933516625,3.933765978,1,-0.07164551801,-0.07164551801,3.476491185,3.476491185
876,17537234,1,18.05993638,11.7834882,483.3789757,0,483.3839387,484.3258172,0.009987571023,1,-0.03782159525,-0.03295554503,3.934075885,3.933820245,1,-0.07164551801,-0.07164551801,3.476491185,3.476491185
877,17556747,1,18.06024657,11.7834882,483.3791308,0,483.3839387,484.3250418,0.009987571023,1,-0.03930263141,-0.03454231662,3.934828982,3.934021992,1,-0.07164551801,-0.07164551801,3.476491185,3.476491185
878,17577552,1,18.06040166,11.78412694,483.3791308,0,483.3839387,484.3245765,0.009987571023,1,-0.04155973612,-0.03734239294,3.935754781,3.934550671,1,-0.07164551801,-0.07164551801,3.476491185,3.476491185
879,17596125,1,18.06055675,11.78412694,483.3789757,0,483.3839387,484.3239561,0.009987571023,1,-0.04408602784,-0.04084902175,3.938854921,3.936016808,1,-0.07164551801,-0.07164551801,3.476491185,3.476491185
880,17618066,1,18.06086694,11.78412694,483.3791308,0,483.3839387,484.3234908,0.009987571023,1,-0.04465145729,-0.0425125873,3.939756104,3.937362955,1,-0.07164551801,-0.07164551801,3.476491185,3.476491185
881,17636927,1,18.06133222,11.78412694,483.3791308,0,483.3839387,484.3231807,0.009987571023,1,-0.04465145729,-0.04344834292,3.939756104,3.938224488,1,-0.07164551801,-0.07164551801,3.476491185,3.476491185
882,17656302,1,18.06148731,11.78412694,483.3789757,0,483.3839387,484.3227154,0.009987571023,1,-0.04465145729,-0.04397470545,3.939756104,3.93877587,1,-0.07164551801,-0.07164551801,3.476491185,3.476491185
883,17676796,1,18.0616424,11.78412694,483.3791308,0,483.3839387,484.3222501,0.009987571023,1,-0.0476779944,-0.04502741866,3.947262362,3.940630006,1,-0.07164551801,-0.07164551801,3.476491185,3.476491185
884,17697490,1,18.0617975,11.78412694,483.3791308,0,483.3839387,484.322095,0.009987571023,1,-0.04770017469,-0.04620055016,3.948205893,3.943271,1,-0.07164551801,-0.07164551801,3.476491185,3.476491185
885,17718501,1,18.06195259,11.78412694,483.3791308,0,483.3839387,484.3217848,0.009987571023,1,-0.04742667948,-0.04677278001,3.94949881,3.945373353,1,-0.07164551801,-0.07164551801,3.476491185,3.476491185
886,17736071,1,18.06195259,11.78412694,483.3791308,0,483.3839387,484.3216297,0.009987571023,1,-0.04697776409,-0.04690883524,3.951408211,3.947392734,1,-0.07164551801,-0.07164551801,3.476491185,3.476491185
887,17756992,1,18.06210768,11.78412694,483.3791308,0,483.3839387,484.3213195,0.009987571023,1,-0.04610313607,-0.04665425221,3.953774927,3.949503471,1,-0.07164551801,-0.07164551801,3.476491185,3.476491185
888,17777353,1,17.92702185,11.78412694,483.3791308,0,483.3839387,484.3211645,0.009987571023,1,-0.04510286985,-0.04610214828,3.955534568,3.951482482,1,-0.07164551801,-0.07164551801,3.476491185,3.476491185
889,17796821,1,17.50206757,11.78412694,483.3791308,0,483.3839387,484.3208543,0.009987571023,1,-0.0440750434,-0.045322522,3.956669969,3.953258465,1,-0.07164551801,-0.07164551801,3.476491185,3.476491185
890,17819970,1,17.22910424,11.78412694,483.3791308,0,483.3839387,484.320389,0.009987571023,1,-0.04280958907,-0.04435225445,3.958858245,3.955066166,1,-0.07164551801,-0.07164551801,3.476491185,3.476491185
891,17836142,1,17.14706015,11.78412694,483.3791308,0,483.3839387,484.3200788,0.009987571023,1,-0.04170483944,-0.04331043813,3.96214825,3.957285192,1,-0.07164551801,-0.07164551801,3.476491185,3.476491185
892,17857192,1,17.09494897,11.78412694,483.3791308,0,483.3839387,484.3199237,0.009987571023,1,-0.04034514487,-0.04215965638,3.967904901,3.960545187,1,-0.07164551801,-0.07164551801,3.476491185,3.476491185
893,17876346,1,17.0771133,11.78412694,483.3791308,0,483.3839387,484.3196135,0.009987571023,1,-0.03976274501,-0.04156042853,3.971322611,3.962700672,1,-0.07164551801,-0.07164551801,3.476491185,3.476491185
894,17897011,1,17.06873829,11.78412694,483.3791308,0,483.3839387,484.3194584,0.009987571023,1,-0.03807233872,-0.03986090308,3.983857823,3.970924775,1,-0.07164551801,-0.07164551801,3.476491185,3.476491185
895,17918619,1,17.06548134,11.78412694,483.3791308,0,483.3839387,484.3193033,0.009987571023,1,-0.03668125049,-0.03861587846,3.994123329,3.978386698,1,-0.07164551801,-0.07164551801,3.476491185,3.476491185
896,17937569,1,17.0640855,11.78476568,483.3791308,0,483.3839387,484.3193033,0.009987571023,1,-0.03630601058,-0.03803841149,3.997083002,3.982125959,1,-0.07164551801,-0.07164551801,3.476491185,3.476491185
897,17956095,1,17.06346513,11.78476568,483.3791308,0,483.3839387,484.3191482,0.009987571023,0,NaN,NaN,NaN,NaN,0,NaN,NaN,NaN,NaN
898,17976074,1,17.06299985,11.78476568,483.3791308,0,483.3839387,484.3191482,0.009987571023,1,-0.03355435835,-0.0346367652,4.024889562,4.011364409,1,-0.07164551801,-0.07164551801,3.476491185,3.476491185
899,17996874,1,17.06284476,11.78476568,483.3791308,0,483.3839387,484.3191482,0.009987571023,1,-0.03250292473,-0.03381126351,4.03852576,4.019878357,1,-0.07164551801,-0.07164551801,3.476491185,3.476491185
900,18019567,1,16.86122412,11.84033612,483.1778203,0,483.1892972,484.3191482,0.009987571023,1,-0.03135770559,-0.032882117,4.057768797,4.03135819,1,-0.07164551801,-0.07164551801,3.476491185,3.476491185
901,18036986,1,16.52637876,12.03515203,482.8440606,0,482.8539865,484.3191482,0.009987571023,1,-0.03062059456,-0.03197151531,4.072802026,4.044886491,1,-0.07164551801,-0.07164551801,3.476491185,3.476491185
902,18056119,1,15.97936645,12.40881533,482.2945668,0,482.3018562,484.3189932,0.009987571023,1,-0.02978661147,-0.03108195301,4.088886299,4.059684203,1,-0.07164551801,-0.07164551801,3.476491185,3.476491185
903,18076428,1,15.32068732,13.00603787,481.6360428,0,481.6441076,484.3189932,0.009987571023,1,-0.02880047609,-0.03017350226,4.103472698,4.074401017,1,-0.07164551801,-0.07164551801,3.476491185,3.476491185
904,18096210,1,14.65177207,13.73292478,480.9668173,0,480.9744169,484.3189932,0.009987571023,1,-0.0278590736,-0.02924363999,4.116244114,4.088537033,1,-0.07164551801,-0.07164551801,3.476491185,3.476491185
905,18117530,1,13.91228959,14.57989493,480.2273349,0,480.2350895,484.3189932,0.009987571023,1,-0.02694092885,-0.02831828301,4.132048708,4.102867185,1,-0.07164551801,-0.07164551801,3.476491185,3.476491185
906,18136780,1,13.27160122,15.32338909,479.5866465,0,479.5936257,484.3189932,0.009987571023,1,-0.02606740172,-0.02742690099,4.149859032,4.118142868,1,-0.07164551801,-0.07164551801,3.476491185,3.476491185
907,18157024,1,12.58531558,16.12692487,478.8997405,0,478.9054789,484.3189932,0.009987571023,1,-0.02520670174,-0.02655762318,4.168197141,4.134286237,1,-0.07164551801,-0.07164551801,3.476491185,3.476491185
908,18176619,1,11.90321743,16.96814636,478.2164016,0,478.2226053,484.3189932,0.009987571023,1,-0.02438844292,-0.02570243547,4.182497865,4.150335159,1,-0.07164551801,-0.07164551801,3.476491185,3.476491185
909,18197092,1,11.22918412,17.85344095,477.5437641,0,477.5495025,484.3189932,0.009987571023,1,-0.02336780918,-0.02479939716,4.194473576,4.165141717,1,-0.07164551801,-0.07164551801,3.476491185,3.476491185
910,18217835,1,10.55654664,18.79111228,476.8712817,0,476.8782609,484.3191482,0.009987571023,1,-0.02242790417,-0.0238591429,4.202324114,4.177853193,1,-0.07164551801,-0.07164551801,3.476491185,3.476491185
911,18236422,1,9.975258817,19.56462725,476.2899939,0,476.2954222,484.3189932,0.009987571023,1,-0.02194574472,-0.02338079335,4.206541819,4.183590918,1,-0.07164551801,-0.07164551801,3.476491185,3.476491185
912,18256094,1,9.291919933,20.38029911,475.6041735,0,475.6103772,484.3191482,0.009987571023,1,-0.02079839533,-0.02205647915,4.218329731,4.198856502,1,-0.07164551801,-0.07164551801,3.476491185,3.476491185
913,18277141,1,8.543907351,21.1729763,474.8605036,0,474.8663971,484.3191482,0.009987571023,1,-0.01985630448,-0.02117378225,4.228734095,4.20889773,1,-0.07164551801,-0.07164551801,3.476491185,3.476491185
914,18296775,1,7.874526819,21.85131891,474.187711,0,474.19438,484.3191482,0.009533590522,1,-0.01905777256,-0.02033936066,4.23756238,4.2183372,1,-0.07164551801,-0.07164551801,3.476491185,3.476491185
915,18317866,1,7.175678654,22.51305426,473.4913443,0,473.4964624,484.3189932,0.009987571023,1,-0.01820657272,-0.01949539344,4.245354736,4.227399719,1,-0.07164551801,-0.07164551801,3.476491185,3.476491185
916,18336955,1,6.580742667,23.05917755,472.8948574,0,472.8987347,484.3191482,0.009987571023,1,-0.01743947098,-0.01867487707,4.250899585,4.235394993,1,-0.07164551801,-0.07164551801,3.476491185,3.476491185
917,18356110,1,5.969366843,23.58805484,472.2834816,0,472.2907709,484.3191482,0.009987571023,1,-0.0167684281,-0.01790237933,4.254723583,4.242093943,1,-0.07164551801,-0.07164551801,3.476491185,3.476491185
918,18376560,1,5.334106728,24.11757087,471.6471358,0,471.6542701,484.3191482,0.009987571023,1,-0.01586245252,-0.01708603047,4.257444098,4.247455759,1,-0.07164551801,-0.07164551801,3.476491185,3.476491185
919,18396072,1,4.724902203,24.59151646,471.0394822,0,471.045841,484.3191482,0.009987571023,1,-0.01512447715,-0.01630400802,4.258416642,4.251359511,1,-0.07164551801,-0.07164551801,3.476491185,3.476491185
920,18419891,1,3.995966035,25.07632064,470.3094604,0,470.3128724,484.3191482,0.009987571023,1,-0.01418207431,-0.01546113083,4.259495744,4.254202281,1,-0.07164551801,-0.07164551801,3.476491185,3.476491185
921,18436983,1,3.544956168,25.34459173,469.8606218,0,469.8654297,484.3191482,0.009987571023,1,-0.01353704743,-0.01469825487,4.259536814,4.256122684,1,-0.07164551801,-0.07164551801,3.476491185,3.476491185
922,18456783,1,3.236321492,25.58667445,469.5522973,0,469.5569501,484.3191482,0.009987571023,1,-0.01279479851,-0.01394166469,4.259536814,4.257351771,1,-0.07164551801,-0.07164551801,3.476491185,3.476491185
923,18476879,1,3.099839827,25.77318673,469.4103874,0,469.416436,484.3191482,0.009987571023,1,-0.01213888607,-0.01322283532,4.259536814,4.258138386,1,-0.07164551801,-0.07164551801,3.476491185,3.476491185
924,18496784,1,3.041680026,25.90987724,469.3547091,0,469.3593619,484.3191482,0.009987571023,1,-0.01141218826,-0.01248881213,4.259536814,4.25864182,1,-0.07164551801,-0.07164551801,3.476491185,3.476491185
925,18518936,1,3.164513525,25.99482975,469.3984453,0,469.3998411,484.3191482,0.009987571023,1,-0.01073304826,-0.01179038773,4.259536814,4.258964018,1,-0.07164551801,-0.07164551801,3.476491185,3.476491185
926,18536960,1,3.163893154,26.0222956,469.4359777,0,469.4372185,484.3191482,0.009987571023,1,-0.01011120095,-0.01111679682,4.259536814,4.259170224,1,-0.07164551801,-0.07164551801,3.476491185,3.476491185
927,18556838,1,3.163582968,26.03762538,469.4578458,0,469.4593967,484.3191482,0.009987571023,0,NaN,NaN,NaN,NaN,0,NaN,NaN,NaN,NaN
928,18577019,1,3.163893154,26.04912271,469.4673065,0,469.469788,484.3191482,0.009987571023,0,NaN,NaN,NaN,NaN,0,NaN,NaN,NaN,NaN
929,18596111,1,3.331548472,26.05870382,469.4710287,0,469.4739755,484.3189932,0.009987571023,0,NaN,NaN,NaN,NaN,0,NaN,NaN,NaN,NaN
930,18620011,1,4.512114879,26.07083989,469.4733551,0,469.4759917,484.0744118,0.009987571023,1,-0.007418304796,-0.009550495044,4.258790345,4.259033468,1,-0.07164551801,-0.07164551801,3.476491185,3.476491185
931,18636516,1,6.22495978,26.07978226,469.4738204,0,469.4764569,483.3442349,0.009987571023,1,-0.006906973833,-0.008445597351,4.258790345,4.258945944,1,-0.07164551801,-0.07164551801,3.476491185,3.476491185
932,18657106,1,9.036947367,26.097667,469.4742856,0,469.4780079,481.2810354,0.009987571023,1,-0.00655493839,-0.007632611353,4.258613476,4.258837826,1,-0.07164551801,-0.07164551801,3.476491185,3.476491185
933,18676816,1,11.88863871,26.11363552,469.4742856,0,469.4784731,478.5448881,0.009987571023,1,-0.00655493839,-0.007161129432,4.258613476,4.25875706,1,-0.07164551801,-0.07164551801,3.476491185,3.476491185
934,18696521,1,14.64929058,26.12577159,469.4741305,0,469.4792486,475.7870279,0.009987571023,1,-0.005567879889,-0.006762817046,4.25777205,4.258560058,1,-0.07164551801,-0.07164551801,3.476491185,3.476491185
935,18718103,1,17.39412298,26.13663018,469.4741305,0,469.4794037,472.778848,0.009987571023,1,-0.005084141879,-0.006089185271,4.257670642,4.258239981,1,-0.07164551801,-0.07164551801,3.476491185,3.476491185
936,18736203,1,17.85118147,26.1385464,469.4741305,0,469.4794037,471.2370704,0.009987571023,1,-0.004595911153,-0.005297045128,4.257670642,4.257962144,1,-0.07164551801,-0.07164551801,3.476491185,3.476491185
937,18756503,1,17.99526268,26.14365633,469.4741305,0,469.4794037,470.562882,0.009987571023,1,-0.004238734286,-0.004866315103,4.257670642,4.257857203,1,-0.07164551801,-0.07164551801,3.476491185,3.476491185
938,18777255,1,17.99479741,26.14685003,469.4739755,0,469.4795588,470.4685856,0.009987571023,0,NaN,NaN,NaN,NaN,0,NaN,NaN,NaN,NaN
939,18796736,1,17.99355666,26.14876625,469.4739755,0,469.4795588,470.4704467,0.009987571023,1,-0.003924925332,-0.004630967661,4.257670642,4.257819891,1,-0.07164551801,-0.07164551801,3.476491185,3.476491185
940,18817866,1,18.02798727,26.15004374,469.4739755,0,469.4795588,470.4350855,0.009987571023,0,NaN,NaN,NaN,NaN,0,NaN,NaN,NaN,NaN
941,18836845,1,18.02395485,26.15068248,469.4739755,0,469.4795588,470.4540069,0.009987571023,0,NaN,NaN,NaN,NaN,0,NaN,NaN,NaN,NaN
942,18856554,1,18.02054281,26.15195996,469.4739755,0,469.4795588,470.4574189,0.009987571023,1,-0.004172405026,-0.003932914625,4.25655094,4.25711013,1,-0.07164551801,-0.07164551801,3.476491185,3.476491185
943,18877147,1,18.0465984,26.1525987,469.4739755,0,469.4795588,470.454162,0.009987571023,1,-0.004555509307,-0.004159218449,4.255255103,4.256591841,1,-0.07164551801,-0.07164551801,3.476491185,3.476491185
944,18896860,1,18.03961923,26.15898611,469.4739755,0,469.4795588,470.450905,0.009987571023,1,-0.004992128645,-0.004489197043,4.254810671,4.256020052,1,-0.07164551801,-0.07164551801,3.476491185,3.476491185
945,18917877,1,18.04194562,26.17239966,469.4739755,0,469.4795588,470.4468726,0.009987571023,1,-0.005470850992,-0.004877792427,4.253751682,4.255203607,1,-0.07164551801,-0.07164551801,3.476491185,3.476491185
946,18936777,1,18.04427201,26.1762321,469.4739755,0,469.4795588,470.4437707,0.009987571023,1,-0.005909796109,-0.005278741783,4.253751682,4.254680914,1,-0.07164551801,-0.07164551801,3.476491185,3.476491185
947,18956548,1,18.04582294,26.18070329,469.4739755,0,469.4795588,470.4412893,0.009987571023,1,-0.006447091296,-0.005741768813,4.253751682,4.25434639,1,-0.07164551801,-0.07164551801,3.476491185,3.476491185
948,18976508,1,18.04706368,26.18325825,469.4739755,0,469.4795588,470.4386527,0.009987571023,1,-0.007207096147,-0.006309188672,4.250886279,4.253447334,1,-0.07164551801,-0.07164551801,3.476491185,3.476491185
949,18997103,1,18.04830442,26.18517447,469.4739755,0,469.4795588,470.4364814,0.009987571023,1,-0.008078761422,-0.006978455634,4.24871305,4.251768362,1,-0.07164551801,-0.07164551801,3.476491185,3.476491185
950,19017744,1,18.04907989,26.18581321,469.4739755,0,469.4795588,470.4347754,0.009987571023,1,-0.009050913547,-0.007801313117,4.248526402,4.250601633,1,-0.07164551801,-0.07164551801,3.476491185,3.476491185
951,19036808,1,18.04954516,26.18645196,469.4739755,0,469.4795588,470.4330693,0.009987571023,1,-0.01006251016,-0.008696980045,4.248526401,4.249854549,1,-0.07164551801,-0.07164551801,3.476491185,3.476491185
952,19057025,1,18.05016554,26.18645196,469.4739755,0,469.4795588,470.4319837,0.009987571023,1,-0.01100043297,-0.009644715495,4.248711551,4.249413446,1,-0.07164551801,-0.07164551801,3.476491185,3.476491185
953,19076095,1,18.05047572,26.18645196,469.4739755,0,469.4795588,470.4305879,0.009987571023,1,-0.01173558624,-0.01050977031,4.248713018,4.249161292,1,-0.07164551801,-0.07164551801,3.476491185,3.476491185
954,19097488,1,18.05078591,26.1870907,469.4739755,0,469.4795588,470.4296573,0.009987571023,1,-0.0124752466,-0.01131002192,4.248713018,4.248999913,1,-0.07164551801,-0.07164551801,3.476491185,3.476491185
955,19119950,1,18.05109609,26.1870907,469.4739755,0,469.4795588,470.4287267,0.009987571023,1,-0.01304389356,-0.01201110614,4.249049623,4.248963952,1,-0.07164551801,-0.07164551801,3.476491185,3.476491185
956,19137351,1,18.05125119,26.1870907,469.4739755,0,469.4795588,470.4279513,0.009987571023,1,-0.01338137234,-0.01257498515,4.251638062,4.249569532,1,-0.07164551801,-0.07164551801,3.476491185,3.476491185
957,19157056,1,18.05140628,26.1870907,469.4739755,0,469.4795588,470.4273309,0.009987571023,1,-0.01345914669,-0.01295788811,4.253004927,4.250773245,1,-0.07164551801,-0.07164551801,3.476491185,3.476491185
958,19176620,1,18.05171646,26.1870907,469.4739755,0,469.4795588,470.4267105,0.009987571023,1,-0.01337745698,-0.01315449605,4.253634828,4.251747287,1,-0.07164551801,-0.07164551801,3.476491185,3.476491185
959,19197061,1,18.05202665,26.1870907,469.4739755,0,469.4795588,470.4262453,0.009987571023,1,-0.01299654708,-0.01312380649,4.255235868,4.252833385,1,-0.07164551801,-0.07164551801,3.476491185,3.476491185
960,19219567,1,18.03139931,26.1870907,469.4739755,0,469.4795588,470.4259351,0.009987571023,1,-0.0124674757,-0.01289961261,4.25751781,4.254339541,1,-0.07164551801,-0.07164551801,3.476491185,3.476491185
961,19236915,1,17.66646594,26.1870907,469.4739755,0,469.4795588,470.4254698,0.009987571023,1,-0.01198460115,-0.01255369848,4.261423557,4.256433068,1,-0.07164551801,-0.07164551801,3.476491185,3.476491185
962,19256676,1,17.33425716,26.1870907,469.4739755,0,469.4795588,470.4250045,0.009987571023,1,-0.01132121359,-0.01205667233,4.263529207,4.258912676,1,-0.07164551801,-0.07164551801,3.476491185,3.476491185
963,19276121,1,17.17606251,26.1870907,469.4739755,0,469.4795588,470.4248494,0.009987571023,1,-0.01062765724,-0.01149130173,4.265433598,4.261076989,1,-0.07164551801,-0.07164551801,3.476491185,3.476491185
964,19296647,1,17.10177305,26.1870907,469.4739755,0,469.4795588,470.4245392,0.009987571023,1,-0.009832412305,-0.0108274128,4.267226635,4.263206307,1,-0.07164551801,-0.07164551801,3.476491185,3.476491185
965,19320929,1,17.06951375,26.1870907,469.4739755,0,469.4795588,470.4242291,0.009987571023,1,-0.008759536442,-0.0100362832,4.268077792,4.264877026,1,-0.07164551801,-0.07164551801,3.476491185,3.476491185
966,19336895,1,17.0620693,26.1870907,469.4739755,0,469.4795588,470.424074,0.009987571023,1,-0.008289878887,-0.009599682118,4.268768379,4.265655297,1,-0.07164551801,-0.07164551801,3.476491185,3.476491185
967,19356153,1,17.05664105,26.1870907,469.4739755,0,469.4795588,470.4239189,0.009987571023,1,-0.007062939331,-0.00833492339,4.270508208,4.267763202,1,-0.07164551801,-0.07164551801,3.476491185,3.476491185
968,19376197,1,17.05462484,26.1870907,469.4739755,0,469.4795588,470.4237638,0.009987571023,1,-0.005932255705,-0.007355354266,4.270920287,4.268878698,1,-0.07164551801,-0.07164551801,3.476491185,3.476491185
969,19396622,1,17.05353919,26.1870907,469.4739755,0,469.4795588,470.4234536,0.009987571023,1,-0.005378435491,-0.006861124572,4.271267101,4.269356379,1,-0.07164551801,-0.07164551801,3.476491185,3.476491185
970,19420353,1,17.05276373,26.1870907,469.4739755,0,469.4795588,470.4232985,0.009987571023,0,NaN,NaN,NaN,NaN,0,NaN,NaN,NaN,NaN
971,19436632,1,17.05276373,26.1870907,469.4739755,0,469.4795588,470.4232985,0.009987571023,1,-0.002329122118,-0.003606656837,4.271480312,4.271480305,1,-0.07164551801,-0.07164551801,3.476491185,3.476491185
972,19457110,1,17.05260864,26.1870907,469.4739755,0,469.4795588,470.4231434,0.009987571023,1,-0.001315561551,-0.002711068365,4.271480312,4.271480307,1,-0.07164551801,-0.07164551801,3.476491185,3.476491185
973,19477149,1,16.86789311,26.1870907,469.2900354,0,469.2987206,470.4231434,0.009987571023,1,-6.677880238e-05,-0.0016878858,4.271480312,4.271480309,1,-0.07164551801,-0.07164551801,3.476491185,3.476491185
974,19496835,1,16.46713331,26.1870907,468.8912918,0,468.8978057,470.4231434,0.009987571023,1,0.0008455594785,-0.0006872360844,4.271480312,4.27148031,1,-0.07164551801,-0.07164551801,3.476491185,3.476491185
975,19519336,1,15.72951194,26.1870907,468.1521195,0,468.1573927,470.4231434,0.009987571023,1,0.002044142567,0.0003947829262,4.271480312,4.271480311,1,-0.07164551801,-0.07164551801,3.476491185,3.476491185
976,19536724,1,15.12868243,26.1870907,467.5494289,0,467.5578039,470.4231434,0.009987571023,1,0.002876072941,0.001361804278,4.271480312,4.271480312,1,-0.07164551801,-0.07164551801,3.476491185,3.476491185
977,19556952,1,14.35616519,26.1870907,466.7762913,0,466.784201,470.4232985,0.009987571023,1,0.003788506275,0.00233064878,4.271480312,4.271480312,1,-0.07164551801,-0.07164551801,3.476491185,3.476491185
978,19577180,1,13.60318963,26.1870907,466.0239361,0,466.0316907,470.4232985,0.009987571023,1,0.004798317524,0.00330317196,4.271480312,4.271480312,1,-0.07164551801,-0.07164551801,3.476491185,3.476491185
979,19596083,1,12.89332988,26.1870907,465.3140763,0,465.3212106,470.4232985,0.009987571023,1,0.00568798669,0.00426515853,4.271480312,4.271480312,1,-0.07164551801,-0.07164551801,3.476491185,3.476491185
980,19619871,1,12.01767592,26.1870907,464.4384224,0,464.4438506,470.4232985,0.009987571023,1,0.006889637166,0.005302833245,4.271480312,4.271480312,1,-0.07164551801,-0.07164551801,3.476491185,3.476491185
981,19636571,1,11.45546452,26.1870907,463.8723336,0,463.8786925,470.4232985,0.009987571023,1,0.007705696016,0.006258965869,4.271480312,4.271480312,1,-0.07164551801,-0.07164551801,3.476491185,3.476491185
982,19657468,1,10.63316248,26.1870907,463.0553048,0,463.0598025,470.4232985,0.009987571023,1,0.0079555163,0.007001206683,4.271480312,4.271480312,1,-0.07164551801,-0.07164551801,3.476491185,3.476491185
983,19677170,1,9.910274933,26.1870907,462.3285399,0,462.3345885,470.4232985,0.009987571023,1,0.009872771033,0.007898030823,4.271480312,4.271480312,1,-0.07164551801,-0.07164551801,3.476491185,3.476491185
984,19696864,1,9.282304179,26.1870907,461.7024303,0,461.7092543,470.4232985,0.009987571023,1,0.0108563604,0.009089865618,4.271480312,4.271480312,1,-0.07164551801,-0.07164551801,3.476491185,3.476491185
985,19719554,1,8.506840171,26.1870907,460.9255704,0,460.9317741,470.4232985,0.009987571023,1,0.01191079115,0.01022041019,4.271480312,4.271480312,1,-0.07164551801,-0.07164551801,3.476491185,3.476491185
986,19736441,1,7.89453379,26.1870907,460.3169863,0,460.3224145,470.4231434,0.009987571023,1,0.01232156614,0.01074569918,4.271660858,4.271516422,1,-0.07164551801,-0.07164551801,3.476491185,3.476491185
987,19756874,1,7.037490968,26.1870907,459.4556008,0,459.4614944,470.4232985,0.009987571023,1,0.01369323122,0.01225117926,4.27166693,4.271589869,1,-0.07164551801,-0.07164551801,3.476491185,3.476491185
988,19777228,1,6.177811569,26.1870907,458.5996437,0,458.6036761,470.4232985,0.009987571023,1,0.01485147062,0.01329005423,4.27166693,4.271617611,1,-0.07164551801,-0.07164551801,3.476491185,3.476491185
989,19797097,1,5.436778162,26.1870907,457.8533371,0,457.8600061,470.4232985,0.009987571023,1,0.01573248981,0.01427540241,4.27166693,4.271635366,1,-0.07164551801,-0.07164551801,3.476491185,3.476491185
990,19819595,1,4.553834842,26.1870907,456.9722549,0,456.9781484,470.4232985,0.009987571023,1,0.01656010525,0.01517496301,4.272580182,4.271928952,1,-0.07164551801,-0.07164551801,3.476491185,3.476491185
991,19836806,1,3.933308543,26.1870907,456.3534346,0,456.3582425,470.4232985,0.009987571023,1,0.01725849309,0.01601920582,4.272754795,4.272201484,1,-0.07164551801,-0.07164551801,3.476491185,3.476491185
992,19856994,1,3.423363411,26.18836818,455.8425589,0,455.8479872,470.4232985,0.009987571023,1,0.01801235126,0.01682164486,4.273156881,4.272515899,1,-0.07164551801,-0.07164551801,3.476491185,3.476491185
993,19876300,1,3.184365404,26.19092314,455.6052669,0,455.6102299,470.4232985,0.009987571023,1,0.01882822583,0.01761789213,4.273159867,4.272747727,1,-0.07164551801,-0.07164551801,3.476491185,3.476491185
994,19896568,1,3.078281927,26.19411684,455.4945307,0,455.5004242,470.4234536,0.009987571023,1,0.01954263214,0.0184036759,4.273159867,4.272896097,1,-0.07164551801,-0.07164551801,3.476491185,3.476491185
995,19919133,1,3.185295961,26.19986551,455.4908085,0,455.4943756,470.4232985,0.009987571023,1,0.02032527416,0.01916294483,4.27334631,4.273028343,1,-0.07164551801,-0.07164551801,3.476491185,3.476491185
996,19936622,1,3.188087631,26.20242047,455.5446257,0,455.5481928,470.4232985,0.009987571023,1,0.02080353407,0.01984264689,4.273346484,4.273142874,1,-0.07164551801,-0.07164551801,3.476491185,3.476491185
997,19956697,1,3.187622353,26.20433669,455.5796766,0,455.5829336,470.4232985,0.009987571023,0,NaN,NaN,NaN,NaN,0,NaN,NaN,NaN,NaN
998,19977488,1,3.188397817,26.20561418,455.5958063,0,455.5995285,470.4232985,0.009987571023,0,NaN,NaN,NaN,NaN,0,NaN,NaN,NaN,NaN
999,19996874,1,3.37792122,26.20816914,455.60201,0,455.6060424,470.4232985,0.009987571023,0,NaN,NaN,NaN,NaN,0,NaN,NaN,NaN,NaN
1000,20020027,1,4.621920582,26.21327906,455.6044915,0,455.608679,470.352266,0.009987571023,1,0.02301881148,0.0211701995,4.273346484,4.273216173,1,-0.07164551801,-0.07164551801,3.476491185,3.476491185
1001,20036792,1,6.375244705,26.21902773,455.6052669,0,455.6097646,469.9390988,0.009987571023,1,0.02319833452,0.02167723325,4.273346484,4.273242236,1,-0.07164551801,-0.07164551801,3.476491185,3.476491185
1002,20056846,1,9.067655742,26.23563499,455.6055771,0,455.6102299,468.5148816,0.009987571023,1,0.02383982895,0.0228253212,4.273346484,4.273293109,1,-0.07164551801,-0.07164551801,3.476491185,3.476491185
1003,20076909,1,11.76223808,26.24777106,455.6057322,0,455.610385,466.2022928,0.009987571023,1,0.0240480804,0.023131011,4.273346484,4.273303784,1,-0.07164551801,-0.07164551801,3.476491185,3.476491185
1004,20096225,1,14.66076745,26.25926839,455.6057322,0,455.6108503,463.3471894,0.009987571023,1,0.02466136483,0.02393227942,4.273346484,4.273324622,1,-0.07164551801,-0.07164551801,3.476491185,3.476491185
1005,20118196,1,17.40575494,26.26948824,455.6057322,0,455.6108503,460.1338217,0.009987571023,1,0.02491472965,0.02417789198,4.273346484,4.273328994,1,-0.07164551801,-0.07164551801,3.476491185,3.476491185
1006,20136635,1,17.87258428,26.27587565,455.6055771,0,455.6108503,458.0110665,0.009987571023,0,NaN,NaN,NaN,NaN,0,NaN,NaN,NaN,NaN
1007,20156928,1,17.9949525,26.28226306,455.6055771,0,455.6108503,456.8912965,0.009987571023,1,0.02595499101,0.02511294303,4.273346484,4.273337529,1,-0.07164551801,-0.07164551801,3.476491185,3.476491185
1008,20176256,1,17.99417703,26.28801172,455.6055771,0,455.6106952,456.6104234,0.009987571023,1,0.02615709858,0.02537398192,4.273346484,4.27333932,1,-0.07164551801,-0.07164551801,3.476491185,3.476491185
1009,20196412,1,17.9842511,26.29567661,455.6055771,0,455.6106952,456.6032891,0.009987571023,1,0.02673242812,0.02571359347,4.273346484,4.273340753,1,-0.07164551801,-0.07164551801,3.476491185,3.476491185
1010,20217970,1,18.02752199,26.30461898,455.605422,0,455.6106952,456.6042197,0.009987571023,0,NaN,NaN,NaN,NaN,0,NaN,NaN,NaN,NaN
1011,20236084,1,18.02379976,26.31100639,455.605422,0,455.6106952,456.5826618,0.009987571023,0,NaN,NaN,NaN,NaN,0,NaN,NaN,NaN,NaN
1012,20256806,1,18.02007753,26.31292261,455.605422,0,455.6106952,456.5870044,0.009987571023,1,0.02742032399,0.02713534639,4.273346484,4.273346484,1,-0.07164551801,-0.07164551801,3.476491185,3.476491185
1013,20276186,1,17.92686676,26.31867128,455.6055771,0,455.6106952,456.581421,0.009987571023,1,0.02750080325,0.02733461605,4.272413427,4.273013325,1,-0.07164551801,-0.07164551801,3.476491185,3.476491185
1014,20296864,1,17.47430596,26.33463979,455.6057322,0,455.6106952,456.5759928,0.009987571023,1,0.02752148736,0.02741830215,4.269614647,4.271942877,1,-0.07164551801,-0.07164551801,3.476491185,3.476491185
1015,20318188,1,17.21406024,26.34677587,455.6055771,0,455.6106952,456.5721155,0.009987571023,1,0.02742382604,0.02743313356,4.264524829,4.269748233,1,-0.07164551801,-0.07164551801,3.476491185,3.476491185
1016,20337016,1,17.11045825,26.35316327,455.6057322,0,455.6106952,456.5685483,0.009987571023,1,0.0271916808,0.02735546618,4.263727443,4.267627915,1,-0.07164551801,-0.07164551801,3.476491185,3.476491185
1017,20357041,1,17.06129383,26.35955068,455.6057322,0,455.6106952,456.5652914,0.009987571023,1,0.02693780445,0.02719421848,4.262916673,4.265993389,1,-0.07164551801,-0.07164551801,3.476491185,3.476491185
1018,20376403,1,17.04190723,26.36274438,455.6057322,0,455.6106952,456.562965,0.009987571023,1,0.02668955732,0.02699805302,4.262522689,4.264744331,1,-0.07164551801,-0.07164551801,3.476491185,3.476491185
1019,20397065,1,17.03229148,26.36529935,455.6057322,0,455.6106952,456.5601733,0.009987571023,1,0.02636016689,0.02674972845,4.262748514,4.263989705,1,-0.07164551801,-0.07164551801,3.476491185,3.476491185
1020,20419881,1,17.02810397,26.36657683,455.6057322,0,455.6106952,456.5578469,0.009987571023,1,0.02600583189,0.02646240123,4.265132476,4.264203786,1,-0.07164551801,-0.07164551801,3.476491185,3.476491185
1021,20436107,1,17.02639795,26.36721557,455.6057322,0,455.6106952,456.5566062,0.009987571023,1,0.02589199271,0.0263197991,4.265606396,4.264484308,1,-0.07164551801,-0.07164551801,3.476491185,3.476491185
1022,20456653,1,17.02500212,26.36785431,455.6057322,0,455.6106952,456.5547451,0.009987571023,0,NaN,NaN,NaN,NaN,0,NaN,NaN,NaN,NaN
1023,20476907,1,17.02407156,26.36785431,455.6057322,0,455.6106952,456.5541247,0.009987571023,1,0.02541117812,0.02560485393,4.266255032,4.266200623,1,-0.07164551801,-0.07164551801,3.476491185,3.476491185
1024,20496377,1,17.02391647,26.36849305,455.6057322,0,455.6106952,456.5539696,0.009987571023,1,0.02540352045,0.02551485426,4.27202135,4.26758925,1,-0.07164551801,-0.07164551801,3.476491185,3.476491185
1025,20519610,1,17.0253123,26.36913179,455.6057322,0,455.6106952,456.5536594,0.009987571023,1,0.02562558684,0.02554066369,4.273884556,4.269739596,1,-0.07164551801,-0.07164551801,3.476491185,3.476491185
1026,20536335,1,17.02593267,26.37935164,455.6057322,0,455.6106952,456.5536594,0.009987571023,1,0.02584036546,0.0256424593,4.274818813,4.271477219,1,-0.07164551801,-0.07164551801,3.476491185,3.476491185
1027,20556118,1,17.01399053,26.41831482,455.5927044,0,455.598598,456.5536594,0.009987571023,1,0.02616310448,0.02583620964,4.275211498,4.272791793,1,-0.07164551801,-0.07164551801,3.476491185,3.476491185
1028,20576144,1,16.96172425,26.49368623,455.5412136,0,455.546797,456.5539696,0.009987571023,1,0.02653982811,0.02610756358,4.276264578,4.273873688,1,-0.07164551801,-0.07164551801,3.476491185,3.476491185
1029,20596523,1,16.85827736,26.59588474,455.434975,0,455.4408686,456.5542798,0.009987571023,1,0.02689617677,0.02642986517,4.27827698,4.275404764,1,-0.07164551801,-0.07164551801,3.476491185,3.476491185
1030,20617946,1,16.6850387,26.66614621,455.2654586,0,455.2698012,456.55459,0.009987571023,1,0.02746299728,0.02682721083,4.280396096,4.277044614,1,-0.07164551801,-0.07164551801,3.476491185,3.476491185
1031,20636645,1,16.49458474,26.75109872,455.0728334,0,455.0768658,456.5547451,0.009987571023,1,0.02799011896,0.02728922345,4.282435395,4.27885475,1,-0.07164551801,-0.07164551801,3.476491185,3.476491185
1032,20657008,1,16.23573485,26.82966383,454.8152242,0,454.8194117,456.5549002,0.009987571023,1,0.02816763475,0.0276735284,4.282872483,4.280301134,1,-0.07164551801,-0.07164551801,3.476491185,3.476491185
1033,20676138,1,15.95051919,26.91142264,454.5298535,0,454.5349715,456.5552104,0.009987571023,1,0.02816763475,0.02788969993,4.282872483,4.28122682,1,-0.07164551801,-0.07164551801,3.476491185,3.476491185
1034,20697099,1,15.64157433,27.02192477,454.221529,0,454.226647,456.5553654,0.009987571023,1,0.02816763475,0.02801129641,4.282872483,4.281819258,1,-0.07164551801,-0.07164551801,3.476491185,3.476491185
1035,20719497,1,15.39513186,27.1024061,453.974156,0,453.9800495,456.5555205,0.009987571023,1,0.03074280247,0.02872348637,4.284189328,4.282461788,1,-0.07164551801,-0.07164551801,3.476491185,3.476491185
1036,20737701,1,15.27245346,27.15861528,453.8497715,0,453.8553549,456.5555205,0.009987571023,1,0.03129692072,0.02978304896,4.284625925,4.283197597,1,-0.07164551801,-0.07164551801,3.476491185,3.476491185
1037,20756136,1,14.94365672,27.21035328,453.5237665,0,453.5274887,456.5556756,0.009987571023,1,0.03190476141,0.03065916931,4.284916662,4.283809984,1,-0.07164551801,-0.07164551801,3.476491185,3.476491185
1038,20777256,1,14.30250308,27.2499552,452.882923,0,452.887886,456.5556756,0.009987571023,1,0.03267373646,0.03147971331,4.284916748,4.284208419,1,-0.07164551801,-0.07164551801,3.476491185,3.476491185
1039,20796316,1,13.69733096,27.2844472,452.2769754,0,452.283024,456.5559858,0.009987571023,1,0.03306214726,0.0318753218,4.284916748,4.284350085,1,-0.07164551801,-0.07164551801,3.476491185,3.476491185
1040,20819009,1,12.9812675,27.3253266,451.5596712,0,451.5647893,456.5559858,0.009987571023,1,0.03403982653,0.03296090607,4.285158221,4.28470321,1,-0.07164551801,-0.07164551801,3.476491185,3.476491185
1041,20836143,1,12.47737099,27.35470867,451.0573256,0,451.0632192,456.5559858,0.009987571023,1,0.03463434301,0.03363825349,4.285476245,4.284951684,1,-0.07164551801,-0.07164551801,3.476491185,3.476491185
1042,20856529,1,11.9081804,27.38728445,450.48798,0,450.4920124,456.5561409,0.009987571023,1,0.03531041997,0.03430971813,4.285834142,4.28522889,1,-0.07164551801,-0.07164551801,3.476491185,3.476491185
1043,20876545,1,11.36799218,27.41091785,449.9451551,0,449.9504283,456.5561409,0.009987571023,1,0.03600152447,0.03498663166,4.286036443,4.285517105,1,-0.07164551801,-0.07164551801,3.476491185,3.476491185
1044,20896516,1,10.84905166,27.42624763,449.4269901,0,449.4319531,456.556296,0.009987571023,1,0.03673682186,0.03568152119,4.286222789,4.285741337,1,-0.07164551801,-0.07164551801,3.476491185,3.476491185
1045,20919794,1,10.23534945,27.43582874,448.8154592,0,448.821818,456.5564511,0.009987571023,1,0.0374770761,0.03638477111,4.286223069,4.28591476,1,-0.07164551801,-0.07164551801,3.476491185,3.476491185
1046,20936850,1,9.814582675,27.44413237,448.3920558,0,448.3965535,456.5564511,0.009987571023,1,0.03812510745,0.0370703357,4.286223069,4.286025751,1,-0.07164551801,-0.07164551801,3.476491185,3.476491185
1047,20956192,1,9.313477833,27.45307474,447.8954487,0,447.8996362,456.556296,0.009987571023,1,0.03870231962,0.03771633795,4.286408528,4.286133877,1,-0.07164551801,-0.07164551801,3.476491185,3.476491185
1048,20976548,1,8.782750265,27.45946214,447.3589827,0,447.3647211,456.5564511,0.009987571023,1,0.03943497003,0.03840639364,4.286409686,4.286233168,1,-0.07164551801,-0.07164551801,3.476491185,3.476491185
1049,20997112,1,8.248765749,27.46457207,446.8288755,0,446.8339935,456.5564511,0.009987571023,1,0.04013591747,0.03909937314,4.286409686,4.286296715,1,-0.07164551801,-0.07164551801,3.476491185,3.476491185
1050,21019504,1,7.666702465,27.469682,446.2457266,0,446.2519303,456.5564511,0.009987571023,1,0.04083735706,0.03976983779,4.286409686,4.286337384,1,-0.07164551801,-0.07164551801,3.476491185,3.476491185
1051,21036307,1,7.274627862,27.4728757,445.8530316,0,445.8584598,456.5564511,0.009987571023,1,0.04133029765,0.04039788177,4.286409686,4.286363413,1,-0.07164551801,-0.07164551801,3.476491185,3.476491185
1052,21056805,1,6.74141881,27.4760694,445.3215285,0,445.3266466,456.5564511,0.009987571023,1,0.0419011041,0.04101424439,4.286409686,4.286380071,1,-0.07164551801,-0.07164551801,3.476491185,3.476491185
1053,21077213,1,6.243260731,27.47862437,444.8224399,0,444.8270927,456.556296,0.009987571023,1,0.04250103259,0.04160989605,4.286409686,4.286390732,1,-0.07164551801,-0.07164551801,3.476491185,3.476491185
1054,21096178,1,5.792561049,27.48054059,444.3711199,0,444.3770134,456.5564511,0.009987571023,1,0.0430017622,0.04217171752,4.286409686,4.286397556,1,-0.07164551801,-0.07164551801,3.476491185,3.476491185
1055,21117629,1,5.276877484,27.48181807,443.8541955,0,443.859934,456.5564511,0.009987571023,1,0.04358077834,0.04274186768,4.286409686,4.286401922,1,-0.07164551801,-0.07164551801,3.476491185,3.476491185
1056,21136688,1,4.871309807,27.48309555,443.4523501,0,443.4573131,456.5564511,0.009987571023,1,0.04405918096,0.04326663417,4.286409686,4.286404717,1,-0.07164551801,-0.07164551801,3.476491185,3.476491185
1057,21157248,1,4.435654128,27.48373429,443.0137477,0,443.0182453,456.5564511,0.009987571023,1,0.04455352119,0.04378458082,4.286409686,4.286406506,1,-0.07164551801,-0.07164551801,3.476491185,3.476491185
1058,21177357,1,4.030241544,27.48437303,442.6077147,0,442.6126777,456.5564511,0.009987571023,1,0.04502438038,0.04427892092,4.286409686,4.286407651,1,-0.07164551801,-0.07164551801,3.476491185,3.476491185
1059,21197205,1,3.631342858,27.48501177,442.2125382,0,442.2176563,456.5566062,0.009987571023,1,0.04551284172,0.04476605031,4.286409686,4.286408383,1,-0.07164551801,-0.07164551801,3.476491185,3.476491185
1060,21219830,1,3.26609931,27.48565051,441.8448132,0,441.8500864,456.5566062,0.009987571023,1,0.04602204245,0.04526916081,4.286409686,4.286408852,1,-0.07164551801,-0.07164551801,3.476491185,3.476491185
1061,21236669,1,3.128842181,27.48628925,441.7070908,0,441.7118987,456.5566062,0.009987571023,1,0.04638313251,0.04571569443,4.286409686,4.286409152,1,-0.07164551801,-0.07164551801,3.476491185,3.476491185
1062,21256925,1,3.0551731,27.48628925,441.6331115,0,441.637299,456.5566062,0.009987571023,1,0.04683834859,0.04616387929,4.286409686,4.286409344,1,-0.07164551801,-0.07164551801,3.476491185,3.476491185
1063,21276975,1,3.202511262,27.48692799,441.6787088,0,441.6815005,456.5566062,0.009987571023,1,0.04728788992,0.04660571263,4.286583951,4.28644432,1,-0.07164551801,-0.07164551801,3.476491185,3.476491185
1064,21296851,1,3.200960333,27.48756674,441.7297344,0,441.7329913,456.5566062,0.009987571023,1,0.04768097826,0.0470285634,4.286596303,4.286499006,1,-0.07164551801,-0.07164551801,3.476491185,3.476491185
1065,21319561,1,3.200650148,27.48820548,441.7579612,0,441.7618386,456.5566062,0.009987571023,1,0.04789177467,0.04724436622,4.286596303,4.286518465,1,-0.07164551801,-0.07164551801,3.476491185,3.476491185
1066,21337239,1,3.200339962,27.48820548,441.7671117,0,441.770989,456.5566062,0.009987571023,0,NaN,NaN,NaN,NaN,0,NaN,NaN,NaN,NaN
1067,21358387,1,3.269511352,27.48948296,441.7719196,0,441.7762622,456.5566062,0.009987571023,0,NaN,NaN,NaN,NaN,0,NaN,NaN,NaN,NaN
1068,21376807,1,3.772167122,27.4933154,441.7737807,0,441.7781233,456.5566062,0.009987571023,1,0.04974611547,0.04786980353,4.286969537,4.28660868,1,-0.07164551801,-0.07164551801,3.476491185,3.476491185
1069,21396404,1,5.214995456,27.50225777,441.7744011,0,441.7788988,456.4430783,0.009987571023,1,0.05021757786,0.04883492701,4.286969537,4.286738588,1,-0.07164551801,-0.07164551801,3.476491185,3.476491185
1070,21417737,1,7.989295492,27.51950377,441.7753316,0,441.7796742,455.5824683,0.009987571023,1,0.05078445245,0.04963583162,4.287156154,4.286888898,1,-0.07164551801,-0.07164551801,3.476491185,3.476491185
1071,21436851,1,10.61656755,27.54569214,441.7753316,0,441.7798293,453.7633848,0.009987571023,1,0.05136216289,0.05032541699,4.287156154,4.286985111,1,-0.07164551801,-0.07164551801,3.476491185,3.476491185
1072,21456148,1,13.35349022,27.56357688,441.7753316,0,441.7804497,451.2141245,0.009987571023,1,0.05189679716,0.05097392875,4.287156154,4.287046686,1,-0.07164551801,-0.07164551801,3.476491185,3.476491185
1073,21477008,1,16.35701742,27.58018413,441.7754867,0,441.7804497,448.1822153,0.009987571023,1,0.05219658682,0.05127959327,4.287156154,4.28706858,1,-0.07164551801,-0.07164551801,3.476491185,3.476491185
1074,21496561,1,17.67329003,27.58848776,441.7754867,0,441.7804497,445.5099663,0.009987571023,1,0.05270580755,0.05163614684,4.287156154,4.287086095,1,-0.07164551801,-0.07164551801,3.476491185,3.476491185
1075,21519905,1,17.98921406,27.59615265,441.7754867,0,441.7806048,443.4185399,0.009987571023,1,0.05296757567,0.05237255048,4.286969537,4.287053336,1,-0.07164551801,-0.07164551801,3.476491185,3.476491185
1076,21537206,1,17.99231592,27.60062384,441.7754867,0,441.7806048,442.8780415,0.009987571023,1,0.05296778098,0.05263296372,4.286969537,4.287023169,1,-0.07164551801,-0.07164551801,3.476491185,3.476491185
1077,21557263,1,17.99355666,27.60381754,441.7757969,0,441.7806048,442.7735089,0.009987571023,0,NaN,NaN,NaN,NaN,0,NaN,NaN,NaN,NaN
1078,21576542,1,18.02907291,27.60764998,441.7756418,0,441.7806048,442.7761455,0.009987571023,1,0.05207306367,0.0524929887,4.285526965,4.286723928,1,-0.07164551801,-0.07164551801,3.476491185,3.476491185
1079,21596617,1,18.02597106,27.61148243,441.7756418,0,441.7806048,442.7612566,0.009987571023,0,NaN,NaN,NaN,NaN,0,NaN,NaN,NaN,NaN
1080,21619693,1,18.02116318,27.61339865,441.7756418,0,441.7807599,442.7570691,0.009987571023,0,NaN,NaN,NaN,NaN,0,NaN,NaN,NaN,NaN
1081,21637436,1,18.01790623,27.61531487,441.7756418,0,441.7807599,442.7598607,0.009987571023,1,0.04919438505,0.05062082365,4.281834325,4.283349738,1,-0.07164551801,-0.07164551801,3.476491185,3.476491185
1082,21656871,1,18.04163543,27.61914732,441.7756418,0,441.7807599,442.7564487,0.009987571023,1,0.04688093988,0.04886714047,4.274792147,4.2799509,1,-0.07164551801,-0.07164551801,3.476491185,3.476491185
1083,21676859,1,18.03946413,27.64278072,441.7756418,0,441.7807599,442.7516408,0.009987571023,1,0.04456391342,0.04725989244,4.268729526,4.276613731,1,-0.07164551801,-0.07164551801,3.476491185,3.476491185
1084,21696674,1,18.04287617,27.65747176,441.7756418,0,441.7807599,442.7482288,0.009987571023,1,0.04436769775,0.04599455726,4.268464116,4.27367987,1,-0.07164551801,-0.07164551801,3.476491185,3.476491185
1085,21720225,1,18.04458219,27.66833035,441.7756418,0,441.7807599,442.7441964,0.009987571023,1,0.03862641315,0.04384748508,4.261605617,4.270430499,1,-0.07164551801,-0.07164551801,3.476491185,3.476491185
1086,21736143,1,18.04566784,27.67216279,441.7756418,0,441.7807599,442.7423353,0.009987571023,1,0.03635475476,0.04085720578,4.259847508,4.266779121,1,-0.07164551801,-0.07164551801,3.476491185,3.476491185
1087,21756975,1,18.04690859,27.6753565,441.7756418,0,441.7807599,442.7396987,0.009987571023,1,0.03213602019,0.03738682017,4.256741888,4.263416085,1,-0.07164551801,-0.07164551801,3.476491185,3.476491185
1088,21777010,1,18.04752896,27.67727272,441.7756418,0,441.7807599,442.7373723,0.009987571023,1,0.0283079503,0.03377553607,4.253122429,4.260018834,1,-0.07164551801,-0.07164551801,3.476491185,3.476491185
1089,21796828,1,18.04830442,27.6785502,441.7756418,0,441.7807599,442.7358214,0.009987571023,1,0.0243940284,0.03003862121,4.247117275,4.255932932,1,-0.07164551801,-0.07164551801,3.476491185,3.476491185
1090,21818841,1,18.04892479,27.67918894,441.7756418,0,441.7807599,442.7339602,0.009987571023,1,0.0200061691,0.02604916142,4.242608568,4.251372336,1,-0.07164551801,-0.07164551801,3.476491185,3.476491185
1091,21837075,1,18.04923498,27.67982768,441.7756418,0,441.7807599,442.7327195,0.009987571023,1,0.01614646417,0.02210655318,4.241062003,4.247749677,1,-0.07164551801,-0.07164551801,3.476491185,3.476491185
1092,21856676,1,18.04970026,27.67982768,441.7756418,0,441.7807599,442.7314788,0.009987571023,1,0.01208595472,0.01815953041,4.239772839,4.245062555,1,-0.07164551801,-0.07164551801,3.476491185,3.476491185
1093,21877440,1,18.04985535,27.67982768,441.7756418,0,441.7807599,442.7303931,0.009987571023,1,0.007811288523,0.01410950869,4.239195543,4.242950771,1,-0.07164551801,-0.07164551801,3.476491185,3.476491185
1094,21896851,1,18.05016554,27.68046642,441.7756418,0,441.7807599,442.7296176,0.009987571023,1,0.004126850788,0.01009678104,4.239009011,4.241561583,1,-0.07164551801,-0.07164551801,3.476491185,3.476491185
1095,21919189,1,18.05032063,27.68110516,441.7756418,0,441.7807599,442.7286871,0.009987571023,1,-0.0003379121725,0.005957694233,4.238243575,4.24046287,1,-0.07164551801,-0.07164551801,3.476491185,3.476491185
1096,21937278,1,18.05047572,27.68110516,441.7756418,0,441.7807599,442.7280667,0.009987571023,1,-0.00420252817,0.001925141453,4.237889223,4.239536575,1,-0.07164551801,-0.07164551801,3.476491185,3.476491185
1097,21956846,1,18.05063081,27.68110516,441.7756418,0,441.7807599,442.7276014,0.009987571023,1,-0.007773605705,-0.001879280594,4.237722436,4.238910171,1,-0.07164551801,-0.07164551801,3.476491185,3.476491185
1098,21977054,1,18.050941,27.6817439,441.7756418,0,441.7807599,442.7269811,0.009987571023,1,-0.01152806651,-0.005686872051,4.237227209,4.238380374,1,-0.07164551801,-0.07164551801,3.476491185,3.476491185
1099,21996785,1,18.05109609,27.6817439,441.7756418,0,441.7807599,442.7265158,0.009987571023,1,-0.01480558906,-0.009346023598,4.235656198,4.237562794,1,-0.07164551801,-0.07164551801,3.476491185,3.476491185
1100,22018890,1,18.05125119,27.6817439,441.7756418,0,441.7807599,442.7260505,0.009987571023,1,-0.01814394058,-0.01284800358,4.232811912,4.236137646,1,-0.07164551801,-0.07164551801,3.476491185,3.476491185
1101,22036180,1,18.05125119,27.6817439,441.7756418,0,441.7807599,442.7258954,0.009987571023,1,-0.0205254554,-0.01601559914,4.230181394,4.234162856,1,-0.07164551801,-0.07164551801,3.476491185,3.476491185
1102,22056622,1,18.05140628,27.6817439,441.7756418,0,441.7807599,442.7254301,0.009987571023,1,-0.02340072149,-0.01904059909,4.228070867,4.232096166,1,-0.07164551801,-0.07164551801,3.476491185,3.476491185
1103,22077096,1,18.05140628,27.6817439,441.7756418,0,441.7807599,442.725275,0.009987571023,1,-0.02621409588,-0.02189075174,4.223736185,4.229542229,1,-0.07164551801,-0.07164551801,3.476491185,3.476491185
1104,22097265,1,18.05140628,27.6817439,441.7756418,0,441.7807599,442.7248098,0.009987571023,1,-0.02833437115,-0.02453223187,4.219241081,4.226177996,1,-0.07164551801,-0.07164551801,3.476491185,3.476491185
1105,22119810,1,18.05140628,27.6817439,441.7756418,0,441.7807599,442.7248098,0.009987571023,1,-0.0305701804,-0.02693050677,4.211195414,4.221596694,1,-0.07164551801,-0.07164551801,3.476491185,3.476491185
1106,22137173,1,18.05156137,27.6817439,441.7756418,0,441.7807599,442.7246547,0.009987571023,1,-0.03194346127,-0.02899746453,4.205199931,4.216188686,1,-0.07164551801,-0.07164551801,3.476491185,3.476491185
1107,22156624,1,18.05156137,27.6817439,441.7756418,0,441.7807599,442.7243445,0.009987571023,1,-0.0334120798,-0.03080155286,4.196744659,4.209868077,1,-0.07164551801,-0.07164551801,3.476491185,3.476491185
1108,22177218,1,18.05156137,27.6817439,441.7756418,0,441.7807599,442.7240343,0.009987571023,1,-0.03489727521,-0.0324745643,4.184900761,4.201751102,1,-0.07164551801,-0.07164551801,3.476491185,3.476491185
1109,22196888,1,18.05156137,27.6817439,441.7756418,0,441.7807599,442.723569,0.009987571023,1,-0.03610875275,-0.0339463078,4.172254121,4.19225828,1,-0.07164551801,-0.07164551801,3.476491185,3.476491185
1110,22218995,1,18.05156137,27.6817439,441.7756418,0,441.7807599,442.7231037,0.009987571023,1,-0.03728411975,-0.03528546165,4.153584256,4.180172864,1,-0.07164551801,-0.07164551801,3.476491185,3.476491185
1111,22236404,1,18.05156137,27.6817439,441.7756418,0,441.7807599,442.7232588,0.009987571023,1,-0.03802568935,-0.03641227335,4.136511547,4.165949731,1,-0.07164551801,-0.07164551801,3.476491185,3.476491185
1112,22257008,1,18.05156137,27.6817439,441.7756418,0,441.7807599,442.7229487,0.009987571023,1,-0.03884111013,-0.03741165813,4.112132136,4.148367101,1,-0.07164551801,-0.07164551801,3.476491185,3.476491185
1113,22277083,1,18.05156137,27.6817439,441.7756418,0,441.7807599,442.7226385,0.009987571023,1,-0.03935949957,-0.03821365759,4.090000786,4.129358251,1,-0.07164551801,-0.07164551801,3.476491185,3.476491185
1114,22296781,1,18.05156137,27.6817439,441.7756418,0,441.7807599,442.7226385,0.009987571023,1,-0.03964951621,-0.03881905379,4.067018616,4.108871957,1,-0.07164551801,-0.07164551801,3.476491185,3.476491185
1115,22319087,1,18.05156137,27.6817439,441.7756418,0,441.7807599,442.7224834,0.009987571023,1,-0.03977119147,-0.03922626006,4.039995176,4.086414788,1,-0.07164551801,-0.07164551801,3.476491185,3.476491185
1116,22336885,1,18.05156137,27.6817439,441.7756418,0,441.7807599,442.7223283,0.009987571023,1,-0.03979355973,-0.03947408865,4.019877215,4.064173728,1,-0.07164551801,-0.07164551801,3.476491185,3.476491185
1117,22356832,1,18.05156137,27.6817439,441.7756418,0,441.7807599,442.7223283,0.009987571023,1,-0.03979356035,-0.03961385752,4.000498297,4.042607443,1,-0.07164551801,-0.07164551801,3.476491185,3.476491185
1118,22376597,1,18.05156137,27.6817439,441.7756418,0,441.7807599,442.7221732,0.009987571023,1,-0.03972529071,-0.03967162168,3.978319883,4.021122128,1,-0.07164551801,-0.07164551801,3.476491185,3.476491185
1119,22396691,1,18.05171646,27.6817439,441.7756418,0,441.7807599,442.7220181,0.009987571023,1,-0.03953504329,-0.0396325879,3.953212419,3.998808631,1,-0.07164551801,-0.07164551801,3.476491185,3.476491185
1120,22418245,1,18.05047572,27.68238264,441.7756418,0,441.7807599,442.7220181,0.009987571023,1,-0.03924022026,-0.03949257999,3.925880035,3.974857473,1,-0.07164551801,-0.07164551801,3.476491185,3.476491185
1121,22437055,1,17.68771366,27.68238264,441.7756418,0,441.7807599,442.7220181,0.009987571023,1,-0.03891775121,-0.03927093363,3.903311678,3.950804263,1,-0.07164551801,-0.07164551801,3.476491185,3.476491185
1122,22456159,1,17.35891692,27.68238264,441.7756418,0,441.7807599,442.721863,0.009987571023,1,-0.03860954569,-0.03901589928,3.884367798,3.928686392,1,-0.07164551801,-0.07164551801,3.476491185,3.476491185
1123,22476794,1,17.18118057,27.68238264,441.7756418,0,441.7807599,442.7217079,0.009987571023,1,-0.03822335423,-0.03870535695,3.860425467,3.906009158,1,-0.07164551801,-0.07164551801,3.476491185,3.476491185
1124,22496732,1,17.10394435,27.68238264,441.7756418,0,441.7807599,442.7217079,0.009987571023,1,-0.03801753377,-0.03853340116,3.847080585,3.894223443,1,-0.07164551801,-0.07164551801,3.476491185,3.476491185
1125,22519706,1,17.07075449,27.68238264,441.7756418,0,441.7807599,442.7217079,0.009987571023,1,-0.03750512042,-0.03803457784,3.811122615,3.859643907,1,-0.07164551801,-0.07164551801,3.476491185,3.476491185
1126,22537244,1,17.06175911,27.68238264,441.7756418,0,441.7807599,442.7217079,0.009987571023,1,-0.03711666669,-0.0376695918,3.790799835,3.836340626,1,-0.07164551801,-0.07164551801,3.476491185,3.476491185
1127,22556853,1,17.05664105,27.68238264,441.7756418,0,441.7807599,442.7217079,0.009987571023,1,-0.03681744783,-0.03745655581,3.779702827,3.825013066,1,-0.07164551801,-0.07164551801,3.476491185,3.476491185
1128,22576690,1,17.05431466,27.68238264,441.7756418,0,441.7807599,442.7217079,0.009987571023,1,-0.03605230267,-0.03677909913,3.754986823,3.794991165,1,-0.07164551801,-0.07164551801,3.476491185,3.476491185
1129,22596974,1,17.05322901,27.68238264,441.7756418,0,441.7807599,442.7217079,0.009987571023,0,NaN,NaN,NaN,NaN,0,NaN,NaN,NaN,NaN
1130,22621526,1,17.05260864,27.68238264,441.7756418,0,441.7807599,442.7217079,0.009987571023,0,NaN,NaN,NaN,NaN,0,NaN,NaN,NaN,NaN
1131,22639751,1,17.05229845,27.68238264,441.7756418,0,441.7807599,442.7217079,0.009987571023,1,-0.03465869652,-0.03527655292,3.694875243,3.725220933,1,-0.07164551801,-0.07164551801,3.476491185,3.476491185
1132,22656821,1,17.03725445,27.67982768,441.7601325,0,441.765871,442.7217079,0.009987571023,1,-0.03417437544,-0.03473711726,3.668760678,3.70198181,1,-0.07164551801,-0.07164551801,3.476491185,3.476491185
1133,22676948,1,16.88914082,27.48628925,441.6151208,0,441.620549,442.7215528,0.009987571023,1,-0.03368847238,-0.03432278276,3.647488111,3.684065554,1,-0.07164551801,-0.07164551801,3.476491185,3.476491185
1134,22696755,1,16.66611737,26.95613448,441.3889955,0,441.3950441,442.7215528,0.009987571023,1,-0.03320809195,-0.03388281463,3.621107263,3.663809954,1,-0.07164551801,-0.07164551801,3.476491185,3.476491185
1135,22719644,1,16.34833222,26.04720649,441.0709001,0,441.0771038,442.7217079,0.009987571023,1,-0.03263348289,-0.03339184685,3.584794447,3.638249703,1,-0.07164551801,-0.07164551801,3.476491185,3.476491185
1136,22736760,1,16.10282032,25.28518885,440.8232169,0,440.8295757,442.7217079,0.009987571023,1,-0.0323893732,-0.03314122844,3.573115287,3.62522282,1,-0.07164551801,-0.07164551801,3.476491185,3.476491185
1137,22756322,1,15.79278981,24.3519887,440.5128762,0,440.5198554,442.7217079,0.009987571023,1,-0.03177706465,-0.03246048052,3.548376553,3.59148854,1,-0.07164551801,-0.07164551801,3.476491185,3.476491185
1138,22776736,1,15.41281244,22.99338726,440.1344498,0,440.1403433,442.7217079,0.009987571023,1,-0.03127904412,-0.0319889395,3.529727981,3.570676385,1,-0.07164551801,-0.07164551801,3.476491185,3.476491185
1139,22797544,1,15.03640221,21.59199019,439.7602109,0,439.7661044,442.7217079,0.009987571023,1,-0.03072847229,-0.03149406904,3.512384635,3.551131727,1,-0.07164551801,-0.07164551801,3.476491185,3.476491185
1140,22819380,1,14.67270959,20.27554564,439.3971386,0,439.4033423,442.7215528,0.009987571023,1,-0.03011824005,-0.03096480782,3.500285414,3.533886388,1,-0.07164551801,-0.07164551801,3.476491185,3.476491185
1141,22836794,1,14.3536837,19.19735136,439.0776474,0,439.0846266,442.7215528,0.009987571023,1,-0.0297834028,-0.03066945656,3.49647963,3.526405036,1,-0.07164551801,-0.07164551801,3.476491185,3.476491185
1142,22856734,1,13.97355124,18.08913626,438.6962742,0,438.7027881,442.7217079,0.009987571023,1,-0.02884960444,-0.02977698253,3.488690207,3.509171684,1,-0.07164551801,-0.07164551801,3.476491185,3.476491185
1143,22876697,1,13.55340484,17.06076376,438.2750422,0,438.2786093,442.7215528,0.009987571023,1,-0.0280830095,-0.02911234354,3.481333582,3.49982069,1,-0.07164551801,-0.07164551801,3.476491185,3.476491185
1144,22896833,1,13.10952925,16.20101879,437.8320972,0,437.8378356,442.7215528,0.009987571023,1,-0.02736395556,-0.02841819354,3.473468277,3.490993952,1,-0.07164551801,-0.07164551801,3.476491185,3.476491185
1145,22918797,1,12.59524152,15.42239389,437.313777,0,437.3188951,442.7215528,0.009987571023,1,-0.026531934,-0.02768259026,3.466466364,3.482753686,1,-0.07164551801,-0.07164551801,3.476491185,3.476491185
1146,22936899,1,12.15741454,14.87754809,436.8804477,0,436.8854107,442.7215528,0.009987571023,1,-0.02621986835,-0.02731690978,3.46472777,3.479148503,1,-0.07164551801,-0.07164551801,3.476491185,3.476491185
1147,22956968,1,11.66514998,14.35889065,436.384616,0,436.3903545,442.7217079,0.009987571023,1,-0.02514074118,-0.02624423668,3.459325543,3.470381515,1,-0.07164551801,-0.07164551801,3.476491185,3.476491185
1148,22976773,1,11.08727421,13.83001336,435.8118583,0,435.8175968,442.7217079,0.009987571023,1,-0.02423979892,-0.02545925315,3.454056757,3.464976488,1,-0.07164551801,-0.07164551801,3.476491185,3.476491185
1149,22997288,1,10.54336375,13.3988634,435.264846,0,435.269809,442.7217079,0.009987571023,1,-0.02339259188,-0.02463305459,3.449257205,3.459705526,1,-0.07164551801,-0.07164551801,3.476491185,3.476491185
1150,23019745,1,9.901434644,12.97793328,434.6257086,0,434.6300512,442.7217079,0.009987571023,1,-0.02245016522,-0.0237938679,3.443058909,3.454327062,1,-0.07164551801,-0.07164551801,3.476491185,3.476491185
1151,23036713,1,9.407619163,12.68858375,434.1259996,0,434.1332889,442.7215528,0.009987571023,1,-0.02169550456,-0.02296523988,3.43926879,3.449287162,1,-0.07164551801,-0.07164551801,3.476491185,3.476491185
1152,23058282,1,8.729708527,12.328334,433.4502602,0,433.4558436,442.7217079,0.009987571023,1,-0.02073047019,-0.02208458621,3.432676292,3.443936509,1,-0.07164551801,-0.07164551801,3.476491185,3.476491185
1153,23076880,1,8.185642979,12.04664936,432.9060396,0,432.9125535,442.7217079,0.009987571023,1,-0.02006637797,-0.02126851886,3.428969103,3.438818802,1,-0.07164551801,-0.07164551801,3.476491185,3.476491185
1154,23096408,1,7.562014823,11.75282865,432.2825665,0,432.2889253,442.7215528,0.009987571023,1,-0.01917323472,-0.02042793525,3.426351877,3.434466902,1,-0.07164551801,-0.07164551801,3.476491185,3.476491185
1155,23119429,1,6.796011476,11.37724912,431.5156326,0,431.5213711,442.7217079,0.009987571023,1,-0.01817610381,-0.01954504588,3.423973829,3.430926075,1,-0.07164551801,-0.07164551801,3.476491185,3.476491185
1156,23137066,1,6.275675126,11.1383601,430.9959166,0,431.0015,442.7217079,0.009987571023,1,-0.01736970072,-0.01869533892,3.421742811,3.427870667,1,-0.07164551801,-0.07164551801,3.476491185,3.476491185
1157,23156356,1,5.647704373,10.89372242,430.3693417,0,430.3749251,442.7215528,0.009987571023,1,-0.01652903246,-0.01782268543,3.419104267,3.424891524,1,-0.07164551801,-0.07164551801,3.476491185,3.476491185
1158,23176830,1,4.956610848,10.65355592,429.6784033,0,429.6833663,442.7215528,0.009987571023,1,-0.01544648277,-0.01689569446,3.418455603,3.422605088,1,-0.07164551801,-0.07164551801,3.476491185,3.476491185
1159,23197241,1,4.306151638,10.45490757,429.0246871,0,429.0308908,442.7215528,0.009987571023,1,-0.01444977724,-0.01592462856,3.418453247,3.421110426,1,-0.07164551801,-0.07164551801,3.476491185,3.476491185
1160,23220893,1,3.583884461,10.25562047,428.3047463,0,428.3095542,442.7217079,0.009987571023,1,-0.01319109826,-0.01488195757,3.418453247,3.420153841,1,-0.07164551801,-0.07164551801,3.476491185,3.476491185
1161,23237086,1,3.300219727,10.15150574,428.0213918,0,428.0258895,442.7217079,0.009987571023,1,-0.01244657961,-0.01388619649,3.418453247,3.419541627,1,-0.07164551801,-0.07164551801,3.476491185,3.476491185
1162,23256852,1,3.125275046,10.04994597,427.8448962,0,427.8500143,442.7217079,0.009987571023,1,-0.01145170886,-0.01291349874,3.418453247,3.41914981,1,-0.07164551801,-0.07164551801,3.476491185,3.476491185
1163,23276754,1,3.051450873,9.975213313,427.7720026,0,427.7775859,442.7217079,0.009987571023,1,-0.01045292432,-0.01191417279,3.418453247,3.418899047,1,-0.07164551801,-0.07164551801,3.476491185,3.476491185
1164,23296743,1,3.198944127,9.927946502,427.8141878,0,427.8165142,442.7217079,0.009987571023,1,-0.009491111095,-0.01094280703,3.418453247,3.418738559,1,-0.07164551801,-0.07164551801,3.476491185,3.476491185
1165,23320527,1,3.197703385,9.899203171,427.8756046,0,427.8783962,442.7217079,0.009987571023,1,-0.00842011555,-0.009944928939,3.418453247,3.418635847,1,-0.07164551801,-0.07164551801,3.476491185,3.476491185
1166,23338586,1,3.197083013,9.885789617,427.8982481,0,427.9008847,442.7217079,0.009987571023,0,NaN,NaN,NaN,NaN,0,NaN,NaN,NaN,NaN
1167,23359017,1,3.196772828,9.872376062,427.9091046,0,427.9120514,442.7217079,0.009987571023,0,NaN,NaN,NaN,NaN,0,NaN,NaN,NaN,NaN
1168,23376701,1,3.210265902,9.86087873,427.913137,0,427.916394,442.7217079,0.009987571023,0,NaN,NaN,NaN,NaN,0,NaN,NaN,NaN,NaN
1169,23397126,1,3.599703927,9.843632731,427.9151532,0,427.9185653,442.6813838,0.009987571023,1,-0.004704734434,-0.008634880313,3.418453247,3.418599327,1,-0.07164551801,-0.07164551801,3.476491185,3.476491185
1170,23420978,1,5.210963043,9.828941695,427.9159287,0,427.9193407,442.045038,0.009987571023,1,-0.003646598469,-0.006573801623,3.418453247,3.418546738,1,-0.07164551801,-0.07164551801,3.476491185,3.476491185
1171,23437032,1,7.172576798,9.824470511,427.9162389,0,427.9196509,440.8122053,0.009987571023,1,-0.002859762701,-0.00503837223,3.418632171,3.418548866,1,-0.07164551801,-0.07164551801,3.476491185,3.476491185
1172,23457371,1,9.887166106,9.806585771,427.9162389,0,427.9202713,438.3656164,0.009987571023,1,-0.001881100404,-0.00376275035,3.418639864,3.418581622,1,-0.07164551801,-0.07164551801,3.476491185,3.476491185
1173,23477041,1,12.78057741,9.793810958,427.9160838,0,427.9210468,435.5081866,0.009987571023,1,-0.001010011688,-0.002653923978,3.418639864,3.418602589,1,-0.07164551801,-0.07164551801,3.476491185,3.476491185
1174,23497514,1,15.8038014,9.788062291,427.9160838,0,427.9210468,432.4530135,0.009987571023,0,NaN,NaN,NaN,NaN,0,NaN,NaN,NaN,NaN
1175,23520295,1,17.65111176,9.782313625,427.9160838,0,427.9210468,429.995413,0.009987571023,1,0.0005199450978,-0.001860456709,3.418825014,3.418647074,1,-0.07164551801,-0.07164551801,3.476491185,3.476491185
1176,23536789,1,17.94346169,9.780397403,427.9160838,0,427.9210468,429.1976156,0.009987571023,1,0.001517992616,-5.508817642e-05,3.418826481,3.418734625,1,-0.07164551801,-0.07164551801,3.476491185,3.476491185
1177,23556416,1,17.99216083,9.775287478,427.9159287,0,427.9210468,428.9186037,0.009987571023,1,0.001984653254,0.0004548471811,3.418826481,3.418752996,1,-0.07164551801,-0.07164551801,3.476491185,3.476491185
1178,23576743,1,17.99371176,9.772093774,427.9159287,0,427.9210468,428.9119347,0.009987571023,1,0.003254268486,0.001154702507,3.419694684,3.418941333,1,-0.07164551801,-0.07164551801,3.476491185,3.476491185
1179,23596206,1,18.03326042,9.770177552,427.9159287,0,427.9210468,428.9128652,0.009987571023,0,NaN,NaN,NaN,NaN,0,NaN,NaN,NaN,NaN
1180,23619477,1,18.02628124,9.766983849,427.9159287,0,427.9210468,428.8953397,0.009987571023,0,NaN,NaN,NaN,NaN,0,NaN,NaN,NaN,NaN
1181,23636843,1,18.02255902,9.765706367,427.9159287,0,427.9210468,428.8973559,0.009987571023,1,0.005415153965,0.004600825201,3.421334915,3.420694768,1,-0.07164551801,-0.07164551801,3.476491185,3.476491185
1182,23657691,1,18.04675349,9.764428886,427.9159287,0,427.9212018,428.894099,0.009987571023,1,0.005814887186,0.005098614059,3.413418418,3.419158054,1,-0.07164551801,-0.07164551801,3.476491185,3.476491185
1183,23676490,1,17.7018271,9.764428886,427.9159287,0,427.9212018,428.8905319,0.009987571023,1,0.005962244525,0.005462627936,3.407122566,3.415355676,1,-0.07164551801,-0.07164551801,3.476491185,3.476491185
1184,23696158,1,17.3443382,9.765067627,427.9159287,0,427.9212018,428.8858791,0.009987571023,1,0.006135749589,0.00574034527,3.3997585,3.410288402,1,-0.07164551801,-0.07164551801,3.476491185,3.476491185
1185,23719570,1,17.14209718,9.765067627,427.9159287,0,427.9212018,428.8821568,0.009987571023,1,0.006230662372,0.005951696931,3.391468583,3.40415524,1,-0.07164551801,-0.07164551801,3.476491185,3.476491185
1186,23737378,1,17.08006006,9.765067627,427.9159287,0,427.9212018,428.879055,0.009987571023,1,0.006267055044,0.006084340669,3.389022974,3.398890316,1,-0.07164551801,-0.07164551801,3.476491185,3.476491185
1187,23756812,1,17.05136789,9.765067627,427.9159287,0,427.9212018,428.8764184,0.009987571023,1,0.006316200002,0.006182725457,3.388967734,3.395318198,1,-0.07164551801,-0.07164551801,3.476491185,3.476491185
1188,23777460,1,17.03740954,9.765067627,427.9159287,0,427.9212018,428.874092,0.009987571023,1,0.006336780827,0.006221239299,3.389133678,3.394081294,1,-0.07164551801,-0.07164551801,3.476491185,3.476491185
1189,23796911,1,17.03105074,9.765067627,427.9159287,0,427.9212018,428.8720758,0.009987571023,1,0.006387473765,0.006310217608,3.393859737,3.393355692,1,-0.07164551801,-0.07164551801,3.476491185,3.476491185
1190,23819588,1,17.02794888,9.765067627,427.9159287,0,427.9212018,428.8702147,0.009987571023,1,0.006401758723,0.006350245815,3.395948615,3.39411579,1,-0.07164551801,-0.07164551801,3.476491185,3.476491185
1191,23837345,1,17.02655304,9.765067627,427.9159287,0,427.9212018,428.8688189,0.009987571023,0,NaN,NaN,NaN,NaN,0,NaN,NaN,NaN,NaN
1192,23856876,1,17.0254674,9.765067627,427.9159287,0,427.9212018,428.8680434,0.009987571023,0,NaN,NaN,NaN,NaN,0,NaN,NaN,NaN,NaN
1193,23877373,1,17.02500212,9.765067627,427.9159287,0,427.9212018,428.8677332,0.009987571023,1,0.006401758724,0.006401758724,3.398098692,3.397065447,1,-0.07164551801,-0.07164551801,3.476491185,3.476491185
1194,23897349,1,17.02577758,9.765067627,427.9159287,0,427.9212018,428.8675781,0.009987571023,1,0.00638750091,0.006393648775,3.399037368,3.397940891,1,-0.07164551801,-0.07164551801,3.476491185,3.476491185
1195,23919576,1,17.02717342,9.766345108,427.9159287,0,427.9212018,428.8671128,0.009987571023,1,0.006387500909,0.006390959084,3.399408538,3.398430579,1,-0.07164551801,-0.07164551801,3.476491185,3.476491185
1196,23936851,1,17.0274836,9.770177552,427.9159287,0,427.9212018,428.8671128,0.009987571023,1,0.006387500909,0.00639009454,3.399775592,3.398699582,1,-0.07164551801,-0.07164551801,3.476491185,3.476491185
1197,23956305,1,17.02779379,9.779119922,427.9159287,0,427.9212018,428.8672679,0.009987571023,1,0.00653210785,0.006448925673,3.401410468,3.399761929,1,-0.07164551801,-0.07164551801,3.476491185,3.476491185
1198,23976424,1,17.02794888,9.793810958,427.9159287,0,427.9212018,428.8672679,0.009987571023,1,0.006861508246,0.006593686011,3.411740598,3.403250226,1,-0.07164551801,-0.07164551801,3.476491185,3.476491185
1199,23996146,1,17.01305997,9.8148894,427.9004194,0,427.9073986,428.8675781,0.009987571023,1,0.007388071634,0.006895887839,3.4206998,3.408835376,1,-0.07164551801,-0.07164551801,3.476491185,3.476491185
1200,24020542,1,16.91240474,9.921559095,427.799454,0,427.8058128,428.8677332,0.009987571023,1,0.00842411962,0.00744022504,3.441306888,3.418526209,1,-0.07164551801,-0.07164551801,3.476491185,3.476491185
1201,24036778,1,16.80709673,10.05122345,427.6952316,0,427.7020557,428.8678883,0.009987571023,1,0.008753897073,0.007768643049,3.44724629,3.424270225,1,-0.07164551801,-0.07164551801,3.476491185,3.476491185
1202,24056940,1,16.51024911,10.34440543,427.3974535,0,427.4041224,428.8680434,0.009987571023,1,0.0101788853,0.008926288726,3.471124736,3.444153892,1,-0.07164551801,-0.07164551801,3.476491185,3.476491185
1203,24076922,1,16.0880865,10.83942946,426.9763765,0,426.9825802,428.8683536,0.009987571023,1,0.01132000283,0.009862213442,3.482987934,3.457232454,1,-0.07164551801,-0.07164551801,3.476491185,3.476491185
1204,24096716,1,15.56139135,11.46092415,426.4495263,0,426.4561952,428.8685087,0.009987571023,1,0.01239012132,0.01087133724,3.491931032,3.469021161,1,-0.07164551801,-0.07164551801,3.476491185,3.476491185
1205,24120040,1,14.79957551,12.26254371,425.6891062,0,425.6928285,428.8686638,0.009987571023,1,0.01363621794,0.01193865816,3.50188877,3.479969415,1,-0.07164551801,-0.07164551801,3.476491185,3.476491185
1206,24136871,1,14.2631095,12.77162004,425.1500037,0,425.1569828,428.8686638,0.009987571023,1,0.01444128439,0.01294227453,3.507311104,3.489290064,1,-0.07164551801,-0.07164551801,3.476491185,3.476491185
1207,24156326,1,13.54766641,13.35351281,424.4350259,0,424.4418499,428.8688189,0.009987571023,1,0.01539267425,0.01393414519,3.511184154,3.496963913,1,-0.07164551801,-0.07164551801,3.476491185,3.476491185
1208,24176871,1,12.73156809,13.98842105,423.6207886,0,423.6249762,428.868974,0.009987571023,1,0.01651972929,0.01495024668,3.514137696,3.502885937,1,-0.07164551801,-0.07164551801,3.476491185,3.476491185
1209,24197061,1,11.96758095,14.54220923,422.8549404,0,422.8612992,428.868974,0.009987571023,1,0.01748400706,0.0159644854,3.515120901,3.507283236,1,-0.07164551801,-0.07164551801,3.476491185,3.476491185
1210,24220628,1,11.07145474,15.06533785,421.9597447,0,421.9643975,428.8691291,0.009987571023,1,0.01865372083,0.01702140588,3.515729535,3.510256378,1,-0.07164551801,-0.07164551801,3.476491185,3.476491185
1211,24236670,1,10.50055814,15.34638375,421.3883829,0,421.3948968,428.8691291,0.009987571023,1,0.01928670943,0.01793711556,3.516525345,3.512434123,1,-0.07164551801,-0.07164551801,3.476491185,3.476491185
1212,24256676,1,9.747582584,15.61848728,420.6343217,0,420.6409906,428.8691291,0.009987571023,1,0.02040443508,0.01891808534,3.518164031,3.514323669,1,-0.07164551801,-0.07164551801,3.476491185,3.476491185
1213,24277064,1,8.966380142,15.85865378,419.8554456,0,419.8605637,428.8692841,0.009987571023,1,0.02137002253,0.01990235725,3.520886308,3.516522498,1,-0.07164551801,-0.07164551801,3.476491185,3.476491185
1214,24297264,1,8.195258733,16.03750118,419.0819978,0,419.0869608,428.8692841,0.009987571023,1,0.02241893412,0.02089748519,3.520906071,3.518100581,1,-0.07164551801,-0.07164551801,3.476491185,3.476491185
1215,24320418,1,7.345970551,16.20357375,418.2336402,0,418.2407744,428.8694392,0.009987571023,1,0.02367406197,0.02197095769,3.521092688,3.519177648,1,-0.07164551801,-0.07164551801,3.476491185,3.476491185
1216,24337073,1,6.789962857,16.30960471,417.6774774,0,417.6830607,428.8692841,0.009987571023,1,0.02458012552,0.02300529486,3.521581673,3.519988264,1,-0.07164551801,-0.07164551801,3.476491185,3.476491185
1217,24356755,1,6.008915508,16.40094463,416.896275,0,416.9027888,428.8694392,0.009987571023,1,0.02560575515,0.02402550596,3.523414356,3.521019817,1,-0.07164551801,-0.07164551801,3.476491185,3.476491185
1218,24377284,1,5.19809034,16.49420077,416.0877762,0,416.0916535,428.8692841,0.009987571023,1,0.02637520354,0.02461293035,3.524860351,3.521787924,1,-0.07164551801,-0.07164551801,3.476491185,3.476491185
1219,24396644,1,4.485904195,16.55871358,415.3720229,0,415.3779164,428.8692841,0.009987571023,1,0.02724260494,0.02567750519,3.525378732,3.523050296,1,-0.07164551801,-0.07164551801,3.476491185,3.476491185
1220,24420067,1,3.632273415,16.64174987,414.5207185,0,414.5264569,428.8694392,0.009987571023,1,0.02903754479,0.02733199505,3.525773987,3.524276173,1,-0.07164551801,-0.07164551801,3.476491185,3.476491185
1221,24437568,1,3.307509088,16.71073386,414.1944033,0,414.2009172,428.8695943,0.009987571023,1,0.02947808256,0.02786851693,3.526115242,3.524643986,1,-0.07164551801,-0.07164551801,3.476491185,3.476491185
1222,24457000,1,3.126981067,16.77524667,414.015116,0,414.0213197,428.8694392,0.009987571023,1,0.0308363442,0.02939298818,3.527222052,3.52572207,1,-0.07164551801,-0.07164551801,3.476491185,3.476491185
1223,24477485,1,3.053622172,16.83528829,413.9403612,0,413.9464099,428.8694392,0.009987571023,1,0.03198359008,0.03041925636,3.528131097,3.526506243,1,-0.07164551801,-0.07164551801,3.476491185,3.476491185
1224,24496570,1,3.202666354,16.89021999,413.9847178,0,413.9864238,428.8692841,0.009987571023,1,0.03289657829,0.0314009023,3.528718775,3.527254855,1,-0.07164551801,-0.07164551801,3.476491185,3.476491185
1225,24521983,1,3.201270519,16.94195799,414.0492364,0,414.0517179,428.8692841,0.009987571023,1,0.03408748462,0.03244773695,3.529091991,3.527860542,1,-0.07164551801,-0.07164551801,3.476491185,3.476491185
1226,24538918,1,3.200650148,16.95792651,414.068623,0,414.0711045,428.8692841,0.009987571023,0,NaN,NaN,NaN,NaN,0,NaN,NaN,NaN,NaN
1227,24560421,1,3.200184869,16.9751725,414.0788591,0,414.081961,428.8694392,0.009987571023,0,NaN,NaN,NaN,NaN,0,NaN,NaN,NaN,NaN
1228,24580700,1,3.348143402,16.98858606,414.0828915,0,414.0861485,428.8694392,0.009987571023,0,NaN,NaN,NaN,NaN,0,NaN,NaN,NaN,NaN
1229,24602247,1,4.312975721,16.99688969,414.0845975,0,414.0881647,428.8291151,0.009987571023,1,0.03732136953,0.0336661451,3.533409065,3.528970247,1,-0.07164551801,-0.07164551801,3.476491185,3.476491185
1230,24627130,1,7.047261815,17.00583206,414.085373,0,414.0889401,428.0838942,0.009987571023,1,0.03853898052,0.03627474659,3.533596038,3.531227445,1,-0.07164551801,-0.07164551801,3.476491185,3.476491185
1231,24641604,1,9.068586299,17.01541317,414.0859934,0,414.0894054,426.860212,0.009987571023,1,0.03878634905,0.03690264721,3.533596038,3.531701164,1,-0.07164551801,-0.07164551801,3.476491185,3.476491185
1232,24661061,1,11.74936538,17.02243932,414.0856832,0,414.0897156,424.5122621,0.009987571023,1,0.03979860569,0.0383885156,3.534519018,3.532917259,1,-0.07164551801,-0.07164551801,3.476491185,3.476491185
1233,24677304,1,14.05668099,17.02499428,414.0861485,0,414.090336,422.2313122,0.009987571023,1,0.0400632225,0.03880719233,3.534868121,3.533307432,1,-0.07164551801,-0.07164551801,3.476491185,3.476491185
1234,24697829,1,16.85610606,17.02946546,414.0856832,0,414.090336,419.3275097,0.009987571023,1,0.04069679599,0.03957971441,3.535647287,3.534106116,1,-0.07164551801,-0.07164551801,3.476491185,3.476491185
1235,24724130,1,17.90344775,17.03329791,414.0856832,0,414.090336,416.2362,0.009533590522,1,0.0407077649,0.04007117983,3.535647612,3.534661003,1,-0.07164551801,-0.07164551801,3.476491185,3.476491185
1236,24737018,1,17.99107518,17.03649161,414.0856832,0,414.090336,415.5040069,0.009987571023,1,0.0407077649,0.0402303261,3.535647612,3.534858325,1,-0.07164551801,-0.07164551801,3.476491185,3.476491185
1237,24757618,1,17.99247101,17.04479524,414.0858383,0,414.090336,415.1051082,0.009987571023,1,0.0407077649,0.04043920557,3.535647612,3.535142468,1,-0.07164551801,-0.07164551801,3.476491185,3.476491185
1238,24779415,1,17.99324648,17.05501509,414.0858383,0,414.090336,415.084791,0.009987571023,0,NaN,NaN,NaN,NaN,0,NaN,NaN,NaN,NaN
1239,24797402,1,18.02845254,17.06012502,414.0856832,0,414.090336,415.0855665,0.009987571023,1,0.04314526602,0.04111572068,3.539191562,3.535952287,1,-0.07164551801,-0.07164551801,3.476491185,3.476491185
1240,24822214,1,18.02379976,17.06842864,414.0855281,0,414.090336,415.0644739,0.009987571023,0,NaN,NaN,NaN,NaN,0,NaN,NaN,NaN,NaN
1241,24837277,1,18.02116318,17.07098361,414.0855281,0,414.090336,415.0672655,0.009987571023,0,NaN,NaN,NaN,NaN,0,NaN,NaN,NaN,NaN
1242,24857296,1,18.05512851,17.07417731,414.0856832,0,414.090336,415.0641637,0.009987571023,1,0.04354680608,0.04345468914,3.539864727,3.539927924,1,-0.07164551801,-0.07164551801,3.476491185,3.476491185
1243,24877331,1,17.74091049,17.07481605,414.0858383,0,414.090336,415.0632331,0.009987571023,1,0.04326436513,0.0434069954,3.536900479,3.538941936,1,-0.07164551801,-0.07164551801,3.476491185,3.476491185
1244,24897211,1,17.36775721,17.07481605,414.0856832,0,414.090336,415.0582702,0.009987571023,1,0.04265776952,0.04308445507,3.53333992,3.536866058,1,-0.07164551801,-0.07164551801,3.476491185,3.476491185
1245,24919634,1,17.15419442,17.07481605,414.0856832,0,414.090336,415.0545479,0.009987571023,1,0.04188997869,0.04266793603,3.530857156,3.534963136,1,-0.07164551801,-0.07164551801,3.476491185,3.476491185
1246,24937185,1,17.0878147,17.07481605,414.0859934,0,414.090336,415.0519114,0.009987571023,1,0.04160910132,0.04240322735,3.530097393,3.533989987,1,-0.07164551801,-0.07164551801,3.476491185,3.476491185
1247,24957005,1,17.05105771,17.07481605,414.0859934,0,414.090336,415.0489646,0.009987571023,1,0.0407752326,0.0417784118,3.528717489,3.532204586,1,-0.07164551801,-0.07164551801,3.476491185,3.476491185
1248,24976485,1,17.03709936,17.07481605,414.0859934,0,414.090336,415.0467933,0.009987571023,1,0.03977508239,0.04100358377,3.527142882,3.530513219,1,-0.07164551801,-0.07164551801,3.476491185,3.476491185
1249,24997018,1,17.02949981,17.07481605,414.0861485,0,414.090336,415.0444669,0.009987571023,1,0.03819088392,0.03965603598,3.526131394,3.528461505,1,-0.07164551801,-0.07164551801,3.476491185,3.476491185
1250,25021245,1,17.02608777,17.07481605,414.0859934,0,414.090336,415.0422956,0.009987571023,1,0.03680134469,0.03854963954,3.526131351,3.52762265,1,-0.07164551801,-0.07164551801,3.476491185,3.476491185
1251,25038036,1,17.02484702,17.07481605,414.0859934,0,414.090336,415.0410549,0.009987571023,0,NaN,NaN,NaN,NaN,0,NaN,NaN,NaN,NaN
1252,25057343,1,17.02407156,17.07481605,414.0859934,0,414.090336,415.0401243,0.009987571023,0,NaN,NaN,NaN,NaN,0,NaN,NaN,NaN,NaN
1253,25078991,1,17.0232961,17.07481605,414.0859934,0,414.090336,415.0399692,0.009987571023,1,0.03346166465,0.03496844637,3.526131351,3.526131351,1,-0.07164551801,-0.07164551801,3.476491185,3.476491185
1254,25096880,1,17.02360628,17.07417731,414.0859934,0,414.090336,415.0398141,0.009987571023,1,0.03248196547,0.03399430687,3.526317748,3.526168631,1,-0.07164551801,-0.07164551801,3.476491185,3.476491185
1255,25119339,1,17.02484702,17.07417731,414.0858383,0,414.090336,415.0393488,0.009987571023,1,0.03044529114,0.03230733345,3.526317969,3.526241508,1,-0.07164551801,-0.07164551801,3.476491185,3.476491185
1256,25137538,1,17.0254674,17.07417731,414.0859934,0,414.090336,415.0391937,0.009987571023,1,0.02975993927,0.03167048491,3.526504306,3.526294067,1,-0.07164551801,-0.07164551801,3.476491185,3.476491185
1257,25156825,1,17.02577758,17.07417731,414.0859934,0,414.090336,415.0391937,0.009987571023,1,0.02835825951,0.03036998978,3.527402383,3.526587673,1,-0.07164551801,-0.07164551801,3.476491185,3.476491185
1258,25177191,1,17.02593267,17.07481605,414.0859934,0,414.090336,415.0393488,0.009987571023,1,0.02637610595,0.02839516718,3.530945367,3.527999213,1,-0.07164551801,-0.07164551801,3.476491185,3.476491185
1259,25197009,1,17.02593267,17.07481605,414.0859934,0,414.090336,415.039659,0.009987571023,1,0.02572052881,0.02772650758,3.531664445,3.528732259,1,-0.07164551801,-0.07164551801,3.476491185,3.476491185
1260,25219940,1,17.02593267,17.08759087,414.0859934,0,414.090336,415.0399692,0.009987571023,1,0.02353399596,0.02565724867,3.538759387,3.532385733,1,-0.07164551801,-0.07164551801,3.476491185,3.476491185
1261,25237505,1,17.02593267,17.1227216,414.0859934,0,414.090336,415.0401243,0.009987571023,1,0.02283245846,0.02495105112,3.540876354,3.534083857,1,-0.07164551801,-0.07164551801,3.476491185,3.476491185
1262,25257382,1,17.02593267,17.19106686,414.0859934,0,414.090336,415.0402794,0.009987571023,1,0.02177114872,0.02367307758,3.543680695,3.537342438,1,-0.07164551801,-0.07164551801,3.476491185,3.476491185
1263,25276525,1,17.02593267,17.30604018,414.0859934,0,414.090336,415.0404345,0.009987571023,1,0.0198781307,0.02179966285,3.545914317,3.541221059,1,-0.07164551801,-0.07164551801,3.476491185,3.476491185
1264,25296894,1,17.02577758,17.46636409,414.0859934,0,414.090336,415.0407447,0.009987571023,1,0.01853026238,0.02051472434,3.547886697,3.543438459,1,-0.07164551801,-0.07164551801,3.476491185,3.476491185
1265,25318837,1,17.02577758,17.65096015,414.0859934,0,414.090336,415.0407447,0.009987571023,1,0.01713888211,0.01916425296,3.550408425,3.545760596,1,-0.07164551801,-0.07164551801,3.476491185,3.476491185
1266,25337825,1,17.02577758,17.77870829,414.0859934,0,414.090336,415.0408998,0.009987571023,1,0.01654765679,0.01851010392,3.551235807,3.546855639,1,-0.07164551801,-0.07164551801,3.476491185,3.476491185
1267,25356973,1,17.02577758,17.91667628,414.0859934,0,414.090336,415.0410549,0.009987571023,1,0.01539651126,0.01723229479,3.552430711,3.54879373,1,-0.07164551801,-0.07164551801,3.476491185,3.476491185
1268,25380003,1,17.02577758,18.07891641,414.0859934,0,414.090336,415.0410549,0.009987571023,1,0.01362692132,0.0154442223,3.553742858,3.551031437,1,-0.07164551801,-0.07164551801,3.476491185,3.476491185
1269,25397023,1,17.02577758,18.18175366,414.0859934,0,414.090336,415.0412099,0.009987571023,1,0.01328567759,0.01490458612,3.554103358,3.551645821,1,-0.07164551801,-0.07164551801,3.476491185,3.476491185
1270,25419105,1,17.02577758,18.29672699,414.0859934,0,414.090336,415.041365,0.009987571023,1,0.01181989583,0.0133566618,3.554992106,3.55316445,1,-0.07164551801,-0.07164551801,3.476491185,3.476491185
1271,25436934,1,17.02577758,18.37529209,414.0859934,0,414.090336,415.0415201,0.009987571023,1,0.01141919705,0.01287229561,3.555364548,3.55360447,1,-0.07164551801,-0.07164551801,3.476491185,3.476491185
1272,25457524,1,17.02562249,18.45002475,414.0859934,0,414.090336,415.0415201,0.009987571023,1,0.01079131366,0.01202341557,3.556166094,3.554437204,1,-0.07164551801,-0.07164551801,3.476491185,3.476491185
1273,25477339,1,17.02562249,18.52347993,414.0859934,0,414.090336,415.0415201,0.009987571023,1,0.01023026657,0.01127736319,3.557411764,3.555439496,1,-0.07164551801,-0.07164551801,3.476491185,3.476491185
1274,25498064,1,17.02562249,18.57202422,414.0859934,0,414.090336,415.0415201,0.009987571023,1,0.009508393385,0.01036063092,3.559602585,3.557121343,1,-0.07164551801,-0.07164551801,3.476491185,3.476491185
1275,25520386,1,17.02562249,18.63334333,414.0859934,0,414.090336,415.0415201,0.009987571023,1,0.009210979172,0.009888776033,3.561737375,3.558552931,1,-0.07164551801,-0.07164551801,3.476491185,3.476491185
1276,25537738,1,17.02562249,18.70168858,414.0859934,0,414.090336,415.0415201,0.009987571023,1,0.009115595126,0.009695480807,3.562910161,3.559424377,1,-0.07164551801,-0.07164551801,3.476491185,3.476491185
1277,25556656,1,17.02562249,18.76620139,414.0859934,0,414.090336,415.0416752,0.009987571023,1,0.009053712544,0.009328559795,3.564554187,3.561728123,1,-0.07164551801,-0.07164551801,3.476491185,3.476491185
1278,25581119,1,17.02562249,18.86967738,414.0859934,0,414.090336,415.0416752,0.009987571023,1,0.009176016761,0.009243417572,3.565308537,3.562958963,1,-0.07164551801,-0.07164551801,3.476491185,3.476491185
1279,25596945,1,17.02562249,18.94951997,414.0859934,0,414.090336,415.0416752,0.009987571023,1,0.009445943281,0.009296117319,3.566208132,3.564029015,1,-0.07164551801,-0.07164551801,3.476491185,3.476491185
1280,25619451,1,17.02562249,19.03574996,414.0859934,0,414.090336,415.0416752,0.009987571023,1,0.009755191601,0.00941088589,3.56757313,3.564737838,1,-0.07164551801,-0.07164551801,3.476491185,3.476491185
1281,25637226,1,17.00530533,19.1085664,414.0659864,0,414.0715698,415.0416752,0.009987571023,1,0.01034979725,0.009762437514,3.57006756,3.566473987,1,-0.07164551801,-0.07164551801,3.476491185,3.476491185
1282,25657288,1,16.89255286,19.19096395,413.9535441,0,413.9597478,415.0416752,0.009987571023,1,0.01100436891,0.01024077781,3.571298745,3.568115918,1,-0.07164551801,-0.07164551801,3.476491185,3.476491185
1283,25677303,1,16.66239515,19.2733615,413.7229211,0,413.7285045,415.0416752,0.009987571023,1,0.01234959328,0.01121793817,3.572769852,3.570205087,1,-0.07164551801,-0.07164551801,3.476491185,3.476491185
1284,25697052,1,16.34786694,19.36534016,413.4076175,0,413.4124253,415.0416752,0.009987571023,1,0.01275638819,0.01160255068,3.57278563,3.570721195,1,-0.07164551801,-0.07164551801,3.476491185,3.476491185
1285,25720962,1,15.79806296,19.4649837,412.8562626,0,412.8610704,415.0418303,0.009987571023,1,0.01440744175,0.01291220288,3.572972207,3.571765959,1,-0.07164551801,-0.07164551801,3.476491185,3.476491185
1286,25739920,1,15.33045817,19.52885777,412.3914494,0,412.395792,415.0418303,0.009987571023,1,0.01455362179,0.01332255761,3.572972252,3.572007217,1,-0.07164551801,-0.07164551801,3.476491185,3.476491185
1287,25756952,1,14.87712191,19.58315073,411.9381132,0,411.942766,415.0418303,0.009987571023,1,0.01550304515,0.01427162243,3.572972257,3.572478155,1,-0.07164551801,-0.07164551801,3.476491185,3.476491185
1288,25776775,1,14.29583409,19.62083643,411.3588416,0,411.3642698,415.0418303,0.009987571023,1,0.01670632352,0.0148802977,3.57297226,3.572576976,1,-0.07164551801,-0.07164551801,3.476491185,3.476491185
1289,25796650,1,13.70198375,19.64255361,410.7645259,0,410.7690236,415.0418303,0.009987571023,1,0.01768965511,0.01601451063,3.57297226,3.572719278,1,-0.07164551801,-0.07164551801,3.476491185,3.476491185
1290,25820047,1,12.84214926,19.65724465,409.9012794,0,409.9059322,415.0418303,0.009987571023,1,0.01925176675,0.01763363646,3.57297226,3.572842733,1,-0.07164551801,-0.07164551801,3.476491185,3.476491185
1291,25838214,1,12.16951178,19.66554828,409.2284868,0,409.2329845,415.0418303,0.009987571023,1,0.01962449969,0.01813135227,3.57297226,3.572868639,1,-0.07164551801,-0.07164551801,3.476491185,3.476491185
1292,25856639,1,11.46833722,19.67257443,408.5257614,0,408.5296387,415.0418303,0.009987571023,1,0.02052193544,0.01910254213,3.57297226,3.572905942,1,-0.07164551801,-0.07164551801,3.476491185,3.476491185
1293,25877166,1,10.66976438,19.68087806,407.7287394,0,407.7341677,415.0418303,0.009987571023,1,0.02171104359,0.02040856576,3.57297226,3.572938305,1,-0.07164551801,-0.07164551801,3.476491185,3.476491185
1294,25897317,1,9.89073324,19.69173665,406.9503287,0,406.9551365,415.0418303,0.009987571023,1,0.02267134524,0.02130174424,3.57297226,3.572950529,1,-0.07164551801,-0.07164551801,3.476491185,3.476491185
1295,25919178,1,9.128917399,19.70387272,406.1900638,0,406.1942513,415.0418303,0.009987571023,1,0.02352034382,0.02217838533,3.57297226,3.572958352,1,-0.07164551801,-0.07164551801,3.476491185,3.476491185
1296,25936571,1,8.565620343,19.71537005,405.6245954,0,405.630644,415.0418303,0.009987571023,1,0.02422644254,0.02300417591,3.57297226,3.572963359,1,-0.07164551801,-0.07164551801,3.476491185,3.476491185
1297,25956842,1,7.888330078,19.73133857,404.950407,0,404.9558352,415.0418303,0.009987571023,1,0.02466504637,0.02341939352,3.57297226,3.572965139,1,-0.07164551801,-0.07164551801,3.476491185,3.476491185
1298,25976565,1,7.251674127,19.74858457,404.3108043,0,404.3159223,415.0418303,0.009987571023,1,0.0253584067,0.02419531449,3.57297226,3.572967703,1,-0.07164551801,-0.07164551801,3.476491185,3.476491185
1299,25996786,1,6.626029765,19.7600819,403.6860905,0,403.6910534,415.0418303,0.009987571023,1,0.02603030913,0.0249211487,3.57297226,3.572969343,1,-0.07164551801,-0.07164551801,3.476491185,3.476491185
1300,26019793,1,5.933540406,19.76838553,402.9915849,0,402.9968581,415.0418303,0.009987571023,1,0.02699158954,0.02595211438,3.57297226,3.572970767,1,-0.07164551801,-0.07164551801,3.476491185,3.476491185
1301,26037184,1,5.478808312,19.77094049,402.5391792,0,402.5430565,415.0416752,0.009987571023,1,0.02720747993,0.02626595577,3.57297226,3.572971065,1,-0.07164551801,-0.07164551801,3.476491185,3.476491185
1302,26057031,1,4.950717322,19.77221797,402.0081415,0,402.0138799,415.0416752,0.009987571023,1,0.02781587465,0.02689092523,3.57297226,3.572971496,1,-0.07164551801,-0.07164551801,3.476491185,3.476491185
1303,26077057,1,4.465276853,19.77349546,401.5268885,0,401.5307658,415.0418303,0.009987571023,1,0.02830187586,0.0274573621,3.57297226,3.572971771,1,-0.07164551801,-0.07164551801,3.476491185,3.476491185
1304,26096777,1,3.986970652,19.7741342,401.0457906,0,401.0512189,415.0418303,0.009987571023,1,0.02880837478,0.02799957913,3.57297226,3.572971947,1,-0.07164551801,-0.07164551801,3.476491185,3.476491185
1305,26119718,1,3.476405149,19.7741342,400.5358455,0,400.5401881,415.0416752,0.009987571023,1,0.02942752129,0.02872215764,3.57297226,3.5729721,1,-0.07164551801,-0.07164551801,3.476491185,3.476491185
1306,26138554,1,3.228877038,19.7741342,400.2890928,0,400.2939007,415.0418303,0.009987571023,1,0.02959727209,0.02894093625,3.57297226,3.572972132,1,-0.07164551801,-0.07164551801,3.476491185,3.476491185
1307,26157293,1,3.100305105,19.7741342,400.1583496,0,400.1633126,415.0418303,0.009987571023,1,0.02997781355,0.02949731365,3.57297226,3.572972194,1,-0.07164551801,-0.07164551801,3.476491185,3.476491185
1308,26177037,1,3.043386047,19.77477294,400.1009653,0,400.1057731,415.0418303,0.009987571023,1,0.02997360287,0.02961638596,3.572786092,3.572934974,1,-0.07164551801,-0.07164551801,3.476491185,3.476491185
1309,26197159,1,3.16699501,19.77477294,400.1403588,0,400.14222,415.0418303,0.009987571023,1,0.03040231058,0.03001411525,3.572785643,3.5728621,1,-0.07164551801,-0.07164551801,3.476491185,3.476491185
1310,26221147,1,3.16590936,19.77477294,400.189058,0,400.1916946,415.0418303,0.009987571023,1,0.03059657372,0.03024550647,3.572785643,3.572834576,1,-0.07164551801,-0.07164551801,3.476491185,3.476491185
1311,26237157,1,3.165754268,19.77477294,400.2050325,0,400.2081344,415.0418303,0.009987571023,0,NaN,NaN,NaN,NaN,0,NaN,NaN,NaN,NaN
1312,26259040,1,3.165444082,19.77477294,400.2151136,0,400.2188358,415.0418303,0.009987571023,0,NaN,NaN,NaN,NaN,0,NaN,NaN,NaN,NaN
1313,26281234,1,3.22344879,19.7773279,400.2189909,0,400.2228682,415.0418303,0.009987571023,0,NaN,NaN,NaN,NaN,0,NaN,NaN,NaN,NaN
1314,26297394,1,3.607458567,19.78179908,400.2200765,0,400.2242641,415.034541,0.009987571023,1,0.03153215541,0.0305671687,3.572785643,3.572824789,1,-0.07164551801,-0.07164551801,3.476491185,3.476491185
1315,26319598,1,5.286958516,19.78818649,400.220852,0,400.2251946,414.6398298,0.009987571023,1,0.03162070027,0.0308305516,3.572618856,3.572783603,1,-0.07164551801,-0.07164551801,3.476491185,3.476491185
1316,26337253,1,7.410954435,19.79201894,400.2213173,0,400.2255048,413.6052057,0.009987571023,1,0.03178738509,0.03123754816,3.572599026,3.572717156,1,-0.07164551801,-0.07164551801,3.476491185,3.476491185
1317,26356569,1,9.996816717,19.80734871,400.2213173,0,400.2256599,411.4926866,0.009987571023,1,0.03198768332,0.03154988101,3.572599026,3.572674629,1,-0.07164551801,-0.07164551801,3.476491185,3.476491185
1318,26378106,1,13.17311729,19.80862619,400.2213173,0,400.2264353,408.411613,0.009987571023,1,0.03211683615,0.03178408036,3.572599026,3.572647412,1,-0.07164551801,-0.07164551801,3.476491185,3.476491185
1319,26398930,1,16.18331348,19.81054242,400.2213173,0,400.2265904,405.3674515,0.009987571023,0,NaN,NaN,NaN,NaN,0,NaN,NaN,NaN,NaN
1320,26424347,1,17.71438962,19.81118116,400.2211622,0,400.2265904,402.4579106,0.009987571023,1,0.03219414521,0.03195790167,3.572599026,3.572629993,1,-0.07164551801,-0.07164551801,3.476491185,3.476491185
1321,26444106,1,17.99092009,19.81245864,400.2213173,0,400.2265904,401.4465504,0.009987571023,1,0.03219414521,0.03206125822,3.572599026,3.572618845,1,-0.07164551801,-0.07164551801,3.476491185,3.476491185
1322,26458057,1,17.99185064,19.81309738,400.2211622,0,400.2267455,401.2371751,0.009987571023,1,0.03219414521,0.03211939628,3.572599026,3.57261171,1,-0.07164551801,-0.07164551801,3.476491185,3.476491185
1323,26480204,1,17.99309138,19.81373612,400.2211622,0,400.2267455,401.2170131,0.009987571023,1,0.03213959028,0.03212444478,3.572599026,3.572609173,1,-0.07164551801,-0.07164551801,3.476491185,3.476491185
1324,26500933,1,18.02814236,19.81437486,400.2211622,0,400.2267455,401.2179436,0.009987571023,0,NaN,NaN,NaN,NaN,0,NaN,NaN,NaN,NaN
1325,26524758,1,18.0250405,19.8150136,400.2211622,0,400.2267455,401.2015038,0.009987571023,0,NaN,NaN,NaN,NaN,0,NaN,NaN,NaN,NaN
1326,26542103,1,18.02131827,19.8150136,400.2211622,0,400.2267455,401.2036751,0.009987571023,1,0.03206582488,0.03208482212,3.572599026,3.572599026,1,-0.07164551801,-0.07164551801,3.476491185,3.476491185
1327,26557287,1,18.01356363,19.8150136,400.2211622,0,400.2267455,401.196851,0.009987571023,1,0.03203777471,0.03206704914,3.571879972,3.572455215,1,-0.07164551801,-0.07164551801,3.476491185,3.476491185
1328,26576969,1,18.02007753,19.82203975,400.2211622,0,400.2267455,401.1925084,0.009987571023,1,0.03203730925,0.03205403832,3.571665941,3.57217128,1,-0.07164551801,-0.07164551801,3.476491185,3.476491185
1329,26597389,1,18.02255902,19.82459471,400.2211622,0,400.2267455,401.1881658,0.009987571023,1,0.03188046504,0.03199731776,3.569677365,3.571502198,1,-0.07164551801,-0.07164551801,3.476491185,3.476491185
1330,26619819,1,18.02581597,19.82651093,400.2211622,0,400.2267455,401.1841334,0.009987571023,1,0.03157401251,0.03181041409,3.565805572,3.569398692,1,-0.07164551801,-0.07164551801,3.476491185,3.476491185
1331,26636913,1,18.02736689,19.82778841,400.2211622,0,400.2267455,401.1814968,0.009987571023,1,0.0314658448,0.03172427177,3.565523411,3.568623636,1,-0.07164551801,-0.07164551801,3.476491185,3.476491185
1332,26657341,1,18.02922801,19.82842715,400.2211622,0,400.2267455,401.1788602,0.009987571023,1,0.03105820424,0.03140812225,3.563967846,3.566572535,1,-0.07164551801,-0.07164551801,3.476491185,3.476491185
1333,26677212,1,18.03046875,19.83098212,400.2211622,0,400.2267455,401.1763788,0.009987571023,1,0.03073216432,0.03114579491,3.563460857,3.565482792,1,-0.07164551801,-0.07164551801,3.476491185,3.476491185
1334,26697409,1,18.0315544,19.83098212,400.2211622,0,400.2267455,401.1748278,0.009987571023,1,0.03038363914,0.03084895473,3.563082272,3.56464844,1,-0.07164551801,-0.07164551801,3.476491185,3.476491185
1335,26719239,1,18.03248496,19.83162086,400.2211622,0,400.2267455,401.1725014,0.009987571023,1,0.02998079694,0.03050799814,3.562894933,3.564017205,1,-0.07164551801,-0.07164551801,3.476491185,3.476491185
1336,26736948,1,18.03295023,19.83162086,400.2211622,0,400.2267455,401.1714158,0.009987571023,1,0.02965131431,0.03017274483,3.562894933,3.563613187,1,-0.07164551801,-0.07164551801,3.476491185,3.476491185
1337,26758714,1,18.03357061,19.8322596,400.2211622,0,400.2267455,401.1698649,0.009987571023,1,0.02923105195,0.02980191146,3.562894933,3.563354616,1,-0.07164551801,-0.07164551801,3.476491185,3.476491185
1338,26777634,1,18.03403588,19.8322596,400.2211622,0,400.2267455,401.1690894,0.009987571023,1,0.02903368383,0.02960985455,3.562894933,3.563262679,1,-0.07164551801,-0.07164551801,3.476491185,3.476491185
1339,26797055,1,18.03434607,19.8322596,400.2211622,0,400.2267455,401.1680037,0.009987571023,1,0.02862300762,0.02921660007,3.562894933,3.563130291,1,-0.07164551801,-0.07164551801,3.476491185,3.476491185
1340,26819822,1,18.03465626,19.8322596,400.2211622,0,400.2267455,401.1669181,0.009987571023,1,0.02812810977,0.02879786593,3.562894933,3.563045562,1,-0.07164551801,-0.07164551801,3.476491185,3.476491185
1341,26836900,1,18.03481135,19.8322596,400.2211622,0,400.2267455,401.1664528,0.009987571023,1,0.02745229501,0.02812519618,3.562708321,3.562907378,1,-0.07164551801,-0.07164551801,3.476491185,3.476491185
1342,26856863,1,18.03496644,19.8322596,400.2211622,0,400.2267455,401.1658324,0.009987571023,1,0.02688968413,0.02763949783,3.5625217,3.562769505,1,-0.07164551801,-0.07164551801,3.476491185,3.476491185
1343,26876988,1,18.03512153,19.8322596,400.2211622,0,400.2267455,401.1652121,0.009987571023,1,0.02654144936,0.02736498571,3.562521699,3.562719944,1,-0.07164551801,-0.07164551801,3.476491185,3.476491185
1344,26897246,1,18.03527663,19.8322596,400.2211622,0,400.2267455,401.1647468,0.009987571023,1,0.02611189235,0.02685761944,3.563869888,3.562918213,1,-0.07164551801,-0.07164551801,3.476491185,3.476491185
1345,26919299,1,18.03558681,19.8322596,400.2211622,0,400.2267455,401.1642815,0.009987571023,1,0.02572743937,0.02639739239,3.565420055,3.563683271,1,-0.07164551801,-0.07164551801,3.476491185,3.476491185
1346,26936526,1,18.03574191,19.8322596,400.2211622,0,400.2267455,401.1639713,0.009987571023,1,0.02552718077,0.02603095966,3.565840329,3.56442825,1,-0.07164551801,-0.07164551801,3.476491185,3.476491185
1347,26958053,1,18.035897,19.8322596,400.2211622,0,400.2267455,401.1635061,0.009987571023,1,0.02531036098,0.02564909864,3.567456267,3.565678848,1,-0.07164551801,-0.07164551801,3.476491185,3.476491185
1348,26976698,1,18.035897,19.8322596,400.2211622,0,400.2267455,401.163351,0.009987571023,1,0.02525139487,0.02548091166,3.569499701,3.566842654,1,-0.07164551801,-0.07164551801,3.476491185,3.476491185
1349,26997170,1,18.03605209,19.8322596,400.2211622,0,400.2267455,401.1630408,0.009987571023,1,0.02523635896,0.02541977348,3.570003567,3.567474837,1,-0.07164551801,-0.07164551801,3.476491185,3.476491185
1350,27020697,1,18.03605209,19.8322596,400.2211622,0,400.2267455,401.1627306,0.009987571023,1,0.02527489759,0.02532336268,3.571277034,3.569199912,1,-0.07164551801,-0.07164551801,3.476491185,3.476491185
1351,27036936,1,18.03605209,19.8322596,400.2211622,0,400.2267455,401.1627306,0.009987571023,1,0.02540107332,0.0253410053,3.571842503,3.570086668,1,-0.07164551801,-0.07164551801,3.476491185,3.476491185
1352,27057993,1,18.03605209,19.8322596,400.2211622,0,400.2267455,401.1622653,0.009987571023,1,0.0255676713,0.0253976718,3.572213354,3.570512005,1,-0.07164551801,-0.07164551801,3.476491185,3.476491185
1353,27077347,1,17.94501262,19.8322596,400.2211622,0,400.2267455,401.1621102,0.009987571023,1,0.02587800862,0.02557745456,3.572412408,3.571196093,1,-0.07164551801,-0.07164551801,3.476491185,3.476491185
1354,27097231,1,17.51090786,19.8322596,400.2211622,0,400.2267455,401.1616449,0.009987571023,1,0.02635528378,0.02587261934,3.572412409,3.571633966,1,-0.07164551801,-0.07164551801,3.476491185,3.476491185
1355,27120460,1,17.21747228,19.8322596,400.2211622,0,400.2267455,401.1611797,0.009987571023,1,0.02731494075,0.02652333479,3.572412409,3.572013846,1,-0.07164551801,-0.07164551801,3.476491185,3.476491185
1356,27137247,1,17.12379623,19.8322596,400.2211622,0,400.2267455,401.1613348,0.009987571023,1,0.02755040289,0.02678010182,3.572412409,3.572093559,1,-0.07164551801,-0.07164551801,3.476491185,3.476491185
1357,27157306,1,17.07168505,19.8322596,400.2211622,0,400.2267455,401.1608695,0.009987571023,1,0.02861612459,0.02765129887,3.572412409,3.572249157,1,-0.07164551801,-0.07164551801,3.476491185,3.476491185
1358,27177007,1,17.05090261,19.8322596,400.2211622,0,400.2267455,401.1605593,0.009987571023,1,0.02904497666,0.02799971832,3.572703523,3.572340031,1,-0.07164551801,-0.07164551801,3.476491185,3.476491185
1359,27196894,1,17.04314797,19.8322596,400.2211622,0,400.2267455,401.1605593,0.009987571023,1,0.029830282,0.02872955244,3.573157406,3.572603688,1,-0.07164551801,-0.07164551801,3.476491185,3.476491185
1360,27220379,1,17.03880538,19.8322596,400.2211622,0,400.2267455,401.1604042,0.009987571023,1,0.03108127324,0.02988436266,3.573512281,3.572975142,1,-0.07164551801,-0.07164551801,3.476491185,3.476491185
1361,27237237,1,17.03771973,19.8322596,400.2211622,0,400.2267455,401.1602491,0.009987571023,1,0.03137388262,0.03025674265,3.573532044,3.573086522,1,-0.07164551801,-0.07164551801,3.476491185,3.476491185
1362,27259144,1,17.03694426,19.8322596,400.2211622,0,400.2267455,401.1602491,0.009987571023,0,NaN,NaN,NaN,NaN,0,NaN,NaN,NaN,NaN
1363,27277406,1,17.03647898,19.8322596,400.2211622,0,400.2267455,401.1602491,0.009987571023,0,NaN,NaN,NaN,NaN,0,NaN,NaN,NaN,NaN
1364,27296663,1,17.03647898,19.8322596,400.2211622,0,400.2267455,401.160094,0.009987571023,1,0.03353310537,0.03273728321,3.573532112,3.573532112,1,-0.07164551801,-0.07164551801,3.476491185,3.476491185
1365,27321998,1,16.86851348,19.8322596,400.0539722,0,400.0607962,401.160094,0.009987571023,1,0.03482815277,0.03370108582,3.573532112,3.573532112,1,-0.07164551801,-0.07164551801,3.476491185,3.476491185
1366,27336883,1,16.67278636,19.8322596,399.8580899,0,399.8635182,401.160094,0.009987571023,1,0.03510963455,0.034053223,3.573532112,3.573532112,1,-0.07164551801,-0.07164551801,3.476491185,3.476491185
1367,27357066,1,16.26923489,19.8322596,399.4531426,0,399.4599667,401.160094,0.009987571023,1,0.03594383695,0.03479005492,3.573532112,3.573532112,1,-0.07164551801,-0.07164551801,3.476491185,3.476491185
1368,27376777,1,15.77821108,19.8322596,398.9619637,0,398.9697184,401.160094,0.009987571023,1,0.0373536047,0.03606850615,3.573532112,3.573532112,1,-0.07164551801,-0.07164551801,3.476491185,3.476491185
1369,27396983,1,15.21615477,19.8322596,398.4009931,0,398.407507,401.160094,0.009987571023,1,0.03800262591,0.03655203609,3.573532112,3.573532112,1,-0.07164551801,-0.07164551801,3.476491185,3.476491185
1370,27419686,1,14.52475106,19.8322596,397.7088139,0,397.7154829,401.1602491,0.009987571023,1,0.03953798289,0.03801740334,3.573614743,3.573548638,1,-0.07164551801,-0.07164551801,3.476491185,3.476491185
1371,27436961,1,13.96750262,19.8322596,397.1511002,0,397.1573039,401.1602491,0.009987571023,1,0.04043442679,0.0389709367,3.573718729,3.57360978,1,-0.07164551801,-0.07164551801,3.476491185,3.476491185
1372,27456888,1,13.24477017,19.8322596,396.428833,0,396.4342613,401.160094,0.009987571023,1,0.04128879113,0.03991169851,3.573905346,3.57371617,1,-0.07164551801,-0.07164551801,3.476491185,3.476491185
1373,27476907,1,12.52188262,19.8322596,395.7059455,0,395.7112186,401.160094,0.009987571023,1,0.04214375067,0.04081037628,3.573905346,3.573784273,1,-0.07164551801,-0.07164551801,3.476491185,3.476491185
1374,27496378,1,11.84304143,19.8322596,395.0253982,0,395.0317571,401.160094,0.009987571023,1,0.04287764758,0.04164423659,3.573905346,3.573827859,1,-0.07164551801,-0.07164551801,3.476491185,3.476491185
1375,27519746,1,11.00631576,19.83289834,394.190999,0,394.197668,401.160094,0.009987571023,1,0.04368032222,0.04245051752,3.573905346,3.573855755,1,-0.07164551801,-0.07164551801,3.476491185,3.476491185
1376,27537494,1,10.47667385,19.83353708,393.6604265,0,393.6658547,401.1602491,0.009987571023,1,0.04414074599,0.04313765811,3.573905346,3.573873607,1,-0.07164551801,-0.07164551801,3.476491185,3.476491185
1377,27557565,1,9.825284078,19.83417582,393.0090367,0,393.0155506,401.160094,0.009987571023,1,0.04451077252,0.04348093671,3.574060125,3.573910911,1,-0.07164551801,-0.07164551801,3.476491185,3.476491185
1378,27577149,1,9.299829666,19.83417582,392.4828069,0,392.48808,401.160094,0.009987571023,1,0.04507108039,0.04430351391,3.574091963,3.573999247,1,-0.07164551801,-0.07164551801,3.476491185,3.476491185
1379,27597300,1,8.76863682,19.83481456,391.9513038,0,391.9579728,401.160094,0.009987571023,1,0.04549584201,0.04479100426,3.574091963,3.574032625,1,-0.07164551801,-0.07164551801,3.476491185,3.476491185
1380,27620310,1,8.255589832,19.8354533,391.4390323,0,391.4446156,401.160094,0.009987571023,1,0.04593799452,0.04524333844,3.574091963,3.574053986,1,-0.07164551801,-0.07164551801,3.476491185,3.476491185
1381,27636792,1,7.926327815,19.8354533,391.1131823,0,391.1165944,401.160094,0.009987571023,1,0.04622563509,0.04563576762,3.574091963,3.574067658,1,-0.07164551801,-0.07164551801,3.476491185,3.476491185
1382,27656540,1,7.573181505,19.83609204,390.7560036,0,390.7612768,401.160094,0.009987571023,1,0.04662001575,0.0460293741,3.574091963,3.574076408,1,-0.07164551801,-0.07164551801,3.476491185,3.476491185
1383,27677619,1,7.198322204,19.83673078,390.3817647,0,390.3871929,401.160094,0.009987571023,1,0.04684510615,0.04623330711,3.574091963,3.574079519,1,-0.07164551801,-0.07164551801,3.476491185,3.476491185
1384,27696793,1,6.905196808,19.83673078,390.0863129,0,390.093137,401.1602491,0.009987571023,1,0.04754366986,0.04686480248,3.574091963,3.574085592,1,-0.07164551801,-0.07164551801,3.476491185,3.476491185
1385,27719210,1,6.563682459,19.83736952,389.7454189,0,389.7523981,401.1602491,0.009987571023,1,0.04815131649,0.04735496859,3.574091963,3.574087885,1,-0.07164551801,-0.07164551801,3.476491185,3.476491185
1386,27736775,1,6.287927458,19.83736952,389.4702843,0,389.4755574,401.1602491,0.009987571023,1,0.04836294139,0.04779595669,3.574091963,3.574089353,1,-0.07164551801,-0.07164551801,3.476491185,3.476491185
1387,27756598,1,5.965179338,19.83736952,389.1462954,0,389.1531195,401.160094,0.009987571023,1,0.04836294139,0.04804401249,3.574091963,3.574090293,1,-0.07164551801,-0.07164551801,3.476491185,3.476491185
1388,27778057,1,5.599005233,19.83800826,388.781207,0,388.7874107,401.160094,0.009987571023,1,0.05006564419,0.04854942042,3.574091963,3.574090627,1,-0.07164551801,-0.07164551801,3.476491185,3.476491185
1389,27797510,1,5.298435383,19.83800826,388.480482,0,388.487151,401.160094,0.009987571023,1,0.05144708679,0.04999015051,3.57426293,3.574125472,1,-0.07164551801,-0.07164551801,3.476491185,3.476491185
1390,27822609,1,4.660848876,19.83800826,387.8449117,0,387.8508052,401.160094,0.009987571023,1,0.05257694092,0.05099612265,3.574464843,3.574217843,1,-0.07164551801,-0.07164551801,3.476491185,3.476491185
1391,27836752,1,4.266602974,19.83864701,387.4489598,0,387.4545431,401.160094,0.009987571023,1,0.05280095779,0.05144733144,3.574465191,3.574267313,1,-0.07164551801,-0.07164551801,3.476491185,3.476491185
1392,27857024,1,3.664377625,19.83928575,386.8468895,0,386.8523178,401.1602491,0.009987571023,1,0.0538545262,0.05265564489,3.574465197,3.57436388,1,-0.07164551801,-0.07164551801,3.476491185,3.476491185
1393,27876163,1,3.302701211,19.84120197,386.4844377,0,386.4911066,401.1602491,0.009987571023,1,0.05450279871,0.05340722269,3.574465197,3.574400355,1,-0.07164551801,-0.07164551801,3.476491185,3.476491185
1394,27897047,1,3.121087541,19.84311819,386.3029791,0,386.3090277,401.160094,0.009987571023,1,0.05492558934,0.05378681435,3.574465197,3.574413323,1,-0.07164551801,-0.07164551801,3.476491185,3.476491185
1395,27919682,1,3.111471787,19.84503441,386.2282243,0,386.2344281,401.160094,0.009987571023,1,0.05581833397,0.05480056622,3.574520056,3.57444961,1,-0.07164551801,-0.07164551801,3.476491185,3.476491185
1396,27936887,1,3.18358994,19.84631189,386.2738216,0,386.2781642,401.160094,0.009987571023,1,0.05603310366,0.05510870058,3.574651365,3.574489961,1,-0.07164551801,-0.07164551801,3.476491185,3.476491185
1397,27956831,1,3.182349197,19.84822812,386.3219004,0,386.3265532,401.160094,0.009987571023,1,0.05645691264,0.05565247686,3.574651815,3.574548228,1,-0.07164551801,-0.07164551801,3.476491185,3.476491185
1398,27976951,1,3.182039012,19.8495056,386.3457847,0,386.3509028,401.160094,0.009987571023,0,NaN,NaN,NaN,NaN,0,NaN,NaN,NaN,NaN
1399,27996647,1,3.181728826,19.8526993,386.3560208,0,386.3616042,401.160094,0.009987571023,0,NaN,NaN,NaN,NaN,0,NaN,NaN,NaN,NaN
1400,28019145,1,3.263928011,19.855893,386.3603634,0,386.3659468,401.160094,0.009987571023,0,NaN,NaN,NaN,NaN,0,NaN,NaN,NaN,NaN
1401,28041487,1,4.026209131,19.86036419,386.3619143,0,386.3678079,401.1000731,0.009987571023,1,0.0577013923,0.05635629218,3.574547264,3.574564609,1,-0.07164551801,-0.07164551801,3.476491185,3.476491185
1402,28057127,1,5.412738778,19.86291915,386.3625347,0,386.3682731,400.7174592,0.009987571023,1,0.05770137639,0.05669256323,3.574450321,3.574541751,1,-0.07164551801,-0.07164551801,3.476491185,3.476491185
1403,28076597,1,7.825517493,19.86611285,386.3631551,0,386.3688935,399.4481797,0.009987571023,1,0.0576871176,0.0572689568,3.573738586,3.574249655,1,-0.07164551801,-0.07164551801,3.476491185,3.476491185
1404,28097034,1,10.72047973,19.88399759,386.363,0,386.3690486,396.9428106,0.009987571023,1,0.05768711759,0.05745190215,3.57353222,3.574012443,1,-0.07164551801,-0.07164551801,3.476491185,3.476491185
1405,28119088,1,13.90267383,19.89230122,386.3631551,0,386.3692037,393.7893086,0.009987571023,1,0.05768711759,0.0575548089,3.573532112,3.573839524,1,-0.07164551801,-0.07164551801,3.476491185,3.476491185
1406,28139405,1,16.84338845,19.89868863,386.363,0,386.3692037,390.7462328,0.009987571023,0,NaN,NaN,NaN,NaN,0,NaN,NaN,NaN,NaN
1407,28156382,1,17.67453077,19.90252107,386.363,0,386.3692037,388.940022,0.009987571023,1,0.05768711759,0.05761269395,3.573532112,3.573728855,1,-0.07164551801,-0.07164551801,3.476491185,3.476491185
1408,28178110,1,17.98673258,19.907631,386.3628449,0,386.3692037,387.6470133,0.009987571023,1,0.05768711759,0.05765572012,3.573718719,3.573696004,1,-0.07164551801,-0.07164551801,3.476491185,3.476491185
1409,28196796,1,17.99262611,19.91337967,386.3628449,0,386.3692037,387.3693972,0.009987571023,1,0.05767594191,0.05766077556,3.573903487,3.573737501,1,-0.07164551801,-0.07164551801,3.476491185,3.476491185
1410,28219131,1,17.99340157,19.91721211,386.363,0,386.3692037,387.3627282,0.009987571023,1,0.05747306063,0.05761384683,3.574091962,3.573808393,1,-0.07164551801,-0.07164551801,3.476491185,3.476491185
1411,28236687,1,18.02845254,19.91912833,386.363,0,386.3692037,387.3633486,0.009987571023,0,NaN,NaN,NaN,NaN,0,NaN,NaN,NaN,NaN
1412,28256919,1,18.02581597,19.92168329,386.3628449,0,386.3692037,387.3417907,0.009987571023,0,NaN,NaN,NaN,NaN,0,NaN,NaN,NaN,NaN
1413,28276321,1,18.02193865,19.92296078,386.3626898,0,386.3692037,387.3455129,0.009987571023,0,NaN,NaN,NaN,NaN,0,NaN,NaN,NaN,NaN
1414,28296814,1,18.01806133,19.92359952,386.3626898,0,386.3692037,387.3487698,0.009987571023,1,0.05634312332,0.0569391045,3.57427858,3.574276527,1,-0.07164551801,-0.07164551801,3.476491185,3.476491185
1415,28319740,1,18.0400845,19.92615448,386.3626898,0,386.3693588,387.3431865,0.009987571023,1,0.05532278139,0.05623792944,3.569417986,3.572934,1,-0.07164551801,-0.07164551801,3.476491185,3.476491185
1416,28336981,1,18.03775811,19.93573559,386.363,0,386.3693588,387.3400846,0.009987571023,1,0.05492092792,0.05590867906,3.568481435,3.572043487,1,-0.07164551801,-0.07164551801,3.476491185,3.476491185
1417,28356806,1,18.04132525,19.94659418,386.3626898,0,386.3693588,387.335742,0.009987571023,1,0.05402058492,0.05518507258,3.567219436,3.570377838,1,-0.07164551801,-0.07164551801,3.476491185,3.476491185
1418,28376273,1,18.04272108,19.95745277,386.3626898,0,386.3693588,387.3332606,0.009987571023,1,0.05293667161,0.05430325665,3.566359636,3.56900522,1,-0.07164551801,-0.07164551801,3.476491185,3.476491185
1419,28396732,1,18.04411692,19.96831136,386.363,0,386.3693588,387.3301587,0.009987571023,1,0.05132571127,0.05283905716,3.565674526,3.567432242,1,-0.07164551801,-0.07164551801,3.476491185,3.476491185
1420,28419497,1,18.04535766,19.97789248,386.363,0,386.3693588,387.3278323,0.009987571023,1,0.04982174181,0.05166682113,3.5647934,3.566564,1,-0.07164551801,-0.07164551801,3.476491185,3.476491185
1421,28437739,1,18.04613312,19.98236366,386.3628449,0,386.3693588,387.3259712,0.009987571023,1,0.04922244976,0.05105572829,3.564576877,3.566166575,1,-0.07164551801,-0.07164551801,3.476491185,3.476491185
1422,28456186,1,18.04675349,19.98491862,386.363,0,386.3693588,387.3242652,0.009987571023,1,0.0474478406,0.04924545738,3.56383578,3.565115956,1,-0.07164551801,-0.07164551801,3.476491185,3.476491185
1423,28476960,1,18.04737387,19.98747359,386.363,0,386.3693588,387.3227143,0.009987571023,1,0.04589238181,0.04790822607,3.563268525,3.564481682,1,-0.07164551801,-0.07164551801,3.476491185,3.476491185
1424,28496942,1,18.04783914,19.98938981,386.3628449,0,386.3693588,387.3213184,0.009987571023,1,0.04437151044,0.04651386735,3.562894959,3.563940338,1,-0.07164551801,-0.07164551801,3.476491185,3.476491185
1425,28519021,1,18.04814933,19.99066729,386.3628449,0,386.3693588,387.3200777,0.009987571023,1,0.04259465785,0.0449829375,3.562708324,3.563523524,1,-0.07164551801,-0.07164551801,3.476491185,3.476491185
1426,28536208,1,18.04845951,19.99130603,386.3628449,0,386.3693588,387.3191471,0.009987571023,1,0.04137803906,0.04355344302,3.562708316,3.563230049,1,-0.07164551801,-0.07164551801,3.476491185,3.476491185
1427,28556188,1,18.04861461,19.99194477,386.3628449,0,386.3693588,387.3182166,0.009987571023,1,0.03967313962,0.04199585173,3.562537349,3.563008032,1,-0.07164551801,-0.07164551801,3.476491185,3.476491185
1428,28577191,1,18.0487697,19.99386099,386.3628449,0,386.3693588,387.317286,0.009987571023,1,0.03771222653,0.040292172,3.562521699,3.562832952,1,-0.07164551801,-0.07164551801,3.476491185,3.476491185
1429,28597417,1,18.04907989,19.99513847,386.3628449,0,386.3693588,387.3166656,0.009987571023,1,0.03583546722,0.03854308959,3.564193568,3.563155723,1,-0.07164551801,-0.07164551801,3.476491185,3.476491185
1430,28619542,1,18.04939007,19.99513847,386.3628449,0,386.3693588,387.3160453,0.009987571023,1,0.0338455453,0.03670613583,3.565623083,3.563846309,1,-0.07164551801,-0.07164551801,3.476491185,3.476491185
1431,28637201,1,18.04954516,19.99577721,386.3628449,0,386.3693588,387.3157351,0.009987571023,1,0.03235848244,0.03497341327,3.566291675,3.564631013,1,-0.07164551801,-0.07164551801,3.476491185,3.476491185
1432,28657547,1,18.04970026,19.99577721,386.3628449,0,386.3693588,387.3151147,0.009987571023,1,0.03070341754,0.03326607272,3.567942412,3.565705496,1,-0.07164551801,-0.07164551801,3.476491185,3.476491185
1433,28676981,1,18.04985535,19.99577721,386.3628449,0,386.3693588,387.3148045,0.009987571023,1,0.02918895551,0.03161577605,3.568962179,3.566772802,1,-0.07164551801,-0.07164551801,3.476491185,3.476491185
1434,28696121,1,18.04985535,19.99577721,386.3628449,0,386.3693588,387.3146494,0.009987571023,1,0.02769796323,0.03000815645,3.569882388,3.567878161,1,-0.07164551801,-0.07164551801,3.476491185,3.476491185
1435,28721517,1,18.05001044,19.99577721,386.3628449,0,386.3693588,387.3140291,0.009987571023,1,0.02570703198,0.02832585742,3.571226436,3.568981217,1,-0.07164551801,-0.07164551801,3.476491185,3.476491185
1436,28736803,1,18.05001044,19.99577721,386.3628449,0,386.3693588,387.3140291,0.009987571023,1,0.02530033604,0.02700219182,3.571453458,3.569871224,1,-0.07164551801,-0.07164551801,3.476491185,3.476491185
1437,28757116,1,18.05001044,19.99641596,386.3628449,0,386.3693588,387.3135638,0.009987571023,1,0.02530033604,0.02625762991,3.571453458,3.570440828,1,-0.07164551801,-0.07164551801,3.476491185,3.476491185
1438,28776882,1,18.05001044,19.99641596,386.3628449,0,386.3693588,387.3134087,0.009987571023,1,0.02251276966,0.0247087701,3.57241227,3.571120238,1,-0.07164551801,-0.07164551801,3.476491185,3.476491185
1439,28796987,1,18.05001044,19.99641596,386.3628449,0,386.3693588,387.3130985,0.009987571023,1,0.02165336374,0.02345422487,3.572599019,3.571642237,1,-0.07164551801,-0.07164551801,3.476491185,3.476491185
1440,28818696,1,18.05001044,19.99641596,386.3628449,0,386.3693588,387.3129434,0.009987571023,1,0.02094638839,0.02242550905,3.572599026,3.571986681,1,-0.07164551801,-0.07164551801,3.476491185,3.476491185
1441,28838677,1,18.05001044,19.99641596,386.3628449,0,386.3693588,387.3129434,0.009987571023,1,0.02054456985,0.02163533223,3.572599026,3.572207125,1,-0.07164551801,-0.07164551801,3.476491185,3.476491185
1442,28856911,1,18.05001044,19.99641596,386.3628449,0,386.3693588,387.3124781,0.009987571023,1,0.02032247333,0.02108006195,3.572599026,3.572348209,1,-0.07164551801,-0.07164551801,3.476491185,3.476491185
1443,28877094,1,18.05001044,19.99641596,386.3628449,0,386.3693588,387.3120128,0.009987571023,1,0.02027461279,0.0207284723,3.572783784,3.572475455,1,-0.07164551801,-0.07164551801,3.476491185,3.476491185
1444,28896340,1,18.05001044,19.99641596,386.3628449,0,386.3693588,387.3121679,0.009987571023,1,0.02027461226,0.02061500729,3.572785643,3.572537492,1,-0.07164551801,-0.07164551801,3.476491185,3.476491185
1445,28920722,1,18.05001044,19.99641596,386.3628449,0,386.3693588,387.3118578,0.009987571023,1,0.02066297891,0.02055999193,3.573158156,3.572784299,1,-0.07164551801,-0.07164551801,3.476491185,3.476491185
1446,28936709,1,18.05001044,19.99641596,386.3628449,0,386.3693588,387.3112374,0.009987571023,1,0.02093886562,0.02069200031,3.573341713,3.572955713,1,-0.07164551801,-0.07164551801,3.476491185,3.476491185
1447,28956732,1,17.70787572,19.99641596,386.3628449,0,386.3693588,387.3109272,0.009987571023,1,0.02141030147,0.02094652327,3.573716869,3.573196146,1,-0.07164551801,-0.07164551801,3.476491185,3.476491185
1448,28976848,1,17.35736599,19.99641596,386.3628449,0,386.3693588,387.3110823,0.009987571023,1,0.02172895765,0.02114213186,3.573718729,3.573300663,1,-0.07164551801,-0.07164551801,3.476491185,3.476491185
1449,28996700,1,17.1849028,19.99641596,386.3628449,0,386.3693588,387.3109272,0.009987571023,1,0.02251345162,0.02178587384,3.573905346,3.573571816,1,-0.07164551801,-0.07164551801,3.476491185,3.476491185
1450,29019485,1,17.09743046,19.99641596,386.3628449,0,386.3693588,387.310617,0.009987571023,1,0.02330008544,0.02237227269,3.573905346,3.573691887,1,-0.07164551801,-0.07164551801,3.476491185,3.476491185
1451,29036750,1,17.07246051,19.99641596,386.3628449,0,386.3693588,387.3107721,0.009987571023,1,0.02395081839,0.02299725121,3.573905346,3.573768732,1,-0.07164551801,-0.07164551801,3.476491185,3.476491185
1452,29057229,1,17.06036328,19.99641596,386.3628449,0,386.3693588,387.3104619,0.009987571023,1,0.02484177973,0.02371399479,3.573905346,3.573817913,1,-0.07164551801,-0.07164551801,3.476491185,3.476491185
1453,29076580,1,17.05509012,19.99641596,386.3628449,0,386.3693588,387.3104619,0.009987571023,1,0.02564579704,0.02448495782,3.573960205,3.573860361,1,-0.07164551801,-0.07164551801,3.476491185,3.476491185
1454,29096892,1,17.05276373,19.99641596,386.3628449,0,386.3693588,387.3103068,0.009987571023,1,0.02680271661,0.02538194718,3.574091963,3.573943731,1,-0.07164551801,-0.07164551801,3.476491185,3.476491185
1455,29117729,1,17.05152299,19.99641596,386.3628449,0,386.3693588,387.3101517,0.009987571023,0,NaN,NaN,NaN,NaN,0,NaN,NaN,NaN,NaN
1456,29137028,1,17.05090261,19.99641596,386.3628449,0,386.3693588,387.3103068,0.009987571023,0,NaN,NaN,NaN,NaN,0,NaN,NaN,NaN,NaN
1457,29156858,1,17.05074752,19.99641596,386.3628449,0,386.3693588,387.3103068,0.009987571023,1,0.03013101626,0.02857621772,3.574091963,3.574091963,1,-0.07164551801,-0.07164551801,3.476491185,3.476491185
1458,29177223,1,17.05090261,19.99641596,386.3626898,0,386.3692037,387.3103068,0.009987571023,1,0.03134918129,0.02992800174,3.574091963,3.574091963,1,-0.07164551801,-0.07164551801,3.476491185,3.476491185
1459,29196731,1,16.72892996,19.99641596,386.0397866,0,386.0459903,387.3101517,0.009987571023,1,0.03250757114,0.03094293947,3.574091963,3.574091963,1,-0.07164551801,-0.07164551801,3.476491185,3.476491185
1460,29219161,1,16.05474155,19.99641596,385.3673042,0,385.3741283,387.3103068,0.009987571023,1,0.03399354755,0.03211784306,3.57427858,3.574159089,1,-0.07164551801,-0.07164551801,3.476491185,3.476491185
1461,29236781,1,15.44103933,19.99641596,384.7512756,0,384.7580997,387.3101517,0.009987571023,1,0.035206027,0.03333620833,3.574465196,3.574268521,1,-0.07164551801,-0.07164551801,3.476491185,3.476491185
1462,29256425,1,14.67767256,19.99641596,383.9897699,0,383.9970593,387.3101517,0.009987571023,1,0.03638065465,0.03453513599,3.574465197,3.574339324,1,-0.07164551801,-0.07164551801,3.476491185,3.476491185
1463,29276783,1,13.75300928,19.9970547,383.0647965,0,383.0716206,387.3101517,0.009987571023,1,0.03726010206,0.03521637751,3.574465197,3.574364499,1,-0.07164551801,-0.07164551801,3.476491185,3.476491185
1464,29296990,1,12.86556827,19.99769344,382.1762698,0,382.1844897,387.3101517,0.009987571023,1,0.03910373415,0.03712582547,3.574648033,3.574450207,1,-0.07164551801,-0.07164551801,3.476491185,3.476491185
1465,29319657,1,11.78937932,19.99833218,381.0999258,0,381.1069049,387.3103068,0.009987571023,1,0.04065460541,0.03849111716,3.574651815,3.574522785,1,-0.07164551801,-0.07164551801,3.476491185,3.476491185
1466,29337331,1,11.03206117,19.99960966,380.3395058,0,380.3474155,387.3101517,0.009987571023,1,0.04171848436,0.03976610638,3.57483843,3.574634858,1,-0.07164551801,-0.07164551801,3.476491185,3.476491185
1467,29356764,1,10.05761309,20.00088714,379.3680045,0,379.3768447,387.3101517,0.009987571023,1,0.04233803414,0.04040908832,3.574838432,3.574675573,1,-0.07164551801,-0.07164551801,3.476491185,3.476491185
1468,29377245,1,9.067500649,20.00280336,378.3746351,0,378.3819244,387.3101517,0.009987571023,1,0.04348244418,0.04164980988,3.575025049,3.574801349,1,-0.07164551801,-0.07164551801,3.476491185,3.476491185
1469,29396164,1,8.168427678,20.00471958,377.4794394,0,377.4882797,387.3099966,0.009987571023,1,0.04495848797,0.04337352448,3.575025049,3.574910514,1,-0.07164551801,-0.07164551801,3.476491185,3.476491185
1470,29418546,1,7.100458646,20.00663581,376.4111602,0,376.4179843,387.3101517,0.009987571023,1,0.04614254352,0.04447388585,3.575211666,3.575018783,1,-0.07164551801,-0.07164551801,3.476491185,3.476491185
1471,29437476,1,6.211001428,20.00855203,375.5204622,0,375.528372,387.3101517,0.009987571023,1,0.04706872956,0.04550054667,3.575211666,3.575088221,1,-0.07164551801,-0.07164551801,3.476491185,3.476491185
1472,29456989,1,5.408241087,20.01046825,374.7186324,0,374.7251463,387.3101517,0.009987571023,1,0.04787880736,0.04646346666,3.575211666,3.575132661,1,-0.07164551801,-0.07164551801,3.476491185,3.476491185
1473,29476160,1,4.648751637,20.01174573,373.9569717,0,373.9633305,387.3101517,0.009987571023,1,0.0486017312,0.04733819527,3.575211666,3.575161103,1,-0.07164551801,-0.07164551801,3.476491185,3.476491185
1474,29496953,1,3.854676493,20.01238447,373.1670841,0,373.1729776,387.3101517,0.009987571023,1,0.0494135771,0.04816820836,3.575398283,3.575246431,1,-0.07164551801,-0.07164551801,3.476491185,3.476491185
1475,29520733,1,3.319296141,20.01366195,372.6292222,0,372.6362014,387.3101517,0.009987571023,1,0.05019487883,0.04897275915,3.575398283,3.575301098,1,-0.07164551801,-0.07164551801,3.476491185,3.476491185
1476,29536404,1,3.164358432,20.01430069,372.4738192,0,372.4815739,387.3101517,0.009987571023,1,0.05073847371,0.04968441136,3.575398283,3.575336085,1,-0.07164551801,-0.07164551801,3.476491185,3.476491185
1477,29556939,1,3.065564318,20.01557818,372.3754904,0,372.3824696,387.3101517,0.009987571023,1,0.05146431975,0.05039033028,3.575398283,3.575358476,1,-0.07164551801,-0.07164551801,3.476491185,3.476491185
1478,29576975,1,3.187157074,20.01621692,372.3616871,0,372.3657196,387.3101517,0.009987571023,1,0.05208998812,0.05105707715,3.575398283,3.575372807,1,-0.07164551801,-0.07164551801,3.476491185,3.476491185
1479,29596327,1,3.167925567,20.0174944,372.4128678,0,372.4169002,387.3101517,0.009987571023,1,0.05271586279,0.0517216012,3.575398283,3.575381978,1,-0.07164551801,-0.07164551801,3.476491185,3.476491185
1480,29620844,1,3.167305196,20.01813314,372.4524164,0,372.4573794,387.3101517,0.009987571023,1,0.0530033032,0.0520420267,3.575398283,3.575385239,1,-0.07164551801,-0.07164551801,3.476491185,3.476491185
1481,29636225,1,3.16699501,20.01813314,372.4631178,0,372.468391,387.3101517,0.009987571023,0,NaN,NaN,NaN,NaN,0,NaN,NaN,NaN,NaN
1482,29657436,1,3.20576821,20.01877188,372.4699419,0,372.4753702,387.3101517,0.009987571023,0,NaN,NaN,NaN,NaN,0,NaN,NaN,NaN,NaN
1483,29677065,1,3.64917853,20.02004936,372.4722683,0,372.4781618,387.2493554,0.009987571023,1,0.0549614133,0.05277187335,3.5755849,3.575425171,1,-0.07164551801,-0.07164551801,3.476491185,3.476491185
1484,29696693,1,5.07680777,20.02196558,372.4731989,0,372.4795577,386.6880745,0.009987571023,1,0.05534591353,0.05384431891,3.5755849,3.575482674,1,-0.07164551801,-0.07164551801,3.476491185,3.476491185
1485,29719176,1,7.810783677,20.02643677,372.4736641,0,372.4803331,384.865579,0.009987571023,1,0.05589638875,0.05468406294,3.5755849,3.575519475,1,-0.07164551801,-0.07164551801,3.476491185,3.476491185
1486,29736945,1,10.29474999,20.03537914,372.4739743,0,372.4809535,382.5381013,0.009987571023,1,0.05613366513,0.0553042765,3.5755849,3.575543028,1,-0.07164551801,-0.07164551801,3.476491185,3.476491185
1487,29756950,1,13.20460113,20.03985032,372.4741294,0,372.4812637,379.6561669,0.009987571023,1,0.05613366513,0.05566713402,3.5755849,3.575558102,1,-0.07164551801,-0.07164551801,3.476491185,3.476491185
1488,29778751,1,16.3638415,20.04751521,372.4741294,0,372.4814188,376.479401,0.009987571023,1,0.05706602675,0.05601685721,3.5755849,3.575563462,1,-0.07164551801,-0.07164551801,3.476491185,3.476491185
1489,29797379,1,17.64614879,20.05070891,372.4741294,0,372.4814188,374.6407759,0.009987571023,1,0.05735345504,0.05656491292,3.575731176,3.575600435,1,-0.07164551801,-0.07164551801,3.476491185,3.476491185
1490,29820241,1,17.98378582,20.05326388,372.4739743,0,372.4814188,373.6139064,0.009987571023,1,0.05770130853,0.05702378094,3.575953343,3.575698383,1,-0.07164551801,-0.07164551801,3.476491185,3.476491185
1491,29838004,1,17.99340157,20.05709632,372.4739743,0,372.4814188,373.4718414,0.009987571023,0,NaN,NaN,NaN,NaN,0,NaN,NaN,NaN,NaN
1492,29856769,1,17.99433213,20.06029002,372.4739743,0,372.4814188,373.4749433,0.009987571023,1,0.05774414885,0.05720387292,3.576144752,3.575787657,1,-0.07164551801,-0.07164551801,3.476491185,3.476491185
1493,29876324,1,18.02752199,20.06412247,372.4739743,0,372.4814188,373.4752535,0.009987571023,0,NaN,NaN,NaN,NaN,0,NaN,NaN,NaN,NaN
1494,29896990,1,18.02628124,20.06667743,372.4738192,0,372.4814188,373.4569525,0.009987571023,0,NaN,NaN,NaN,NaN,0,NaN,NaN,NaN,NaN
1495,29919811,1,18.01247799,20.06923239,372.4738192,0,372.4814188,373.4560219,0.009987571023,1,0.05774414885,0.05774414885,3.575621707,3.576040143,1,-0.07164551801,-0.07164551801,3.476491185,3.476491185
1496,29936804,1,18.00580899,20.06987113,372.4738192,0,372.4814188,373.4554016,0.009987571023,1,0.05774414885,0.05774414885,3.575211667,3.575743437,1,-0.07164551801,-0.07164551801,3.476491185,3.476491185
1497,29957314,1,18.01325345,20.07178736,372.4739743,0,372.4814188,373.449353,0.009987571023,1,0.05774414885,0.05774414885,3.575028831,3.575600515,1,-0.07164551801,-0.07164551801,3.476491185,3.476491185
1498,29976439,1,18.01495947,20.07306484,372.4739743,0,372.4814188,373.4462511,0.009987571023,1,0.05774414885,0.05774414885,3.574789645,3.575346267,1,-0.07164551801,-0.07164551801,3.476491185,3.476491185
1499,29996954,1,18.01821642,20.07434232,372.4738192,0,372.4814188,373.4425289,0.009987571023,1,0.05774414885,0.05774414885,3.573990397,3.574793097,1,-0.07164551801,-0.07164551801,3.476491185,3.476491185
1500,30019514,1,18.02054281,20.07689728,372.4738192,0,372.4814188,373.4389617,0.009987571023,1,0.05774414885,0.05774414885,3.573158899,3.574249818,1,-0.07164551801,-0.07164551801,3.476491185,3.476491185
1501,30037030,1,18.02193865,20.07753602,372.4738192,0,372.4814188,373.4371006,0.009987571023,1,0.05771954683,0.05773799834,3.56928162,3.572908509,1,-0.07164551801,-0.07164551801,3.476491185,3.476491185
1502,30056931,1,18.02333448,20.07817476,372.4738192,0,372.4814188,373.434464,0.009987571023,1,0.05768748374,0.05771857201,3.568686518,3.57147714,1,-0.07164551801,-0.07164551801,3.476491185,3.476491185
1503,30076172,1,18.02426504,20.0788135,372.4738192,0,372.4814188,373.432758,0.009987571023,1,0.05767288115,0.05770125162,3.568125032,3.570304608,1,-0.07164551801,-0.07164551801,3.476491185,3.476491185
1504,30096794,1,18.02519559,20.0788135,372.4738192,0,372.4814188,373.4308969,0.009987571023,1,0.05765860396,0.05768448037,3.567747033,3.569413753,1,-0.07164551801,-0.07164551801,3.476491185,3.476491185
1505,30118252,1,18.02581597,20.07945224,372.4738192,0,372.4814188,373.4291909,0.009987571023,1,0.05764528782,0.05766983003,3.567560448,3.568776409,1,-0.07164551801,-0.07164551801,3.476491185,3.476491185
1506,30136185,1,18.02628124,20.07945224,372.4738192,0,372.4814188,373.4281052,0.009987571023,1,0.05763014143,0.05765363164,3.567560362,3.568338632,1,-0.07164551801,-0.07164551801,3.476491185,3.476491185
1507,30156746,1,18.02674652,20.07945224,372.4738192,0,372.4814188,373.4267094,0.009987571023,1,0.05760253125,0.05764085654,3.567560362,3.568182978,1,-0.07164551801,-0.07164551801,3.476491185,3.476491185
1508,30177339,1,18.02705671,20.07945224,372.4738192,0,372.4815739,373.4256238,0.009987571023,1,0.05753338553,0.05758847053,3.567560362,3.567879142,1,-0.07164551801,-0.07164551801,3.476491185,3.476491185
1509,30196971,1,18.02752199,20.08009099,372.4738192,0,372.4815739,373.4248483,0.009987571023,1,0.05751992914,0.05756042514,3.567560362,3.567764381,1,-0.07164551801,-0.07164551801,3.476491185,3.476491185
1510,30217837,1,18.02767708,20.08009099,372.4738192,0,372.4815739,373.4239177,0.009987571023,1,0.05751602382,0.05754099994,3.567560362,3.567690934,1,-0.07164551801,-0.07164551801,3.476491185,3.476491185
1511,30236605,1,18.02783217,20.08009099,372.4738192,0,372.4815739,373.4232974,0.009987571023,1,0.05751602381,0.05753007288,3.567898774,3.567711611,1,-0.07164551801,-0.07164551801,3.476491185,3.476491185
1512,30256210,1,18.02798727,20.08009099,372.4738192,0,372.4815739,373.422677,0.009987571023,1,0.05757897244,0.05754346646,3.569236004,3.568178811,1,-0.07164551801,-0.07164551801,3.476491185,3.476491185
1513,30277507,1,18.02829745,20.08009099,372.4738192,0,372.4815739,373.4222117,0.009987571023,1,0.0577413087,0.05761126714,3.573713964,3.569723525,1,-0.07164551801,-0.07164551801,3.476491185,3.476491185
1514,30296871,1,18.02333448,20.08009099,372.4738192,0,372.4815739,373.4215913,0.009987571023,1,0.05774414885,0.05766940175,3.576969113,3.572072755,1,-0.07164551801,-0.07164551801,3.476491185,3.476491185
1515,30319535,1,17.56022738,20.08009099,372.4738192,0,372.4815739,373.4212812,0.009987571023,1,0.05774414885,0.05770210361,3.579936703,3.574652952,1,-0.07164551801,-0.07164551801,3.476491185,3.476491185
1516,30337196,1,17.28524784,20.08009099,372.4738192,0,372.4815739,373.4208159,0.009987571023,1,0.05774414885,0.0577204984,3.582503168,3.577265045,1,-0.07164551801,-0.07164551801,3.476491185,3.476491185
1517,30357177,1,17.1416319,20.08009099,372.4738192,0,372.4815739,373.4205057,0.009987571023,1,0.05774414885,0.05773084547,3.583713029,3.579534257,1,-0.07164551801,-0.07164551801,3.476491185,3.476491185
1518,30377023,1,17.07757858,20.08009099,372.4738192,0,372.4815739,373.4201955,0.009987571023,1,0.05774414885,0.05773417131,3.583982451,3.580423896,1,-0.07164551801,-0.07164551801,3.476491185,3.476491185
1519,30396908,1,17.04718039,20.08009099,372.4738192,0,372.4815739,373.4198853,0.009987571023,1,0.05774414885,0.05773853648,3.584340256,3.581806196,1,-0.07164551801,-0.07164551801,3.476491185,3.476491185
1520,30422396,1,17.03492806,20.08009099,372.4738192,0,372.4815739,373.4197302,0.009987571023,1,0.05774414885,0.05774178113,3.584915756,3.583245066,1,-0.07164551801,-0.07164551801,3.476491185,3.476491185
1521,30438152,1,17.03167111,20.08009099,372.4738192,0,372.4815739,373.4195751,0.009987571023,1,0.05774414885,0.05774237306,3.584915759,3.583579205,1,-0.07164551801,-0.07164551801,3.476491185,3.476491185
1522,30457499,1,17.03012018,20.08009099,372.4738192,0,372.4815739,373.419265,0.009987571023,1,0.05774414885,0.05774314997,3.584915759,3.584060364,1,-0.07164551801,-0.07164551801,3.476491185,3.476491185
1523,30478379,1,17.02918962,20.08072973,372.4738192,0,372.4815739,373.4189548,0.009987571023,0,NaN,NaN,NaN,NaN,0,NaN,NaN,NaN,NaN
1524,30497706,1,17.02872434,20.08072973,372.4738192,0,372.4815739,373.4189548,0.009987571023,1,0.05774414885,0.05774414885,3.584915759,3.584915759,1,-0.07164551801,-0.07164551801,3.476491185,3.476491185
1525,30523885,1,17.02887944,20.08072973,372.4738192,0,372.4815739,373.4187997,0.009987571023,1,0.05774414885,0.05774414885,3.584915759,3.584915759,1,-0.07164551801,-0.07164551801,3.476491185,3.476491185
1526,30536465,1,17.02903453,20.08072973,372.4738192,0,372.4815739,373.4187997,0.009987571023,1,0.05774414885,0.05774414885,3.584915759,3.584915759,1,-0.07164551801,-0.07164551801,3.476491185,3.476491185
1527,30556778,1,17.02949981,20.08072973,372.4738192,0,372.4815739,373.4187997,0.009987571023,1,0.05774414885,0.05774414885,3.584915759,3.584915759,1,-0.07164551801,-0.07164551801,3.476491185,3.476491185
1528,30578599,1,17.02996509,20.08072973,372.4738192,0,372.4815739,373.4189548,0.009987571023,1,0.05774414885,0.05774414885,3.584915759,3.584915759,1,-0.07164551801,-0.07164551801,3.476491185,3.476491185
1529,30596974,1,17.02996509,20.08072973,372.4738192,0,372.4815739,373.4189548,0.009987571023,1,0.05774414885,0.05774414885,3.584915759,3.584915759,1,-0.07164551801,-0.07164551801,3.476491185,3.476491185
1530,30620225,1,17.02996509,20.08072973,372.4738192,0,372.4815739,373.4189548,0.009987571023,1,0.05774414885,0.05774414885,3.584915759,3.584915759,1,-0.07164551801,-0.07164551801,3.476491185,3.476491185
1531,30637149,1,17.02996509,20.08072973,372.4738192,0,372.4815739,373.4189548,0.009987571023,1,0.05774414885,0.05774414885,3.584915759,3.584915759,1,-0.07164551801,-0.07164551801,3.476491185,3.476491185
1532,30657507,1,17.02996509,20.08072973,372.4738192,0,372.4815739,373.4189548,0.009987571023,1,0.05774414885,0.05774414885,3.584915759,3.584915759,1,-0.07164551801,-0.07164551801,3.476491185,3.476491185
1533,30680061,1,17.02996509,20.08072973,372.4738192,0,372.4815739,373.4189548,0.009987571023,1,0.05774414885,0.05774414885,3.584915759,3.584915759,1,-0.07164551801,-0.07164551801,3.476491185,3.476491185
1534,30696498,1,17.02996509,20.08072973,372.4738192,0,372.4815739,373.4189548,0.009987571023,1,0.05774414885,0.05774414885,3.584915759,3.584915759,1,-0.07164551801,-0.07164551801,3.476491185,3.476491185
1535,30720183,1,17.02996509,20.08072973,372.4738192,0,372.4815739,373.4189548,0.009987571023,1,0.05772989103,0.05773598871,3.584915759,3.584915759,1,-0.07164551801,-0.07164551801,3.476491185,3.476491185
1536,30736992,1,17.02996509,20.08072973,372.4738192,0,372.4815739,373.4191099,0.009987571023,1,0.05772989103,0.05773446429,3.584915759,3.584915759,1,-0.07164551801,-0.07164551801,3.476491185,3.476491185
1537,30757221,1,17.02996509,20.08072973,372.4738192,0,372.4815739,373.4191099,0.009987571023,1,0.05772989103,0.05773246349,3.584915759,3.584915759,1,-0.07164551801,-0.07164551801,3.476491185,3.476491185
1538,30778349,1,17.02996509,20.08072973,372.4738192,0,372.4815739,373.4191099,0.009987571023,1,0.05772989103,0.05773097629,3.584915759,3.584915759,1,-0.07164551801,-0.07164551801,3.476491185,3.476491185
1539,30798027,1,17.03012018,20.08072973,372.4738192,0,372.4815739,373.4191099,0.009987571023,1,0.05772989103,0.05773070497,3.584915759,3.584915759,1,-0.07164551801,-0.07164551801,3.476491185,3.476491185
1540,30820990,1,17.03012018,20.08072973,372.4738192,0,372.4815739,373.4191099,0.009987571023,1,0.05771563322,0.05772199254,3.584915759,3.584915759,1,-0.07164551801,-0.07164551801,3.476491185,3.476491185
1541,30837209,1,17.03012018,20.08072973,372.4738192,0,372.4815739,373.4191099,0.009987571023,1,0.05771563322,0.05772040271,3.584915759,3.584915759,1,-0.07164551801,-0.07164551801,3.476491185,3.476491185
1542,30857361,1,17.03012018,20.08072973,372.4738192,0,372.4815739,373.419265,0.009987571023,1,0.05771563322,0.05771764535,3.584915759,3.584915759,1,-0.07164551801,-0.07164551801,3.476491185,3.476491185
1543,30877485,1,17.03012018,20.08072973,372.4738192,0,372.4815739,373.419265,0.009987571023,1,0.05770144522,0.05771359532,3.584915759,3.584915759,1,-0.07164551801,-0.07164551801,3.476491185,3.476491185
1544,30897280,1,17.03012018,20.08072973,372.4738192,0,372.4815739,373.419265,0.009987571023,1,0.0577013754,0.0577082491,3.584915759,3.584915759,1,-0.07164551801,-0.07164551801,3.476491185,3.476491185
1545,30923259,1,17.03012018,20.08072973,372.4738192,0,372.4815739,373.419265,0.009987571023,1,0.0577013754,0.05770427525,3.58454261,3.584819449,1,-0.07164551801,-0.07164551801,3.476491185,3.476491185
1546,30942726,1,17.03012018,20.08072973,372.4738192,0,372.4815739,373.419265,0.009987571023,1,0.0577013754,0.05770355029,3.584542524,3.584764064,1,-0.07164551801,-0.07164551801,3.476491185,3.476491185
1547,30957053,1,17.03012018,20.08072973,372.4738192,0,372.4815739,373.419265,0.009987571023,1,0.0577013754,0.05770259877,3.584356628,3.584638353,1,-0.07164551801,-0.07164551801,3.476491185,3.476491185
1548,30979250,1,17.03012018,20.08072973,372.4738192,0,372.4815739,373.419265,0.009987571023,1,0.0577013754,0.05770206355,3.584355907,3.584536673,1,-0.07164551801,-0.07164551801,3.476491185,3.476491185
1549,30997340,1,17.03012018,20.08009099,372.4738192,0,372.4815739,373.419265,0.009987571023,1,0.0577013754,0.05770166572,3.58416929,3.584358379,1,-0.07164551801,-0.07164551801,3.476491185,3.476491185
1550,31021123,1,17.03012018,20.08072973,372.4738192,0,372.4815739,373.419265,0.009987571023,1,0.0577013754,0.0577015387,3.58416929,3.584290307,1,-0.07164551801,-0.07164551801,3.476491185,3.476491185
1551,31040998,1,17.03012018,20.08072973,372.4738192,0,372.4815739,373.419265,0.009987571023,1,0.0577013754,0.05770149788,3.583982699,3.584228785,1,-0.07164551801,-0.07164551801,3.476491185,3.476491185
1552,31056910,1,17.03012018,20.08009099,372.4738192,0,372.4815739,373.419265,0.009987571023,1,0.0577013754,0.0577014443,3.583982673,3.584140185,1,-0.07164551801,-0.07164551801,3.476491185,3.476491185
1553,31076858,1,17.03012018,20.08009099,372.4738192,0,372.4815739,373.419265,0.009987571023,1,0.0577013754,0.05770140447,3.583982673,3.584063319,1,-0.07164551801,-0.07164551801,3.476491185,3.476491185
1554,31097744,1,17.03012018,20.08009099,372.4738192,0,372.4815739,373.419265,0.009987571023,1,0.0577013754,0.0577013972,3.583982673,3.58404719,1,-0.07164551801,-0.07164551801,3.476491185,3.476491185
1555,31121309,1,17.03012018,20.08009099,372.4738192,0,372.4815739,373.419265,0.009987571023,1,0.0577013754,0.0577013846,3.584355897,3.58414402,1,-0.07164551801,-0.07164551801,3.476491185,3.476491185
1556,31139900,1,17.03012018,20.08009099,372.4738192,0,372.4815739,373.419265,0.009987571023,1,0.0577013754,0.0577013823,3.584542471,3.58422371,1,-0.07164551801,-0.07164551801,3.476491185,3.476491185
1557,31157273,1,17.03012018,20.08009099,372.4738192,0,372.4815739,373.419265,0.009987571023,1,0.0577013754,0.05770137928,3.584713491,3.584372677,1,-0.07164551801,-0.07164551801,3.476491185,3.476491185
1558,31177103,1,17.03012018,20.08009099,372.4738192,0,372.4815739,373.419265,0.009987571023,1,0.0577013754,0.05770137704,3.58491531,3.584583865,1,-0.07164551801,-0.07164551801,3.476491185,3.476491185
1559,31196936,1,17.03012018,20.08009099,372.4738192,0,372.4815739,373.419265,0.009987571023,1,0.0577013754,0.05770137663,3.585020309,3.584671154,1,-0.07164551801,-0.07164551801,3.476491185,3.476491185
1560,31220463,1,17.03012018,20.08009099,372.4738192,0,372.4815739,373.419265,0.009987571023,1,0.0577013754,0.05770137592,3.585206926,3.584902489,1,-0.07164551801,-0.07164551801,3.476491185,3.476491185
1561,31241314,1,17.03012018,20.08009099,372.4738192,0,372.4815739,373.419265,0.009987571023,1,0.0577013754,0.05770137579,3.585288907,3.584979773,1,-0.07164551801,-0.07164551801,3.476491185,3.476491185
1562,31259890,1,17.03012018,20.08009099,372.4738192,0,372.4815739,373.419265,0.009987571023,1,0.0577013754,0.05770137562,3.585657429,3.58519416,1,-0.07164551801,-0.07164551801,3.476491185,3.476491185
1563,31277417,1,17.03012018,20.08072973,372.4738192,0,372.4815739,373.419265,0.009987571023,1,0.0577013754,0.05770137553,3.58584867,3.585426632,1,-0.07164551801,-0.07164551801,3.476491185,3.476491185
1564,31296743,1,17.03012018,20.08136847,372.4738192,0,372.4815739,373.419265,0.009987571023,1,0.0577013754,0.05770137547,3.586035445,3.585643831,1,-0.07164551801,-0.07164551801,3.476491185,3.476491185
1565,31320562,1,17.03012018,20.08264595,372.4738192,0,372.4815739,373.419265,0.009987571023,1,0.05752403299,0.05765127834,3.586405711,3.585938799,1,-0.07164551801,-0.07164551801,3.476491185,3.476491185
1566,31336567,1,17.03012018,20.08392343,372.4738192,0,372.4815739,373.419265,0.009987571023,1,0.05742470627,0.05759463532,3.586408475,3.586032734,1,-0.07164551801,-0.07164551801,3.476491185,3.476491185
1567,31356938,1,17.03012018,20.08775587,372.4738192,0,372.4815739,373.419265,0.009987571023,1,0.05689120997,0.05734216594,3.586408696,3.58616808,1,-0.07164551801,-0.07164551801,3.476491185,3.476491185
1568,31376544,1,17.03012018,20.09222706,372.4738192,0,372.4815739,373.419265,0.009987571023,1,0.0561507857,0.05689388012,3.586408696,3.586254702,1,-0.07164551801,-0.07164551801,3.476491185,3.476491185
1569,31397390,1,17.03012018,20.09733698,372.4738192,0,372.4815739,373.419265,0.009987571023,1,0.05517817201,0.05626027189,3.586594864,3.586347373,1,-0.07164551801,-0.07164551801,3.476491185,3.476491185
1570,31420142,1,17.03012018,20.10244691,372.4738192,0,372.4815739,373.419265,0.009987571023,1,0.0530508701,0.05479503792,3.586595313,3.586468368,1,-0.07164551801,-0.07164551801,3.476491185,3.476491185
1571,31440783,1,17.03012018,20.10691809,372.4738192,0,372.4815739,373.419265,0.009987571023,1,0.05113829584,0.05341083296,3.586595313,3.586514068,1,-0.07164551801,-0.07164551801,3.476491185,3.476491185
1572,31457251,1,17.03012018,20.11075054,372.4738192,0,372.4815739,373.419265,0.009987571023,1,0.05041494954,0.05266186211,3.586595313,3.586530317,1,-0.07164551801,-0.07164551801,3.476491185,3.476491185
1573,31477208,1,17.03012018,20.11458298,372.4738192,0,372.4815739,373.419265,0.009987571023,1,0.04831169606,0.05095963505,3.586595313,3.586553716,1,-0.07164551801,-0.07164551801,3.476491185,3.476491185
1574,31496584,1,17.03012018,20.11969291,372.4738192,0,372.4815739,373.419265,0.009987571023,1,0.04587714167,0.04899325439,3.586595313,3.586568691,1,-0.07164551801,-0.07164551801,3.476491185,3.476491185
1575,31520790,1,17.03012018,20.12671906,372.4738192,0,372.4815739,373.419265,0.009987571023,1,0.04128817929,0.0454029679,3.586595313,3.586581683,1,-0.07164551801,-0.07164551801,3.476491185,3.476491185
1576,31537853,1,17.03012018,20.13119024,372.4738192,0,372.4815739,373.419265,0.009987571023,1,0.04030059211,0.04412737395,3.586595313,3.586584409,1,-0.07164551801,-0.07164551801,3.476491185,3.476491185
1577,31556918,1,17.03012018,20.13502268,372.4738192,0,372.4815739,373.419265,0.009987571023,1,0.03702326068,0.04132124587,3.586595313,3.586588334,1,-0.07164551801,-0.07164551801,3.476491185,3.476491185
1578,31577229,1,17.03012018,20.13757765,372.4738192,0,372.4815739,373.419265,0.009987571023,1,0.03347660286,0.03827437963,3.586595313,3.586590847,1,-0.07164551801,-0.07164551801,3.476491185,3.476491185
1579,31597156,1,17.03012018,20.14013261,372.4738192,0,372.4815739,373.419265,0.009987571023,1,0.02972400431,0.0348537374,3.586595313,3.586592455,1,-0.07164551801,-0.07164551801,3.476491185,3.476491185
1580,31620362,1,17.03012018,20.14204883,372.4738192,0,372.4815739,373.419265,0.009987571023,1,0.02325897527,0.02928110063,3.586595313,3.58659385,1,-0.07164551801,-0.07164551801,3.476491185,3.476491185
1581,31637988,1,17.03012018,20.14332631,372.4738192,0,372.4815739,373.419265,0.009987571023,1,0.01985795703,0.02556022559,3.586595313,3.586594377,1,-0.07164551801,-0.07164551801,3.476491185,3.476491185
1582,31657873,1,17.03012018,20.14460379,372.4738192,0,372.4815739,373.419265,0.009987571023,1,0.01801366658,0.02367358584,3.586595313,3.586594564,1,-0.07164551801,-0.07164551801,3.476491185,3.476491185
1583,31676956,1,17.03012018,20.14524254,372.4738192,0,372.4815739,373.419265,0.009987571023,1,0.01367391417,0.01970195518,3.586595313,3.586594834,1,-0.07164551801,-0.07164551801,3.476491185,3.476491185
1584,31701007,1,17.03012018,20.14652002,372.4738192,0,372.4815739,373.419265,0.009987571023,1,0.006561688172,0.01338797015,3.58678193,3.586677845,1,-0.07164551801,-0.07164551801,3.476491185,3.476491185
1585,31719428,1,17.03012018,20.1477975,372.4738192,0,372.4815739,373.419265,0.009987571023,1,0.002830581178,0.009259570725,3.58678193,3.586715316,1,-0.07164551801,-0.07164551801,3.476491185,3.476491185
1586,31737465,1,17.03012018,20.14971372,372.4738192,0,372.4815739,373.419265,0.009987571023,1,-0.0002242683425,0.00539583877,3.58678193,3.586739297,1,-0.07164551801,-0.07164551801,3.476491185,3.476491185
1587,31756726,1,17.03012018,20.15162994,372.4738192,0,372.4815739,373.419265,0.009987571023,1,-0.0002242683425,0.003990811992,3.58678193,3.586747824,1,-0.07164551801,-0.07164551801,3.476491185,3.476491185
1588,31777276,1,17.03012018,20.1541849,372.4738192,0,372.4815739,373.419265,0.009987571023,1,-0.0002242683425,0.002146714346,3.58678193,3.586760102,1,-0.07164551801,-0.07164551801,3.476491185,3.476491185
1589,31797874,1,17.03012018,20.15801735,372.4738192,0,372.4815739,373.419265,0.009987571023,1,-0.01249637131,-0.005443016871,3.586968548,3.586861813,1,-0.07164551801,-0.07164551801,3.476491185,3.476491185
1590,31820768,1,17.03012018,20.16248853,372.4738192,0,372.4815739,373.419265,0.009987571023,1,-0.01442146342,-0.007687628507,3.586968548,3.58688316,1,-0.07164551801,-0.07164551801,3.476491185,3.476491185
1591,31837282,1,17.03012018,20.16632098,372.4738192,0,372.4815739,373.419265,0.009987571023,1,-0.01776165076,-0.01189073407,3.586968548,3.586913899,1,-0.07164551801,-0.07164551801,3.476491185,3.476491185
1592,31857194,1,17.03012018,20.17206964,372.4738192,0,372.4815739,373.419265,0.009987571023,1,-0.0211291737,-0.01557296252,3.586968548,3.586933573,1,-0.07164551801,-0.07164551801,3.476491185,3.476491185
1593,31877141,1,17.03012018,20.17781831,372.4738192,0,372.4815739,373.419265,0.009987571023,1,-0.02372586515,-0.01886977397,3.586968548,3.586946164,1,-0.07164551801,-0.07164551801,3.476491185,3.476491185
1594,31899046,1,17.03012018,20.18292824,372.4738192,0,372.4815739,373.419265,0.009987571023,1,-0.02814305771,-0.02354479473,3.586968548,3.586957087,1,-0.07164551801,-0.07164551801,3.476491185,3.476491185
1595,31921207,1,17.03012018,20.18676068,372.4738192,0,372.4815739,373.419265,0.009987571023,1,-0.03094285189,-0.02643272794,3.586968548,3.586961213,1,-0.07164551801,-0.07164551801,3.476491185,3.476491185
1596,31937511,1,17.03012018,20.18931564,372.4738192,0,372.4815739,373.419265,0.009987571023,1,-0.0318273707,-0.02778138863,3.587151383,3.586999247,1,-0.07164551801,-0.07164551801,3.476491185,3.476491185
1597,31957350,1,17.03012018,20.19123186,372.4738192,0,372.4815739,373.419265,0.009987571023,1,-0.03372419702,-0.0301798943,3.587155165,3.587055375,1,-0.07164551801,-0.07164551801,3.476491185,3.476491185
1598,31977201,1,17.03012018,20.19250935,372.4738192,0,372.4815739,373.419265,0.009987571023,1,-0.03674595727,-0.03353105435,3.587155165,3.587104072,1,-0.07164551801,-0.07164551801,3.476491185,3.476491185
1599,31998542,1,17.03012018,20.19442557,372.4738192,0,372.4815739,373.419265,0.009987571023,1,-0.03772006009,-0.03457830578,3.587155165,3.587114291,1,-0.07164551801,-0.07164551801,3.476491185,3.476491185
1600,32019518,1,17.03012018,20.19570305,372.4738192,0,372.4815739,373.419265,0.009987571023,1,-0.04057848975,-0.03761432361,3.587155165,3.587134237,1,-0.07164551801,-0.07164551801,3.476491185,3.476491185
1601,32037028,1,17.03012018,20.19698053,372.4738192,0,372.4815739,373.419265,0.009987571023,1,-0.0412457708,-0.03852218541,3.587155165,3.587138423,1,-0.07164551801,-0.07164551801,3.476491185,3.476491185
1602,32057998,1,17.03012018,20.19761927,372.4738192,0,372.4815739,373.419265,0.009987571023,1,-0.04354070944,-0.0410900583,3.587155165,3.587146593,1,-0.07164551801,-0.07164551801,3.476491185,3.476491185
1603,32077004,1,17.03012018,20.19761927,372.4738192,0,372.4815739,373.419265,0.009987571023,1,-0.04429899961,-0.04189229363,3.587155165,3.587148307,1,-0.07164551801,-0.07164551801,3.476491185,3.476491185
1604,32096907,1,17.03012018,20.19825801,372.4738192,0,372.4815739,373.419265,0.009987571023,1,-0.04547493485,-0.04336310735,3.587155165,3.587150776,1,-0.07164551801,-0.07164551801,3.476491185,3.476491185
1605,32121425,1,17.03012018,20.19889675,372.4738192,0,372.4815739,373.419265,0.009987571023,1,-0.0473886771,-0.04535820587,3.587341776,3.58719024,1,-0.07164551801,-0.07164551801,3.476491185,3.476491185
1606,32136586,1,17.03012018,20.19889675,372.4738192,0,372.4815739,373.419265,0.009987571023,1,-0.04766008731,-0.04593367623,3.587341782,3.587220548,1,-0.07164551801,-0.07164551801,3.476491185,3.476491185
1607,32157569,1,17.03012018,20.19953549,372.4738192,0,372.4815739,373.419265,0.009987571023,1,-0.04902818591,-0.04751556431,3.587528398,3.587346125,1,-0.07164551801,-0.07164551801,3.476491185,3.476491185
1608,32177588,1,17.03012018,20.20017423,372.4738192,0,372.4815739,373.419265,0.009987571023,1,-0.0494427579,-0.04799736271,3.587528399,3.58738258,1,-0.07164551801,-0.07164551801,3.476491185,3.476491185
1609,32197400,1,17.03012018,20.20081297,372.4738192,0,372.4815739,373.419265,0.009987571023,1,-0.05038568323,-0.04923260202,3.58771501,3.5875169,1,-0.07164551801,-0.07164551801,3.476491185,3.476491185
1610,32219549,1,17.03012018,20.20209046,372.4738192,0,372.4815739,373.419265,0.009987571023,1,-0.05111457522,-0.04997004328,3.587901631,3.587625545,1,-0.07164551801,-0.07164551801,3.476491185,3.476491185
1611,32236679,1,17.03012018,20.20400668,372.4738192,0,372.4815739,373.419265,0.009987571023,1,-0.05133846869,-0.05031214964,3.587901633,3.587680763,1,-0.07164551801,-0.07164551801,3.476491185,3.476491185
1612,32257712,1,17.03012018,20.20656164,372.4738192,0,372.4815739,373.419265,0.009987571023,1,-0.05227545746,-0.05127591641,3.588271883,3.587892439,1,-0.07164551801,-0.07164551801,3.476491185,3.476491185
1613,32276987,1,17.03012018,20.21039409,372.4738192,0,372.4815739,373.419265,0.009987571023,1,-0.05296724612,-0.05194662055,3.588274868,3.588030113,1,-0.07164551801,-0.07164551801,3.476491185,3.476491185
1614,32296642,1,17.03012018,20.21486527,372.4738192,0,372.4815739,373.419265,0.009987571023,1,-0.05336256169,-0.05230060583,3.588274868,3.588079064,1,-0.07164551801,-0.07164551801,3.476491185,3.476491185
1615,32320354,1,17.03012018,20.22189142,372.4738192,0,372.4815739,373.419265,0.009987571023,1,-0.05455100431,-0.05340285341,3.588274868,3.588174616,1,-0.07164551801,-0.07164551801,3.476491185,3.476491185
1616,32337720,1,17.03012018,20.22508512,372.4738192,0,372.4815739,373.419265,0.009987571023,1,-0.05522673946,-0.05411437841,3.588274868,3.588210707,1,-0.07164551801,-0.07164551801,3.476491185,3.476491185
1617,32356544,1,17.03012018,20.22764008,372.4738192,0,372.4815739,373.419265,0.009987571023,1,-0.05551892332,-0.05446551464,3.588274868,3.588223539,1,-0.07164551801,-0.07164551801,3.476491185,3.476491185
1618,32376967,1,17.03012018,20.23083379,372.4738192,0,372.4815739,373.419265,0.009987571023,1,-0.05626247887,-0.05518040525,3.588453792,3.588277802,1,-0.07164551801,-0.07164551801,3.476491185,3.476491185
1619,32397285,1,17.03012018,20.23338875,372.4738192,0,372.4815739,373.419265,0.009987571023,1,-0.05735238579,-0.05625476898,3.588648098,3.588431446,1,-0.07164551801,-0.07164551801,3.476491185,3.476491185
1620,32421769,1,17.03012018,20.23722119,372.4738192,0,372.4815739,373.419265,0.009987571023,1,-0.05830378391,-0.05705118584,3.588648102,3.588509442,1,-0.07164551801,-0.07164551801,3.476491185,3.476491185
1621,32438293,1,17.03012018,20.2404149,372.4738192,0,372.4815739,373.419265,0.009987571023,1,-0.05860936452,-0.05744073051,3.588648102,3.588537174,1,-0.07164551801,-0.07164551801,3.476491185,3.476491185
1622,32457779,1,17.03012018,20.24488608,372.4738192,0,372.4815739,373.419265,0.009987571023,1,-0.05913380222,-0.05811996086,3.588834582,3.588614404,1,-0.07164551801,-0.07164551801,3.476491185,3.476491185
1623,32476585,1,17.03012018,20.24999601,372.4738192,0,372.4815739,373.419265,0.009987571023,1,-0.05982050446,-0.05881208118,3.588834719,3.588693718,1,-0.07164551801,-0.07164551801,3.476491185,3.476491185
1624,32496884,1,17.03012018,20.25638341,372.4738192,0,372.4815739,373.419265,0.009987571023,1,-0.06054998658,-0.05949338666,3.588834719,3.588744478,1,-0.07164551801,-0.07164551801,3.476491185,3.476491185
1625,32521236,1,17.03012018,20.26340956,372.4738192,0,372.4815739,373.419265,0.009987571023,1,-0.06162496215,-0.06054853083,3.589021336,3.588873041,1,-0.07164551801,-0.07164551801,3.476491185,3.476491185
1626,32536992,1,17.03012018,20.26660327,372.4738192,0,372.4815739,373.419265,0.009987571023,1,-0.06180564781,-0.06086281008,3.589021336,3.5889027,1,-0.07164551801,-0.07164551801,3.476491185,3.476491185
1627,32557668,1,17.03012018,20.27043571,372.4738192,0,372.4815739,373.419265,0.009987571023,1,-0.06264273863,-0.06175608748,3.589021336,3.588960595,1,-0.07164551801,-0.07164551801,3.476491185,3.476491185
1628,32577391,1,17.03012018,20.27362941,372.4738192,0,372.4815739,373.419265,0.009987571023,1,-0.06313884603,-0.06230985969,3.589021336,3.588982462,1,-0.07164551801,-0.07164551801,3.476491185,3.476491185
1629,32597129,1,17.03012018,20.27618438,372.4738192,0,372.4815739,373.419265,0.009987571023,1,-0.06365429466,-0.06285637531,3.589021336,3.588996457,1,-0.07164551801,-0.07164551801,3.476491185,3.476491185
1630,32621658,1,17.03012018,20.27937808,372.4738192,0,372.4815739,373.419265,0.009987571023,1,-0.06430917308,-0.06341894249,3.589207954,3.589072361,1,-0.07164551801,-0.07164551801,3.476491185,3.476491185
1631,32637515,1,17.03012018,20.28065556,372.4738192,0,372.4815739,373.419265,0.009987571023,1,-0.06450086735,-0.0636894237,3.589207954,3.589099479,1,-0.07164551801,-0.07164551801,3.476491185,3.476491185
1632,32657311,1,17.03012018,20.28321052,372.4738192,0,372.4815739,373.419265,0.009987571023,1,-0.06505176992,-0.06438243735,3.589207954,3.589152415,1,-0.07164551801,-0.07164551801,3.476491185,3.476491185
1633,32677137,1,17.03012018,20.28640423,372.4738192,0,372.4815739,373.419265,0.009987571023,1,-0.06529433905,-0.06461041278,3.589207954,3.589163523,1,-0.07164551801,-0.07164551801,3.476491185,3.476491185
1634,32697486,1,17.03012018,20.28959793,372.4738192,0,372.4815739,373.419265,0.009987571023,1,-0.06586272914,-0.06524337872,3.589394571,3.589276182,1,-0.07164551801,-0.07164551801,3.476491185,3.476491185
1635,32720262,1,17.03012018,20.29343037,372.4738192,0,372.4815739,373.419265,0.009987571023,1,-0.06628984374,-0.06565087668,3.589394571,3.589318802,1,-0.07164551801,-0.07164551801,3.476491185,3.476491185
1636,32736661,1,17.03012018,20.29662408,372.4738192,0,372.4815739,373.419265,0.009987571023,1,-0.06641782841,-0.06584261461,3.589394571,3.589333955,1,-0.07164551801,-0.07164551801,3.476491185,3.476491185
1637,32758021,1,17.03012018,20.30237274,372.4738192,0,372.4815739,373.419265,0.009987571023,1,-0.06653653727,-0.06614620577,3.589394571,3.589355777,1,-0.07164551801,-0.07164551801,3.476491185,3.476491185
1638,32777506,1,17.03012018,20.30812141,372.4738192,0,372.4815739,373.419265,0.009987571023,1,-0.06682514049,-0.06638912661,3.589394571,3.589369743,1,-0.07164551801,-0.07164551801,3.476491185,3.476491185
1639,32797282,1,17.03012018,20.3157863,372.4738192,0,372.4815739,373.419265,0.009987571023,1,-0.06691187915,-0.06661499366,3.589394571,3.589378681,1,-0.07164551801,-0.07164551801,3.476491185,3.476491185
1640,32823156,1,17.03012018,20.32983859,372.4738192,0,372.4815739,373.419265,0.009987571023,1,-0.06685812509,-0.06677320665,3.589581188,3.589477411,1,-0.07164551801,-0.07164551801,3.476491185,3.476491185
1641,32838367,1,17.03012018,20.34005844,372.4738192,0,372.4815739,373.419265,0.009987571023,1,-0.0668234802,-0.06678577504,3.589581188,3.589498167,1,-0.07164551801,-0.07164551801,3.476491185,3.476491185
1642,32857095,1,17.03012018,20.35155578,372.4738192,0,372.4815739,373.419265,0.009987571023,1,-0.0667023166,-0.0667615854,3.589581188,3.589528054,1,-0.07164551801,-0.07164551801,3.476491185,3.476491185
1643,32876956,1,17.03012018,20.36241437,372.4738192,0,372.4815739,373.419265,0.009987571023,1,-0.06643648412,-0.06664602871,3.589581188,3.589547182,1,-0.07164551801,-0.07164551801,3.476491185,3.476491185
1644,32897974,1,17.00778682,20.36944052,372.4519511,0,372.4628076,373.419265,0.009987571023,1,-0.06609661857,-0.06644556901,3.589581188,3.589559424,1,-0.07164551801,-0.07164551801,3.476491185,3.476491185
1645,32920302,1,16.9240367,20.37327296,372.3692867,0,372.3793677,373.419265,0.009987571023,1,-0.06545414347,-0.06599420186,3.589581188,3.589570045,1,-0.07164551801,-0.07164551801,3.476491185,3.476491185
1646,32936961,1,16.81500646,20.37518918,372.2574648,0,372.2675458,373.419265,0.009987571023,1,-0.06522551235,-0.06580202948,3.589581188,3.589572274,1,-0.07164551801,-0.07164551801,3.476491185,3.476491185
1647,32957141,1,16.63804558,20.37582792,372.0837608,0,372.0927562,373.419265,0.009987571023,1,-0.06454292979,-0.06520667705,3.589581188,3.589576624,1,-0.07164551801,-0.07164551801,3.476491185,3.476491185
1648,32976918,1,16.37392254,20.3771054,371.8165359,0,371.8261517,373.419265,0.009987571023,1,-0.0642260075,-0.06496150966,3.589581188,3.589577537,1,-0.07164551801,-0.07164551801,3.476491185,3.476491185
1649,32997092,1,16.08700085,20.3771054,371.5285286,0,371.5372138,373.419265,0.009987571023,1,-0.06354115634,-0.06440833978,3.589581188,3.589578851,1,-0.07164551801,-0.07164551801,3.476491185,3.476491185
1650,33021153,1,15.67259289,20.3771054,371.1178429,0,371.1265281,373.419265,0.009987571023,1,-0.06228193722,-0.06342192965,3.589581188,3.589579991,1,-0.07164551801,-0.07164551801,3.476491185,3.476491185
1651,33036950,1,15.37745128,20.3771054,370.8216156,0,370.8293703,373.419265,0.009987571023,1,-0.06201399882,-0.06306994694,3.589761733,3.58961634,1,-0.07164551801,-0.07164551801,3.476491185,3.476491185
1652,33057008,1,14.91760113,20.3771054,370.3630062,0,370.3716914,373.419265,0.009987571023,1,-0.06080854995,-0.06196466295,3.590698502,3.590021638,1,-0.07164551801,-0.07164551801,3.476491185,3.476491185
1653,33077532,1,14.4031583,20.3771054,369.8477879,0,369.8556976,373.4191099,0.009987571023,1,-0.05999826802,-0.06118707542,3.590887507,3.590332379,1,-0.07164551801,-0.07164551801,3.476491185,3.476491185
1654,33096619,1,13.89011132,20.37966037,369.3317942,0,369.3421854,373.419265,0.009987571023,1,-0.05935367258,-0.06045090111,3.590887508,3.590532226,1,-0.07164551801,-0.07164551801,3.476491185,3.476491185
1655,33121125,1,13.18366361,20.387964,368.6251914,0,368.6338766,373.4191099,0.009987571023,1,-0.05850535071,-0.05968086832,3.590887508,3.590660127,1,-0.07164551801,-0.07164551801,3.476491185,3.476491185
1656,33140856,1,12.67728561,20.39626763,368.1205194,0,368.1313759,373.419265,0.009987571023,1,-0.05820581782,-0.0593121057,3.591073771,3.590742856,1,-0.07164551801,-0.07164551801,3.476491185,3.476491185
1657,33156696,1,12.30397723,20.40137755,367.7470559,0,367.7552758,373.419265,0.009987571023,1,-0.05786915315,-0.05870992875,3.591074125,3.590862113,1,-0.07164551801,-0.07164551801,3.476491185,3.476491185
1658,33177251,1,11.70330281,20.40968118,367.1451408,0,367.1528954,373.419265,0.009987571023,1,-0.05721429773,-0.05795352591,3.591074125,3.590965575,1,-0.07164551801,-0.07164551801,3.476491185,3.476491185
1659,33197226,1,11.19103129,20.41606859,366.637522,0,366.6451216,373.4191099,0.009987571023,1,-0.05703135815,-0.05772298397,3.591074125,3.590987285,1,-0.07164551801,-0.07164551801,3.476491185,3.476491185
1660,33222273,1,10.66542178,20.42245599,366.1067944,0,366.1145491,373.419265,0.009987571023,1,-0.05636306814,-0.05705768021,3.591074125,3.591029663,1,-0.07164551801,-0.07164551801,3.476491185,3.476491185
1661,33239685,1,10.37400241,20.42373347,365.8161505,0,365.8240603,373.4191099,0.009987571023,1,-0.05616586891,-0.05683472738,3.591074125,3.591038555,1,-0.07164551801,-0.07164551801,3.476491185,3.476491185
1662,33257051,1,10.10367566,20.42437222,365.5436525,0,365.5520275,373.419265,0.009987571023,1,-0.05583712701,-0.05643271236,3.591074125,3.591051361,1,-0.07164551801,-0.07164551801,3.476491185,3.476491185
1663,33279151,1,9.697952888,20.4256497,365.1419621,0,365.1494066,373.419265,0.009987571023,1,-0.05531838211,-0.05586383573,3.591074125,3.59106247,1,-0.07164551801,-0.07164551801,3.476491185,3.476491185
1664,33297381,1,9.412737226,20.42628844,364.8536446,0,364.8615543,373.419265,0.009987571023,1,-0.05524474563,-0.05570906321,3.591074125,3.591064801,1,-0.07164551801,-0.07164551801,3.476491185,3.476491185
1665,33320931,1,9.070757598,20.42692718,364.5143016,0,364.5229868,373.419265,0.009987571023,1,-0.05465847472,-0.05521350984,3.591074125,3.591069351,1,-0.07164551801,-0.07164551801,3.476491185,3.476491185
1666,33339346,1,8.829433199,20.42692718,364.270961,0,364.281042,373.419265,0.009987571023,1,-0.05445938004,-0.05502497739,3.591074125,3.591070306,1,-0.07164551801,-0.07164551801,3.476491185,3.476491185
1667,33358290,1,8.596483811,20.42756592,364.0411134,0,364.0491782,373.419265,0.009987571023,1,-0.05415002378,-0.05467585852,3.591074125,3.591071681,1,-0.07164551801,-0.07164551801,3.476491185,3.476491185
1668,33377203,1,8.339805224,20.42756592,363.7855205,0,363.7935853,373.419265,0.009987571023,1,-0.05348270456,-0.05409118589,3.591074125,3.591072874,1,-0.07164551801,-0.07164551801,3.476491185,3.476491185
1669,33396898,1,8.067152078,20.42756592,363.5114715,0,363.5186058,373.419265,0.009987571023,1,-0.05327750944,-0.05388776678,3.591074125,3.591073124,1,-0.07164551801,-0.07164551801,3.476491185,3.476491185
1670,33419691,1,7.712609934,20.42820466,363.1592558,0,363.1665451,373.419265,0.009987571023,1,-0.05259768641,-0.0532462528,3.591074125,3.591073613,1,-0.07164551801,-0.07164551801,3.476491185,3.476491185
1671,33437019,1,7.468493864,20.42820466,362.9118827,0,362.9182415,373.419265,0.009987571023,1,-0.05244323402,-0.05304549811,3.591074125,3.591073715,1,-0.07164551801,-0.07164551801,3.476491185,3.476491185
1672,33457074,1,7.168389293,20.42820466,362.6103823,0,362.6182921,373.419265,0.009987571023,1,-0.05207829735,-0.05265289069,3.591074125,3.591073863,1,-0.07164551801,-0.07164551801,3.476491185,3.476491185
1673,33476845,1,6.874023155,20.42820466,362.3153958,0,362.3217546,373.4191099,0.009987571023,1,-0.05153665696,-0.05209228322,3.591260742,3.591160984,1,-0.07164551801,-0.07164551801,3.476491185,3.476491185
1674,33497155,1,6.553291241,20.4288434,361.9941986,0,362.0019533,373.419265,0.009987571023,1,-0.05115087749,-0.0517146104,3.591260742,3.591196897,1,-0.07164551801,-0.07164551801,3.476491185,3.476491185
1675,33520695,1,6.219996811,20.4288434,361.6629204,0,361.6697445,373.4191099,0.009987571023,1,-0.05083466159,-0.05136595402,3.591260742,3.591219881,1,-0.07164551801,-0.07164551801,3.476491185,3.476491185
1676,33537089,1,5.99076965,20.42948214,361.4313668,0,361.4392766,373.419265,0.009987571023,1,-0.05075658894,-0.05121361275,3.591260742,3.591228054,1,-0.07164551801,-0.07164551801,3.476491185,3.476491185
1677,33556721,1,5.725405866,20.43012088,361.1683295,0,361.1765494,373.4191099,0.009987571023,1,-0.05055550131,-0.05086487463,3.591260742,3.591244006,1,-0.07164551801,-0.07164551801,3.476491185,3.476491185
1678,33576990,1,5.473069878,20.43012088,360.9173893,0,360.925299,373.4191099,0.009987571023,1,-0.05039375008,-0.05067509033,3.591260742,3.591250031,1,-0.07164551801,-0.07164551801,3.476491185,3.476491185
1679,33597391,1,5.260127461,20.43075962,360.7039816,0,360.7109608,373.419265,0.009987571023,1,-0.05026817247,-0.05057336087,3.591260742,3.591252173,1,-0.07164551801,-0.07164551801,3.476491185,3.476491185
1680,33620351,1,5.073705914,20.43139836,360.5167846,0,360.5254698,373.419265,0.009987571023,1,-0.0498935472,-0.05025482507,3.591260742,3.591256355,1,-0.07164551801,-0.07164551801,3.476491185,3.476491185
1681,33637446,1,4.943583053,20.4320371,360.387127,0,360.3956571,373.4191099,0.009987571023,1,-0.04979628834,-0.05014019089,3.591260742,3.591257232,1,-0.07164551801,-0.07164551801,3.476491185,3.476491185
1682,33656420,1,4.797950912,20.4320371,360.2418051,0,360.2501801,373.419265,0.009987571023,1,-0.04954133206,-0.04983859454,3.591260742,3.591258945,1,-0.07164551801,-0.07164551801,3.476491185,3.476491185
1683,33677612,1,4.614010849,20.4320371,360.0575548,0,360.0659298,373.419265,0.009987571023,1,-0.04925006188,-0.04961271627,3.591260742,3.591259592,1,-0.07164551801,-0.07164551801,3.476491185,3.476491185
1684,33697123,1,4.464811574,20.43267584,359.9078903,0,359.9165755,373.419265,0.009987571023,1,-0.04906508137,-0.04947580754,3.591076481,3.59122297,1,-0.07164551801,-0.07164551801,3.476491185,3.476491185
1685,33719473,1,4.278390027,20.43331459,359.7231747,0,359.7309294,373.419265,0.009987571023,1,-0.04844954655,-0.04900431834,3.591074125,3.591150335,1,-0.07164551801,-0.07164551801,3.476491185,3.476491185
1686,33738708,1,4.104686089,20.43331459,359.5468342,0,359.5542787,373.419265,0.009987571023,1,-0.04821398915,-0.04880673604,3.591074125,3.591135093,1,-0.07164551801,-0.07164551801,3.476491185,3.476491185
1687,33756725,1,3.916093242,20.43331459,359.3611881,0,359.3684775,373.419265,0.009987571023,1,-0.04808712627,-0.04839071164,3.591074125,3.591105341,1,-0.07164551801,-0.07164551801,3.476491185,3.476491185
1688,33777037,1,3.656002614,20.43331459,359.1000119,0,359.1063707,373.419265,0.009987571023,1,-0.04808712627,-0.04825789304,3.591074125,3.591094103,1,-0.07164551801,-0.07164551801,3.476491185,3.476491185
1689,33796817,1,3.444611125,20.43331459,358.8858287,0,358.8935833,373.419265,0.009987571023,1,-0.04808712627,-0.04818318258,3.591074125,3.591086911,1,-0.07164551801,-0.07164551801,3.476491185,3.476491185
1690,33820361,1,3.258654856,20.43331459,358.7032845,0,358.7110391,373.419265,0.009987571023,1,-0.0463998978,-0.04751275982,3.591074125,3.591082308,1,-0.07164551801,-0.07164551801,3.476491185,3.476491185
1691,33837003,1,3.171647794,20.43331459,358.613951,0,358.6221709,373.419265,0.009987571023,1,-0.04621552587,-0.04718845133,3.591074125,3.591080672,1,-0.07164551801,-0.07164551801,3.476491185,3.476491185
1692,33856853,1,3.080918505,20.43331459,358.5235319,0,358.5314416,373.419265,0.009987571023,1,-0.04590219958,-0.04666328062,3.591074125,3.591078315,1,-0.07164551801,-0.07164551801,3.476491185,3.476491185
1693,33876549,1,3.187157074,20.43331459,358.5041453,0,358.5101939,373.419265,0.009987571023,1,-0.04527523233,-0.04595660077,3.591074125,3.59107627,1,-0.07164551801,-0.07164551801,3.476491185,3.476491185
1694,33896906,1,3.172268165,20.43331459,358.5561014,0,358.5616847,373.419265,0.009987571023,1,-0.04477138581,-0.04548082995,3.591074125,3.591075498,1,-0.07164551801,-0.07164551801,3.476491185,3.476491185
1695,33920538,1,3.172113072,20.43331459,358.5916177,0,358.5979765,373.419265,0.009987571023,1,-0.04453040082,-0.04524322267,3.591074125,3.591075224,1,-0.07164551801,-0.07164551801,3.476491185,3.476491185
1696,33940974,1,3.172113072,20.43331459,358.6043353,0,358.6110043,373.419265,0.009987571023,0,NaN,NaN,NaN,NaN,0,NaN,NaN,NaN,NaN
1697,33960911,1,3.172268165,20.43331459,358.6096084,0,358.6165876,373.419265,0.009987571023,0,NaN,NaN,NaN,NaN,0,NaN,NaN,NaN,NaN
1698,33977445,1,3.254622443,20.43331459,358.6114695,0,358.6186038,373.419265,0.009987571023,1,-0.04249730126,-0.04455674232,3.591074125,3.591075004,1,-0.07164551801,-0.07164551801,3.476491185,3.476491185
1699,33996951,1,3.957037742,20.43650829,358.6127103,0,358.6199996,373.3200056,0.009987571023,1,-0.04210075336,-0.04352944833,3.591074125,3.591074688,1,-0.07164551801,-0.07164551801,3.476491185,3.476491185
1700,34019759,1,6.108950365,20.44417318,358.6133306,0,358.6209302,372.444972,0.009987571023,1,-0.04154083135,-0.04271072195,3.591074125,3.591074485,1,-0.07164551801,-0.07164551801,3.476491185,3.476491185
1701,34037149,1,8.361518216,20.45567051,358.6136408,0,358.6213955,370.8608541,0.009987571023,1,-0.04112085658,-0.04206289605,3.591074125,3.591074356,1,-0.07164551801,-0.07164551801,3.476491185,3.476491185
1702,34056841,1,11.15551504,20.47547147,358.6136408,0,358.6215506,368.2180728,0.009987571023,1,-0.04090516546,-0.0417734634,3.591074125,3.591074309,1,-0.07164551801,-0.07164551801,3.476491185,3.476491185
1703,34077630,1,14.20851684,20.48122014,358.6136408,0,358.6217057,365.1771682,0.009987571023,1,-0.04048851253,-0.04125387367,3.591074125,3.591074243,1,-0.07164551801,-0.07164551801,3.476491185,3.476491185
1704,34096910,1,16.85548568,20.4837751,358.6137959,0,358.6217057,362.4756067,0.009987571023,1,-0.0397476816,-0.04087732565,3.591074125,3.59107422,1,-0.07164551801,-0.07164551801,3.476491185,3.476491185
1705,34119792,1,17.82140365,20.48505258,358.6137959,0,358.6218607,360.3731687,0.009987571023,1,-0.03931725442,-0.04025339446,3.591074125,3.591074186,1,-0.07164551801,-0.07164551801,3.476491185,3.476491185
1706,34136921,1,17.9906099,20.4869688,358.6137959,0,358.6218607,359.7562095,0.009987571023,1,-0.03899872593,-0.03973510373,3.591074125,3.591074164,1,-0.07164551801,-0.07164551801,3.476491185,3.476491185
1707,34157117,1,17.99309138,20.48824628,358.6137959,0,358.6220158,359.6136792,0.009987571023,0,NaN,NaN,NaN,NaN,0,NaN,NaN,NaN,NaN
1708,34176723,1,17.99402194,20.48952377,358.6137959,0,358.6220158,359.6161607,0.009987571023,1,-0.038489844,-0.0394237888,3.591074125,3.591074156,1,-0.07164551801,-0.07164551801,3.476491185,3.476491185
1709,34196806,1,18.02969329,20.49016251,358.613951,0,358.6220158,359.6155403,0.009987571023,0,NaN,NaN,NaN,NaN,0,NaN,NaN,NaN,NaN
1710,34219239,1,18.0250405,20.49143999,358.613951,0,358.6220158,359.598325,0.009987571023,1,-0.03807811149,-0.03824196353,3.591074125,3.591074125,1,-0.07164551801,-0.07164551801,3.476491185,3.476491185
1711,34236676,1,18.05233684,20.49143999,358.613951,0,358.6220158,359.5935171,0.009987571023,1,-0.0380399093,-0.03815517914,3.589322447,3.590684017,1,-0.07164551801,-0.07164551801,3.476491185,3.476491185
1712,34257324,1,17.67251456,20.50038236,358.613951,0,358.6220158,359.5922764,0.009987571023,1,-0.03803053973,-0.03810239492,3.587737915,3.589798949,1,-0.07164551801,-0.07164551801,3.476491185,3.476491185
1713,34277497,1,17.32960438,20.51379591,358.613951,0,358.6220158,359.5868482,0.009987571023,1,-0.03802559135,-0.03806879491,3.587155886,3.588877431,1,-0.07164551801,-0.07164551801,3.476491185,3.476491185
1714,34296993,1,17.16396527,20.52273828,358.613951,0,358.6220158,359.5837463,0.009987571023,1,-0.03802559135,-0.03804989336,3.585455026,3.58781118,1,-0.07164551801,-0.07164551801,3.476491185,3.476491185
1715,34319148,1,17.08238645,20.53487435,358.613951,0,358.6220158,359.5801792,0.009987571023,1,-0.03808268309,-0.03805353416,3.579014507,3.585618502,1,-0.07164551801,-0.07164551801,3.476491185,3.476491185
1716,34336936,1,17.05431466,20.54509421,358.613951,0,358.6220158,359.5778528,0.009987571023,1,-0.03816112035,-0.0380898063,3.576334197,3.582505453,1,-0.07164551801,-0.07164551801,3.476491185,3.476491185
1717,34356891,1,17.04082158,20.55467532,358.613951,0,358.6220158,359.5753713,0.009987571023,1,-0.03831963078,-0.03817598093,3.575275434,3.580022332,1,-0.07164551801,-0.07164551801,3.476491185,3.476491185
1718,34377326,1,17.0339975,20.56106272,358.613951,0,358.6220158,359.5730449,0.009987571023,1,-0.03850354707,-0.03829596274,3.573913104,3.57791212,1,-0.07164551801,-0.07164551801,3.476491185,3.476491185
1719,34397038,1,17.03120583,20.56617265,358.613951,0,358.6220158,359.5713389,0.009987571023,1,-0.03871516488,-0.03845722194,3.573905346,3.576469686,1,-0.07164551801,-0.07164551801,3.476491185,3.476491185
1720,34419553,1,17.02949981,20.57064383,358.613951,0,358.6220158,359.5694778,0.009987571023,1,-0.03889650857,-0.03863460731,3.57453549,3.575672552,1,-0.07164551801,-0.07164551801,3.476491185,3.476491185
1721,34436616,1,17.02841416,20.5731988,358.613951,0,358.6220158,359.5687023,0.009987571023,0,NaN,NaN,NaN,NaN,0,NaN,NaN,NaN,NaN
1722,34456976,1,17.02779379,20.57575376,358.613951,0,358.6220158,359.5676167,0.009987571023,0,NaN,NaN,NaN,NaN,0,NaN,NaN,NaN,NaN
1723,34477322,1,17.02732851,20.57830872,358.613951,0,358.6220158,359.5673065,0.009987571023,1,-0.03902363836,-0.03899355788,3.579817566,3.57776959,1,-0.07164551801,-0.07164551801,3.476491185,3.476491185
1724,34496984,1,17.02763869,20.58214117,358.613951,0,358.6220158,359.5669963,0.009987571023,1,-0.03903789618,-0.03901849354,3.581945584,3.579580331,1,-0.07164551801,-0.07164551801,3.476491185,3.476491185
1725,34520918,1,17.02872434,20.60513583,358.613951,0,358.6220158,359.5666861,0.009987571023,1,-0.03901973601,-0.03902244215,3.582674885,3.580653877,1,-0.07164551801,-0.07164551801,3.476491185,3.476491185
1726,34536756,1,17.02903453,20.63068546,358.613951,0,358.6220158,359.5668412,0.009987571023,1,-0.03896893836,-0.03900906621,3.584284529,3.581380008,1,-0.07164551801,-0.07164551801,3.476491185,3.476491185
1727,34556870,1,17.02934472,20.6690099,358.613951,0,358.6220158,359.5666861,0.009987571023,1,-0.03860485473,-0.0388443986,3.58682078,3.583726425,1,-0.07164551801,-0.07164551801,3.476491185,3.476491185
1728,34577153,1,17.01492108,20.72521908,358.5985968,0,358.6086779,359.5668412,0.009987571023,1,-0.03803500361,-0.03854538631,3.58835369,3.585341283,1,-0.07164551801,-0.07164551801,3.476491185,3.476491185
1729,34596460,1,16.95288396,20.79867426,358.5385759,0,358.5474162,359.5669963,0.009987571023,1,-0.03735928545,-0.03809451314,3.589390728,3.586750752,1,-0.07164551801,-0.07164551801,3.476491185,3.476491185
1730,34620352,1,16.7560712,20.91748003,358.3417631,0,358.3507585,359.5673065,0.009987571023,1,-0.03638408169,-0.03744802948,3.590137538,3.58788097,1,-0.07164551801,-0.07164551801,3.476491185,3.476491185
1731,34636517,1,16.57523299,20.98199284,358.1618555,0,358.1697652,359.5674616,0.009987571023,1,-0.03604099676,-0.0370962713,3.590675984,3.588439973,1,-0.07164551801,-0.07164551801,3.476491185,3.476491185
1732,34657265,1,16.17726486,21.07269401,357.7621813,0,357.7717971,359.5676167,0.009987571023,1,-0.03467237201,-0.03592422405,3.591245092,3.589759448,1,-0.07164551801,-0.07164551801,3.476491185,3.476491185
1733,34676946,1,15.69353041,21.1493429,357.2782918,0,357.2871321,359.5677717,0.009987571023,1,-0.03366188595,-0.03502727894,3.59158284,3.590383829,1,-0.07164551801,-0.07164551801,3.476491185,3.476491185
1734,34696927,1,15.15256672,21.20171963,356.7379485,0,356.7463235,359.5679268,0.009987571023,1,-0.03271838325,-0.03409909885,3.591820573,3.590895965,1,-0.07164551801,-0.07164551801,3.476491185,3.476491185
1735,34719302,1,14.47170932,21.26176126,356.0563156,0,356.0659314,359.5680819,0.009987571023,1,-0.03163239311,-0.03312960092,3.591820594,3.591228831,1,-0.07164551801,-0.07164551801,3.476491185,3.476491185
1736,34737097,1,13.8882502,21.31222177,355.4728565,0,355.483713,359.5680819,0.009987571023,1,-0.03078618268,-0.03218186467,3.591820594,3.591441866,1,-0.07164551801,-0.07164551801,3.476491185,3.476491185
1737,34759247,1,13.11976537,21.34415881,354.7037513,0,354.7141425,359.568237,0.009987571023,1,-0.02986071955,-0.03124026995,3.591820594,3.591578208,1,-0.07164551801,-0.07164551801,3.476491185,3.476491185
1738,34776745,1,12.49675759,21.35693362,354.0810537,0,354.0912898,359.568237,0.009987571023,1,-0.02949615179,-0.03080424041,3.591820594,3.591626685,1,-0.07164551801,-0.07164551801,3.476491185,3.476491185
1739,34801039,1,11.66577036,21.36779221,353.2477401,0,353.25596,359.5683921,0.009987571023,1,-0.02925290138,-0.02990737253,3.591820594,3.591721313,1,-0.07164551801,-0.07164551801,3.476491185,3.476491185
1740,34819448,1,11.08293161,21.37481836,352.6695541,0,352.6780842,359.5683921,0.009987571023,1,-0.02777682006,-0.02925202107,3.591820594,3.591757054,1,-0.07164551801,-0.07164551801,3.476491185,3.476491185
1741,34836844,1,10.65378982,21.38056702,352.2371554,0,352.2467711,359.5687023,0.009987571023,1,-0.02749310678,-0.0288122925,3.591820594,3.591769762,1,-0.07164551801,-0.07164551801,3.476491185,3.476491185
1742,34858736,1,10.08134229,21.38567695,351.6654833,0,351.6750991,359.5685472,0.009987571023,1,-0.02655660151,-0.0276527935,3.592007205,3.591860189,1,-0.07164551801,-0.07164551801,3.476491185,3.476491185
1743,34876819,1,9.571086976,21.38823191,351.1561586,0,351.1637581,359.5688574,0.009987571023,1,-0.02629419306,-0.02731314339,3.592007211,3.591889593,1,-0.07164551801,-0.07164551801,3.476491185,3.476491185
1744,34896694,1,8.994296847,21.39142562,350.5781277,0,350.5872782,359.5687023,0.009987571023,1,-0.02551841985,-0.02639052061,3.592193826,3.592013938,1,-0.07164551801,-0.07164551801,3.476491185,3.476491185
1745,34919530,1,8.375166383,21.39525806,349.9585319,0,349.9667519,359.5688574,0.009987571023,1,-0.02485615068,-0.02579079855,3.59237809,3.592115551,1,-0.07164551801,-0.07164551801,3.476491185,3.476491185
1746,34936825,1,7.968357964,21.3990905,349.5543601,0,349.5628902,359.5688574,0.009987571023,1,-0.02445310902,-0.02524779417,3.592380445,3.592210911,1,-0.07164551801,-0.07164551801,3.476491185,3.476491185
1747,34957932,1,7.478885082,21.40483917,349.0624057,0,349.0706256,359.5688574,0.009987571023,1,-0.02391545921,-0.02471515245,3.592567061,3.59233852,1,-0.07164551801,-0.07164551801,3.476491185,3.476491185
1748,34977402,1,7.061530352,21.41122658,348.6456714,0,348.6543566,359.5688574,0.009987571023,1,-0.02368866814,-0.02445853138,3.592567063,3.592384229,1,-0.07164551801,-0.07164551801,3.476491185,3.476491185
1749,34997053,1,6.648363129,21.41889147,348.2332796,0,348.2410343,359.5688574,0.009987571023,1,-0.02292006756,-0.02369629532,3.592924638,3.592569731,1,-0.07164551801,-0.07164551801,3.476491185,3.476491185
1750,35021271,1,6.172693506,21.42911132,347.7557489,0,347.7636586,359.5688574,0.009533590522,1,-0.02229877407,-0.02314885648,3.593126193,3.592740313,1,-0.07164551801,-0.07164551801,3.476491185,3.476491185
1751,35037279,1,5.877706997,21.43741495,347.4609175,0,347.4694476,359.5688574,0.009987571023,1,-0.02184875158,-0.02264216832,3.593313505,3.592919953,1,-0.07164551801,-0.07164551801,3.476491185,3.476491185
1752,35057277,1,5.47818794,21.45018976,347.0603128,0,347.0697734,359.5687023,0.009987571023,1,-0.0213451501,-0.02213009093,3.593449033,3.593088741,1,-0.07164551801,-0.07164551801,3.476491185,3.476491185
1753,35077645,1,5.08068509,21.46104835,346.666377,0,346.6735113,359.5687023,0.009987571023,1,-0.02088806982,-0.02162922127,3.593500148,3.593236831,1,-0.07164551801,-0.07164551801,3.476491185,3.476491185
1754,35097029,1,4.691867436,21.47446191,346.2766288,0,346.2850038,359.5687023,0.009987571023,1,-0.02060618964,-0.02137346336,3.593500148,3.593289494,1,-0.07164551801,-0.07164551801,3.476491185,3.476491185
1755,35118921,1,4.270480294,21.48787546,345.8538458,0,345.8622209,359.5687023,0.009987571023,1,-0.01992869319,-0.02066331932,3.593873366,3.593519904,1,-0.07164551801,-0.07164551801,3.476491185,3.476491185
1756,35137478,1,3.914077036,21.49681783,345.4989935,0,345.5067482,359.5687023,0.009987571023,1,-0.01948222437,-0.02020264569,3.594050252,3.59368253,1,-0.07164551801,-0.07164551801,3.476491185,3.476491185
1757,35156759,1,3.571477037,21.50320524,345.1546875,0,345.163838,359.5688574,0.009987571023,1,-0.01930516054,-0.0199782744,3.594059984,3.593758021,1,-0.07164551801,-0.07164551801,3.476491185,3.476491185
1758,35177057,1,3.274784507,21.50767642,344.8601663,0,344.8677658,359.5688574,0.009987571023,1,-0.01865324233,-0.01931663601,3.594432513,3.594009513,1,-0.07164551801,-0.07164551801,3.476491185,3.476491185
1759,35197571,1,3.119071334,21.51150887,344.7033674,0,344.7114323,359.5688574,0.009987571023,1,-0.01823701374,-0.01888505697,3.594433234,3.594162053,1,-0.07164551801,-0.07164551801,3.476491185,3.476491185
1760,35221606,1,3.176300578,21.51598005,344.6331104,0,344.64071,359.5687023,0.009987571023,1,-0.01777452082,-0.01845175907,3.594433234,3.594259678,1,-0.07164551801,-0.07164551801,3.476491185,3.476491185
1761,35237463,1,3.186071425,21.51917375,344.6801035,0,344.685842,359.5687023,0.009987571023,1,-0.01766085288,-0.01825403252,3.594555083,3.594318759,1,-0.07164551801,-0.07164551801,3.476491185,3.476491185
1762,35256934,1,3.185140868,21.52108998,344.726011,0,344.7317494,359.5688574,0.009987571023,1,-0.0173141312,-0.01786645351,3.594619851,3.594427149,1,-0.07164551801,-0.07164551801,3.476491185,3.476491185
1763,35277112,1,3.184830682,21.5230062,344.7503606,0,344.7564092,359.5687023,0.009987571023,0,NaN,NaN,NaN,NaN,0,NaN,NaN,NaN,NaN
1764,35296048,1,3.203286726,21.52364494,344.7607518,0,344.7671106,359.5688574,0.009987571023,0,NaN,NaN,NaN,NaN,0,NaN,NaN,NaN,NaN
1765,35317779,1,3.667014202,21.52492242,344.7655597,0,344.7720736,359.5091467,0.009987571023,1,-0.01576544964,-0.01734120254,3.594806469,3.594503013,1,-0.07164551801,-0.07164551801,3.476491185,3.476491185
1766,35336483,1,4.993833121,21.5261999,344.7669555,0,344.7736245,358.9957895,0.009987571023,1,-0.01545615205,-0.016558445,3.594806469,3.594612257,1,-0.07164551801,-0.07164551801,3.476491185,3.476491185
1767,35357351,1,7.56294538,21.53003235,344.767731,0,344.774555,357.3456021,0.009987571023,1,-0.01506643978,-0.01594514309,3.594806469,3.594682173,1,-0.07164551801,-0.07164551801,3.476491185,3.476491185
1768,35376956,1,10.17718965,21.54280716,344.7681962,0,344.7750203,354.933909,0.009987571023,1,-0.01466409146,-0.01542488973,3.594806469,3.594726919,1,-0.07164551801,-0.07164551801,3.476491185,3.476491185
1769,35397188,1,13.08921209,21.55111079,344.7681962,0,344.7753305,352.0639167,0.009987571023,1,-0.01427907017,-0.01496495805,3.594806469,3.594755557,1,-0.07164551801,-0.07164551801,3.476491185,3.476491185
1770,35417867,1,16.11383191,21.56324686,344.7681962,0,344.7754856,349.0233223,0.009987571023,0,NaN,NaN,NaN,NaN,0,NaN,NaN,NaN,NaN
1771,35437182,1,17.61388948,21.57027301,344.7680411,0,344.7754856,346.9244515,0.009987571023,1,-0.01365557975,-0.01463761348,3.594806469,3.594765739,1,-0.07164551801,-0.07164551801,3.476491185,3.476491185
1772,35456234,1,17.95462837,21.57218923,344.7680411,0,344.7756407,346.0232072,0.009987571023,1,-0.01318717684,-0.01387445257,3.594993085,3.594852612,1,-0.07164551801,-0.07164551801,3.476491185,3.476491185
1773,35477625,1,17.99433213,21.57538293,344.7680411,0,344.7757958,345.765598,0.009987571023,1,-0.01295259277,-0.01364398762,3.595179348,3.594917959,1,-0.07164551801,-0.07164551801,3.476491185,3.476491185
1774,35496673,1,17.99510759,21.57666042,344.7680411,0,344.7757958,345.7676143,0.009987571023,1,-0.01246757907,-0.01334988548,3.595179703,3.594970308,1,-0.07164551801,-0.07164551801,3.476491185,3.476491185
1775,35519744,1,18.03139931,21.57857664,344.7680411,0,344.7757958,345.7787809,0.009987571023,0,NaN,NaN,NaN,NaN,0,NaN,NaN,NaN,NaN
1776,35536511,1,18.02628124,21.57985412,344.7680411,0,344.7757958,345.7479175,0.009987571023,0,NaN,NaN,NaN,NaN,0,NaN,NaN,NaN,NaN
1777,35557353,1,18.02209374,21.58177034,344.7680411,0,344.7757958,345.7530355,0.009987571023,1,-0.01185405781,-0.01210242365,3.595366317,3.595217026,1,-0.07164551801,-0.07164551801,3.476491185,3.476491185
1778,35576763,1,17.89600329,21.58496404,344.7680411,0,344.7757958,345.7466767,0.009987571023,1,-0.01151151313,-0.01183124878,3.595552937,3.595380833,1,-0.07164551801,-0.07164551801,3.476491185,3.476491185
1779,35597287,1,17.47802819,21.5983776,344.7680411,0,344.7757958,345.742179,0.009987571023,1,-0.01119751604,-0.01158210569,3.595552937,3.59544279,1,-0.07164551801,-0.07164551801,3.476491185,3.476491185
1780,35619929,1,17.20258337,21.61626234,344.7681962,0,344.7757958,345.7376813,0.009987571023,1,-0.01079105184,-0.01128424879,3.595552937,3.595482443,1,-0.07164551801,-0.07164551801,3.476491185,3.476491185
1781,35636493,1,17.11433557,21.63414708,344.7681962,0,344.7757958,345.7344244,0.009987571023,1,-0.01052227968,-0.01097849153,3.595552937,3.595507821,1,-0.07164551801,-0.07164551801,3.476491185,3.476491185
1782,35656969,1,17.06455078,21.656503,344.7681962,0,344.7757958,345.7314776,0.009987571023,1,-0.01014775818,-0.0106428745,3.595552937,3.595524063,1,-0.07164551801,-0.07164551801,3.476491185,3.476491185
1783,35677177,1,17.04438872,21.67311026,344.7681962,0,344.7757958,345.728686,0.009987571023,1,-0.01002500187,-0.0103699964,3.594136452,3.595198869,1,-0.07164551801,-0.07164551801,3.476491185,3.476491185
1784,35697062,1,17.03539333,21.68396885,344.7681962,0,344.7757958,345.7263596,0.009987571023,1,-0.01018000084,-0.01027794578,3.592189742,3.5943252,1,-0.07164551801,-0.07164551801,3.476491185,3.476491185
1785,35720139,1,17.03074055,21.69546618,344.7681962,0,344.7757958,345.7241883,0.009987571023,1,-0.01022281829,-0.01024790939,3.592007211,3.593490824,1,-0.07164551801,-0.07164551801,3.476491185,3.476491185
1786,35736819,1,17.02918962,21.70121485,344.7681962,0,344.7757958,345.7227924,0.009987571023,1,-0.01023402858,-0.01024443918,3.592007211,3.593194101,1,-0.07164551801,-0.07164551801,3.476491185,3.476491185
1787,35757285,1,17.02794888,21.70696352,344.7681962,0,344.7757958,345.7210864,0.009987571023,0,NaN,NaN,NaN,NaN,0,NaN,NaN,NaN,NaN
1788,35777403,1,17.02686323,21.70951848,344.7681962,0,344.7757958,345.720466,0.009987571023,0,NaN,NaN,NaN,NaN,0,NaN,NaN,NaN,NaN
1789,35796572,1,17.02655304,21.71079596,344.7681962,0,344.7757958,345.720466,0.009987571023,1,-0.01036327409,-0.01032638302,3.591820594,3.591820691,1,-0.07164551801,-0.07164551801,3.476491185,3.476491185
1790,35819167,1,17.02794888,21.71207344,344.7681962,0,344.7757958,345.7201559,0.009987571023,1,-0.01065282088,-0.01041490956,3.591820594,3.591820656,1,-0.07164551801,-0.07164551801,3.476491185,3.476491185
1791,35836866,1,17.02872434,21.71271218,344.7681962,0,344.7757958,345.7203109,0.009987571023,1,-0.01080177128,-0.01056945924,3.591820594,3.591820634,1,-0.07164551801,-0.07164551801,3.476491185,3.476491185
1792,35856784,1,17.02918962,21.71398966,344.7681962,0,344.7757958,345.7200008,0.009987571023,1,-0.01096376073,-0.01072459115,3.591820594,3.591820619,1,-0.07164551801,-0.07164551801,3.476491185,3.476491185
1793,35876896,1,17.0296549,21.71526714,344.7681962,0,344.7757958,345.7203109,0.009987571023,1,-0.01111759472,-0.01088144996,3.592564019,3.591969295,1,-0.07164551801,-0.07164551801,3.476491185,3.476491185
1794,35896893,1,17.0296549,21.71590589,344.7681962,0,344.7757958,345.720466,0.009987571023,1,-0.01114961048,-0.01099831148,3.593498283,3.59248517,1,-0.07164551801,-0.07164551801,3.476491185,3.476491185
1795,35918124,1,17.0296549,21.71782211,344.7681962,0,344.7757958,345.7207762,0.009533590522,1,-0.01109989015,-0.0110520748,3.594299073,3.593066125,1,-0.07164551801,-0.07164551801,3.476491185,3.476491185
1796,35936843,1,17.0296549,21.72357077,344.7681962,0,344.7757958,345.7209313,0.009987571023,1,-0.01093936142,-0.0110224371,3.594925279,3.593669856,1,-0.07164551801,-0.07164551801,3.476491185,3.476491185
1797,35956364,1,17.0296549,21.73634559,344.7681962,0,344.7757958,345.7212415,0.009987571023,1,-0.01070843593,-0.01090438351,3.595688206,3.594357322,1,-0.07164551801,-0.07164551801,3.476491185,3.476491185
1798,35976857,1,17.01337016,21.75550781,344.7519115,0,344.7609069,345.7213966,0.009987571023,1,-0.01040188138,-0.01070991017,3.596804173,3.595169462,1,-0.07164551801,-0.07164551801,3.476491185,3.476491185
1799,35997041,1,16.95567563,21.78169618,344.6953026,0,344.7038327,345.7215517,0.009987571023,1,-0.01000251942,-0.010434633,3.59743262,3.595939029,1,-0.07164551801,-0.07164551801,3.476491185,3.476491185
1800,36019390,1,16.83516853,21.82193684,344.5716937,0,344.580689,345.7217068,0.009987571023,1,-0.00952691321,-0.0100904734,3.597978918,3.596642292,1,-0.07164551801,-0.07164551801,3.476491185,3.476491185
1801,36036638,1,16.70380492,21.8557901,344.4421912,0,344.4513416,345.7218619,0.009987571023,1,-0.009309574348,-0.009895248635,3.598163222,3.596946478,1,-0.07164551801,-0.07164551801,3.476491185,3.476491185
1802,36056493,1,16.49598057,21.89155957,344.2331261,0,344.2411909,345.7218619,0.009987571023,1,-0.00872561876,-0.009315666674,3.598352178,3.5976066,1,-0.07164551801,-0.07164551801,3.476491185,3.476491185
1803,36077592,1,16.2174339,21.92796779,343.9553549,0,343.9635748,345.722017,0.009987571023,1,-0.008399925449,-0.009086731368,3.598352195,3.597755719,1,-0.07164551801,-0.07164551801,3.476491185,3.476491185
1804,36096593,1,15.95532706,21.96118231,343.6941786,0,343.7028638,345.722017,0.009987571023,1,-0.007773693482,-0.00842394609,3.598352195,3.598046799,1,-0.07164551801,-0.07164551801,3.476491185,3.476491185
1805,36120984,1,15.57302331,22.00206171,343.3115646,0,343.3185438,345.7221721,0.009987571023,1,-0.007204691509,-0.007944928056,3.598352195,3.598156742,1,-0.07164551801,-0.07164551801,3.476491185,3.476491185
1806,36136556,1,15.33014798,22.01866897,343.0691546,0,343.0779949,345.7223272,0.009987571023,1,-0.007021623025,-0.007714101798,3.598352195,3.598195832,1,-0.07164551801,-0.07164551801,3.476491185,3.476491185
1807,36156084,1,15.00972625,22.03208253,342.7499736,0,342.7578833,345.7223272,0.009987571023,1,-0.006486031111,-0.007095812012,3.598352195,3.598272137,1,-0.07164551801,-0.07164551801,3.476491185,3.476491185
1808,36176654,1,14.63641788,22.03846993,342.3760449,0,342.3825588,345.7223272,0.009987571023,1,-0.006057754564,-0.006678373544,3.598352195,3.598300958,1,-0.07164551801,-0.07164551801,3.476491185,3.476491185
1809,36196163,1,14.32080403,22.04166364,342.0595005,0,342.0681857,345.7224822,0.009987571023,1,-0.005749549973,-0.00629322169,3.598352195,3.598319403,1,-0.07164551801,-0.07164551801,3.476491185,3.476491185
1810,36219663,1,13.94361833,22.04357986,341.6804536,0,341.6886736,345.7224822,0.009987571023,1,-0.005365933383,-0.005920479951,3.598352195,3.598331208,1,-0.07164551801,-0.07164551801,3.476491185,3.476491185
1811,36237217,1,13.68383789,22.0442186,341.4226894,0,341.4316848,345.7224822,0.009987571023,1,-0.005088341708,-0.005582989002,3.598352195,3.598338763,1,-0.07164551801,-0.07164551801,3.476491185,3.476491185
1812,36256606,1,13.41459679,22.04549608,341.1543789,0,341.1625988,345.7224822,0.009987571023,1,-0.004786041234,-0.005264293029,3.598352195,3.598343599,1,-0.07164551801,-0.07164551801,3.476491185,3.476491185
1813,36276515,1,13.15109412,22.04613482,340.8918068,0,340.8990961,345.7226373,0.009987571023,1,-0.004465813385,-0.004941567061,3.598352195,3.598346693,1,-0.07164551801,-0.07164551801,3.476491185,3.476491185
1814,36296427,1,12.89550118,22.04677356,340.6346629,0,340.6417972,345.7226373,0.009987571023,1,-0.004188700875,-0.004636234192,3.598352195,3.598348674,1,-0.07164551801,-0.07164551801,3.476491185,3.476491185
1815,36320225,1,12.59043364,22.04677356,340.3294403,0,340.3387458,345.7226373,0.009987571023,1,-0.003899937781,-0.004343402385,3.598352195,3.598349941,1,-0.07164551801,-0.07164551801,3.476491185,3.476491185
1816,36336840,1,12.41068108,22.04677356,340.1495326,0,340.1574423,345.7226373,0.009987571023,1,-0.003730215085,-0.004090596976,3.598352195,3.598350752,1,-0.07164551801,-0.07164551801,3.476491185,3.476491185
1817,36356105,1,12.20037524,22.0474123,339.9400022,0,339.9480671,345.7226373,0.009987571023,1,-0.003533501131,-0.003863569214,3.598352195,3.598351272,1,-0.07164551801,-0.07164551801,3.476491185,3.476491185
1818,36377377,1,11.97456012,22.0474123,339.714032,0,339.7211663,345.7226373,0.009987571023,1,-0.003253012476,-0.003620416964,3.598352195,3.598351604,1,-0.07164551801,-0.07164551801,3.476491185,3.476491185
1819,36396701,1,11.79372192,22.04805104,339.5314878,0,339.5393975,345.7227924,0.009987571023,1,-0.002982207525,-0.003367035047,3.598352195,3.598351817,1,-0.07164551801,-0.07164551801,3.476491185,3.476491185
1820,36419280,1,11.58000404,22.04805104,339.3204065,0,339.3283162,345.7227924,0.009987571023,1,-0.002690889155,-0.003098806816,3.598352195,3.598351953,1,-0.07164551801,-0.07164551801,3.476491185,3.476491185
1821,36437477,1,11.40971214,22.04805104,339.1465475,0,339.1538368,345.7227924,0.009987571023,1,-0.002455810579,-0.002840440045,3.598352195,3.59835204,1,-0.07164551801,-0.07164551801,3.476491185,3.476491185
1822,36457078,1,11.22639245,22.04868978,338.9667949,0,338.9742394,345.7227924,0.009987571023,1,-0.002232332024,-0.002596453103,3.598352195,3.598352096,1,-0.07164551801,-0.07164551801,3.476491185,3.476491185
1823,36477232,1,11.03175098,22.04932852,338.7701372,0,338.7769613,345.7227924,0.009987571023,1,-0.002014824337,-0.002360965971,3.598538638,3.598392567,1,-0.07164551801,-0.07164551801,3.476491185,3.476491185
1824,36497335,1,10.83183636,22.04932852,338.5694471,0,338.5772018,345.7227924,0.009987571023,1,-0.001820596872,-0.002141559832,3.598725428,3.598510421,1,-0.07164551801,-0.07164551801,3.476491185,3.476491185
1825,36519722,1,10.63223193,22.04996726,338.3718589,0,338.3797686,345.7227924,0.009987571023,1,-0.001602981544,-0.001931007754,3.598910579,3.598624854,1,-0.07164551801,-0.07164551801,3.476491185,3.476491185
1826,36537730,1,10.48349793,22.05060601,338.2203332,0,338.2280879,345.7227924,0.009987571023,1,-0.001502468044,-0.001823872826,3.598912045,3.598682292,1,-0.07164551801,-0.07164551801,3.476491185,3.476491185
1827,36556709,1,10.34174311,22.05252223,338.0805946,0,338.0888145,345.7227924,0.009987571023,1,-0.001316746506,-0.001619969476,3.598912046,3.598765004,1,-0.07164551801,-0.07164551801,3.476491185,3.476491185
1828,36577387,1,10.16788408,22.05635467,337.90565,0,337.9118537,345.7227924,0.009987571023,1,-0.001049376155,-0.001398564059,3.598912046,3.598817939,1,-0.07164551801,-0.07164551801,3.476491185,3.476491185
1829,36597038,1,10.00782831,22.0614646,337.7473002,0,337.7548997,345.7227924,0.009987571023,1,-0.0006088174876,-0.001014759586,3.598912046,3.598863863,1,-0.07164551801,-0.07164551801,3.476491185,3.476491185
1830,36620090,1,9.813497025,22.06593578,337.5507976,0,337.5583972,345.7227924,0.009987571023,1,-0.0001359886635,-0.0006768792821,3.599098663,3.59894716,1,-0.07164551801,-0.07164551801,3.476491185,3.476491185
1831,36636728,1,9.66150608,22.06849074,337.4006678,0,337.4088877,345.7227924,0.009987571023,1,0.0001331097863,-0.0003544632849,3.599285277,3.599067652,1,-0.07164551801,-0.07164551801,3.476491185,3.476491185
1832,36657222,1,9.424059,22.07040697,337.1644615,0,337.1712855,345.7227924,0.009987571023,1,0.0005799959243,9.673590887e-06,3.599285281,3.599145998,1,-0.07164551801,-0.07164551801,3.476491185,3.476491185
1833,36676604,1,9.207394356,22.07232319,336.9453153,0,336.9522945,345.7227924,0.009987571023,1,0.001057303667,0.0004192232044,3.59947074,3.599233232,1,-0.07164551801,-0.07164551801,3.476491185,3.476491185
1834,36696700,1,8.930553705,22.07551689,336.6689399,0,336.6765395,345.7227924,0.009987571023,1,0.001564346704,0.0008811403186,3.599656159,3.599356004,1,-0.07164551801,-0.07164551801,3.476491185,3.476491185
1835,36720358,1,8.598965295,22.08062682,336.3376617,0,336.3457266,345.7227924,0.009987571023,1,0.002321799918,0.001432110897,3.599845119,3.599502229,1,-0.07164551801,-0.07164551801,3.476491185,3.476491185
1836,36739060,1,8.320108438,22.08445926,336.0598905,0,336.0684206,345.7227924,0.009987571023,1,0.002529096753,0.001706357361,3.599845132,3.599570809,1,-0.07164551801,-0.07164551801,3.476491185,3.476491185
1837,36756700,1,8.027448321,22.08829171,335.7673855,0,335.7766911,345.7227924,0.009987571023,1,0.00326295209,0.002495101514,3.600031749,3.59979572,1,-0.07164551801,-0.07164551801,3.476491185,3.476491185
1838,36776826,1,7.593653755,22.09659533,335.3317298,0,335.3393294,345.7227924,0.009987571023,1,0.003880296054,0.003047649762,3.600031749,3.59988069,1,-0.07164551801,-0.07164551801,3.476491185,3.476491185
1839,36796970,1,7.185914779,22.11320259,334.9247663,0,334.9312802,345.7227924,0.009987571023,1,0.003910825173,0.003425289004,3.600031749,3.599935071,1,-0.07164551801,-0.07164551801,3.476491185,3.476491185
1840,36819939,1,6.719550725,22.136836,334.4593328,0,334.4667773,345.7227924,0.009987571023,1,0.003921964675,0.003640495954,3.600031749,3.599969875,1,-0.07164551801,-0.07164551801,3.476491185,3.476491185
1841,36837624,1,6.447052672,22.15344326,334.1862144,0,334.1938139,345.7227924,0.009987571023,1,0.003921964675,0.003763638519,3.600031749,3.59999215,1,-0.07164551801,-0.07164551801,3.476491185,3.476491185
1842,36857025,1,6.206348644,22.16941177,333.9456654,0,333.9534201,345.7227924,0.009987571023,1,0.006613904403,0.004631717525,3.600031749,3.600006406,1,-0.07164551801,-0.07164551801,3.476491185,3.476491185
1843,36876847,1,6.027371551,22.18027036,333.764362,0,333.7714962,345.7227924,0.009987571023,1,0.006924065704,0.00520480457,3.600031749,3.600011474,1,-0.07164551801,-0.07164551801,3.476491185,3.476491185
1844,36896570,1,5.647704373,22.18793525,333.3829888,0,333.3905883,345.7227924,0.009987571023,1,0.008019295135,0.006651207754,3.600218366,3.600105891,1,-0.07164551801,-0.07164551801,3.476491185,3.476491185
1845,36919624,1,4.881235747,22.19240644,332.6217933,0,332.6295479,345.7226373,0.009987571023,1,0.00889326636,0.007545498254,3.600218366,3.600146382,1,-0.07164551801,-0.07164551801,3.476491185,3.476491185
1846,36936980,1,4.330191022,22.19368392,332.0665611,0,332.0750912,345.7226373,0.009987571023,1,0.00951618037,0.008336023079,3.600218366,3.600172296,1,-0.07164551801,-0.07164551801,3.476491185,3.476491185
1847,36956949,1,3.713076765,22.19560014,331.4489815,0,331.4584422,345.7227924,0.009987571023,1,0.01031502682,0.009125873249,3.600218366,3.600188882,1,-0.07164551801,-0.07164551801,3.476491185,3.476491185
1848,36977600,1,3.285641003,22.19687762,331.0261985,0,331.0327124,345.7227924,0.009987571023,1,0.01109369437,0.009900531476,3.600218366,3.600199496,1,-0.07164551801,-0.07164551801,3.476491185,3.476491185
1849,36996881,1,3.124499582,22.19751636,330.8613349,0,330.8693997,345.7227924,0.009987571023,1,0.01175150304,0.01063904734,3.600218366,3.600206289,1,-0.07164551801,-0.07164551801,3.476491185,3.476491185
1850,37020665,1,3.044161511,22.19751636,330.7825478,0,330.791233,345.7227924,0.009987571023,1,0.01257886879,0.01139723372,3.600218366,3.600210637,1,-0.07164551801,-0.07164551801,3.476491185,3.476491185
1851,37036228,1,3.112092158,22.19751636,330.7647121,0,330.7724667,345.7227924,0.009987571023,1,0.01277681776,0.01174212973,3.600218366,3.600212183,1,-0.07164551801,-0.07164551801,3.476491185,3.476491185
1852,37057279,1,3.124809768,22.1981551,330.8084483,0,330.8135663,345.7227924,0.009987571023,1,0.01360102853,0.01268250755,3.600218366,3.6002152,1,-0.07164551801,-0.07164551801,3.476491185,3.476491185
1853,37076766,1,3.124964861,22.1981551,330.8377608,0,330.843189,345.7227924,0.009987571023,1,0.01384932715,0.01297421245,3.600379857,3.600248132,1,-0.07164551801,-0.07164551801,3.476491185,3.476491185
1854,37097256,1,3.124964861,22.1981551,330.8518742,0,330.8576127,345.7227924,0.009987571023,0,NaN,NaN,NaN,NaN,0,NaN,NaN,NaN,NaN
1855,37120992,1,3.195532085,22.1981551,330.8579229,0,330.8641266,345.7227924,0.009987571023,0,NaN,NaN,NaN,NaN,0,NaN,NaN,NaN,NaN
1856,37138567,1,3.651970201,22.1981551,330.8596289,0,330.8662979,345.7227924,0.009987571023,0,NaN,NaN,NaN,NaN,0,NaN,NaN,NaN,NaN
1857,37157090,1,5.036328548,22.19943259,330.8605594,0,330.8675386,345.6078687,0.009987571023,1,0.01580517144,0.0136819522,3.600591601,3.600316825,1,-0.07164551801,-0.07164551801,3.476491185,3.476491185
1858,37177088,1,7.379625689,22.20326503,330.8608696,0,330.8680039,344.9384881,0.009987571023,1,0.01620939786,0.01507125325,3.600591601,3.600450916,1,-0.07164551801,-0.07164551801,3.476491185,3.476491185
1859,37196850,1,10.11949512,22.21731732,330.8613349,0,330.8686243,343.1643816,0.009987571023,1,0.01633170429,0.01538636601,3.600591601,3.600479053,1,-0.07164551801,-0.07164551801,3.476491185,3.476491185
1860,37219591,1,13.5672081,22.22434347,330.8613349,0,330.8690895,339.946361,0.009987571023,1,0.01649628002,0.01601323528,3.600591601,3.600533976,1,-0.07164551801,-0.07164551801,3.476491185,3.476491185
1861,37237254,1,16.00232018,22.22881466,330.8613349,0,330.8690895,337.511249,0.009987571023,1,0.01649629115,0.01613399925,3.600591601,3.600545501,1,-0.07164551801,-0.07164551801,3.476491185,3.476491185
1862,37257270,1,17.71718129,22.23200836,330.8613349,0,330.8690895,334.494694,0.009987571023,1,0.01622208077,0.01615601963,3.600591601,3.600554721,1,-0.07164551801,-0.07164551801,3.476491185,3.476491185
1863,37277279,1,17.96331357,22.23328584,330.8613349,0,330.8692446,332.7508305,0.009987571023,1,0.01592497646,0.01609219505,3.600591601,3.600567998,1,-0.07164551801,-0.07164551801,3.476491185,3.476491185
1864,37297402,1,17.99200574,22.23520206,330.8613349,0,330.8692446,332.0020425,0.009987571023,1,0.01533495777,0.01582072477,3.600591601,3.600576495,1,-0.07164551801,-0.07164551801,3.476491185,3.476491185
1865,37320451,1,17.99309138,22.23647955,330.8613349,0,330.8692446,331.8588918,0.009987571023,0,NaN,NaN,NaN,NaN,0,NaN,NaN,NaN,NaN
1866,37342303,1,18.02891782,22.23647955,330.8613349,0,330.8692446,331.860908,0.009987571023,1,0.01334978288,0.0152029893,3.600591601,3.600579516,1,-0.07164551801,-0.07164551801,3.476491185,3.476491185
1867,37360160,1,18.02628124,22.23775703,330.8613349,0,330.8692446,331.8252367,0.009987571023,0,NaN,NaN,NaN,NaN,0,NaN,NaN,NaN,NaN
1868,37376859,1,18.02240392,22.23839577,330.8611798,0,330.8693997,331.8460191,0.009987571023,0,NaN,NaN,NaN,NaN,0,NaN,NaN,NaN,NaN
1869,37396989,1,18.0186817,22.23839577,330.8611798,0,330.8693997,331.8485006,0.009987571023,1,0.006687683689,0.009850374447,3.600591601,3.600591601,1,-0.07164551801,-0.07164551801,3.476491185,3.476491185
1870,37420546,1,18.03915395,22.23903451,330.8611798,0,330.8693997,331.8438478,0.009987571023,1,0.003354135324,0.007436897972,3.599666238,3.600335334,1,-0.07164551801,-0.07164551801,3.476491185,3.476491185
1871,37437051,1,18.03698265,22.24606066,330.8611798,0,330.8693997,331.8415214,0.009987571023,1,0.001866362789,0.006044264176,3.599477976,3.600163862,1,-0.07164551801,-0.07164551801,3.476491185,3.476491185
1872,37457951,1,18.03744793,22.25691925,330.8611798,0,330.8693997,331.8377992,0.009987571023,1,-0.003198320973,0.001746322768,3.599016117,3.59968964,1,-0.07164551801,-0.07164551801,3.476491185,3.476491185
1873,37477054,1,18.0400845,22.26139043,330.8611798,0,330.8693997,331.8346973,0.009987571023,1,-0.004752625908,0.0001215855988,3.598912401,3.599534192,1,-0.07164551801,-0.07164551801,3.476491185,3.476491185
1874,37497826,1,18.04117015,22.26522288,330.8611798,0,330.8693997,331.8319057,0.009987571023,1,-0.01171090949,-0.005691987113,3.598278898,3.599103955,1,-0.07164551801,-0.07164551801,3.476491185,3.476491185
1875,37518945,1,18.04256599,22.2671391,330.8611798,0,330.8693997,331.8294242,0.009987571023,1,-0.01655347075,-0.009886811835,3.596118898,3.598145383,1,-0.07164551801,-0.07164551801,3.476491185,3.476491185
1876,37536601,1,18.04334145,22.26841658,330.8611798,0,330.8693997,331.8277181,0.009987571023,1,-0.01865644809,-0.0120792209,3.595766165,3.597669539,1,-0.07164551801,-0.07164551801,3.476491185,3.476491185
1877,37558559,1,18.04411692,22.26905532,330.8611798,0,330.8693997,331.8253918,0.009987571023,1,-0.02403642503,-0.01667811338,3.594996248,3.596768086,1,-0.07164551801,-0.07164551801,3.476491185,3.476491185
1878,37576581,1,18.04458219,22.26969406,330.8611798,0,330.8693997,331.8243061,0.009987571023,1,-0.02846163986,-0.02148413227,3.594566155,3.59601081,1,-0.07164551801,-0.07164551801,3.476491185,3.476491185
1879,37597284,1,18.04520257,22.2703328,330.8611798,0,330.8693997,331.8226001,0.009987571023,1,-0.03617605552,-0.02872593956,3.593540848,3.594959601,1,-0.07164551801,-0.07164551801,3.476491185,3.476491185
1880,37619759,1,18.04551275,22.2703328,330.8611798,0,330.8693997,331.8210492,0.009987571023,1,-0.041644443,-0.03372652029,3.592943282,3.594290314,1,-0.07164551801,-0.07164551801,3.476491185,3.476491185
1881,37636903,1,18.04582294,22.2703328,330.8611798,0,330.8693997,331.8202737,0.009987571023,1,-0.04348057603,-0.03616503422,3.592757469,3.593983745,1,-0.07164551801,-0.07164551801,3.476491185,3.476491185
1882,37657641,1,18.04613312,22.27097154,330.8611798,0,330.8693997,331.819188,0.009987571023,1,-0.05026452101,-0.04321157891,3.592938859,3.593391256,1,-0.07164551801,-0.07164551801,3.476491185,3.476491185
1883,37676936,1,18.04628822,22.27224902,330.8611798,0,330.8693997,331.8184126,0.009987571023,1,-0.05394205418,-0.04756382424,3.593293699,3.593329215,1,-0.07164551801,-0.07164551801,3.476491185,3.476491185
1884,37696412,1,18.04644331,22.27224902,330.8611798,0,330.8693997,331.8176371,0.009987571023,1,-0.05580070989,-0.04962304565,3.593492449,3.593361862,1,-0.07164551801,-0.07164551801,3.476491185,3.476491185
1885,37720141,1,18.04690859,22.27288776,330.8611798,0,330.8693997,331.8170167,0.009987571023,1,-0.06145808641,-0.05552217551,3.594368244,3.59368474,1,-0.07164551801,-0.07164551801,3.476491185,3.476491185
1886,37736871,1,18.04690859,22.27288776,330.8611798,0,330.8693997,331.8165515,0.009987571023,1,-0.06366136814,-0.05883075563,3.59477441,3.594022341,1,-0.07164551801,-0.07164551801,3.476491185,3.476491185
1887,37756817,1,18.04721877,22.27288776,330.8611798,0,330.8693997,331.8160862,0.009987571023,1,-0.06623967043,-0.06184427646,3.594993032,3.594355154,1,-0.07164551801,-0.07164551801,3.476491185,3.476491185
1888,37776570,1,18.04752896,22.27288776,330.8611798,0,330.8693997,331.8156209,0.009987571023,1,-0.06856195193,-0.06458124908,3.595114935,3.594609179,1,-0.07164551801,-0.07164551801,3.476491185,3.476491185
1889,37797371,1,18.04768405,22.27288776,330.8611798,0,330.8693997,331.8151556,0.009987571023,1,-0.06888078194,-0.06565613229,3.595179682,3.59472328,1,-0.07164551801,-0.07164551801,3.476491185,3.476491185
1890,37820076,1,18.04768405,22.27352651,330.8611798,0,330.8693997,331.8146904,0.009987571023,1,-0.068879502,-0.06751964286,3.599097867,3.596342801,1,-0.07164551801,-0.07164551801,3.476491185,3.476491185
1891,37836682,1,18.04768405,22.27352651,330.8611798,0,330.8693997,331.8143802,0.009987571023,1,-0.06886525749,-0.0681110201,3.599203214,3.597355821,1,-0.07164551801,-0.07164551801,3.476491185,3.476491185
1892,37856933,1,18.04768405,22.27352651,330.8611798,0,330.8693997,331.81407,0.009987571023,1,-0.06886524418,-0.06844099314,3.59947074,3.59808751,1,-0.07164551801,-0.07164551801,3.476491185,3.476491185
1893,37877096,1,18.04768405,22.27352651,330.8611798,0,330.8693997,331.8139149,0.009987571023,1,-0.06883982119,-0.06854070015,3.599657946,3.598401597,1,-0.07164551801,-0.07164551801,3.476491185,3.476491185
1894,37898062,1,18.04768405,22.27352651,330.8611798,0,330.8693997,331.8137598,0.009987571023,1,-0.06881448293,-0.06870170761,3.599845132,3.599089105,1,-0.07164551801,-0.07164551801,3.476491185,3.476491185
1895,37920874,1,18.04768405,22.27352651,330.8611798,0,330.8693997,331.8134496,0.009987571023,1,-0.068692335,-0.06871739712,3.599845132,3.599361275,1,-0.07164551801,-0.07164551801,3.476491185,3.476491185
1896,37936901,1,18.04768405,22.27352651,330.8611798,0,330.8693997,331.8129843,0.009987571023,1,-0.06861063334,-0.06869070617,3.599845132,3.599458046,1,-0.07164551801,-0.07164551801,3.476491185,3.476491185
1897,37957485,1,17.88778337,22.27352651,330.8611798,0,330.8693997,331.8125191,0.009987571023,1,-0.06792205268,-0.06837810398,3.599845132,3.599646944,1,-0.07164551801,-0.07164551801,3.476491185,3.476491185
1898,37976856,1,17.48733376,22.27352651,330.8611798,0,330.8693997,331.812364,0.009987571023,1,-0.0677384391,-0.06821818776,3.599845132,3.599686582,1,-0.07164551801,-0.07164551801,3.476491185,3.476491185
1899,37996855,1,17.23763435,22.27352651,330.8611798,0,330.8693997,331.8118987,0.009987571023,1,-0.06692627207,-0.06760568902,3.599845132,3.599763954,1,-0.07164551801,-0.07164551801,3.476491185,3.476491185
1900,38019363,1,17.12209021,22.27352651,330.8611798,0,330.8693997,331.8114334,0.009987571023,1,-0.06646010645,-0.06713774851,3.599845132,3.599793178,1,-0.07164551801,-0.07164551801,3.476491185,3.476491185
1901,38037005,1,17.08052534,22.27352651,330.8611798,0,330.8693997,331.8112783,0.009987571023,1,-0.06618882689,-0.06676314714,3.599845132,3.599811882,1,-0.07164551801,-0.07164551801,3.476491185,3.476491185
1902,38057250,1,17.06129383,22.27352651,330.8611798,0,330.8693997,331.8111232,0.009987571023,1,-0.06583552091,-0.06639388183,3.599845132,3.599823852,1,-0.07164551801,-0.07164551801,3.476491185,3.476491185
1903,38076796,1,17.05431466,22.27352651,330.8611798,0,330.8693997,331.8109681,0.009987571023,1,-0.06548887318,-0.06602941952,3.599845132,3.599831513,1,-0.07164551801,-0.07164551801,3.476491185,3.476491185
1904,38096392,1,17.05090261,22.27352651,330.8611798,0,330.8693997,331.810813,0.009987571023,1,-0.06512292023,-0.06566711266,3.599845132,3.599836416,1,-0.07164551801,-0.07164551801,3.476491185,3.476491185
1905,38120129,1,17.04935169,22.27352651,330.8611798,0,330.8693997,331.8106579,0.009987571023,1,-0.0649241091,-0.06548136177,3.600031575,3.599875447,1,-0.07164551801,-0.07164551801,3.476491185,3.476491185
1906,38136358,1,17.04873132,22.27352651,330.8611798,0,330.8693997,331.8106579,0.009987571023,0,NaN,NaN,NaN,NaN,0,NaN,NaN,NaN,NaN
1907,38156974,1,17.04826604,22.27352651,330.8611798,0,330.8693997,331.8106579,0.009987571023,0,NaN,NaN,NaN,NaN,0,NaN,NaN,NaN,NaN
1908,38176879,1,17.04826604,22.27352651,330.8611798,0,330.8693997,331.8106579,0.009987571023,1,-0.06375516694,-0.06424792909,3.600218366,3.600069073,1,-0.07164551801,-0.07164551801,3.476491185,3.476491185
1909,38197245,1,17.03074055,22.27352651,330.8436543,0,330.8532701,331.8105028,0.009987571023,1,-0.06331350056,-0.0637969552,3.600581853,3.600264292,1,-0.07164551801,-0.07164551801,3.476491185,3.476491185
1910,38220270,1,16.89270796,22.27352651,330.7059319,0,330.7170986,331.8105028,0.009987571023,1,-0.06275420524,-0.06340766936,3.600860839,3.600435969,1,-0.07164551801,-0.07164551801,3.476491185,3.476491185
1911,38236736,1,16.74676563,22.27416525,330.5585937,0,330.5680544,331.8105028,0.009987571023,1,-0.06237320359,-0.06300059485,3.600964819,3.600625981,1,-0.07164551801,-0.07164551801,3.476491185,3.476491185
1912,38256944,1,16.49923752,22.27608147,330.30998,0,330.3191305,331.8105028,0.009987571023,1,-0.06174321875,-0.06251446286,3.601151446,3.600788437,1,-0.07164551801,-0.07164551801,3.476491185,3.476491185
1913,38276602,1,16.22410289,22.27863643,330.0365514,0,330.0458569,331.8105028,0.009987571023,1,-0.06147444468,-0.06225445832,3.601256003,3.60088195,1,-0.07164551801,-0.07164551801,3.476491185,3.476491185
1914,38296895,1,15.88382928,22.28246887,329.6955023,0,329.7051181,331.8105028,0.009987571023,1,-0.0606613063,-0.06146085378,3.601524619,3.601144971,1,-0.07164551801,-0.07164551801,3.476491185,3.476491185
1915,38319923,1,15.46818057,22.28821754,329.2792332,0,329.2876082,331.8105028,0.009987571023,1,-0.05998422963,-0.06088666548,3.601524686,3.601281669,1,-0.07164551801,-0.07164551801,3.476491185,3.476491185
1916,38336885,1,15.15256672,22.29141124,328.9623786,0,328.9718393,331.8105028,0.009987571023,1,-0.05948260105,-0.06033905545,3.601711301,3.601434777,1,-0.07164551801,-0.07164551801,3.476491185,3.476491185
1917,38357654,1,14.7113277,22.29524369,328.5253271,0,328.5330818,331.8105028,0.009987571023,1,-0.0588033249,-0.05972457164,3.601711304,3.601534327,1,-0.07164551801,-0.07164551801,3.476491185,3.476491185
1918,38376976,1,14.32390588,22.30099235,328.1372849,0,328.1461252,331.8105028,0.009987571023,1,-0.05824114705,-0.05912781035,3.601917588,3.601668969,1,-0.07164551801,-0.07164551801,3.476491185,3.476491185
1919,38397527,1,13.89135206,22.30929598,327.7008538,0,327.7100043,331.8105028,0.009987571023,1,-0.05769503698,-0.05855588285,3.602084538,3.601818567,1,-0.07164551801,-0.07164551801,3.476491185,3.476491185
1920,38422558,1,13.33441381,22.32143206,327.1474827,0,327.1555475,331.8105028,0.009987571023,1,-0.05720806495,-0.05802531988,3.602084538,3.601914317,1,-0.07164551801,-0.07164551801,3.476491185,3.476491185
1921,38437129,1,13.03570507,22.32718072,326.8479985,0,326.857304,331.8105028,0.009987571023,1,-0.05707161203,-0.05778689292,3.602084538,3.601948361,1,-0.07164551801,-0.07164551801,3.476491185,3.476491185
1922,38457157,1,12.62920684,22.33356813,326.4393289,0,326.4480141,331.8105028,0.009987571023,1,-0.05672493162,-0.05736333214,3.602084538,3.601997385,1,-0.07164551801,-0.07164551801,3.476491185,3.476491185
1923,38476900,1,12.23930354,22.33995554,326.0503562,0,326.0590414,331.8105028,0.009987571023,1,-0.05620104363,-0.05676753437,3.602084538,3.602039915,1,-0.07164551801,-0.07164551801,3.476491185,3.476491185
1924,38496449,1,11.90569892,22.34698168,325.7176821,0,325.7263673,331.8105028,0.009987571023,1,-0.0558404765,-0.05639222887,3.602084538,3.60205598,1,-0.07164551801,-0.07164551801,3.476491185,3.476491185
1925,38522596,1,11.49609883,22.35784028,325.3090126,0,325.3172325,331.8105028,0.009987571023,1,-0.05540117123,-0.05599889529,3.602084538,3.602066261,1,-0.07164551801,-0.07164551801,3.476491185,3.476491185
1926,38537057,1,11.29106615,22.36486642,325.1025841,0,325.1104938,331.8105028,0.009987571023,1,-0.05526212248,-0.05581470208,3.602084538,3.602069916,1,-0.07164551801,-0.07164551801,3.476491185,3.476491185
1927,38557344,1,10.98506805,22.37636376,324.7961207,0,324.8052712,331.8105028,0.009987571023,1,-0.05470978146,-0.05527757002,3.602084538,3.602077052,1,-0.07164551801,-0.07164551801,3.476491185,3.476491185
1928,38577143,1,10.72234084,22.38466738,324.5318426,0,324.5394421,331.8106579,0.009987571023,1,-0.0545269861,-0.05508992404,3.602084538,3.602078549,1,-0.07164551801,-0.07164551801,3.476491185,3.476491185
1929,38596752,1,10.43045619,22.39233227,324.2402681,0,324.2480227,331.8106579,0.009987571023,1,-0.05407855453,-0.05457076414,3.602084538,3.602081472,1,-0.07164551801,-0.07164551801,3.476491185,3.476491185
1930,38619545,1,10.10910391,22.39935842,323.9190709,0,323.9268256,331.8106579,0.009987571023,1,-0.0537671219,-0.05425060516,3.602271155,3.602149701,1,-0.07164551801,-0.07164551801,3.476491185,3.476491185
1931,38636861,1,9.888717034,22.40255212,323.7016308,0,323.7096956,331.8106579,0.009987571023,1,-0.05355541984,-0.05397108883,3.602271155,3.602193424,1,-0.07164551801,-0.07164551801,3.476491185,3.476491185
1932,38656386,1,9.645686614,22.40510709,323.4581351,0,323.4668203,331.8106579,0.009987571023,1,-0.05330832543,-0.05370473252,3.602271155,3.602221408,1,-0.07164551801,-0.07164551801,3.476491185,3.476491185
1933,38677085,1,9.39970943,22.40702331,323.2118477,0,323.2200677,331.8106579,0.009987571023,1,-0.05307965063,-0.05345317696,3.602271155,3.602239317,1,-0.07164551801,-0.07164551801,3.476491185,3.476491185
1934,38697279,1,9.177616538,22.40830079,322.9871183,0,322.9959586,331.8106579,0.009987571023,1,-0.05295957478,-0.05332977641,3.602271155,3.602245684,1,-0.07164551801,-0.07164551801,3.476491185,3.476491185
1935,38719357,1,8.961727358,22.40957827,322.7747962,0,322.782861,331.8105028,0.009987571023,1,-0.05258708831,-0.05295910583,3.602457772,3.602347601,1,-0.07164551801,-0.07164551801,3.476491185,3.476491185
1936,38736952,1,8.815474846,22.41021701,322.6260622,0,322.6347474,331.8106579,0.009987571023,1,-0.05246575709,-0.05283576864,3.602457772,3.602369635,1,-0.07164551801,-0.07164551801,3.476491185,3.476491185
1937,38757123,1,8.627502371,22.41085575,322.4397958,0,322.4487912,331.8106579,0.009987571023,1,-0.05226629907,-0.05261163573,3.602639598,3.60243773,1,-0.07164551801,-0.07164551801,3.476491185,3.476491185
1938,38778573,1,8.416576161,22.41277197,322.2302654,0,322.2387955,331.8106579,0.009987571023,1,-0.05186577522,-0.0522434277,3.602644389,3.602538579,1,-0.07164551801,-0.07164551801,3.476491185,3.476491185
1939,38796978,1,8.259622245,22.41341072,322.0697443,0,322.079205,331.8106579,0.009987571023,1,-0.05165052741,-0.05200475646,3.602830898,3.602630701,1,-0.07164551801,-0.07164551801,3.476491185,3.476491185
1940,38818962,1,8.054899747,22.4146882,321.8682788,0,321.8780496,331.8106579,0.009987571023,1,-0.05142029183,-0.05177158834,3.602831007,3.602702811,1,-0.07164551801,-0.07164551801,3.476491185,3.476491185
1941,38836860,1,7.892207398,22.41596568,321.7012438,0,321.7096189,331.8106579,0.009987571023,1,-0.05142029183,-0.05168376421,3.602831007,3.60272845,1,-0.07164551801,-0.07164551801,3.476491185,3.476491185
1942,38856751,1,7.729204864,22.4178819,321.5424288,0,321.5498733,331.8106579,0.009987571023,1,-0.05092260397,-0.05140702228,3.602831007,3.602778498,1,-0.07164551801,-0.07164551801,3.476491185,3.476491185
1943,38877198,1,7.574267155,22.41979812,321.3848545,0,321.392299,331.8105028,0.009987571023,1,-0.05060118883,-0.05108458378,3.602831007,3.602797401,1,-0.07164551801,-0.07164551801,3.476491185,3.476491185
1944,38896900,1,7.417158147,22.4210756,321.2306923,0,321.2392224,331.8105028,0.009987571023,1,-0.05033732561,-0.05078198527,3.602831007,3.602809499,1,-0.07164551801,-0.07164551801,3.476491185,3.476491185
1945,38920079,1,7.186690243,22.42235309,320.9985184,0,321.006273,331.8106579,0.009987571023,1,-0.05008593652,-0.05050192815,3.602831007,3.602817242,1,-0.07164551801,-0.07164551801,3.476491185,3.476491185
1946,38936354,1,7.022446966,22.42363057,320.8342751,0,320.8421848,331.8106579,0.009987571023,1,-0.04998701823,-0.05037320067,3.602831007,3.602819995,1,-0.07164551801,-0.07164551801,3.476491185,3.476491185
1947,38957517,1,6.797562404,22.42426931,320.6104762,0,320.6183859,331.8106579,0.009987571023,1,-0.04974014156,-0.05013127037,3.602831007,3.602823959,1,-0.07164551801,-0.07164551801,3.476491185,3.476491185
1948,38977963,1,6.575159326,22.42490805,320.3852814,0,320.3933463,331.8106579,0.009987571023,1,-0.04932222643,-0.04973443716,3.602831007,3.602827398,1,-0.07164551801,-0.07164551801,3.476491185,3.476491185
1949,38997211,1,6.388892872,22.42490805,320.2001006,0,320.2095613,331.8106579,0.009987571023,1,-0.04905966233,-0.04946774796,3.602831007,3.602828697,1,-0.07164551801,-0.07164551801,3.476491185,3.476491185
1950,39020251,1,6.159820804,22.42490805,319.9727346,0,319.9825054,331.8106579,0.009987571023,1,-0.04872930435,-0.0491752529,3.603017486,3.602866825,1,-0.07164551801,-0.07164551801,3.476491185,3.476491185
1951,39037359,1,5.999299754,22.42554679,319.8088015,0,319.8182621,331.8105028,0.009987571023,1,-0.04855204273,-0.04901945035,3.603017624,3.602896984,1,-0.07164551801,-0.07164551801,3.476491185,3.476491185
1952,39056554,1,5.816755526,22.42554679,319.6295142,0,319.6395952,331.8105028,0.009987571023,1,-0.0481838855,-0.04859807911,3.603017624,3.602955856,1,-0.07164551801,-0.07164551801,3.476491185,3.476491185
1953,39076813,1,5.579928818,22.42618553,319.3911366,0,319.3995116,331.8105028,0.009987571023,1,-0.04803315039,-0.04845684693,3.603172403,3.602999166,1,-0.07164551801,-0.07164551801,3.476491185,3.476491185
1954,39096674,1,5.371949371,22.42682427,319.1814511,0,319.1893608,331.8105028,0.009987571023,1,-0.04775941834,-0.0481774686,3.603204241,3.603072992,1,-0.07164551801,-0.07164551801,3.476491185,3.476491185
1955,39119264,1,5.126902745,22.42810175,318.9395063,0,318.9469508,331.8105028,0.009987571023,1,-0.04735034862,-0.04777336808,3.603577459,3.603265282,1,-0.07164551801,-0.07164551801,3.476491185,3.476491185
1956,39136664,1,4.952578435,22.42937923,318.7642515,0,318.7716959,331.8105028,0.009987571023,1,-0.04723008081,-0.04763754626,3.603761108,3.603364448,1,-0.07164551801,-0.07164551801,3.476491185,3.476491185
1957,39156929,1,4.739015648,22.4319342,318.5485174,0,318.5564271,331.8105028,0.009987571023,1,-0.04685201558,-0.04724945142,3.603950642,3.603596783,1,-0.07164551801,-0.07164551801,3.476491185,3.476491185
1958,39176643,1,4.541272325,22.43640538,318.3543412,0,318.3619407,331.8105028,0.009987571023,1,-0.04672161549,-0.04711749244,3.60395071,3.603667568,1,-0.07164551801,-0.07164551801,3.476491185,3.476491185
1959,39196823,1,4.334068342,22.44023782,318.1455863,0,318.1531858,331.8105028,0.009987571023,1,-0.04638180947,-0.04682547657,3.60395071,3.603769499,1,-0.07164551801,-0.07164551801,3.476491185,3.476491185
1960,39218890,1,4.109649058,22.44470901,317.9196161,0,317.9281462,331.8105028,0.009987571023,1,-0.04586990445,-0.04636410554,3.60395071,3.60385793,1,-0.07164551801,-0.07164551801,3.476491185,3.476491185
1961,39236997,1,3.918884912,22.44790271,317.7324191,0,317.7412593,331.8105028,0.009987571023,1,-0.045552751,-0.04604352758,3.604137218,3.603931779,1,-0.07164551801,-0.07164551801,3.476491185,3.476491185
1962,39257386,1,3.694930907,22.45045768,317.5064488,0,317.5149789,331.8105028,0.009987571023,1,-0.04533681832,-0.04586685026,3.604137327,3.603972889,1,-0.07164551801,-0.07164551801,3.476491185,3.476491185
1963,39276620,1,3.47423385,22.45365138,317.2834254,0,317.2925759,331.8106579,0.009987571023,1,-0.04495707483,-0.04550385645,3.604137327,3.604032086,1,-0.07164551801,-0.07164551801,3.476491185,3.476491185
1964,39296565,1,3.24283539,22.45684508,317.0548186,0,317.0642793,331.8106579,0.009987571023,1,-0.04459203678,-0.04513934371,3.604137327,3.604069973,1,-0.07164551801,-0.07164551801,3.476491185,3.476491185
1965,39320052,1,3.089913888,22.46067753,316.8997258,0,316.9090314,331.8106579,0.009987571023,1,-0.04404245649,-0.0446110761,3.604137327,3.604102842,1,-0.07164551801,-0.07164551801,3.476491185,3.476491185
1966,39336852,1,3.04354114,22.46387123,316.8536632,0,316.8626586,331.8106579,0.009987571023,1,-0.04380264831,-0.04428089526,3.604137327,3.604115256,1,-0.07164551801,-0.07164551801,3.476491185,3.476491185
1967,39357274,1,3.157689442,22.46642619,316.8893346,0,316.8941425,331.8106579,0.009987571023,1,-0.04360579355,-0.04411211983,3.604137327,3.60411967,1,-0.07164551801,-0.07164551801,3.476491185,3.476491185
1968,39376726,1,3.156913978,22.46898116,316.9288832,0,316.935087,331.8106579,0.009987571023,1,-0.04325288851,-0.04367287116,3.604137327,3.604128287,1,-0.07164551801,-0.07164551801,3.476491185,3.476491185
1969,39396811,1,3.156758885,22.47089738,316.9493555,0,316.9561796,331.8106579,0.009987571023,0,NaN,NaN,NaN,NaN,0,NaN,NaN,NaN,NaN
1970,39420577,1,3.161256576,22.47345234,316.9594365,0,316.9667259,331.8106579,0.009987571023,0,NaN,NaN,NaN,NaN,0,NaN,NaN,NaN,NaN
1971,39437938,1,3.347988309,22.47536856,316.9622282,0,316.9699828,331.8106579,0.009987571023,0,NaN,NaN,NaN,NaN,0,NaN,NaN,NaN,NaN
1972,39456526,1,4.198672327,22.47792352,316.9637791,0,316.9716889,331.6951138,0.009987571023,1,-0.04242440889,-0.04314160668,3.604137327,3.604131541,1,-0.07164551801,-0.07164551801,3.476491185,3.476491185
1973,39477176,1,6.219221347,22.48431093,316.9643995,0,316.9727745,330.9664878,0.009987571023,1,-0.04223675558,-0.04276166443,3.604137327,3.604133624,1,-0.07164551801,-0.07164551801,3.476491185,3.476491185
1974,39496124,1,8.750801148,22.49772449,316.9650199,0,316.9737051,329.2510063,0.009987571023,1,-0.04205830122,-0.04247155508,3.604137327,3.604134957,1,-0.07164551801,-0.07164551801,3.476491185,3.476491185
1975,39520757,1,12.3047527,22.52008041,316.9650199,0,316.9738602,325.8875087,0.009987571023,1,-0.0417477341,-0.04218705244,3.604137327,3.60413581,1,-0.07164551801,-0.07164551801,3.476491185,3.476491185
1976,39537078,1,14.61299887,22.53221648,316.965175,0,316.9740153,323.5729038,0.009987571023,1,-0.04159582175,-0.04203924477,3.604137327,3.604136113,1,-0.07164551801,-0.07164551801,3.476491185,3.476491185
1977,39557475,1,17.33193077,22.54690752,316.965175,0,316.9741703,320.6005502,0.009987571023,1,-0.04129353316,-0.04176011841,3.604137327,3.60413655,1,-0.07164551801,-0.07164551801,3.476491185,3.476491185
1978,39576550,1,17.8398597,22.55521115,316.9653301,0,316.9741703,318.8542053,0.009987571023,1,-0.0409476713,-0.04135381868,3.604137327,3.604136929,1,-0.07164551801,-0.07164551801,3.476491185,3.476491185
1979,39597247,1,17.99386685,22.565431,316.9653301,0,316.9746356,318.0739334,0.009987571023,1,-0.04059253276,-0.04105870003,3.604137327,3.604137072,1,-0.07164551801,-0.07164551801,3.476491185,3.476491185
1980,39617758,1,17.99309138,22.57309589,316.9653301,0,316.9746356,317.9647481,0.009987571023,0,NaN,NaN,NaN,NaN,0,NaN,NaN,NaN,NaN
1981,39637032,1,17.98301035,22.58139952,316.9653301,0,316.9746356,317.9676948,0.009987571023,1,-0.04002245614,-0.04079963906,3.604137327,3.604137123,1,-0.07164551801,-0.07164551801,3.476491185,3.476491185
1982,39657188,1,18.02891782,22.58842566,316.9653301,0,316.9746356,317.9675397,0.009987571023,0,NaN,NaN,NaN,NaN,0,NaN,NaN,NaN,NaN
1983,39676839,1,18.02426504,22.59481307,316.9653301,0,316.9746356,317.9506346,0.009987571023,0,NaN,NaN,NaN,NaN,0,NaN,NaN,NaN,NaN
1984,39696495,1,18.02023263,22.59736803,316.9654851,0,316.9746356,317.9537365,0.009987571023,1,-0.03864538209,-0.03925779315,3.604137327,3.604137327,1,-0.07164551801,-0.07164551801,3.476491185,3.476491185
1985,39719751,1,18.02100809,22.599923,316.9654851,0,316.9746356,317.949549,0.009987571023,1,-0.03820338234,-0.03885320765,3.603391774,3.603946724,1,-0.07164551801,-0.07164551801,3.476491185,3.476491185
1986,39736084,1,17.67484096,22.61589151,316.9654851,0,316.9746356,317.9472226,0.009987571023,1,-0.03792395661,-0.03847531461,3.603390858,3.603746613,1,-0.07164551801,-0.07164551801,3.476491185,3.476491185
1987,39756126,1,17.32650252,22.63888618,316.9654851,0,316.9746356,317.94288,0.009987571023,1,-0.0376229957,-0.03812200322,3.601936647,3.6032202,1,-0.07164551801,-0.07164551801,3.476491185,3.476491185
1988,39776358,1,17.15403933,22.65038351,316.9654851,0,316.9746356,317.9399332,0.009987571023,1,-0.03751455764,-0.03786182693,3.600471384,3.602300839,1,-0.07164551801,-0.07164551801,3.476491185,3.476491185
1989,39797565,1,17.07416653,22.6612421,316.9654851,0,316.9746356,317.9365212,0.009987571023,1,-0.03749807937,-0.03777089004,3.599670926,3.601774857,1,-0.07164551801,-0.07164551801,3.476491185,3.476491185
1990,39820716,1,17.04159705,22.66571329,316.9654851,0,316.9746356,317.9337295,0.009987571023,1,-0.03749805221,-0.03761315568,3.598943887,3.600491798,1,-0.07164551801,-0.07164551801,3.476491185,3.476491185
1991,39836798,1,17.03368731,22.66699077,316.9654851,0,316.9746356,317.9323337,0.009987571023,1,-0.03749805221,-0.03756279791,3.598943887,3.59993455,1,-0.07164551801,-0.07164551801,3.476491185,3.476491185
1992,39856692,1,17.02779379,22.66890699,316.9654851,0,316.9746356,317.9303175,0.009987571023,1,-0.03749805221,-0.03753447167,3.598943887,3.599577911,1,-0.07164551801,-0.07164551801,3.476491185,3.476491185
1993,39876309,1,17.0254674,22.67018447,316.9654851,0,316.9746356,317.9289216,0.009987571023,1,-0.03749805221,-0.03752536681,3.598943887,3.599451107,1,-0.07164551801,-0.07164551801,3.476491185,3.476491185
1994,39896857,1,17.02376137,22.67146195,316.9654851,0,316.9747907,317.9275258,0.009987571023,0,NaN,NaN,NaN,NaN,0,NaN,NaN,NaN,NaN
1995,39920726,1,17.02267572,22.67210069,316.9654851,0,316.9747907,317.9270605,0.009987571023,1,-0.03829017527,-0.03793810459,3.598352195,3.598518865,1,-0.07164551801,-0.07164551801,3.476491185,3.476491185
1996,39936964,1,17.02236554,22.67210069,316.9654851,0,316.9747907,317.9269054,0.009987571023,1,-0.03839061372,-0.03812486846,3.598352195,3.598458864,1,-0.07164551801,-0.07164551801,3.476491185,3.476491185
1997,39956561,1,17.02376137,22.67210069,316.9654851,0,316.9747907,317.9265952,0.009987571023,1,-0.03849468564,-0.03827850681,3.598352195,3.598420463,1,-0.07164551801,-0.07164551801,3.476491185,3.476491185
1998,39976826,1,17.02484702,22.67210069,316.9654851,0,316.9747907,317.9267503,0.009987571023,1,-0.03857630926,-0.03840154742,3.598352195,3.598395886,1,-0.07164551801,-0.07164551801,3.476491185,3.476491185
1999,39996776,1,17.0253123,22.67210069,316.9654851,0,316.9747907,317.9265952,0.009987571023,1,-0.03859590391,-0.0384865616,3.598538703,3.598417459,1,-0.07164551801,-0.07164551801,3.476491185,3.476491185
2000,40019643,1,17.02593267,22.67210069,316.9654851,0,316.9747907,317.9265952,0.009987571023,1,-0.03855977991,-0.03850486618,3.598725419,3.598479051,1,-0.07164551801,-0.07164551801,3.476491185,3.476491185
2001,40037213,1,17.02577758,22.67210069,316.9654851,0,316.9747907,317.9269054,0.009987571023,1,-0.03821742681,-0.03840465255,3.59965704,3.598965293,1,-0.07164551801,-0.07164551801,3.476491185,3.476491185
2002,40056161,1,17.02577758,22.67273943,316.9654851,0,316.9747907,317.9270605,0.009987571023,1,-0.03786913648,-0.03819935354,3.600715448,3.599484941,1,-0.07164551801,-0.07164551801,3.476491185,3.476491185
2003,40076159,1,16.9952243,22.67657188,316.9346217,0,316.9456333,317.9273707,0.009987571023,1,-0.03745432463,-0.03790525078,3.601661129,3.600211577,1,-0.07164551801,-0.07164551801,3.476491185,3.476491185
2004,40096600,1,16.89084684,22.68615299,316.8317952,0,316.8448229,317.9273707,0.009987571023,1,-0.0369217167,-0.03752542755,3.602084429,3.600855955,1,-0.07164551801,-0.07164551801,3.476491185,3.476491185
2005,40118594,1,16.70783734,22.70339899,316.6478551,0,316.6591769,317.9275258,0.009987571023,1,-0.03638796504,-0.03708097408,3.602084538,3.601298245,1,-0.07164551801,-0.07164551801,3.476491185,3.476491185
2006,40136711,1,16.50435558,22.72128373,316.4443733,0,316.4566257,317.9276809,0.009987571023,1,-0.03593244349,-0.03662065948,3.602084538,3.60158131,1,-0.07164551801,-0.07164551801,3.476491185,3.476491185
2007,40156848,1,16.21278111,22.74555587,316.1543498,0,316.1659818,317.927836,0.009987571023,1,-0.03533370886,-0.0361132877,3.602084538,3.601762472,1,-0.07164551801,-0.07164551801,3.476491185,3.476491185
2008,40176755,1,15.89297976,22.77238298,315.8336179,0,315.8444744,317.9279911,0.009987571023,1,-0.03474837748,-0.03557344603,3.602084538,3.601878416,1,-0.07164551801,-0.07164551801,3.476491185,3.476491185
2009,40197169,1,15.5409191,22.8055975,315.4807818,0,315.4925688,317.9281462,0.009987571023,1,-0.03420756342,-0.0350183812,3.602084538,3.60195262,1,-0.07164551801,-0.07164551801,3.476491185,3.476491185
2010,40219273,1,15.09161525,22.82986964,315.0314779,0,315.0393876,317.9281462,0.009987571023,1,-0.0335413129,-0.0344426242,3.602084538,3.60200011,1,-0.07164551801,-0.07164551801,3.476491185,3.476491185
2011,40236728,1,14.76421435,22.83625705,314.7026812,0,314.7127622,317.9283013,0.009987571023,1,-0.0329730095,-0.03384796076,3.602084538,3.602030504,1,-0.07164551801,-0.07164551801,3.476491185,3.476491185
2012,40256916,1,14.34608415,22.84072824,314.2868774,0,314.2958728,317.9284564,0.009987571023,1,-0.03231822303,-0.03325402993,3.602084538,3.602049956,1,-0.07164551801,-0.07164551801,3.476491185,3.476491185
2013,40277125,1,13.90391458,22.84392194,313.843312,0,313.8535481,317.9284564,0.009987571023,1,-0.03166903287,-0.03261765716,3.602084538,3.602062406,1,-0.07164551801,-0.07164551801,3.476491185,3.476491185
2014,40296624,1,13.46050426,22.84519942,313.3999016,0,313.4082766,317.9284564,0.009987571023,1,-0.03101813276,-0.03197166959,3.602084538,3.602070373,1,-0.07164551801,-0.07164551801,3.476491185,3.476491185
2015,40318754,1,12.95211005,22.8464769,312.8916625,0,312.9026741,317.9284564,0.009987571023,1,-0.03019931499,-0.03126769179,3.602084538,3.602075473,1,-0.07164551801,-0.07164551801,3.476491185,3.476491185
2016,40336813,1,12.53118819,22.84775438,312.4704305,0,312.4802013,317.9286114,0.009987571023,1,-0.02950342898,-0.03056763655,3.602271149,3.602143413,1,-0.07164551801,-0.07164551801,3.476491185,3.476491185
2017,40356749,1,12.02372454,22.84839312,311.9642076,0,311.9759946,317.9286114,0.009987571023,1,-0.02874937005,-0.02984556731,3.602271155,3.6021894,1,-0.07164551801,-0.07164551801,3.476491185,3.476491185
2018,40377194,1,11.46942287,22.8496706,311.410061,0,311.4176605,317.9286114,0.009987571023,1,-0.02788636018,-0.02908079439,3.602271155,3.602218832,1,-0.07164551801,-0.07164551801,3.476491185,3.476491185
2019,40396591,1,10.98119073,22.85030935,310.9176413,0,310.9286529,317.9286114,0.009987571023,1,-0.02725725633,-0.0283495347,3.602417431,3.602266923,1,-0.07164551801,-0.07164551801,3.476491185,3.476491185
2020,40421332,1,10.28637498,22.85222557,310.2262376,0,310.2341474,317.9289216,0.009987571023,1,-0.026415115,-0.02759038205,3.602457772,3.602335627,1,-0.07164551801,-0.07164551801,3.476491185,3.476491185
2021,40436735,1,9.897247138,22.85286431,309.8363343,0,309.8467256,317.9287665,0.009987571023,1,-0.02588679176,-0.02691275141,3.602457772,3.602379599,1,-0.07164551801,-0.07164551801,3.476491185,3.476491185
2022,40456517,1,9.323248679,22.85478053,309.2629562,0,309.2716414,317.9287665,0.009987571023,1,-0.02522856809,-0.02623746959,3.602457772,3.602407742,1,-0.07164551801,-0.07164551801,3.476491185,3.476491185
2023,40476148,1,8.799965566,22.85669675,308.7382773,0,308.7471176,317.9287665,0.009987571023,1,-0.02488190445,-0.02589857831,3.602457772,3.602417748,1,-0.07164551801,-0.07164551801,3.476491185,3.476491185
2024,40496893,1,8.253573626,22.85861297,308.1959178,0,308.2049132,317.9287665,0.009987571023,1,-0.02414342817,-0.02500839186,3.602457772,3.60243728,1,-0.07164551801,-0.07164551801,3.476491185,3.476491185
2025,40519553,1,7.68857055,22.8605292,307.6287434,0,307.6377388,317.9289216,0.009987571023,1,-0.02353593356,-0.0244201363,3.602457772,3.602444657,1,-0.07164551801,-0.07164551801,3.476491185,3.476491185
2026,40536514,1,7.31324597,22.86180668,307.2541943,0,307.2644304,317.9289216,0.009987571023,1,-0.02320681653,-0.02392628635,3.602457772,3.602449379,1,-0.07164551801,-0.07164551801,3.476491185,3.476491185
2027,40556185,1,6.881312517,22.86308416,306.8202446,0,306.8300155,317.9289216,0.009987571023,1,-0.02283387986,-0.02347754643,3.602457772,3.6024524,1,-0.07164551801,-0.07164551801,3.476491185,3.476491185
2028,40576765,1,6.437126733,22.86500038,306.3769894,0,306.3859848,317.9289216,0.009987571023,1,-0.02260464201,-0.02325932033,3.602457772,3.602453475,1,-0.07164551801,-0.07164551801,3.476491185,3.476491185
2029,40596813,1,6.072503556,22.86627786,306.0137621,0,306.0239982,317.9289216,0.009987571023,1,-0.02207963355,-0.02265323953,3.602457772,3.602455572,1,-0.07164551801,-0.07164551801,3.476491185,3.476491185
2030,40618673,1,5.702452132,22.8669166,305.6407639,0,305.6513102,317.9287665,0.009987571023,1,-0.02169613403,-0.02227349243,3.602457772,3.602456364,1,-0.07164551801,-0.07164551801,3.476491185,3.476491185
2031,40636875,1,5.42173416,22.86819408,305.3631477,0,305.3726084,317.9287665,0.009987571023,1,-0.02140455182,-0.02192593361,3.602457772,3.602456871,1,-0.07164551801,-0.07164551801,3.476491185,3.476491185
2032,40656690,1,5.119303197,22.86883283,305.0602515,0,305.0687816,317.9287665,0.009987571023,1,-0.02109318618,-0.02159511346,3.602457772,3.602457196,1,-0.07164551801,-0.07164551801,3.476491185,3.476491185
2033,40676532,1,4.8326917,22.86947157,304.7734849,0,304.7826354,317.9287665,0.009987571023,1,-0.02078970846,-0.02126996031,3.602457772,3.602457403,1,-0.07164551801,-0.07164551801,3.476491185,3.476491185
2034,40697216,1,4.569654308,22.87011031,304.5090517,0,304.5171165,317.9287665,0.009987571023,1,-0.02043805071,-0.02094364489,3.602790665,3.602553946,1,-0.07164551801,-0.07164551801,3.476491185,3.476491185
2035,40718776,1,4.295450235,22.87074905,304.2332967,0,304.2419819,317.9289216,0.009987571023,1,-0.020092413,-0.02060651388,3.603017591,3.602712676,1,-0.07164551801,-0.07164551801,3.476491185,3.476491185
2036,40736666,1,4.078785591,22.87202653,304.0177177,0,304.0270233,317.9289216,0.009987571023,1,-0.01975468389,-0.02026781691,3.603204238,3.602884545,1,-0.07164551801,-0.07164551801,3.476491185,3.476491185
2037,40757034,1,3.829861644,22.87394275,303.7704998,0,303.7793401,317.9289216,0.009987571023,1,-0.01938150443,-0.01991741119,3.603204241,3.602999635,1,-0.07164551801,-0.07164551801,3.476491185,3.476491185
2038,40776071,1,3.591328915,22.87841394,303.531967,0,303.5404971,317.9289216,0.009987571023,1,-0.01908858487,-0.01958222877,3.603204241,3.603073293,1,-0.07164551801,-0.07164551801,3.476491185,3.476491185
2039,40796375,1,3.333409586,22.88288512,303.2723417,0,303.281182,317.9289216,0.009987571023,1,-0.01872406381,-0.01923317696,3.603204241,3.603120435,1,-0.07164551801,-0.07164551801,3.476491185,3.476491185
2040,40818801,1,3.133029686,22.88799505,303.072272,0,303.0826632,317.9289216,0.009987571023,1,-0.01835279766,-0.01888854885,3.603390855,3.603212692,1,-0.07164551801,-0.07164551801,3.476491185,3.476491185
2041,40836641,1,3.060291162,22.89182749,302.9992233,0,303.0089941,317.9289216,0.009987571023,1,-0.01806991196,-0.01855998556,3.603390858,3.603276832,1,-0.07164551801,-0.07164551801,3.476491185,3.476491185
2042,40856159,1,3.136596821,22.89565993,302.9865057,0,302.9922441,317.9289216,0.009987571023,1,-0.01780130586,-0.01825313797,3.603445717,3.603328853,1,-0.07164551801,-0.07164551801,3.476491185,3.476491185
2043,40876907,1,3.133029686,22.90013112,303.0282256,0,303.0336539,317.9289216,0.009987571023,1,-0.01780130586,-0.01805546142,3.603445717,3.603370924,1,-0.07164551801,-0.07164551801,3.476491185,3.476491185
2044,40896410,1,3.133029686,22.90396356,303.052265,0,303.0587789,317.9289216,0.009987571023,1,-0.01780130586,-0.01799192253,3.603445717,3.603385883,1,-0.07164551801,-0.07164551801,3.476491185,3.476491185
2045,40917668,1,3.133029686,22.91035097,303.0648275,0,303.0719618,317.9289216,0.009987571023,0,NaN,NaN,NaN,NaN,0,NaN,NaN,NaN,NaN
2046,40937409,1,3.133339872,22.91673838,303.0693252,0,303.0770799,317.9289216,0.009987571023,0,NaN,NaN,NaN,NaN,0,NaN,NaN,NaN,NaN
2047,40956826,1,3.282228962,22.92504201,303.0711863,0,303.0794062,317.9281462,0.009987571023,0,NaN,NaN,NaN,NaN,0,NaN,NaN,NaN,NaN
2048,40977197,1,4.106702295,22.94037178,303.0718067,0,303.0808021,317.7341251,0.009987571023,1,-0.01646471384,-0.01757437973,3.60451054,3.603620388,1,-0.07164551801,-0.07164551801,3.476491185,3.476491185
2049,40996773,1,6.070952628,22.95761778,303.0724271,0,303.0812674,316.813184,0.009987571023,1,-0.01607118049,-0.01677771981,3.604752037,3.604151666,1,-0.07164551801,-0.07164551801,3.476491185,3.476491185
2050,41020682,1,9.267570363,22.98125119,303.0724271,0,303.0817326,314.2482593,0.009987571023,1,-0.01568103384,-0.01634009339,3.6050704,3.604452545,1,-0.07164551801,-0.07164551801,3.476491185,3.476491185
2051,41036847,1,11.54727945,22.99530348,303.0724271,0,303.0817326,312.0178697,0.009987571023,1,-0.01543426194,-0.01597415127,3.605070413,3.604674977,1,-0.07164551801,-0.07164551801,3.476491185,3.476491185
2052,41056268,1,14.30358873,23.00488459,303.0724271,0,303.0820428,309.2598544,0.009987571023,1,-0.01523057806,-0.01578825796,3.605253248,3.604790632,1,-0.07164551801,-0.07164551801,3.476491185,3.476491185
2053,41076998,1,17.14225227,23.01191074,303.0724271,0,303.0821979,306.3791607,0.009987571023,1,-0.01489550959,-0.01544505632,3.60525703,3.604958524,1,-0.07164551801,-0.07164551801,3.476491185,3.476491185
2054,41097959,1,17.83660275,23.01510444,303.072272,0,303.0821979,304.6810496,0.009987571023,1,-0.01435092528,-0.01491791383,3.605565495,3.605179109,1,-0.07164551801,-0.07164551801,3.476491185,3.476491185
2055,41119797,1,17.99433213,23.01829815,303.0724271,0,303.0821979,304.1078266,0.009987571023,1,-0.01399952355,-0.01455643816,3.605630264,3.605341507,1,-0.07164551801,-0.07164551801,3.476491185,3.476491185
2056,41136668,1,17.99309138,23.01957563,303.0724271,0,303.082353,304.0712247,0.009987571023,0,NaN,NaN,NaN,NaN,0,NaN,NaN,NaN,NaN
2057,41156976,1,17.99371176,23.02085311,303.072272,0,303.082353,304.0730858,0.009987571023,1,-0.01358082634,-0.0143125352,3.605816881,3.605436582,1,-0.07164551801,-0.07164551801,3.476491185,3.476491185
2058,41176524,1,18.02814236,23.02149185,303.0724271,0,303.082353,304.0355534,0.009987571023,0,NaN,NaN,NaN,NaN,0,NaN,NaN,NaN,NaN
2059,41196948,1,18.02426504,23.02213059,303.072272,0,303.082353,304.0577316,0.009987571023,0,NaN,NaN,NaN,NaN,0,NaN,NaN,NaN,NaN
2060,41219579,1,18.02007753,23.02213059,303.072272,0,303.082353,304.061609,0.009987571023,0,NaN,NaN,NaN,NaN,0,NaN,NaN,NaN,NaN
2061,41236739,1,18.05605906,23.02213059,303.0724271,0,303.0825081,304.0513728,0.009987571023,1,-0.01223775245,-0.01287387638,3.606003498,3.605854205,1,-0.07164551801,-0.07164551801,3.476491185,3.476491185
2062,41257073,1,17.85133656,23.02404681,303.0724271,0,303.0825081,304.0634701,0.009987571023,1,-0.01204837408,-0.01242357606,3.604021652,3.605425619,1,-0.07164551801,-0.07164551801,3.476491185,3.476491185
2063,41276819,1,17.45755594,23.04129281,303.0724271,0,303.0825081,304.05494,0.009987571023,1,-0.01201933775,-0.01224675207,3.603083894,3.604640423,1,-0.07164551801,-0.07164551801,3.476491185,3.476491185
2064,41297131,1,17.21250931,23.05406762,303.0724271,0,303.0825081,304.0526136,0.009987571023,1,-0.01201933765,-0.01214725826,3.602695643,3.603988718,1,-0.07164551801,-0.07164551801,3.476491185,3.476491185
2065,41319801,1,17.09401841,23.06811992,303.0724271,0,303.0826632,304.0490464,0.009987571023,1,-0.01204756386,-0.01209834955,3.602457881,3.603467463,1,-0.07164551801,-0.07164551801,3.476491185,3.476491185
2066,41337250,1,17.05617577,23.07578481,303.0724271,0,303.0826632,304.0470302,0.009987571023,1,-0.01207634176,-0.01208587498,3.602271156,3.603039966,1,-0.07164551801,-0.07164551801,3.476491185,3.476491185
2067,41357481,1,17.03632389,23.0834497,303.0724271,0,303.0826632,304.0448589,0.009987571023,1,-0.01210474212,-0.01208959522,3.602271155,3.602763194,1,-0.07164551801,-0.07164551801,3.476491185,3.476491185
2068,41376953,1,17.02810397,23.0866434,303.0724271,0,303.0826632,304.0431529,0.009987571023,1,-0.01216091602,-0.01211505585,3.602271155,3.60258606,1,-0.07164551801,-0.07164551801,3.476491185,3.476491185
2069,41396870,1,17.02438175,23.08919836,303.0724271,0,303.0826632,304.0414469,0.009987571023,1,-0.01224428295,-0.01216354397,3.602084551,3.602413693,1,-0.07164551801,-0.07164551801,3.476491185,3.476491185
2070,41419422,1,17.02252063,23.09111458,303.0724271,0,303.0826632,304.0397409,0.009987571023,0,NaN,NaN,NaN,NaN,0,NaN,NaN,NaN,NaN
2071,41437237,1,17.02159008,23.09303081,303.0724271,0,303.0826632,304.0392756,0.009987571023,0,NaN,NaN,NaN,NaN,0,NaN,NaN,NaN,NaN
2072,41456718,1,17.02081461,23.09366955,303.0724271,0,303.0826632,304.0391205,0.009987571023,1,-0.01230449394,-0.01229762989,3.602084538,3.602084538,1,-0.07164551801,-0.07164551801,3.476491185,3.476491185
2073,41476591,1,17.02174517,23.09494703,303.0724271,0,303.0826632,304.0386552,0.009987571023,1,-0.01230449394,-0.01230159817,3.602084538,3.602084538,1,-0.07164551801,-0.07164551801,3.476491185,3.476491185
2074,41497836,1,17.02283082,23.09558577,303.0724271,0,303.0826632,304.038345,0.009987571023,1,-0.01230449394,-0.01230286507,3.601910272,3.602049685,1,-0.07164551801,-0.07164551801,3.476491185,3.476491185
2075,41517900,1,17.0232961,23.09558577,303.0724271,0,303.0826632,304.0385001,0.009987571023,1,-0.01230449394,-0.0123035777,3.601897921,3.601995053,1,-0.07164551801,-0.07164551801,3.476491185,3.476491185
2076,41537002,1,17.02360628,23.09622451,303.0724271,0,303.0826632,304.038345,0.009987571023,1,-0.01230449394,-0.01230397855,3.601897921,3.601960086,1,-0.07164551801,-0.07164551801,3.476491185,3.476491185
2077,41556693,1,17.02376137,23.09622451,303.0724271,0,303.0826632,304.0386552,0.009987571023,1,-0.01219682868,-0.01227101474,3.60223925,3.602014749,1,-0.07164551801,-0.07164551801,3.476491185,3.476491185
2078,41576204,1,17.02376137,23.09622451,303.0724271,0,303.0826632,304.0388103,0.009987571023,1,-0.01199417238,-0.01216909413,3.602733115,3.602221125,1,-0.07164551801,-0.07164551801,3.476491185,3.476491185
2079,41596987,1,17.01786785,23.09622451,303.0657581,0,303.0777002,304.0389654,0.009987571023,1,-0.01162631773,-0.01196291801,3.603184408,3.602540985,1,-0.07164551801,-0.07164551801,3.476491185,3.476491185
2080,41619389,1,16.96032842,23.09686325,303.0080636,0,303.0223321,304.0392756,0.009987571023,1,-0.0111969504,-0.01167635359,3.603754331,3.602919028,1,-0.07164551801,-0.07164551801,3.476491185,3.476491185
2081,41636728,1,16.87735377,23.09941821,302.9258644,0,302.9401329,304.0392756,0.009987571023,1,-0.01098281658,-0.01150296934,3.603764082,3.603088039,1,-0.07164551801,-0.07164551801,3.476491185,3.476491185
2082,41656588,1,16.7193142,23.1038894,302.7679799,0,302.7824035,304.0394307,0.009987571023,1,-0.01038436553,-0.01096834652,3.604510555,3.603723699,1,-0.07164551801,-0.07164551801,3.476491185,3.476491185
2083,41677113,1,16.49582548,23.11155429,302.5446463,0,302.5579842,304.0395858,0.009987571023,1,-0.009833303247,-0.01052314495,3.604696265,3.60404411,1,-0.07164551801,-0.07164551801,3.476491185,3.476491185
2084,41696782,1,16.23713068,23.12177414,302.2859515,0,302.2966529,304.0397409,0.009987571023,1,-0.009245053378,-0.01003552683,3.604881936,3.604316165,1,-0.07164551801,-0.07164551801,3.476491185,3.476491185
2085,41721285,1,15.87436862,23.13710391,301.9216385,0,301.9328052,304.0397409,0.009987571023,1,-0.008535327162,-0.009467275198,3.604883795,3.604520512,1,-0.07164551801,-0.07164551801,3.476491185,3.476491185
2086,41736010,1,15.63924793,23.14796251,301.6877585,0,301.6987701,304.039896,0.009987571023,1,-0.008274574512,-0.009169100027,3.604988346,3.604614078,1,-0.07164551801,-0.07164551801,3.476491185,3.476491185
2087,41757022,1,15.23786776,23.16329228,301.2848274,0,301.2955288,304.039896,0.009987571023,1,-0.007404545853,-0.008298765609,3.605070413,3.604836653,1,-0.07164551801,-0.07164551801,3.476491185,3.476491185
2088,41777280,1,14.81896211,23.17734458,300.8677829,0,300.8791047,304.0400511,0.009987571023,1,-0.00680614886,-0.007703766355,3.605070413,3.604920806,1,-0.07164551801,-0.07164551801,3.476491185,3.476491185
2089,41796421,1,14.40222775,23.18884191,300.4521342,0,300.4623703,304.0402062,0.009987571023,1,-0.006141943535,-0.007086171488,3.605070413,3.604974665,1,-0.07164551801,-0.07164551801,3.476491185,3.476491185
2090,41820221,1,13.86576175,23.20033924,299.9145825,0,299.9257492,304.0402062,0.009987571023,1,-0.005264195122,-0.006382398921,3.605070413,3.605009134,1,-0.07164551801,-0.07164551801,3.476491185,3.476491185
2091,41836777,1,13.49633069,23.20608791,299.5448413,0,299.5575589,304.0402062,0.009987571023,1,-0.004599826441,-0.005677677411,3.605070413,3.605031194,1,-0.07164551801,-0.07164551801,3.476491185,3.476491185
2092,41857175,1,13.00685781,23.21311406,299.056299,0,299.0668453,304.0402062,0.009987571023,1,-0.003816145906,-0.004921090651,3.605070413,3.605045313,1,-0.07164551801,-0.07164551801,3.476491185,3.476491185
2093,41876710,1,12.49753305,23.21950146,298.5472844,0,298.5587613,304.0403612,0.009987571023,1,-0.003121945547,-0.004192253217,3.605070413,3.605054349,1,-0.07164551801,-0.07164551801,3.476491185,3.476491185
2094,41896685,1,11.94369666,23.22525013,297.9915869,0,298.003529,304.0405163,0.009987571023,1,-0.002553692544,-0.003500731732,3.605070413,3.605060132,1,-0.07164551801,-0.07164551801,3.476491185,3.476491185
2095,41917926,1,11.35930698,23.23036005,297.4092134,0,297.4189843,304.0405163,0.009987571023,1,-0.002553692544,-0.003086402088,3.605070413,3.605063833,1,-0.07164551801,-0.07164551801,3.476491185,3.476491185
2096,41936155,1,10.8957346,23.2341925,296.9416086,0,296.9513795,304.0405163,0.009987571023,1,-0.002553692544,-0.002853341662,3.605070413,3.605066202,1,-0.07164551801,-0.07164551801,3.476491185,3.476491185
2097,41956962,1,10.45651178,23.2373862,296.5057978,0,296.5149483,304.0405163,0.009987571023,1,-0.002553692544,-0.002722245173,3.605070413,3.605067718,1,-0.07164551801,-0.07164551801,3.476491185,3.476491185
2098,41976494,1,10.19006235,23.23994116,296.2371771,0,296.2471031,304.0405163,0.009987571023,1,0.0001303562615,-0.001510400374,3.605070413,3.605068688,1,-0.07164551801,-0.07164551801,3.476491185,3.476491185
2099,41996925,1,9.905156871,23.24249613,295.9549082,0,295.9642138,304.0405163,0.009987571023,1,0.0007010782564,-0.0005916693754,3.605070413,3.605069309,1,-0.07164551801,-0.07164551801,3.476491185,3.476491185
2100,42019353,1,9.29564216,23.24441235,295.3463241,0,295.3551644,304.0405163,0.009987571023,1,0.001221476241,0.0001450178904,3.605070413,3.605069706,1,-0.07164551801,-0.07164551801,3.476491185,3.476491185
2101,42036928,1,8.782905358,23.24632857,294.8320363,0,294.8418072,304.0405163,0.009987571023,1,0.001632050684,0.0007629305363,3.605070413,3.60506996,1,-0.07164551801,-0.07164551801,3.476491185,3.476491185
2102,42056958,1,8.196499475,23.24760605,294.2457855,0,294.254936,304.0405163,0.009987571023,1,0.002037249528,0.00127992318,3.605070413,3.605070123,1,-0.07164551801,-0.07164551801,3.476491185,3.476491185
2103,42076521,1,7.665771908,23.24888353,293.7139723,0,293.7252941,304.0406714,0.009987571023,1,0.002411784286,0.001740350009,3.605070413,3.605070227,1,-0.07164551801,-0.07164551801,3.476491185,3.476491185
2104,42097327,1,7.191808306,23.25016102,293.2410944,0,293.252106,304.0406714,0.009987571023,1,0.002832737288,0.002183080989,3.605070413,3.605070294,1,-0.07164551801,-0.07164551801,3.476491185,3.476491185
2105,42119042,1,6.791048506,23.25079976,292.8392489,0,292.8502605,304.0406714,0.009987571023,1,0.003304886184,0.002618589596,3.605250958,3.605106446,1,-0.07164551801,-0.07164551801,3.476491185,3.476491185
2106,42136791,1,6.480087439,23.25079976,292.528598,0,292.5396096,304.0406714,0.009987571023,1,0.003476061823,0.002832957653,3.605257013,3.605136559,1,-0.07164551801,-0.07164551801,3.476491185,3.476491185
2107,42156531,1,6.146948101,23.2514385,292.1945281,0,292.2061601,304.0406714,0.009987571023,1,0.004005747444,0.00341716448,3.60525703,3.605195349,1,-0.07164551801,-0.07164551801,3.476491185,3.476491185
2108,42176018,1,5.827146744,23.25207724,291.875037,0,291.8865138,304.0406714,0.009987571023,1,0.004361402115,0.003802262896,3.60525703,3.605217554,1,-0.07164551801,-0.07164551801,3.476491185,3.476491185
2109,42196693,1,5.492456478,23.25335472,291.5406569,0,291.5518236,304.0405163,0.009987571023,1,0.004824891705,0.004207750297,3.60525703,3.605231765,1,-0.07164551801,-0.07164551801,3.476491185,3.476491185
2110,42219424,1,5.14489351,23.25399346,291.1934041,0,291.2030199,304.0406714,0.009987571023,1,0.005381990563,0.004662569197,3.60525703,3.605240861,1,-0.07164551801,-0.07164551801,3.476491185,3.476491185
2111,42236034,1,4.915045977,23.2546322,290.9646422,0,290.9737927,304.0406714,0.009987571023,1,0.005740809294,0.005109431892,3.60525703,3.605246681,1,-0.07164551801,-0.07164551801,3.476491185,3.476491185
2112,42256792,1,4.575082556,23.25527094,290.6239033,0,290.6332089,304.0406714,0.009987571023,1,0.00631472287,0.005575975147,3.60525703,3.605250407,1,-0.07164551801,-0.07164551801,3.476491185,3.476491185
2113,42276291,1,4.255591385,23.25590968,290.3050325,0,290.3144932,304.0406714,0.009987571023,1,0.006764370842,0.006051831997,3.60525703,3.605252791,1,-0.07164551801,-0.07164551801,3.476491185,3.476491185
2114,42296286,1,3.907408045,23.25718716,289.9559186,0,289.9656895,304.0406714,0.009987571023,1,0.007314047374,0.0065579074,3.60525703,3.605254317,1,-0.07164551801,-0.07164551801,3.476491185,3.476491185
2115,42318948,1,3.503856575,23.25718716,289.5517468,0,289.562138,304.0406714,0.009987571023,1,0.00795294081,0.007097257745,3.60525703,3.605255294,1,-0.07164551801,-0.07164551801,3.476491185,3.476491185
2116,42336104,1,3.261291433,23.2578259,289.3094918,0,289.3209687,304.0405163,0.009987571023,1,0.008385884685,0.007632349117,3.60525703,3.605255919,1,-0.07164551801,-0.07164551801,3.476491185,3.476491185
2117,42356933,1,3.107439374,23.25846464,289.15595,0,289.1669616,304.0406714,0.009987571023,1,0.009036913155,0.008198513397,3.60525703,3.605256319,1,-0.07164551801,-0.07164551801,3.476491185,3.476491185
2118,42376914,1,3.057809678,23.25846464,289.0931374,0,289.1043041,304.0406714,0.009987571023,1,0.009327779349,0.008480829885,3.60525703,3.605256461,1,-0.07164551801,-0.07164551801,3.476491185,3.476491185
2119,42396735,1,3.16808066,23.25846464,289.1356328,0,289.1413713,304.0406714,0.009987571023,1,0.009953817622,0.00907423551,3.60525703,3.605256666,1,-0.07164551801,-0.07164551801,3.476491185,3.476491185
2120,42419913,1,3.167305196,23.25910339,289.1823158,0,289.1886746,304.0406714,0.009987571023,1,0.01087676376,0.009948584409,3.605443647,3.605323969,1,-0.07164551801,-0.07164551801,3.476491185,3.476491185
2121,42437601,1,3.167305196,23.25910339,289.1990658,0,289.206045,304.0406714,0.009987571023,1,0.01114597364,0.01024793172,3.605443647,3.605347904,1,-0.07164551801,-0.07164551801,3.476491185,3.476491185
2122,42456990,1,3.167150103,23.26101961,289.2080612,0,289.2159709,304.0406714,0.009987571023,0,NaN,NaN,NaN,NaN,0,NaN,NaN,NaN,NaN
2123,42477158,1,3.198323756,23.26549079,289.2117834,0,289.2200033,304.0406714,0.009987571023,0,NaN,NaN,NaN,NaN,0,NaN,NaN,NaN,NaN
2124,42496683,1,3.60931968,23.27251694,289.2131792,0,289.2215542,304.014926,0.009987571023,1,0.01367132745,0.01110378065,3.605443647,3.605367053,1,-0.07164551801,-0.07164551801,3.476491185,3.476491185
2125,42520189,1,5.398315147,23.28465301,289.2139547,0,289.222795,303.4198349,0.009987571023,1,0.01438899846,0.01246127817,3.605443647,3.605394627,1,-0.07164551801,-0.07164551801,3.476491185,3.476491185
2126,42539669,1,7.945559322,23.29423412,289.2142649,0,289.2234153,301.8191221,0.009987571023,1,0.01469111868,0.0130187383,3.605443647,3.605404431,1,-0.07164551801,-0.07164551801,3.476491185,3.476491185
2127,42556937,1,10.28497914,23.3095639,289.2145751,0,289.2237255,299.6855105,0.009987571023,1,0.01534549808,0.01399832658,3.605443647,3.605418549,1,-0.07164551801,-0.07164551801,3.476491185,3.476491185
2128,42577306,1,13.18847148,23.31531257,289.21442,0,289.2238806,296.8184649,0.009987571023,1,0.01586533397,0.01476471544,3.605443647,3.605427584,1,-0.07164551801,-0.07164551801,3.476491185,3.476491185
2129,42597931,1,16.20409592,23.31914501,289.21442,0,289.2240357,293.7820581,0.009987571023,1,0.01637556354,0.01516742747,3.605443647,3.605430797,1,-0.07164551801,-0.07164551801,3.476491185,3.476491185
2130,42620366,1,17.65948677,23.32042249,289.21442,0,289.2240357,291.380446,0.009987571023,1,0.01648007585,0.01573043805,3.605443647,3.605435423,1,-0.07164551801,-0.07164551801,3.476491185,3.476491185
2131,42637570,1,17.96657052,23.32106123,289.21442,0,289.2240357,290.5054124,0.009987571023,1,0.0164820118,0.01591833149,3.605443647,3.605437068,1,-0.07164551801,-0.07164551801,3.476491185,3.476491185
2132,42656509,1,17.99247101,23.32297745,289.2142649,0,289.2241908,290.2253148,0.009987571023,1,0.0164820336,0.01616495116,3.605443647,3.605439436,1,-0.07164551801,-0.07164551801,3.476491185,3.476491185
2133,42677267,1,17.99355666,23.32361619,289.2142649,0,289.2241908,290.2178704,0.009987571023,1,0.01628649562,0.01619533727,3.605443647,3.605440278,1,-0.07164551801,-0.07164551801,3.476491185,3.476491185
2134,42696781,1,18.02798727,23.32489368,289.21442,0,289.2241908,290.2188009,0.009987571023,0,NaN,NaN,NaN,NaN,0,NaN,NaN,NaN,NaN
2135,42719857,1,18.02581597,23.32553242,289.2142649,0,289.2241908,290.198794,0.009987571023,0,NaN,NaN,NaN,NaN,0,NaN,NaN,NaN,NaN
2136,42736409,1,18.02240392,23.32553242,289.2142649,0,289.2241908,290.2018958,0.009987571023,1,0.01468573524,0.01541903039,3.605443647,3.605443647,1,-0.07164551801,-0.07164551801,3.476491185,3.476491185
2137,42756800,1,18.04752896,23.32617116,289.21442,0,289.2241908,290.2001898,0.009987571023,1,0.01401174223,0.01487385718,3.605443647,3.605443647,1,-0.07164551801,-0.07164551801,3.476491185,3.476491185
2138,42776608,1,18.04132525,23.33128108,289.2142649,0,289.2243459,290.1967778,0.009987571023,1,0.01280936212,0.0140856373,3.604895011,3.605304296,1,-0.07164551801,-0.07164551801,3.476491185,3.476491185
2139,42796972,1,18.04411692,23.34277842,289.2142649,0,289.2243459,290.1922801,0.009987571023,1,0.01122988193,0.01299603733,3.603956795,3.604854812,1,-0.07164551801,-0.07164551801,3.476491185,3.476491185
2140,42820137,1,18.04690859,23.34980456,289.2142649,0,289.2243459,290.1885578,0.009987571023,1,0.008901642465,0.01147589654,3.602489788,3.604085039,1,-0.07164551801,-0.07164551801,3.476491185,3.476491185
2141,42837118,1,18.04814933,23.35491449,289.21442,0,289.2243459,290.1859213,0.009987571023,1,0.006685965589,0.009646119098,3.601907712,3.603360141,1,-0.07164551801,-0.07164551801,3.476491185,3.476491185
2142,42856909,1,18.04970026,23.36066315,289.21442,0,289.2243459,290.1832847,0.009987571023,1,0.005472410521,0.008602691954,3.601793387,3.60304679,1,-0.07164551801,-0.07164551801,3.476491185,3.476491185
2143,42876604,1,18.05063081,23.36641182,289.21442,0,289.2243459,290.1811134,0.009987571023,1,0.00105726278,0.004951111118,3.600965405,3.602117692,1,-0.07164551801,-0.07164551801,3.476491185,3.476491185
2144,42897862,1,18.05156137,23.37152175,289.21442,0,289.2243459,290.1786319,0.009987571023,1,-0.002416870278,0.001998249747,3.600593956,3.601598651,1,-0.07164551801,-0.07164551801,3.476491185,3.476491185
2145,42920377,1,18.05233684,23.37407671,289.21442,0,289.2243459,290.1769259,0.009987571023,1,-0.006618862631,-0.001286648388,3.600405017,3.601198797,1,-0.07164551801,-0.07164551801,3.476491185,3.476491185
2146,42937158,1,18.05280211,23.37535419,289.21442,0,289.2243459,290.1755301,0.009987571023,1,-0.007457395266,-0.003986350147,3.600404985,3.600913024,1,-0.07164551801,-0.07164551801,3.476491185,3.476491185
2147,42956948,1,18.05326739,23.37535419,289.21442,0,289.2243459,290.1741342,0.009987571023,1,-0.007457395266,-0.004854111426,3.600404985,3.600811417,1,-0.07164551801,-0.07164551801,3.476491185,3.476491185
2148,42976761,1,18.05357758,23.37663167,289.21442,0,289.2243459,290.1730486,0.009987571023,1,-0.007457395266,-0.005993048106,3.600404985,3.600665101,1,-0.07164551801,-0.07164551801,3.476491185,3.476491185
2149,42997068,1,18.05388776,23.37727041,289.21442,0,289.2243459,290.1719629,0.009987571023,1,-0.02170643486,-0.01040188371,3.600218721,3.600500912,1,-0.07164551801,-0.07164551801,3.476491185,3.476491185
2150,43019961,1,18.05419795,23.37790915,289.21442,0,289.2243459,290.1710324,0.009987571023,1,-0.02654169533,-0.01689763809,3.600218366,3.600399195,1,-0.07164551801,-0.07164551801,3.476491185,3.476491185
2151,43037044,1,18.05435304,23.37854789,289.21442,0,289.2243459,290.170412,0.009987571023,1,-0.0300085797,-0.02222417947,3.600218366,3.600334097,1,-0.07164551801,-0.07164551801,3.476491185,3.476491185
2152,43056873,1,18.05450813,23.37918663,289.21442,0,289.2243459,290.1696365,0.009987571023,1,-0.03408142446,-0.02698540493,3.600218366,3.600292434,1,-0.07164551801,-0.07164551801,3.476491185,3.476491185
2153,43076766,1,18.05466323,23.37918663,289.21442,0,289.2243459,290.1691712,0.009987571023,1,-0.03636800345,-0.02933105456,3.600031803,3.600240308,1,-0.07164551801,-0.07164551801,3.476491185,3.476491185
2154,43097063,1,18.05512851,23.37918663,289.21442,0,289.2243459,290.1685509,0.009987571023,1,-0.04179907798,-0.03565262886,3.600217917,3.600175765,1,-0.07164551801,-0.07164551801,3.476491185,3.476491185
2155,43119477,1,18.05543869,23.37982538,289.21442,0,289.2243459,290.1680856,0.009987571023,1,-0.04556456414,-0.03957077096,3.600777768,3.600357448,1,-0.07164551801,-0.07164551801,3.476491185,3.476491185
2156,43136970,1,18.05559378,23.37982538,289.21442,0,289.2243459,290.1677754,0.009987571023,1,-0.04834041393,-0.04307924836,3.600963677,3.600546016,1,-0.07164551801,-0.07164551801,3.476491185,3.476491185
2157,43156569,1,18.05559378,23.37982538,289.21442,0,289.2243459,290.1674652,0.009987571023,1,-0.05089797123,-0.04627510377,3.601151385,3.600761983,1,-0.07164551801,-0.07164551801,3.476491185,3.476491185
2158,43176888,1,18.05574888,23.37982538,289.21442,0,289.2243459,290.1669999,0.009987571023,1,-0.05251137831,-0.04783417241,3.601641635,3.600937913,1,-0.07164551801,-0.07164551801,3.476491185,3.476491185
2159,43196760,1,18.05590397,23.37982538,289.21442,0,289.2243459,290.1668449,0.009987571023,1,-0.05587506403,-0.05197564988,3.602424075,3.601561747,1,-0.07164551801,-0.07164551801,3.476491185,3.476491185
2160,43220941,1,18.05605906,23.37982538,289.21442,0,289.2243459,290.1665347,0.009987571023,1,-0.05848479684,-0.05455887801,3.603012476,3.602024736,1,-0.07164551801,-0.07164551801,3.476491185,3.476491185
2161,43236859,1,18.05605906,23.37982538,289.21442,0,289.2243459,290.1663796,0.009987571023,1,-0.05913841901,-0.05570376326,3.603072447,3.602234278,1,-0.07164551801,-0.07164551801,3.476491185,3.476491185
2162,43256894,1,18.05605906,23.37982538,289.21442,0,289.2243459,290.1662245,0.009987571023,1,-0.06135634354,-0.05859340081,3.603561823,3.602807343,1,-0.07164551801,-0.07164551801,3.476491185,3.476491185
2163,43276282,1,18.05605906,23.37982538,289.21442,0,289.2243459,290.1657592,0.009987571023,1,-0.06194364254,-0.05943096125,3.603748434,3.602995561,1,-0.07164551801,-0.07164551801,3.476491185,3.476491185
2164,43297835,1,18.05621416,23.37982538,289.21442,0,289.2243459,290.165449,0.009987571023,1,-0.06333365599,-0.06146197119,3.604323589,3.603563983,1,-0.07164551801,-0.07164551801,3.476491185,3.476491185
2165,43320156,1,18.05621416,23.37982538,289.21442,0,289.2243459,290.1651388,0.009987571023,1,-0.06380923336,-0.06204878673,3.604494911,3.603750168,1,-0.07164551801,-0.07164551801,3.476491185,3.476491185
2166,43336784,1,18.05621416,23.37982538,289.21442,0,289.2243459,290.1649837,0.009987571023,1,-0.0644514226,-0.06305421163,3.604510561,3.604023909,1,-0.07164551801,-0.07164551801,3.476491185,3.476491185
2167,43357485,1,18.05621416,23.38046412,289.21442,0,289.2243459,290.1646736,0.009987571023,1,-0.06491260269,-0.06381597431,3.604691107,3.604235213,1,-0.07164551801,-0.07164551801,3.476491185,3.476491185
2168,43376747,1,18.05621416,23.38046412,289.21442,0,289.2243459,290.1646736,0.009987571023,1,-0.06535668558,-0.06445926692,3.604697178,3.60440152,1,-0.07164551801,-0.07164551801,3.476491185,3.476491185
2169,43396528,1,18.05636925,23.38046412,289.21442,0,289.2243459,290.1645185,0.009987571023,1,-0.06588200367,-0.06520653454,3.604697178,3.604545801,1,-0.07164551801,-0.07164551801,3.476491185,3.476491185
2170,43420378,1,18.05636925,23.38046412,289.21442,0,289.2243459,290.1643634,0.009987571023,1,-0.06624989504,-0.06562171037,3.604883795,3.604667245,1,-0.07164551801,-0.07164551801,3.476491185,3.476491185
2171,43436789,1,18.05636925,23.38046412,289.21442,0,289.2243459,290.1642083,0.009987571023,1,-0.06637868878,-0.06581095497,3.604883795,3.604710555,1,-0.07164551801,-0.07164551801,3.476491185,3.476491185
2172,43457492,1,18.05636925,23.38046412,289.21442,0,289.2243459,290.1642083,0.009987571023,1,-0.06684850866,-0.06632649869,3.605070413,3.604869295,1,-0.07164551801,-0.07164551801,3.476491185,3.476491185
2173,43477140,1,18.05636925,23.38046412,289.21442,0,289.2243459,290.1640532,0.009987571023,1,-0.06727627598,-0.06670100884,3.605070413,3.604941697,1,-0.07164551801,-0.07164551801,3.476491185,3.476491185
2174,43497270,1,18.05636925,23.38046412,289.21442,0,289.2243459,290.1638981,0.009987571023,1,-0.06750390654,-0.06690173326,3.605070413,3.60496744,1,-0.07164551801,-0.07164551801,3.476491185,3.476491185
2175,43520265,1,18.05636925,23.38046412,289.21442,0,289.2243459,290.1638981,0.009987571023,1,-0.06841644733,-0.06761080839,3.605070413,3.605017691,1,-0.07164551801,-0.07164551801,3.476491185,3.476491185
2176,43536617,1,18.05636925,23.38046412,289.21442,0,289.2243459,290.1638981,0.009987571023,1,-0.06862571485,-0.067864535,3.605070413,3.605028235,1,-0.07164551801,-0.07164551801,3.476491185,3.476491185
2177,43558549,1,18.05636925,23.38046412,289.21442,0,289.2243459,290.163743,0.009987571023,1,-0.06885098639,-0.06842597463,3.605070413,3.605048818,1,-0.07164551801,-0.07164551801,3.476491185,3.476491185
2178,43577493,1,18.05636925,23.38046412,289.21442,0,289.2243459,290.163743,0.009987571023,1,-0.06885098637,-0.06853222756,3.605070413,3.605053137,1,-0.07164551801,-0.07164551801,3.476491185,3.476491185
2179,43596627,1,18.05636925,23.38046412,289.21442,0,289.2243459,290.163743,0.009987571023,1,-0.06885098637,-0.06871651,3.605070413,3.605061567,1,-0.07164551801,-0.07164551801,3.476491185,3.476491185
2180,43620601,1,18.05636925,23.38046412,289.21442,0,289.2243459,290.163743,0.009987571023,1,-0.06885098637,-0.06877534341,3.605070413,3.605064752,1,-0.07164551801,-0.07164551801,3.476491185,3.476491185
2181,43637176,1,18.05652434,23.38046412,289.21442,0,289.2243459,290.163743,0.009987571023,1,-0.06885098637,-0.06879425415,3.605070413,3.605065884,1,-0.07164551801,-0.07164551801,3.476491185,3.476491185
2182,43656831,1,18.05652434,23.38046412,289.21442,0,289.2243459,290.1635879,0.009987571023,1,-0.06885098637,-0.06882705246,3.605070413,3.605068094,1,-0.07164551801,-0.07164551801,3.476491185,3.476491185
2183,43676919,1,18.05652434,23.38046412,289.21442,0,289.2243459,290.1634328,0.009987571023,1,-0.06885098637,-0.06883303594,3.605070413,3.605068558,1,-0.07164551801,-0.07164551801,3.476491185,3.476491185
2184,43697033,1,18.05652434,23.38046412,289.21442,0,289.2243459,290.1634328,0.009987571023,1,-0.06885098637,-0.06884341353,3.605257027,3.605135673,1,-0.07164551801,-0.07164551801,3.476491185,3.476491185
2185,43720498,1,18.05652434,23.38046412,289.21442,0,289.2243459,290.1632777,0.009987571023,1,-0.06885098637,-0.06884672665,3.60525703,3.605179361,1,-0.07164551801,-0.07164551801,3.476491185,3.476491185
2186,43737214,1,18.05652434,23.38046412,289.21442,0,289.2243459,290.1632777,0.009987571023,1,-0.06879744841,-0.06883298853,3.60525703,3.605207322,1,-0.07164551801,-0.07164551801,3.476491185,3.476491185
2187,43756755,1,18.05652434,23.38046412,289.21442,0,289.2243459,290.1632777,0.009987571023,1,-0.06867378925,-0.06877626156,3.60525703,3.605225217,1,-0.07164551801,-0.07164551801,3.476491185,3.476491185
2188,43776602,1,18.05652434,23.38046412,289.21442,0,289.2243459,290.1632777,0.009987571023,1,-0.06853279568,-0.06868086998,3.60525703,3.60523667,1,-0.07164551801,-0.07164551801,3.476491185,3.476491185
2189,43797165,1,17.69267663,23.38046412,289.21442,0,289.2243459,290.1632777,0.009987571023,1,-0.06846208865,-0.06862617465,3.60525703,3.605240742,1,-0.07164551801,-0.07164551801,3.476491185,3.476491185
2190,43819161,1,17.3269678,23.38046412,289.21442,0,289.2243459,290.1632777,0.009987571023,1,-0.06824773223,-0.06844312982,3.60525703,3.60524869,1,-0.07164551801,-0.07164551801,3.476491185,3.476491185
2191,43837194,1,17.1805602,23.38046412,289.21442,0,289.2243459,290.1632777,0.009987571023,1,-0.06808760506,-0.06830721294,3.60525703,3.605251692,1,-0.07164551801,-0.07164551801,3.476491185,3.476491185
2192,43857736,1,17.10673602,23.38046412,289.21442,0,289.2243459,290.1631226,0.009987571023,1,-0.0679758684,-0.0682243768,3.60525703,3.60525276,1,-0.07164551801,-0.07164551801,3.476491185,3.476491185
2193,43877031,1,17.07819895,23.38046412,289.21442,0,289.2243459,290.1631226,0.009987571023,1,-0.06772309525,-0.068024431,3.60525703,3.605254297,1,-0.07164551801,-0.07164551801,3.476491185,3.476491185
2194,43897146,1,17.06672208,23.38046412,289.21442,0,289.2243459,290.1631226,0.009987571023,1,-0.06737495939,-0.06777434627,3.60525703,3.605255281,1,-0.07164551801,-0.07164551801,3.476491185,3.476491185
2195,43919706,1,17.06082855,23.38046412,289.21442,0,289.2243459,290.1631226,0.009987571023,1,-0.06671459527,-0.06728476051,3.60525703,3.605256134,1,-0.07164551801,-0.07164551801,3.476491185,3.476491185
2196,43936909,1,17.05927763,23.38046412,289.21442,0,289.2243459,290.1631226,0.009987571023,1,-0.06654946374,-0.06710093631,3.60525703,3.605256313,1,-0.07164551801,-0.07164551801,3.476491185,3.476491185
2197,43957300,1,17.05819198,23.38046412,289.21442,0,289.2243459,290.1629675,0.009987571023,0,NaN,NaN,NaN,NaN,0,NaN,NaN,NaN,NaN
2198,43977048,1,17.05757161,23.38046412,289.21442,0,289.2243459,290.1629675,0.009987571023,1,-0.06584458515,-0.0659867672,3.60525703,3.60525703,1,-0.07164551801,-0.07164551801,3.476491185,3.476491185
2199,43997498,1,17.05741651,23.38046412,289.21442,0,289.2243459,290.1629675,0.009987571023,1,-0.06584458515,-0.06595122169,3.60525703,3.60525703,1,-0.07164551801,-0.07164551801,3.476491185,3.476491185
2200,44021847,1,17.03647898,23.38046412,289.1928621,0,289.2063551,290.1629675,0.009987571023,1,-0.06584458515,-0.06588957244,3.60525703,3.60525703,1,-0.07164551801,-0.07164551801,3.476491185,3.476491185
2201,44036789,1,17.01817803,23.38046412,289.1748713,0,289.1885195,290.1629675,0.009987571023,1,-0.06374730152,-0.06535400471,3.60525703,3.60525703,1,-0.07164551801,-0.07164551801,3.476491185,3.476491185
2202,44056938,1,16.93427283,23.38046412,289.0912763,0,289.1036837,290.1629675,0.009987571023,1,-0.06284098646,-0.0640440631,3.605443647,3.605348077,1,-0.07164551801,-0.07164551801,3.476491185,3.476491185
2203,44076988,1,16.55274454,23.38046412,288.7078869,0,288.7235512,290.1629675,0.009987571023,1,-0.06228354246,-0.06332095771,3.605443647,3.605382482,1,-0.07164551801,-0.07164551801,3.476491185,3.476491185
2204,44096949,1,16.04590126,23.38046412,288.2005783,0,288.2125205,290.1629675,0.009987571023,1,-0.06169067816,-0.06266453823,3.605685123,3.605482564,1,-0.07164551801,-0.07164551801,3.476491185,3.476491185
2205,44120982,1,15.39683788,23.38110286,287.5527557,0,287.5629918,290.1629675,0.009987571023,1,-0.06092724273,-0.06199008172,3.605998707,3.60563927,1,-0.07164551801,-0.07164551801,3.476491185,3.476491185
2206,44136618,1,15.02957813,23.38110286,287.1848756,0,287.1966626,290.1629675,0.009987571023,1,-0.06042475746,-0.06136650571,3.606003498,3.60577037,1,-0.07164551801,-0.07164551801,3.476491185,3.476491185
2207,44156990,1,14.49001027,23.38238034,286.644067,0,286.654148,290.1629675,0.009987571023,1,-0.05979910943,-0.06074238745,3.606190113,3.605921101,1,-0.07164551801,-0.07164551801,3.476491185,3.476491185
2208,44176332,1,14.01666704,23.38429656,286.1735154,0,286.1834413,290.1629675,0.009987571023,1,-0.05919054893,-0.06012131491,3.606190116,3.606017946,1,-0.07164551801,-0.07164551801,3.476491185,3.476491185
2209,44196575,1,13.53246732,23.38621278,285.6876097,0,285.6983111,290.1629675,0.009987571023,1,-0.05853115928,-0.05948777921,3.606344895,3.606110883,1,-0.07164551801,-0.07164551801,3.476491185,3.476491185
2210,44221485,1,12.91287157,23.38940649,285.0666181,0,285.0776297,290.1629675,0.009987571023,1,-0.05767167907,-0.0587886419,3.606376733,3.606206588,1,-0.07164551801,-0.07164551801,3.476491185,3.476491185
2211,44236411,1,12.61602395,23.39068397,284.7691501,0,284.7817126,290.1629675,0.009987571023,1,-0.05739544913,-0.05844034371,3.606376733,3.606240617,1,-0.07164551801,-0.07164551801,3.476491185,3.476491185
2212,44258096,1,12.07924776,23.39323893,284.2343901,0,284.2469526,290.1629675,0.009987571023,1,-0.05656271617,-0.05752447867,3.606376733,3.606307041,1,-0.07164551801,-0.07164551801,3.476491185,3.476491185
2213,44277029,1,11.60916148,23.39515515,283.7613571,0,283.7719034,290.1629675,0.009987571023,1,-0.05630367779,-0.05721927845,3.606562995,3.606358232,1,-0.07164551801,-0.07164551801,3.476491185,3.476491185
2214,44297144,1,11.11519091,23.39707137,283.2709536,0,283.2813448,290.1629675,0.009987571023,1,-0.05576230648,-0.05663885076,3.60656335,3.606432074,1,-0.07164551801,-0.07164551801,3.476491185,3.476491185
2215,44324965,1,10.47357199,23.40090382,282.628094,0,282.6369342,290.1629675,0.009987571023,1,-0.05475644024,-0.05574267583,3.606645982,3.606512663,1,-0.07164551801,-0.07164551801,3.476491185,3.476491185
2216,44339849,1,10.19238874,23.4021813,282.3475311,0,282.3573019,290.1629675,0.009987571023,1,-0.0545303158,-0.05543958582,3.606749398,3.60656001,1,-0.07164551801,-0.07164551801,3.476491185,3.476491185
2217,44356879,1,9.852270226,23.40409752,282.0063269,0,282.0153223,290.1629675,0.009987571023,1,-0.05389268661,-0.05466759914,3.606896243,3.606681963,1,-0.07164551801,-0.07164551801,3.476491185,3.476491185
2218,44376652,1,9.393350625,23.40665248,281.5483379,0,281.5573333,290.1629675,0.009987571023,1,-0.05356262488,-0.05439135558,3.6071155,3.60676867,1,-0.07164551801,-0.07164551801,3.476491185,3.476491185
2219,44397181,1,8.934741211,23.41048493,281.0903488,0,281.0988789,290.1629675,0.009987571023,1,-0.05286541774,-0.05362516889,3.607306834,3.606978397,1,-0.07164551801,-0.07164551801,3.476491185,3.476491185
2220,44421348,1,8.417351625,23.41878856,280.5742,0,280.5824199,290.1629675,0.009987571023,1,-0.0521890019,-0.05306964214,3.607496415,3.607135028,1,-0.07164551801,-0.07164551801,3.476491185,3.476491185
2221,44437324,1,8.141906809,23.4258147,280.2964288,0,280.3057343,290.1629675,0.009987571023,1,-0.05177633278,-0.05254616042,3.607682944,3.607311214,1,-0.07164551801,-0.07164551801,3.476491185,3.476491185
2222,44457168,1,7.731841441,23.43858952,279.8876041,0,279.8987708,290.1629675,0.009987571023,1,-0.05122730336,-0.05202615376,3.607683053,3.607445076,1,-0.07164551801,-0.07164551801,3.476491185,3.476491185
2223,44477091,1,7.323482094,23.45519678,279.4787795,0,279.4880851,290.1629675,0.009987571023,1,-0.05063019488,-0.05147434809,3.607865888,3.607567315,1,-0.07164551801,-0.07164551801,3.476491185,3.476491185
2224,44497115,1,6.920706089,23.47052655,279.0729017,0,279.0836031,290.1631226,0.009987571023,1,-0.0500740675,-0.05091217886,3.60786967,3.607676162,1,-0.07164551801,-0.07164551801,3.476491185,3.476491185
2225,44521011,1,6.431543392,23.48457885,278.587151,0,278.5980075,290.1631226,0.009987571023,1,-0.04940033708,-0.05032091366,3.60786967,3.607745825,1,-0.07164551801,-0.07164551801,3.476491185,3.476491185
2226,44538056,1,6.098404054,23.49288248,278.2538566,0,278.2639376,290.1631226,0.009987571023,1,-0.04917438709,-0.05003428202,3.608055718,3.607807804,1,-0.07164551801,-0.07164551801,3.476491185,3.476491185
2227,44557301,1,5.697644255,23.49990862,277.8504602,0,277.860231,290.1629675,0.009987571023,1,-0.04875143199,-0.04951332125,3.608056287,3.607897258,1,-0.07164551801,-0.07164551801,3.476491185,3.476491185
2228,44577271,1,5.261368204,23.50565729,277.4169758,0,277.4258161,290.1629675,0.009987571023,1,-0.04796954213,-0.04874708406,3.608240549,3.608011716,1,-0.07164551801,-0.07164551801,3.476491185,3.476491185
2229,44597446,1,4.863865353,23.51076722,277.0196281,0,277.0289336,290.1629675,0.009987571023,1,-0.04773004545,-0.04849282441,3.608242904,3.608057954,1,-0.07164551801,-0.07164551801,3.476491185,3.476491185
2230,44619621,1,4.416267527,23.51587714,276.5698589,0,276.5791645,290.1629675,0.009987571023,1,-0.04703157096,-0.04775736663,3.608242904,3.60814821,1,-0.07164551801,-0.07164551801,3.476491185,3.476491185
2231,44636790,1,4.094139778,23.51970959,276.2468006,0,276.2556409,290.1629675,0.009987571023,1,-0.04681720651,-0.0475223266,3.608242904,3.608167149,1,-0.07164551801,-0.07164551801,3.476491185,3.476491185
2232,44656850,1,3.722382333,23.52418077,275.8748881,0,275.8845038,290.1629675,0.009987571023,1,-0.04655362778,-0.04712673412,3.608242904,3.608194421,1,-0.07164551801,-0.07164551801,3.476491185,3.476491185
2233,44678472,1,3.347057753,23.52737447,275.5028205,0,275.513832,290.1629675,0.009987571023,1,-0.04611522248,-0.04660495009,3.608242904,3.608218081,1,-0.07164551801,-0.07164551801,3.476491185,3.476491185
2234,44697230,1,3.166219546,23.52865196,275.3190355,0,275.3295818,290.1629675,0.009987571023,1,-0.0459402087,-0.04633018101,3.608242904,3.608227017,1,-0.07164551801,-0.07164551801,3.476491185,3.476491185
2235,44720556,1,3.05796477,23.53056818,275.2134173,0,275.2242738,290.1629675,0.009987571023,1,-0.04576346017,-0.04609775402,3.608429514,3.608270059,1,-0.07164551801,-0.07164551801,3.476491185,3.476491185
2236,44738926,1,3.191499673,23.53120692,275.201165,0,275.2084543,290.1629675,0.009987571023,1,-0.0457008591,-0.04599853029,3.608429522,3.608301951,1,-0.07164551801,-0.07164551801,3.476491185,3.476491185
2237,44756970,1,3.167770474,23.53184566,275.2511048,0,275.2568433,290.1629675,0.009987571023,1,-0.04557256423,-0.04577525772,3.608429522,3.608364206,1,-0.07164551801,-0.07164551801,3.476491185,3.476491185
2238,44779016,1,3.167770474,23.5324844,275.2903433,0,275.2974776,290.1629675,0.009987571023,1,-0.04549888284,-0.045706164,3.608429522,3.608377269,1,-0.07164551801,-0.07164551801,3.476491185,3.476491185
2239,44797128,1,3.167615381,23.53312314,275.3055424,0,275.3132971,290.1629675,0.009987571023,0,NaN,NaN,NaN,NaN,0,NaN,NaN,NaN,NaN
2240,44822259,1,3.237252049,23.53376188,275.3142276,0,275.3226026,290.1629675,0.009987571023,0,NaN,NaN,NaN,NaN,0,NaN,NaN,NaN,NaN
2241,44844105,1,3.952074772,23.53440062,275.3168642,0,275.3257045,290.0914698,0.009987571023,1,-0.04480834894,-0.04548171024,3.608429522,3.608387719,1,-0.07164551801,-0.07164551801,3.476491185,3.476491185
2242,44861240,1,5.398935519,23.53631684,275.3177947,0,275.3269452,289.6362724,0.009987571023,1,-0.04471331238,-0.04528961077,3.608429522,3.60839608,1,-0.07164551801,-0.07164551801,3.476491185,3.476491185
2243,44877359,1,7.545264801,23.53951055,275.31826,0,275.3275656,288.4527592,0.009987571023,1,-0.04452629136,-0.04497644465,3.608429522,3.608408119,1,-0.07164551801,-0.07164551801,3.476491185,3.476491185
2244,44897631,1,10.15392572,23.55164662,275.3185702,0,275.328186,286.2153905,0.009987571023,1,-0.04392706328,-0.04446863893,3.608616138,3.608483769,1,-0.07164551801,-0.07164551801,3.476491185,3.476491185
2245,44920808,1,13.62893504,23.55995025,275.3187253,0,275.3286512,282.8042794,0.009987571023,1,-0.0434301696,-0.04407197409,3.608616139,3.608531422,1,-0.07164551801,-0.07164551801,3.476491185,3.476491185
2246,44940669,1,16.49148288,23.5669764,275.3188804,0,275.3288063,279.9018727,0.009987571023,1,-0.04316344574,-0.04384484201,3.608616139,3.608548366,1,-0.07164551801,-0.07164551801,3.476491185,3.476491185
2247,44957093,1,17.65126685,23.56953136,275.3188804,0,275.3288063,278.007259,0.009987571023,1,-0.04288809715,-0.04345347234,3.608616139,3.608572764,1,-0.07164551801,-0.07164551801,3.476491185,3.476491185
2248,44976954,1,17.9605219,23.57208632,275.3188804,0,275.3289614,276.7106832,0.009987571023,1,-0.04245634543,-0.04304093828,3.608616139,3.608588379,1,-0.07164551801,-0.07164551801,3.476491185,3.476491185
2249,44996603,1,17.99340157,23.57464129,275.3188804,0,275.3291165,276.3421827,0.009987571023,1,-0.04197046407,-0.04261450543,3.608616139,3.608598372,1,-0.07164551801,-0.07164551801,3.476491185,3.476491185
2250,45022622,1,17.99433213,23.57783499,275.3188804,0,275.3291165,276.3217105,0.009987571023,1,-0.04120823746,-0.04226293844,3.608616139,3.608601926,1,-0.07164551801,-0.07164551801,3.476491185,3.476491185
2251,45041269,1,18.02876273,23.57911247,275.3188804,0,275.3291165,276.3221757,0.009987571023,1,-0.04120823746,-0.04226293844,3.608616139,3.608601926,1,-0.07164551801,-0.07164551801,3.476491185,3.476491185
2252,45057333,1,18.02674652,23.58102869,275.3188804,0,275.3292716,276.3072868,0.009987571023,0,NaN,NaN,NaN,NaN,0,NaN,NaN,NaN,NaN
2253,45077161,1,18.02255902,23.58358365,275.3188804,0,275.3292716,276.3071317,0.009987571023,0,NaN,NaN,NaN,NaN,0,NaN,NaN,NaN,NaN
2254,45097919,1,18.0185266,23.58613862,275.3190355,0,275.3292716,276.3100785,0.009987571023,1,-0.04000773132,-0.04053211413,3.608802756,3.608750939,1,-0.07164551801,-0.07164551801,3.476491185,3.476491185
2255,45120367,1,17.857075,23.58997106,275.3190355,0,275.3292716,276.3038748,0.009987571023,1,-0.03938657513,-0.03999421379,3.608802756,3.608776226,1,-0.07164551801,-0.07164551801,3.476491185,3.476491185
2256,45139445,1,17.45802122,23.60146839,275.3188804,0,275.3292716,276.2999975,0.009987571023,1,-0.03912944734,-0.03977802217,3.608802756,3.608781532,1,-0.07164551801,-0.07164551801,3.476491185,3.476491185
2257,45157052,1,17.22987971,23.61041076,275.3190355,0,275.3292716,276.2967405,0.009987571023,1,-0.03868053514,-0.03921535722,3.608802756,3.608791889,1,-0.07164551801,-0.07164551801,3.476491185,3.476491185
2258,45176727,1,17.11340501,23.62446306,275.3190355,0,275.3292716,276.2936387,0.009987571023,1,-0.03836334075,-0.03887052718,3.608802756,3.608795801,1,-0.07164551801,-0.07164551801,3.476491185,3.476491185
2259,45198204,1,17.05943272,23.63915409,275.3188804,0,275.3292716,276.2913123,0.009987571023,1,-0.03820877096,-0.03870508812,3.608802756,3.608797192,1,-0.07164551801,-0.07164551801,3.476491185,3.476491185
2260,45219525,1,17.0383401,23.65384513,275.3188804,0,275.3292716,276.2889859,0.009987571023,1,-0.03783218614,-0.03824588654,3.607683219,3.608525475,1,-0.07164551801,-0.07164551801,3.476491185,3.476491185
2261,45240024,1,17.03012018,23.66534246,275.3190355,0,275.3292716,276.2871248,0.009987571023,1,-0.03774814751,-0.03812145178,3.607504129,3.608321206,1,-0.07164551801,-0.07164551801,3.476491185,3.476491185
2262,45256614,1,17.02701832,23.67428483,275.3190355,0,275.3292716,276.2860391,0.009987571023,1,-0.03771215006,-0.03794327743,3.605907032,3.607542642,1,-0.07164551801,-0.07164551801,3.476491185,3.476491185
2263,45276645,1,17.02500212,23.68514342,275.3188804,0,275.3292716,276.2844882,0.009987571023,1,-0.03771191943,-0.03784205834,3.605324207,3.606798078,1,-0.07164551801,-0.07164551801,3.476491185,3.476491185
2264,45298111,1,17.02360628,23.69536327,275.3190355,0,275.3292716,276.2832474,0.009987571023,0,NaN,NaN,NaN,NaN,0,NaN,NaN,NaN,NaN
2265,45319681,1,17.02283082,23.70111194,275.3190355,0,275.3292716,276.2826271,0.009987571023,0,NaN,NaN,NaN,NaN,0,NaN,NaN,NaN,NaN
2266,45339006,1,17.02252063,23.70302816,275.3190355,0,275.3292716,276.2823169,0.009987571023,0,NaN,NaN,NaN,NaN,0,NaN,NaN,NaN,NaN
2267,45358489,1,17.02205535,23.70430564,275.3190355,0,275.3292716,276.2823169,0.009987571023,1,-0.03783980133,-0.0377851953,3.604883795,3.604964838,1,-0.07164551801,-0.07164551801,3.476491185,3.476491185
2268,45377154,1,17.02283082,23.70558313,275.3190355,0,275.3292716,276.2820067,0.009987571023,1,-0.03795042749,-0.03785865312,3.604883795,3.604925289,1,-0.07164551801,-0.07164551801,3.476491185,3.476491185
2269,45397123,1,17.02345119,23.70558313,275.3190355,0,275.3292716,276.2820067,0.009987571023,1,-0.03804715069,-0.03793109248,3.604883795,3.604910352,1,-0.07164551801,-0.07164551801,3.476491185,3.476491185
2270,45420530,1,17.02407156,23.70622187,275.3190355,0,275.3292716,276.2818516,0.009987571023,1,-0.03811112095,-0.03800591236,3.605619425,3.605047917,1,-0.07164551801,-0.07164551801,3.476491185,3.476491185
2271,45436518,1,17.02422665,23.70622187,275.3190355,0,275.3292716,276.2818516,0.009987571023,1,-0.03810694695,-0.03805090055,3.606003308,3.605332008,1,-0.07164551801,-0.07164551801,3.476491185,3.476491185
2272,45456894,1,17.02438175,23.70622187,275.3190355,0,275.3292716,276.2820067,0.009987571023,1,-0.03792877369,-0.03801833097,3.606990997,3.605886948,1,-0.07164551801,-0.07164551801,3.476491185,3.476491185
2273,45477088,1,17.02422665,23.70877683,275.3190355,0,275.3292716,276.2821618,0.009987571023,1,-0.03754695918,-0.03785431026,3.608182389,3.606592184,1,-0.07164551801,-0.07164551801,3.476491185,3.476491185
2274,45496961,1,17.00825209,23.71644172,275.3027507,0,275.316554,276.2823169,0.009987571023,1,-0.03702575997,-0.0375540246,3.608923876,3.607351505,1,-0.07164551801,-0.07164551801,3.476491185,3.476491185
2275,45518531,1,16.9218654,23.73177149,275.2188455,0,275.2324937,276.282472,0.009987571023,1,-0.03644849629,-0.03713300664,3.609921691,3.608211694,1,-0.07164551801,-0.07164551801,3.476491185,3.476491185
2276,45536760,1,16.78445318,23.74710127,275.0789518,0,275.0935306,276.2826271,0.009987571023,1,-0.03585899758,-0.03663713026,3.610109076,3.608894566,1,-0.07164551801,-0.07164551801,3.476491185,3.476491185
2277,45556988,1,16.53801072,23.76754097,274.8337501,0,274.8467779,276.2826271,0.009987571023,1,-0.03510747995,-0.03603684733,3.61046666,3.609433108,1,-0.07164551801,-0.07164551801,3.476491185,3.476491185
2278,45577017,1,16.22053575,23.7930906,274.5173608,0,274.529458,276.2827822,0.009987571023,1,-0.03426776662,-0.03535007866,3.610668924,3.609867637,1,-0.07164551801,-0.07164551801,3.476491185,3.476491185
2279,45596278,1,15.85436165,23.82886008,274.1488603,0,274.1623534,276.2829373,0.009987571023,1,-0.03356209653,-0.03461697625,3.610668928,3.610156102,1,-0.07164551801,-0.07164551801,3.476491185,3.476491185
2280,45619775,1,15.27757152,23.89145667,273.5739313,0,273.5841674,276.2830923,0.009987571023,1,-0.03251461242,-0.03381337421,3.610668928,3.610340719,1,-0.07164551801,-0.07164551801,3.476491185,3.476491185
2281,45636900,1,14.85339271,23.93169733,273.1471159,0,273.159058,276.2834025,0.009987571023,1,-0.03172278512,-0.03298145891,3.610668928,3.610458874,1,-0.07164551801,-0.07164551801,3.476491185,3.476491185
2282,45656091,1,14.32282023,23.95022081,272.6190249,0,272.6298814,276.2832474,0.009987571023,1,-0.03097370918,-0.03217054151,3.610855544,3.61060164,1,-0.07164551801,-0.07164551801,3.476491185,3.476491185
2283,45677617,1,13.68461335,23.95660822,271.9806629,0,271.9908991,276.2832474,0.009987571023,1,-0.03005620149,-0.03133259743,3.610855545,3.610693046,1,-0.07164551801,-0.07164551801,3.476491185,3.476491185
2284,45697467,1,13.06191576,23.9610794,271.3584306,0,271.3688218,276.2834025,0.009987571023,1,-0.02968909712,-0.03092172235,3.610855545,3.610725546,1,-0.07164551801,-0.07164551801,3.476491185,3.476491185
2285,45719804,1,12.39563708,23.96491184,270.6924621,0,270.7033186,276.2834025,0.009987571023,1,-0.02854054691,-0.02975756794,3.611042161,3.610847989,1,-0.07164551801,-0.07164551801,3.476491185,3.476491185
2286,45736666,1,11.8911202,23.96682807,270.1845332,0,270.1956999,276.2835576,0.009987571023,1,-0.02799713126,-0.02905905699,3.611228605,3.61095518,1,-0.07164551801,-0.07164551801,3.476491185,3.476491185
2287,45757332,1,11.25167257,23.96938303,269.5453958,0,269.5553217,276.2835576,0.009987571023,1,-0.02728755749,-0.02835168049,3.611228779,3.611053675,1,-0.07164551801,-0.07164551801,3.476491185,3.476491185
2288,45777150,1,10.72807928,23.97129925,269.0205617,0,269.0317284,276.2835576,0.009987571023,1,-0.02663320382,-0.02766938267,3.611228779,3.611116713,1,-0.07164551801,-0.07164551801,3.476491185,3.476491185
2289,45796586,1,10.18975216,23.97449296,268.4858017,0,268.4968133,276.2835576,0.009987571023,1,-0.0260481529,-0.02701836968,3.611228779,3.611157057,1,-0.07164551801,-0.07164551801,3.476491185,3.476491185
2290,45820011,1,9.551080005,23.97768666,267.8472847,0,267.8556597,276.2837127,0.009987571023,1,-0.02528617792,-0.02635482808,3.611414675,3.611220056,1,-0.07164551801,-0.07164551801,3.476491185,3.476491185
2291,45837101,1,9.134190554,23.98024162,267.4291545,0,267.440011,276.2837127,0.009987571023,1,-0.02467457411,-0.0256998401,3.611595942,3.611326487,1,-0.07164551801,-0.07164551801,3.476491185,3.476491185
2292,45857546,1,8.63246534,23.98279658,266.9266538,0,266.9373552,276.2837127,0.009987571023,1,-0.02398834509,-0.02502906942,3.611602013,3.611425675,1,-0.07164551801,-0.07164551801,3.476491185,3.476491185
2293,45877386,1,8.160983223,23.98726777,266.4553268,0,266.4663384,276.2837127,0.009987571023,1,-0.0232930488,-0.02433789882,3.61178863,3.611556303,1,-0.07164551801,-0.07164551801,3.476491185,3.476491185
2294,45896740,1,7.665616815,23.99301644,265.9602706,0,265.9706618,276.2837127,0.009987571023,1,-0.02260039939,-0.02364905844,3.611975206,3.611698936,1,-0.07164551801,-0.07164551801,3.476491185,3.476491185
2295,45917626,1,7.127599886,24.0019588,265.4220985,0,265.4323347,276.2837127,0.009987571023,1,-0.02191425422,-0.02295412209,3.612161864,3.611865356,1,-0.07164551801,-0.07164551801,3.476491185,3.476491185
2296,45937053,1,6.641849231,24.01345614,264.9369683,0,264.9476697,276.2837127,0.009987571023,1,-0.02125697908,-0.02227561184,3.612161865,3.611972099,1,-0.07164551801,-0.07164551801,3.476491185,3.476491185
2297,45956728,1,6.120272139,24.02942465,264.4149259,0,264.4245416,276.2837127,0.009987571023,1,-0.02066040424,-0.02162159215,3.612348466,3.612106034,1,-0.07164551801,-0.07164551801,3.476491185,3.476491185
2298,45976182,1,5.625215916,24.04730939,263.9176984,0,263.928865,276.2837127,0.009987571023,1,-0.02013374209,-0.02100866932,3.612348482,3.612193315,1,-0.07164551801,-0.07164551801,3.476491185,3.476491185
2299,45997355,1,5.068432758,24.06902658,263.3633967,0,263.3736328,276.2837127,0.009987571023,1,-0.0195673341,-0.0204271467,3.612348482,3.612249175,1,-0.07164551801,-0.07164551801,3.476491185,3.476491185
2300,46019581,1,4.579114969,24.0881888,262.8722178,0,262.8833845,276.2837127,0.009987571023,1,-0.0195673341,-0.02005097868,3.612348482,3.612284926,1,-0.07164551801,-0.07164551801,3.476491185,3.476491185
2301,46036515,1,4.198517234,24.09968613,262.4939464,0,262.5030969,276.2837127,0.009987571023,1,-0.01859222248,-0.01959560627,3.612348482,3.612307806,1,-0.07164551801,-0.07164551801,3.476491185,3.476491185
2302,46056830,1,3.832343129,24.10671228,262.1276172,0,262.1387839,276.2837127,0.009987571023,1,-0.01810734091,-0.01898113423,3.612534962,3.612362892,1,-0.07164551801,-0.07164551801,3.476491185,3.476491185
2303,46076534,1,3.487882017,24.11054472,261.7819154,0,261.792927,276.2837127,0.009987571023,1,-0.01773611325,-0.01846502601,3.612535099,3.612424887,1,-0.07164551801,-0.07164551801,3.476491185,3.476491185
2304,46096992,1,3.212747386,24.11246094,261.5075562,0,261.5184127,276.2837127,0.009987571023,1,-0.01736745357,-0.01801561872,3.612535099,3.612464563,1,-0.07164551801,-0.07164551801,3.476491185,3.476491185
2305,46119554,1,3.082469433,24.11437717,261.3754172,0,261.3856533,276.2838678,0.009987571023,1,-0.0169475234,-0.01760088531,3.612535099,3.612489956,1,-0.07164551801,-0.07164551801,3.476491185,3.476491185
2306,46137035,1,3.040594377,24.11565465,261.3329217,0,261.3431579,276.2838678,0.009987571023,1,-0.01667337643,-0.01723052734,3.612535099,3.612506208,1,-0.07164551801,-0.07164551801,3.476491185,3.476491185
2307,46156801,1,3.154432493,24.11693213,261.3689033,0,261.376813,276.2837127,0.009987571023,1,-0.01639042249,-0.01689405251,3.612535099,3.612516609,1,-0.07164551801,-0.07164551801,3.476491185,3.476491185
2308,46176083,1,3.153657029,24.11693213,261.4081417,0,261.4163617,276.2837127,0.009987571023,1,-0.01613222439,-0.01657858027,3.612535099,3.612523265,1,-0.07164551801,-0.07164551801,3.476491185,3.476491185
2309,46197031,1,3.153346843,24.11757087,261.4306302,0,261.4393154,276.2837127,0.009987571023,0,NaN,NaN,NaN,NaN,0,NaN,NaN,NaN,NaN
2310,46219900,1,3.153191751,24.11820961,261.4405561,0,261.4493964,276.2837127,0.009987571023,0,NaN,NaN,NaN,NaN,0,NaN,NaN,NaN,NaN
2311,46236447,1,3.17195798,24.11948709,261.4433478,0,261.4524983,276.2837127,0.009987571023,0,NaN,NaN,NaN,NaN,0,NaN,NaN,NaN,NaN
2312,46257042,1,3.595671514,24.12268079,261.4448987,0,261.4543594,276.2429233,0.009987571023,0,NaN,NaN,NaN,NaN,0,NaN,NaN,NaN,NaN
2313,46276844,1,4.96281456,24.12779072,261.4455191,0,261.4549798,275.7562421,0.009987571023,1,-0.01495474992,-0.01587639645,3.612535099,3.612527526,1,-0.07164551801,-0.07164551801,3.476491185,3.476491185
2314,46296291,1,7.265477387,24.1322619,261.4458293,0,261.4556001,274.3765365,0.009987571023,1,-0.01462438955,-0.01519878864,3.612535099,3.612531222,1,-0.07164551801,-0.07164551801,3.476491185,3.476491185
2315,46318170,1,10.4130858,24.14759168,261.4461395,0,261.4560654,271.5156947,0.009987571023,1,-0.01439134961,-0.0148686163,3.612535099,3.612532618,1,-0.07164551801,-0.07164551801,3.476491185,3.476491185
2316,46336991,1,13.03182775,24.15142413,261.4459844,0,261.4562205,268.9279713,0.009987571023,1,-0.01420920207,-0.0146009604,3.612535099,3.612533511,1,-0.07164551801,-0.07164551801,3.476491185,3.476491185
2317,46356522,1,15.91081543,24.15589531,261.4458293,0,261.4562205,266.019516,0.009533590522,0,NaN,NaN,NaN,NaN,0,NaN,NaN,NaN,NaN
2318,46377360,1,17.6717391,24.15908901,261.4458293,0,261.4562205,263.6911078,0.009987571023,1,-0.013884102,-0.0144217458,3.612535099,3.612533829,1,-0.07164551801,-0.07164551801,3.476491185,3.476491185
2319,46396988,1,17.95897097,24.1603665,261.4458293,0,261.4562205,262.7045625,0.009987571023,1,-0.01358373615,-0.01399414879,3.612535099,3.612534449,1,-0.07164551801,-0.07164551801,3.476491185,3.476491185
2320,46419335,1,17.9927812,24.16292146,261.4459844,0,261.4563756,262.4432311,0.009987571023,0,NaN,NaN,NaN,NaN,0,NaN,NaN,NaN,NaN
2321,46436973,1,17.99371176,24.16419894,261.4459844,0,261.4563756,262.4458677,0.009987571023,1,-0.01303072075,-0.01365616739,3.612535099,3.612534683,1,-0.07164551801,-0.07164551801,3.476491185,3.476491185
2322,46457961,1,18.02473032,24.16611516,261.4458293,0,261.4563756,262.4471084,0.009987571023,0,NaN,NaN,NaN,NaN,0,NaN,NaN,NaN,NaN
2323,46476781,1,18.02628124,24.1667539,261.4458293,0,261.4563756,262.4274116,0.009987571023,0,NaN,NaN,NaN,NaN,0,NaN,NaN,NaN,NaN
2324,46496770,1,18.02224883,24.16739264,261.4456742,0,261.4563756,262.4331501,0.009987571023,1,-0.01233782506,-0.01261904463,3.612348482,3.612359254,1,-0.07164551801,-0.07164551801,3.476491185,3.476491185
2325,46519784,1,17.80341289,24.17058635,261.4456742,0,261.4563756,262.4238445,0.009987571023,1,-0.01168257402,-0.01220661278,3.610295694,3.611478688,1,-0.07164551801,-0.07164551801,3.476491185,3.476491185
2326,46537204,1,17.46112308,24.17952872,261.4459844,0,261.4563756,262.4212079,0.009987571023,1,-0.01146426749,-0.01190158058,3.609757248,3.610945121,1,-0.07164551801,-0.07164551801,3.476491185,3.476491185
2327,46557694,1,17.21002783,24.18463864,261.4461395,0,261.4563756,262.4164,0.009987571023,1,-0.01122955953,-0.0116384672,3.608292472,3.610178647,1,-0.07164551801,-0.07164551801,3.476491185,3.476491185
2328,46576931,1,17.11076844,24.18847109,261.4461395,0,261.4563756,262.4132982,0.009987571023,1,-0.01108068129,-0.01140586064,3.608242905,3.609481849,1,-0.07164551801,-0.07164551801,3.476491185,3.476491185
2329,46596140,1,17.06455078,24.19038731,261.4461395,0,261.4563756,262.4101963,0.009987571023,1,-0.01099283639,-0.01122871535,3.605451857,3.608303184,1,-0.07164551801,-0.07164551801,3.476491185,3.476491185
2330,46619487,1,17.0425276,24.19166479,261.4461395,0,261.4563756,262.4072496,0.009987571023,1,-0.010992775,-0.01112549146,3.603161632,3.606699017,1,-0.07164551801,-0.07164551801,3.476491185,3.476491185
2331,46637108,1,17.03523824,24.19230353,261.4459844,0,261.4563756,262.4052334,0.009987571023,1,-0.01108490816,-0.01109719041,3.602628503,3.605266097,1,-0.07164551801,-0.07164551801,3.476491185,3.476491185
2332,46656892,1,17.03120583,24.19230353,261.4459844,0,261.4563756,262.4032172,0.009987571023,1,-0.0112674742,-0.01115166994,3.601901756,3.60409743,1,-0.07164551801,-0.07164551801,3.476491185,3.476491185
2333,46676202,1,17.02918962,24.19230353,261.4459844,0,261.4563756,262.4015111,0.009987571023,1,-0.01147746949,-0.0112769676,3.601897921,3.603305607,1,-0.07164551801,-0.07164551801,3.476491185,3.476491185
2334,46696968,1,17.02794888,24.19230353,261.4459844,0,261.4563756,262.4001153,0.009987571023,1,-0.01167276549,-0.01137591707,3.601713659,3.602987217,1,-0.07164551801,-0.07164551801,3.476491185,3.476491185
2335,46717562,1,17.02701832,24.19230353,261.4459844,0,261.4563756,262.3988746,0.009987571023,0,NaN,NaN,NaN,NaN,0,NaN,NaN,NaN,NaN
2336,46736997,1,17.02655304,24.19230353,261.4459844,0,261.4563756,262.3984093,0.009987571023,1,-0.01261919368,-0.01222663854,3.600591601,3.600946247,1,-0.07164551801,-0.07164551801,3.476491185,3.476491185
2337,46756891,1,17.02624286,24.19294227,261.4459844,0,261.4565307,262.3982542,0.009987571023,1,-0.01283147466,-0.01246772012,3.600591601,3.600818575,1,-0.07164551801,-0.07164551801,3.476491185,3.476491185
2338,46776509,1,17.02701832,24.19294227,261.4459844,0,261.4565307,262.397944,0.009987571023,1,-0.01310062065,-0.0127188332,3.600218504,3.600632458,1,-0.07164551801,-0.07164551801,3.476491185,3.476491185
2339,46796702,1,17.02779379,24.19230353,261.4459844,0,261.4565307,262.3977889,0.009987571023,1,-0.01333674246,-0.01297486577,3.600804949,3.600600701,1,-0.07164551801,-0.07164551801,3.476491185,3.476491185
2340,46819998,1,17.02825907,24.19230353,261.4461395,0,261.4565307,262.3977889,0.009987571023,1,-0.01344416441,-0.01316950386,3.603230516,3.601367257,1,-0.07164551801,-0.07164551801,3.476491185,3.476491185
2341,46836476,1,17.02841416,24.19230353,261.4459844,0,261.4565307,262.3980991,0.009987571023,1,-0.01338944933,-0.01327616556,3.606840856,3.602903189,1,-0.07164551801,-0.07164551801,3.476491185,3.476491185
2342,46857419,1,17.02841416,24.19358101,261.4459844,0,261.4565307,262.3982542,0.009987571023,1,-0.0131822019,-0.01325862484,3.608917058,3.604878143,1,-0.07164551801,-0.07164551801,3.476491185,3.476491185
2343,46876441,1,17.02841416,24.20891079,261.4459844,0,261.4565307,262.3984093,0.009987571023,1,-0.01306166191,-0.01320938411,3.610142651,3.605931045,1,-0.07164551801,-0.07164551801,3.476491185,3.476491185
2344,46896689,1,17.02252063,24.26384249,261.4399358,0,261.4504821,262.3987195,0.009987571023,1,-0.01263411131,-0.01295255391,3.614545568,3.609304443,1,-0.07164551801,-0.07164551801,3.476491185,3.476491185
2345,46919488,1,16.96156916,24.38264825,261.3799148,0,261.3909264,262.3988746,0.009987571023,1,-0.01206429293,-0.0126213458,3.617925924,3.612238569,1,-0.07164551801,-0.07164551801,3.476491185,3.476491185
2346,46936025,1,16.88712462,24.46376832,261.3054703,0,261.3161717,262.3988746,0.009987571023,1,-0.01172310299,-0.0122670331,3.618133601,3.614359514,1,-0.07164551801,-0.07164551801,3.476491185,3.476491185
2347,46956469,1,16.69636047,24.61067868,261.114396,0,261.1252525,262.3991847,0.009987571023,1,-0.01118336136,-0.01183679724,3.618133614,3.61571819,1,-0.07164551801,-0.07164551801,3.476491185,3.476491185
2348,46976624,1,16.47240646,24.75056289,260.8907522,0,260.9017637,262.3991847,0.009987571023,1,-0.01062355252,-0.01135983725,3.618133614,3.616587743,1,-0.07164551801,-0.07164551801,3.476491185,3.476491185
2349,46996992,1,16.1721468,24.88022725,260.5903374,0,260.6011939,262.3993398,0.009987571023,1,-0.01003149488,-0.01084548093,3.618133614,3.617144257,1,-0.07164551801,-0.07164551801,3.476491185,3.476491185
2350,47018989,1,15.81838012,24.97412213,260.2362605,0,260.2475823,262.3994949,0.009987571023,1,-0.01003149488,-0.01048936204,3.618133614,3.617500425,1,-0.07164551801,-0.07164551801,3.476491185,3.476491185
2351,47036634,1,15.52199778,25.0348025,259.9392578,0,259.9501143,262.3994949,0.009987571023,1,-0.008925235856,-0.0100124804,3.618133614,3.617728373,1,-0.07164551801,-0.07164551801,3.476491185,3.476491185
2352,47056091,1,15.22344413,25.0724882,259.6413245,0,259.6517158,262.39965,0.009987571023,1,-0.008644968638,-0.00967060246,3.618133614,3.617809422,1,-0.07164551801,-0.07164551801,3.476491185,3.476491185
2353,47076579,1,14.88053395,25.09356664,259.2982593,0,259.3086505,262.39965,0.009987571023,1,-0.007924408594,-0.008784032912,3.618188473,3.617978599,1,-0.07164551801,-0.07164551801,3.476491185,3.476491185
2354,47096769,1,14.43433196,25.1101739,258.8526776,0,258.8627587,262.39965,0.009987571023,1,-0.007350103564,-0.008209817126,3.619218726,3.618319151,1,-0.07164551801,-0.07164551801,3.476491185,3.476491185
2355,47118798,1,13.96440077,25.12550367,258.3832117,0,258.3925173,262.3998051,0.009987571023,1,-0.006758787367,-0.00764084555,3.619439934,3.618722247,1,-0.07164551801,-0.07164551801,3.476491185,3.476491185
2356,47137041,1,13.58178683,25.13955597,258.0010631,0,258.0106788,262.3998051,0.009987571023,1,-0.006142424293,-0.007054125411,3.619625394,3.619017706,1,-0.07164551801,-0.07164551801,3.476491185,3.476491185
2357,47165499,0,NaN,NaN,NaN,NaN,NaN,NaN,NaN,1,-0.005279954057,-0.006394995731,3.619626552,3.61923689,1,-0.07164551801,-0.07164551801,3.476491185,3.476491185
2358,47199971,1,12.49877379,25.20726248,256.9160338,0,256.9273556,262.3999602,0.009987571023,1,-0.00545710598,-0.005821662352,3.619812994,3.619494164,1,-0.07164551801,-0.07164551801,3.476491185,3.476491185
2359,47216169,1,12.44433622,25.21301115,256.8619064,0,256.872918,262.3999602,0.009987571023,0,NaN,NaN,NaN,NaN,0,NaN,NaN,NaN,NaN
2360,47240519,1,12.39920421,25.21812107,256.8170846,0,256.8276309,262.3999602,0.009987571023,1,-0.005904417301,-0.005830146686,3.619813169,3.619813169,1,-0.07164551801,-0.07164551801,3.476491185,3.476491185
2361,47257060,1,12.41362785,25.2200373,256.8325939,0,256.8414342,262.3998051,0.009987571023,1,-0.005575505426,-0.005763934226,3.619813169,3.619813169,1,-0.07164551801,-0.07164551801,3.476491185,3.476491185
2362,47276029,1,12.4404589,25.22195352,256.8591148,0,256.8684203,262.3998051,0.009987571023,1,-0.00534020178,-0.005589684197,3.619996801,3.619849895,1,-0.07164551801,-0.07164551801,3.476491185,3.476491185
2363,47296898,1,12.42448434,25.22386974,256.84283,0,256.8539967,262.3999602,0.009987571023,1,-0.005151450326,-0.005417533736,3.620455566,3.620044331,1,-0.07164551801,-0.07164551801,3.476491185,3.476491185
2364,47317483,1,12.34895415,25.22514722,256.7663693,0,256.7778461,262.3998051,0.009987571023,1,-0.004806898693,-0.005178735066,3.621171253,3.620398515,1,-0.07164551801,-0.07164551801,3.476491185,3.476491185
2365,47339146,1,12.23651187,25.22706344,256.6533066,0,256.6652488,262.3998051,0.009987571023,1,-0.00449151156,-0.0049085272,3.622052297,3.620941586,1,-0.07164551801,-0.07164551801,3.476491185,3.476491185
2366,47357765,1,12.10158113,25.23345085,256.5183759,0,256.5295426,262.3999602,0.009987571023,1,-0.00417394509,-0.004616125295,3.622052575,3.621341542,1,-0.07164551801,-0.07164551801,3.476491185,3.476491185
2367,47376657,1,11.93330544,25.24622566,256.34979,0,256.3618872,262.3999602,0.009987571023,1,-0.003780856147,-0.004291071156,3.622052575,3.621597514,1,-0.07164551801,-0.07164551801,3.476491185,3.476491185
2368,47396113,1,11.74083527,25.26347166,256.1582504,0,256.169262,262.3999602,0.009987571023,1,-0.003553430353,-0.004106660956,3.622052575,3.621688526,1,-0.07164551801,-0.07164551801,3.476491185,3.476491185
2369,47417146,1,11.49594374,25.28071766,255.9124283,0,255.923595,262.3999602,0.009987571023,1,-0.003076093403,-0.00371016131,3.622052575,3.621819584,1,-0.07164551801,-0.07164551801,3.476491185,3.476491185
2370,47439095,1,11.21817253,25.2954087,255.6343469,0,255.6462891,262.3999602,0.009987571023,1,-0.002346292436,-0.003049208391,3.622239191,3.622000231,1,-0.07164551801,-0.07164551801,3.476491185,3.476491185
2371,47456924,1,10.9602532,25.30498981,255.377048,0,255.3886799,262.3999602,0.009987571023,1,-0.002101895998,-0.002812380293,3.622239192,3.622048023,1,-0.07164551801,-0.07164551801,3.476491185,3.476491185
2372,47476900,1,10.64898195,25.31393218,255.0665522,0,255.0777189,262.3999602,0.009987571023,1,-0.001368180586,-0.002098207038,3.622239192,3.622141313,1,-0.07164551801,-0.07164551801,3.476491185,3.476491185
2373,47496690,1,10.30762269,25.32351329,254.7245725,0,254.7366698,262.3999602,0.009987571023,1,-0.0008494673707,-0.00159560063,3.622425799,3.622243353,1,-0.07164551801,-0.07164551801,3.476491185,3.476491185
2374,47516239,1,9.969365291,25.33245566,254.3856948,0,254.3984124,262.3999602,0.009987571023,1,-0.0003435523529,-0.001084448992,3.622425809,3.622309037,1,-0.07164551801,-0.07164551801,3.476491185,3.476491185
2375,47539770,1,9.520992001,25.34395299,253.938252,0,253.9495738,262.3999602,0.009987571023,1,0.0003924792895,-0.0005253992345,3.622425809,3.622351075,1,-0.07164551801,-0.07164551801,3.476491185,3.476491185
2376,47556412,1,9.231123555,25.35097914,253.6472979,0,253.6597054,262.3999602,0.009987571023,1,0.0008396544298,1.725530711e-05,3.622425809,3.622377979,1,-0.07164551801,-0.07164551801,3.476491185,3.476491185
2377,47577390,1,8.786472493,25.35928277,253.2034223,0,253.2164501,262.3999602,0.009987571023,1,0.001380945089,0.0005824665659,3.622425809,3.622395198,1,-0.07164551801,-0.07164551801,3.476491185,3.476491185
2378,47596138,1,8.428518306,25.36503143,252.8457783,0,252.8580307,262.3999602,0.009987571023,1,0.001501934796,0.0008123336233,3.622845488,3.622485256,1,-0.07164551801,-0.07164551801,3.476491185,3.476491185
2379,47617094,1,7.99860106,25.37014136,252.4160162,0,252.4274931,262.3999602,0.009987571023,1,0.001999101697,0.001275384944,3.62317081,3.622702355,1,-0.07164551801,-0.07164551801,3.476491185,3.476491185
2380,47640657,1,7.556896761,25.37525128,251.9741568,0,251.9854786,262.3999602,0.009987571023,1,0.002819774931,0.002056547887,3.624099007,3.623225159,1,-0.07164551801,-0.07164551801,3.476491185,3.476491185
2381,47656699,1,7.263771366,25.38036121,251.6805661,0,251.6925083,262.3999602,0.009987571023,1,0.003231646461,0.002522217222,3.624531988,3.623656828,1,-0.07164551801,-0.07164551801,3.476491185,3.476491185
2382,47676040,1,6.892479199,25.39505224,251.3089638,0,251.3216814,262.3999602,0.009987571023,1,0.003743911218,0.00301418745,3.624665215,3.624019842,1,-0.07164551801,-0.07164551801,3.476491185,3.476491185
2383,47697317,1,6.491719399,25.42124061,250.9092896,0,250.9201461,262.3999602,0.009987571023,1,0.004266268709,0.003514793934,3.624665215,3.624252176,1,-0.07164551801,-0.07164551801,3.476491185,3.476491185
2384,47716928,1,6.133144842,25.44231905,250.5502498,0,250.5612614,262.3999602,0.009987571023,1,0.004670023638,0.00398507572,3.624665215,3.62440087,1,-0.07164551801,-0.07164551801,3.476491185,3.476491185
2385,47738929,1,5.726956794,25.45892631,250.1432863,0,250.1552284,262.3999602,0.009987571023,1,0.005154952003,0.004445948866,3.625036088,3.624593613,1,-0.07164551801,-0.07164551801,3.476491185,3.476491185
2386,47756497,1,5.407775808,25.46850742,249.8245706,0,249.8365127,262.3999602,0.009987571023,1,0.005515116629,0.00487491928,3.625411641,3.624871356,1,-0.07164551801,-0.07164551801,3.476491185,3.476491185
2387,47776904,1,5.049976715,25.48000476,249.4673918,0,249.4779382,262.3999602,0.009987571023,1,0.005954709058,0.005306438257,3.625598301,3.625132758,1,-0.07164551801,-0.07164551801,3.476491185,3.476491185
2388,47796962,1,4.711409129,25.49533453,249.1282039,0,249.1390604,262.3998051,0.009987571023,1,0.006188130106,0.005526861219,3.625598301,3.625225867,1,-0.07164551801,-0.07164551801,3.476491185,3.476491185
2389,47816843,1,4.384473503,25.5074706,248.8011132,0,248.8124349,262.3999602,0.009987571023,1,0.006760480456,0.006145447016,3.625784897,3.62546443,1,-0.07164551801,-0.07164551801,3.476491185,3.476491185
2390,47838921,1,4.019695233,25.51896794,248.4372655,0,248.4479669,262.3999602,0.009987571023,1,0.007180134173,0.00654636152,3.625784918,3.625579806,1,-0.07164551801,-0.07164551801,3.476491185,3.476491185
2391,47856153,1,3.753555986,25.52663283,248.170816,0,248.1813623,262.3999602,0.009987571023,1,0.007502637438,0.006933073764,3.625784918,3.625653646,1,-0.07164551801,-0.07164551801,3.476491185,3.476491185
2392,47876923,1,3.424759246,25.53429771,247.8413989,0,247.8519452,262.3999602,0.009987571023,1,0.007951516275,0.007340915085,3.625784918,3.625700904,1,-0.07164551801,-0.07164551801,3.476491185,3.476491185
2393,47896998,1,3.195532085,25.5419626,247.6129472,0,247.6238037,262.3999602,0.009987571023,1,0.008367634771,0.00774886421,3.625971535,3.625798034,1,-0.07164551801,-0.07164551801,3.476491185,3.476491185
2394,47916114,1,3.087122217,25.54835001,247.5037619,0,247.5150837,262.3999602,0.009987571023,1,0.008730842154,0.008149973546,3.625971535,3.625860494,1,-0.07164551801,-0.07164551801,3.476491185,3.476491185
2395,47938395,1,3.194291343,25.5560149,247.4958521,0,247.5042272,262.3999602,0.009987571023,1,0.009166300741,0.008557012273,3.625971535,3.625900469,1,-0.07164551801,-0.07164551801,3.476491185,3.476491185
2396,47957689,1,3.197548292,25.56112482,247.554012,0,247.5619217,262.3999602,0.009987571023,1,0.009559486895,0.008960434048,3.626324718,3.625996689,1,-0.07164551801,-0.07164551801,3.476491185,3.476491185
2397,47976485,1,3.197393199,25.56495727,247.5865814,0,247.5944912,262.3999602,0.009987571023,1,0.009757288483,0.009159647657,3.626530929,3.626103537,1,-0.07164551801,-0.07164551801,3.476491185,3.476491185
2398,47996998,1,3.196927921,25.56751223,247.6020907,0,247.6103106,262.3999602,0.009987571023,0,NaN,NaN,NaN,NaN,0,NaN,NaN,NaN,NaN
2399,48017327,1,3.196927921,25.57006719,247.6086046,0,247.6172898,262.3999602,0.009987571023,0,NaN,NaN,NaN,NaN,0,NaN,NaN,NaN,NaN
2400,48041355,1,3.438872691,25.5764546,247.6113963,0,247.6205468,262.3991847,0.009987571023,0,NaN,NaN,NaN,NaN,0,NaN,NaN,NaN,NaN
2401,48060721,1,4.463881017,25.58284201,247.6123268,0,247.6216324,262.2064044,0.009987571023,1,0.01147342352,0.009738091623,3.626718003,3.626226431,1,-0.07164551801,-0.07164551801,3.476491185,3.476491185
2402,48077318,1,6.25814964,25.59050689,247.612637,0,247.6222528,261.4914266,0.009987571023,1,0.01179027785,0.01086608912,3.626718004,3.626466318,1,-0.07164551801,-0.07164551801,3.476491185,3.476491185
2403,48096791,1,8.787558142,25.60775289,247.6131023,0,247.6231833,259.7266256,0.009987571023,1,0.01206453672,0.01136276278,3.626718004,3.626556925,1,-0.07164551801,-0.07164551801,3.476491185,3.476491185
2404,48116092,1,11.47066361,25.62180519,247.6131023,0,247.6233384,257.1992333,0.009987571023,1,0.01233113678,0.01176341658,3.626718004,3.626614913,1,-0.07164551801,-0.07164551801,3.476491185,3.476491185
2405,48139489,1,14.95280719,25.63074756,247.6132574,0,247.6236486,253.7138328,0.009987571023,1,0.01259227955,0.01209619959,3.626718004,3.626652026,1,-0.07164551801,-0.07164551801,3.476491185,3.476491185
2406,48156543,1,17.17140972,25.63521874,247.6134125,0,247.6238037,251.3520796,0.009987571023,1,0.01280201247,0.01227265281,3.626718004,3.626665222,1,-0.07164551801,-0.07164551801,3.476491185,3.476491185
2407,48176661,1,17.82884811,25.6377737,247.6132574,0,247.6238037,249.4906558,0.009987571023,1,0.01296944389,0.01255862696,3.626718004,3.626684223,1,-0.07164551801,-0.07164551801,3.476491185,3.476491185
2408,48196270,1,17.99526268,25.64032867,247.6132574,0,247.6238037,248.7569117,0.009987571023,1,0.01315188449,0.01280454688,3.626718004,3.626696384,1,-0.07164551801,-0.07164551801,3.476491185,3.476491185
2409,48216860,1,17.99464231,25.64288363,247.6131023,0,247.6238037,248.6173282,0.009987571023,0,NaN,NaN,NaN,NaN,0,NaN,NaN,NaN,NaN
2410,48239761,1,17.99526268,25.64543859,247.6134125,0,247.6239588,248.620275,0.009987571023,1,0.01345640965,0.01296751258,3.626718004,3.626700708,1,-0.07164551801,-0.07164551801,3.476491185,3.476491185
2411,48256622,1,18.03062384,25.64671607,247.6131023,0,247.6239588,248.6298907,0.009987571023,0,NaN,NaN,NaN,NaN,0,NaN,NaN,NaN,NaN
2412,48276992,1,18.02410995,25.64799356,247.6131023,0,247.6239588,248.5993374,0.009987571023,0,NaN,NaN,NaN,NaN,0,NaN,NaN,NaN,NaN
2413,48297222,1,18.02054281,25.6486323,247.6129472,0,247.6239588,248.6024393,0.009987571023,1,0.01364454845,0.01358643943,3.626718004,3.626718004,1,-0.07164551801,-0.07164551801,3.476491185,3.476491185
2414,48316035,1,18.0444271,25.6486323,247.6129472,0,247.6239588,248.6016638,0.009987571023,1,0.01372790747,0.01364986658,3.625972189,3.626461306,1,-0.07164551801,-0.07164551801,3.476491185,3.476491185
2415,48340385,1,18.04458219,25.66076837,247.6131023,0,247.6239588,248.597011,0.009987571023,1,0.01375879102,0.01369751016,3.62560451,3.626211584,1,-0.07164551801,-0.07164551801,3.476491185,3.476491185
2416,48356666,1,17.99619324,25.6722657,247.6132574,0,247.6239588,248.593599,0.009987571023,1,0.01375879102,0.01372432054,3.625411751,3.625930093,1,-0.07164551801,-0.07164551801,3.476491185,3.476491185
2417,48376981,1,17.56208849,25.68120807,247.6131023,0,247.6239588,248.5900319,0.009987571023,1,0.01375879102,0.01373293816,3.625411684,3.625826411,1,-0.07164551801,-0.07164551801,3.476491185,3.476491185
2418,48397164,1,17.27470153,25.68887296,247.6131023,0,247.6239588,248.5870851,0.009987571023,1,0.01370656033,0.01373119111,3.622054389,3.624975848,1,-0.07164551801,-0.07164551801,3.476491185,3.476491185
2419,48417189,1,17.14411339,25.69462163,247.6131023,0,247.6239588,248.5844485,0.009987571023,1,0.01340254303,0.01361182338,3.615707881,3.621738842,1,-0.07164551801,-0.07164551801,3.476491185,3.476491185
2420,48442227,1,17.07804385,25.69973155,247.6131023,0,247.6239588,248.5816569,0.009987571023,1,0.01314007645,0.01339375142,3.615157488,3.618636361,1,-0.07164551801,-0.07164551801,3.476491185,3.476491185
2421,48457033,1,17.06284476,25.70228651,247.6132574,0,247.6239588,248.580261,0.009987571023,1,0.01308172295,0.0133157443,3.614544449,3.617817978,1,-0.07164551801,-0.07164551801,3.476491185,3.476491185
2422,48476980,1,17.05322901,25.70484148,247.6132574,0,247.6239588,248.5783999,0.009987571023,1,0.01277305352,0.01305331284,3.610109086,3.614287341,1,-0.07164551801,-0.07164551801,3.476491185,3.476491185
2423,48498701,1,17.04873132,25.70611896,247.6132574,0,247.6239588,248.576849,0.009987571023,1,0.01250983713,0.01284241715,3.609362719,3.612552648,1,-0.07164551801,-0.07164551801,3.476491185,3.476491185
2424,48516630,1,17.04702529,25.70739644,247.6132574,0,247.6239588,248.5756082,0.009987571023,1,0.01238181605,0.01272726688,3.609362608,3.61191464,1,-0.07164551801,-0.07164551801,3.476491185,3.476491185
2425,48539817,1,17.04562946,25.70803518,247.6131023,0,247.6239588,248.5742124,0.009987571023,1,0.01212981394,0.01249424094,3.609362607,3.610995908,1,-0.07164551801,-0.07164551801,3.476491185,3.476491185
2426,48560042,1,17.044854,25.70867392,247.6132574,0,247.6239588,248.5734369,0.009987571023,0,NaN,NaN,NaN,NaN,0,NaN,NaN,NaN,NaN
2427,48576936,1,17.04454381,25.70867392,247.6132574,0,247.6239588,248.5731267,0.009987571023,0,NaN,NaN,NaN,NaN,0,NaN,NaN,NaN,NaN
2428,48600429,1,17.04423362,25.70931266,247.6132574,0,247.6239588,248.5729717,0.009987571023,1,0.01130052262,0.01159803023,3.609362607,3.609362607,1,-0.07164551801,-0.07164551801,3.476491185,3.476491185
2429,48616749,1,17.04407853,25.70931266,247.6131023,0,247.6239588,248.5731267,0.009987571023,1,0.01124747609,0.01151039169,3.609467158,3.609383518,1,-0.07164551801,-0.07164551801,3.476491185,3.476491185
2430,48642453,1,17.04438872,25.70931266,247.6131023,0,247.6239588,248.5728166,0.009987571023,1,0.0111831883,0.01130585412,3.621291039,3.612264307,1,-0.07164551801,-0.07164551801,3.476491185,3.476491185
2431,48661094,1,17.044854,25.7099514,247.6131023,0,247.6239588,248.5725064,0.009987571023,1,0.01126986929,0.01129685791,3.622051329,3.614221711,1,-0.07164551801,-0.07164551801,3.476491185,3.476491185
2432,48676981,1,17.04500909,25.72336496,247.6131023,0,247.6239588,248.5721962,0.009987571023,1,0.01129217145,0.01129451354,3.623581534,3.617391252,1,-0.07164551801,-0.07164551801,3.476491185,3.476491185
2433,48696988,1,17.04531927,25.82875717,247.6131023,0,247.6239588,248.5723513,0.009987571023,1,0.0113655079,0.01131404355,3.626360131,3.620490207,1,-0.07164551801,-0.07164551801,3.476491185,3.476491185
2434,48716982,1,17.04531927,25.99355227,247.6131023,0,247.6239588,248.5725064,0.009987571023,1,0.01168276381,0.01147854605,3.631178405,3.625308147,1,-0.07164551801,-0.07164551801,3.476491185,3.476491185
2435,48741044,1,17.01864331,26.21455655,247.5870467,0,247.6002296,248.5726615,0.009987571023,1,0.01191888775,0.01164688629,3.631756634,3.627599549,1,-0.07164551801,-0.07164551801,3.476491185,3.476491185
2436,48759282,1,16.97040945,26.36529935,247.5394332,0,247.5523059,248.5726615,0.009987571023,1,0.01206234113,0.01175075,3.631756667,3.628430972,1,-0.07164551801,-0.07164551801,3.476491185,3.476491185
2437,48776850,1,16.89100194,26.50518356,247.458785,0,247.472278,248.5728166,0.009987571023,1,0.01225564913,0.01194903258,3.631756667,3.629628223,1,-0.07164551801,-0.07164551801,3.476491185,3.476491185
2438,48799336,1,16.74567998,26.66295251,247.3128426,0,247.3261806,248.5729717,0.009987571023,1,0.01277673264,0.01234347933,3.631756667,3.630666904,1,-0.07164551801,-0.07164551801,3.476491185,3.476491185
2439,48817463,1,16.6009784,26.76834472,247.1695369,0,247.1822545,248.5731267,0.009987571023,1,0.01289845182,0.01248222245,3.631756667,3.630884856,1,-0.07164551801,-0.07164551801,3.476491185,3.476491185
2440,48840472,1,16.39253367,26.83094131,246.960782,0,246.9724139,248.5731267,0.009987571023,1,0.01347908962,0.01296433007,3.631943285,3.631401364,1,-0.07164551801,-0.07164551801,3.476491185,3.476491185
2441,48856880,1,16.23433901,26.85649094,246.8008813,0,246.8143744,248.5731267,0.009987571023,1,0.01363767722,0.01313266686,3.631943285,3.631509748,1,-0.07164551801,-0.07164551801,3.476491185,3.476491185
2442,48877023,1,16.00821371,26.89289916,246.5773926,0,246.5896449,248.5732818,0.009987571023,1,0.01421471253,0.0136530635,3.631943285,3.631721314,1,-0.07164551801,-0.07164551801,3.476491185,3.476491185
2443,48897251,1,15.75913467,26.9312236,246.3267626,0,246.3388598,248.5732818,0.009987571023,1,0.01460938279,0.01403546454,3.631943285,3.631801223,1,-0.07164551801,-0.07164551801,3.476491185,3.476491185
2444,48916670,1,15.51083109,26.95549574,246.0761326,0,246.0886952,248.5732818,0.009987571023,1,0.01485027264,0.01423916657,3.631943285,3.631829636,1,-0.07164551801,-0.07164551801,3.476491185,3.476491185
2445,48939951,1,15.17924268,26.9689093,245.7451646,0,245.7571068,248.5734369,0.009987571023,1,0.01558957263,0.01488840473,3.632129902,3.631951981,1,-0.07164551801,-0.07164551801,3.476491185,3.476491185
2446,48957505,1,14.92597614,26.9752967,245.4922082,0,245.5050809,248.5734369,0.009987571023,1,0.01582893545,0.01512353741,3.632129902,3.631987565,1,-0.07164551801,-0.07164551801,3.476491185,3.476491185
2447,48977901,1,14.64045029,26.97976789,245.2085435,0,245.2200204,248.5734369,0.009987571023,1,0.0165083452,0.01580306035,3.632129902,3.632057025,1,-0.07164551801,-0.07164551801,3.476491185,3.476491185
2448,48997187,1,14.30327854,26.98360033,244.8716819,0,244.8825384,248.5734369,0.009987571023,1,0.01691183331,0.01624680047,3.632129902,3.632083261,1,-0.07164551801,-0.07164551801,3.476491185,3.476491185
2449,49017023,1,13.95819706,26.9861553,244.5250495,0,244.535906,248.573592,0.009987571023,1,0.01697932096,0.01656727818,3.632129902,3.632100052,1,-0.07164551801,-0.07164551801,3.476491185,3.476491185
2450,49039572,1,13.57682386,26.98871026,244.1427458,0,244.1545328,248.573592,0.009987571023,1,0.01697932096,0.0167475469,3.632129902,3.632110798,1,-0.07164551801,-0.07164551801,3.476491185,3.476491185
2451,49057197,1,13.34558049,26.989349,243.9118126,0,243.9237547,248.573592,0.009987571023,1,0.01697932096,0.01680549041,3.632129902,3.632114618,1,-0.07164551801,-0.07164551801,3.476491185,3.476491185
2452,49077184,1,13.14147836,26.99062648,243.7108123,0,243.7218239,248.573592,0.009987571023,1,0.01871688287,0.01758980473,3.635671637,3.633276457,1,-0.07164551801,-0.07164551801,3.476491185,3.476491185
2453,49097388,1,12.96064016,26.99190396,243.5271824,0,243.5372635,248.573592,0.009987571023,1,0.01898262439,0.01793800964,3.636042722,3.63382971,1,-0.07164551801,-0.07164551801,3.476491185,3.476491185
2454,49117605,1,12.61230172,27.00851122,243.178844,0,243.188925,248.573592,0.009987571023,1,0.01966923563,0.0188190883,3.636607546,3.635059825,1,-0.07164551801,-0.07164551801,3.476491185,3.476491185
2455,49139346,1,12.16222241,27.04236448,242.7301605,0,242.7402416,248.573592,0.009987571023,1,0.02006498981,0.01932664941,3.63712817,3.6357543,1,-0.07164551801,-0.07164551801,3.476491185,3.476491185
2456,49157568,1,11.78596728,27.07813395,242.354836,0,242.3667781,248.5737471,0.009987571023,1,0.02042650646,0.01977052689,3.637712307,3.636401265,1,-0.07164551801,-0.07164551801,3.476491185,3.476491185
2457,49177332,1,11.38768896,27.13178817,241.9536109,0,241.9643123,248.5737471,0.009987571023,1,0.02064614641,0.01998943177,3.638195505,3.636760113,1,-0.07164551801,-0.07164551801,3.476491185,3.476491185
2458,49196927,1,11.01376022,27.18799735,241.5809229,0,241.5927099,248.5737471,0.009987571023,1,0.02102128253,0.02040806067,3.638474882,3.637376933,1,-0.07164551801,-0.07164551801,3.476491185,3.476491185
2459,49217255,1,10.66852364,27.23207046,241.2350659,0,241.2470081,248.5737471,0.009987571023,1,0.02141521084,0.02080789416,3.638474885,3.637772196,1,-0.07164551801,-0.07164551801,3.476491185,3.476491185
2460,49241826,1,10.26636801,27.26911742,240.8360122,0,240.8479543,248.5737471,0.009987571023,1,0.02198900383,0.02138942149,3.638843315,3.638191941,1,-0.07164551801,-0.07164551801,3.476491185,3.476491185
2461,49259591,1,10.02457833,27.29147334,240.5928266,0,240.6027526,248.5737471,0.009987571023,1,0.02214396816,0.02157805816,3.639009594,3.638355472,1,-0.07164551801,-0.07164551801,3.476491185,3.476491185
2462,49277410,1,9.778601145,27.31063556,240.3451434,0,240.3552245,248.5737471,0.009987571023,1,0.02261763567,0.02210058819,3.639034737,3.638686942,1,-0.07164551801,-0.07164551801,3.476491185,3.476491185
2463,49296984,1,9.473533604,27.33426897,240.0393004,0,240.050312,248.5737471,0.009987571023,1,0.02276842311,0.02226754692,3.6393916,3.638827873,1,-0.07164551801,-0.07164551801,3.476491185,3.476491185
2464,49317905,1,9.185836457,27.35854112,239.7512931,0,239.7623047,248.5737471,0.009987571023,1,0.02314017002,0.0226139357,3.640154077,3.639271085,1,-0.07164551801,-0.07164551801,3.476491185,3.476491185
2465,49340799,1,8.873634647,27.39047815,239.4395566,0,239.4488621,248.5737471,0.009987571023,1,0.02410970616,0.02327011535,3.640341057,3.639786671,1,-0.07164551801,-0.07164551801,3.476491185,3.476491185
2466,49359895,1,8.628122742,27.41411156,239.1976118,0,239.2075377,248.5737471,0.009987571023,1,0.02458006134,0.02359760185,3.640341057,3.639897548,1,-0.07164551801,-0.07164551801,3.476491185,3.476491185
2467,49376956,1,8.386177971,27.42816385,238.9561323,0,238.965593,248.5737471,0.009987571023,1,0.02495009667,0.0241545645,3.640341057,3.640057211,1,-0.07164551801,-0.07164551801,3.476491185,3.476491185
2468,49396899,1,7.97037417,27.43774496,238.5403285,0,238.5508748,248.5737471,0.009987571023,1,0.02539999135,0.02465292713,3.640526516,3.640196488,1,-0.07164551801,-0.07164551801,3.476491185,3.476491185
2469,49417185,1,7.563410659,27.44668733,238.1294877,0,238.1394136,248.5737471,0.009987571023,1,0.0259335348,0.02532804307,3.640527674,3.640358106,1,-0.07164551801,-0.07164551801,3.476491185,3.476491185
2470,49440861,1,7.099993367,27.45499096,237.6694824,0,237.6800287,248.5737471,0.009987571023,1,0.02632921677,0.02572370497,3.640527674,3.640419151,1,-0.07164551801,-0.07164551801,3.476491185,3.476491185
2471,49460400,1,6.791048506,27.45946214,237.3602274,0,237.3718593,248.5737471,0.009987571023,1,0.02656984705,0.02593524049,3.640527674,3.640440856,1,-0.07164551801,-0.07164551801,3.476491185,3.476491185
2472,49477117,1,6.545691694,27.46265585,237.1134747,0,237.1227803,248.5737471,0.009987571023,1,0.02686099947,0.02631860534,3.640527674,3.64047211,1,-0.07164551801,-0.07164551801,3.476491185,3.476491185
2473,49496929,1,6.215344027,27.46521081,236.7832822,0,236.7939836,248.5737471,0.009987571023,1,0.02723647372,0.02668561523,3.640860566,3.640588515,1,-0.07164551801,-0.07164551801,3.476491185,3.476491185
2474,49517287,1,5.903452402,27.46776577,236.4703049,0,236.482247,248.5737471,0.009987571023,1,0.02776236704,0.0271081322,3.641249012,3.640798478,1,-0.07164551801,-0.07164551801,3.476491185,3.476491185
2475,49540817,1,5.544877845,27.47223696,236.112816,0,236.1244479,248.5734369,0.009987571023,1,0.02854586511,0.02778890587,3.641274143,3.641030599,1,-0.07164551801,-0.07164551801,3.476491185,3.476491185
2476,49556518,1,5.321389118,27.47670814,235.8863805,0,235.8970819,248.573592,0.009987571023,1,0.02897472929,0.02825213517,3.641274143,3.641118275,1,-0.07164551801,-0.07164551801,3.476491185,3.476491185
2477,49576828,1,4.969793736,27.48245681,235.5358707,0,235.5467272,248.573592,0.009987571023,1,0.02925047215,0.02850171941,3.641274143,3.641149449,1,-0.07164551801,-0.07164551801,3.476491185,3.476491185
2478,49597120,1,4.623316418,27.48756674,235.1904791,0,235.2008703,248.573592,0.009987571023,1,0.02985347517,0.02904036291,3.642255391,3.641466423,1,-0.07164551801,-0.07164551801,3.476491185,3.476491185
2479,49617163,1,4.254350642,27.49267666,234.8229091,0,234.8333004,248.573592,0.009987571023,1,0.0306919273,0.0298547785,3.642580463,3.642009766,1,-0.07164551801,-0.07164551801,3.476491185,3.476491185
2480,49640428,1,3.804271332,27.5073677,234.3712789,0,234.381515,248.5737471,0.009987571023,1,0.03135544417,0.03044263057,3.642580463,3.642215217,1,-0.07164551801,-0.07164551801,3.476491185,3.476491185
2481,49659442,1,3.435770835,27.52844614,234.0006071,0,234.0106881,248.5737471,0.009987571023,1,0.03158013858,0.03072700757,3.642580463,3.642288266,1,-0.07164551801,-0.07164551801,3.476491185,3.476491185
2482,49677129,1,3.219726562,27.55016332,233.7878198,0,233.7975906,248.5737471,0.009987571023,1,0.03244187685,0.03159504105,3.642821939,3.642524552,1,-0.07164551801,-0.07164551801,3.476491185,3.476491185
2483,49697189,1,3.093170836,27.57443547,233.6603335,0,233.6701043,248.5737471,0.009987571023,1,0.03280978897,0.03189872803,3.642953589,3.642610359,1,-0.07164551801,-0.07164551801,3.476491185,3.476491185
2484,49716794,1,3.037957799,27.59806887,233.6062061,0,233.6173728,248.5737471,0.009987571023,1,0.03345728746,0.03251395791,3.642953697,3.642733961,1,-0.07164551801,-0.07164551801,3.476491185,3.476491185
2485,49739861,1,3.152261194,27.61786984,233.6421876,0,233.6496321,248.5737471,0.009987571023,1,0.03449045064,0.03346743844,3.642953697,3.642841192,1,-0.07164551801,-0.07164551801,3.476491185,3.476491185
2486,49757043,1,3.151640823,27.62425724,233.6769284,0,233.684528,248.5737471,0.009987571023,1,0.03469821482,0.03377513253,3.642953697,3.642863693,1,-0.07164551801,-0.07164551801,3.476491185,3.476491185
2487,49778520,1,3.15148573,27.62872843,233.6994169,0,233.7076368,248.5737471,0.009987571023,0,NaN,NaN,NaN,NaN,0,NaN,NaN,NaN,NaN
2488,49797195,1,3.165444082,27.63128339,233.7085674,0,233.7167873,248.5737471,0.009987571023,0,NaN,NaN,NaN,NaN,0,NaN,NaN,NaN,NaN
2489,49819461,1,3.593965493,27.63319961,233.7127549,0,233.7214401,248.5239623,0.009987571023,1,0.03665267206,0.03449451742,3.642953697,3.642881694,1,-0.07164551801,-0.07164551801,3.476491185,3.476491185
2490,49840387,1,5.166451409,27.63703206,233.714616,0,233.7233012,247.8994036,0.009987571023,1,0.03679999775,0.0350708875,3.642953697,3.642896095,1,-0.07164551801,-0.07164551801,3.476491185,3.476491185
2491,49858745,1,7.395910433,27.64214198,233.7152364,0,233.7242317,246.459367,0.009987571023,1,0.03716526224,0.03596384644,3.642953697,3.642916832,1,-0.07164551801,-0.07164551801,3.476491185,3.476491185
2492,49877412,1,9.995265789,27.65683302,233.7158567,0,233.7248521,244.0776068,0.009987571023,1,0.03747204236,0.03660331551,3.642953697,3.642930103,1,-0.07164551801,-0.07164551801,3.476491185,3.476491185
2493,49897121,1,12.75591766,27.66258168,233.7158567,0,233.7254725,241.3518508,0.009987571023,1,0.03772708866,0.03707224134,3.642953697,3.642938597,1,-0.07164551801,-0.07164551801,3.476491185,3.476491185
2494,49918747,1,15.78255368,27.66833035,233.7160118,0,233.7256276,238.303812,0.009987571023,1,0.03801228294,0.03745344685,3.642953697,3.642944033,1,-0.07164551801,-0.07164551801,3.476491185,3.476491185
2495,49939620,1,17.65049139,27.66960783,233.7161669,0,233.7256276,235.8919638,0.009987571023,1,0.03803984855,0.03770881537,3.642953697,3.642947512,1,-0.07164551801,-0.07164551801,3.476491185,3.476491185
2496,49958892,1,17.95974643,27.67024657,233.7161669,0,233.7259378,234.9527218,0.009987571023,1,0.03803984917,0.03779157382,3.642953697,3.642948749,1,-0.07164551801,-0.07164551801,3.476491185,3.476491185
2497,49977064,1,17.99324648,27.67088531,233.716322,0,233.7260928,234.7228743,0.009987571023,1,0.03802751108,0.03789710976,3.642953697,3.642950531,1,-0.07164551801,-0.07164551801,3.476491185,3.476491185
2498,49996354,1,17.99417703,27.67152405,233.716322,0,233.7262479,234.7185317,0.009987571023,1,0.03778847288,0.03786995054,3.642953697,3.642951164,1,-0.07164551801,-0.07164551801,3.476491185,3.476491185
2499,50018459,1,18.03093403,27.67216279,233.716322,0,233.7262479,234.7196173,0.009987571023,0,NaN,NaN,NaN,NaN,0,NaN,NaN,NaN,NaN
2500,50040529,1,18.02597106,27.67280153,233.716322,0,233.7262479,234.702402,0.009987571023,0,NaN,NaN,NaN,NaN,0,NaN,NaN,NaN,NaN
2501,50057094,1,18.02255902,27.67280153,233.716322,0,233.7262479,234.703953,0.009987571023,0,NaN,NaN,NaN,NaN,0,NaN,NaN,NaN,NaN
2502,50076955,1,18.01899188,27.67280153,233.7164771,0,233.7262479,234.7067446,0.009987571023,1,0.03655601352,0.03718351483,3.642953697,3.642953697,1,-0.07164551801,-0.07164551801,3.476491185,3.476491185
2503,50096770,1,18.04504747,27.67471776,233.7164771,0,233.7262479,234.700696,0.009987571023,1,0.03573516578,0.03649055559,3.640341151,3.64199768,1,-0.07164551801,-0.07164551801,3.476491185,3.476491185
2504,50116756,1,18.04318636,27.68493761,233.7164771,0,233.7262479,234.6965085,0.009987571023,1,0.03510143298,0.03593792275,3.63996791,3.641298368,1,-0.07164551801,-0.07164551801,3.476491185,3.476491185
2505,50140469,1,18.04752896,27.69132501,233.7164771,0,233.7262479,234.692321,0.009987571023,1,0.03407672034,0.03524143434,3.636366158,3.639956349,1,-0.07164551801,-0.07164551801,3.476491185,3.476491185
2506,50157101,1,18.04845951,27.69515746,233.7164771,0,233.7262479,234.6901497,0.009987571023,1,0.03383565163,0.03488998866,3.635908833,3.639146846,1,-0.07164551801,-0.07164551801,3.476491185,3.476491185
2507,50176819,1,18.04985535,27.69835116,233.7164771,0,233.7262479,234.687358,0.009987571023,1,0.03262993043,0.03403567375,3.629410856,3.636541382,1,-0.07164551801,-0.07164551801,3.476491185,3.476491185
2508,50197184,1,18.05109609,27.70026738,233.7164771,0,233.7262479,234.6853418,0.009987571023,1,0.03049414584,0.03238018165,3.61506483,3.627997106,1,-0.07164551801,-0.07164551801,3.476491185,3.476491185
2509,50219295,1,18.05202665,27.70218361,233.7164771,0,233.7262479,234.6830154,0.009987571023,1,0.02861085556,0.03089555576,3.611549757,3.622295644,1,-0.07164551801,-0.07164551801,3.476491185,3.476491185
2510,50239534,1,18.05280211,27.70282235,233.7164771,0,233.7262479,234.6814645,0.009987571023,1,0.02658453018,0.02924603976,3.610668939,3.6181172,1,-0.07164551801,-0.07164551801,3.476491185,3.476491185
2511,50257023,1,18.05326739,27.70346109,233.7164771,0,233.7262479,234.6800687,0.009987571023,1,0.02571377073,0.02836297251,3.610668928,3.616627545,1,-0.07164551801,-0.07164551801,3.476491185,3.476491185
2512,50277663,1,18.05373267,27.70346109,233.7164771,0,233.7262479,234.678983,0.009987571023,1,0.02338167331,0.02640359882,3.610668928,3.614482443,1,-0.07164551801,-0.07164551801,3.476491185,3.476491185
2513,50296774,1,18.05419795,27.70409983,233.7164771,0,233.7262479,234.6778974,0.009987571023,1,0.01996627162,0.02324574036,3.610855512,3.612661911,1,-0.07164551801,-0.07164551801,3.476491185,3.476491185
2514,50317311,1,18.05435304,27.70409983,233.7164771,0,233.7262479,234.6766566,0.009987571023,1,0.01848957235,0.02205669836,3.611146433,3.612358815,1,-0.07164551801,-0.07164551801,3.476491185,3.476491185
2515,50340164,1,18.05466323,27.70409983,233.7164771,0,233.7262479,234.6760363,0.009987571023,1,0.01430427467,0.01834433682,3.611788492,3.611995799,1,-0.07164551801,-0.07164551801,3.476491185,3.476491185
2516,50357227,1,18.05481832,27.70409983,233.7164771,0,233.7262479,234.6752608,0.009987571023,1,0.01338987523,0.01710572142,3.611969175,3.611990474,1,-0.07164551801,-0.07164551801,3.476491185,3.476491185
2517,50376779,1,18.05497341,27.70473857,233.7164771,0,233.7262479,234.6746404,0.009987571023,1,0.01041617373,0.01448425205,3.615807269,3.612751396,1,-0.07164551801,-0.07164551801,3.476491185,3.476491185
2518,50396563,1,18.05512851,27.70473857,233.7164771,0,233.7262479,234.6741751,0.009987571023,1,0.008022310267,0.01190502945,3.619032982,3.61490276,1,-0.07164551801,-0.07164551801,3.476491185,3.476491185
2519,50416615,1,18.05559378,27.70473857,233.7164771,0,233.7262479,234.6735548,0.009987571023,1,0.004219716475,0.008048041343,3.626226828,3.619512942,1,-0.07164551801,-0.07164551801,3.476491185,3.476491185
2520,50439742,1,18.05590397,27.70473857,233.7164771,0,233.7262479,234.6732446,0.009987571023,1,0.001019689432,0.00529920493,3.630406185,3.623012763,1,-0.07164551801,-0.07164551801,3.476491185,3.476491185
2521,50457172,1,18.05605906,27.70473857,233.7164771,0,233.7262479,234.6729344,0.009987571023,1,-0.001366366259,0.002673777623,3.632037173,3.626114592,1,-0.07164551801,-0.07164551801,3.476491185,3.476491185
2522,50476931,1,18.05605906,27.70473857,233.7164771,0,233.7262479,234.6726242,0.009987571023,1,-0.004002949531,9.942039404e-06,3.633992232,3.628821214,1,-0.07164551801,-0.07164551801,3.476491185,3.476491185
2523,50496955,1,18.05621416,27.70473857,233.7164771,0,233.7262479,234.6721589,0.009987571023,1,-0.006768745366,-0.002678744198,3.635642837,3.631116148,1,-0.07164551801,-0.07164551801,3.476491185,3.476491185
2524,50517141,1,18.05636925,27.70473857,233.7164771,0,233.7262479,234.6721589,0.009987571023,1,-0.008375957644,-0.004103047559,3.636101327,3.632113184,1,-0.07164551801,-0.07164551801,3.476491185,3.476491185
2525,50539584,1,18.05636925,27.70473857,233.7164771,0,233.7262479,234.6716937,0.009987571023,1,-0.01233180107,-0.008210340535,3.637167062,3.634435592,1,-0.07164551801,-0.07164551801,3.476491185,3.476491185
2526,50557061,1,18.05652434,27.70473857,233.7164771,0,233.7262479,234.6716937,0.009987571023,1,-0.0134049565,-0.009508994527,3.637168562,3.634982186,1,-0.07164551801,-0.07164551801,3.476491185,3.476491185
2527,50578766,1,18.05667943,27.70473857,233.7164771,0,233.7262479,234.6713835,0.009987571023,1,-0.01748671783,-0.01348655682,3.637477031,3.63616439,1,-0.07164551801,-0.07164551801,3.476491185,3.476491185
2528,50596398,1,18.05667943,27.70473857,233.7164771,0,233.7262479,234.6710733,0.009987571023,1,-0.01875805924,-0.01480443243,3.637720656,3.636475643,1,-0.07164551801,-0.07164551801,3.476491185,3.476491185
2529,50617135,1,18.05667943,27.70473857,233.7164771,0,233.7262479,234.6709182,0.009987571023,1,-0.02103710568,-0.01731536435,3.637915001,3.636991312,1,-0.07164551801,-0.07164551801,3.476491185,3.476491185
2530,50641015,1,18.05667943,27.70473857,233.7164771,0,233.7262479,234.670608,0.009987571023,1,-0.02516440811,-0.02110390348,3.638101651,3.637532171,1,-0.07164551801,-0.07164551801,3.476491185,3.476491185
2531,50656904,1,18.05683453,27.70473857,233.7164771,0,233.7262479,234.6702978,0.009987571023,1,-0.02579157788,-0.02227582208,3.638121319,3.637650001,1,-0.07164551801,-0.07164551801,3.476491185,3.476491185
2532,50679665,1,18.05683453,27.70473857,233.7164771,0,233.7262479,234.6701427,0.009987571023,1,-0.02885244742,-0.02562245597,3.638661435,3.638089281,1,-0.07164551801,-0.07164551801,3.476491185,3.476491185
2533,50697202,1,18.05683453,27.70473857,233.7164771,0,233.7262479,234.6699876,0.009987571023,1,-0.03060026113,-0.0276123406,3.638848113,3.638356007,1,-0.07164551801,-0.07164551801,3.476491185,3.476491185
2534,50716981,1,18.05683453,27.70473857,233.7164771,0,233.7262479,234.6698325,0.009987571023,1,-0.0321937785,-0.02944958261,3.639220632,3.638637438,1,-0.07164551801,-0.07164551801,3.476491185,3.476491185
2535,50739770,1,18.05683453,27.70473857,233.7164771,0,233.7262479,234.6696775,0.009987571023,1,-0.03412791443,-0.03129875095,3.640473388,3.63917897,1,-0.07164551801,-0.07164551801,3.476491185,3.476491185
2536,50756346,1,18.05683453,27.70473857,233.7164771,0,233.7262479,234.6696775,0.009987571023,1,-0.03522087832,-0.03288430049,3.641256934,3.639852367,1,-0.07164551801,-0.07164551801,3.476491185,3.476491185
2537,50777997,1,18.05698962,27.70473857,233.7164771,0,233.7262479,234.6695224,0.009987571023,1,-0.03597556959,-0.03365711777,3.641749484,3.640231791,1,-0.07164551801,-0.07164551801,3.476491185,3.476491185
2538,50797481,1,18.05698962,27.70473857,233.7164771,0,233.7262479,234.6695224,0.009987571023,1,-0.03767612807,-0.03573134696,3.642020612,3.641104618,1,-0.07164551801,-0.07164551801,3.476491185,3.476491185
2539,50816363,1,18.05698962,27.70473857,233.7164771,0,233.7262479,234.6693673,0.009987571023,1,-0.03810098318,-0.03632375602,3.642020612,3.641287816,1,-0.07164551801,-0.07164551801,3.476491185,3.476491185
2540,50839302,1,18.05698962,27.70473857,233.7164771,0,233.7262479,234.6692122,0.009987571023,1,-0.03885756552,-0.03768471917,3.642020612,3.64164542,1,-0.07164551801,-0.07164551801,3.476491185,3.476491185
2541,50856829,1,18.05698962,27.70473857,233.7164771,0,233.7262479,234.6692122,0.009987571023,1,-0.03893806688,-0.03822945918,3.642207212,3.641843648,1,-0.07164551801,-0.07164551801,3.476491185,3.476491185
2542,50878387,1,18.05698962,27.70473857,233.7164771,0,233.7262479,234.6692122,0.009987571023,1,-0.03891394506,-0.03853344921,3.642580395,3.642078551,1,-0.07164551801,-0.07164551801,3.476491185,3.476491185
2543,50897162,1,18.05698962,27.70473857,233.7164771,0,233.7262479,234.6690571,0.009987571023,1,-0.03885657643,-0.03861423101,3.642580463,3.642178934,1,-0.07164551801,-0.07164551801,3.476491185,3.476491185
2544,50917499,1,18.05698962,27.70473857,233.7164771,0,233.7262479,234.6692122,0.009987571023,1,-0.03858079168,-0.03862984393,3.642580463,3.642323484,1,-0.07164551801,-0.07164551801,3.476491185,3.476491185
2545,50941137,1,18.04582294,27.70473857,233.7164771,0,233.7262479,234.6690571,0.009987571023,1,-0.03788731887,-0.03832937923,3.643779745,3.642824271,1,-0.07164551801,-0.07164551801,3.476491185,3.476491185
2546,50957415,1,17.71516508,27.70473857,233.7164771,0,233.7262479,234.668902,0.009987571023,1,-0.03776806071,-0.0381890496,3.643990591,3.643057535,1,-0.07164551801,-0.07164551801,3.476491185,3.476491185
2547,50976637,1,17.37799333,27.70473857,233.7164771,0,233.7262479,234.6690571,0.009987571023,1,-0.03725075376,-0.03772682606,3.644629402,3.643736118,1,-0.07164551801,-0.07164551801,3.476491185,3.476491185
2548,50997229,1,17.18676391,27.70473857,233.7164771,0,233.7262479,234.6690571,0.009987571023,1,-0.03701638063,-0.0375492147,3.645176841,3.644024262,1,-0.07164551801,-0.07164551801,3.476491185,3.476491185
2549,51016854,1,17.11464576,27.70473857,233.7164771,0,233.7262479,234.668902,0.009987571023,1,-0.03662931518,-0.03719214073,3.645379717,3.644509036,1,-0.07164551801,-0.07164551801,3.476491185,3.476491185
2550,51041220,1,17.07618274,27.70473857,233.7164771,0,233.7262479,234.6687469,0.009987571023,1,-0.03589281869,-0.0365803809,3.645566337,3.644999552,1,-0.07164551801,-0.07164551801,3.476491185,3.476491185
2551,51056801,1,17.06765264,27.70473857,233.7164771,0,233.7262479,234.668902,0.009987571023,1,-0.03574128655,-0.03637060732,3.645566338,3.645112909,1,-0.07164551801,-0.07164551801,3.476491185,3.476491185
2552,51077209,1,17.0620693,27.70473857,233.7164771,0,233.7262479,234.668902,0.009987571023,1,-0.03500971584,-0.03571515347,3.645566338,3.645334182,1,-0.07164551801,-0.07164551801,3.476491185,3.476491185
2553,51096576,1,17.059898,27.70473857,233.7164771,0,233.7262479,234.6687469,0.009987571023,1,-0.03471977004,-0.03546630761,3.645566338,3.645380613,1,-0.07164551801,-0.07164551801,3.476491185,3.476491185
2554,51116938,1,17.05865725,27.70473857,233.7164771,0,233.7262479,234.6687469,0.009987571023,1,-0.03426144873,-0.03499627815,3.645566338,3.645447474,1,-0.07164551801,-0.07164551801,3.476491185,3.476491185
2555,51140287,1,17.05788179,27.70473857,233.7164771,0,233.7262479,234.6687469,0.009987571023,0,NaN,NaN,NaN,NaN,0,NaN,NaN,NaN,NaN
2556,51156564,1,17.05788179,27.70473857,233.7164771,0,233.7262479,234.6687469,0.009987571023,1,-0.032654731,-0.03335147213,3.645752953,3.645603661,1,-0.07164551801,-0.07164551801,3.476491185,3.476491185
2557,51176988,1,17.05741651,27.70473857,233.7161669,0,233.7259378,234.6687469,0.009987571023,1,-0.03209708169,-0.03287280863,3.646283877,3.64578943,1,-0.07164551801,-0.07164551801,3.476491185,3.476491185
2558,51196619,1,16.96699741,27.70473857,233.6290048,0,233.6383103,234.6687469,0.009987571023,1,-0.03180850882,-0.03260673368,3.646686477,3.645968839,1,-0.07164551801,-0.07164551801,3.476491185,3.476491185
2559,51217053,1,16.72133041,27.70537731,233.3791502,0,233.3912475,234.6687469,0.009987571023,1,-0.03102318243,-0.03199688903,3.647059275,3.646360261,1,-0.07164551801,-0.07164551801,3.476491185,3.476491185
2560,51241159,1,16.30986921,27.70857101,232.9703256,0,232.9830432,234.6687469,0.009987571023,1,-0.02988841107,-0.0310033514,3.647059275,3.64670138,1,-0.07164551801,-0.07164551801,3.476491185,3.476491185
2561,51258091,1,15.97967663,27.7130422,232.639978,0,232.6516099,234.6687469,0.009987571023,1,-0.02944157628,-0.03061290762,3.647059275,3.646772959,1,-0.07164551801,-0.07164551801,3.476491185,3.476491185
2562,51277442,1,15.54805337,27.7194296,232.2077343,0,232.2209172,234.6687469,0.009987571023,1,-0.02723220514,-0.02910536347,3.647059275,3.646912681,1,-0.07164551801,-0.07164551801,3.476491185,3.476491185
2563,51297512,1,14.95389284,27.72773323,231.6146594,0,231.6262914,234.6687469,0.009987571023,1,-0.02454577298,-0.02742048654,3.647059275,3.646965455,1,-0.07164551801,-0.07164551801,3.476491185,3.476491185
2564,51317214,1,14.2676072,27.73539812,230.9280636,0,230.9389201,234.6687469,0.009987571023,1,-0.02312959849,-0.02634776453,3.647059275,3.646984219,1,-0.07164551801,-0.07164551801,3.476491185,3.476491185
2565,51341099,1,13.01864486,27.74434049,229.6787911,0,229.6871661,234.6687469,0.009987571023,1,-0.01606806238,-0.02179585593,3.647059275,3.647020846,1,-0.07164551801,-0.07164551801,3.476491185,3.476491185
2566,51356762,1,11.98340041,27.74881168,228.6415304,0,228.6511462,234.6687469,0.009987571023,1,-0.01446982068,-0.01996434712,3.647059275,3.647028532,1,-0.07164551801,-0.07164551801,3.476491185,3.476491185
2567,51376835,1,10.4237872,27.75456034,227.0769543,0,227.0868802,234.6687469,0.009987571023,1,-0.007273790448,-0.01407965944,3.647297766,3.647091233,1,-0.07164551801,-0.07164551801,3.476491185,3.476491185
2568,51396415,1,8.895347639,27.76158649,225.5576652,0,225.5682115,234.6687469,0.009987571023,1,0.0003359843279,-0.008532961974,3.647432509,3.647214034,1,-0.07164551801,-0.07164551801,3.476491185,3.476491185
2569,51416652,1,7.300683453,27.76605767,223.9575727,0,223.9662579,234.6685918,0.009987571023,1,0.01182544141,-0.0006590645503,3.648074612,3.647475712,1,-0.07164551801,-0.07164551801,3.476491185,3.476491185
2570,51437972,1,5.542086175,27.77372256,222.1982,0,222.2096769,234.6687469,0.009987571023,1,0.02482398147,0.009366842679,3.648551622,3.64782925,1,-0.07164551801,-0.07164551801,3.476491185,3.476491185
2571,51456689,1,4.24814693,27.78266493,220.9061219,0,220.9179089,234.6685918,0.009987571023,1,0.0387756778,0.02105935245,3.648924997,3.648207144,1,-0.07164551801,-0.07164551801,3.476491185,3.476491185
2572,51477226,1,3.531773279,27.80118841,220.1902135,0,220.1984334,234.6687469,0.009987571023,1,0.04973612237,0.02822854493,3.649288912,3.648423498,1,-0.07164551801,-0.07164551801,3.476491185,3.476491185
2573,51496405,1,3.224999718,27.82226686,219.8840603,0,219.8949168,234.6687469,0.009987571023,1,0.05770897229,0.04491231647,3.653277423,3.649893646,1,-0.07164551801,-0.07164551801,3.476491185,3.476491185
2574,51516764,1,3.09115463,27.84590026,219.7441666,0,219.7539374,234.6685918,0.009987571023,1,0.05781546991,0.05056317494,3.665790232,3.654465535,1,-0.07164551801,-0.07164551801,3.476491185,3.476491185
2575,51539836,1,3.150244987,27.88614092,219.6977938,0,219.7067892,234.6685918,0.009987571023,1,0.05781543792,0.05373604,3.687217053,3.664091147,1,-0.07164551801,-0.07164551801,3.476491185,3.476491185
2576,51556960,1,3.148849152,27.93404648,219.7354814,0,219.7412198,234.6685918,0.009987571023,1,0.05781543792,0.05552077659,3.7083251,3.678122437,1,-0.07164551801,-0.07164551801,3.476491185,3.476491185
2577,51576586,1,3.148228781,27.98322951,219.7708426,0,219.7773565,234.6687469,0.009987571023,1,0.05781543792,0.05652469092,3.733544716,3.696168844,1,-0.07164551801,-0.07164551801,3.476491185,3.476491185
2578,51596014,1,3.14760841,28.01899899,219.7879028,0,219.7956574,234.6687469,0.009987571023,0,NaN,NaN,NaN,NaN,0,NaN,NaN,NaN,NaN
2579,51616744,1,3.147143131,28.04454861,219.7961227,0,219.8040324,234.6687469,0.009987571023,0,NaN,NaN,NaN,NaN,0,NaN,NaN,NaN,NaN
2580,51639165,1,3.185916332,28.05412972,219.7993796,0,219.8077546,234.6687469,0.009987571023,0,NaN,NaN,NaN,NaN,0,NaN,NaN,NaN,NaN
2581,51657517,1,3.629636837,28.05923965,219.8003102,0,219.8093056,234.6276473,0.009987571023,1,0.05781543792,0.05684737767,3.858107184,3.728556512,1,-0.07164551801,-0.07164551801,3.476491185,3.476491185
2582,51676622,1,4.955990477,28.06434958,219.8009306,0,219.8102361,234.1860981,0.009987571023,1,0.05781543792,0.05727090403,3.881522423,3.780913554,1,-0.07164551801,-0.07164551801,3.476491185,3.476491185
2583,51697470,1,7.529445335,28.0694595,219.8010856,0,219.8110116,232.6585891,0.009987571023,1,0.05781543792,0.05750913761,3.910940826,3.824953731,1,-0.07164551801,-0.07164551801,3.476491185,3.476491185
2584,51716646,1,10.13531459,28.08031809,219.8010856,0,219.8111667,230.3106392,0.009987571023,1,0.05781543792,0.05764314399,3.937036858,3.862981694,1,-0.07164551801,-0.07164551801,3.476491185,3.476491185
2585,51739747,1,13.33208742,28.0835118,219.8009306,0,219.8113218,227.1628757,0.009987571023,1,0.05781543792,0.05771852259,3.964133327,3.897309857,1,-0.07164551801,-0.07164551801,3.476491185,3.476491185
2586,51757291,1,15.92337795,28.0867055,219.8009306,0,219.8113218,224.5521985,0.009987571023,1,0.05781543792,0.05774275142,3.976092135,3.913066313,1,-0.07164551801,-0.07164551801,3.476491185,3.476491185
2587,51777012,1,17.64661407,28.08862172,219.8009306,0,219.8113218,222.223325,0.009987571023,1,0.05781543792,0.05777455176,3.992056639,3.939715153,1,-0.07164551801,-0.07164551801,3.476491185,3.476491185
2588,51797359,1,17.96005662,28.0898992,219.8007755,0,219.8113218,221.0925434,0.009987571023,1,0.05781543792,0.05779818907,4.006035936,3.970057369,1,-0.07164551801,-0.07164551801,3.476491185,3.476491185
2589,51816901,1,17.99402194,28.09181543,219.8007755,0,219.8113218,220.8046912,0.009987571023,1,0.05781543792,0.05780250128,4.008580694,3.977762034,1,-0.07164551801,-0.07164551801,3.476491185,3.476491185
2590,51837614,1,17.99479741,28.09309291,219.8007755,0,219.8114769,220.8008138,0.009987571023,1,0.05781543792,0.05780573544,4.010589514,3.98432753,1,-0.07164551801,-0.07164551801,3.476491185,3.476491185
2591,51857275,1,18.03124421,28.09500913,219.8007755,0,219.8114769,220.8020546,0.009987571023,0,NaN,NaN,NaN,NaN,0,NaN,NaN,NaN,NaN
2592,51877150,1,18.02643634,28.09564787,219.8007755,0,219.8114769,220.7835985,0.009987571023,0,NaN,NaN,NaN,NaN,0,NaN,NaN,NaN,NaN
2593,51896827,1,18.02240392,28.09628661,219.8007755,0,219.8114769,220.7882513,0.009987571023,1,0.05781543792,0.05781543792,4.010589514,4.010589514,1,-0.07164551801,-0.07164551801,3.476491185,3.476491185
2594,51916069,1,18.05590397,28.09692535,219.8009306,0,219.8114769,220.7814272,0.009987571023,1,0.05781543792,0.05781543792,3.999365962,4.008230314,1,-0.07164551801,-0.07164551801,3.476491185,3.476491185
2595,51937817,1,18.04349655,28.10331276,219.8009306,0,219.8114769,220.7803416,0.009987571023,1,0.05781543792,0.05781543792,3.903082822,3.980428669,1,-0.07164551801,-0.07164551801,3.476491185,3.476491185
2596,51957476,1,18.04907989,28.11161639,219.8009306,0,219.8114769,220.7756888,0.009987571023,1,0.05781543792,0.05781543792,3.716052212,3.903338455,1,-0.07164551801,-0.07164551801,3.476491185,3.476491185
2597,51976514,1,18.050941,28.11672631,219.8009306,0,219.8114769,220.772587,0.009987571023,1,0.05781543792,0.05781543792,3.44961345,3.763260406,1,-0.07164551801,-0.07164551801,3.476491185,3.476491185
2598,51996727,1,18.05280211,28.12247498,219.8009306,0,219.8114769,220.76933,0.009987571023,1,0.05781543792,0.05781543792,2.947820097,3.514206201,1,-0.07164551801,-0.07164551801,3.476491185,3.476491185
2599,52016766,1,18.05404286,28.12822364,219.8009306,0,219.8114769,220.7668485,0.009987571023,1,0.05781543792,0.05781543792,2.349566441,3.144242862,1,-0.07164551801,-0.07164551801,3.476491185,3.476491185
2600,52039118,1,18.0552836,28.13461105,219.8009306,0,219.8114769,220.764367,0.009987571023,1,0.05781543792,0.05781543792,1.638148237,2.659564537,1,-0.07164551801,-0.07164551801,3.476491185,3.476491185
2601,52056036,1,18.05605906,28.1384435,219.8009306,0,219.8114769,220.7629712,0.009987571023,1,0.05781543792,0.05781543792,1.504758632,2.243834411,1,-0.07164551801,-0.07164551801,3.476491185,3.476491185
2602,52076538,1,18.05683453,28.14227594,219.8009306,0,219.8114769,220.7607999,0.009987571023,1,0.05781543792,0.05781543792,1.139495414,1.904714487,1,-0.07164551801,-0.07164551801,3.476491185,3.476491185
2603,52097401,1,18.0572998,28.14355342,219.8009306,0,219.8114769,220.7597143,0.009987571023,1,0.05781543792,0.05781543792,-0.3739859879,1.140126217,1,-0.07164551801,-0.07164551801,3.476491185,3.476491185
2604,52116997,1,18.05792018,28.1448309,219.8009306,0,219.8114769,220.7581633,0.009987571023,1,0.05781543792,0.05781543792,-0.9826343867,0.4263910301,1,-0.07164551801,-0.07164551801,3.476491185,3.476491185
2605,52138307,1,18.05823036,28.14610838,219.8009306,0,219.8114769,220.7570777,0.009987571023,1,0.05781543792,0.05781543792,-1.700436583,-0.2836108719,1,-0.07164551801,-0.07164551801,3.476491185,3.476491185
2606,52156068,1,18.05854055,28.14610838,219.8009306,0,219.8114769,220.7563022,0.009987571023,1,0.05781543792,0.05781543792,-2.264228716,-0.9525689847,1,-0.07164551801,-0.07164551801,3.476491185,3.476491185
2607,52176082,1,18.05885073,28.14610838,219.8009306,0,219.8114769,220.7553717,0.009987571023,1,0.05781543792,0.05781543792,-2.951188914,-1.618284508,1,-0.07164551801,-0.07164551801,3.476491185,3.476491185
2608,52196716,1,18.05900583,28.14674712,219.8009306,0,219.8114769,220.7547513,0.009987571023,1,0.05781543792,0.05781543792,-3.666463729,-2.311116179,1,-0.07164551801,-0.07164551801,3.476491185,3.476491185
2609,52217110,1,18.05916092,28.14674712,219.8009306,0,219.8114769,220.7541309,0.009987571023,1,0.05781543792,0.05781543792,-4.09146248,-2.667185439,1,-0.07164551801,-0.07164551801,3.476491185,3.476491185
2610,52237746,1,18.0594711,28.14674712,219.8009306,0,219.8114769,220.7536656,0.009987571023,1,0.05781543792,0.05781543792,-5.035044933,-3.686832605,1,-0.07164551801,-0.07164551801,3.476491185,3.476491185
2611,52257170,1,18.05978129,28.14674712,219.8009306,0,219.8114769,220.7532004,0.009987571023,1,0.05781543792,0.05781543792,-5.74050366,-4.356907085,1,-0.07164551801,-0.07164551801,3.476491185,3.476491185
2612,52276122,1,18.05993638,28.14674712,219.8009306,0,219.8114769,220.7527351,0.009987571023,1,0.05781543792,0.05781543792,-6.32745685,-5.020799767,1,-0.07164551801,-0.07164551801,3.476491185,3.476491185
2613,52297086,1,18.06024657,28.14674712,219.8009306,0,219.8114769,220.7522698,0.009987571023,1,0.05781543792,0.05781543792,-6.73713906,-5.364067626,1,-0.07164551801,-0.07164551801,3.476491185,3.476491185
2614,52316560,1,18.06040166,28.14674712,219.8009306,0,219.8114769,220.7521147,0.009987571023,1,0.05781543792,0.05781543792,-7.679223912,-6.379692338,1,-0.07164551801,-0.07164551801,3.476491185,3.476491185
2615,52340777,1,18.06055675,28.14674712,219.8009306,0,219.8114769,220.7518045,0.009987571023,1,0.05781543792,0.05781543792,-8.565471812,-7.074840173,1,-0.07164551801,-0.07164551801,3.476491185,3.476491185
2616,52357114,1,18.06055675,28.14674712,219.8009306,0,219.8114769,220.7516494,0.009987571023,1,0.05781543792,0.05781543792,-9.08704497,-7.740827462,1,-0.07164551801,-0.07164551801,3.476491185,3.476491185
2617,52376199,1,18.06071185,28.14674712,219.8009306,0,219.8114769,220.7513392,0.009987571023,1,0.05781543792,0.05781543792,-9.697472222,-8.386728594,1,-0.07164551801,-0.07164551801,3.476491185,3.476491185
2618,52396696,1,18.06086694,28.14738587,219.8009306,0,219.8114769,220.7511842,0.009987571023,1,0.05781543792,0.05781543792,-10.35240167,-9.046508184,1,-0.07164551801,-0.07164551801,3.476491185,3.476491185
2619,52416153,1,18.06086694,28.14738587,219.8009306,0,219.8114769,220.7510291,0.009987571023,1,0.05781543792,0.05781543792,-10.98393435,-9.701153579,1,-0.07164551801,-0.07164551801,3.476491185,3.476491185
2620,52439432,1,18.06102203,28.14738587,219.8009306,0,219.8114769,220.750874,0.009987571023,1,0.05781543792,0.05781543792,-11.73182062,-10.3746407,1,-0.07164551801,-0.07164551801,3.476491185,3.476491185
2621,52456480,1,18.06102203,28.14738587,219.8009306,0,219.8114769,220.7505638,0.009987571023,1,0.05781543792,0.05781543792,-12.23673868,-11.00037369,1,-0.07164551801,-0.07164551801,3.476491185,3.476491185
2622,52476765,1,18.06102203,28.14738587,219.8009306,0,219.8114769,220.7500985,0.009987571023,1,0.05781543792,0.05781543792,-12.56567644,-11.31343424,1,-0.07164551801,-0.07164551801,3.476491185,3.476491185
2623,52496030,1,18.06102203,28.14738587,219.8009306,0,219.8114769,220.7499434,0.009987571023,1,0.05781543792,0.05781543792,-13.17593573,-12.1425709,1,-0.07164551801,-0.07164551801,3.476491185,3.476491185
2624,52516075,1,18.06102203,28.14738587,219.8009306,0,219.8114769,220.7497883,0.009987571023,1,0.05781543792,0.05781543792,-13.65302403,-12.6549804,1,-0.07164551801,-0.07164551801,3.476491185,3.476491185
2625,52539670,1,18.06117712,28.14738587,219.8009306,0,219.8114769,220.7496332,0.009987571023,1,0.05781543792,0.05781543792,-14.16230256,-13.15251549,1,-0.07164551801,-0.07164551801,3.476491185,3.476491185
2626,52557145,1,18.06117712,28.14738587,219.8009306,0,219.8114769,220.7494781,0.009987571023,1,0.05781543792,0.05781543792,-14.43725545,-13.58252322,1,-0.07164551801,-0.07164551801,3.476491185,3.476491185
2627,52577007,1,18.06117712,28.14738587,219.8009306,0,219.8114769,220.7494781,0.009987571023,1,0.05781543792,0.05781543792,-14.75833828,-13.97710104,1,-0.07164551801,-0.07164551801,3.476491185,3.476491185
2628,52597202,1,18.06117712,28.14738587,219.8009306,0,219.8114769,220.749323,0.009987571023,1,0.05781543792,0.05781543792,-15.02074658,-14.33181898,1,-0.07164551801,-0.07164551801,3.476491185,3.476491185
2629,52616007,1,18.06117712,28.14738587,219.8009306,0,219.8114769,220.7491679,0.009987571023,1,0.05781543792,0.05781543792,-15.25105131,-14.64742261,1,-0.07164551801,-0.07164551801,3.476491185,3.476491185
2630,52639557,1,18.06133222,28.14738587,219.8009306,0,219.8114769,220.7490129,0.009987571023,1,0.05781543792,0.05781543792,-15.51815231,-14.93973247,1,-0.07164551801,-0.07164551801,3.476491185,3.476491185
2631,52657051,1,18.06133222,28.14738587,219.8009306,0,219.8114769,220.7490129,0.009987571023,1,0.05781543792,0.05781543792,-15.69567028,-15.19618879,1,-0.07164551801,-0.07164551801,3.476491185,3.476491185
2632,52677150,1,18.06133222,28.14738587,219.8009306,0,219.8114769,220.7488578,0.009987571023,1,0.05781543792,0.05781543792,-15.84805056,-15.41706775,1,-0.07164551801,-0.07164551801,3.476491185,3.476491185
2633,52697032,1,18.06133222,28.14738587,219.8009306,0,219.8114769,220.7487027,0.009987571023,1,0.05781543792,0.05781543792,-15.99652311,-15.61469049,1,-0.07164551801,-0.07164551801,3.476491185,3.476491185
2634,52716696,1,18.06133222,28.14738587,219.8009306,0,219.8114769,220.7487027,0.009987571023,1,0.05781543792,0.05781543792,-16.1076001,-15.78419702,1,-0.07164551801,-0.07164551801,3.476491185,3.476491185
2635,52738814,1,18.06133222,28.14738587,219.8009306,0,219.8114769,220.7487027,0.009987571023,1,0.05781543792,0.05781543792,-16.20939102,-15.92963981,1,-0.07164551801,-0.07164551801,3.476491185,3.476491185
2636,52756506,1,18.06148731,28.14738587,219.8009306,0,219.8114769,220.7487027,0.009987571023,1,0.05781543792,0.05781543792,-16.27595889,-16.04937805,1,-0.07164551801,-0.07164551801,3.476491185,3.476491185
2637,52776672,1,18.06148731,28.14738587,219.8009306,0,219.8114769,220.7485476,0.009987571023,1,0.05781543792,0.05781543792,-16.32034435,-16.14359198,1,-0.07164551801,-0.07164551801,3.476491185,3.476491185
2638,52796037,1,18.06148731,28.14738587,219.8009306,0,219.8114769,220.7485476,0.009987571023,1,0.05781543792,0.05781543792,-16.34272496,-16.21404351,1,-0.07164551801,-0.07164551801,3.476491185,3.476491185
2639,52817085,1,18.06148731,28.14738587,219.8009306,0,219.8114769,220.7485476,0.009987571023,1,0.05781543792,0.05781543792,-16.34785032,-16.26219276,1,-0.07164551801,-0.07164551801,3.476491185,3.476491185
2640,52837881,1,18.06148731,28.14738587,219.8009306,0,219.8114769,220.7485476,0.009987571023,1,0.05781543792,0.05781543792,-16.34785036,-16.2930295,1,-0.07164551801,-0.07164551801,3.476491185,3.476491185
2641,52857158,1,18.06148731,28.14738587,219.8009306,0,219.8114769,220.7485476,0.009987571023,1,0.05781543792,0.05781543792,-16.34785036,-16.31276501,1,-0.07164551801,-0.07164551801,3.476491185,3.476491185
2642,52877151,1,18.06148731,28.14738587,219.8009306,0,219.8114769,220.7485476,0.009987571023,1,0.05781543792,0.05781543792,-16.34785036,-16.32539573,1,-0.07164551801,-0.07164551801,3.476491185,3.476491185
2643,52897001,1,18.06148731,28.14738587,219.8009306,0,219.8114769,220.7485476,0.009987571023,1,0.05781543792,0.05781543792,-16.34785036,-16.3334794,1,-0.07164551801,-0.07164551801,3.476491185,3.476491185
2644,52917536,1,18.06148731,28.14738587,219.8009306,0,219.8114769,220.7485476,0.009987571023,1,0.05781543792,0.05781543792,-16.34785036,-16.33865294,1,-0.07164551801,-0.07164551801,3.476491185,3.476491185
2645,52939803,1,18.06148731,28.14738587,219.8009306,0,219.8114769,220.7485476,0.009987571023,1,0.05781543792,0.05781543792,-16.34785036,-16.34196401,1,-0.07164551801,-0.07164551801,3.476491185,3.476491185
2646,52956711,1,18.06148731,28.14738587,219.8009306,0,219.8114769,220.7485476,0.009987571023,1,0.05781543792,0.05781543792,-16.34785036,-16.3440831,1,-0.07164551801,-0.07164551801,3.476491185,3.476491185
2647,52976989,1,18.06148731,28.14738587,219.8009306,0,219.8114769,220.7485476,0.009987571023,1,0.05781543792,0.05781543792,-16.34785036,-16.34543931,1,-0.07164551801,-0.07164551801,3.476491185,3.476491185
2648,52997190,1,18.06148731,28.14738587,219.8009306,0,219.8114769,220.7485476,0.009987571023,1,0.05781543792,0.05781543792,-16.34785036,-16.34630729,1,-0.07164551801,-0.07164551801,3.476491185,3.476491185
2649,53016693,1,18.0616424,28.14738587,219.8009306,0,219.8114769,220.7485476,0.009987571023,1,0.05781543792,0.05781543792,-16.34785036,-16.34686279,1,-0.07164551801,-0.07164551801,3.476491185,3.476491185
2650,53037775,1,18.0616424,28.14738587,219.8009306,0,219.8114769,220.7485476,0.009987571023,1,0.05781543792,0.05781543792,-16.34785036,-16.34721832,1,-0.07164551801,-0.07164551801,3.476491185,3.476491185
2651,53057218,1,18.0616424,28.14738587,219.8009306,0,219.8114769,220.7485476,0.009987571023,1,0.05781543792,0.05781543792,-16.34785036,-16.34744585,1,-0.07164551801,-0.07164551801,3.476491185,3.476491185
2652,53076829,1,18.0616424,28.14738587,219.8009306,0,219.8114769,220.7485476,0.009987571023,1,0.05781543792,0.05781543792,-16.34785036,-16.34759147,1,-0.07164551801,-0.07164551801,3.476491185,3.476491185
2653,53097119,1,18.0616424,28.14738587,219.8009306,0,219.8114769,220.7485476,0.009987571023,1,0.05781543792,0.05781543792,-16.34785036,-16.34768467,1,-0.07164551801,-0.07164551801,3.476491185,3.476491185
2654,53117055,1,18.0616424,28.14738587,219.8009306,0,219.8114769,220.7485476,0.009987571023,1,0.05781543792,0.05781543792,-16.34785036,-16.34774432,1,-0.07164551801,-0.07164551801,3.476491185,3.476491185
2655,53137706,1,18.0616424,28.14738587,219.8009306,0,219.8114769,220.7485476,0.009987571023,1,0.05781543792,0.05781543792,-16.34785036,-16.34778249,1,-0.07164551801,-0.07164551801,3.476491185,3.476491185
2656,53157213,1,18.0616424,28.14738587,219.8009306,0,219.8114769,220.7485476,0.009987571023,1,0.05781543792,0.05781543792,-16.34785036,-16.34780692,1,-0.07164551801,-0.07164551801,3.476491185,3.476491185
2657,53176646,1,18.0616424,28.14738587,219.8009306,0,219.8114769,220.7485476,0.009987571023,1,0.05781543792,0.05781543792,-16.34785036,-16.34782256,1,-0.07164551801,-0.07164551801,3.476491185,3.476491185
2658,53196663,1,18.0616424,28.14738587,219.8009306,0,219.8114769,220.7485476,0.009987571023,1,0.05781543792,0.05781543792,-16.34785036,-16.34783257,1,-0.07164551801,-0.07164551801,3.476491185,3.476491185
2659,53216120,1,18.0616424,28.14738587,219.8009306,0,219.8114769,220.7485476,0.009987571023,1,0.05781543792,0.05781543792,-16.34785036,-16.34783897,1,-0.07164551801,-0.07164551801,3.476491185,3.476491185
2660,53239907,1,18.0616424,28.14738587,219.8009306,0,219.8114769,220.7485476,0.009987571023,1,0.05781543792,0.05781543792,-16.34785036,-16.34784307,1,-0.07164551801,-0.07164551801,3.476491185,3.476491185
2661,53256951,1,18.0616424,28.14738587,219.8009306,0,219.8114769,220.7485476,0.009987571023,1,0.05781543792,0.05781543792,-16.34785036,-16.34784569,1,-0.07164551801,-0.07164551801,3.476491185,3.476491185
2662,53277026,1,18.0616424,28.14738587,219.8009306,0,219.8114769,220.7485476,0.009987571023,1,0.05781543792,0.05781543792,-16.34785036,-16.34784737,1,-0.07164551801,-0.07164551801,3.476491185,3.476491185
2663,53296661,1,18.0616424,28.14738587,219.8009306,0,219.8114769,220.7485476,0.009987571023,1,0.05781543792,0.05781543792,-16.34785036,-16.34784845,1,-0.07164551801,-0.07164551801,3.476491185,3.476491185
2664,53316988,1,18.0616424,28.14738587,219.8009306,0,219.8114769,220.7485476,0.009987571023,1,0.05781543792,0.05781543792,-16.34785036,-16.34784914,1,-0.07164551801,-0.07164551801,3.476491185,3.476491185
2665,53340552,1,18.0616424,28.14738587,219.8009306,0,219.8114769,220.7485476,0.009987571023,1,0.05781543792,0.05781543792,-16.34785036,-16.34784958,1,-0.07164551801,-0.07164551801,3.476491185,3.476491185
2666,53356085,1,18.0616424,28.14738587,219.8009306,0,219.8114769,220.7485476,0.009987571023,1,0.05781543792,0.05781543792,-16.34785036,-16.34784986,1,-0.07164551801,-0.07164551801,3.476491185,3.476491185
2667,53377223,1,18.0616424,28.14738587,219.8009306,0,219.8114769,220.7485476,0.009987571023,1,0.05781543792,0.05781543792,-16.34785036,-16.34785004,1,-0.07164551801,-0.07164551801,3.476491185,3.476491185
2668,53396321,1,18.0616424,28.14738587,219.8009306,0,219.8114769,220.7485476,0.009987571023,1,0.05781543792,0.05781543792,-16.34785036,-16.34785015,1,-0.07164551801,-0.07164551801,3.476491185,3.476491185
2669,53416889,1,18.0616424,28.14738587,219.8009306,0,219.8114769,220.7485476,0.009987571023,1,0.05781543792,0.05781543792,-16.34785036,-16.34785023,1,-0.07164551801,-0.07164551801,3.476491185,3.476491185
2670,53440802,1,18.0616424,28.14738587,219.8009306,0,219.8114769,220.7485476,0.009987571023,1,0.05781543792,0.05781543792,-16.34785036,-16.34785027,1,-0.07164551801,-0.07164551801,3.476491185,3.476491185
2671,53456723,1,18.0616424,28.14738587,219.8009306,0,219.8114769,220.7485476,0.009987571023,1,0.05781543792,0.05781543792,-16.34785036,-16.3478503,1,-0.07164551801,-0.07164551801,3.476491185,3.476491185
2672,53477703,1,18.0616424,28.14738587,219.8009306,0,219.8114769,220.7485476,0.009987571023,1,0.05781543792,0.05781543792,-16.34785036,-16.34785032,1,-0.07164551801,-0.07164551801,3.476491185,3.476491185
2673,53497124,1,18.0616424,28.14738587,219.8009306,0,219.8114769,220.7485476,0.009987571023,1,0.05781543792,0.05781543792,-16.34785036,-16.34785034,1,-0.07164551801,-0.07164551801,3.476491185,3.476491185
2674,53516844,1,18.0616424,28.14738587,219.8009306,0,219.8114769,220.7485476,0.009987571023,1,0.05781543792,0.05781543792,-16.34785036,-16.34785034,1,-0.07164551801,-0.07164551801,3.476491185,3.476491185
2675,53538651,1,18.0617975,28.14738587,219.8009306,0,219.8114769,220.7485476,0.009987571023,1,0.05781543792,0.05781543792,-16.34785036,-16.34785035,1,-0.07164551801,-0.07164551801,3.476491185,3.476491185
2676,53556839,1,18.0617975,28.14738587,219.8009306,0,219.8114769,220.7485476,0.009987571023,1,0.05781543792,0.05781543792,-16.34785036,-16.34785035,1,-0.07164551801,-0.07164551801,3.476491185,3.476491185
2677,53576858,1,18.0617975,28.14738587,219.8009306,0,219.8114769,220.7485476,0.009987571023,1,0.05781543792,0.05781543792,-16.34785036,-16.34785035,1,-0.07164551801,-0.07164551801,3.476491185,3.476491185
2678,53596890,1,18.0617975,28.14738587,219.8009306,0,219.8114769,220.7485476,0.009987571023,1,0.05781543792,0.05781543792,-16.34785036,-16.34785036,1,-0.07164551801,-0.07164551801,3.476491185,3.476491185
2679,53616115,1,18.0617975,28.14738587,219.8009306,0,219.8114769,220.7485476,0.009987571023,1,0.05781543792,0.05781543792,-16.34785036,-16.34785036,1,-0.07164551801,-0.07164551801,3.476491185,3.476491185
2680,53639656,1,18.0617975,28.14738587,219.8009306,0,219.8114769,220.7485476,0.009987571023,1,0.05781543792,0.05781543792,-16.34785036,-16.34785036,1,-0.07164551801,-0.07164551801,3.476491185,3.476491185
2681,53656103,1,18.0617975,28.14738587,219.8009306,0,219.8114769,220.7485476,0.009987571023,1,0.05781543792,0.05781543792,-16.34785036,-16.34785036,1,-0.07164551801,-0.07164551801,3.476491185,3.476491185
2682,53677135,1,18.0617975,28.14738587,219.8009306,0,219.8114769,220.7485476,0.009987571023,1,0.05781543792,0.05781543792,-16.34785036,-16.34785036,1,-0.07164551801,-0.07164551801,3.476491185,3.476491185
2683,53697200,1,18.0617975,28.14738587,219.8009306,0,219.8114769,220.7485476,0.009987571023,1,0.05781543792,0.05781543792,-16.34785036,-16.34785036,1,-0.07164551801,-0.07164551801,3.476491185,3.476491185
2684,53716784,1,18.0617975,28.14738587,219.8009306,0,219.8114769,220.7485476,0.009987571023,1,0.05781543792,0.05781543792,-16.34785036,-16.34785036,1,-0.07164551801,-0.07164551801,3.476491185,3.476491185
2685,53739357,1,18.0617975,28.14738587,219.8009306,0,219.8114769,220.7483925,0.009987571023,1,0.05781543792,0.05781543792,-16.34785036,-16.34785036,1,-0.07164551801,-0.07164551801,3.476491185,3.476491185
2686,53756592,1,18.0617975,28.14738587,219.8009306,0,219.8114769,220.7483925,0.009987571023,1,0.05781543792,0.05781543792,-16.34785036,-16.34785036,1,-0.07164551801,-0.07164551801,3.476491185,3.476491185
2687,53777193,1,18.0617975,28.14738587,219.8009306,0,219.8114769,220.7483925,0.009987571023,1,0.05781543792,0.05781543792,-16.34785036,-16.34785036,1,-0.07164551801,-0.07164551801,3.476491185,3.476491185
2688,53796135,1,18.0617975,28.14738587,219.8009306,0,219.8114769,220.7483925,0.009987571023,1,0.05781543792,0.05781543792,-16.34785036,-16.34785036,1,-0.07164551801,-0.07164551801,3.476491185,3.476491185
2689,53816420,1,18.0617975,28.14738587,219.8009306,0,219.8114769,220.7483925,0.009987571023,1,0.05781543792,0.05781543792,-16.34785036,-16.34785036,1,-0.07164551801,-0.07164551801,3.476491185,3.476491185
2690,53840216,1,18.0617975,28.14738587,219.8009306,0,219.8114769,220.7483925,0.009987571023,1,0.05781543792,0.05781543792,-16.34785036,-16.34785036,1,-0.07164551801,-0.07164551801,3.476491185,3.476491185
2691,53857480,1,18.0617975,28.14738587,219.8009306,0,219.8114769,220.7483925,0.009987571023,1,0.05781543792,0.05781543792,-16.34785036,-16.34785036,1,-0.07164551801,-0.07164551801,3.476491185,3.476491185
2692,53877055,1,18.0617975,28.14738587,219.8009306,0,219.8114769,220.7483925,0.009987571023,1,0.05781543792,0.05781543792,-16.34785036,-16.34785036,1,-0.07164551801,-0.07164551801,3.476491185,3.476491185
2693,53896527,1,18.0617975,28.14738587,219.8009306,0,219.8114769,220.7483925,0.009987571023,1,0.05781543792,0.05781543792,-16.34785036,-16.34785036,1,-0.07164551801,-0.07164551801,3.476491185,3.476491185
2694,53916124,1,18.0617975,28.14738587,219.8009306,0,219.8114769,220.7483925,0.009987571023,1,0.05781543792,0.05781543792,-16.34785036,-16.34785036,1,-0.07164551801,-0.07164551801,3.476491185,3.476491185
2695,53938434,1,18.0617975,28.14738587,219.8009306,0,219.8114769,220.7483925,0.009987571023,1,0.05781543792,0.05781543792,-16.34785036,-16.34785036,1,-0.07164551801,-0.07164551801,3.476491185,3.476491185
2696,53957034,1,18.0617975,28.14738587,219.8009306,0,219.8114769,220.7483925,0.009987571023,1,0.05781543792,0.05781543792,-16.34785036,-16.34785036,1,-0.07164551801,-0.07164551801,3.476491185,3.476491185
2697,53976068,1,18.0617975,28.14738587,219.8009306,0,219.8114769,220.7483925,0.009987571023,1,0.05781543792,0.05781543792,-16.34785036,-16.34785036,1,-0.07164551801,-0.07164551801,3.476491185,3.476491185
2698,53996019,1,18.0617975,28.14738587,219.8009306,0,219.8114769,220.7483925,0.009987571023,1,0.05781543792,0.05781543792,-16.34785036,-16.34785036,1,-0.07164551801,-0.07164551801,3.476491185,3.476491185
2699,54017022,1,18.0617975,28.14738587,219.8009306,0,219.8114769,220.7483925,0.009987571023,1,0.05781543792,0.05781543792,-16.34785036,-16.34785036,1,-0.07164551801,-0.07164551801,3.476491185,3.476491185
2700,54038570,1,18.0617975,28.14738587,219.8009306,0,219.8114769,220.7483925,0.009987571023,1,0.05781543792,0.05781543792,-16.34785036,-16.34785036,1,-0.07164551801,-0.07164551801,3.476491185,3.476491185
2701,54056920,1,18.0617975,28.14738587,219.8009306,0,219.8114769,220.7483925,0.009987571023,1,0.05781543792,0.05781543792,-16.34785036,-16.34785036,1,-0.07164551801,-0.07164551801,3.476491185,3.476491185
2702,54077103,1,18.0617975,28.14738587,219.8009306,0,219.8114769,220.7483925,0.009987571023,1,0.05781543792,0.05781543792,-16.34785036,-16.34785036,1,-0.07164551801,-0.07164551801,3.476491185,3.476491185
2703,54097282,1,18.0617975,28.14738587,219.8009306,0,219.8114769,220.7483925,0.009987571023,1,0.05781543792,0.05781543792,-16.34785036,-16.34785036,1,-0.07164551801,-0.07164551801,3.476491185,3.476491185
2704,54116750,1,18.0617975,28.14738587,219.8009306,0,219.8114769,220.7483925,0.009987571023,1,0.05781543792,0.05781543792,-16.34785036,-16.34785036,1,-0.07164551801,-0.07164551801,3.476491185,3.476491185
2705,54140454,1,18.0617975,28.14738587,219.8009306,0,219.8114769,220.7483925,0.009987571023,1,0.05781543792,0.05781543792,-16.34785036,-16.34785036,1,-0.07164551801,-0.07164551801,3.476491185,3.476491185
2706,54156085,1,18.0617975,28.14738587,219.8009306,0,219.8114769,220.7483925,0.009987571023,1,0.05781543792,0.05781543792,-16.34785036,-16.34785036,1,-0.07164551801,-0.07164551801,3.476491185,3.476491185
2707,54176923,1,18.0617975,28.14738587,219.8009306,0,219.8114769,220.7483925,0.009987571023,1,0.05781543792,0.05781543792,-16.34785036,-16.34785036,1,-0.07164551801,-0.07164551801,3.476491185,3.476491185
2708,54197076,1,18.0617975,28.14738587,219.8009306,0,219.8114769,220.7483925,0.009987571023,1,0.05781543792,0.05781543792,-16.34785036,-16.34785036,1,-0.07164551801,-0.07164551801,3.476491185,3.476491185
2709,54216875,1,18.0617975,28.14738587,219.8009306,0,219.8114769,220.7483925,0.009987571023,1,0.05781543792,0.05781543792,-16.34785036,-16.34785036,1,-0.07164551801,-0.07164551801,3.476491185,3.476491185
2710,54239525,1,18.0617975,28.14738587,219.8009306,0,219.8114769,220.7483925,0.009987571023,1,0.05781543792,0.05781543792,-16.34785036,-16.34785036,1,-0.07164551801,-0.07164551801,3.476491185,3.476491185
2711,54256532,1,18.0617975,28.14738587,219.8009306,0,219.8114769,220.7483925,0.009987571023,1,0.05781543792,0.05781543792,-16.34785036,-16.34785036,1,-0.07164551801,-0.07164551801,3.476491185,3.476491185
2712,54276402,1,18.0617975,28.14738587,219.8009306,0,219.8114769,220.7483925,0.009987571023,1,0.05781543792,0.05781543792,-16.34785036,-16.34785036,1,-0.07164551801,-0.07164551801,3.476491185,3.476491185
2713,54296700,1,18.0617975,28.14738587,219.8009306,0,219.8114769,220.7483925,0.009987571023,1,0.05781543792,0.05781543792,-16.34785036,-16.34785036,1,-0.07164551801,-0.07164551801,3.476491185,3.476491185
2714,54316946,1,18.0617975,28.14738587,219.8009306,0,219.8114769,220.7483925,0.009987571023,1,0.05781543792,0.05781543792,-16.34785036,-16.34785036,1,-0.07164551801,-0.07164551801,3.476491185,3.476491185
2715,54338598,1,18.0617975,28.14738587,219.8009306,0,219.8114769,220.7483925,0.009987571023,1,0.05781543792,0.05781543792,-16.34785036,-16.34785036,1,-0.07164551801,-0.07164551801,3.476491185,3.476491185
2716,54356989,1,18.0617975,28.14738587,219.8009306,0,219.8114769,220.7483925,0.009987571023,1,0.05781543792,0.05781543792,-16.34785036,-16.34785036,1,-0.07164551801,-0.07164551801,3.476491185,3.476491185
2717,54376648,1,18.0617975,28.14738587,219.8009306,0,219.8114769,220.7483925,0.009987571023,1,0.05781543792,0.05781543792,-16.34785036,-16.34785036,1,-0.07164551801,-0.07164551801,3.476491185,3.476491185
2718,54396443,1,18.06195259,28.14738587,219.8009306,0,219.8114769,220.7483925,0.009987571023,1,0.05781543792,0.05781543792,-16.34785036,-16.34785036,1,-0.07164551801,-0.07164551801,3.476491185,3.476491185
2719,54416768,1,18.06195259,28.14738587,219.8009306,0,219.8114769,220.7483925,0.009987571023,1,0.05781543792,0.05781543792,-16.34785036,-16.34785036,1,-0.07164551801,-0.07164551801,3.476491185,3.476491185
2720,54439462,1,18.06195259,28.14738587,219.8009306,0,219.8114769,220.7483925,0.009987571023,1,0.05781543792,0.05781543792,-16.34785036,-16.34785036,1,-0.07164551801,-0.07164551801,3.476491185,3.476491185
2721,54456832,1,18.06195259,28.14738587,219.8009306,0,219.8114769,220.7483925,0.009987571023,1,0.05781543792,0.05781543792,-16.34785036,-16.34785036,1,-0.07164551801,-0.07164551801,3.476491185,3.476491185
2722,54477170,1,18.06195259,28.14738587,219.8009306,0,219.8114769,220.7483925,0.009987571023,1,0.05781543792,0.05781543792,-16.34785036,-16.34785036,1,-0.07164551801,-0.07164551801,3.476491185,3.476491185
2723,54497599,1,18.06195259,28.14738587,219.8009306,0,219.8114769,220.7483925,0.009987571023,1,0.05781543792,0.05781543792,-16.34785036,-16.34785036,1,-0.07164551801,-0.07164551801,3.476491185,3.476491185
2724,54516816,1,18.06195259,28.14738587,219.8009306,0,219.8114769,220.7483925,0.009987571023,1,0.05781543792,0.05781543792,-16.34785036,-16.34785036,1,-0.07164551801,-0.07164551801,3.476491185,3.476491185
2725,54537669,1,18.06195259,28.14738587,219.8009306,0,219.8114769,220.7483925,0.009987571023,1,0.05781543792,0.05781543792,-16.34785036,-16.34785036,1,-0.07164551801,-0.07164551801,3.476491185,3.476491185
2726,54556513,1,18.06195259,28.14738587,219.8009306,0,219.8114769,220.7483925,0.009987571023,1,0.05781543792,0.05781543792,-16.34785036,-16.34785036,1,-0.07164551801,-0.07164551801,3.476491185,3.476491185
2727,54576615,1,18.06195259,28.14738587,219.8009306,0,219.8114769,220.7483925,0.009987571023,1,0.05781543792,0.05781543792,-16.34785036,-16.34785036,1,-0.07164551801,-0.07164551801,3.476491185,3.476491185
2728,54597353,1,18.06195259,28.14738587,219.8009306,0,219.8114769,220.7483925,0.009987571023,1,0.05781543792,0.05781543792,-16.34785036,-16.34785036,1,-0.07164551801,-0.07164551801,3.476491185,3.476491185
2729,54616331,1,18.06195259,28.14738587,219.8009306,0,219.8114769,220.7483925,0.009987571023,1,0.05781543792,0.05781543792,-16.34785036,-16.34785036,1,-0.07164551801,-0.07164551801,3.476491185,3.476491185
2730,54638428,1,18.06195259,28.14738587,219.8009306,0,219.8114769,220.7483925,0.009987571023,1,0.05781543792,0.05781543792,-16.34785036,-16.34785036,1,-0.07164551801,-0.07164551801,3.476491185,3.476491185
2731,54656559,1,18.06195259,28.14738587,219.8009306,0,219.8114769,220.7483925,0.009987571023,1,0.05781543792,0.05781543792,-16.34785036,-16.34785036,1,-0.07164551801,-0.07164551801,3.476491185,3.476491185
2732,54676918,1,18.06195259,28.14738587,219.8009306,0,219.8114769,220.7483925,0.009987571023,1,0.05781543792,0.05781543792,-16.34785036,-16.34785036,1,-0.07164551801,-0.07164551801,3.476491185,3.476491185
2733,54696040,1,18.06195259,28.14738587,219.8009306,0,219.8114769,220.7483925,0.009987571023,1,0.05781543792,0.05781543792,-16.34785036,-16.34785036,1,-0.07164551801,-0.07164551801,3.476491185,3.476491185
2734,54716660,1,18.06195259,28.14738587,219.8009306,0,219.8114769,220.7483925,0.009987571023,1,0.05781543792,0.05781543792,-16.34785036,-16.34785036,1,-0.07164551801,-0.07164551801,3.476491185,3.476491185
2735,54739542,1,18.06195259,28.14738587,219.8009306,0,219.8114769,220.7483925,0.009987571023,1,0.05781543792,0.05781543792,-16.34785036,-16.34785036,1,-0.07164551801,-0.07164551801,3.476491185,3.476491185
2736,54756757,1,18.06195259,28.14738587,219.8009306,0,219.8114769,220.7483925,0.009987571023,1,0.05781543792,0.05781543792,-16.34785036,-16.34785036,1,-0.07164551801,-0.07164551801,3.476491185,3.476491185
2737,54776713,1,18.06195259,28.14738587,219.8009306,0,219.8114769,220.7483925,0.009987571023,1,0.05781543792,0.05781543792,-16.34785036,-16.34785036,1,-0.07164551801,-0.07164551801,3.476491185,3.476491185
2738,54796730,1,18.06195259,28.14738587,219.8009306,0,219.8114769,220.7483925,0.009987571023,1,0.05781543792,0.05781543792,-16.34785036,-16.34785036,1,-0.07164551801,-0.07164551801,3.476491185,3.476491185
2739,54817008,1,18.06195259,28.14738587,219.8009306,0,219.8114769,220.7483925,0.009987571023,1,0.05781543792,0.05781543792,-16.34785036,-16.34785036,1,-0.07164551801,-0.07164551801,3.476491185,3.476491185
2740,54839072,1,18.06195259,28.14738587,219.8009306,0,219.8114769,220.7483925,0.009987571023,1,0.05781543792,0.05781543792,-16.34785036,-16.34785036,1,-0.07164551801,-0.07164551801,3.476491185,3.476491185
2741,54856490,1,18.06195259,28.14738587,219.8009306,0,219.8114769,220.7483925,0.009987571023,1,0.05781543792,0.05781543792,-16.34785036,-16.34785036,1,-0.07164551801,-0.07164551801,3.476491185,3.476491185
2742,54877774,1,18.06195259,28.14738587,219.8009306,0,219.8114769,220.7483925,0.009987571023,1,0.05781543792,0.05781543792,-16.34785036,-16.34785036,1,-0.07164551801,-0.07164551801,3.476491185,3.476491185
2743,54896594,1,18.06195259,28.14738587,219.8009306,0,219.8114769,220.7483925,0.009987571023,1,0.05781543792,0.05781543792,-16.34785036,-16.34785036,1,-0.07164551801,-0.07164551801,3.476491185,3.476491185
2744,54916396,1,18.06195259,28.14738587,219.8009306,0,219.8114769,220.7483925,0.009987571023,1,0.05781543792,0.05781543792,-16.34785036,-16.34785036,1,-0.07164551801,-0.07164551801,3.476491185,3.476491185
2745,54939633,1,18.06195259,28.14738587,219.8009306,0,219.8114769,220.7483925,0.009987571023,1,0.05781543792,0.05781543792,-16.34785036,-16.34785036,1,-0.07164551801,-0.07164551801,3.476491185,3.476491185
2746,54956114,1,18.06195259,28.14738587,219.8009306,0,219.8114769,220.7483925,0.009987571023,1,0.05781543792,0.05781543792,-16.34785036,-16.34785036,1,-0.07164551801,-0.07164551801,3.476491185,3.476491185
2747,54977076,1,18.06195259,28.14738587,219.8009306,0,219.8114769,220.7483925,0.009987571023,1,0.05781543792,0.05781543792,-16.34785036,-16.34785036,1,-0.07164551801,-0.07164551801,3.476491185,3.476491185
2748,54996836,1,18.06195259,28.14738587,219.8009306,0,219.8114769,220.7483925,0.009987571023,1,0.05781543792,0.05781543792,-16.34785036,-16.34785036,1,-0.07164551801,-0.07164551801,3.476491185,3.476491185
2749,55016764,1,18.06195259,28.14738587,219.8009306,0,219.8114769,220.7483925,0.009987571023,1,0.05781543792,0.05781543792,-16.34785036,-16.34785036,1,-0.07164551801,-0.07164551801,3.476491185,3.476491185
2750,55040268,1,18.06195259,28.14738587,219.8009306,0,219.8114769,220.7483925,0.009987571023,1,0.05781543792,0.05781543792,-16.34785036,-16.34785036,1,-0.07164551801,-0.07164551801,3.476491185,3.476491185
2751,55056742,1,18.06195259,28.14738587,219.8009306,0,219.8114769,220.7483925,0.009987571023,1,0.05781543792,0.05781543792,-16.34785036,-16.34785036,1,-0.07164551801,-0.07164551801,3.476491185,3.476491185
2752,55076315,1,18.06195259,28.14738587,219.8009306,0,219.8114769,220.7483925,0.009987571023,1,0.05781543792,0.05781543792,-16.34785036,-16.34785036,1,-0.07164551801,-0.07164551801,3.476491185,3.476491185
2753,55096606,1,18.06195259,28.14738587,219.8009306,0,219.8114769,220.7483925,0.009987571023,1,0.05781543792,0.05781543792,-16.34785036,-16.34785036,1,-0.07164551801,-0.07164551801,3.476491185,3.476491185
2754,55116815,1,18.06195259,28.14738587,219.8009306,0,219.8114769,220.7483925,0.009987571023,1,0.05781543792,0.05781543792,-16.34785036,-16.34785036,1,-0.07164551801,-0.07164551801,3.476491185,3.476491185
2755,55139428,1,18.06195259,28.14738587,219.8009306,0,219.8114769,220.7483925,0.009987571023,1,0.05781543792,0.05781543792,-16.34785036,-16.34785036,1,-0.07164551801,-0.07164551801,3.476491185,3.476491185
2756,55157346,1,18.06195259,28.14738587,219.8009306,0,219.8114769,220.7483925,0.009987571023,1,0.05781543792,0.05781543792,-16.34785036,-16.34785036,1,-0.07164551801,-0.07164551801,3.476491185,3.476491185
2757,55176976,1,18.06195259,28.14738587,219.8009306,0,219.8114769,220.7483925,0.009987571023,1,0.05781543792,0.05781543792,-16.34785036,-16.34785036,1,-0.07164551801,-0.07164551801,3.476491185,3.476491185
2758,55196800,1,18.06195259,28.14738587,219.8009306,0,219.8114769,220.7483925,0.009987571023,1,0.05781543792,0.05781543792,-16.34785036,-16.34785036,1,-0.07164551801,-0.07164551801,3.476491185,3.476491185
2759,55216939,1,18.06195259,28.14738587,219.8009306,0,219.8114769,220.7483925,0.009987571023,1,0.05781543792,0.05781543792,-16.34785036,-16.34785036,1,-0.07164551801,-0.07164551801,3.476491185,3.476491185
2760,55239657,1,18.06195259,28.14738587,219.8009306,0,219.8114769,220.7483925,0.009987571023,1,0.05781543792,0.05781543792,-16.34785036,-16.34785036,1,-0.07164551801,-0.07164551801,3.476491185,3.476491185
2761,55257987,1,18.06195259,28.14738587,219.8009306,0,219.8114769,220.7483925,0.009987571023,1,0.05781543792,0.05781543792,-16.34785036,-16.34785036,1,-0.07164551801,-0.07164551801,3.476491185,3.476491185
2762,55277219,1,18.06195259,28.14738587,219.8009306,0,219.8114769,220.7483925,0.009987571023,1,0.05781543792,0.05781543792,-16.34785036,-16.34785036,1,-0.07164551801,-0.07164551801,3.476491185,3.476491185
2763,55297446,1,18.06195259,28.14738587,219.8009306,0,219.8114769,220.7483925,0.009987571023,1,0.05781543792,0.05781543792,-16.34785036,-16.34785036,1,-0.07164551801,-0.07164551801,3.476491185,3.476491185
2764,55317847,1,18.06195259,28.14738587,219.8009306,0,219.8114769,220.7483925,0.009987571023,1,0.05781543792,0.05781543792,-16.34785036,-16.34785036,1,-0.07164551801,-0.07164551801,3.476491185,3.476491185
2765,55340914,1,18.06195259,28.14738587,219.8009306,0,219.8114769,220.7483925,0.009987571023,1,0.05781543792,0.05781543792,-16.34785036,-16.34785036,1,-0.07164551801,-0.07164551801,3.476491185,3.476491185
2766,55358097,1,18.06195259,28.14738587,219.8009306,0,219.8114769,220.7483925,0.009987571023,1,0.05781543792,0.05781543792,-16.34785036,-16.34785036,1,-0.07164551801,-0.07164551801,3.476491185,3.476491185
2767,55377030,1,18.06195259,28.14738587,219.8009306,0,219.8114769,220.7483925,0.009987571023,1,0.05781543792,0.05781543792,-16.34785036,-16.34785036,1,-0.07164551801,-0.07164551801,3.476491185,3.476491185
2768,55397243,1,18.06195259,28.14738587,219.8009306,0,219.8114769,220.7483925,0.009987571023,1,0.05781543792,0.05781543792,-16.34785036,-16.34785036,1,-0.07164551801,-0.07164551801,3.476491185,3.476491185
2769,55417307,1,18.06195259,28.14738587,219.8009306,0,219.8114769,220.7483925,0.009987571023,1,0.05781543792,0.05781543792,-16.34785036,-16.34785036,1,-0.07164551801,-0.07164551801,3.476491185,3.476491185
2770,55440322,1,18.06195259,28.14738587,219.8009306,0,219.8114769,220.7483925,0.009987571023,1,0.05781543792,0.05781543792,-16.34785036,-16.34785036,1,-0.07164551801,-0.07164551801,3.476491185,3.476491185
2771,55456623,1,18.06195259,28.14738587,219.8009306,0,219.8114769,220.7483925,0.009987571023,1,0.05781543792,0.05781543792,-16.34785036,-16.34785036,1,-0.07164551801,-0.07164551801,3.476491185,3.476491185
2772,55477884,1,18.06195259,28.14738587,219.8009306,0,219.8114769,220.7483925,0.009987571023,1,0.05781543792,0.05781543792,-16.34785036,-16.34785036,1,-0.07164551801,-0.07164551801,3.476491185,3.476491185
2773,55497796,1,18.06195259,28.14738587,219.8009306,0,219.8114769,220.7483925,0.009987571023,1,0.05781543792,0.05781543792,-16.34785036,-16.34785036,1,-0.07164551801,-0.07164551801,3.476491185,3.476491185
2774,55516868,1,18.06195259,28.14738587,219.8009306,0,219.8114769,220.7483925,0.009987571023,1,0.05781543792,0.05781543792,-16.34785036,-16.34785036,1,-0.07164551801,-0.07164551801,3.476491185,3.476491185
2775,55540554,1,18.06195259,28.14738587,219.8009306,0,219.8114769,220.7483925,0.009987571023,1,0.05781543792,0.05781543792,-16.34785036,-16.34785036,1,-0.07164551801,-0.07164551801,3.476491185,3.476491185
2776,55557432,1,18.06195259,28.14738587,219.8009306,0,219.8114769,220.7483925,0.009987571023,1,0.05781543792,0.05781543792,-16.34785036,-16.34785036,1,-0.07164551801,-0.07164551801,3.476491185,3.476491185
2777,55577750,1,18.06195259,28.14738587,219.8009306,0,219.8114769,220.7483925,0.009987571023,1,0.05781543792,0.05781543792,-16.34785036,-16.34785036,1,-0.07164551801,-0.07164551801,3.476491185,3.476491185
2778,55596519,1,18.06195259,28.14738587,219.8009306,0,219.8114769,220.7483925,0.009987571023,1,0.05781543792,0.05781543792,-16.34785036,-16.34785036,1,-0.07164551801,-0.07164551801,3.476491185,3.476491185
2779,55619178,1,18.06195259,28.14738587,219.8009306,0,219.8114769,220.7483925,0.009987571023,1,0.05781543792,0.05781543792,-16.34785036,-16.34785036,1,-0.07164551801,-0.07164551801,3.476491185,3.476491185
2780,55640623,1,18.06195259,28.14738587,219.8009306,0,219.8114769,220.7483925,0.009987571023,1,0.05781543792,0.05781543792,-16.34785036,-16.34785036,1,-0.07164551801,-0.07164551801,3.476491185,3.476491185
2781,55657488,1,18.06195259,28.14738587,219.8009306,0,219.8114769,220.7483925,0.009987571023,1,0.05781543792,0.05781543792,-16.34785036,-16.34785036,1,-0.07164551801,-0.07164551801,3.476491185,3.476491185
2782,55677810,1,18.06195259,28.14738587,219.8009306,0,219.8114769,220.7483925,0.009987571023,1,0.05781543792,0.05781543792,-16.34785036,-16.34785036,1,-0.07164551801,-0.07164551801,3.476491185,3.476491185
2783,55697093,1,18.06195259,28.14738587,219.8009306,0,219.8114769,220.7483925,0.009987571023,1,0.05781543792,0.05781543792,-16.34785036,-16.34785036,1,-0.07164551801,-0.07164551801,3.476491185,3.476491185
2784,55717118,1,18.06195259,28.14738587,219.8009306,0,219.8114769,220.7483925,0.009987571023,1,0.05781543792,0.05781543792,-16.34785036,-16.34785036,1,-0.07164551801,-0.07164551801,3.476491185,3.476491185
2785,55740328,1,18.06195259,28.14738587,219.8009306,0,219.8114769,220.7483925,0.009987571023,1,0.05781543792,0.05781543792,-16.34785036,-16.34785036,1,-0.07164551801,-0.07164551801,3.476491185,3.476491185
2786,55756548,1,18.06195259,28.14738587,219.8009306,0,219.8114769,220.7483925,0.009987571023,1,0.05781543792,0.05781543792,-16.34785036,-16.34785036,1,-0.07164551801,-0.07164551801,3.476491185,3.476491185
2787,55777815,1,18.06195259,28.14738587,219.8009306,0,219.8114769,220.7483925,0.009987571023,1,0.05781543792,0.05781543792,-16.34785036,-16.34785036,1,-0.07164551801,-0.07164551801,3.476491185,3.476491185
2788,55797524,1,18.06195259,28.14738587,219.8009306,0,219.8114769,220.7483925,0.009987571023,1,0.05781543792,0.05781543792,-16.34785036,-16.34785036,1,-0.07164551801,-0.07164551801,3.476491185,3.476491185
2789,55820258,1,18.06195259,28.14738587,219.8009306,0,219.8114769,220.7483925,0.009987571023,1,0.05781543792,0.05781543792,-16.34785036,-16.34785036,1,-0.07164551801,-0.07164551801,3.476491185,3.476491185
2790,55840563,1,18.06195259,28.14738587,219.8009306,0,219.8114769,220.7483925,0.009987571023,1,0.05781543792,0.05781543792,-16.34785036,-16.34785036,1,-0.07164551801,-0.07164551801,3.476491185,3.476491185
2791,55857149,1,18.06210768,28.14738587,219.8009306,0,219.8114769,220.7483925,0.009987571023,1,0.05781543792,0.05781543792,-16.34785036,-16.34785036,1,-0.07164551801,-0.07164551801,3.476491185,3.476491185
2792,55877030,1,18.06210768,28.14738587,219.8009306,0,219.8114769,220.7483925,0.009987571023,1,0.05781543792,0.05781543792,-16.34785036,-16.34785036,1,-0.07164551801,-0.07164551801,3.476491185,3.476491185
2793,55897042,1,18.06210768,28.14738587,219.8009306,0,219.8114769,220.7483925,0.009987571023,1,0.05781543792,0.05781543792,-16.34785036,-16.34785036,1,-0.07164551801,-0.07164551801,3.476491185,3.476491185
2794,55918554,1,18.06210768,28.14738587,219.8009306,0,219.8114769,220.7483925,0.009987571023,1,0.05781543792,0.05781543792,-16.34785036,-16.34785036,1,-0.07164551801,-0.07164551801,3.476491185,3.476491185
2795,55939160,1,18.06210768,28.14738587,219.8009306,0,219.8114769,220.7483925,0.009987571023,1,0.05781543792,0.05781543792,-16.34785036,-16.34785036,1,-0.07164551801,-0.07164551801,3.476491185,3.476491185
2796,55957678,1,18.06210768,28.14738587,219.8009306,0,219.8114769,220.7483925,0.009987571023,1,0.05781543792,0.05781543792,-16.34785036,-16.34785036,1,-0.07164551801,-0.07164551801,3.476491185,3.476491185
2797,55976652,1,18.06210768,28.14738587,219.8009306,0,219.8114769,220.7483925,0.009987571023,1,0.05781543792,0.05781543792,-16.34785036,-16.34785036,1,-0.07164551801,-0.07164551801,3.476491185,3.476491185
2798,55997274,1,18.06210768,28.14738587,219.8009306,0,219.8114769,220.7483925,0.009987571023,1,0.05781543792,0.05781543792,-16.34785036,-16.34785036,1,-0.07164551801,-0.07164551801,3.476491185,3.476491185
2799,56016976,1,18.06210768,28.14738587,219.8009306,0,219.8114769,220.7483925,0.009987571023,1,0.05781543792,0.05781543792,-16.34785036,-16.34785036,1,-0.07164551801,-0.07164551801,3.476491185,3.476491185
2800,56040597,1,18.06210768,28.14738587,219.8009306,0,219.8114769,220.7483925,0.009987571023,1,0.05781543792,0.05781543792,-16.34785036,-16.34785036,1,-0.07164551801,-0.07164551801,3.476491185,3.476491185
2801,56056985,1,18.06210768,28.14738587,219.8009306,0,219.8114769,220.7483925,0.009987571023,1,0.05781543792,0.05781543792,-16.34785036,-16.34785036,1,-0.07164551801,-0.07164551801,3.476491185,3.476491185
2802,56076870,1,18.06210768,28.14738587,219.8009306,0,219.8114769,220.7483925,0.009987571023,1,0.05781543792,0.05781543792,-16.34785036,-16.34785036,1,-0.07164551801,-0.07164551801,3.476491185,3.476491185
2803,56096366,1,18.06210768,28.14738587,219.8009306,0,219.8114769,220.7483925,0.009987571023,1,0.05781543792,0.05781543792,-16.34785036,-16.34785036,1,-0.07164551801,-0.07164551801,3.476491185,3.476491185
2804,56117142,1,18.06210768,28.14738587,219.8009306,0,219.8114769,220.7483925,0.009987571023,1,0.05781543792,0.05781543792,-16.34785036,-16.34785036,1,-0.07164551801,-0.07164551801,3.476491185,3.476491185
2805,56140919,1,18.06210768,28.14738587,219.8009306,0,219.8114769,220.7483925,0.009987571023,1,0.05781543792,0.05781543792,-16.34785036,-16.34785036,1,-0.07164551801,-0.07164551801,3.476491185,3.476491185
2806,56157104,1,18.06210768,28.14738587,219.8009306,0,219.8114769,220.7483925,0.009987571023,1,0.05781543792,0.05781543792,-16.34785036,-16.34785036,1,-0.07164551801,-0.07164551801,3.476491185,3.476491185
2807,56178370,1,18.06210768,28.14738587,219.8009306,0,219.8114769,220.7483925,0.009987571023,1,0.05781543792,0.05781543792,-16.34785036,-16.34785036,1,-0.07164551801,-0.07164551801,3.476491185,3.476491185
2808,56197272,1,18.06210768,28.14738587,219.8009306,0,219.8114769,220.7483925,0.009987571023,1,0.05781543792,0.05781543792,-16.34785036,-16.34785036,1,-0.07164551801,-0.07164551801,3.476491185,3.476491185
2809,56217305,1,18.06210768,28.14738587,219.8009306,0,219.8114769,220.7483925,0.009987571023,1,0.05781543792,0.05781543792,-16.34785036,-16.34785036,1,-0.07164551801,-0.07164551801,3.476491185,3.476491185
2810,56238946,1,18.06210768,28.14738587,219.8009306,0,219.8114769,220.7483925,0.009987571023,1,0.05781543792,0.05781543792,-16.34785036,-16.34785036,1,-0.07164551801,-0.07164551801,3.476491185,3.476491185
2811,56257319,1,18.06210768,28.14738587,219.8009306,0,219.8114769,220.7483925,0.009987571023,1,0.05781543792,0.05781543792,-16.34785036,-16.34785036,1,-0.07164551801,-0.07164551801,3.476491185,3.476491185
2812,56279206,1,18.06210768,28.14738587,219.8009306,0,219.8114769,220.7483925,0.009987571023,1,0.05781543792,0.05781543792,-16.34785036,-16.34785036,1,-0.07164551801,-0.07164551801,3.476491185,3.476491185
2813,56297349,1,18.06210768,28.14738587,219.8009306,0,219.8114769,220.7483925,0.009987571023,1,0.05781543792,0.05781543792,-16.34785036,-16.34785036,1,-0.07164551801,-0.07164551801,3.476491185,3.476491185
2814,56316899,1,18.06210768,28.14738587,219.8009306,0,219.8114769,220.7483925,0.009987571023,1,0.05781543792,0.05781543792,-16.34785036,-16.34785036,1,-0.07164551801,-0.07164551801,3.476491185,3.476491185
2815,56339972,1,18.06210768,28.14738587,219.8009306,0,219.8114769,220.7483925,0.009987571023,1,0.05781543792,0.05781543792,-16.34785036,-16.34785036,1,-0.07164551801,-0.07164551801,3.476491185,3.476491185
2816,56356862,1,18.06210768,28.14738587,219.8009306,0,219.8114769,220.7483925,0.009987571023,1,0.05781543792,0.05781543792,-16.34785036,-16.34785036,1,-0.07164551801,-0.07164551801,3.476491185,3.476491185
2817,56379951,1,18.06210768,28.14738587,219.8009306,0,219.8114769,220.7483925,0.009987571023,1,0.05781543792,0.05781543792,-16.34785036,-16.34785036,1,-0.07164551801,-0.07164551801,3.476491185,3.476491185
2818,56396855,1,18.06210768,28.14738587,219.8009306,0,219.8114769,220.7483925,0.009987571023,1,0.05781543792,0.05781543792,-16.34785036,-16.34785036,1,-0.07164551801,-0.07164551801,3.476491185,3.476491185
2819,56417184,1,18.06210768,28.14738587,219.8009306,0,219.8114769,220.7483925,0.009987571023,1,0.05781543792,0.05781543792,-16.34785036,-16.34785036,1,-0.07164551801,-0.07164551801,3.476491185,3.476491185
2820,56440201,1,18.06210768,28.14738587,219.8009306,0,219.8114769,220.7483925,0.009987571023,1,0.05781543792,0.05781543792,-16.34785036,-16.34785036,1,-0.07164551801,-0.07164551801,3.476491185,3.476491185
2821,56456742,1,18.06210768,28.14738587,219.8009306,0,219.8114769,220.7483925,0.009987571023,1,0.05781543792,0.05781543792,-16.34785036,-16.34785036,1,-0.07164551801,-0.07164551801,3.476491185,3.476491185
2822,56477245,1,18.06210768,28.14738587,219.8009306,0,219.8114769,220.7483925,0.009987571023,1,0.05781543792,0.05781543792,-16.34785036,-16.34785036,1,-0.07164551801,-0.07164551801,3.476491185,3.476491185
2823,56496759,1,18.06210768,28.14738587,219.8009306,0,219.8114769,220.7483925,0.009987571023,1,0.05781543792,0.05781543792,-16.34785036,-16.34785036,1,-0.07164551801,-0.07164551801,3.476491185,3.476491185
2824,56516530,1,18.06210768,28.14738587,219.8009306,0,219.8114769,220.7483925,0.009987571023,1,0.05781543792,0.05781543792,-16.34785036,-16.34785036,1,-0.07164551801,-0.07164551801,3.476491185,3.476491185
2825,56540609,1,18.06210768,28.14738587,219.8009306,0,219.8114769,220.7483925,0.009987571023,1,0.05781543792,0.05781543792,-16.34785036,-16.34785036,1,-0.07164551801,-0.07164551801,3.476491185,3.476491185
2826,56557198,1,18.06210768,28.14738587,219.8009306,0,219.8114769,220.7483925,0.009987571023,1,0.05781543792,0.05781543792,-16.34785036,-16.34785036,1,-0.07164551801,-0.07164551801,3.476491185,3.476491185
2827,56576973,1,18.06210768,28.14738587,219.8009306,0,219.8114769,220.7483925,0.009987571023,1,0.05781543792,0.05781543792,-16.34785036,-16.34785036,1,-0.07164551801,-0.07164551801,3.476491185,3.476491185
2828,56596681,1,18.06210768,28.14738587,219.8009306,0,219.8114769,220.7483925,0.009987571023,1,0.05781543792,0.05781543792,-16.34785036,-16.34785036,1,-0.07164551801,-0.07164551801,3.476491185,3.476491185
2829,56616569,1,18.06210768,28.14738587,219.8009306,0,219.8114769,220.7483925,0.009987571023,1,0.05781543792,0.05781543792,-16.34785036,-16.34785036,1,-0.07164551801,-0.07164551801,3.476491185,3.476491185
2830,56641734,1,18.06210768,28.14738587,219.8009306,0,219.8114769,220.7483925,0.009987571023,1,0.05781543792,0.05781543792,-16.34785036,-16.34785036,1,-0.07164551801,-0.07164551801,3.476491185,3.476491185
2831,56657163,1,18.06210768,28.14738587,219.8009306,0,219.8114769,220.7483925,0.009987571023,1,0.05781543792,0.05781543792,-16.34785036,-16.34785036,1,-0.07164551801,-0.07164551801,3.476491185,3.476491185
2832,56677220,1,18.06210768,28.14738587,219.8009306,0,219.8114769,220.7483925,0.009987571023,1,0.05781543792,0.05781543792,-16.34785036,-16.34785036,1,-0.07164551801,-0.07164551801,3.476491185,3.476491185
2833,56697464,1,18.06210768,28.14738587,219.8009306,0,219.8114769,220.7483925,0.009987571023,1,0.05781543792,0.05781543792,-16.34785036,-16.34785036,1,-0.07164551801,-0.07164551801,3.476491185,3.476491185
2834,56716618,1,18.06210768,28.14738587,219.8009306,0,219.8114769,220.7483925,0.009987571023,1,0.05781543792,0.05781543792,-16.34785036,-16.34785036,1,-0.07164551801,-0.07164551801,3.476491185,3.476491185
2835,56742226,1,18.06210768,28.14738587,219.8009306,0,219.8114769,220.7483925,0.009987571023,1,0.05781543792,0.05781543792,-16.34785036,-16.34785036,1,-0.07164551801,-0.07164551801,3.476491185,3.476491185
2836,56756796,1,18.06210768,28.14738587,219.8009306,0,219.8114769,220.7483925,0.009987571023,1,0.05781543792,0.05781543792,-16.34785036,-16.34785036,1,-0.07164551801,-0.07164551801,3.476491185,3.476491185
2837,56776929,1,18.06210768,28.14738587,219.8009306,0,219.8114769,220.7483925,0.009987571023,1,0.05781543792,0.05781543792,-16.34785036,-16.34785036,1,-0.07164551801,-0.07164551801,3.476491185,3.476491185
2838,56797161,1,18.06210768,28.14738587,219.8009306,0,219.8114769,220.7483925,0.009987571023,1,0.05781543792,0.05781543792,-16.34785036,-16.34785036,1,-0.07164551801,-0.07164551801,3.476491185,3.476491185
2839,56816604,1,18.06210768,28.14738587,219.8009306,0,219.8114769,220.7483925,0.009987571023,1,0.05781543792,0.05781543792,-16.34785036,-16.34785036,1,-0.07164551801,-0.07164551801,3.476491185,3.476491185
2840,56841357,1,18.06210768,28.14738587,219.8009306,0,219.8114769,220.7483925,0.009987571023,1,0.05781543792,0.05781543792,-16.34785036,-16.34785036,1,-0.07164551801,-0.07164551801,3.476491185,3.476491185
2841,56856665,1,18.06210768,28.14738587,219.8009306,0,219.8114769,220.7483925,0.009987571023,1,0.05781543792,0.05781543792,-16.34785036,-16.34785036,1,-0.07164551801,-0.07164551801,3.476491185,3.476491185
2842,56877355,1,18.06210768,28.14738587,219.8009306,0,219.8114769,220.7483925,0.009987571023,1,0.05781543792,0.05781543792,-16.34785036,-16.34785036,1,-0.07164551801,-0.07164551801,3.476491185,3.476491185
2843,56897547,1,18.06210768,28.14738587,219.8009306,0,219.8114769,220.7483925,0.009987571023,1,0.05781543792,0.05781543792,-16.34785036,-16.34785036,1,-0.07164551801,-0.07164551801,3.476491185,3.476491185
2844,56917316,1,18.06210768,28.14738587,219.8009306,0,219.8114769,220.7483925,0.009987571023,1,0.05781543792,0.05781543792,-16.34785036,-16.34785036,1,-0.07164551801,-0.07164551801,3.476491185,3.476491185
2845,56939945,1,18.06210768,28.14738587,219.8009306,0,219.8114769,220.7483925,0.009987571023,1,0.05781543792,0.05781543792,-16.34785036,-16.34785036,1,-0.07164551801,-0.07164551801,3.476491185,3.476491185
2846,56957075,1,18.06210768,28.14738587,219.8009306,0,219.8114769,220.7483925,0.009987571023,1,0.05781543792,0.05781543792,-16.34785036,-16.34785036,1,-0.07164551801,-0.07164551801,3.476491185,3.476491185
2847,56977565,1,18.06210768,28.14738587,219.8009306,0,219.8114769,220.7483925,0.009987571023,1,0.05781543792,0.05781543792,-16.34785036,-16.34785036,1,-0.07164551801,-0.07164551801,3.476491185,3.476491185
2848,56998033,1,18.06210768,28.14738587,219.8009306,0,219.8114769,220.7483925,0.009987571023,1,0.05781543792,0.05781543792,-16.34785036,-16.34785036,1,-0.07164551801,-0.07164551801,3.476491185,3.476491185
2849,57016918,1,18.06210768,28.14738587,219.8009306,0,219.8114769,220.7483925,0.009987571023,1,0.05781543792,0.05781543792,-16.34785036,-16.34785036,1,-0.07164551801,-0.07164551801,3.476491185,3.476491185
2850,57040493,1,18.06210768,28.14738587,219.8009306,0,219.8114769,220.7483925,0.009987571023,1,0.05781543792,0.05781543792,-16.34785036,-16.34785036,1,-0.07164551801,-0.07164551801,3.476491185,3.476491185
2851,57057301,1,18.06210768,28.14738587,219.8009306,0,219.8114769,220.7483925,0.009987571023,1,0.05781543792,0.05781543792,-16.34785036,-16.34785036,1,-0.07164551801,-0.07164551801,3.476491185,3.476491185
2852,57077566,1,18.06210768,28.14738587,219.8009306,0,219.8114769,220.7483925,0.009987571023,1,0.05781543792,0.05781543792,-16.34785036,-16.34785036,1,-0.07164551801,-0.07164551801,3.476491185,3.476491185
2853,57096547,1,18.06210768,28.14738587,219.8009306,0,219.8114769,220.7483925,0.009987571023,1,0.05781543792,0.05781543792,-16.34785036,-16.34785036,1,-0.07164551801,-0.07164551801,3.476491185,3.476491185
2854,57116936,1,18.06210768,28.14738587,219.8009306,0,219.8114769,220.7483925,0.009987571023,1,0.05781543792,0.05781543792,-16.34785036,-16.34785036,1,-0.07164551801,-0.07164551801,3.476491185,3.476491185
2855,57138973,1,18.06210768,28.14738587,219.8009306,0,219.8114769,220.7483925,0.009987571023,1,0.05781543792,0.05781543792,-16.34785036,-16.34785036,1,-0.07164551801,-0.07164551801,3.476491185,3.476491185
2856,57157111,1,18.06210768,28.14738587,219.8009306,0,219.8114769,220.7483925,0.009987571023,1,0.05781543792,0.05781543792,-16.34785036,-16.34785036,1,-0.07164551801,-0.07164551801,3.476491185,3.476491185
2857,57177761,1,18.06210768,28.14738587,219.8009306,0,219.8114769,220.7483925,0.009987571023,1,0.05781543792,0.05781543792,-16.34785036,-16.34785036,1,-0.07164551801,-0.07164551801,3.476491185,3.476491185
2858,57197266,1,18.06210768,28.14738587,219.8009306,0,219.8114769,220.7483925,0.009987571023,1,0.05781543792,0.05781543792,-16.34785036,-16.34785036,1,-0.07164551801,-0.07164551801,3.476491185,3.476491185
2859,57217612,1,18.06210768,28.14738587,219.8009306,0,219.8114769,220.7483925,0.009987571023,1,0.05781543792,0.05781543792,-16.34785036,-16.34785036,1,-0.07164551801,-0.07164551801,3.476491185,3.476491185
2860,57240401,1,18.06210768,28.14738587,219.8009306,0,219.8114769,220.7483925,0.009987571023,1,0.05781543792,0.05781543792,-16.34785036,-16.34785036,1,-0.07164551801,-0.07164551801,3.476491185,3.476491185
2861,57259254,1,18.06210768,28.14738587,219.8009306,0,219.8114769,220.7482374,0.009987571023,1,0.05781543792,0.05781543792,-16.34785036,-16.34785036,1,-0.07164551801,-0.07164551801,3.476491185,3.476491185
2862,57277758,1,18.06210768,28.14738587,219.8009306,0,219.8114769,220.7482374,0.009987571023,1,0.05781543792,0.05781543792,-16.34785036,-16.34785036,1,-0.07164551801,-0.07164551801,3.476491185,3.476491185
2863,57301076,1,18.06210768,28.14738587,219.8009306,0,219.8114769,220.7482374,0.009987571023,1,0.05781543792,0.05781543792,-16.34785036,-16.34785036,1,-0.07164551801,-0.07164551801,3.476491185,3.476491185
2864,57317203,1,18.06210768,28.14738587,219.8009306,0,219.8114769,220.7482374,0.009987571023,1,0.05781543792,0.05781543792,-16.34785036,-16.34785036,1,-0.07164551801,-0.07164551801,3.476491185,3.476491185
2865,57340243,1,18.06210768,28.14738587,219.8009306,0,219.8114769,220.7482374,0.009987571023,1,0.05781543792,0.05781543792,-16.34785036,-16.34785036,1,-0.07164551801,-0.07164551801,3.476491185,3.476491185
2866,57356595,1,18.06210768,28.14738587,219.8009306,0,219.8114769,220.7482374,0.009987571023,1,0.05781543792,0.05781543792,-16.34785036,-16.34785036,1,-0.07164551801,-0.07164551801,3.476491185,3.476491185
2867,57376833,1,18.06210768,28.14738587,219.8009306,0,219.8114769,220.7482374,0.009987571023,1,0.05781543792,0.05781543792,-16.34785036,-16.34785036,1,-0.07164551801,-0.07164551801,3.476491185,3.476491185
2868,57396876,1,18.06210768,28.14738587,219.8009306,0,219.8114769,220.7482374,0.009987571023,1,0.05781543792,0.05781543792,-16.34785036,-16.34785036,1,-0.07164551801,-0.07164551801,3.476491185,3.476491185
2869,57416799,1,18.06210768,28.14738587,219.8009306,0,219.8114769,220.7482374,0.009987571023,1,0.05781543792,0.05781543792,-16.34785036,-16.34785036,1,-0.07164551801,-0.07164551801,3.476491185,3.476491185
2870,57439753,1,18.06210768,28.14738587,219.8009306,0,219.8114769,220.7482374,0.009987571023,1,0.05781543792,0.05781543792,-16.34785036,-16.34785036,1,-0.07164551801,-0.07164551801,3.476491185,3.476491185
2871,57456455,1,18.06210768,28.14738587,219.8009306,0,219.8114769,220.7482374,0.009987571023,1,0.05781543792,0.05781543792,-16.34785036,-16.34785036,1,-0.07164551801,-0.07164551801,3.476491185,3.476491185
2872,57477297,1,18.06210768,28.14738587,219.8009306,0,219.8114769,220.7482374,0.009987571023,1,0.05781543792,0.05781543792,-16.34785036,-16.34785036,1,-0.07164551801,-0.07164551801,3.476491185,3.476491185
2873,57497111,1,18.06210768,28.14738587,219.8009306,0,219.8114769,220.7482374,0.009987571023,1,0.05781543792,0.05781543792,-16.34785036,-16.34785036,1,-0.07164551801,-0.07164551801,3.476491185,3.476491185
2874,57517115,1,18.06210768,28.14738587,219.8009306,0,219.8114769,220.7482374,0.009987571023,1,0.05781543792,0.05781543792,-16.34785036,-16.34785036,1,-0.07164551801,-0.07164551801,3.476491185,3.476491185
2875,57538746,1,18.06210768,28.14738587,219.8009306,0,219.8114769,220.7482374,0.009987571023,1,0.05781543792,0.05781543792,-16.34785036,-16.34785036,1,-0.07164551801,-0.07164551801,3.476491185,3.476491185
2876,57556885,1,18.06210768,28.14738587,219.8009306,0,219.8114769,220.7482374,0.009987571023,1,0.05781543792,0.05781543792,-16.34785036,-16.34785036,1,-0.07164551801,-0.07164551801,3.476491185,3.476491185
2877,57576796,1,18.06210768,28.14738587,219.8009306,0,219.8114769,220.7482374,0.009987571023,1,0.05781543792,0.05781543792,-16.34785036,-16.34785036,1,-0.07164551801,-0.07164551801,3.476491185,3.476491185
2878,57596845,1,18.06210768,28.14738587,219.8009306,0,219.8114769,220.7482374,0.009987571023,1,0.05781543792,0.05781543792,-16.34785036,-16.34785036,1,-0.07164551801,-0.07164551801,3.476491185,3.476491185
2879,57616791,1,18.06210768,28.14738587,219.8009306,0,219.8114769,220.7482374,0.009987571023,1,0.05781543792,0.05781543792,-16.34785036,-16.34785036,1,-0.07164551801,-0.07164551801,3.476491185,3.476491185
2880,57639302,1,18.06210768,28.14738587,219.8009306,0,219.8114769,220.7482374,0.009987571023,1,0.05781543792,0.05781543792,-16.34785036,-16.34785036,1,-0.07164551801,-0.07164551801,3.476491185,3.476491185
2881,57657098,1,18.06210768,28.14738587,219.8009306,0,219.8114769,220.7482374,0.009987571023,1,0.05781543792,0.05781543792,-16.34785036,-16.34785036,1,-0.07164551801,-0.07164551801,3.476491185,3.476491185
2882,57676783,1,18.06210768,28.14738587,219.8009306,0,219.8114769,220.7482374,0.009987571023,1,0.05781543792,0.05781543792,-16.34785036,-16.34785036,1,-0.07164551801,-0.07164551801,3.476491185,3.476491185
2883,57696191,1,18.06210768,28.14738587,219.8009306,0,219.8114769,220.7482374,0.009987571023,1,0.05781543792,0.05781543792,-16.34785036,-16.34785036,1,-0.07164551801,-0.07164551801,3.476491185,3.476491185
2884,57717125,1,18.06210768,28.14738587,219.8009306,0,219.8114769,220.7482374,0.009987571023,1,0.05781543792,0.05781543792,-16.34785036,-16.34785036,1,-0.07164551801,-0.07164551801,3.476491185,3.476491185
2885,57743419,1,18.06210768,28.14738587,219.8009306,0,219.8114769,220.7482374,0.009987571023,1,0.05781543792,0.05781543792,-16.34785036,-16.34785036,1,-0.07164551801,-0.07164551801,3.476491185,3.476491185
2886,57759699,1,18.06210768,28.14738587,219.8009306,0,219.8114769,220.7482374,0.009987571023,1,0.05781543792,0.05781543792,-16.34785036,-16.34785036,1,-0.07164551801,-0.07164551801,3.476491185,3.476491185
2887,57777227,1,18.06210768,28.14738587,219.8009306,0,219.8114769,220.7482374,0.009987571023,1,0.05781543792,0.05781543792,-16.34785036,-16.34785036,1,-0.07164551801,-0.07164551801,3.476491185,3.476491185
2888,57796907,1,18.06210768,28.14738587,219.8009306,0,219.8114769,220.7482374,0.009987571023,1,0.05781543792,0.05781543792,-16.34785036,-16.34785036,1,-0.07164551801,-0.07164551801,3.476491185,3.476491185
2889,57816103,1,18.06210768,28.14738587,219.8009306,0,219.8114769,220.7482374,0.009987571023,1,0.05781543792,0.05781543792,-16.34785036,-16.34785036,1,-0.07164551801,-0.07164551801,3.476491185,3.476491185
2890,57839109,1,18.06210768,28.14738587,219.8009306,0,219.8114769,220.7482374,0.009987571023,1,0.05781543792,0.05781543792,-16.34785036,-16.34785036,1,-0.07164551801,-0.07164551801,3.476491185,3.476491185
2891,57856087,1,18.06210768,28.14738587,219.8009306,0,219.8114769,220.7482374,0.009987571023,1,0.05781543792,0.05781543792,-16.34785036,-16.34785036,1,-0.07164551801,-0.07164551801,3.476491185,3.476491185
2892,57876879,1,18.06210768,28.14738587,219.8009306,0,219.8114769,220.7482374,0.009987571023,1,0.05781543792,0.05781543792,-16.34785036,-16.34785036,1,-0.07164551801,-0.07164551801,3.476491185,3.476491185
2893,57896971,1,18.06210768,28.14738587,219.8009306,0,219.8114769,220.7482374,0.009987571023,1,0.05781543792,0.05781543792,-16.34785036,-16.34785036,1,-0.07164551801,-0.07164551801,3.476491185,3.476491185
2894,57917195,1,18.06210768,28.14738587,219.8009306,0,219.8114769,220.7482374,0.009987571023,1,0.05781543792,0.05781543792,-16.34785036,-16.34785036,1,-0.07164551801,-0.07164551801,3.476491185,3.476491185
2895,57938148,1,18.06210768,28.14738587,219.8009306,0,219.8114769,220.7482374,0.009987571023,1,0.05781543792,0.05781543792,-16.34785036,-16.34785036,1,-0.07164551801,-0.07164551801,3.476491185,3.476491185
2896,57958141,1,18.06210768,28.14738587,219.8009306,0,219.8114769,220.7482374,0.009987571023,1,0.05781543792,0.05781543792,-16.34785036,-16.34785036,1,-0.07164551801,-0.07164551801,3.476491185,3.476491185
2897,57977974,1,18.06210768,28.14738587,219.8009306,0,219.8114769,220.7482374,0.009987571023,1,0.05781543792,0.05781543792,-16.34785036,-16.34785036,1,-0.07164551801,-0.07164551801,3.476491185,3.476491185
